"n","metodo","replicacao","beta_1"
100,"Duas etapas",1,1.35953857649595
100,"Duas etapas",2,1.37258057357975
100,"Duas etapas",3,2.09360964894971
100,"Duas etapas",4,0.988933146386692
100,"Duas etapas",5,1.62828426454693
100,"Duas etapas",6,2.46207782816744
100,"Duas etapas",7,1.91916133072103
100,"Duas etapas",8,1.85413681828914
100,"Duas etapas",9,1.18204948909812
100,"Duas etapas",10,1.63155545805871
100,"Duas etapas",11,1.36683686334818
100,"Duas etapas",12,1.95303947243169
100,"Duas etapas",13,1.60765567533723
100,"Duas etapas",14,1.39778839199428
100,"Duas etapas",15,1.74635641662818
100,"Duas etapas",16,1.43360538398848
100,"Duas etapas",17,2.17092324359934
100,"Duas etapas",18,1.9537681036918
100,"Duas etapas",19,1.29619355206308
100,"Duas etapas",20,1.49809335224504
100,"Duas etapas",21,1.49853360054827
100,"Duas etapas",22,1.45366973860219
100,"Duas etapas",23,1.78108016148926
100,"Duas etapas",24,1.64859010078947
100,"Duas etapas",25,2.37984673884978
100,"Duas etapas",26,1.22055746326078
100,"Duas etapas",27,1.02972423149636
100,"Duas etapas",28,1.23723472297109
100,"Duas etapas",29,1.71821677911787
100,"Duas etapas",30,2.30278079170796
100,"Duas etapas",31,1.32053525137559
100,"Duas etapas",32,1.3057835669801
100,"Duas etapas",33,1.60253543587532
100,"Duas etapas",34,1.76809707017427
100,"Duas etapas",35,0.864593041893605
100,"Duas etapas",36,2.17581306917127
100,"Duas etapas",37,1.55046611242745
100,"Duas etapas",38,1.45882380931126
100,"Duas etapas",39,1.75973870113785
100,"Duas etapas",40,1.26348605188011
100,"Duas etapas",41,1.72810624491357
100,"Duas etapas",42,1.21204014606725
100,"Duas etapas",43,1.53771852695187
100,"Duas etapas",44,1.40838136447797
100,"Duas etapas",45,1.85385730710911
100,"Duas etapas",46,1.47504489857515
100,"Duas etapas",47,1.8317296481534
100,"Duas etapas",48,1.49874574216639
100,"Duas etapas",49,1.18181117607845
100,"Duas etapas",50,1.55857953221071
100,"Duas etapas",51,1.92104332284629
100,"Duas etapas",52,2.10909216085755
100,"Duas etapas",53,1.13934965338305
100,"Duas etapas",54,1.51861843661109
100,"Duas etapas",55,1.50580379297874
100,"Duas etapas",56,1.86392714746475
100,"Duas etapas",57,1.57809121764857
100,"Duas etapas",58,1.12822940410272
100,"Duas etapas",59,1.2317378490767
100,"Duas etapas",60,1.53389112819779
100,"Duas etapas",61,1.17397930434957
100,"Duas etapas",62,1.21323410533979
100,"Duas etapas",63,1.45323661699506
100,"Duas etapas",64,1.15184929791147
100,"Duas etapas",65,1.33350085607024
100,"Duas etapas",66,1.80650938477601
100,"Duas etapas",67,2.11278691518818
100,"Duas etapas",68,1.71134063954992
100,"Duas etapas",69,1.20771855142052
100,"Duas etapas",70,1.91295985663751
100,"Duas etapas",71,2.15321963230279
100,"Duas etapas",72,1.42120017115187
100,"Duas etapas",73,1.43963603484789
100,"Duas etapas",74,1.61241533605137
100,"Duas etapas",75,2.89825715910945
100,"Duas etapas",76,1.49390902648063
100,"Duas etapas",77,1.67180698966198
100,"Duas etapas",78,1.72251042339378
100,"Duas etapas",79,1.35899828384568
100,"Duas etapas",80,1.42621109443728
100,"Duas etapas",81,1.45318941558952
100,"Duas etapas",82,1.43545999683656
100,"Duas etapas",83,1.7911568356978
100,"Duas etapas",84,1.61442253474039
100,"Duas etapas",85,1.54857387940746
100,"Duas etapas",86,1.50009060867791
100,"Duas etapas",87,1.32698467136146
100,"Duas etapas",88,1.28881874898664
100,"Duas etapas",89,1.2702865881991
100,"Duas etapas",90,1.70373793454315
100,"Duas etapas",91,1.56514402857743
100,"Duas etapas",92,1.70997127393661
100,"Duas etapas",93,1.83374361637714
100,"Duas etapas",94,1.62920836383463
100,"Duas etapas",95,1.19730844736581
100,"Duas etapas",96,1.75036047534995
100,"Duas etapas",97,1.16310028795739
100,"Duas etapas",98,2.26741254630272
100,"Duas etapas",99,1.11055201413234
100,"Duas etapas",100,2.00945223365395
100,"Duas etapas",101,2.25539170553319
100,"Duas etapas",102,1.22919694768345
100,"Duas etapas",103,2.17052110179614
100,"Duas etapas",104,1.87417249247826
100,"Duas etapas",105,1.53979359122701
100,"Duas etapas",106,1.40928745416547
100,"Duas etapas",107,1.67017228671378
100,"Duas etapas",108,1.59213707075183
100,"Duas etapas",109,1.48869148638901
100,"Duas etapas",110,1.89617472103204
100,"Duas etapas",111,2.01751991448388
100,"Duas etapas",112,1.66684941609328
100,"Duas etapas",113,1.35180959180491
100,"Duas etapas",114,1.82398921039417
100,"Duas etapas",115,1.24564460428905
100,"Duas etapas",116,1.09328244520235
100,"Duas etapas",117,1.80210846236747
100,"Duas etapas",118,1.01782522234645
100,"Duas etapas",119,1.3913645138557
100,"Duas etapas",120,1.47153283636465
100,"Duas etapas",121,0.999464401887613
100,"Duas etapas",122,1.94284084686119
100,"Duas etapas",123,1.12563113941744
100,"Duas etapas",124,1.54198434153089
100,"Duas etapas",125,1.51397231727352
100,"Duas etapas",126,1.90494993352654
100,"Duas etapas",127,1.24477178266214
100,"Duas etapas",128,1.2724905085387
100,"Duas etapas",129,1.92459490317947
100,"Duas etapas",130,1.75021093747179
100,"Duas etapas",131,1.3540195833073
100,"Duas etapas",132,1.53338055612415
100,"Duas etapas",133,1.41380489701901
100,"Duas etapas",134,2.30959391324531
100,"Duas etapas",135,1.94993276892164
100,"Duas etapas",136,1.111549931215
100,"Duas etapas",137,1.48907742162186
100,"Duas etapas",138,1.1490243409075
100,"Duas etapas",139,1.21883253717472
100,"Duas etapas",140,1.78018563330791
100,"Duas etapas",141,1.11275016754311
100,"Duas etapas",142,1.97640807562688
100,"Duas etapas",143,1.30646244174842
100,"Duas etapas",144,1.28357774603891
100,"Duas etapas",145,1.03267234425348
100,"Duas etapas",146,1.6156032696005
100,"Duas etapas",147,1.11731870405705
100,"Duas etapas",148,0.969771402639163
100,"Duas etapas",149,1.67778124143807
100,"Duas etapas",150,2.10041134649837
100,"Duas etapas",151,1.61295152699259
100,"Duas etapas",152,1.69215824689755
100,"Duas etapas",153,1.73824860030711
100,"Duas etapas",154,2.02351377976508
100,"Duas etapas",155,1.77835573703185
100,"Duas etapas",156,1.27842853435348
100,"Duas etapas",157,1.11734608134646
100,"Duas etapas",158,1.69191846055135
100,"Duas etapas",159,1.48287594385328
100,"Duas etapas",160,1.40005046609122
100,"Duas etapas",161,1.96874496794875
100,"Duas etapas",162,1.2909577585389
100,"Duas etapas",163,1.13430220128244
100,"Duas etapas",164,1.36639781769161
100,"Duas etapas",165,2.12841456650645
100,"Duas etapas",166,1.55384299148748
100,"Duas etapas",167,1.2378988362899
100,"Duas etapas",168,1.55488453313123
100,"Duas etapas",169,1.91605105406926
100,"Duas etapas",170,1.34275380224656
100,"Duas etapas",171,1.33121285269413
100,"Duas etapas",172,2.17213086417378
100,"Duas etapas",173,1.68701060241437
100,"Duas etapas",174,0.970449157738921
100,"Duas etapas",175,1.17429202044148
100,"Duas etapas",176,1.77723228292837
100,"Duas etapas",177,1.13065142275082
100,"Duas etapas",178,1.40257227730067
100,"Duas etapas",179,1.84646190334968
100,"Duas etapas",180,1.49821228225622
100,"Duas etapas",181,1.13992678184208
100,"Duas etapas",182,1.70799787274131
100,"Duas etapas",183,1.39687994710645
100,"Duas etapas",184,1.47077606364763
100,"Duas etapas",185,1.90379491770816
100,"Duas etapas",186,1.52212614645692
100,"Duas etapas",187,1.38717980581232
100,"Duas etapas",188,1.71174672081922
100,"Duas etapas",189,1.49559112508618
100,"Duas etapas",190,1.41904064559364
100,"Duas etapas",191,2.54132169992841
100,"Duas etapas",192,1.138461975263
100,"Duas etapas",193,1.35237395752097
100,"Duas etapas",194,1.59951854056669
100,"Duas etapas",195,1.80100745461656
100,"Duas etapas",196,1.75939699437085
100,"Duas etapas",197,1.57403878515029
100,"Duas etapas",198,2.32398929803733
100,"Duas etapas",199,1.13176511620159
100,"Duas etapas",200,1.42249896550308
100,"Duas etapas",201,1.27110532024134
100,"Duas etapas",202,1.15411009484103
100,"Duas etapas",203,1.66825881316279
100,"Duas etapas",204,1.29031740702118
100,"Duas etapas",205,2.09516740589441
100,"Duas etapas",206,1.81089134527521
100,"Duas etapas",207,1.76912669497571
100,"Duas etapas",208,1.6311593486793
100,"Duas etapas",209,1.5067396054939
100,"Duas etapas",210,1.73629113197575
100,"Duas etapas",211,1.21251286948165
100,"Duas etapas",212,1.13761442722851
100,"Duas etapas",213,1.77413505917966
100,"Duas etapas",214,1.38230149331043
100,"Duas etapas",215,1.66983411988363
100,"Duas etapas",216,1.35091583404304
100,"Duas etapas",217,1.26735632722284
100,"Duas etapas",218,1.66643639502779
100,"Duas etapas",219,1.94966238950821
100,"Duas etapas",220,1.57639664506973
100,"Duas etapas",221,1.41624979270157
100,"Duas etapas",222,1.24715729608071
100,"Duas etapas",223,1.60585419696864
100,"Duas etapas",224,1.33876378019637
100,"Duas etapas",225,1.78261159404644
100,"Duas etapas",226,1.26097010921081
100,"Duas etapas",227,2.24956468773644
100,"Duas etapas",228,1.49003285178569
100,"Duas etapas",229,2.18694433935865
100,"Duas etapas",230,1.26057501211223
100,"Duas etapas",231,1.43056101204851
100,"Duas etapas",232,1.59669993828371
100,"Duas etapas",233,1.21362206549504
100,"Duas etapas",234,1.78298504700567
100,"Duas etapas",235,1.54934494128289
100,"Duas etapas",236,1.6779257203374
100,"Duas etapas",237,1.85190021560335
100,"Duas etapas",238,1.41814765947826
100,"Duas etapas",239,1.254305508784
100,"Duas etapas",240,1.59023621263786
100,"Duas etapas",241,1.31461989717166
100,"Duas etapas",242,1.61574426095844
100,"Duas etapas",243,1.89396467486556
100,"Duas etapas",244,1.45040890916076
100,"Duas etapas",245,0.927531095597336
100,"Duas etapas",246,1.7190408175846
100,"Duas etapas",247,1.87755685511072
100,"Duas etapas",248,1.31852817111428
100,"Duas etapas",249,1.76718112910361
100,"Duas etapas",250,1.33632950263447
100,"Duas etapas",251,1.43183266107524
100,"Duas etapas",252,1.29170989755317
100,"Duas etapas",253,1.54994616602473
100,"Duas etapas",254,2.98733754286459
100,"Duas etapas",255,1.72114303735491
100,"Duas etapas",256,1.88104143778125
100,"Duas etapas",257,2.01545957598128
100,"Duas etapas",258,1.88943537486441
100,"Duas etapas",259,2.35799228031862
100,"Duas etapas",260,2.59986571737071
100,"Duas etapas",261,1.51415435884127
100,"Duas etapas",262,1.49140127261386
100,"Duas etapas",263,1.3423420521332
100,"Duas etapas",264,1.18241969303135
100,"Duas etapas",265,1.70791743455119
100,"Duas etapas",266,1.83963930941205
100,"Duas etapas",267,1.77014277281855
100,"Duas etapas",268,1.3212603273825
100,"Duas etapas",269,1.46379580617007
100,"Duas etapas",270,1.86955167399708
100,"Duas etapas",271,1.55956468983801
100,"Duas etapas",272,1.48507111057353
100,"Duas etapas",273,1.5606412498105
100,"Duas etapas",274,1.378580183658
100,"Duas etapas",275,1.15361128167607
100,"Duas etapas",276,2.03960097418949
100,"Duas etapas",277,1.22402723127122
100,"Duas etapas",278,1.19918471507549
100,"Duas etapas",279,1.50611383075462
100,"Duas etapas",280,2.06536904400637
100,"Duas etapas",281,1.65694764519459
100,"Duas etapas",282,2.02236380699044
100,"Duas etapas",283,0.976323864053557
100,"Duas etapas",284,1.29678849128779
100,"Duas etapas",285,1.32270689808514
100,"Duas etapas",286,1.67779373877735
100,"Duas etapas",287,1.16648272935808
100,"Duas etapas",288,1.90985632075615
100,"Duas etapas",289,1.05463068730433
100,"Duas etapas",290,1.74745871417357
100,"Duas etapas",291,1.4276043222779
100,"Duas etapas",292,1.76572441591901
100,"Duas etapas",293,1.37730617453756
100,"Duas etapas",294,1.9590480241752
100,"Duas etapas",295,1.9463667248723
100,"Duas etapas",296,2.30304892914672
100,"Duas etapas",297,1.98056713884596
100,"Duas etapas",298,2.1630785279762
100,"Duas etapas",299,1.18070354931635
100,"Duas etapas",300,1.5202436781131
100,"Duas etapas",301,1.21474698875784
100,"Duas etapas",302,1.44846118916162
100,"Duas etapas",303,1.61751811771624
100,"Duas etapas",304,1.33881014355841
100,"Duas etapas",305,1.48125423009202
100,"Duas etapas",306,1.8880209925735
100,"Duas etapas",307,1.4460822904499
100,"Duas etapas",308,1.55069570931058
100,"Duas etapas",309,1.32069736284078
100,"Duas etapas",310,1.5861053580127
100,"Duas etapas",311,1.83841088005408
100,"Duas etapas",312,1.53096153559361
100,"Duas etapas",313,1.41997261241857
100,"Duas etapas",314,1.29204500135482
100,"Duas etapas",315,1.79960206582357
100,"Duas etapas",316,1.61483505058557
100,"Duas etapas",317,0.870218377944672
100,"Duas etapas",318,1.69854073139012
100,"Duas etapas",319,1.7431905696113
100,"Duas etapas",320,1.82006416492066
100,"Duas etapas",321,1.45069887974865
100,"Duas etapas",322,1.55106478555292
100,"Duas etapas",323,1.78511959157907
100,"Duas etapas",324,1.68779483306037
100,"Duas etapas",325,1.51802566602939
100,"Duas etapas",326,1.45849566208418
100,"Duas etapas",327,2.26179495635797
100,"Duas etapas",328,2.23329703573033
100,"Duas etapas",329,1.65248597702327
100,"Duas etapas",330,1.08088745618198
100,"Duas etapas",331,1.86683862440693
100,"Duas etapas",332,1.57601375526507
100,"Duas etapas",333,1.91281070276738
100,"Duas etapas",334,1.12552015462531
100,"Duas etapas",335,1.58189612617574
100,"Duas etapas",336,1.31446135711076
100,"Duas etapas",337,1.2180289192099
100,"Duas etapas",338,1.95238829588888
100,"Duas etapas",339,1.07887299343911
100,"Duas etapas",340,1.71391694705149
100,"Duas etapas",341,1.62245412687626
100,"Duas etapas",342,1.95515240436336
100,"Duas etapas",343,1.40254779853656
100,"Duas etapas",344,1.31917429357268
100,"Duas etapas",345,1.80757584638166
100,"Duas etapas",346,1.51078286536326
100,"Duas etapas",347,1.60823079035494
100,"Duas etapas",348,1.22277752678881
100,"Duas etapas",349,1.45218611280906
100,"Duas etapas",350,1.52532111791501
100,"Duas etapas",351,1.06906511810719
100,"Duas etapas",352,1.69412453534061
100,"Duas etapas",353,2.01407395876172
100,"Duas etapas",354,1.59039709523377
100,"Duas etapas",355,2.24879392835546
100,"Duas etapas",356,1.86166163805677
100,"Duas etapas",357,1.71559978189332
100,"Duas etapas",358,1.31100591018609
100,"Duas etapas",359,1.14869616642016
100,"Duas etapas",360,1.41628473341738
100,"Duas etapas",361,1.98925998539879
100,"Duas etapas",362,1.518299962878
100,"Duas etapas",363,2.18002841373101
100,"Duas etapas",364,1.72151744055025
100,"Duas etapas",365,1.93978981662596
100,"Duas etapas",366,1.82412907519985
100,"Duas etapas",367,1.7303682430305
100,"Duas etapas",368,1.48916708117255
100,"Duas etapas",369,1.32489007019601
100,"Duas etapas",370,1.2702218965552
100,"Duas etapas",371,1.78605336712988
100,"Duas etapas",372,1.27847253776807
100,"Duas etapas",373,1.89732646147852
100,"Duas etapas",374,1.45894441635355
100,"Duas etapas",375,1.96943706487776
100,"Duas etapas",376,1.1911634333113
100,"Duas etapas",377,1.33731375445888
100,"Duas etapas",378,1.57689593723096
100,"Duas etapas",379,1.5474869805849
100,"Duas etapas",380,1.13529107219033
100,"Duas etapas",381,0.948577656454771
100,"Duas etapas",382,1.65920532429527
100,"Duas etapas",383,1.99650473328273
100,"Duas etapas",384,0.895098124891045
100,"Duas etapas",385,1.40833095877973
100,"Duas etapas",386,2.72507764413547
100,"Duas etapas",387,1.86013440323828
100,"Duas etapas",388,1.69468262382095
100,"Duas etapas",389,1.65544218850196
100,"Duas etapas",390,1.01161967108639
100,"Duas etapas",391,1.01319871464476
100,"Duas etapas",392,1.301054437362
100,"Duas etapas",393,1.25587595098201
100,"Duas etapas",394,1.71693864643987
100,"Duas etapas",395,1.35578988635497
100,"Duas etapas",396,1.51160400753912
100,"Duas etapas",397,1.89367954813812
100,"Duas etapas",398,2.01269306137632
100,"Duas etapas",399,1.25422830389984
100,"Duas etapas",400,1.2729311474604
100,"Duas etapas",401,1.422013473377
100,"Duas etapas",402,1.74388733252694
100,"Duas etapas",403,1.53190219846577
100,"Duas etapas",404,1.50639891571617
100,"Duas etapas",405,1.12686072805994
100,"Duas etapas",406,1.78939999804032
100,"Duas etapas",407,1.74676873686033
100,"Duas etapas",408,1.92195236366715
100,"Duas etapas",409,1.83226426409559
100,"Duas etapas",410,1.21679636250044
100,"Duas etapas",411,1.65049291026352
100,"Duas etapas",412,1.94684689633591
100,"Duas etapas",413,1.72133745419903
100,"Duas etapas",414,1.76096154656169
100,"Duas etapas",415,1.19770544301224
100,"Duas etapas",416,1.68325039108001
100,"Duas etapas",417,2.07318153075305
100,"Duas etapas",418,1.8890844229167
100,"Duas etapas",419,1.15827231453758
100,"Duas etapas",420,1.46148469427338
100,"Duas etapas",421,1.23784437883487
100,"Duas etapas",422,1.49461182225363
100,"Duas etapas",423,1.51433659147623
100,"Duas etapas",424,1.72598479700533
100,"Duas etapas",425,1.57300484181173
100,"Duas etapas",426,2.09747521755016
100,"Duas etapas",427,1.38386138496165
100,"Duas etapas",428,1.36024905604999
100,"Duas etapas",429,1.20961151808319
100,"Duas etapas",430,2.15683511871745
100,"Duas etapas",431,1.37721329761992
100,"Duas etapas",432,1.87921789920368
100,"Duas etapas",433,1.91331001957811
100,"Duas etapas",434,1.58835565766045
100,"Duas etapas",435,1.84432640149631
100,"Duas etapas",436,2.11600084917597
100,"Duas etapas",437,1.69909643000157
100,"Duas etapas",438,1.4471767911313
100,"Duas etapas",439,1.48118044923692
100,"Duas etapas",440,1.27387257746183
100,"Duas etapas",441,1.34894090590744
100,"Duas etapas",442,1.84129683446785
100,"Duas etapas",443,1.12095818742232
100,"Duas etapas",444,1.17210010314733
100,"Duas etapas",445,1.44992347596569
100,"Duas etapas",446,1.93837424370299
100,"Duas etapas",447,2.58850673070236
100,"Duas etapas",448,1.95988996430248
100,"Duas etapas",449,1.37761278793397
100,"Duas etapas",450,1.91216454158512
100,"Duas etapas",451,1.45297162785119
100,"Duas etapas",452,1.67512824943759
100,"Duas etapas",453,1.10977969233929
100,"Duas etapas",454,1.32459194583995
100,"Duas etapas",455,2.03548435816988
100,"Duas etapas",456,1.24293932100972
100,"Duas etapas",457,1.25222046384897
100,"Duas etapas",458,1.24767918619576
100,"Duas etapas",459,1.28818805972807
100,"Duas etapas",460,1.82806494650514
100,"Duas etapas",461,1.78358110613378
100,"Duas etapas",462,1.55283037763978
100,"Duas etapas",463,1.52773489791386
100,"Duas etapas",464,1.25919745289362
100,"Duas etapas",465,1.4783894321608
100,"Duas etapas",466,1.60026404552854
100,"Duas etapas",467,1.20499847032989
100,"Duas etapas",468,1.56368753080938
100,"Duas etapas",469,1.51253304504924
100,"Duas etapas",470,1.51349487703218
100,"Duas etapas",471,1.59253128106286
100,"Duas etapas",472,1.9647007455671
100,"Duas etapas",473,1.88768026341645
100,"Duas etapas",474,1.47140689325745
100,"Duas etapas",475,2.31148549328651
100,"Duas etapas",476,1.18781469045151
100,"Duas etapas",477,1.50398619203354
100,"Duas etapas",478,1.13623758487568
100,"Duas etapas",479,2.02174402624737
100,"Duas etapas",480,1.43694674125668
100,"Duas etapas",481,1.61434842113167
100,"Duas etapas",482,1.41130054842036
100,"Duas etapas",483,1.41359380198554
100,"Duas etapas",484,1.61162736497963
100,"Duas etapas",485,1.52088462332789
100,"Duas etapas",486,1.68374680363489
100,"Duas etapas",487,1.3242529034029
100,"Duas etapas",488,2.28533103226618
100,"Duas etapas",489,1.40436998330278
100,"Duas etapas",490,1.41673300040061
100,"Duas etapas",491,1.99728576028076
100,"Duas etapas",492,1.40472690412536
100,"Duas etapas",493,1.30089428295126
100,"Duas etapas",494,1.60833200567306
100,"Duas etapas",495,1.06511721231457
100,"Duas etapas",496,1.38061394814033
100,"Duas etapas",497,1.6058050535556
100,"Duas etapas",498,2.70305633963768
100,"Duas etapas",499,1.59877978928411
100,"Duas etapas",500,1.14428331188072
100,"Duas etapas",501,1.97695382272536
100,"Duas etapas",502,1.75997191178774
100,"Duas etapas",503,1.67111970993516
100,"Duas etapas",504,1.08808959014734
100,"Duas etapas",505,1.70681264614669
100,"Duas etapas",506,1.77717781731826
100,"Duas etapas",507,1.74618288846122
100,"Duas etapas",508,1.39981957292846
100,"Duas etapas",509,1.8019599506395
100,"Duas etapas",510,2.33851749894945
100,"Duas etapas",511,1.14573714670542
100,"Duas etapas",512,1.33903853229646
100,"Duas etapas",513,1.34287265268683
100,"Duas etapas",514,1.62473147233899
100,"Duas etapas",515,1.28115340489397
100,"Duas etapas",516,1.42738178000434
100,"Duas etapas",517,1.77992735279731
100,"Duas etapas",518,1.77892003381248
100,"Duas etapas",519,2.01676186498444
100,"Duas etapas",520,0.992646854873735
100,"Duas etapas",521,1.1391540900034
100,"Duas etapas",522,2.66094358924837
100,"Duas etapas",523,1.40132358876996
100,"Duas etapas",524,1.57795464844315
100,"Duas etapas",525,2.221444814338
100,"Duas etapas",526,1.6075966806495
100,"Duas etapas",527,1.39424443071184
100,"Duas etapas",528,1.29582658965885
100,"Duas etapas",529,2.13498158964978
100,"Duas etapas",530,1.63608280321352
100,"Duas etapas",531,1.23882653797717
100,"Duas etapas",532,1.8911512906088
100,"Duas etapas",533,1.79103128570592
100,"Duas etapas",534,1.5571682634397
100,"Duas etapas",535,1.06560600652121
100,"Duas etapas",536,1.25049139761442
100,"Duas etapas",537,2.02054788601731
100,"Duas etapas",538,1.72856498397095
100,"Duas etapas",539,1.62320448227457
100,"Duas etapas",540,1.34802000325526
100,"Duas etapas",541,1.51327865129649
100,"Duas etapas",542,1.09850140635807
100,"Duas etapas",543,1.59533768084194
100,"Duas etapas",544,1.81765498310037
100,"Duas etapas",545,1.49408567739544
100,"Duas etapas",546,1.29082018562758
100,"Duas etapas",547,2.33340988665405
100,"Duas etapas",548,1.5456237148924
100,"Duas etapas",549,2.03280926150272
100,"Duas etapas",550,1.16454782804538
100,"Duas etapas",551,1.10262864234455
100,"Duas etapas",552,1.24452067363444
100,"Duas etapas",553,1.60778332965687
100,"Duas etapas",554,1.30567172555582
100,"Duas etapas",555,1.51032257350763
100,"Duas etapas",556,1.84371242676651
100,"Duas etapas",557,1.91574497269222
100,"Duas etapas",558,1.60446090705683
100,"Duas etapas",559,1.28086814392272
100,"Duas etapas",560,1.72907659655274
100,"Duas etapas",561,2.42250044133569
100,"Duas etapas",562,1.48888270940133
100,"Duas etapas",563,1.36781382972204
100,"Duas etapas",564,1.35559557035442
100,"Duas etapas",565,1.25452733300085
100,"Duas etapas",566,1.20057425820293
100,"Duas etapas",567,1.53137628977492
100,"Duas etapas",568,1.92222806674155
100,"Duas etapas",569,1.46385127291607
100,"Duas etapas",570,1.57491038550928
100,"Duas etapas",571,1.73667648850023
100,"Duas etapas",572,1.78415274875329
100,"Duas etapas",573,1.33521573992407
100,"Duas etapas",574,1.57918749579086
100,"Duas etapas",575,1.64207554836609
100,"Duas etapas",576,1.65023409788132
100,"Duas etapas",577,1.9005897719292
100,"Duas etapas",578,1.83149763079437
100,"Duas etapas",579,2.03019906952766
100,"Duas etapas",580,1.60141403867863
100,"Duas etapas",581,1.89231726627064
100,"Duas etapas",582,1.61983556053163
100,"Duas etapas",583,1.34151481872686
100,"Duas etapas",584,1.04822618273184
100,"Duas etapas",585,1.07543697753522
100,"Duas etapas",586,2.03503235037399
100,"Duas etapas",587,1.63520985215657
100,"Duas etapas",588,1.69160093312585
100,"Duas etapas",589,0.980371302691179
100,"Duas etapas",590,1.16487033546329
100,"Duas etapas",591,1.4482601205114
100,"Duas etapas",592,1.76265665700395
100,"Duas etapas",593,1.39218895797429
100,"Duas etapas",594,1.40496152623397
100,"Duas etapas",595,1.15917120455023
100,"Duas etapas",596,0.896170285150599
100,"Duas etapas",597,1.29662937677443
100,"Duas etapas",598,1.22227060703047
100,"Duas etapas",599,1.75275585976905
100,"Duas etapas",600,1.57041327972341
100,"Duas etapas",601,1.55345986808075
100,"Duas etapas",602,1.40128394646238
100,"Duas etapas",603,1.84782593072704
100,"Duas etapas",604,1.25602944183913
100,"Duas etapas",605,1.63133081701442
100,"Duas etapas",606,1.26548071150419
100,"Duas etapas",607,1.71109983194673
100,"Duas etapas",608,1.94835839401498
100,"Duas etapas",609,1.70186081830829
100,"Duas etapas",610,1.5844646446517
100,"Duas etapas",611,1.44283976820477
100,"Duas etapas",612,1.59849641431804
100,"Duas etapas",613,1.33219402987736
100,"Duas etapas",614,1.1611694917419
100,"Duas etapas",615,1.37492791159819
100,"Duas etapas",616,1.24744209790897
100,"Duas etapas",617,1.94826392191058
100,"Duas etapas",618,0.868514887208203
100,"Duas etapas",619,1.58966677504833
100,"Duas etapas",620,1.40268830862779
100,"Duas etapas",621,1.42438866079132
100,"Duas etapas",622,1.49873692104524
100,"Duas etapas",623,1.82673832280033
100,"Duas etapas",624,1.37732100349934
100,"Duas etapas",625,1.46202149305447
100,"Duas etapas",626,1.43541782892896
100,"Duas etapas",627,2.44238040443128
100,"Duas etapas",628,1.21313896212063
100,"Duas etapas",629,1.42108339874602
100,"Duas etapas",630,1.69606464964338
100,"Duas etapas",631,1.70174741254788
100,"Duas etapas",632,1.70856045841289
100,"Duas etapas",633,1.162873239303
100,"Duas etapas",634,1.29045879676494
100,"Duas etapas",635,1.02467571640197
100,"Duas etapas",636,1.43573894072703
100,"Duas etapas",637,2.30273904782428
100,"Duas etapas",638,2.08151163364572
100,"Duas etapas",639,1.50410035859474
100,"Duas etapas",640,1.23678342097189
100,"Duas etapas",641,2.38574805290937
100,"Duas etapas",642,1.32750578197576
100,"Duas etapas",643,1.78347400900414
100,"Duas etapas",644,1.71497350185049
100,"Duas etapas",645,1.78874764553279
100,"Duas etapas",646,1.52566695268615
100,"Duas etapas",647,1.43315668884383
100,"Duas etapas",648,2.02314739263894
100,"Duas etapas",649,2.4135566594235
100,"Duas etapas",650,1.82685856607547
100,"Duas etapas",651,2.23422409644771
100,"Duas etapas",652,1.28170115907746
100,"Duas etapas",653,1.49719548587694
100,"Duas etapas",654,1.89515439131076
100,"Duas etapas",655,1.49370358523208
100,"Duas etapas",656,1.10677826366741
100,"Duas etapas",657,1.78167820932955
100,"Duas etapas",658,1.69079880155844
100,"Duas etapas",659,2.34092927403659
100,"Duas etapas",660,1.09313480319989
100,"Duas etapas",661,1.04167923396978
100,"Duas etapas",662,1.79156469856781
100,"Duas etapas",663,1.878575136061
100,"Duas etapas",664,1.43112222786376
100,"Duas etapas",665,1.04201187156856
100,"Duas etapas",666,1.39151542473282
100,"Duas etapas",667,1.53918250907153
100,"Duas etapas",668,1.28574856871037
100,"Duas etapas",669,1.4397373246768
100,"Duas etapas",670,1.36812153240275
100,"Duas etapas",671,1.34398603090498
100,"Duas etapas",672,2.27793499080337
100,"Duas etapas",673,1.58186772748797
100,"Duas etapas",674,2.22770959626168
100,"Duas etapas",675,1.76369539854196
100,"Duas etapas",676,1.58624219935558
100,"Duas etapas",677,2.244785293609
100,"Duas etapas",678,1.57630031988051
100,"Duas etapas",679,1.88361790862115
100,"Duas etapas",680,1.27329807701721
100,"Duas etapas",681,1.93174253561406
100,"Duas etapas",682,1.42693613907051
100,"Duas etapas",683,1.51467042753305
100,"Duas etapas",684,1.85048400664934
100,"Duas etapas",685,1.42953708899311
100,"Duas etapas",686,1.75481124839007
100,"Duas etapas",687,1.52667626998726
100,"Duas etapas",688,1.08291658019784
100,"Duas etapas",689,1.57673671176744
100,"Duas etapas",690,1.5363003908069
100,"Duas etapas",691,1.30650339158905
100,"Duas etapas",692,1.22708483236393
100,"Duas etapas",693,2.30829797949199
100,"Duas etapas",694,1.4448251030772
100,"Duas etapas",695,2.36783126786008
100,"Duas etapas",696,1.54904594191991
100,"Duas etapas",697,1.61607906345062
100,"Duas etapas",698,1.17459595907295
100,"Duas etapas",699,1.08251894809881
100,"Duas etapas",700,1.52719209259925
100,"Duas etapas",701,1.39193014556397
100,"Duas etapas",702,1.47152485672216
100,"Duas etapas",703,0.892169535385179
100,"Duas etapas",704,0.802599027082714
100,"Duas etapas",705,1.31610804007772
100,"Duas etapas",706,0.941546656808207
100,"Duas etapas",707,1.51793362958969
100,"Duas etapas",708,2.0279630201585
100,"Duas etapas",709,1.27338249610985
100,"Duas etapas",710,2.00738459453277
100,"Duas etapas",711,0.842815299393292
100,"Duas etapas",712,1.6247154489569
100,"Duas etapas",713,1.27888643747064
100,"Duas etapas",714,1.45330184790267
100,"Duas etapas",715,1.85830522271426
100,"Duas etapas",716,1.54539910102004
100,"Duas etapas",717,1.56052131708452
100,"Duas etapas",718,1.20709321730619
100,"Duas etapas",719,1.66942657262277
100,"Duas etapas",720,0.950663015022837
100,"Duas etapas",721,1.79219216794335
100,"Duas etapas",722,1.29718887015247
100,"Duas etapas",723,1.56056159583717
100,"Duas etapas",724,1.43410434739672
100,"Duas etapas",725,1.10696991693804
100,"Duas etapas",726,2.08911433457723
100,"Duas etapas",727,1.71012402786791
100,"Duas etapas",728,1.63015306351606
100,"Duas etapas",729,1.93672472280062
100,"Duas etapas",730,1.21587910175022
100,"Duas etapas",731,2.71894201063579
100,"Duas etapas",732,1.45190241396778
100,"Duas etapas",733,1.52725042585924
100,"Duas etapas",734,1.11886142303373
100,"Duas etapas",735,1.27404790306638
100,"Duas etapas",736,1.72214473250565
100,"Duas etapas",737,1.16807344925938
100,"Duas etapas",738,1.83182679503821
100,"Duas etapas",739,1.8988018735593
100,"Duas etapas",740,1.40988234974737
100,"Duas etapas",741,1.45793539783395
100,"Duas etapas",742,1.63904074249466
100,"Duas etapas",743,1.41964049587001
100,"Duas etapas",744,1.23636133445037
100,"Duas etapas",745,1.91585792795735
100,"Duas etapas",746,2.28689727445527
100,"Duas etapas",747,2.40522889188396
100,"Duas etapas",748,1.59519759286261
100,"Duas etapas",749,1.6798481781889
100,"Duas etapas",750,1.54225098899295
100,"Duas etapas",751,1.24469658466104
100,"Duas etapas",752,1.53410314393982
100,"Duas etapas",753,1.62103309677789
100,"Duas etapas",754,1.62501259497059
100,"Duas etapas",755,1.13902603204775
100,"Duas etapas",756,2.05232101266386
100,"Duas etapas",757,1.16452190859177
100,"Duas etapas",758,1.67209034132553
100,"Duas etapas",759,1.51894775254705
100,"Duas etapas",760,1.64180193811068
100,"Duas etapas",761,2.0341457670117
100,"Duas etapas",762,0.850270783273673
100,"Duas etapas",763,1.36603587849005
100,"Duas etapas",764,1.4509901071255
100,"Duas etapas",765,1.54947677902692
100,"Duas etapas",766,1.5940851534657
100,"Duas etapas",767,2.1213384776478
100,"Duas etapas",768,1.6601301278139
100,"Duas etapas",769,1.43805657544169
100,"Duas etapas",770,1.41547654608047
100,"Duas etapas",771,1.51965070707066
100,"Duas etapas",772,1.47864848957566
100,"Duas etapas",773,1.55185627971652
100,"Duas etapas",774,2.20386905855499
100,"Duas etapas",775,1.30221918181516
100,"Duas etapas",776,1.39173832018031
100,"Duas etapas",777,1.42477465221703
100,"Duas etapas",778,1.43356636460934
100,"Duas etapas",779,1.50825518134003
100,"Duas etapas",780,0.964907144963038
100,"Duas etapas",781,1.01836312824402
100,"Duas etapas",782,1.50448606485506
100,"Duas etapas",783,1.7494872577837
100,"Duas etapas",784,1.56937357423518
100,"Duas etapas",785,1.53699303712307
100,"Duas etapas",786,1.53382227432539
100,"Duas etapas",787,1.5393968683728
100,"Duas etapas",788,1.41668158740104
100,"Duas etapas",789,1.99491390649284
100,"Duas etapas",790,1.3928743219079
100,"Duas etapas",791,1.77402065240581
100,"Duas etapas",792,1.52195382223235
100,"Duas etapas",793,1.51239059588387
100,"Duas etapas",794,1.25210982176396
100,"Duas etapas",795,1.07019081716232
100,"Duas etapas",796,1.36537187260853
100,"Duas etapas",797,1.41236578422248
100,"Duas etapas",798,1.31894517389112
100,"Duas etapas",799,1.35856180975291
100,"Duas etapas",800,1.41380736593521
100,"Duas etapas",801,1.81696580770958
100,"Duas etapas",802,1.81707147382415
100,"Duas etapas",803,1.17979141213863
100,"Duas etapas",804,1.20174867817525
100,"Duas etapas",805,1.48382004402181
100,"Duas etapas",806,1.12446512702922
100,"Duas etapas",807,1.87726264165328
100,"Duas etapas",808,1.59623747423741
100,"Duas etapas",809,0.924783476438594
100,"Duas etapas",810,1.259640185566
100,"Duas etapas",811,2.35680239845636
100,"Duas etapas",812,2.11175238847026
100,"Duas etapas",813,1.43342670519078
100,"Duas etapas",814,1.34501587580466
100,"Duas etapas",815,1.27512481517656
100,"Duas etapas",816,1.09757819707425
100,"Duas etapas",817,1.50416392469944
100,"Duas etapas",818,1.54112945405706
100,"Duas etapas",819,1.12634427924321
100,"Duas etapas",820,1.54056671793363
100,"Duas etapas",821,1.72048238677987
100,"Duas etapas",822,1.4673169533116
100,"Duas etapas",823,1.8746480083977
100,"Duas etapas",824,1.77078239656248
100,"Duas etapas",825,2.06246017835195
100,"Duas etapas",826,1.4765530865004
100,"Duas etapas",827,1.81321777067068
100,"Duas etapas",828,1.39401593221196
100,"Duas etapas",829,1.18541771113529
100,"Duas etapas",830,2.06551041232979
100,"Duas etapas",831,1.09204815038964
100,"Duas etapas",832,1.30319443142909
100,"Duas etapas",833,1.17107625687486
100,"Duas etapas",834,1.55499711265704
100,"Duas etapas",835,2.79290653627445
100,"Duas etapas",836,1.69736339517284
100,"Duas etapas",837,1.45731568312814
100,"Duas etapas",838,1.47718994431261
100,"Duas etapas",839,1.35001396570825
100,"Duas etapas",840,1.94836055727543
100,"Duas etapas",841,1.6166674014302
100,"Duas etapas",842,1.61873076888995
100,"Duas etapas",843,1.28345029904146
100,"Duas etapas",844,1.26544260999933
100,"Duas etapas",845,1.59953635281556
100,"Duas etapas",846,1.61950272372608
100,"Duas etapas",847,1.19850951070685
100,"Duas etapas",848,2.00581247075081
100,"Duas etapas",849,1.83847457004506
100,"Duas etapas",850,1.44927711970129
100,"Duas etapas",851,1.20088704959876
100,"Duas etapas",852,2.07298953037581
100,"Duas etapas",853,1.60403156571105
100,"Duas etapas",854,1.8838992926146
100,"Duas etapas",855,1.71131098117655
100,"Duas etapas",856,1.27895748443721
100,"Duas etapas",857,1.73318813938164
100,"Duas etapas",858,1.77101379776923
100,"Duas etapas",859,1.08785066564696
100,"Duas etapas",860,1.6273750624694
100,"Duas etapas",861,1.04121896392882
100,"Duas etapas",862,1.6568209159433
100,"Duas etapas",863,1.85065180396733
100,"Duas etapas",864,1.84604719471297
100,"Duas etapas",865,1.65751561652979
100,"Duas etapas",866,1.24906952465998
100,"Duas etapas",867,1.68900096613584
100,"Duas etapas",868,1.70455359329576
100,"Duas etapas",869,1.17865027156562
100,"Duas etapas",870,2.25666065970337
100,"Duas etapas",871,1.99631555044324
100,"Duas etapas",872,1.29545782666075
100,"Duas etapas",873,1.48741380821543
100,"Duas etapas",874,1.63564759315132
100,"Duas etapas",875,1.51336875040435
100,"Duas etapas",876,1.28561161230298
100,"Duas etapas",877,1.30533341757549
100,"Duas etapas",878,1.76970467933663
100,"Duas etapas",879,1.61690250210982
100,"Duas etapas",880,1.30853309056884
100,"Duas etapas",881,1.43155127599991
100,"Duas etapas",882,1.94908432620599
100,"Duas etapas",883,1.97787008504751
100,"Duas etapas",884,2.0941149936431
100,"Duas etapas",885,1.96962299801215
100,"Duas etapas",886,1.53461441192832
100,"Duas etapas",887,2.03006174292771
100,"Duas etapas",888,1.48103401957251
100,"Duas etapas",889,1.98188210607859
100,"Duas etapas",890,0.899334264872248
100,"Duas etapas",891,1.41208964079618
100,"Duas etapas",892,1.87362988907807
100,"Duas etapas",893,1.13523963538386
100,"Duas etapas",894,1.59812786888012
100,"Duas etapas",895,1.97093412314399
100,"Duas etapas",896,2.18206317189006
100,"Duas etapas",897,2.04461877501845
100,"Duas etapas",898,1.31785500880023
100,"Duas etapas",899,0.983652882944896
100,"Duas etapas",900,1.52740864575236
100,"Duas etapas",901,1.61183062982415
100,"Duas etapas",902,1.02702352075132
100,"Duas etapas",903,1.36153889774175
100,"Duas etapas",904,1.61722511685695
100,"Duas etapas",905,0.971791012524352
100,"Duas etapas",906,0.696228379704407
100,"Duas etapas",907,1.71330268803624
100,"Duas etapas",908,1.92806415478857
100,"Duas etapas",909,1.46777852191383
100,"Duas etapas",910,1.54457714125734
100,"Duas etapas",911,1.19451681831025
100,"Duas etapas",912,1.77882298701375
100,"Duas etapas",913,1.11162489616824
100,"Duas etapas",914,1.72126213056648
100,"Duas etapas",915,2.06873500123493
100,"Duas etapas",916,1.1398478563055
100,"Duas etapas",917,2.1754035818808
100,"Duas etapas",918,1.36988131020707
100,"Duas etapas",919,1.27639595631838
100,"Duas etapas",920,1.08562494364385
100,"Duas etapas",921,2.26472400536261
100,"Duas etapas",922,1.47408502799748
100,"Duas etapas",923,1.50457253321674
100,"Duas etapas",924,1.679708336282
100,"Duas etapas",925,1.75574497274238
100,"Duas etapas",926,1.17560090840065
100,"Duas etapas",927,1.66584040207018
100,"Duas etapas",928,1.78745015913135
100,"Duas etapas",929,1.28802939315979
100,"Duas etapas",930,1.1772362444654
100,"Duas etapas",931,1.14602128199379
100,"Duas etapas",932,1.55226177744272
100,"Duas etapas",933,0.998464552653348
100,"Duas etapas",934,1.7906199797231
100,"Duas etapas",935,1.24744229432771
100,"Duas etapas",936,1.27037098011571
100,"Duas etapas",937,1.67274952648019
100,"Duas etapas",938,1.75314500867037
100,"Duas etapas",939,1.3227863404448
100,"Duas etapas",940,1.57500354946239
100,"Duas etapas",941,1.40495418540004
100,"Duas etapas",942,1.76163318176238
100,"Duas etapas",943,1.46485516279345
100,"Duas etapas",944,1.73816003398021
100,"Duas etapas",945,1.56073240581971
100,"Duas etapas",946,1.52410112876399
100,"Duas etapas",947,1.77452787153583
100,"Duas etapas",948,1.29730247633241
100,"Duas etapas",949,1.16465764973106
100,"Duas etapas",950,1.38145403809131
100,"Duas etapas",951,1.26199363289427
100,"Duas etapas",952,1.19503254053761
100,"Duas etapas",953,1.62178222937106
100,"Duas etapas",954,0.974209955723343
100,"Duas etapas",955,1.67301719964746
100,"Duas etapas",956,1.23486653994523
100,"Duas etapas",957,1.89231606441542
100,"Duas etapas",958,1.77313167931257
100,"Duas etapas",959,2.10000738602647
100,"Duas etapas",960,1.21017013281995
100,"Duas etapas",961,1.88072323860872
100,"Duas etapas",962,1.77549328241319
100,"Duas etapas",963,1.43696314796058
100,"Duas etapas",964,1.21898954870882
100,"Duas etapas",965,1.36380681983267
100,"Duas etapas",966,1.93029517565293
100,"Duas etapas",967,1.3369319968021
100,"Duas etapas",968,2.30346922550636
100,"Duas etapas",969,1.16496784418168
100,"Duas etapas",970,2.30868500795986
100,"Duas etapas",971,1.3866610789214
100,"Duas etapas",972,1.27636613606595
100,"Duas etapas",973,1.73527928799378
100,"Duas etapas",974,1.44603139138025
100,"Duas etapas",975,1.18139607162181
100,"Duas etapas",976,1.52493742782033
100,"Duas etapas",977,1.52858529527951
100,"Duas etapas",978,1.43205418513671
100,"Duas etapas",979,1.21486593030727
100,"Duas etapas",980,1.30129454536333
100,"Duas etapas",981,1.24893928403319
100,"Duas etapas",982,2.12966210378669
100,"Duas etapas",983,1.68589079380042
100,"Duas etapas",984,1.14874370028461
100,"Duas etapas",985,1.63343013598562
100,"Duas etapas",986,1.85183565631617
100,"Duas etapas",987,1.22034253069013
100,"Duas etapas",988,1.83722251651259
100,"Duas etapas",989,1.28882181751067
100,"Duas etapas",990,1.90924573402448
100,"Duas etapas",991,0.940976600786421
100,"Duas etapas",992,2.06580823092703
100,"Duas etapas",993,1.52840611018711
100,"Duas etapas",994,1.71402902869572
100,"Duas etapas",995,1.38183842932539
100,"Duas etapas",996,2.08985234832579
100,"Duas etapas",997,1.68214352731528
100,"Duas etapas",998,1.44755855368527
100,"Duas etapas",999,1.60267745335699
100,"Duas etapas",1000,1.26759835857618
100,"Conjunto",1,1.60024533795351
100,"Conjunto",2,1.59440057963486
100,"Conjunto",3,2.46533279755191
100,"Conjunto",4,1.13033753320013
100,"Conjunto",5,1.90516433945876
100,"Conjunto",6,3.03940182647819
100,"Conjunto",7,2.24748593716973
100,"Conjunto",8,2.20089727473532
100,"Conjunto",9,1.34839880862501
100,"Conjunto",10,1.90400276742622
100,"Conjunto",11,1.54483890380951
100,"Conjunto",12,2.33591229542795
100,"Conjunto",13,1.84778930785488
100,"Conjunto",14,1.61664539863661
100,"Conjunto",15,2.04199983808951
100,"Conjunto",16,1.67624750467728
100,"Conjunto",17,2.59297442857718
100,"Conjunto",18,2.30301598563821
100,"Conjunto",19,1.47894051724866
100,"Conjunto",20,1.75770932967009
100,"Conjunto",21,1.75336371223424
100,"Conjunto",22,1.65769017132897
100,"Conjunto",23,2.06610862197727
100,"Conjunto",24,1.94874789316936
100,"Conjunto",25,2.93298346265626
100,"Conjunto",26,1.39876651733696
100,"Conjunto",27,1.15599908230493
100,"Conjunto",28,1.44087833015127
100,"Conjunto",29,2.01759535599331
100,"Conjunto",30,2.72229426105951
100,"Conjunto",31,1.52218339756397
100,"Conjunto",32,1.52789260530944
100,"Conjunto",33,1.85020247988651
100,"Conjunto",34,2.10521009894737
100,"Conjunto",35,0.98545660048013
100,"Conjunto",36,2.58749080046776
100,"Conjunto",37,1.82050896246967
100,"Conjunto",38,1.71635183134857
100,"Conjunto",39,2.04910143711443
100,"Conjunto",40,1.4576337906755
100,"Conjunto",41,2.00896612505857
100,"Conjunto",42,1.39922880529138
100,"Conjunto",43,1.80137693436852
100,"Conjunto",44,1.62788596307287
100,"Conjunto",45,2.16800895099132
100,"Conjunto",46,1.71426923348696
100,"Conjunto",47,2.17705481658737
100,"Conjunto",48,1.73336503909774
100,"Conjunto",49,1.37755034591857
100,"Conjunto",50,1.77612681522145
100,"Conjunto",51,2.25865950870794
100,"Conjunto",52,2.5341482346251
100,"Conjunto",53,1.29829411741795
100,"Conjunto",54,1.78276025181901
100,"Conjunto",55,1.76754326848915
100,"Conjunto",56,2.21081061734239
100,"Conjunto",57,1.86343675725209
100,"Conjunto",58,1.29232461058031
100,"Conjunto",59,1.41120387799349
100,"Conjunto",60,1.79181727732552
100,"Conjunto",61,1.34155446332753
100,"Conjunto",62,1.40093848145909
100,"Conjunto",63,1.72003415998275
100,"Conjunto",64,1.32093440283764
100,"Conjunto",65,1.51437808092735
100,"Conjunto",66,2.11896813462097
100,"Conjunto",67,2.50833889174146
100,"Conjunto",68,2.03803392753589
100,"Conjunto",69,1.41005302515557
100,"Conjunto",70,2.26561933629069
100,"Conjunto",71,2.58877285823257
100,"Conjunto",72,1.69377186644176
100,"Conjunto",73,1.65532635508751
100,"Conjunto",74,1.87347878177557
100,"Conjunto",75,3.70300718434928
100,"Conjunto",76,1.71391110718346
100,"Conjunto",77,1.96650819029507
100,"Conjunto",78,1.99890962263997
100,"Conjunto",79,1.54976396302713
100,"Conjunto",80,1.66213003961025
100,"Conjunto",81,1.694133978133
100,"Conjunto",82,1.65016348985071
100,"Conjunto",83,2.09816300896063
100,"Conjunto",84,1.87303772544274
100,"Conjunto",85,1.82811485264335
100,"Conjunto",86,1.74381570667001
100,"Conjunto",87,1.52218055807985
100,"Conjunto",88,1.50668659886463
100,"Conjunto",89,1.47090748691407
100,"Conjunto",90,2.0438928776991
100,"Conjunto",91,1.79112848856407
100,"Conjunto",92,1.97979879727829
100,"Conjunto",93,2.18601935870383
100,"Conjunto",94,1.92225506470431
100,"Conjunto",95,1.38010677919446
100,"Conjunto",96,2.02077148696903
100,"Conjunto",97,1.34436758124811
100,"Conjunto",98,2.71226432223536
100,"Conjunto",99,1.28433069677231
100,"Conjunto",100,2.38746280224587
100,"Conjunto",101,2.74643574833894
100,"Conjunto",102,1.41702285262018
100,"Conjunto",103,2.62107836287402
100,"Conjunto",104,2.23964803069541
100,"Conjunto",105,1.79201426206543
100,"Conjunto",106,1.60544240127412
100,"Conjunto",107,1.95739775056665
100,"Conjunto",108,1.86894031423413
100,"Conjunto",109,1.72119279119122
100,"Conjunto",110,2.2346722858517
100,"Conjunto",111,2.38931212782841
100,"Conjunto",112,1.98756747728826
100,"Conjunto",113,1.5557411757863
100,"Conjunto",114,2.20016351417242
100,"Conjunto",115,1.44808229552645
100,"Conjunto",116,1.23852511258128
100,"Conjunto",117,2.11946229336683
100,"Conjunto",118,1.15153303212851
100,"Conjunto",119,1.62726545200635
100,"Conjunto",120,1.71514801270794
100,"Conjunto",121,1.15775162415433
100,"Conjunto",122,2.25371724674089
100,"Conjunto",123,1.29909930732059
100,"Conjunto",124,1.79012374298407
100,"Conjunto",125,1.73146470568426
100,"Conjunto",126,2.24207353811874
100,"Conjunto",127,1.42820180936226
100,"Conjunto",128,1.45440704500491
100,"Conjunto",129,2.20786485438346
100,"Conjunto",130,2.0540387939927
100,"Conjunto",131,1.57918743395533
100,"Conjunto",132,1.7924057342901
100,"Conjunto",133,1.66865449268374
100,"Conjunto",134,2.86789286210812
100,"Conjunto",135,2.32537801919844
100,"Conjunto",136,1.26738818942796
100,"Conjunto",137,1.71163713505857
100,"Conjunto",138,1.30703885841584
100,"Conjunto",139,1.39862439380396
100,"Conjunto",140,2.08801265749848
100,"Conjunto",141,1.27846077894002
100,"Conjunto",142,2.32097507880926
100,"Conjunto",143,1.48138559211157
100,"Conjunto",144,1.46269951108764
100,"Conjunto",145,1.1783635579549
100,"Conjunto",146,1.86787554250777
100,"Conjunto",147,1.27141529166734
100,"Conjunto",148,1.10828737495929
100,"Conjunto",149,1.94623784423717
100,"Conjunto",150,2.51292407638281
100,"Conjunto",151,1.91644791071381
100,"Conjunto",152,1.96708819606529
100,"Conjunto",153,2.02103771017884
100,"Conjunto",154,2.41983356359554
100,"Conjunto",155,2.08150645106138
100,"Conjunto",156,1.48915836295677
100,"Conjunto",157,1.27606296583609
100,"Conjunto",158,1.95575083840688
100,"Conjunto",159,1.74702489602547
100,"Conjunto",160,1.6215834483551
100,"Conjunto",161,2.40385493961361
100,"Conjunto",162,1.46195065771892
100,"Conjunto",163,1.31372669312306
100,"Conjunto",164,1.58552456716359
100,"Conjunto",165,2.56840819674255
100,"Conjunto",166,1.80655739447705
100,"Conjunto",167,1.42448549780939
100,"Conjunto",168,1.78369320895262
100,"Conjunto",169,2.25100657784591
100,"Conjunto",170,1.56189911757238
100,"Conjunto",171,1.57117623778181
100,"Conjunto",172,2.64691620734323
100,"Conjunto",173,1.99463046855761
100,"Conjunto",174,1.11350030190746
100,"Conjunto",175,1.34798384307433
100,"Conjunto",176,2.09526786078425
100,"Conjunto",177,1.30834755035283
100,"Conjunto",178,1.61977942812679
100,"Conjunto",179,2.1709013985845
100,"Conjunto",180,1.73209039966635
100,"Conjunto",181,1.29948779558033
100,"Conjunto",182,2.0296574540982
100,"Conjunto",183,1.57177856269468
100,"Conjunto",184,1.71856560339862
100,"Conjunto",185,2.28114191626717
100,"Conjunto",186,1.76882317019143
100,"Conjunto",187,1.61681952421916
100,"Conjunto",188,2.02901878603128
100,"Conjunto",189,1.70195720372827
100,"Conjunto",190,1.61886902623622
100,"Conjunto",191,3.1056905407719
100,"Conjunto",192,1.33360522460389
100,"Conjunto",193,1.57737064795776
100,"Conjunto",194,1.88492586356006
100,"Conjunto",195,2.15102082420076
100,"Conjunto",196,2.05025009263549
100,"Conjunto",197,1.83939863841681
100,"Conjunto",198,2.84188301854065
100,"Conjunto",199,1.28903440999831
100,"Conjunto",200,1.6488153201445
100,"Conjunto",201,1.4705823100151
100,"Conjunto",202,1.32388542008775
100,"Conjunto",203,1.95735394965979
100,"Conjunto",204,1.47495701578329
100,"Conjunto",205,2.46163282742433
100,"Conjunto",206,2.15959812102875
100,"Conjunto",207,2.0918093128358
100,"Conjunto",208,1.93030873517835
100,"Conjunto",209,1.76404523056536
100,"Conjunto",210,2.07613358461147
100,"Conjunto",211,1.40199970945487
100,"Conjunto",212,1.30898063208178
100,"Conjunto",213,2.09282517411844
100,"Conjunto",214,1.57991331023845
100,"Conjunto",215,1.92956666523292
100,"Conjunto",216,1.58012430637421
100,"Conjunto",217,1.453032314956
100,"Conjunto",218,1.94904136176626
100,"Conjunto",219,2.30137728745628
100,"Conjunto",220,1.83913376376079
100,"Conjunto",221,1.63811932631597
100,"Conjunto",222,1.42441765818678
100,"Conjunto",223,1.88875468166187
100,"Conjunto",224,1.5438925505598
100,"Conjunto",225,2.09986261868852
100,"Conjunto",226,1.43926956702356
100,"Conjunto",227,2.72593143885647
100,"Conjunto",228,1.74166946710356
100,"Conjunto",229,2.6138151856907
100,"Conjunto",230,1.44607958617602
100,"Conjunto",231,1.65850658749263
100,"Conjunto",232,1.83821642863489
100,"Conjunto",233,1.37991782832565
100,"Conjunto",234,2.1263649360345
100,"Conjunto",235,1.80173476244583
100,"Conjunto",236,1.93258245858864
100,"Conjunto",237,2.18825578656579
100,"Conjunto",238,1.63923366099232
100,"Conjunto",239,1.43919847876839
100,"Conjunto",240,1.79723978899186
100,"Conjunto",241,1.52833457554992
100,"Conjunto",242,1.91109056948251
100,"Conjunto",243,2.23761445739476
100,"Conjunto",244,1.64844785142821
100,"Conjunto",245,1.06742795970786
100,"Conjunto",246,1.99760069477874
100,"Conjunto",247,2.23213632351614
100,"Conjunto",248,1.53390043334608
100,"Conjunto",249,2.09417635969528
100,"Conjunto",250,1.55018080576461
100,"Conjunto",251,1.69654085324978
100,"Conjunto",252,1.49470305169046
100,"Conjunto",253,1.80192427941783
100,"Conjunto",254,3.88531215908892
100,"Conjunto",255,2.00210479206029
100,"Conjunto",256,2.20111984543815
100,"Conjunto",257,2.36484357422384
100,"Conjunto",258,2.32626983731263
100,"Conjunto",259,2.79937401303641
100,"Conjunto",260,3.18722623626524
100,"Conjunto",261,1.75224394220399
100,"Conjunto",262,1.75494708446143
100,"Conjunto",263,1.53464482262247
100,"Conjunto",264,1.37321492732973
100,"Conjunto",265,2.00605347504136
100,"Conjunto",266,2.19692716378995
100,"Conjunto",267,2.06539629543563
100,"Conjunto",268,1.53177086713495
100,"Conjunto",269,1.7059602090073
100,"Conjunto",270,2.23074695325352
100,"Conjunto",271,1.8010775936093
100,"Conjunto",272,1.71319598305171
100,"Conjunto",273,1.83382367180326
100,"Conjunto",274,1.60597548444561
100,"Conjunto",275,1.33409885365698
100,"Conjunto",276,2.43952189995829
100,"Conjunto",277,1.38063630613245
100,"Conjunto",278,1.37831160318233
100,"Conjunto",279,1.73530492973193
100,"Conjunto",280,2.42589321428498
100,"Conjunto",281,1.96879943100052
100,"Conjunto",282,2.35965057325063
100,"Conjunto",283,1.13323802366289
100,"Conjunto",284,1.5169023552602
100,"Conjunto",285,1.53004820069905
100,"Conjunto",286,1.99978349116133
100,"Conjunto",287,1.35329643336183
100,"Conjunto",288,2.26475736831151
100,"Conjunto",289,1.21631044728367
100,"Conjunto",290,2.05528118286819
100,"Conjunto",291,1.651102808353
100,"Conjunto",292,2.07840885213198
100,"Conjunto",293,1.58474076501284
100,"Conjunto",294,2.3035690897095
100,"Conjunto",295,2.29992508424607
100,"Conjunto",296,2.7949892049697
100,"Conjunto",297,2.38073290148117
100,"Conjunto",298,2.57071123160643
100,"Conjunto",299,1.35527522755352
100,"Conjunto",300,1.78023468599411
100,"Conjunto",301,1.38777866711014
100,"Conjunto",302,1.65870975544716
100,"Conjunto",303,1.86104819323761
100,"Conjunto",304,1.5364991147693
100,"Conjunto",305,1.72595348950548
100,"Conjunto",306,2.20438476939782
100,"Conjunto",307,1.68208952316505
100,"Conjunto",308,1.78886305961614
100,"Conjunto",309,1.53816330291241
100,"Conjunto",310,1.81697618155904
100,"Conjunto",311,2.1558031776214
100,"Conjunto",312,1.75580140103837
100,"Conjunto",313,1.61524517147363
100,"Conjunto",314,1.47339212238008
100,"Conjunto",315,2.10789267737687
100,"Conjunto",316,1.86577275591777
100,"Conjunto",317,0.988517884757943
100,"Conjunto",318,1.9852906248954
100,"Conjunto",319,2.05466962716162
100,"Conjunto",320,2.17193401558373
100,"Conjunto",321,1.6567970852432
100,"Conjunto",322,1.7741872814541
100,"Conjunto",323,2.13818354936189
100,"Conjunto",324,1.99920926588304
100,"Conjunto",325,1.79704358474913
100,"Conjunto",326,1.70153782547424
100,"Conjunto",327,2.71882040864625
100,"Conjunto",328,2.75112569449856
100,"Conjunto",329,1.97982455075927
100,"Conjunto",330,1.22393954920499
100,"Conjunto",331,2.22834175526667
100,"Conjunto",332,1.83723002666206
100,"Conjunto",333,2.26556375736897
100,"Conjunto",334,1.30790117161351
100,"Conjunto",335,1.85333528969445
100,"Conjunto",336,1.52585645145407
100,"Conjunto",337,1.40286692929677
100,"Conjunto",338,2.27188973802869
100,"Conjunto",339,1.24332404778136
100,"Conjunto",340,2.051857404285
100,"Conjunto",341,1.92403496371565
100,"Conjunto",342,2.33658809555167
100,"Conjunto",343,1.63073271022555
100,"Conjunto",344,1.52592412413807
100,"Conjunto",345,2.13358907512385
100,"Conjunto",346,1.77843152840249
100,"Conjunto",347,1.87205234872631
100,"Conjunto",348,1.41733783400493
100,"Conjunto",349,1.69806952055492
100,"Conjunto",350,1.76241929578542
100,"Conjunto",351,1.22187913380865
100,"Conjunto",352,2.02038885535361
100,"Conjunto",353,2.39652015416945
100,"Conjunto",354,1.87025735937937
100,"Conjunto",355,2.73160431463391
100,"Conjunto",356,2.17981233757132
100,"Conjunto",357,2.01766207503311
100,"Conjunto",358,1.52638440760235
100,"Conjunto",359,1.32588029359923
100,"Conjunto",360,1.63199403030011
100,"Conjunto",361,2.40913756821043
100,"Conjunto",362,1.76896824467442
100,"Conjunto",363,2.60995055608668
100,"Conjunto",364,2.00039066228147
100,"Conjunto",365,2.34111333351715
100,"Conjunto",366,2.11619985010826
100,"Conjunto",367,2.02398896413602
100,"Conjunto",368,1.73803648936538
100,"Conjunto",369,1.56487748691677
100,"Conjunto",370,1.43950708375938
100,"Conjunto",371,2.13308976939176
100,"Conjunto",372,1.48624852263878
100,"Conjunto",373,2.20520607669886
100,"Conjunto",374,1.67027307845527
100,"Conjunto",375,2.33993018937383
100,"Conjunto",376,1.36672119663076
100,"Conjunto",377,1.55773404381807
100,"Conjunto",378,1.84134987563108
100,"Conjunto",379,1.79888555503694
100,"Conjunto",380,1.31796584186559
100,"Conjunto",381,1.08239480902292
100,"Conjunto",382,1.91827339347049
100,"Conjunto",383,2.41117457603056
100,"Conjunto",384,1.01431250053933
100,"Conjunto",385,1.61085666165654
100,"Conjunto",386,3.41556403121856
100,"Conjunto",387,2.23490245534798
100,"Conjunto",388,1.99550984907373
100,"Conjunto",389,1.9598699350924
100,"Conjunto",390,1.14936236621821
100,"Conjunto",391,1.16391213571371
100,"Conjunto",392,1.49431998827447
100,"Conjunto",393,1.44329439629299
100,"Conjunto",394,2.01564182548198
100,"Conjunto",395,1.55673583867906
100,"Conjunto",396,1.76423452314056
100,"Conjunto",397,2.19346913871722
100,"Conjunto",398,2.42668619554686
100,"Conjunto",399,1.41010748705494
100,"Conjunto",400,1.47766978668054
100,"Conjunto",401,1.67004275587465
100,"Conjunto",402,2.08002753916873
100,"Conjunto",403,1.77683283378644
100,"Conjunto",404,1.74587901414033
100,"Conjunto",405,1.2997637770744
100,"Conjunto",406,2.11032831423253
100,"Conjunto",407,2.05270117323217
100,"Conjunto",408,2.32792478109751
100,"Conjunto",409,2.14511374625917
100,"Conjunto",410,1.41108728323353
100,"Conjunto",411,1.95159958799376
100,"Conjunto",412,2.30363855933291
100,"Conjunto",413,2.04240978440702
100,"Conjunto",414,2.0643167024392
100,"Conjunto",415,1.37043252725033
100,"Conjunto",416,1.9862387210683
100,"Conjunto",417,2.50208409923151
100,"Conjunto",418,2.26704630484368
100,"Conjunto",419,1.31295764309795
100,"Conjunto",420,1.69049179554963
100,"Conjunto",421,1.41573312856229
100,"Conjunto",422,1.71688741814876
100,"Conjunto",423,1.77806685310341
100,"Conjunto",424,2.01033885846471
100,"Conjunto",425,1.84426712804231
100,"Conjunto",426,2.54302159652091
100,"Conjunto",427,1.59985357713333
100,"Conjunto",428,1.57886507687218
100,"Conjunto",429,1.39500989155836
100,"Conjunto",430,2.57752281124796
100,"Conjunto",431,1.59691326262067
100,"Conjunto",432,2.21195344760156
100,"Conjunto",433,2.26550430057934
100,"Conjunto",434,1.86534880406014
100,"Conjunto",435,2.21427235250898
100,"Conjunto",436,2.51771174972589
100,"Conjunto",437,1.99748625065355
100,"Conjunto",438,1.65755491389538
100,"Conjunto",439,1.72521185190112
100,"Conjunto",440,1.4965536533702
100,"Conjunto",441,1.55313983745928
100,"Conjunto",442,2.16672901506546
100,"Conjunto",443,1.27928109243794
100,"Conjunto",444,1.35229237024129
100,"Conjunto",445,1.69229585311328
100,"Conjunto",446,2.2859829061189
100,"Conjunto",447,3.21631251237564
100,"Conjunto",448,2.31176116778991
100,"Conjunto",449,1.58408957109833
100,"Conjunto",450,2.26952810165077
100,"Conjunto",451,1.66424808967808
100,"Conjunto",452,1.94765069967622
100,"Conjunto",453,1.27906842967616
100,"Conjunto",454,1.52802353153898
100,"Conjunto",455,2.42247765926583
100,"Conjunto",456,1.41396568293933
100,"Conjunto",457,1.40939113007912
100,"Conjunto",458,1.45402478677077
100,"Conjunto",459,1.4866312314328
100,"Conjunto",460,2.1477069463302
100,"Conjunto",461,2.11883838037589
100,"Conjunto",462,1.80487119332007
100,"Conjunto",463,1.77535388664314
100,"Conjunto",464,1.47973015275511
100,"Conjunto",465,1.71334176976673
100,"Conjunto",466,1.88557196750306
100,"Conjunto",467,1.40467490033906
100,"Conjunto",468,1.82561129187293
100,"Conjunto",469,1.75092849991889
100,"Conjunto",470,1.7671437084262
100,"Conjunto",471,1.86357744978115
100,"Conjunto",472,2.30036222429767
100,"Conjunto",473,2.22645589834914
100,"Conjunto",474,1.69798974820031
100,"Conjunto",475,2.86047283846327
100,"Conjunto",476,1.37641252919778
100,"Conjunto",477,1.73241507175085
100,"Conjunto",478,1.29832769863964
100,"Conjunto",479,2.43614940035284
100,"Conjunto",480,1.69135204360331
100,"Conjunto",481,1.89651976462587
100,"Conjunto",482,1.63930422880344
100,"Conjunto",483,1.63348233174305
100,"Conjunto",484,1.87551102208595
100,"Conjunto",485,1.77007253892435
100,"Conjunto",486,1.97126689118496
100,"Conjunto",487,1.49644365258271
100,"Conjunto",488,2.76790370210344
100,"Conjunto",489,1.64012711212028
100,"Conjunto",490,1.65940259146566
100,"Conjunto",491,2.34332142424073
100,"Conjunto",492,1.60738227426822
100,"Conjunto",493,1.49603827981852
100,"Conjunto",494,1.87721588266266
100,"Conjunto",495,1.20084815508856
100,"Conjunto",496,1.60562040812518
100,"Conjunto",497,1.87832705098923
100,"Conjunto",498,3.35564152267194
100,"Conjunto",499,1.85852490013094
100,"Conjunto",500,1.33196265852116
100,"Conjunto",501,2.3950100420933
100,"Conjunto",502,2.02282334334413
100,"Conjunto",503,1.96943481980798
100,"Conjunto",504,1.25174517472354
100,"Conjunto",505,2.00650298040202
100,"Conjunto",506,2.07058415577307
100,"Conjunto",507,2.03440286277615
100,"Conjunto",508,1.63588701570574
100,"Conjunto",509,2.13397074317334
100,"Conjunto",510,2.85910414249317
100,"Conjunto",511,1.32599185055462
100,"Conjunto",512,1.54098047790653
100,"Conjunto",513,1.54821848652909
100,"Conjunto",514,1.90581167609111
100,"Conjunto",515,1.47406324279065
100,"Conjunto",516,1.66186829800507
100,"Conjunto",517,2.12705844153473
100,"Conjunto",518,2.10671589984264
100,"Conjunto",519,2.36649487294857
100,"Conjunto",520,1.12891046706423
100,"Conjunto",521,1.3033699596523
100,"Conjunto",522,3.2552391963056
100,"Conjunto",523,1.64781909724378
100,"Conjunto",524,1.82861548837859
100,"Conjunto",525,2.66146629557439
100,"Conjunto",526,1.88314934509771
100,"Conjunto",527,1.6097849063943
100,"Conjunto",528,1.50326613902968
100,"Conjunto",529,2.52030490330806
100,"Conjunto",530,1.91187551189334
100,"Conjunto",531,1.43290616482547
100,"Conjunto",532,2.26557264391627
100,"Conjunto",533,2.08000191775961
100,"Conjunto",534,1.82418599631898
100,"Conjunto",535,1.21220667725836
100,"Conjunto",536,1.4454291837586
100,"Conjunto",537,2.40833833101718
100,"Conjunto",538,2.05059057345027
100,"Conjunto",539,1.87428099390586
100,"Conjunto",540,1.55210909949137
100,"Conjunto",541,1.78048257830997
100,"Conjunto",542,1.26229189283269
100,"Conjunto",543,1.92985746165083
100,"Conjunto",544,2.14215886706904
100,"Conjunto",545,1.71427404298169
100,"Conjunto",546,1.50768523921921
100,"Conjunto",547,2.79443224559556
100,"Conjunto",548,1.78112169719209
100,"Conjunto",549,2.42965595428216
100,"Conjunto",550,1.33187781921573
100,"Conjunto",551,1.27370980303854
100,"Conjunto",552,1.43270118662733
100,"Conjunto",553,1.86386316461913
100,"Conjunto",554,1.52337513697059
100,"Conjunto",555,1.76041522469531
100,"Conjunto",556,2.16061176658918
100,"Conjunto",557,2.26580459036621
100,"Conjunto",558,1.89174362073941
100,"Conjunto",559,1.49181896351457
100,"Conjunto",560,2.01870502812221
100,"Conjunto",561,2.96571925392133
100,"Conjunto",562,1.73923880727929
100,"Conjunto",563,1.58860318002026
100,"Conjunto",564,1.58654922133053
100,"Conjunto",565,1.44676268093336
100,"Conjunto",566,1.35873188993932
100,"Conjunto",567,1.79520952086979
100,"Conjunto",568,2.26004314509769
100,"Conjunto",569,1.70451443573039
100,"Conjunto",570,1.8714447129047
100,"Conjunto",571,2.03249761682959
100,"Conjunto",572,2.12672448275624
100,"Conjunto",573,1.53555738764503
100,"Conjunto",574,1.84166656907531
100,"Conjunto",575,1.92555453068787
100,"Conjunto",576,1.96006665690648
100,"Conjunto",577,2.25908799731097
100,"Conjunto",578,2.1457163209105
100,"Conjunto",579,2.43077921795961
100,"Conjunto",580,1.84011717785465
100,"Conjunto",581,2.21336607009075
100,"Conjunto",582,1.86566473633186
100,"Conjunto",583,1.54050635053705
100,"Conjunto",584,1.19251776211288
100,"Conjunto",585,1.23828093661376
100,"Conjunto",586,2.40746070336402
100,"Conjunto",587,1.94402576270138
100,"Conjunto",588,1.94748289185758
100,"Conjunto",589,1.11577234783581
100,"Conjunto",590,1.34365879385844
100,"Conjunto",591,1.66075161103559
100,"Conjunto",592,2.09187884487332
100,"Conjunto",593,1.62192692300809
100,"Conjunto",594,1.65032671467346
100,"Conjunto",595,1.33088611101936
100,"Conjunto",596,1.02049950293851
100,"Conjunto",597,1.51436441582762
100,"Conjunto",598,1.39886342054312
100,"Conjunto",599,2.0416151132461
100,"Conjunto",600,1.8111593933339
100,"Conjunto",601,1.8068615799186
100,"Conjunto",602,1.63258906122514
100,"Conjunto",603,2.21843015637302
100,"Conjunto",604,1.44261528300577
100,"Conjunto",605,1.92311194797343
100,"Conjunto",606,1.4511132025374
100,"Conjunto",607,2.00531557439109
100,"Conjunto",608,2.30988371442365
100,"Conjunto",609,1.97689394101958
100,"Conjunto",610,1.85382647514701
100,"Conjunto",611,1.65980465856475
100,"Conjunto",612,1.84260551990615
100,"Conjunto",613,1.52871035108756
100,"Conjunto",614,1.34671814793597
100,"Conjunto",615,1.59492699641438
100,"Conjunto",616,1.43743961964434
100,"Conjunto",617,2.33901485986066
100,"Conjunto",618,0.969043802868666
100,"Conjunto",619,1.86273680397677
100,"Conjunto",620,1.59528739008378
100,"Conjunto",621,1.62994674478655
100,"Conjunto",622,1.75092715640455
100,"Conjunto",623,2.17418654181809
100,"Conjunto",624,1.61684533399175
100,"Conjunto",625,1.68125405458273
100,"Conjunto",626,1.68115474693748
100,"Conjunto",627,3.00548603965823
100,"Conjunto",628,1.41375247756768
100,"Conjunto",629,1.65420700719224
100,"Conjunto",630,1.95402990129412
100,"Conjunto",631,2.00875696782599
100,"Conjunto",632,2.02821420792006
100,"Conjunto",633,1.35027964535829
100,"Conjunto",634,1.46465699215459
100,"Conjunto",635,1.16501043750368
100,"Conjunto",636,1.64727506828508
100,"Conjunto",637,2.79259976593958
100,"Conjunto",638,2.49750013329182
100,"Conjunto",639,1.7573355628392
100,"Conjunto",640,1.42468052801067
100,"Conjunto",641,2.9166664284678
100,"Conjunto",642,1.55693497561623
100,"Conjunto",643,2.10188258779713
100,"Conjunto",644,2.07501761444874
100,"Conjunto",645,2.08666687079482
100,"Conjunto",646,1.77140083064927
100,"Conjunto",647,1.67422873570721
100,"Conjunto",648,2.41070088397738
100,"Conjunto",649,2.85457276800121
100,"Conjunto",650,2.14676911250578
100,"Conjunto",651,2.64595134877262
100,"Conjunto",652,1.51647163390257
100,"Conjunto",653,1.72326048165394
100,"Conjunto",654,2.27741737211623
100,"Conjunto",655,1.72603679279189
100,"Conjunto",656,1.28519865828942
100,"Conjunto",657,2.10797115123393
100,"Conjunto",658,1.97142964438916
100,"Conjunto",659,2.79404836030694
100,"Conjunto",660,1.243800772639
100,"Conjunto",661,1.20417689675192
100,"Conjunto",662,2.1288943829197
100,"Conjunto",663,2.21984597475985
100,"Conjunto",664,1.65980442596066
100,"Conjunto",665,1.17516541458266
100,"Conjunto",666,1.61316410865524
100,"Conjunto",667,1.75956294056042
100,"Conjunto",668,1.48565611233771
100,"Conjunto",669,1.67214289902558
100,"Conjunto",670,1.61758609965537
100,"Conjunto",671,1.55472848437984
100,"Conjunto",672,2.79651418465759
100,"Conjunto",673,1.83032534797689
100,"Conjunto",674,2.6213692733629
100,"Conjunto",675,2.07900505575334
100,"Conjunto",676,1.87138216010886
100,"Conjunto",677,2.71270186251077
100,"Conjunto",678,1.81945312244616
100,"Conjunto",679,2.19344752949751
100,"Conjunto",680,1.45327784731283
100,"Conjunto",681,2.29180722926027
100,"Conjunto",682,1.63654189584867
100,"Conjunto",683,1.78331909223879
100,"Conjunto",684,2.23714480098268
100,"Conjunto",685,1.66716384668909
100,"Conjunto",686,2.05794136749579
100,"Conjunto",687,1.77341433944966
100,"Conjunto",688,1.24964943897261
100,"Conjunto",689,1.87809115714622
100,"Conjunto",690,1.75786148145676
100,"Conjunto",691,1.54916443318853
100,"Conjunto",692,1.41416346486549
100,"Conjunto",693,2.81340491891939
100,"Conjunto",694,1.67718157889142
100,"Conjunto",695,2.83596696250561
100,"Conjunto",696,1.78937154029831
100,"Conjunto",697,1.9195537188555
100,"Conjunto",698,1.33445217232125
100,"Conjunto",699,1.21912071171363
100,"Conjunto",700,1.81726924243688
100,"Conjunto",701,1.61222873049634
100,"Conjunto",702,1.73802452939974
100,"Conjunto",703,1.01996614308221
100,"Conjunto",704,0.904946031127795
100,"Conjunto",705,1.51899691380621
100,"Conjunto",706,1.08937930860587
100,"Conjunto",707,1.74094988198109
100,"Conjunto",708,2.37723737425149
100,"Conjunto",709,1.48593431545234
100,"Conjunto",710,2.38712054056353
100,"Conjunto",711,0.949980226452334
100,"Conjunto",712,1.89825016022883
100,"Conjunto",713,1.48505718516879
100,"Conjunto",714,1.66809366385937
100,"Conjunto",715,2.18817767047555
100,"Conjunto",716,1.81475194425484
100,"Conjunto",717,1.81123493252392
100,"Conjunto",718,1.36472809135704
100,"Conjunto",719,1.95482007443256
100,"Conjunto",720,1.10696520959985
100,"Conjunto",721,2.08092447064602
100,"Conjunto",722,1.5131540176256
100,"Conjunto",723,1.80233274885528
100,"Conjunto",724,1.64982081916442
100,"Conjunto",725,1.25475454459647
100,"Conjunto",726,2.57619234547455
100,"Conjunto",727,2.02164043942274
100,"Conjunto",728,1.89798368901411
100,"Conjunto",729,2.3559468257091
100,"Conjunto",730,1.3973757284177
100,"Conjunto",731,3.2868959680297
100,"Conjunto",732,1.69337886383995
100,"Conjunto",733,1.78392029248806
100,"Conjunto",734,1.28429575886954
100,"Conjunto",735,1.47592931441183
100,"Conjunto",736,2.03726497859582
100,"Conjunto",737,1.33786207639639
100,"Conjunto",738,2.13070160602249
100,"Conjunto",739,2.25825304579905
100,"Conjunto",740,1.63867610458678
100,"Conjunto",741,1.7074762063986
100,"Conjunto",742,1.92698444126018
100,"Conjunto",743,1.6532291551628
100,"Conjunto",744,1.40652085904282
100,"Conjunto",745,2.29059855787613
100,"Conjunto",746,2.72066671024171
100,"Conjunto",747,2.94903692393467
100,"Conjunto",748,1.84611927881198
100,"Conjunto",749,1.98097205700428
100,"Conjunto",750,1.83016226825421
100,"Conjunto",751,1.43018185906013
100,"Conjunto",752,1.77920721766744
100,"Conjunto",753,1.94005411111039
100,"Conjunto",754,1.90722047709941
100,"Conjunto",755,1.33101229163144
100,"Conjunto",756,2.40225604386295
100,"Conjunto",757,1.32818847947335
100,"Conjunto",758,1.96971601151679
100,"Conjunto",759,1.75763291694132
100,"Conjunto",760,1.94261546168236
100,"Conjunto",761,2.42252211199387
100,"Conjunto",762,0.967235073199922
100,"Conjunto",763,1.57518579792324
100,"Conjunto",764,1.68877751590761
100,"Conjunto",765,1.77771752935485
100,"Conjunto",766,1.83624299568572
100,"Conjunto",767,2.52949683179938
100,"Conjunto",768,1.96872099616883
100,"Conjunto",769,1.68408387115185
100,"Conjunto",770,1.69560196224585
100,"Conjunto",771,1.79235830494375
100,"Conjunto",772,1.73039464290019
100,"Conjunto",773,1.80635250502092
100,"Conjunto",774,2.66177925420398
100,"Conjunto",775,1.5129797303178
100,"Conjunto",776,1.5995112435888
100,"Conjunto",777,1.63748321153818
100,"Conjunto",778,1.64301993062732
100,"Conjunto",779,1.79866155180956
100,"Conjunto",780,1.1125596451301
100,"Conjunto",781,1.18384728788225
100,"Conjunto",782,1.75214383309466
100,"Conjunto",783,2.10359271421574
100,"Conjunto",784,1.84311895081659
100,"Conjunto",785,1.78876565003827
100,"Conjunto",786,1.79529094985471
100,"Conjunto",787,1.77495878207169
100,"Conjunto",788,1.62978363876797
100,"Conjunto",789,2.35192179170056
100,"Conjunto",790,1.60489344292939
100,"Conjunto",791,2.1070152395591
100,"Conjunto",792,1.75266089130575
100,"Conjunto",793,1.76876825334162
100,"Conjunto",794,1.44647874919871
100,"Conjunto",795,1.20653137112625
100,"Conjunto",796,1.58573128762824
100,"Conjunto",797,1.63373679177919
100,"Conjunto",798,1.52188346164663
100,"Conjunto",799,1.59129530276074
100,"Conjunto",800,1.63085484109242
100,"Conjunto",801,2.16526690149101
100,"Conjunto",802,2.15884147840751
100,"Conjunto",803,1.33410606833976
100,"Conjunto",804,1.38080264468091
100,"Conjunto",805,1.73210308435553
100,"Conjunto",806,1.27801077102149
100,"Conjunto",807,2.23951787527674
100,"Conjunto",808,1.84000549042063
100,"Conjunto",809,1.05909447246113
100,"Conjunto",810,1.45104352112526
100,"Conjunto",811,2.89405994571738
100,"Conjunto",812,2.5477490318825
100,"Conjunto",813,1.66639710955615
100,"Conjunto",814,1.51443060887631
100,"Conjunto",815,1.50252785389413
100,"Conjunto",816,1.24698737980347
100,"Conjunto",817,1.75618883634997
100,"Conjunto",818,1.80129933070596
100,"Conjunto",819,1.30289652862716
100,"Conjunto",820,1.81451326048683
100,"Conjunto",821,2.00794902564168
100,"Conjunto",822,1.70548957583244
100,"Conjunto",823,2.19381409291465
100,"Conjunto",824,2.09224247685789
100,"Conjunto",825,2.46497992931784
100,"Conjunto",826,1.68608785291906
100,"Conjunto",827,2.10455093862365
100,"Conjunto",828,1.58826842042513
100,"Conjunto",829,1.34874707529625
100,"Conjunto",830,2.51162616503794
100,"Conjunto",831,1.25723203968627
100,"Conjunto",832,1.4992124497349
100,"Conjunto",833,1.34103378570662
100,"Conjunto",834,1.8008172608668
100,"Conjunto",835,3.48840156129426
100,"Conjunto",836,1.95996403028424
100,"Conjunto",837,1.69204279461463
100,"Conjunto",838,1.73779848811679
100,"Conjunto",839,1.55727028848552
100,"Conjunto",840,2.30433494100605
100,"Conjunto",841,1.91253806870711
100,"Conjunto",842,1.91037356420344
100,"Conjunto",843,1.50075745074226
100,"Conjunto",844,1.44269572026028
100,"Conjunto",845,1.85838118442615
100,"Conjunto",846,1.91296277693025
100,"Conjunto",847,1.38496200973718
100,"Conjunto",848,2.42962489347823
100,"Conjunto",849,2.16535339927749
100,"Conjunto",850,1.674477058511
100,"Conjunto",851,1.37979103928821
100,"Conjunto",852,2.45876609532155
100,"Conjunto",853,1.8799786254612
100,"Conjunto",854,2.25206888643483
100,"Conjunto",855,2.03240933764965
100,"Conjunto",856,1.47020813120816
100,"Conjunto",857,2.03951438022072
100,"Conjunto",858,2.07655763987061
100,"Conjunto",859,1.2650318162038
100,"Conjunto",860,1.90437672232521
100,"Conjunto",861,1.20299590723238
100,"Conjunto",862,1.94864570828074
100,"Conjunto",863,2.17820039074973
100,"Conjunto",864,2.19441509710871
100,"Conjunto",865,1.93186368455877
100,"Conjunto",866,1.42331900255915
100,"Conjunto",867,1.99304493370145
100,"Conjunto",868,1.96949812281968
100,"Conjunto",869,1.35490516916118
100,"Conjunto",870,2.66758835087672
100,"Conjunto",871,2.37576241257968
100,"Conjunto",872,1.50332672223359
100,"Conjunto",873,1.72146397227381
100,"Conjunto",874,1.91410397459151
100,"Conjunto",875,1.75295710601789
100,"Conjunto",876,1.46306052145177
100,"Conjunto",877,1.52337022131449
100,"Conjunto",878,2.07950504086192
100,"Conjunto",879,1.89058081065368
100,"Conjunto",880,1.4968376269552
100,"Conjunto",881,1.6916989595086
100,"Conjunto",882,2.28945791462485
100,"Conjunto",883,2.33545030613364
100,"Conjunto",884,2.46965754692719
100,"Conjunto",885,2.28727734601276
100,"Conjunto",886,1.82276879114037
100,"Conjunto",887,2.4018684665586
100,"Conjunto",888,1.73124926820568
100,"Conjunto",889,2.37202659655263
100,"Conjunto",890,1.01806686179289
100,"Conjunto",891,1.60756377139676
100,"Conjunto",892,2.24420618678639
100,"Conjunto",893,1.30807550574665
100,"Conjunto",894,1.85263548304624
100,"Conjunto",895,2.28941776682675
100,"Conjunto",896,2.66500670007289
100,"Conjunto",897,2.3986823059347
100,"Conjunto",898,1.52849058383015
100,"Conjunto",899,1.12898362431894
100,"Conjunto",900,1.78271913153221
100,"Conjunto",901,1.85127012109516
100,"Conjunto",902,1.15299644780965
100,"Conjunto",903,1.5645769270802
100,"Conjunto",904,1.86028945185218
100,"Conjunto",905,1.09642083284373
100,"Conjunto",906,0.797769489466104
100,"Conjunto",907,2.03188611437525
100,"Conjunto",908,2.30367748035181
100,"Conjunto",909,1.70516540429528
100,"Conjunto",910,1.79103876365661
100,"Conjunto",911,1.37181065233036
100,"Conjunto",912,2.05844626072544
100,"Conjunto",913,1.27624128355126
100,"Conjunto",914,2.08308821862509
100,"Conjunto",915,2.41692913133183
100,"Conjunto",916,1.31890062434515
100,"Conjunto",917,2.62201385212534
100,"Conjunto",918,1.57225048602436
100,"Conjunto",919,1.45294084027398
100,"Conjunto",920,1.25186478036103
100,"Conjunto",921,2.69196105445448
100,"Conjunto",922,1.71778582296799
100,"Conjunto",923,1.75364025508078
100,"Conjunto",924,1.9800376769737
100,"Conjunto",925,2.05349882409642
100,"Conjunto",926,1.3437251675181
100,"Conjunto",927,1.93966512031707
100,"Conjunto",928,2.11681348735353
100,"Conjunto",929,1.48827903426201
100,"Conjunto",930,1.35890705796622
100,"Conjunto",931,1.31778938933155
100,"Conjunto",932,1.84970431582734
100,"Conjunto",933,1.13050110592151
100,"Conjunto",934,2.10604917806786
100,"Conjunto",935,1.43058490100421
100,"Conjunto",936,1.46059998871842
100,"Conjunto",937,1.95979611990823
100,"Conjunto",938,2.07766527166586
100,"Conjunto",939,1.53606296496533
100,"Conjunto",940,1.81877540612749
100,"Conjunto",941,1.58985707285472
100,"Conjunto",942,2.05833547590743
100,"Conjunto",943,1.67142972027637
100,"Conjunto",944,2.0737175893276
100,"Conjunto",945,1.81027868161277
100,"Conjunto",946,1.76631169023734
100,"Conjunto",947,2.07546703073655
100,"Conjunto",948,1.47977656494316
100,"Conjunto",949,1.34552650708742
100,"Conjunto",950,1.60565825365518
100,"Conjunto",951,1.45886993715067
100,"Conjunto",952,1.39722755392728
100,"Conjunto",953,1.89002163286895
100,"Conjunto",954,1.11400701652065
100,"Conjunto",955,1.93462810348664
100,"Conjunto",956,1.4253150713637
100,"Conjunto",957,2.27675775699364
100,"Conjunto",958,2.08241103934599
100,"Conjunto",959,2.50747136123897
100,"Conjunto",960,1.38988639552184
100,"Conjunto",961,2.15600275297535
100,"Conjunto",962,2.07530638399092
100,"Conjunto",963,1.6760002329514
100,"Conjunto",964,1.39680893562547
100,"Conjunto",965,1.5633193628502
100,"Conjunto",966,2.2816857759584
100,"Conjunto",967,1.54966383500837
100,"Conjunto",968,2.70879462191521
100,"Conjunto",969,1.337344373799
100,"Conjunto",970,2.80526466079943
100,"Conjunto",971,1.58920996375294
100,"Conjunto",972,1.46552443002697
100,"Conjunto",973,2.0559429682918
100,"Conjunto",974,1.67441430662417
100,"Conjunto",975,1.37267002491982
100,"Conjunto",976,1.77097718535523
100,"Conjunto",977,1.77395063807036
100,"Conjunto",978,1.65419520472665
100,"Conjunto",979,1.39566984464924
100,"Conjunto",980,1.49183154543707
100,"Conjunto",981,1.44887158767746
100,"Conjunto",982,2.6140408897405
100,"Conjunto",983,1.97155332563171
100,"Conjunto",984,1.33800592315551
100,"Conjunto",985,1.9265826407173
100,"Conjunto",986,2.15417609256948
100,"Conjunto",987,1.40313678710677
100,"Conjunto",988,2.12191669442765
100,"Conjunto",989,1.52418398658833
100,"Conjunto",990,2.26525209304936
100,"Conjunto",991,1.056308907846
100,"Conjunto",992,2.52147417515037
100,"Conjunto",993,1.77567247110482
100,"Conjunto",994,2.01842678230715
100,"Conjunto",995,1.57702843209384
100,"Conjunto",996,2.46223498528681
100,"Conjunto",997,1.97664564196287
100,"Conjunto",998,1.6896406493757
100,"Conjunto",999,1.86949773423274
100,"Conjunto",1000,1.45362434781513
250,"Duas etapas",1,1.3024243705368
250,"Duas etapas",2,1.55033715189404
250,"Duas etapas",3,1.85452624838612
250,"Duas etapas",4,1.42197960426273
250,"Duas etapas",5,1.22534570583923
250,"Duas etapas",6,1.66783146749048
250,"Duas etapas",7,1.65216637883572
250,"Duas etapas",8,1.57002394620048
250,"Duas etapas",9,1.38263242268138
250,"Duas etapas",10,1.40714550247001
250,"Duas etapas",11,1.56170511729191
250,"Duas etapas",12,1.29642154939695
250,"Duas etapas",13,1.65594998748676
250,"Duas etapas",14,1.35311943731988
250,"Duas etapas",15,1.23316722450949
250,"Duas etapas",16,1.57962111991842
250,"Duas etapas",17,1.39752163292384
250,"Duas etapas",18,1.76589661898431
250,"Duas etapas",19,1.94789973097051
250,"Duas etapas",20,1.42545907753078
250,"Duas etapas",21,1.57925149387373
250,"Duas etapas",22,1.40875542196039
250,"Duas etapas",23,1.6285703472289
250,"Duas etapas",24,1.57631406618851
250,"Duas etapas",25,1.35271461798515
250,"Duas etapas",26,1.45412413169689
250,"Duas etapas",27,1.53278357805071
250,"Duas etapas",28,1.08837051632104
250,"Duas etapas",29,1.44017494283355
250,"Duas etapas",30,1.67769926924913
250,"Duas etapas",31,1.50841878773745
250,"Duas etapas",32,1.61479331263912
250,"Duas etapas",33,1.46026810658857
250,"Duas etapas",34,1.3007845723832
250,"Duas etapas",35,1.32666161631462
250,"Duas etapas",36,1.34957077961494
250,"Duas etapas",37,1.27583313121376
250,"Duas etapas",38,1.56501422853134
250,"Duas etapas",39,1.35609598983865
250,"Duas etapas",40,1.27099984868077
250,"Duas etapas",41,1.38113482529717
250,"Duas etapas",42,1.6416614760293
250,"Duas etapas",43,1.47693518264137
250,"Duas etapas",44,1.46492618587622
250,"Duas etapas",45,1.34299907246591
250,"Duas etapas",46,1.34194816781846
250,"Duas etapas",47,1.37010378159032
250,"Duas etapas",48,1.39510360201808
250,"Duas etapas",49,1.78055503184659
250,"Duas etapas",50,1.29151119860906
250,"Duas etapas",51,1.35712901148881
250,"Duas etapas",52,1.38691640756831
250,"Duas etapas",53,1.77116575362175
250,"Duas etapas",54,1.35892668476696
250,"Duas etapas",55,1.97931427872083
250,"Duas etapas",56,1.74734841022339
250,"Duas etapas",57,1.53041756177722
250,"Duas etapas",58,1.23750187600791
250,"Duas etapas",59,1.68323475904818
250,"Duas etapas",60,1.53650770887208
250,"Duas etapas",61,1.53121699357611
250,"Duas etapas",62,1.61258271573904
250,"Duas etapas",63,1.40773079391059
250,"Duas etapas",64,1.78646255544388
250,"Duas etapas",65,1.38572947012948
250,"Duas etapas",66,1.6127373895355
250,"Duas etapas",67,1.52004231193499
250,"Duas etapas",68,1.59850889194825
250,"Duas etapas",69,1.21945913961954
250,"Duas etapas",70,1.91233865883186
250,"Duas etapas",71,1.19765825965252
250,"Duas etapas",72,1.81093387122999
250,"Duas etapas",73,1.19170408999246
250,"Duas etapas",74,1.53716093136946
250,"Duas etapas",75,1.41972599648078
250,"Duas etapas",76,1.3853305055496
250,"Duas etapas",77,1.35538514290078
250,"Duas etapas",78,1.49811423886828
250,"Duas etapas",79,1.44516482677112
250,"Duas etapas",80,1.48693718174448
250,"Duas etapas",81,1.45213437633063
250,"Duas etapas",82,1.34932251308905
250,"Duas etapas",83,1.4976733052559
250,"Duas etapas",84,1.86656487071027
250,"Duas etapas",85,1.2215740559027
250,"Duas etapas",86,1.63207576825521
250,"Duas etapas",87,1.35903155033781
250,"Duas etapas",88,1.84201140272803
250,"Duas etapas",89,1.65519140746701
250,"Duas etapas",90,1.42297636193428
250,"Duas etapas",91,1.46488056983967
250,"Duas etapas",92,1.45244727502524
250,"Duas etapas",93,1.64499019628051
250,"Duas etapas",94,1.51954148926337
250,"Duas etapas",95,1.42726662598773
250,"Duas etapas",96,1.62542555735376
250,"Duas etapas",97,1.4375573680156
250,"Duas etapas",98,1.28542326129906
250,"Duas etapas",99,1.40620835066588
250,"Duas etapas",100,1.29553578441679
250,"Duas etapas",101,1.32447851780072
250,"Duas etapas",102,1.3744360848888
250,"Duas etapas",103,1.53413188161587
250,"Duas etapas",104,1.33260083427507
250,"Duas etapas",105,1.25189709635568
250,"Duas etapas",106,1.42728252244172
250,"Duas etapas",107,1.55057996581897
250,"Duas etapas",108,1.31451728881616
250,"Duas etapas",109,1.72245126896472
250,"Duas etapas",110,1.49957325357169
250,"Duas etapas",111,1.66594664793229
250,"Duas etapas",112,1.68514080252251
250,"Duas etapas",113,1.50585527660317
250,"Duas etapas",114,1.00764099814912
250,"Duas etapas",115,1.68323301382555
250,"Duas etapas",116,1.54825218036457
250,"Duas etapas",117,1.68518768332174
250,"Duas etapas",118,1.20378270230141
250,"Duas etapas",119,1.83512706550116
250,"Duas etapas",120,1.14038355350727
250,"Duas etapas",121,1.41261456810706
250,"Duas etapas",122,1.40060267527493
250,"Duas etapas",123,1.52812748382397
250,"Duas etapas",124,1.42729457282175
250,"Duas etapas",125,1.47428027892246
250,"Duas etapas",126,1.38856461669967
250,"Duas etapas",127,1.49216247889097
250,"Duas etapas",128,1.62461404523613
250,"Duas etapas",129,1.57746126090158
250,"Duas etapas",130,1.34020358725149
250,"Duas etapas",131,1.4281574028305
250,"Duas etapas",132,1.46387451116826
250,"Duas etapas",133,1.57204958125968
250,"Duas etapas",134,1.60451855283822
250,"Duas etapas",135,1.75008239701111
250,"Duas etapas",136,1.40585184123581
250,"Duas etapas",137,1.43903453978481
250,"Duas etapas",138,1.71023409748032
250,"Duas etapas",139,1.60636287817162
250,"Duas etapas",140,1.44181141650568
250,"Duas etapas",141,1.42921856150316
250,"Duas etapas",142,1.54187786985857
250,"Duas etapas",143,1.49166021328628
250,"Duas etapas",144,1.32874159291163
250,"Duas etapas",145,2.02462442180233
250,"Duas etapas",146,1.62223412236737
250,"Duas etapas",147,1.21701940980124
250,"Duas etapas",148,1.34899882605215
250,"Duas etapas",149,1.27181176282214
250,"Duas etapas",150,1.25735329624208
250,"Duas etapas",151,2.06145941385153
250,"Duas etapas",152,1.51555983415706
250,"Duas etapas",153,1.69333861737409
250,"Duas etapas",154,1.38984318348978
250,"Duas etapas",155,1.2635176379003
250,"Duas etapas",156,1.43700062964196
250,"Duas etapas",157,2.10946982207829
250,"Duas etapas",158,1.24706762980461
250,"Duas etapas",159,1.5267468410574
250,"Duas etapas",160,1.55647136708872
250,"Duas etapas",161,2.10309391825792
250,"Duas etapas",162,1.81684878647556
250,"Duas etapas",163,1.22104959139561
250,"Duas etapas",164,1.41916326241858
250,"Duas etapas",165,1.25819093870733
250,"Duas etapas",166,1.73702550721443
250,"Duas etapas",167,1.40101698812498
250,"Duas etapas",168,1.43594835474061
250,"Duas etapas",169,1.41544981669507
250,"Duas etapas",170,1.40691286863946
250,"Duas etapas",171,1.70731314654274
250,"Duas etapas",172,1.45251096437588
250,"Duas etapas",173,1.60934286438428
250,"Duas etapas",174,1.22339004094891
250,"Duas etapas",175,1.28497632788838
250,"Duas etapas",176,1.44901122927566
250,"Duas etapas",177,1.45034461787197
250,"Duas etapas",178,1.4436877260181
250,"Duas etapas",179,1.38988114087759
250,"Duas etapas",180,1.53628054916147
250,"Duas etapas",181,1.47826455020468
250,"Duas etapas",182,1.33225126271397
250,"Duas etapas",183,1.32809089790434
250,"Duas etapas",184,1.82168940927173
250,"Duas etapas",185,1.50938389352066
250,"Duas etapas",186,1.68510058505648
250,"Duas etapas",187,1.33299229724211
250,"Duas etapas",188,1.48255816698937
250,"Duas etapas",189,1.36826635069714
250,"Duas etapas",190,2.19792845353638
250,"Duas etapas",191,1.66145650188697
250,"Duas etapas",192,1.71336764827233
250,"Duas etapas",193,1.78193785539795
250,"Duas etapas",194,1.38088547993746
250,"Duas etapas",195,1.37986616130372
250,"Duas etapas",196,1.34617218570276
250,"Duas etapas",197,1.13825756423961
250,"Duas etapas",198,1.53189332648421
250,"Duas etapas",199,1.42072854116449
250,"Duas etapas",200,1.69759207145417
250,"Duas etapas",201,1.89715423506094
250,"Duas etapas",202,1.75594691575228
250,"Duas etapas",203,1.4808975496985
250,"Duas etapas",204,1.6147029374338
250,"Duas etapas",205,1.582969378824
250,"Duas etapas",206,1.39446848324745
250,"Duas etapas",207,2.67969717198191
250,"Duas etapas",208,1.65509842850439
250,"Duas etapas",209,1.4540236350059
250,"Duas etapas",210,1.65229871269657
250,"Duas etapas",211,1.41472327129639
250,"Duas etapas",212,1.43729512766595
250,"Duas etapas",213,1.55689595114642
250,"Duas etapas",214,1.82767237719694
250,"Duas etapas",215,1.49410509360174
250,"Duas etapas",216,1.76753716968806
250,"Duas etapas",217,1.70022574649797
250,"Duas etapas",218,1.63828027937184
250,"Duas etapas",219,1.3642256329459
250,"Duas etapas",220,1.40661297006183
250,"Duas etapas",221,1.48555695183686
250,"Duas etapas",222,1.51720954509245
250,"Duas etapas",223,1.2985765903507
250,"Duas etapas",224,1.60738811672722
250,"Duas etapas",225,1.70780515449309
250,"Duas etapas",226,1.37753370684491
250,"Duas etapas",227,1.13590998688987
250,"Duas etapas",228,1.87410487608596
250,"Duas etapas",229,1.64161084275384
250,"Duas etapas",230,1.62711425147566
250,"Duas etapas",231,1.44059317321012
250,"Duas etapas",232,1.1280311680966
250,"Duas etapas",233,1.88750257362364
250,"Duas etapas",234,1.58185253344628
250,"Duas etapas",235,1.68451198366273
250,"Duas etapas",236,1.30246415270625
250,"Duas etapas",237,1.30606509979751
250,"Duas etapas",238,1.67561989986128
250,"Duas etapas",239,1.39894098549041
250,"Duas etapas",240,1.77741251432234
250,"Duas etapas",241,1.61611626556941
250,"Duas etapas",242,1.22094834106444
250,"Duas etapas",243,1.56210372946646
250,"Duas etapas",244,1.99686241410648
250,"Duas etapas",245,1.65684513864618
250,"Duas etapas",246,1.85139645880696
250,"Duas etapas",247,1.15493532111507
250,"Duas etapas",248,1.82253222659778
250,"Duas etapas",249,1.40297638639063
250,"Duas etapas",250,1.60333320043713
250,"Duas etapas",251,1.42884435940791
250,"Duas etapas",252,1.21442784200828
250,"Duas etapas",253,1.50205733839124
250,"Duas etapas",254,1.44766378458607
250,"Duas etapas",255,1.64434165870155
250,"Duas etapas",256,1.60911110913507
250,"Duas etapas",257,1.93628085654001
250,"Duas etapas",258,1.47132352011379
250,"Duas etapas",259,1.35862066069837
250,"Duas etapas",260,1.69719108855438
250,"Duas etapas",261,1.69408261420082
250,"Duas etapas",262,1.44023714627735
250,"Duas etapas",263,2.31566857766529
250,"Duas etapas",264,1.37434099919872
250,"Duas etapas",265,1.35214462087262
250,"Duas etapas",266,1.64138278469272
250,"Duas etapas",267,1.38743258594282
250,"Duas etapas",268,1.14826927535327
250,"Duas etapas",269,1.11977884766907
250,"Duas etapas",270,1.50189422410906
250,"Duas etapas",271,1.24722639550784
250,"Duas etapas",272,1.87836926083524
250,"Duas etapas",273,1.22048868778466
250,"Duas etapas",274,1.38767033422508
250,"Duas etapas",275,1.36250044575903
250,"Duas etapas",276,1.07337842741726
250,"Duas etapas",277,1.93118247796057
250,"Duas etapas",278,1.2406319416885
250,"Duas etapas",279,1.27434868507903
250,"Duas etapas",280,1.20207943838634
250,"Duas etapas",281,1.63800252598144
250,"Duas etapas",282,1.54475504024486
250,"Duas etapas",283,1.11697290762834
250,"Duas etapas",284,1.95160731628999
250,"Duas etapas",285,1.42858382652373
250,"Duas etapas",286,1.49776808421796
250,"Duas etapas",287,1.60915925767765
250,"Duas etapas",288,1.31076427223875
250,"Duas etapas",289,1.46959734588231
250,"Duas etapas",290,1.53458867594903
250,"Duas etapas",291,1.77436947391452
250,"Duas etapas",292,1.50329280135639
250,"Duas etapas",293,1.65625417135598
250,"Duas etapas",294,1.60371116837799
250,"Duas etapas",295,1.28194289289341
250,"Duas etapas",296,1.75264593639376
250,"Duas etapas",297,1.5573795871966
250,"Duas etapas",298,1.74487189474763
250,"Duas etapas",299,1.66867009198346
250,"Duas etapas",300,1.7620946994675
250,"Duas etapas",301,1.39700936837745
250,"Duas etapas",302,1.6266941241489
250,"Duas etapas",303,1.54254533162863
250,"Duas etapas",304,1.65078767512247
250,"Duas etapas",305,1.44589416532993
250,"Duas etapas",306,1.97202540265017
250,"Duas etapas",307,1.09090860663923
250,"Duas etapas",308,1.75681208214965
250,"Duas etapas",309,1.78278175119482
250,"Duas etapas",310,1.49867852502304
250,"Duas etapas",311,1.5202396665739
250,"Duas etapas",312,1.69285517597095
250,"Duas etapas",313,1.37660400168907
250,"Duas etapas",314,1.88624045355791
250,"Duas etapas",315,2.06694968488898
250,"Duas etapas",316,1.30981808578111
250,"Duas etapas",317,1.59700109092173
250,"Duas etapas",318,1.3261145934348
250,"Duas etapas",319,1.3207099272977
250,"Duas etapas",320,1.52675475395059
250,"Duas etapas",321,1.45641736933765
250,"Duas etapas",322,1.43332346779916
250,"Duas etapas",323,1.27369675164235
250,"Duas etapas",324,1.38313709533758
250,"Duas etapas",325,1.9789132425241
250,"Duas etapas",326,1.99834589716598
250,"Duas etapas",327,1.56387520647408
250,"Duas etapas",328,1.71910687103867
250,"Duas etapas",329,1.54247408105133
250,"Duas etapas",330,1.37294043964882
250,"Duas etapas",331,1.17070358140386
250,"Duas etapas",332,1.41691776158458
250,"Duas etapas",333,1.68920865019991
250,"Duas etapas",334,1.21680727858576
250,"Duas etapas",335,1.2621906888374
250,"Duas etapas",336,1.36835838018469
250,"Duas etapas",337,1.45025301102773
250,"Duas etapas",338,1.37777118094829
250,"Duas etapas",339,1.43694879104459
250,"Duas etapas",340,1.67489188404141
250,"Duas etapas",341,1.4637005333824
250,"Duas etapas",342,1.91678675319741
250,"Duas etapas",343,1.47395870406291
250,"Duas etapas",344,1.63485322429529
250,"Duas etapas",345,1.42611836374912
250,"Duas etapas",346,1.43535876131999
250,"Duas etapas",347,1.49733035923196
250,"Duas etapas",348,1.61824620630328
250,"Duas etapas",349,1.44422060236325
250,"Duas etapas",350,1.55297357171429
250,"Duas etapas",351,1.54254835824369
250,"Duas etapas",352,1.40759899616437
250,"Duas etapas",353,1.75873061361674
250,"Duas etapas",354,1.42892237527007
250,"Duas etapas",355,1.44676275481281
250,"Duas etapas",356,1.2889492976874
250,"Duas etapas",357,1.58174661052946
250,"Duas etapas",358,1.48790254988982
250,"Duas etapas",359,1.84169658209318
250,"Duas etapas",360,1.66915330410911
250,"Duas etapas",361,1.58836554443874
250,"Duas etapas",362,1.62574277595223
250,"Duas etapas",363,1.58655213022003
250,"Duas etapas",364,1.58202678360711
250,"Duas etapas",365,1.92635790499063
250,"Duas etapas",366,1.57810611689414
250,"Duas etapas",367,1.32618073439411
250,"Duas etapas",368,1.50237228478621
250,"Duas etapas",369,1.25374681816104
250,"Duas etapas",370,2.21198523279566
250,"Duas etapas",371,1.72857688562419
250,"Duas etapas",372,1.49600582765807
250,"Duas etapas",373,1.48770594217943
250,"Duas etapas",374,1.50446994583295
250,"Duas etapas",375,1.15693663872608
250,"Duas etapas",376,1.49264593830241
250,"Duas etapas",377,1.49807130527557
250,"Duas etapas",378,1.47311055951558
250,"Duas etapas",379,1.73672462215345
250,"Duas etapas",380,1.68276381490947
250,"Duas etapas",381,1.56274364317282
250,"Duas etapas",382,1.66201651045101
250,"Duas etapas",383,1.72304604763932
250,"Duas etapas",384,1.66279602218807
250,"Duas etapas",385,1.56272068553884
250,"Duas etapas",386,1.48689124217785
250,"Duas etapas",387,1.4714753890019
250,"Duas etapas",388,1.46119897488631
250,"Duas etapas",389,1.36447143166815
250,"Duas etapas",390,1.723940524488
250,"Duas etapas",391,1.55570886535692
250,"Duas etapas",392,1.6555830289084
250,"Duas etapas",393,1.55661893333376
250,"Duas etapas",394,1.59575947270197
250,"Duas etapas",395,1.39151404313779
250,"Duas etapas",396,1.39325859070606
250,"Duas etapas",397,1.37305300379335
250,"Duas etapas",398,1.82216728151447
250,"Duas etapas",399,1.48981026138745
250,"Duas etapas",400,1.61029929448312
250,"Duas etapas",401,1.08976234229315
250,"Duas etapas",402,1.34666545126895
250,"Duas etapas",403,1.54907353144696
250,"Duas etapas",404,1.35430408032864
250,"Duas etapas",405,1.68534955543531
250,"Duas etapas",406,1.1570286862571
250,"Duas etapas",407,1.75968378892666
250,"Duas etapas",408,1.43619057958745
250,"Duas etapas",409,1.40699811119446
250,"Duas etapas",410,1.42315112592857
250,"Duas etapas",411,1.64792150073929
250,"Duas etapas",412,1.47043079852514
250,"Duas etapas",413,1.38317246316724
250,"Duas etapas",414,1.65287039549473
250,"Duas etapas",415,1.60346952608493
250,"Duas etapas",416,1.29018403211183
250,"Duas etapas",417,1.34985377618407
250,"Duas etapas",418,1.54396048767639
250,"Duas etapas",419,1.59367126705133
250,"Duas etapas",420,1.38597222140452
250,"Duas etapas",421,1.36416799083668
250,"Duas etapas",422,1.13792278950756
250,"Duas etapas",423,1.37409371070231
250,"Duas etapas",424,1.75122557750755
250,"Duas etapas",425,1.4965296141876
250,"Duas etapas",426,1.69377317413751
250,"Duas etapas",427,1.64605429191245
250,"Duas etapas",428,1.3775330816838
250,"Duas etapas",429,1.76281775010075
250,"Duas etapas",430,1.1918054500654
250,"Duas etapas",431,1.55717927214311
250,"Duas etapas",432,1.62626079473388
250,"Duas etapas",433,1.66815656930623
250,"Duas etapas",434,2.02279646717077
250,"Duas etapas",435,1.34311789714738
250,"Duas etapas",436,1.49072681893751
250,"Duas etapas",437,1.79642926152744
250,"Duas etapas",438,1.6972859727483
250,"Duas etapas",439,1.5956616821754
250,"Duas etapas",440,1.52396978876064
250,"Duas etapas",441,1.46634803427993
250,"Duas etapas",442,1.25044228237619
250,"Duas etapas",443,1.43186150728751
250,"Duas etapas",444,1.22699261090508
250,"Duas etapas",445,1.45474919200192
250,"Duas etapas",446,1.58649442504552
250,"Duas etapas",447,1.43232344949375
250,"Duas etapas",448,1.55268816912072
250,"Duas etapas",449,1.33794513251152
250,"Duas etapas",450,1.53868400535207
250,"Duas etapas",451,1.46577762985989
250,"Duas etapas",452,1.62662487887898
250,"Duas etapas",453,1.65010304297134
250,"Duas etapas",454,1.56805558049139
250,"Duas etapas",455,1.50354545108451
250,"Duas etapas",456,1.42305710321946
250,"Duas etapas",457,1.73285642671314
250,"Duas etapas",458,1.36220356937765
250,"Duas etapas",459,1.44930007617914
250,"Duas etapas",460,1.50741515058146
250,"Duas etapas",461,1.51340505707005
250,"Duas etapas",462,1.53515485481428
250,"Duas etapas",463,1.13204759480818
250,"Duas etapas",464,1.39780655436017
250,"Duas etapas",465,1.82594321890039
250,"Duas etapas",466,1.33056501325513
250,"Duas etapas",467,1.58696596012821
250,"Duas etapas",468,1.54646721200487
250,"Duas etapas",469,1.4798520632698
250,"Duas etapas",470,1.23817207882883
250,"Duas etapas",471,1.32611301357394
250,"Duas etapas",472,1.48613285669016
250,"Duas etapas",473,1.64077827393667
250,"Duas etapas",474,1.58422843494274
250,"Duas etapas",475,1.52880577017499
250,"Duas etapas",476,1.38836363389024
250,"Duas etapas",477,1.59341480529394
250,"Duas etapas",478,1.67390344812833
250,"Duas etapas",479,1.49033661930284
250,"Duas etapas",480,1.70845962926666
250,"Duas etapas",481,1.67066203417306
250,"Duas etapas",482,1.64201535892333
250,"Duas etapas",483,1.39636263015254
250,"Duas etapas",484,1.71178383762943
250,"Duas etapas",485,1.84173718604749
250,"Duas etapas",486,1.1549172206612
250,"Duas etapas",487,1.51875893384692
250,"Duas etapas",488,1.57567593458739
250,"Duas etapas",489,1.40139269671871
250,"Duas etapas",490,1.68387810393595
250,"Duas etapas",491,1.12844959937286
250,"Duas etapas",492,1.10657598508253
250,"Duas etapas",493,1.44387676748841
250,"Duas etapas",494,1.71711833196104
250,"Duas etapas",495,1.96912401779387
250,"Duas etapas",496,1.81475393062521
250,"Duas etapas",497,1.80534282676842
250,"Duas etapas",498,1.71565546931584
250,"Duas etapas",499,1.71192143472572
250,"Duas etapas",500,1.67159268649627
250,"Duas etapas",501,1.48071301321868
250,"Duas etapas",502,1.58799299637325
250,"Duas etapas",503,1.67136193603588
250,"Duas etapas",504,1.28094821302391
250,"Duas etapas",505,1.46324808342065
250,"Duas etapas",506,1.60387125471722
250,"Duas etapas",507,1.38396432650294
250,"Duas etapas",508,1.3705085077964
250,"Duas etapas",509,1.3005763259386
250,"Duas etapas",510,1.52005541786135
250,"Duas etapas",511,1.59091608962489
250,"Duas etapas",512,1.27818770455472
250,"Duas etapas",513,1.42379915810966
250,"Duas etapas",514,1.60817415377004
250,"Duas etapas",515,1.4065050200297
250,"Duas etapas",516,2.09472883891238
250,"Duas etapas",517,2.00549863733775
250,"Duas etapas",518,1.59283949855104
250,"Duas etapas",519,1.55576003549012
250,"Duas etapas",520,1.54542380564627
250,"Duas etapas",521,1.62057716052371
250,"Duas etapas",522,1.5633760771709
250,"Duas etapas",523,1.73755825360133
250,"Duas etapas",524,1.712979410067
250,"Duas etapas",525,1.62669278164357
250,"Duas etapas",526,1.54962869682134
250,"Duas etapas",527,1.22483282282963
250,"Duas etapas",528,1.51552144135453
250,"Duas etapas",529,1.50609815776758
250,"Duas etapas",530,1.84702728853902
250,"Duas etapas",531,1.48901092083342
250,"Duas etapas",532,1.47275662129138
250,"Duas etapas",533,1.63494450554564
250,"Duas etapas",534,1.6066047670522
250,"Duas etapas",535,1.40841928775355
250,"Duas etapas",536,1.51986626507468
250,"Duas etapas",537,1.62524897614833
250,"Duas etapas",538,1.66661744113289
250,"Duas etapas",539,1.4106161940326
250,"Duas etapas",540,1.48625675243904
250,"Duas etapas",541,1.83414856614674
250,"Duas etapas",542,1.13337727779404
250,"Duas etapas",543,1.27829165817046
250,"Duas etapas",544,1.33473508835869
250,"Duas etapas",545,1.5193003158053
250,"Duas etapas",546,1.37377250659933
250,"Duas etapas",547,1.60546736927927
250,"Duas etapas",548,1.65081620364237
250,"Duas etapas",549,1.81098240308361
250,"Duas etapas",550,1.46432640706138
250,"Duas etapas",551,1.40256203270545
250,"Duas etapas",552,1.32249572456876
250,"Duas etapas",553,1.2489752653473
250,"Duas etapas",554,1.36258738031784
250,"Duas etapas",555,1.77789343527175
250,"Duas etapas",556,1.74592405502406
250,"Duas etapas",557,1.46701873250607
250,"Duas etapas",558,1.52319599293606
250,"Duas etapas",559,1.58952204428663
250,"Duas etapas",560,1.33268408355418
250,"Duas etapas",561,1.3219507570615
250,"Duas etapas",562,1.62269598291357
250,"Duas etapas",563,1.69449129162281
250,"Duas etapas",564,1.4665162840579
250,"Duas etapas",565,1.55665066201429
250,"Duas etapas",566,1.30922486853368
250,"Duas etapas",567,1.46055059213366
250,"Duas etapas",568,1.47913985284347
250,"Duas etapas",569,1.3842795749062
250,"Duas etapas",570,1.2721000538978
250,"Duas etapas",571,1.5613286325003
250,"Duas etapas",572,1.49468587544525
250,"Duas etapas",573,1.64092634082543
250,"Duas etapas",574,1.22743207215139
250,"Duas etapas",575,1.21453604357265
250,"Duas etapas",576,2.03431611770375
250,"Duas etapas",577,1.28708132971128
250,"Duas etapas",578,1.76470866667361
250,"Duas etapas",579,1.64572713673287
250,"Duas etapas",580,1.42676176545407
250,"Duas etapas",581,1.83155584044918
250,"Duas etapas",582,1.24623897692465
250,"Duas etapas",583,1.31767829085542
250,"Duas etapas",584,1.3757030920196
250,"Duas etapas",585,1.273278612393
250,"Duas etapas",586,1.56683712030631
250,"Duas etapas",587,1.10762345207955
250,"Duas etapas",588,1.42556581085044
250,"Duas etapas",589,1.22753390369214
250,"Duas etapas",590,1.53245118913122
250,"Duas etapas",591,1.38108728694321
250,"Duas etapas",592,1.11891751460481
250,"Duas etapas",593,1.52669306598842
250,"Duas etapas",594,1.35658637042628
250,"Duas etapas",595,1.44060278979155
250,"Duas etapas",596,1.64385388944601
250,"Duas etapas",597,1.58523708821985
250,"Duas etapas",598,1.34188931720344
250,"Duas etapas",599,1.42246783117344
250,"Duas etapas",600,1.5160959383411
250,"Duas etapas",601,1.65274240598011
250,"Duas etapas",602,1.67391258494177
250,"Duas etapas",603,1.40774606914624
250,"Duas etapas",604,1.26454749496905
250,"Duas etapas",605,1.56153427742989
250,"Duas etapas",606,1.83064846611142
250,"Duas etapas",607,1.57438811635511
250,"Duas etapas",608,1.71078306640788
250,"Duas etapas",609,1.53662783359253
250,"Duas etapas",610,1.68540027865573
250,"Duas etapas",611,1.5704051962485
250,"Duas etapas",612,1.65455390136142
250,"Duas etapas",613,1.89102515269838
250,"Duas etapas",614,1.18655093151891
250,"Duas etapas",615,1.53772983452986
250,"Duas etapas",616,1.82793219522327
250,"Duas etapas",617,1.68385350088062
250,"Duas etapas",618,1.40627255610922
250,"Duas etapas",619,1.71509023560352
250,"Duas etapas",620,1.47973976461129
250,"Duas etapas",621,1.40734836932929
250,"Duas etapas",622,1.39590900461544
250,"Duas etapas",623,1.79899563176475
250,"Duas etapas",624,1.20983903011789
250,"Duas etapas",625,1.43992228904549
250,"Duas etapas",626,1.45929675633721
250,"Duas etapas",627,1.35907029908712
250,"Duas etapas",628,1.48166157034785
250,"Duas etapas",629,1.37704646954435
250,"Duas etapas",630,1.32570437883445
250,"Duas etapas",631,1.73795114706417
250,"Duas etapas",632,1.95618711245487
250,"Duas etapas",633,1.47630678346309
250,"Duas etapas",634,1.59946665228012
250,"Duas etapas",635,1.52182427153933
250,"Duas etapas",636,1.252996768233
250,"Duas etapas",637,1.26182974958282
250,"Duas etapas",638,1.57382086842504
250,"Duas etapas",639,1.26814091599508
250,"Duas etapas",640,1.00263587226257
250,"Duas etapas",641,1.58144765089977
250,"Duas etapas",642,1.84733151005779
250,"Duas etapas",643,1.39939080890832
250,"Duas etapas",644,1.40691910539008
250,"Duas etapas",645,1.65085067601828
250,"Duas etapas",646,1.68247278891138
250,"Duas etapas",647,1.3987904758901
250,"Duas etapas",648,1.34094183525307
250,"Duas etapas",649,1.52966300252036
250,"Duas etapas",650,1.50606715284856
250,"Duas etapas",651,1.96855546409545
250,"Duas etapas",652,1.46713093736002
250,"Duas etapas",653,1.59677784281742
250,"Duas etapas",654,1.64923754606145
250,"Duas etapas",655,1.25408659237674
250,"Duas etapas",656,1.2906239789578
250,"Duas etapas",657,1.41566454991062
250,"Duas etapas",658,1.46886619376962
250,"Duas etapas",659,1.40095651637311
250,"Duas etapas",660,1.52621289848961
250,"Duas etapas",661,1.71716208389114
250,"Duas etapas",662,1.37782316696758
250,"Duas etapas",663,1.99829231262849
250,"Duas etapas",664,1.39751430219237
250,"Duas etapas",665,1.4714206595721
250,"Duas etapas",666,1.46222057507675
250,"Duas etapas",667,1.64208516091772
250,"Duas etapas",668,1.70017385577629
250,"Duas etapas",669,1.57791381710298
250,"Duas etapas",670,1.6429956868255
250,"Duas etapas",671,1.4879834787228
250,"Duas etapas",672,1.3711081607062
250,"Duas etapas",673,1.74410663033552
250,"Duas etapas",674,1.57271795632597
250,"Duas etapas",675,1.12039094105333
250,"Duas etapas",676,1.41538321463757
250,"Duas etapas",677,1.59725475210525
250,"Duas etapas",678,1.32887559974263
250,"Duas etapas",679,1.64664360606908
250,"Duas etapas",680,1.4848723346887
250,"Duas etapas",681,1.66109030415909
250,"Duas etapas",682,1.70827782171232
250,"Duas etapas",683,1.47233073063772
250,"Duas etapas",684,1.47183566332807
250,"Duas etapas",685,1.30578567202165
250,"Duas etapas",686,1.56300125027737
250,"Duas etapas",687,1.47614287094919
250,"Duas etapas",688,1.68549225169518
250,"Duas etapas",689,1.86895551193493
250,"Duas etapas",690,1.01250013506821
250,"Duas etapas",691,1.51234072622419
250,"Duas etapas",692,1.33384232868993
250,"Duas etapas",693,1.5118919216225
250,"Duas etapas",694,1.52553244968815
250,"Duas etapas",695,1.32333570108415
250,"Duas etapas",696,1.32243973524112
250,"Duas etapas",697,1.46003037952841
250,"Duas etapas",698,1.57421092933955
250,"Duas etapas",699,1.84607734206088
250,"Duas etapas",700,1.64716482952751
250,"Duas etapas",701,1.7540148042812
250,"Duas etapas",702,1.68444899453075
250,"Duas etapas",703,1.71509636473747
250,"Duas etapas",704,1.60614688787156
250,"Duas etapas",705,1.45435525710111
250,"Duas etapas",706,1.30381698854645
250,"Duas etapas",707,1.40759593989693
250,"Duas etapas",708,1.47607723963103
250,"Duas etapas",709,1.72752307967082
250,"Duas etapas",710,1.62841106065981
250,"Duas etapas",711,1.46152173753656
250,"Duas etapas",712,1.31226829496637
250,"Duas etapas",713,1.78215828818088
250,"Duas etapas",714,1.64106217536503
250,"Duas etapas",715,1.40291085887004
250,"Duas etapas",716,1.58704906809353
250,"Duas etapas",717,1.41625913432379
250,"Duas etapas",718,1.40054433425568
250,"Duas etapas",719,1.97290578286652
250,"Duas etapas",720,1.54235641193329
250,"Duas etapas",721,1.78863708342811
250,"Duas etapas",722,1.74653654913691
250,"Duas etapas",723,1.24970297759977
250,"Duas etapas",724,2.10195154595831
250,"Duas etapas",725,1.84382652923169
250,"Duas etapas",726,1.89671126245864
250,"Duas etapas",727,1.58840160226521
250,"Duas etapas",728,1.62433780152608
250,"Duas etapas",729,1.68141163054832
250,"Duas etapas",730,1.21426549705183
250,"Duas etapas",731,1.48337368159119
250,"Duas etapas",732,1.53920941156701
250,"Duas etapas",733,1.56438480670836
250,"Duas etapas",734,1.30262851074878
250,"Duas etapas",735,1.13942204816305
250,"Duas etapas",736,1.64713176456982
250,"Duas etapas",737,1.54453783551716
250,"Duas etapas",738,1.62508431131164
250,"Duas etapas",739,1.25184385061245
250,"Duas etapas",740,1.82010984049298
250,"Duas etapas",741,1.63105819413546
250,"Duas etapas",742,1.66230608360028
250,"Duas etapas",743,1.25814683807391
250,"Duas etapas",744,1.47279046162596
250,"Duas etapas",745,1.56307901860876
250,"Duas etapas",746,1.67903375299896
250,"Duas etapas",747,1.03865322723337
250,"Duas etapas",748,1.78227513481368
250,"Duas etapas",749,1.40445824910617
250,"Duas etapas",750,1.68757999127121
250,"Duas etapas",751,1.92676463925428
250,"Duas etapas",752,1.39234065284905
250,"Duas etapas",753,1.58571570974925
250,"Duas etapas",754,1.49004515404314
250,"Duas etapas",755,1.54106423542461
250,"Duas etapas",756,1.43569043145593
250,"Duas etapas",757,1.94029464613266
250,"Duas etapas",758,1.71452215625978
250,"Duas etapas",759,1.59674953838168
250,"Duas etapas",760,1.72342770019771
250,"Duas etapas",761,1.5333812883639
250,"Duas etapas",762,1.52980349111744
250,"Duas etapas",763,1.49627759797662
250,"Duas etapas",764,1.22034706970323
250,"Duas etapas",765,1.4639548422764
250,"Duas etapas",766,1.73715448614254
250,"Duas etapas",767,1.5439130278064
250,"Duas etapas",768,1.44260566594321
250,"Duas etapas",769,1.7640602255208
250,"Duas etapas",770,1.36981976033364
250,"Duas etapas",771,1.77170487325327
250,"Duas etapas",772,1.80944266762063
250,"Duas etapas",773,1.56336415708939
250,"Duas etapas",774,1.40500280049105
250,"Duas etapas",775,1.57192114993178
250,"Duas etapas",776,1.28669575861428
250,"Duas etapas",777,1.57240718870741
250,"Duas etapas",778,1.2869274686304
250,"Duas etapas",779,1.5699578302155
250,"Duas etapas",780,1.72577108211012
250,"Duas etapas",781,1.27943090868428
250,"Duas etapas",782,1.4126908578929
250,"Duas etapas",783,1.81348891327217
250,"Duas etapas",784,1.84325178386965
250,"Duas etapas",785,1.25997417166686
250,"Duas etapas",786,1.43916352244869
250,"Duas etapas",787,1.9270812978089
250,"Duas etapas",788,1.62802780598783
250,"Duas etapas",789,1.54559110845758
250,"Duas etapas",790,1.50740428442996
250,"Duas etapas",791,1.44781608471558
250,"Duas etapas",792,1.60293358582501
250,"Duas etapas",793,1.41366425840317
250,"Duas etapas",794,1.64621632334508
250,"Duas etapas",795,1.2314410593446
250,"Duas etapas",796,1.30031854122856
250,"Duas etapas",797,1.71552984678591
250,"Duas etapas",798,1.61956996858063
250,"Duas etapas",799,1.17523864816536
250,"Duas etapas",800,1.53754146727823
250,"Duas etapas",801,1.66822975813518
250,"Duas etapas",802,1.58110039423214
250,"Duas etapas",803,1.44836593093866
250,"Duas etapas",804,1.37146204030262
250,"Duas etapas",805,1.13132884786265
250,"Duas etapas",806,1.75597499566934
250,"Duas etapas",807,1.33656135499749
250,"Duas etapas",808,0.887941155625747
250,"Duas etapas",809,1.50002947906285
250,"Duas etapas",810,1.64404383927148
250,"Duas etapas",811,1.65035690497018
250,"Duas etapas",812,1.2603298320058
250,"Duas etapas",813,1.84434690180655
250,"Duas etapas",814,1.39078694947112
250,"Duas etapas",815,1.67169453707823
250,"Duas etapas",816,1.87516162004335
250,"Duas etapas",817,1.46805317692955
250,"Duas etapas",818,1.63794124771477
250,"Duas etapas",819,1.77673435093865
250,"Duas etapas",820,1.60624419140284
250,"Duas etapas",821,1.37202958009866
250,"Duas etapas",822,1.66930337991736
250,"Duas etapas",823,1.14558852592778
250,"Duas etapas",824,1.41750262063007
250,"Duas etapas",825,1.42754289548851
250,"Duas etapas",826,1.66700712910594
250,"Duas etapas",827,1.36540948360343
250,"Duas etapas",828,1.08443285335073
250,"Duas etapas",829,1.75024969115453
250,"Duas etapas",830,1.65942318361918
250,"Duas etapas",831,2.2448737087677
250,"Duas etapas",832,1.34733017642996
250,"Duas etapas",833,1.69533813528744
250,"Duas etapas",834,1.49421924517069
250,"Duas etapas",835,1.3949713864986
250,"Duas etapas",836,1.46210060666779
250,"Duas etapas",837,1.31713512366372
250,"Duas etapas",838,1.35957546554499
250,"Duas etapas",839,1.27623893478884
250,"Duas etapas",840,1.50027214715913
250,"Duas etapas",841,1.27223811841454
250,"Duas etapas",842,1.39403547436878
250,"Duas etapas",843,1.50310051686309
250,"Duas etapas",844,1.82270254822299
250,"Duas etapas",845,1.44772717966244
250,"Duas etapas",846,1.68027283923628
250,"Duas etapas",847,1.78728452517557
250,"Duas etapas",848,1.46599477837612
250,"Duas etapas",849,1.48472887759156
250,"Duas etapas",850,1.32552947075877
250,"Duas etapas",851,1.70479521644963
250,"Duas etapas",852,1.39729772211596
250,"Duas etapas",853,1.35682238119759
250,"Duas etapas",854,1.49179481107395
250,"Duas etapas",855,1.37596244902509
250,"Duas etapas",856,1.42386440754484
250,"Duas etapas",857,1.57666568669472
250,"Duas etapas",858,1.73260217975799
250,"Duas etapas",859,1.33952661333542
250,"Duas etapas",860,1.8121369527351
250,"Duas etapas",861,1.23116000586621
250,"Duas etapas",862,1.23385318648221
250,"Duas etapas",863,1.65443672208361
250,"Duas etapas",864,1.48913500243129
250,"Duas etapas",865,1.33260698384549
250,"Duas etapas",866,1.84257922204618
250,"Duas etapas",867,1.48407263591766
250,"Duas etapas",868,1.49309075338789
250,"Duas etapas",869,1.23166852625835
250,"Duas etapas",870,1.61534106942109
250,"Duas etapas",871,1.30285323528248
250,"Duas etapas",872,1.37876480063466
250,"Duas etapas",873,2.09562651085631
250,"Duas etapas",874,1.31929228758782
250,"Duas etapas",875,1.86690283033233
250,"Duas etapas",876,1.18672504957592
250,"Duas etapas",877,1.46901518001249
250,"Duas etapas",878,1.6396805140589
250,"Duas etapas",879,1.38987867769508
250,"Duas etapas",880,1.80258320841054
250,"Duas etapas",881,1.52676870917785
250,"Duas etapas",882,1.55575316421215
250,"Duas etapas",883,1.57000578441501
250,"Duas etapas",884,1.74469280438775
250,"Duas etapas",885,1.36970200099442
250,"Duas etapas",886,1.30920687354493
250,"Duas etapas",887,1.41651249975513
250,"Duas etapas",888,1.46640548396035
250,"Duas etapas",889,1.99868096723065
250,"Duas etapas",890,1.70386904314098
250,"Duas etapas",891,1.32688789201459
250,"Duas etapas",892,1.12241404673602
250,"Duas etapas",893,1.2387310098217
250,"Duas etapas",894,1.65830775410917
250,"Duas etapas",895,1.53937429114492
250,"Duas etapas",896,1.11681721890645
250,"Duas etapas",897,1.33174779078405
250,"Duas etapas",898,1.4671229645932
250,"Duas etapas",899,1.94478091660708
250,"Duas etapas",900,1.53016096025005
250,"Duas etapas",901,1.07769153150911
250,"Duas etapas",902,1.58626340073308
250,"Duas etapas",903,1.94879560641366
250,"Duas etapas",904,1.59132352037583
250,"Duas etapas",905,2.22500807464314
250,"Duas etapas",906,1.5658681503683
250,"Duas etapas",907,1.78208272215429
250,"Duas etapas",908,1.67206210091785
250,"Duas etapas",909,1.12908614892587
250,"Duas etapas",910,1.29360014933543
250,"Duas etapas",911,1.43573330475798
250,"Duas etapas",912,1.46591574094302
250,"Duas etapas",913,1.67533935039753
250,"Duas etapas",914,1.78161703140976
250,"Duas etapas",915,1.09177177701285
250,"Duas etapas",916,1.69579528661798
250,"Duas etapas",917,1.81172863358618
250,"Duas etapas",918,1.53213915844641
250,"Duas etapas",919,1.56876069467048
250,"Duas etapas",920,1.57239105191481
250,"Duas etapas",921,1.36620568855247
250,"Duas etapas",922,1.74210154132434
250,"Duas etapas",923,1.81653409996223
250,"Duas etapas",924,1.38930829873203
250,"Duas etapas",925,1.45785579136353
250,"Duas etapas",926,1.66996747696469
250,"Duas etapas",927,1.44074932418221
250,"Duas etapas",928,1.51429065090745
250,"Duas etapas",929,1.69047344084891
250,"Duas etapas",930,1.3742815124939
250,"Duas etapas",931,1.12792660977138
250,"Duas etapas",932,1.36268267672526
250,"Duas etapas",933,1.70979818276221
250,"Duas etapas",934,1.26355477525565
250,"Duas etapas",935,1.6423832566262
250,"Duas etapas",936,1.64862368283193
250,"Duas etapas",937,1.63152431847548
250,"Duas etapas",938,1.27165759528007
250,"Duas etapas",939,1.36470627072638
250,"Duas etapas",940,2.03555676380889
250,"Duas etapas",941,1.34432363840744
250,"Duas etapas",942,1.74050663599957
250,"Duas etapas",943,1.48853734348457
250,"Duas etapas",944,1.51012690501863
250,"Duas etapas",945,1.32900309310656
250,"Duas etapas",946,1.31896548760233
250,"Duas etapas",947,1.50071401792569
250,"Duas etapas",948,1.74516280128895
250,"Duas etapas",949,1.76928684667785
250,"Duas etapas",950,1.47315448106993
250,"Duas etapas",951,1.49418754213665
250,"Duas etapas",952,1.33709738689688
250,"Duas etapas",953,1.50185562015416
250,"Duas etapas",954,1.7632518611369
250,"Duas etapas",955,1.41387635976547
250,"Duas etapas",956,1.44489964820962
250,"Duas etapas",957,1.34048005909332
250,"Duas etapas",958,1.65436137741781
250,"Duas etapas",959,1.57149413556396
250,"Duas etapas",960,1.57627083410591
250,"Duas etapas",961,2.26251460269365
250,"Duas etapas",962,1.63743287478465
250,"Duas etapas",963,1.17148311314565
250,"Duas etapas",964,1.48975036491224
250,"Duas etapas",965,1.49361177386049
250,"Duas etapas",966,1.59873641283908
250,"Duas etapas",967,1.51267494153675
250,"Duas etapas",968,1.78794908878077
250,"Duas etapas",969,1.28577379120928
250,"Duas etapas",970,1.43407630445902
250,"Duas etapas",971,1.15733801897594
250,"Duas etapas",972,1.40007185461011
250,"Duas etapas",973,1.56341204722573
250,"Duas etapas",974,1.13541549064713
250,"Duas etapas",975,1.7588728172438
250,"Duas etapas",976,1.65196299731662
250,"Duas etapas",977,1.39764401340485
250,"Duas etapas",978,1.38058746271701
250,"Duas etapas",979,1.4940918372662
250,"Duas etapas",980,1.32616812640899
250,"Duas etapas",981,1.43780548816918
250,"Duas etapas",982,1.34772437039141
250,"Duas etapas",983,1.12261819643617
250,"Duas etapas",984,1.27595180265976
250,"Duas etapas",985,1.53057281706594
250,"Duas etapas",986,1.3802317005388
250,"Duas etapas",987,1.20592633735025
250,"Duas etapas",988,1.41318041895456
250,"Duas etapas",989,1.45085395374403
250,"Duas etapas",990,1.40697423637258
250,"Duas etapas",991,1.34879674739945
250,"Duas etapas",992,1.60036598423367
250,"Duas etapas",993,1.72820336356954
250,"Duas etapas",994,1.32100193955752
250,"Duas etapas",995,1.39613350703554
250,"Duas etapas",996,1.33710063709315
250,"Duas etapas",997,1.51635117288945
250,"Duas etapas",998,1.47160305174005
250,"Duas etapas",999,2.11643627832158
250,"Duas etapas",1000,1.38744267479581
250,"Conjunto",1,1.41337645118498
250,"Conjunto",2,1.69674520398155
250,"Conjunto",3,2.03425946590932
250,"Conjunto",4,1.52890744246045
250,"Conjunto",5,1.32159800671773
250,"Conjunto",6,1.83107198988762
250,"Conjunto",7,1.81640516576403
250,"Conjunto",8,1.70316098937283
250,"Conjunto",9,1.49376013920222
250,"Conjunto",10,1.52803355457185
250,"Conjunto",11,1.67557301482987
250,"Conjunto",12,1.3967449962688
250,"Conjunto",13,1.81198103846281
250,"Conjunto",14,1.46199858663059
250,"Conjunto",15,1.31599111132954
250,"Conjunto",16,1.7200226454861
250,"Conjunto",17,1.51719080599987
250,"Conjunto",18,1.92909884469478
250,"Conjunto",19,2.155136703459
250,"Conjunto",20,1.54184543778808
250,"Conjunto",21,1.74066857594411
250,"Conjunto",22,1.51584592595795
250,"Conjunto",23,1.77613286176114
250,"Conjunto",24,1.73432381526682
250,"Conjunto",25,1.45210673406732
250,"Conjunto",26,1.57862082845571
250,"Conjunto",27,1.67685566384921
250,"Conjunto",28,1.16568721798331
250,"Conjunto",29,1.55560268325596
250,"Conjunto",30,1.84971332719824
250,"Conjunto",31,1.62603738710321
250,"Conjunto",32,1.75148904781714
250,"Conjunto",33,1.58297210227802
250,"Conjunto",34,1.41441882078164
250,"Conjunto",35,1.42426780315712
250,"Conjunto",36,1.44980151711401
250,"Conjunto",37,1.37605641876246
250,"Conjunto",38,1.70106513035711
250,"Conjunto",39,1.46039229935827
250,"Conjunto",40,1.36600455062763
250,"Conjunto",41,1.48690511177117
250,"Conjunto",42,1.79675270203164
250,"Conjunto",43,1.61756306229085
250,"Conjunto",44,1.57379292861731
250,"Conjunto",45,1.44971762082307
250,"Conjunto",46,1.45330926774488
250,"Conjunto",47,1.48228875912331
250,"Conjunto",48,1.51572625125943
250,"Conjunto",49,1.95242122919234
250,"Conjunto",50,1.38279611114797
250,"Conjunto",51,1.46881919005384
250,"Conjunto",52,1.51899608970658
250,"Conjunto",53,1.93308679290164
250,"Conjunto",54,1.44711719579847
250,"Conjunto",55,2.17140846250877
250,"Conjunto",56,1.89168874089494
250,"Conjunto",57,1.64616925042376
250,"Conjunto",58,1.31626213649829
250,"Conjunto",59,1.83242344763499
250,"Conjunto",60,1.65969607596988
250,"Conjunto",61,1.66976886173635
250,"Conjunto",62,1.76652210660633
250,"Conjunto",63,1.53048387989538
250,"Conjunto",64,1.94917250033185
250,"Conjunto",65,1.50387585371747
250,"Conjunto",66,1.75042237201556
250,"Conjunto",67,1.66630672498845
250,"Conjunto",68,1.75185285436096
250,"Conjunto",69,1.31702948814457
250,"Conjunto",70,2.10052132276136
250,"Conjunto",71,1.29276614501526
250,"Conjunto",72,1.98916038655437
250,"Conjunto",73,1.27634440701246
250,"Conjunto",74,1.67840806339174
250,"Conjunto",75,1.5316790004553
250,"Conjunto",76,1.49848988961081
250,"Conjunto",77,1.47120700699769
250,"Conjunto",78,1.6352667931897
250,"Conjunto",79,1.57501893437579
250,"Conjunto",80,1.59687802061669
250,"Conjunto",81,1.58100441546817
250,"Conjunto",82,1.45249421222945
250,"Conjunto",83,1.59427364720158
250,"Conjunto",84,2.05699695104488
250,"Conjunto",85,1.33114910793659
250,"Conjunto",86,1.77217741759219
250,"Conjunto",87,1.47491260536001
250,"Conjunto",88,2.02036463998042
250,"Conjunto",89,1.81702061169423
250,"Conjunto",90,1.53033090545679
250,"Conjunto",91,1.58209553677479
250,"Conjunto",92,1.54682468554722
250,"Conjunto",93,1.77847709189949
250,"Conjunto",94,1.64065142600252
250,"Conjunto",95,1.53615118958513
250,"Conjunto",96,1.77591973040775
250,"Conjunto",97,1.55982009019815
250,"Conjunto",98,1.40520245073255
250,"Conjunto",99,1.52131236413427
250,"Conjunto",100,1.40020537503467
250,"Conjunto",101,1.42932483415027
250,"Conjunto",102,1.48661634470065
250,"Conjunto",103,1.67230296184263
250,"Conjunto",104,1.43902292483778
250,"Conjunto",105,1.35009756493391
250,"Conjunto",106,1.54753865459684
250,"Conjunto",107,1.70259827214543
250,"Conjunto",108,1.42358676583271
250,"Conjunto",109,1.87275391648319
250,"Conjunto",110,1.62279790009689
250,"Conjunto",111,1.8247346660567
250,"Conjunto",112,1.84209854987879
250,"Conjunto",113,1.64848512908025
250,"Conjunto",114,1.07921878548018
250,"Conjunto",115,1.82364260459301
250,"Conjunto",116,1.66762071514871
250,"Conjunto",117,1.8279407899983
250,"Conjunto",118,1.29717684800692
250,"Conjunto",119,2.01843036784249
250,"Conjunto",120,1.22355917962588
250,"Conjunto",121,1.5373584013364
250,"Conjunto",122,1.51143945511781
250,"Conjunto",123,1.65556176123233
250,"Conjunto",124,1.54968174314744
250,"Conjunto",125,1.59558917485436
250,"Conjunto",126,1.49925715725024
250,"Conjunto",127,1.61915458203529
250,"Conjunto",128,1.75966348262234
250,"Conjunto",129,1.70062275738314
250,"Conjunto",130,1.45489055122954
250,"Conjunto",131,1.57506745553479
250,"Conjunto",132,1.595435722425
250,"Conjunto",133,1.70457320643174
250,"Conjunto",134,1.74257697623849
250,"Conjunto",135,1.91363316619311
250,"Conjunto",136,1.53067184172195
250,"Conjunto",137,1.57565638048874
250,"Conjunto",138,1.87257639516609
250,"Conjunto",139,1.74194571042103
250,"Conjunto",140,1.57607472700367
250,"Conjunto",141,1.53723149217351
250,"Conjunto",142,1.66364355204256
250,"Conjunto",143,1.62212308345989
250,"Conjunto",144,1.41897413973689
250,"Conjunto",145,2.24751879243299
250,"Conjunto",146,1.77068818304517
250,"Conjunto",147,1.32566749971034
250,"Conjunto",148,1.44028445811392
250,"Conjunto",149,1.37009695476088
250,"Conjunto",150,1.34571678449137
250,"Conjunto",151,2.28046028064794
250,"Conjunto",152,1.6535434550936
250,"Conjunto",153,1.85817532015748
250,"Conjunto",154,1.49367646526147
250,"Conjunto",155,1.36609417604241
250,"Conjunto",156,1.54200324364724
250,"Conjunto",157,2.34057884325796
250,"Conjunto",158,1.35087532207064
250,"Conjunto",159,1.66710725521906
250,"Conjunto",160,1.70326579093296
250,"Conjunto",161,2.33976386418729
250,"Conjunto",162,1.99266583263853
250,"Conjunto",163,1.31866474659348
250,"Conjunto",164,1.5344175815931
250,"Conjunto",165,1.35649827044347
250,"Conjunto",166,1.91425794550716
250,"Conjunto",167,1.52301000158459
250,"Conjunto",168,1.55222951099975
250,"Conjunto",169,1.51773363565954
250,"Conjunto",170,1.53150396918429
250,"Conjunto",171,1.85324474859804
250,"Conjunto",172,1.58132002544886
250,"Conjunto",173,1.76845536170494
250,"Conjunto",174,1.32345598663409
250,"Conjunto",175,1.39036827232296
250,"Conjunto",176,1.55535811419505
250,"Conjunto",177,1.5760187060317
250,"Conjunto",178,1.56629490179564
250,"Conjunto",179,1.50601537455984
250,"Conjunto",180,1.66550372935519
250,"Conjunto",181,1.60416080277415
250,"Conjunto",182,1.44888312701184
250,"Conjunto",183,1.43705792493648
250,"Conjunto",184,2.00528745682062
250,"Conjunto",185,1.6429461838648
250,"Conjunto",186,1.84077567921013
250,"Conjunto",187,1.43398961647851
250,"Conjunto",188,1.62232135550458
250,"Conjunto",189,1.47837511254667
250,"Conjunto",190,2.45268493907002
250,"Conjunto",191,1.82641062838142
250,"Conjunto",192,1.8779701303534
250,"Conjunto",193,1.93806799178654
250,"Conjunto",194,1.48210044708657
250,"Conjunto",195,1.49130663592152
250,"Conjunto",196,1.46129449506614
250,"Conjunto",197,1.22284486135938
250,"Conjunto",198,1.68463875247348
250,"Conjunto",199,1.52687581897333
250,"Conjunto",200,1.86626994680296
250,"Conjunto",201,2.09714020946749
250,"Conjunto",202,1.91762525676426
250,"Conjunto",203,1.60186607373134
250,"Conjunto",204,1.77680806699489
250,"Conjunto",205,1.72230481302103
250,"Conjunto",206,1.52004869662349
250,"Conjunto",207,3.06849650198315
250,"Conjunto",208,1.80527920878482
250,"Conjunto",209,1.57208010435559
250,"Conjunto",210,1.82277308885851
250,"Conjunto",211,1.5255194419001
250,"Conjunto",212,1.56437678799893
250,"Conjunto",213,1.69667148167999
250,"Conjunto",214,2.01785684092783
250,"Conjunto",215,1.62655165676499
250,"Conjunto",216,1.94882791235525
250,"Conjunto",217,1.83598052529794
250,"Conjunto",218,1.76705274349951
250,"Conjunto",219,1.47344894392754
250,"Conjunto",220,1.5187508151
250,"Conjunto",221,1.61837634055343
250,"Conjunto",222,1.66021311186881
250,"Conjunto",223,1.38762743242855
250,"Conjunto",224,1.75894068924007
250,"Conjunto",225,1.87633443976803
250,"Conjunto",226,1.46387796962624
250,"Conjunto",227,1.21312822358896
250,"Conjunto",228,2.04855154158863
250,"Conjunto",229,1.79176381750009
250,"Conjunto",230,1.77947157068526
250,"Conjunto",231,1.58228886091095
250,"Conjunto",232,1.2232780326385
250,"Conjunto",233,2.0703885218716
250,"Conjunto",234,1.72025159315946
250,"Conjunto",235,1.86198614538635
250,"Conjunto",236,1.40299993569381
250,"Conjunto",237,1.42134969680783
250,"Conjunto",238,1.81771023326319
250,"Conjunto",239,1.52438147908789
250,"Conjunto",240,1.95469814783368
250,"Conjunto",241,1.76489548803138
250,"Conjunto",242,1.32137850039261
250,"Conjunto",243,1.70807314505815
250,"Conjunto",244,2.19224857010804
250,"Conjunto",245,1.81181637113865
250,"Conjunto",246,2.0349356003824
250,"Conjunto",247,1.24244974641804
250,"Conjunto",248,2.03872162776093
250,"Conjunto",249,1.5264327905626
250,"Conjunto",250,1.7524184830094
250,"Conjunto",251,1.55112949630731
250,"Conjunto",252,1.31106378212204
250,"Conjunto",253,1.63740379440933
250,"Conjunto",254,1.56207469714407
250,"Conjunto",255,1.78057933855873
250,"Conjunto",256,1.74979736712362
250,"Conjunto",257,2.11759256686591
250,"Conjunto",258,1.6218029616854
250,"Conjunto",259,1.48192981771794
250,"Conjunto",260,1.85333241164217
250,"Conjunto",261,1.84759799718179
250,"Conjunto",262,1.55945124296312
250,"Conjunto",263,2.58870511967751
250,"Conjunto",264,1.48940118592422
250,"Conjunto",265,1.47280873974782
250,"Conjunto",266,1.77138993616051
250,"Conjunto",267,1.51138223185921
250,"Conjunto",268,1.23729147070965
250,"Conjunto",269,1.19332802886828
250,"Conjunto",270,1.62607737051201
250,"Conjunto",271,1.35730027955754
250,"Conjunto",272,2.06481481503707
250,"Conjunto",273,1.32389019683341
250,"Conjunto",274,1.51670691764786
250,"Conjunto",275,1.47087374191858
250,"Conjunto",276,1.14405219455345
250,"Conjunto",277,2.12726771341325
250,"Conjunto",278,1.32933601357238
250,"Conjunto",279,1.37891829557292
250,"Conjunto",280,1.28784324469619
250,"Conjunto",281,1.7868892343569
250,"Conjunto",282,1.68610295397406
250,"Conjunto",283,1.20033385964332
250,"Conjunto",284,2.15466929211058
250,"Conjunto",285,1.55192297732679
250,"Conjunto",286,1.62406790029113
250,"Conjunto",287,1.74971752446778
250,"Conjunto",288,1.42157143142897
250,"Conjunto",289,1.59331412827926
250,"Conjunto",290,1.65994760223615
250,"Conjunto",291,1.95408921008679
250,"Conjunto",292,1.61063486629736
250,"Conjunto",293,1.81933611711719
250,"Conjunto",294,1.74453153519702
250,"Conjunto",295,1.38409558056242
250,"Conjunto",296,1.90571220805284
250,"Conjunto",297,1.68514879516692
250,"Conjunto",298,1.90992892667983
250,"Conjunto",299,1.79107975115449
250,"Conjunto",300,1.92418848562925
250,"Conjunto",301,1.51177814809789
250,"Conjunto",302,1.76340241226438
250,"Conjunto",303,1.66381281489917
250,"Conjunto",304,1.78127027005709
250,"Conjunto",305,1.56811605875273
250,"Conjunto",306,2.17923407105929
250,"Conjunto",307,1.18115794448128
250,"Conjunto",308,1.92688403518954
250,"Conjunto",309,1.96577077906385
250,"Conjunto",310,1.63439518426166
250,"Conjunto",311,1.65510585114433
250,"Conjunto",312,1.84680209251348
250,"Conjunto",313,1.48993775993222
250,"Conjunto",314,2.08101828754164
250,"Conjunto",315,2.29050335327349
250,"Conjunto",316,1.41456127127979
250,"Conjunto",317,1.75648320238701
250,"Conjunto",318,1.43689897529122
250,"Conjunto",319,1.42758712129476
250,"Conjunto",320,1.67100658442599
250,"Conjunto",321,1.58334740811426
250,"Conjunto",322,1.55945051478719
250,"Conjunto",323,1.37902954017215
250,"Conjunto",324,1.48825244433588
250,"Conjunto",325,2.17992604451108
250,"Conjunto",326,2.20156209706403
250,"Conjunto",327,1.69986812988944
250,"Conjunto",328,1.86643529677655
250,"Conjunto",329,1.6826665707704
250,"Conjunto",330,1.48667669753131
250,"Conjunto",331,1.26345502291868
250,"Conjunto",332,1.53678593677551
250,"Conjunto",333,1.84022383327849
250,"Conjunto",334,1.29382175389917
250,"Conjunto",335,1.3616560068659
250,"Conjunto",336,1.48725824870469
250,"Conjunto",337,1.57812096219208
250,"Conjunto",338,1.50258862344392
250,"Conjunto",339,1.55925334382625
250,"Conjunto",340,1.8336284262535
250,"Conjunto",341,1.58818215444086
250,"Conjunto",342,2.11387502208497
250,"Conjunto",343,1.60981808948885
250,"Conjunto",344,1.78957653406102
250,"Conjunto",345,1.52465306602884
250,"Conjunto",346,1.54504313290984
250,"Conjunto",347,1.63330871072096
250,"Conjunto",348,1.77654591774493
250,"Conjunto",349,1.57351494134843
250,"Conjunto",350,1.68540606228209
250,"Conjunto",351,1.66949616910631
250,"Conjunto",352,1.53152554190925
250,"Conjunto",353,1.92682166252152
250,"Conjunto",354,1.55549316587672
250,"Conjunto",355,1.563866983717
250,"Conjunto",356,1.38496439487377
250,"Conjunto",357,1.72833601478286
250,"Conjunto",358,1.61900095086715
250,"Conjunto",359,2.00780258011801
250,"Conjunto",360,1.82042948331407
250,"Conjunto",361,1.71849901295816
250,"Conjunto",362,1.77582608521055
250,"Conjunto",363,1.73030224404261
250,"Conjunto",364,1.72234981282741
250,"Conjunto",365,2.12306692596813
250,"Conjunto",366,1.70806676041444
250,"Conjunto",367,1.45095611908178
250,"Conjunto",368,1.63945952217175
250,"Conjunto",369,1.35262805494126
250,"Conjunto",370,2.45221037375623
250,"Conjunto",371,1.88501956449007
250,"Conjunto",372,1.62492812033059
250,"Conjunto",373,1.61694511689143
250,"Conjunto",374,1.6545025841306
250,"Conjunto",375,1.25301548461809
250,"Conjunto",376,1.62118780493183
250,"Conjunto",377,1.62626416356846
250,"Conjunto",378,1.58650225061998
250,"Conjunto",379,1.91192993248996
250,"Conjunto",380,1.83417932510539
250,"Conjunto",381,1.69447797029503
250,"Conjunto",382,1.80499858147965
250,"Conjunto",383,1.86619070258723
250,"Conjunto",384,1.80544090556867
250,"Conjunto",385,1.69601273934632
250,"Conjunto",386,1.61437925861896
250,"Conjunto",387,1.59844718834325
250,"Conjunto",388,1.59160861333925
250,"Conjunto",389,1.4780634293445
250,"Conjunto",390,1.90015521145611
250,"Conjunto",391,1.70788812145597
250,"Conjunto",392,1.80711767867168
250,"Conjunto",393,1.70390489089122
250,"Conjunto",394,1.73240027793246
250,"Conjunto",395,1.50481870026305
250,"Conjunto",396,1.51022623441733
250,"Conjunto",397,1.48068365251043
250,"Conjunto",398,1.9952853352594
250,"Conjunto",399,1.62547993833505
250,"Conjunto",400,1.74766274376948
250,"Conjunto",401,1.1759995202909
250,"Conjunto",402,1.44632145918612
250,"Conjunto",403,1.68644217631902
250,"Conjunto",404,1.4623547486208
250,"Conjunto",405,1.80541676044293
250,"Conjunto",406,1.24472944384509
250,"Conjunto",407,1.91890130422381
250,"Conjunto",408,1.55632595657042
250,"Conjunto",409,1.53082912596624
250,"Conjunto",410,1.56004665557291
250,"Conjunto",411,1.79100657373645
250,"Conjunto",412,1.60606706286157
250,"Conjunto",413,1.49933350973443
250,"Conjunto",414,1.79626090205185
250,"Conjunto",415,1.73030889147057
250,"Conjunto",416,1.3964983478197
250,"Conjunto",417,1.46132954882446
250,"Conjunto",418,1.69164119350743
250,"Conjunto",419,1.73561930044577
250,"Conjunto",420,1.50437529300739
250,"Conjunto",421,1.47948777399113
250,"Conjunto",422,1.2187664182889
250,"Conjunto",423,1.49291279963881
250,"Conjunto",424,1.91760204066644
250,"Conjunto",425,1.61754965106403
250,"Conjunto",426,1.80820150608189
250,"Conjunto",427,1.79242459173175
250,"Conjunto",428,1.48447780292508
250,"Conjunto",429,1.91950557081449
250,"Conjunto",430,1.28149775533784
250,"Conjunto",431,1.68304159180076
250,"Conjunto",432,1.78438697065147
250,"Conjunto",433,1.83769831931129
250,"Conjunto",434,2.21463702987698
250,"Conjunto",435,1.44844551666939
250,"Conjunto",436,1.62443625475087
250,"Conjunto",437,1.96540875127539
250,"Conjunto",438,1.86482836871588
250,"Conjunto",439,1.73447068544945
250,"Conjunto",440,1.66595212112992
250,"Conjunto",441,1.60131832460944
250,"Conjunto",442,1.33401000465218
250,"Conjunto",443,1.56002302889824
250,"Conjunto",444,1.31955477222668
250,"Conjunto",445,1.57534303861918
250,"Conjunto",446,1.72075970770716
250,"Conjunto",447,1.54206490257445
250,"Conjunto",448,1.69545955573823
250,"Conjunto",449,1.44154549678155
250,"Conjunto",450,1.65894692424141
250,"Conjunto",451,1.59270869191794
250,"Conjunto",452,1.78370299874075
250,"Conjunto",453,1.8044589211803
250,"Conjunto",454,1.70275461824494
250,"Conjunto",455,1.62772380686873
250,"Conjunto",456,1.53186908484167
250,"Conjunto",457,1.88988406037423
250,"Conjunto",458,1.48873149627646
250,"Conjunto",459,1.57483551601017
250,"Conjunto",460,1.63590508891101
250,"Conjunto",461,1.64477459873814
250,"Conjunto",462,1.66019060445764
250,"Conjunto",463,1.22882912551354
250,"Conjunto",464,1.51853546404966
250,"Conjunto",465,2.02054778249843
250,"Conjunto",466,1.44128757806221
250,"Conjunto",467,1.74071951849629
250,"Conjunto",468,1.68149768566928
250,"Conjunto",469,1.59398193884252
250,"Conjunto",470,1.33050873233865
250,"Conjunto",471,1.43580455412585
250,"Conjunto",472,1.60704484674544
250,"Conjunto",473,1.79801796899752
250,"Conjunto",474,1.71676061558252
250,"Conjunto",475,1.6612901983962
250,"Conjunto",476,1.51889699250562
250,"Conjunto",477,1.73429081071216
250,"Conjunto",478,1.83940008924293
250,"Conjunto",479,1.61817544229584
250,"Conjunto",480,1.88672181512055
250,"Conjunto",481,1.82400461874258
250,"Conjunto",482,1.77864321360832
250,"Conjunto",483,1.49033137506172
250,"Conjunto",484,1.85963741046479
250,"Conjunto",485,2.01656818932965
250,"Conjunto",486,1.23717963835807
250,"Conjunto",487,1.65894508781269
250,"Conjunto",488,1.71547531249044
250,"Conjunto",489,1.53197128891995
250,"Conjunto",490,1.8383992046638
250,"Conjunto",491,1.20707733783752
250,"Conjunto",492,1.19163335502904
250,"Conjunto",493,1.57324189032032
250,"Conjunto",494,1.87803395185588
250,"Conjunto",495,2.17615552430643
250,"Conjunto",496,2.00230338648884
250,"Conjunto",497,1.97174388614626
250,"Conjunto",498,1.88965608504418
250,"Conjunto",499,1.86865491780849
250,"Conjunto",500,1.82256260831121
250,"Conjunto",501,1.61607411329352
250,"Conjunto",502,1.71919776872139
250,"Conjunto",503,1.82757842161746
250,"Conjunto",504,1.38174159928517
250,"Conjunto",505,1.58819232490797
250,"Conjunto",506,1.75519861795901
250,"Conjunto",507,1.49195084192222
250,"Conjunto",508,1.48696251604965
250,"Conjunto",509,1.3977047650654
250,"Conjunto",510,1.65895698046125
250,"Conjunto",511,1.72011038686286
250,"Conjunto",512,1.38236155996192
250,"Conjunto",513,1.53764934590019
250,"Conjunto",514,1.74029436101123
250,"Conjunto",515,1.5331699695816
250,"Conjunto",516,2.30162151584929
250,"Conjunto",517,2.21893905406977
250,"Conjunto",518,1.73394976760624
250,"Conjunto",519,1.6738510356729
250,"Conjunto",520,1.67770917342727
250,"Conjunto",521,1.7780954209601
250,"Conjunto",522,1.69541079275762
250,"Conjunto",523,1.89841795548211
250,"Conjunto",524,1.8681384261223
250,"Conjunto",525,1.75493335224319
250,"Conjunto",526,1.67976671742643
250,"Conjunto",527,1.32696079338586
250,"Conjunto",528,1.63991911423149
250,"Conjunto",529,1.64563023871353
250,"Conjunto",530,2.03604417600855
250,"Conjunto",531,1.6269933080184
250,"Conjunto",532,1.59744222332229
250,"Conjunto",533,1.80093433170741
250,"Conjunto",534,1.745272456176
250,"Conjunto",535,1.53301164010216
250,"Conjunto",536,1.66031862516635
250,"Conjunto",537,1.77000632183289
250,"Conjunto",538,1.81566571168736
250,"Conjunto",539,1.5249661506812
250,"Conjunto",540,1.6210080168579
250,"Conjunto",541,2.05095857003024
250,"Conjunto",542,1.20918362022489
250,"Conjunto",543,1.3778496720155
250,"Conjunto",544,1.43211985467134
250,"Conjunto",545,1.64397061119053
250,"Conjunto",546,1.49136640196516
250,"Conjunto",547,1.72757551981016
250,"Conjunto",548,1.79256939966005
250,"Conjunto",549,1.98041277935409
250,"Conjunto",550,1.58382897878549
250,"Conjunto",551,1.52985012759184
250,"Conjunto",552,1.44387115871081
250,"Conjunto",553,1.34171591994968
250,"Conjunto",554,1.46380824795216
250,"Conjunto",555,1.94401598946397
250,"Conjunto",556,1.92330072197319
250,"Conjunto",557,1.59611755308736
250,"Conjunto",558,1.66476947406916
250,"Conjunto",559,1.72846249408433
250,"Conjunto",560,1.43377590062065
250,"Conjunto",561,1.43606282385057
250,"Conjunto",562,1.7927366023393
250,"Conjunto",563,1.86955402071141
250,"Conjunto",564,1.61329158727409
250,"Conjunto",565,1.70303902114531
250,"Conjunto",566,1.39965592242472
250,"Conjunto",567,1.58629805262741
250,"Conjunto",568,1.60203728927049
250,"Conjunto",569,1.50910839919895
250,"Conjunto",570,1.38539317420709
250,"Conjunto",571,1.69146486778722
250,"Conjunto",572,1.63205120910401
250,"Conjunto",573,1.7822673821634
250,"Conjunto",574,1.31519730695859
250,"Conjunto",575,1.30077646468478
250,"Conjunto",576,2.22916655118652
250,"Conjunto",577,1.39919583944343
250,"Conjunto",578,1.9454266843257
250,"Conjunto",579,1.77592683015325
250,"Conjunto",580,1.53486413970392
250,"Conjunto",581,2.03267186494722
250,"Conjunto",582,1.33936847281932
250,"Conjunto",583,1.44504682300676
250,"Conjunto",584,1.48845195457781
250,"Conjunto",585,1.3693510375908
250,"Conjunto",586,1.71028503202351
250,"Conjunto",587,1.18387537156518
250,"Conjunto",588,1.5428812799555
250,"Conjunto",589,1.30405873879322
250,"Conjunto",590,1.6670372672714
250,"Conjunto",591,1.49659122368588
250,"Conjunto",592,1.20877149615378
250,"Conjunto",593,1.65075983720047
250,"Conjunto",594,1.47549177111106
250,"Conjunto",595,1.55348176611899
250,"Conjunto",596,1.78790701084394
250,"Conjunto",597,1.73060950365857
250,"Conjunto",598,1.44583654539754
250,"Conjunto",599,1.54626539246393
250,"Conjunto",600,1.6492555942276
250,"Conjunto",601,1.80149991496447
250,"Conjunto",602,1.8277787739138
250,"Conjunto",603,1.50671540858553
250,"Conjunto",604,1.36232374553857
250,"Conjunto",605,1.7039672370135
250,"Conjunto",606,2.02160556336342
250,"Conjunto",607,1.71067771815667
250,"Conjunto",608,1.89864061322107
250,"Conjunto",609,1.66610678322069
250,"Conjunto",610,1.86547332862586
250,"Conjunto",611,1.72188378241419
250,"Conjunto",612,1.80333433256612
250,"Conjunto",613,2.09975997944646
250,"Conjunto",614,1.28743513806436
250,"Conjunto",615,1.67871401445773
250,"Conjunto",616,2.01625849942291
250,"Conjunto",617,1.84600162156681
250,"Conjunto",618,1.52820533171154
250,"Conjunto",619,1.89270008462736
250,"Conjunto",620,1.60617575626348
250,"Conjunto",621,1.52036420942119
250,"Conjunto",622,1.49500048156977
250,"Conjunto",623,1.98470643482629
250,"Conjunto",624,1.30861430732892
250,"Conjunto",625,1.56949977237824
250,"Conjunto",626,1.58920181269374
250,"Conjunto",627,1.46369628245511
250,"Conjunto",628,1.61308351551357
250,"Conjunto",629,1.48495129101375
250,"Conjunto",630,1.44927758334287
250,"Conjunto",631,1.89543268451566
250,"Conjunto",632,2.17113601619255
250,"Conjunto",633,1.57831372849953
250,"Conjunto",634,1.73962892741855
250,"Conjunto",635,1.65243311719344
250,"Conjunto",636,1.35820620763329
250,"Conjunto",637,1.35751157048396
250,"Conjunto",638,1.71474531757529
250,"Conjunto",639,1.36338284460363
250,"Conjunto",640,1.07368035877588
250,"Conjunto",641,1.7242348494905
250,"Conjunto",642,2.00775035962309
250,"Conjunto",643,1.51939630660825
250,"Conjunto",644,1.51527401812172
250,"Conjunto",645,1.78904943591321
250,"Conjunto",646,1.8542458385169
250,"Conjunto",647,1.51600890265039
250,"Conjunto",648,1.45518239297978
250,"Conjunto",649,1.65576200159578
250,"Conjunto",650,1.63674837515593
250,"Conjunto",651,2.16544229558287
250,"Conjunto",652,1.59554139422457
250,"Conjunto",653,1.7632423198375
250,"Conjunto",654,1.78553281858354
250,"Conjunto",655,1.33835267502
250,"Conjunto",656,1.38829875605884
250,"Conjunto",657,1.53764595126393
250,"Conjunto",658,1.58947508395879
250,"Conjunto",659,1.5233113965527
250,"Conjunto",660,1.65233676838134
250,"Conjunto",661,1.8644907508508
250,"Conjunto",662,1.48014724205181
250,"Conjunto",663,2.23037400775391
250,"Conjunto",664,1.50855790157265
250,"Conjunto",665,1.58668099302725
250,"Conjunto",666,1.57787711863731
250,"Conjunto",667,1.78262662777428
250,"Conjunto",668,1.87404809721444
250,"Conjunto",669,1.74058012097413
250,"Conjunto",670,1.79625373418664
250,"Conjunto",671,1.6115946165365
250,"Conjunto",672,1.47894412475126
250,"Conjunto",673,1.91478873480389
250,"Conjunto",674,1.71356989071516
250,"Conjunto",675,1.21524602463981
250,"Conjunto",676,1.52906977867407
250,"Conjunto",677,1.73302422411885
250,"Conjunto",678,1.4213103696492
250,"Conjunto",679,1.78354824211713
250,"Conjunto",680,1.61442904149285
250,"Conjunto",681,1.81477141980168
250,"Conjunto",682,1.86651081485924
250,"Conjunto",683,1.59821461929324
250,"Conjunto",684,1.59268753730152
250,"Conjunto",685,1.41139621612187
250,"Conjunto",686,1.68496941419112
250,"Conjunto",687,1.60581599814599
250,"Conjunto",688,1.84789438995865
250,"Conjunto",689,2.037685662364
250,"Conjunto",690,1.08183169108221
250,"Conjunto",691,1.61613005184375
250,"Conjunto",692,1.45039588959786
250,"Conjunto",693,1.64049999342968
250,"Conjunto",694,1.66173335547829
250,"Conjunto",695,1.41645335128863
250,"Conjunto",696,1.43683047977166
250,"Conjunto",697,1.57849194656921
250,"Conjunto",698,1.7241331576459
250,"Conjunto",699,2.04075821571931
250,"Conjunto",700,1.81058412462041
250,"Conjunto",701,1.93728949700639
250,"Conjunto",702,1.85037924787629
250,"Conjunto",703,1.86910933581014
250,"Conjunto",704,1.73575376217816
250,"Conjunto",705,1.58986328707473
250,"Conjunto",706,1.40840541178301
250,"Conjunto",707,1.53718969348706
250,"Conjunto",708,1.61692712068026
250,"Conjunto",709,1.88905050287364
250,"Conjunto",710,1.76060948289383
250,"Conjunto",711,1.58939741508865
250,"Conjunto",712,1.43061800849931
250,"Conjunto",713,1.9635360320065
250,"Conjunto",714,1.79964033056085
250,"Conjunto",715,1.51539318895908
250,"Conjunto",716,1.71853372291471
250,"Conjunto",717,1.53214250687075
250,"Conjunto",718,1.52514933903876
250,"Conjunto",719,2.1318930988321
250,"Conjunto",720,1.69092860008439
250,"Conjunto",721,1.96396679843701
250,"Conjunto",722,1.92183826338145
250,"Conjunto",723,1.35100492501187
250,"Conjunto",724,2.3219648918478
250,"Conjunto",725,2.02080288728673
250,"Conjunto",726,2.10557906925659
250,"Conjunto",727,1.74378396310613
250,"Conjunto",728,1.76980746034812
250,"Conjunto",729,1.85897048653893
250,"Conjunto",730,1.3084559080615
250,"Conjunto",731,1.59676908618327
250,"Conjunto",732,1.6683011059037
250,"Conjunto",733,1.70903216160406
250,"Conjunto",734,1.41236398513201
250,"Conjunto",735,1.22307637606359
250,"Conjunto",736,1.80486486885355
250,"Conjunto",737,1.66837324336637
250,"Conjunto",738,1.7733373530319
250,"Conjunto",739,1.36067869774743
250,"Conjunto",740,2.00714150639414
250,"Conjunto",741,1.77477499237728
250,"Conjunto",742,1.80927642290128
250,"Conjunto",743,1.37158290002429
250,"Conjunto",744,1.59866917048489
250,"Conjunto",745,1.69941164441043
250,"Conjunto",746,1.8259095750322
250,"Conjunto",747,1.10978076131493
250,"Conjunto",748,1.93728334938136
250,"Conjunto",749,1.51792995156526
250,"Conjunto",750,1.84291861006062
250,"Conjunto",751,2.11058817311409
250,"Conjunto",752,1.53003873276341
250,"Conjunto",753,1.73734262465336
250,"Conjunto",754,1.61064788688815
250,"Conjunto",755,1.65840269261029
250,"Conjunto",756,1.55604734194904
250,"Conjunto",757,2.14586275720227
250,"Conjunto",758,1.87632801120489
250,"Conjunto",759,1.74386854074525
250,"Conjunto",760,1.90914537252505
250,"Conjunto",761,1.65999393874548
250,"Conjunto",762,1.68354940833181
250,"Conjunto",763,1.63530196921712
250,"Conjunto",764,1.30041494365935
250,"Conjunto",765,1.59682356808174
250,"Conjunto",766,1.9153886067657
250,"Conjunto",767,1.67208075190614
250,"Conjunto",768,1.56847912566492
250,"Conjunto",769,1.92031112768051
250,"Conjunto",770,1.48041897558926
250,"Conjunto",771,1.95304340716426
250,"Conjunto",772,1.99112172371178
250,"Conjunto",773,1.70725650007514
250,"Conjunto",774,1.51645681688157
250,"Conjunto",775,1.69628111984377
250,"Conjunto",776,1.39454090384738
250,"Conjunto",777,1.69963644361658
250,"Conjunto",778,1.38561142209191
250,"Conjunto",779,1.71806247049787
250,"Conjunto",780,1.87560290500052
250,"Conjunto",781,1.3745100322038
250,"Conjunto",782,1.50300299570728
250,"Conjunto",783,1.98112554806354
250,"Conjunto",784,2.02548762246889
250,"Conjunto",785,1.37026811214248
250,"Conjunto",786,1.56259055938741
250,"Conjunto",787,2.10328627364735
250,"Conjunto",788,1.77743958472639
250,"Conjunto",789,1.68288860339998
250,"Conjunto",790,1.64268890743865
250,"Conjunto",791,1.56221067484458
250,"Conjunto",792,1.75448519091721
250,"Conjunto",793,1.520341939599
250,"Conjunto",794,1.80987575926285
250,"Conjunto",795,1.32246092887393
250,"Conjunto",796,1.40478332087216
250,"Conjunto",797,1.87783295369852
250,"Conjunto",798,1.77905868813518
250,"Conjunto",799,1.27687619017059
250,"Conjunto",800,1.67252520845083
250,"Conjunto",801,1.8115729018862
250,"Conjunto",802,1.72131553670904
250,"Conjunto",803,1.56334713927763
250,"Conjunto",804,1.48287179328891
250,"Conjunto",805,1.22934084604143
250,"Conjunto",806,1.92475070916613
250,"Conjunto",807,1.4449249380801
250,"Conjunto",808,0.95093362349021
250,"Conjunto",809,1.62574419633979
250,"Conjunto",810,1.78429933639191
250,"Conjunto",811,1.80538221542216
250,"Conjunto",812,1.35450335578604
250,"Conjunto",813,2.0528295468953
250,"Conjunto",814,1.52155757584645
250,"Conjunto",815,1.84375108968003
250,"Conjunto",816,2.0728723698921
250,"Conjunto",817,1.58723940418004
250,"Conjunto",818,1.78404148040796
250,"Conjunto",819,1.93957308478046
250,"Conjunto",820,1.75929280903551
250,"Conjunto",821,1.48791069078293
250,"Conjunto",822,1.80266071234892
250,"Conjunto",823,1.23262378494489
250,"Conjunto",824,1.52229762547843
250,"Conjunto",825,1.56098877947423
250,"Conjunto",826,1.8330801586384
250,"Conjunto",827,1.48238012184955
250,"Conjunto",828,1.16254580969855
250,"Conjunto",829,1.92862841920604
250,"Conjunto",830,1.80164652950785
250,"Conjunto",831,2.5040446874998
250,"Conjunto",832,1.47156718924513
250,"Conjunto",833,1.86609382720988
250,"Conjunto",834,1.63494130678306
250,"Conjunto",835,1.49056711174597
250,"Conjunto",836,1.57785463673159
250,"Conjunto",837,1.43522925610666
250,"Conjunto",838,1.4791889494222
250,"Conjunto",839,1.36459362819607
250,"Conjunto",840,1.62027865116498
250,"Conjunto",841,1.37230783332794
250,"Conjunto",842,1.5348849323496
250,"Conjunto",843,1.63441425806613
250,"Conjunto",844,1.99568307204641
250,"Conjunto",845,1.56815367867603
250,"Conjunto",846,1.84694965825899
250,"Conjunto",847,1.93278852079069
250,"Conjunto",848,1.62001756038697
250,"Conjunto",849,1.61387194533323
250,"Conjunto",850,1.44861652253879
250,"Conjunto",851,1.86020795117151
250,"Conjunto",852,1.52218427714145
250,"Conjunto",853,1.45087966937744
250,"Conjunto",854,1.6097865343917
250,"Conjunto",855,1.47747078742474
250,"Conjunto",856,1.54385524641838
250,"Conjunto",857,1.71734009383514
250,"Conjunto",858,1.8775218123404
250,"Conjunto",859,1.45537576196316
250,"Conjunto",860,1.98013710034307
250,"Conjunto",861,1.33183607263099
250,"Conjunto",862,1.32442021465089
250,"Conjunto",863,1.8040435829718
250,"Conjunto",864,1.62513423483117
250,"Conjunto",865,1.4374035613339
250,"Conjunto",866,2.01496916858546
250,"Conjunto",867,1.61916798323558
250,"Conjunto",868,1.63534635595665
250,"Conjunto",869,1.32827979984145
250,"Conjunto",870,1.76584297379847
250,"Conjunto",871,1.42372197134849
250,"Conjunto",872,1.49074494102194
250,"Conjunto",873,2.28632649794995
250,"Conjunto",874,1.42575758989485
250,"Conjunto",875,2.04254286185873
250,"Conjunto",876,1.28543176870744
250,"Conjunto",877,1.58306748793428
250,"Conjunto",878,1.79014319654372
250,"Conjunto",879,1.49856857392204
250,"Conjunto",880,1.97839470211199
250,"Conjunto",881,1.67078765640326
250,"Conjunto",882,1.70083442148597
250,"Conjunto",883,1.69248309191606
250,"Conjunto",884,1.89914928783295
250,"Conjunto",885,1.48637981083879
250,"Conjunto",886,1.41561538475278
250,"Conjunto",887,1.54191482330575
250,"Conjunto",888,1.60464058395139
250,"Conjunto",889,2.19948169643946
250,"Conjunto",890,1.85882826046873
250,"Conjunto",891,1.42600761679865
250,"Conjunto",892,1.20410355164258
250,"Conjunto",893,1.33697875597513
250,"Conjunto",894,1.80724806584545
250,"Conjunto",895,1.66979958866499
250,"Conjunto",896,1.19509132601429
250,"Conjunto",897,1.43738371550419
250,"Conjunto",898,1.58824665682754
250,"Conjunto",899,2.17297968197212
250,"Conjunto",900,1.66129148886051
250,"Conjunto",901,1.16623037262442
250,"Conjunto",902,1.70870317474777
250,"Conjunto",903,2.1322299567892
250,"Conjunto",904,1.73326843096645
250,"Conjunto",905,2.49841285017375
250,"Conjunto",906,1.71901828497473
250,"Conjunto",907,1.95737214126303
250,"Conjunto",908,1.81119520547005
250,"Conjunto",909,1.22407869558824
250,"Conjunto",910,1.3923308964915
250,"Conjunto",911,1.56032271868947
250,"Conjunto",912,1.60328941651017
250,"Conjunto",913,1.84781854720695
250,"Conjunto",914,1.9234407718853
250,"Conjunto",915,1.17413996782196
250,"Conjunto",916,1.85169336262003
250,"Conjunto",917,1.97184539295013
250,"Conjunto",918,1.6656699165587
250,"Conjunto",919,1.69185717771745
250,"Conjunto",920,1.71376899440614
250,"Conjunto",921,1.49904153788069
250,"Conjunto",922,1.90066688546021
250,"Conjunto",923,2.00848662033015
250,"Conjunto",924,1.49178966288132
250,"Conjunto",925,1.5765860250421
250,"Conjunto",926,1.83420116044293
250,"Conjunto",927,1.54542527130748
250,"Conjunto",928,1.63405677105707
250,"Conjunto",929,1.87146471519061
250,"Conjunto",930,1.47580996210402
250,"Conjunto",931,1.22582455648408
250,"Conjunto",932,1.47820542166818
250,"Conjunto",933,1.87482543084108
250,"Conjunto",934,1.36585248775411
250,"Conjunto",935,1.77304057201458
250,"Conjunto",936,1.79329755692958
250,"Conjunto",937,1.7705027966436
250,"Conjunto",938,1.38160123208543
250,"Conjunto",939,1.48121507514313
250,"Conjunto",940,2.2615283766481
250,"Conjunto",941,1.45818780515056
250,"Conjunto",942,1.90155744752375
250,"Conjunto",943,1.60387553349387
250,"Conjunto",944,1.64453687646834
250,"Conjunto",945,1.43932644401481
250,"Conjunto",946,1.41999758573986
250,"Conjunto",947,1.63113752166364
250,"Conjunto",948,1.9175951766327
250,"Conjunto",949,1.90611853668914
250,"Conjunto",950,1.59569067783368
250,"Conjunto",951,1.64028939743017
250,"Conjunto",952,1.45049386339204
250,"Conjunto",953,1.62532577064766
250,"Conjunto",954,1.9306349761561
250,"Conjunto",955,1.52219935351679
250,"Conjunto",956,1.57647835848188
250,"Conjunto",957,1.4542768975988
250,"Conjunto",958,1.80351175346064
250,"Conjunto",959,1.73950872208803
250,"Conjunto",960,1.7207411123948
250,"Conjunto",961,2.53829179776319
250,"Conjunto",962,1.78464461104074
250,"Conjunto",963,1.27083856563044
250,"Conjunto",964,1.6287753498095
250,"Conjunto",965,1.62241071345242
250,"Conjunto",966,1.73227869553762
250,"Conjunto",967,1.6279526961806
250,"Conjunto",968,1.94827759019884
250,"Conjunto",969,1.38856316422536
250,"Conjunto",970,1.5760176396367
250,"Conjunto",971,1.2330726674927
250,"Conjunto",972,1.51535304219642
250,"Conjunto",973,1.71200017656635
250,"Conjunto",974,1.21348292315641
250,"Conjunto",975,1.91775836242854
250,"Conjunto",976,1.80777449732919
250,"Conjunto",977,1.5021655522333
250,"Conjunto",978,1.4948086237513
250,"Conjunto",979,1.63287274441878
250,"Conjunto",980,1.4243587874161
250,"Conjunto",981,1.55922481731445
250,"Conjunto",982,1.45748842794754
250,"Conjunto",983,1.21095097188277
250,"Conjunto",984,1.37817984511051
250,"Conjunto",985,1.65188675457249
250,"Conjunto",986,1.50536880856599
250,"Conjunto",987,1.29991117420821
250,"Conjunto",988,1.5338849463
250,"Conjunto",989,1.5558612931065
250,"Conjunto",990,1.52522894344623
250,"Conjunto",991,1.45378909116492
250,"Conjunto",992,1.75903113803882
250,"Conjunto",993,1.89861740569333
250,"Conjunto",994,1.42315795299897
250,"Conjunto",995,1.50311070133826
250,"Conjunto",996,1.45266837456981
250,"Conjunto",997,1.649922249329
250,"Conjunto",998,1.60289384930426
250,"Conjunto",999,2.33752083442822
250,"Conjunto",1000,1.50689290521594
500,"Duas etapas",1,1.4899135099941
500,"Duas etapas",2,1.37770586494638
500,"Duas etapas",3,1.45694053886392
500,"Duas etapas",4,1.31187591743951
500,"Duas etapas",5,1.27215056160894
500,"Duas etapas",6,1.56696674703828
500,"Duas etapas",7,1.29588915934917
500,"Duas etapas",8,1.15363418595048
500,"Duas etapas",9,1.41641581076341
500,"Duas etapas",10,1.43411003243456
500,"Duas etapas",11,1.28439258292592
500,"Duas etapas",12,1.4533478929375
500,"Duas etapas",13,1.58853059749436
500,"Duas etapas",14,1.40832146555761
500,"Duas etapas",15,1.27336304518412
500,"Duas etapas",16,1.58156912282143
500,"Duas etapas",17,1.33519294120856
500,"Duas etapas",18,1.51821974128105
500,"Duas etapas",19,1.52438802789402
500,"Duas etapas",20,1.64502607089545
500,"Duas etapas",21,1.50117609433316
500,"Duas etapas",22,1.48905235857706
500,"Duas etapas",23,1.4253141634965
500,"Duas etapas",24,1.37440681246518
500,"Duas etapas",25,1.55507449256761
500,"Duas etapas",26,1.5835535136153
500,"Duas etapas",27,1.51683668424596
500,"Duas etapas",28,1.31200841642181
500,"Duas etapas",29,1.52197574952231
500,"Duas etapas",30,1.23448334998597
500,"Duas etapas",31,1.42757549822568
500,"Duas etapas",32,1.45657682419327
500,"Duas etapas",33,1.38848636345259
500,"Duas etapas",34,1.53078373954957
500,"Duas etapas",35,1.08905458841894
500,"Duas etapas",36,1.38557218544427
500,"Duas etapas",37,1.65513373744241
500,"Duas etapas",38,1.48475175029356
500,"Duas etapas",39,1.36903838370824
500,"Duas etapas",40,1.4725778088855
500,"Duas etapas",41,1.43525007230218
500,"Duas etapas",42,1.51433978975791
500,"Duas etapas",43,1.32613418953995
500,"Duas etapas",44,1.26079630984329
500,"Duas etapas",45,1.33809287635356
500,"Duas etapas",46,1.49152876095727
500,"Duas etapas",47,1.51020156285249
500,"Duas etapas",48,1.79043440159997
500,"Duas etapas",49,1.64963790869798
500,"Duas etapas",50,1.43976778833866
500,"Duas etapas",51,1.51326420805033
500,"Duas etapas",52,1.52266060593068
500,"Duas etapas",53,1.24044721410603
500,"Duas etapas",54,1.59449400791623
500,"Duas etapas",55,1.36342031295106
500,"Duas etapas",56,1.18358636633847
500,"Duas etapas",57,1.29050145307748
500,"Duas etapas",58,1.27478753111469
500,"Duas etapas",59,1.56202746724815
500,"Duas etapas",60,1.57358257620136
500,"Duas etapas",61,1.45380581330063
500,"Duas etapas",62,1.46477776509845
500,"Duas etapas",63,1.4504360688718
500,"Duas etapas",64,1.39255113063541
500,"Duas etapas",65,1.54566822834341
500,"Duas etapas",66,1.39369284283702
500,"Duas etapas",67,1.48410013573553
500,"Duas etapas",68,1.44381965338872
500,"Duas etapas",69,1.16948005911898
500,"Duas etapas",70,1.53380214494795
500,"Duas etapas",71,1.4112507131395
500,"Duas etapas",72,1.47283861008954
500,"Duas etapas",73,1.19997854585358
500,"Duas etapas",74,1.41195573840995
500,"Duas etapas",75,1.35198300601453
500,"Duas etapas",76,1.33204125587243
500,"Duas etapas",77,1.43190045954014
500,"Duas etapas",78,1.4893354881164
500,"Duas etapas",79,1.41250507308904
500,"Duas etapas",80,1.49376685424028
500,"Duas etapas",81,1.12008616019726
500,"Duas etapas",82,1.55557500657038
500,"Duas etapas",83,1.30824562507581
500,"Duas etapas",84,1.34124324896819
500,"Duas etapas",85,1.33021501958888
500,"Duas etapas",86,1.39933268362043
500,"Duas etapas",87,1.32926770259193
500,"Duas etapas",88,1.38930726992707
500,"Duas etapas",89,1.59962219019313
500,"Duas etapas",90,1.63896843158955
500,"Duas etapas",91,1.59688203738118
500,"Duas etapas",92,1.40143597229577
500,"Duas etapas",93,1.55821071206415
500,"Duas etapas",94,1.38084834322074
500,"Duas etapas",95,1.42537401862322
500,"Duas etapas",96,1.65473064313027
500,"Duas etapas",97,1.5438755573753
500,"Duas etapas",98,1.49831165169981
500,"Duas etapas",99,1.14695965913337
500,"Duas etapas",100,1.65075702102455
500,"Duas etapas",101,1.39647203363078
500,"Duas etapas",102,1.59861234838296
500,"Duas etapas",103,1.40723623775555
500,"Duas etapas",104,1.29610394263548
500,"Duas etapas",105,1.63260490073541
500,"Duas etapas",106,1.66941746177202
500,"Duas etapas",107,1.28998666871228
500,"Duas etapas",108,1.46090362574169
500,"Duas etapas",109,1.79311099173852
500,"Duas etapas",110,1.29605021621568
500,"Duas etapas",111,1.42355490235547
500,"Duas etapas",112,1.46983933495706
500,"Duas etapas",113,1.47738288189073
500,"Duas etapas",114,1.54895888442052
500,"Duas etapas",115,1.47661868951955
500,"Duas etapas",116,1.46165507746643
500,"Duas etapas",117,1.4269269420053
500,"Duas etapas",118,1.24547462322242
500,"Duas etapas",119,1.31597206010905
500,"Duas etapas",120,1.31986463373207
500,"Duas etapas",121,1.5456158108829
500,"Duas etapas",122,1.22404633225274
500,"Duas etapas",123,1.36681709336197
500,"Duas etapas",124,1.44260123360587
500,"Duas etapas",125,1.2289936001547
500,"Duas etapas",126,1.15588861191639
500,"Duas etapas",127,1.34902047921514
500,"Duas etapas",128,1.49609259466427
500,"Duas etapas",129,1.34177507829446
500,"Duas etapas",130,1.50456732382305
500,"Duas etapas",131,1.53862640824774
500,"Duas etapas",132,1.26579678729013
500,"Duas etapas",133,1.49607529644166
500,"Duas etapas",134,1.55426646736742
500,"Duas etapas",135,1.31380074803916
500,"Duas etapas",136,1.4978318978782
500,"Duas etapas",137,1.39862633831341
500,"Duas etapas",138,1.33658149798852
500,"Duas etapas",139,1.67190430533839
500,"Duas etapas",140,1.37939517411573
500,"Duas etapas",141,1.44460091532477
500,"Duas etapas",142,1.62414469108291
500,"Duas etapas",143,1.51270100847879
500,"Duas etapas",144,1.49990613706965
500,"Duas etapas",145,1.3980786827609
500,"Duas etapas",146,1.56411783194261
500,"Duas etapas",147,1.4862669993859
500,"Duas etapas",148,1.34054837768583
500,"Duas etapas",149,1.54008786485263
500,"Duas etapas",150,1.74207544628257
500,"Duas etapas",151,1.63402968386675
500,"Duas etapas",152,1.41996486057311
500,"Duas etapas",153,1.41809024166292
500,"Duas etapas",154,1.44084023026792
500,"Duas etapas",155,1.36909669868153
500,"Duas etapas",156,1.49186763363217
500,"Duas etapas",157,1.58599463150707
500,"Duas etapas",158,1.61711210529829
500,"Duas etapas",159,1.45792727286698
500,"Duas etapas",160,1.38266416216063
500,"Duas etapas",161,1.71411618098231
500,"Duas etapas",162,1.27776294825205
500,"Duas etapas",163,1.67559501692722
500,"Duas etapas",164,1.3780381941938
500,"Duas etapas",165,1.46686689271013
500,"Duas etapas",166,1.46099595599855
500,"Duas etapas",167,1.63200372574917
500,"Duas etapas",168,1.23466484298145
500,"Duas etapas",169,1.33682412736725
500,"Duas etapas",170,1.54353417247234
500,"Duas etapas",171,1.32178778052108
500,"Duas etapas",172,1.29613669716004
500,"Duas etapas",173,1.46898933573752
500,"Duas etapas",174,1.50970375321346
500,"Duas etapas",175,1.61098161317064
500,"Duas etapas",176,1.49186992158599
500,"Duas etapas",177,1.40986845449695
500,"Duas etapas",178,1.18943561985968
500,"Duas etapas",179,1.57199791444561
500,"Duas etapas",180,1.2972407237107
500,"Duas etapas",181,1.26732910811856
500,"Duas etapas",182,1.42754742570624
500,"Duas etapas",183,1.56076567796023
500,"Duas etapas",184,1.41277864014895
500,"Duas etapas",185,1.33395356048193
500,"Duas etapas",186,1.54542785401732
500,"Duas etapas",187,1.44172992231107
500,"Duas etapas",188,1.21786862394555
500,"Duas etapas",189,1.54656381468378
500,"Duas etapas",190,1.80106387176053
500,"Duas etapas",191,1.54658940385728
500,"Duas etapas",192,1.35505625143025
500,"Duas etapas",193,1.47317027801641
500,"Duas etapas",194,1.70624436200399
500,"Duas etapas",195,1.43638498027917
500,"Duas etapas",196,1.46920730461461
500,"Duas etapas",197,1.37952062001166
500,"Duas etapas",198,1.51578889176765
500,"Duas etapas",199,1.35897803929116
500,"Duas etapas",200,1.45079669851005
500,"Duas etapas",201,1.40896318939606
500,"Duas etapas",202,1.49698575796395
500,"Duas etapas",203,1.51724844921267
500,"Duas etapas",204,1.48847726664275
500,"Duas etapas",205,1.35145564923859
500,"Duas etapas",206,1.50220399324083
500,"Duas etapas",207,1.09108870891313
500,"Duas etapas",208,1.6324459774999
500,"Duas etapas",209,1.53764289385449
500,"Duas etapas",210,1.42761392291963
500,"Duas etapas",211,1.48888529714281
500,"Duas etapas",212,1.5340120839789
500,"Duas etapas",213,1.31261891960447
500,"Duas etapas",214,1.48865522114699
500,"Duas etapas",215,1.47944239854664
500,"Duas etapas",216,1.5330982690806
500,"Duas etapas",217,1.52376162999678
500,"Duas etapas",218,1.33745256739062
500,"Duas etapas",219,1.42812697982418
500,"Duas etapas",220,1.49007961045892
500,"Duas etapas",221,1.38034422364874
500,"Duas etapas",222,1.34967135965378
500,"Duas etapas",223,1.38552846024603
500,"Duas etapas",224,1.36433575697586
500,"Duas etapas",225,1.50040724112022
500,"Duas etapas",226,1.70065718629029
500,"Duas etapas",227,1.68910322148191
500,"Duas etapas",228,1.40318625870032
500,"Duas etapas",229,1.45583140488486
500,"Duas etapas",230,1.41040186879209
500,"Duas etapas",231,1.47986825325558
500,"Duas etapas",232,1.43630124469543
500,"Duas etapas",233,1.45568690488124
500,"Duas etapas",234,1.62825816918974
500,"Duas etapas",235,1.51204532916068
500,"Duas etapas",236,1.58268827563512
500,"Duas etapas",237,1.53054901765882
500,"Duas etapas",238,1.64316799200266
500,"Duas etapas",239,1.47627772857551
500,"Duas etapas",240,1.65422581313372
500,"Duas etapas",241,1.30452274062067
500,"Duas etapas",242,1.49341233893876
500,"Duas etapas",243,1.25469694386519
500,"Duas etapas",244,1.27607946465466
500,"Duas etapas",245,1.58539472957529
500,"Duas etapas",246,1.51060253074981
500,"Duas etapas",247,1.18396002623904
500,"Duas etapas",248,1.45655581097244
500,"Duas etapas",249,1.41610847441126
500,"Duas etapas",250,1.50280459315001
500,"Duas etapas",251,1.76087206450784
500,"Duas etapas",252,1.21350567811405
500,"Duas etapas",253,1.55333750912066
500,"Duas etapas",254,1.66481750086415
500,"Duas etapas",255,1.3894323066043
500,"Duas etapas",256,1.47709879612549
500,"Duas etapas",257,1.43180687778788
500,"Duas etapas",258,1.36505587441083
500,"Duas etapas",259,1.47835540099419
500,"Duas etapas",260,1.58519563059132
500,"Duas etapas",261,1.69359872955168
500,"Duas etapas",262,1.37801936207788
500,"Duas etapas",263,1.85688961799728
500,"Duas etapas",264,1.41253694917916
500,"Duas etapas",265,1.52539326336754
500,"Duas etapas",266,1.50944585354395
500,"Duas etapas",267,1.59305991204433
500,"Duas etapas",268,1.42350366638418
500,"Duas etapas",269,1.46813889972283
500,"Duas etapas",270,1.78306017891226
500,"Duas etapas",271,1.49464773755159
500,"Duas etapas",272,1.44391208568866
500,"Duas etapas",273,1.47009449255985
500,"Duas etapas",274,1.42725909512975
500,"Duas etapas",275,1.45200957225426
500,"Duas etapas",276,1.45457403619574
500,"Duas etapas",277,1.46561368719364
500,"Duas etapas",278,1.46910262278645
500,"Duas etapas",279,1.39707642991175
500,"Duas etapas",280,1.64757127815549
500,"Duas etapas",281,1.32868935681034
500,"Duas etapas",282,1.51034156916978
500,"Duas etapas",283,1.35950045841397
500,"Duas etapas",284,1.43587137164094
500,"Duas etapas",285,1.42134044581819
500,"Duas etapas",286,1.27449025279088
500,"Duas etapas",287,1.62900180829325
500,"Duas etapas",288,1.19571662136702
500,"Duas etapas",289,1.36788698192951
500,"Duas etapas",290,1.38368972099855
500,"Duas etapas",291,1.51387793755254
500,"Duas etapas",292,1.4935319277568
500,"Duas etapas",293,1.31603501934667
500,"Duas etapas",294,1.57029638129061
500,"Duas etapas",295,1.38481914173261
500,"Duas etapas",296,1.33610915952499
500,"Duas etapas",297,1.34668038230448
500,"Duas etapas",298,1.3309129430095
500,"Duas etapas",299,1.43777809907996
500,"Duas etapas",300,1.592973828108
500,"Duas etapas",301,1.37380594742759
500,"Duas etapas",302,1.64472433139317
500,"Duas etapas",303,1.43210629831158
500,"Duas etapas",304,1.48018498837221
500,"Duas etapas",305,1.37720175454696
500,"Duas etapas",306,1.34792717470065
500,"Duas etapas",307,1.57649092245059
500,"Duas etapas",308,1.60052931159563
500,"Duas etapas",309,1.53510308137657
500,"Duas etapas",310,1.36454697442185
500,"Duas etapas",311,1.32120460549416
500,"Duas etapas",312,1.30636002164344
500,"Duas etapas",313,1.48601178037049
500,"Duas etapas",314,1.4136690824047
500,"Duas etapas",315,1.47973748962801
500,"Duas etapas",316,1.4563266790559
500,"Duas etapas",317,1.25688185337651
500,"Duas etapas",318,1.33851631748209
500,"Duas etapas",319,1.2101186654243
500,"Duas etapas",320,1.54587472891756
500,"Duas etapas",321,1.3946859768841
500,"Duas etapas",322,1.10524688308336
500,"Duas etapas",323,1.27954930242908
500,"Duas etapas",324,1.39657882595751
500,"Duas etapas",325,1.22812796432544
500,"Duas etapas",326,1.61444847490682
500,"Duas etapas",327,1.37385912812485
500,"Duas etapas",328,1.79775903628187
500,"Duas etapas",329,1.38088172488256
500,"Duas etapas",330,1.48050542008691
500,"Duas etapas",331,1.51523956432373
500,"Duas etapas",332,1.37397236216169
500,"Duas etapas",333,1.52199646325288
500,"Duas etapas",334,1.14526747793795
500,"Duas etapas",335,1.48062341708769
500,"Duas etapas",336,1.66920255456335
500,"Duas etapas",337,1.39374022189626
500,"Duas etapas",338,1.73539969992261
500,"Duas etapas",339,1.4017412806757
500,"Duas etapas",340,1.43521385087415
500,"Duas etapas",341,1.66253432623795
500,"Duas etapas",342,1.40112221681489
500,"Duas etapas",343,2.11118872690549
500,"Duas etapas",344,1.41833356208852
500,"Duas etapas",345,1.06858075681914
500,"Duas etapas",346,1.53833386245223
500,"Duas etapas",347,1.46030899350541
500,"Duas etapas",348,1.55166400982146
500,"Duas etapas",349,1.27298906700651
500,"Duas etapas",350,1.50665110972857
500,"Duas etapas",351,1.49881880780397
500,"Duas etapas",352,1.58602368332582
500,"Duas etapas",353,1.29995013436522
500,"Duas etapas",354,1.17929882133369
500,"Duas etapas",355,1.33478724850676
500,"Duas etapas",356,1.44349503018023
500,"Duas etapas",357,1.49232079852966
500,"Duas etapas",358,1.41818224676761
500,"Duas etapas",359,1.5471754389069
500,"Duas etapas",360,1.40689466611603
500,"Duas etapas",361,1.55531289051848
500,"Duas etapas",362,1.19479644853862
500,"Duas etapas",363,1.57928191548197
500,"Duas etapas",364,1.31491793094941
500,"Duas etapas",365,1.29795973687554
500,"Duas etapas",366,1.78063572742709
500,"Duas etapas",367,1.52596007631421
500,"Duas etapas",368,1.24416002054494
500,"Duas etapas",369,1.52147050685223
500,"Duas etapas",370,1.59482430490908
500,"Duas etapas",371,1.56955657817945
500,"Duas etapas",372,1.46438386426757
500,"Duas etapas",373,1.64924387765418
500,"Duas etapas",374,1.46122611623051
500,"Duas etapas",375,1.40101153486889
500,"Duas etapas",376,1.52928022695504
500,"Duas etapas",377,1.37137793304976
500,"Duas etapas",378,1.66764982251437
500,"Duas etapas",379,1.74485678780067
500,"Duas etapas",380,1.04232970575601
500,"Duas etapas",381,1.3186093656591
500,"Duas etapas",382,1.29105006046693
500,"Duas etapas",383,1.59478192414436
500,"Duas etapas",384,1.31324464375732
500,"Duas etapas",385,1.70848990840626
500,"Duas etapas",386,1.29986980940432
500,"Duas etapas",387,1.18418291978932
500,"Duas etapas",388,1.51947880765803
500,"Duas etapas",389,1.12731919818441
500,"Duas etapas",390,1.31023122872945
500,"Duas etapas",391,1.36041709402794
500,"Duas etapas",392,1.21705243087344
500,"Duas etapas",393,1.52974866238048
500,"Duas etapas",394,1.6550492285911
500,"Duas etapas",395,1.20578132781031
500,"Duas etapas",396,1.3190333959443
500,"Duas etapas",397,1.1688942001546
500,"Duas etapas",398,1.20587195783053
500,"Duas etapas",399,1.46121835984859
500,"Duas etapas",400,1.52776543108047
500,"Duas etapas",401,1.49285100982625
500,"Duas etapas",402,1.5054811590979
500,"Duas etapas",403,1.45411129041446
500,"Duas etapas",404,1.8628791357741
500,"Duas etapas",405,1.22128118118863
500,"Duas etapas",406,1.61117830654791
500,"Duas etapas",407,1.23474795225068
500,"Duas etapas",408,1.71927268166372
500,"Duas etapas",409,1.69583337284064
500,"Duas etapas",410,1.18560267141261
500,"Duas etapas",411,1.43380141862365
500,"Duas etapas",412,1.29303459290353
500,"Duas etapas",413,1.41908560204413
500,"Duas etapas",414,1.70085457657214
500,"Duas etapas",415,1.48697532349385
500,"Duas etapas",416,1.55916662007813
500,"Duas etapas",417,1.48991261921224
500,"Duas etapas",418,1.42570597772954
500,"Duas etapas",419,1.41074696831905
500,"Duas etapas",420,1.65244791036869
500,"Duas etapas",421,1.63687640540295
500,"Duas etapas",422,1.49436467278526
500,"Duas etapas",423,1.46202376721293
500,"Duas etapas",424,1.38137001500496
500,"Duas etapas",425,1.20309792751896
500,"Duas etapas",426,1.44812095838294
500,"Duas etapas",427,1.27307974484962
500,"Duas etapas",428,1.50875775070394
500,"Duas etapas",429,1.27560999688551
500,"Duas etapas",430,1.44686564511285
500,"Duas etapas",431,1.50198347770768
500,"Duas etapas",432,1.37706521339633
500,"Duas etapas",433,1.41374182116505
500,"Duas etapas",434,1.58278384122477
500,"Duas etapas",435,1.37282417225353
500,"Duas etapas",436,1.6280667206965
500,"Duas etapas",437,1.20840216170249
500,"Duas etapas",438,1.40949620594953
500,"Duas etapas",439,1.3115447187647
500,"Duas etapas",440,1.41496658792531
500,"Duas etapas",441,1.41705493221468
500,"Duas etapas",442,1.63283141396183
500,"Duas etapas",443,1.63809166587474
500,"Duas etapas",444,1.34697570675295
500,"Duas etapas",445,1.31044983962653
500,"Duas etapas",446,1.27686998714843
500,"Duas etapas",447,1.57290681217423
500,"Duas etapas",448,1.66255320094959
500,"Duas etapas",449,1.42612702302157
500,"Duas etapas",450,1.50459517334918
500,"Duas etapas",451,1.45867644201021
500,"Duas etapas",452,1.52101582145656
500,"Duas etapas",453,1.6294307077573
500,"Duas etapas",454,1.46287531722561
500,"Duas etapas",455,1.46527148108823
500,"Duas etapas",456,1.47488532701683
500,"Duas etapas",457,1.42981374715911
500,"Duas etapas",458,1.38760484836963
500,"Duas etapas",459,1.36658719183985
500,"Duas etapas",460,1.51704490240708
500,"Duas etapas",461,1.48066484302885
500,"Duas etapas",462,1.5014427052451
500,"Duas etapas",463,1.33883145222662
500,"Duas etapas",464,1.42320663830346
500,"Duas etapas",465,1.52436141840146
500,"Duas etapas",466,1.42957848483922
500,"Duas etapas",467,1.1884162673754
500,"Duas etapas",468,1.32435388902969
500,"Duas etapas",469,1.22337623666327
500,"Duas etapas",470,1.66072540675208
500,"Duas etapas",471,1.24709138740774
500,"Duas etapas",472,1.32251546941191
500,"Duas etapas",473,1.42862083441135
500,"Duas etapas",474,1.3463270378225
500,"Duas etapas",475,1.46085594285232
500,"Duas etapas",476,1.29851939328557
500,"Duas etapas",477,1.60267250706401
500,"Duas etapas",478,1.29288741839024
500,"Duas etapas",479,1.56894796479943
500,"Duas etapas",480,1.18815362987693
500,"Duas etapas",481,1.18392140460396
500,"Duas etapas",482,1.49966064131838
500,"Duas etapas",483,1.20013031155713
500,"Duas etapas",484,1.53217327983842
500,"Duas etapas",485,1.43049181024996
500,"Duas etapas",486,1.63559542629959
500,"Duas etapas",487,1.54258018439142
500,"Duas etapas",488,1.63266638670578
500,"Duas etapas",489,1.54506332184096
500,"Duas etapas",490,1.47434997055033
500,"Duas etapas",491,1.29431403897297
500,"Duas etapas",492,1.69442701318136
500,"Duas etapas",493,1.4134350084713
500,"Duas etapas",494,1.36049838451484
500,"Duas etapas",495,1.38000191014207
500,"Duas etapas",496,1.4269446119005
500,"Duas etapas",497,1.31931614713194
500,"Duas etapas",498,1.29397899834784
500,"Duas etapas",499,1.43057004699217
500,"Duas etapas",500,1.48892702834839
500,"Duas etapas",501,1.47191215136577
500,"Duas etapas",502,1.50306564098095
500,"Duas etapas",503,1.56202665040705
500,"Duas etapas",504,1.09392060961499
500,"Duas etapas",505,1.55224484404519
500,"Duas etapas",506,1.52817800725816
500,"Duas etapas",507,1.21834720942465
500,"Duas etapas",508,1.74758671235346
500,"Duas etapas",509,1.15752962789997
500,"Duas etapas",510,1.61792697138768
500,"Duas etapas",511,1.53887903717087
500,"Duas etapas",512,1.3365061174603
500,"Duas etapas",513,1.35096498580567
500,"Duas etapas",514,1.23883122381094
500,"Duas etapas",515,1.30598861790799
500,"Duas etapas",516,1.42884190106808
500,"Duas etapas",517,1.13429746519687
500,"Duas etapas",518,1.39673728020388
500,"Duas etapas",519,1.27834627979978
500,"Duas etapas",520,1.30587446946857
500,"Duas etapas",521,1.58330541302756
500,"Duas etapas",522,1.27069015592116
500,"Duas etapas",523,1.4773616901005
500,"Duas etapas",524,1.24720027044636
500,"Duas etapas",525,1.10212027227515
500,"Duas etapas",526,1.35112460261354
500,"Duas etapas",527,1.33037694989441
500,"Duas etapas",528,1.32337479281221
500,"Duas etapas",529,1.33537478860104
500,"Duas etapas",530,1.68182658859148
500,"Duas etapas",531,1.33435129442231
500,"Duas etapas",532,1.49628098150539
500,"Duas etapas",533,1.39482370964541
500,"Duas etapas",534,1.73022564948696
500,"Duas etapas",535,1.7147146551777
500,"Duas etapas",536,1.52291126587574
500,"Duas etapas",537,1.63755661285656
500,"Duas etapas",538,1.50663262484899
500,"Duas etapas",539,1.52218561866045
500,"Duas etapas",540,1.42292606640172
500,"Duas etapas",541,1.30029895757344
500,"Duas etapas",542,1.29530250759886
500,"Duas etapas",543,1.48630316829105
500,"Duas etapas",544,1.41786389396763
500,"Duas etapas",545,1.54126963835869
500,"Duas etapas",546,1.3694551390844
500,"Duas etapas",547,1.55272255279239
500,"Duas etapas",548,1.6885225078429
500,"Duas etapas",549,1.23116888173749
500,"Duas etapas",550,1.39796395752551
500,"Duas etapas",551,1.67578418842376
500,"Duas etapas",552,1.36151207540609
500,"Duas etapas",553,1.41032339416539
500,"Duas etapas",554,1.44702365050692
500,"Duas etapas",555,1.5882380285595
500,"Duas etapas",556,1.30372346120364
500,"Duas etapas",557,1.41779734505201
500,"Duas etapas",558,1.49141346144953
500,"Duas etapas",559,1.42032839615029
500,"Duas etapas",560,1.59594529307701
500,"Duas etapas",561,1.27608634975937
500,"Duas etapas",562,1.50395082451083
500,"Duas etapas",563,1.80264533175414
500,"Duas etapas",564,1.43443909993429
500,"Duas etapas",565,1.58342562784476
500,"Duas etapas",566,1.49581038988925
500,"Duas etapas",567,1.36457862837296
500,"Duas etapas",568,1.69386541414587
500,"Duas etapas",569,1.5272912302937
500,"Duas etapas",570,1.49768598043997
500,"Duas etapas",571,1.31860886882613
500,"Duas etapas",572,1.43283863707658
500,"Duas etapas",573,1.25077495986605
500,"Duas etapas",574,1.35391587787673
500,"Duas etapas",575,1.50808930033875
500,"Duas etapas",576,1.37828511470454
500,"Duas etapas",577,1.4297919242746
500,"Duas etapas",578,1.48204361475036
500,"Duas etapas",579,1.33301671907268
500,"Duas etapas",580,1.52411789714906
500,"Duas etapas",581,1.40476529405001
500,"Duas etapas",582,1.40577701032538
500,"Duas etapas",583,1.57884315720915
500,"Duas etapas",584,1.38893388278065
500,"Duas etapas",585,1.47455271292149
500,"Duas etapas",586,1.36318699895187
500,"Duas etapas",587,1.21917942319881
500,"Duas etapas",588,1.59871494445689
500,"Duas etapas",589,1.29792217918747
500,"Duas etapas",590,1.41124897870559
500,"Duas etapas",591,1.43134857866635
500,"Duas etapas",592,1.60174591268307
500,"Duas etapas",593,1.45701972049199
500,"Duas etapas",594,1.48367100662143
500,"Duas etapas",595,1.50911755518668
500,"Duas etapas",596,1.77219330688308
500,"Duas etapas",597,1.63073817155927
500,"Duas etapas",598,1.55922894789294
500,"Duas etapas",599,1.48192276725358
500,"Duas etapas",600,1.29300757514406
500,"Duas etapas",601,1.37454167422039
500,"Duas etapas",602,1.21393268503096
500,"Duas etapas",603,1.17332802968953
500,"Duas etapas",604,1.56115835293261
500,"Duas etapas",605,1.39531029357013
500,"Duas etapas",606,1.36397425143572
500,"Duas etapas",607,1.32375106491533
500,"Duas etapas",608,1.78804561854419
500,"Duas etapas",609,1.29738024113623
500,"Duas etapas",610,1.21918440855897
500,"Duas etapas",611,1.3063559058706
500,"Duas etapas",612,1.25693369472963
500,"Duas etapas",613,1.39829392741689
500,"Duas etapas",614,1.45906549973893
500,"Duas etapas",615,1.29214119136467
500,"Duas etapas",616,1.52446613679006
500,"Duas etapas",617,1.46163702232816
500,"Duas etapas",618,1.32671023531938
500,"Duas etapas",619,1.44141791535752
500,"Duas etapas",620,1.39971810371682
500,"Duas etapas",621,1.54312048692643
500,"Duas etapas",622,1.13670184913761
500,"Duas etapas",623,1.78390685836989
500,"Duas etapas",624,1.79818835005933
500,"Duas etapas",625,1.4334242610112
500,"Duas etapas",626,1.48018112892279
500,"Duas etapas",627,1.44082960424888
500,"Duas etapas",628,1.31288574030517
500,"Duas etapas",629,1.54379828589798
500,"Duas etapas",630,1.54902798559063
500,"Duas etapas",631,1.47464601609722
500,"Duas etapas",632,1.48838813467489
500,"Duas etapas",633,1.45590642913024
500,"Duas etapas",634,1.28947711489799
500,"Duas etapas",635,1.42423068362408
500,"Duas etapas",636,1.55171317017631
500,"Duas etapas",637,1.33312457330262
500,"Duas etapas",638,1.40413524983807
500,"Duas etapas",639,1.29956711116188
500,"Duas etapas",640,1.35537037899977
500,"Duas etapas",641,1.25449637890122
500,"Duas etapas",642,1.34410330580583
500,"Duas etapas",643,1.30078662287118
500,"Duas etapas",644,1.53021656777079
500,"Duas etapas",645,1.62335099859679
500,"Duas etapas",646,1.33048682317657
500,"Duas etapas",647,1.09831937165998
500,"Duas etapas",648,1.54496080434394
500,"Duas etapas",649,1.62820348561053
500,"Duas etapas",650,1.50201088157961
500,"Duas etapas",651,1.32911052121187
500,"Duas etapas",652,1.6099703468476
500,"Duas etapas",653,1.49712857924595
500,"Duas etapas",654,1.47309942683379
500,"Duas etapas",655,1.46735126773807
500,"Duas etapas",656,1.27399036567127
500,"Duas etapas",657,1.40728927164677
500,"Duas etapas",658,1.47377474264858
500,"Duas etapas",659,1.43453744733692
500,"Duas etapas",660,1.52881109285922
500,"Duas etapas",661,1.4100250445744
500,"Duas etapas",662,1.2834246469679
500,"Duas etapas",663,1.4429666021202
500,"Duas etapas",664,1.44438763406204
500,"Duas etapas",665,1.59095800437446
500,"Duas etapas",666,1.56640232831898
500,"Duas etapas",667,1.35750441807863
500,"Duas etapas",668,1.39536204247158
500,"Duas etapas",669,1.29193946176627
500,"Duas etapas",670,1.20883677825076
500,"Duas etapas",671,1.45635134177522
500,"Duas etapas",672,1.43659765941902
500,"Duas etapas",673,1.42178889901288
500,"Duas etapas",674,1.55708693707224
500,"Duas etapas",675,1.43503140624114
500,"Duas etapas",676,1.49243609114756
500,"Duas etapas",677,1.34305592767453
500,"Duas etapas",678,1.36443479924731
500,"Duas etapas",679,1.36592497962211
500,"Duas etapas",680,1.33772259209996
500,"Duas etapas",681,1.59621667173748
500,"Duas etapas",682,1.24702047912827
500,"Duas etapas",683,1.54776193272913
500,"Duas etapas",684,1.44698137629332
500,"Duas etapas",685,1.20071224964377
500,"Duas etapas",686,1.53711905366274
500,"Duas etapas",687,1.43907859102972
500,"Duas etapas",688,1.43849574124497
500,"Duas etapas",689,1.52766213262936
500,"Duas etapas",690,1.57831982268078
500,"Duas etapas",691,1.47819536608038
500,"Duas etapas",692,1.4034347174764
500,"Duas etapas",693,1.47940421498559
500,"Duas etapas",694,1.41204368638934
500,"Duas etapas",695,1.56472529833691
500,"Duas etapas",696,1.2705859786861
500,"Duas etapas",697,1.49538476956192
500,"Duas etapas",698,1.58410568371947
500,"Duas etapas",699,1.47287768373479
500,"Duas etapas",700,1.64318274335217
500,"Duas etapas",701,1.33891487120033
500,"Duas etapas",702,1.67382365474178
500,"Duas etapas",703,1.53636748329537
500,"Duas etapas",704,1.40343966439799
500,"Duas etapas",705,1.43558661049005
500,"Duas etapas",706,1.39817682871879
500,"Duas etapas",707,1.43266921803878
500,"Duas etapas",708,1.57239740362624
500,"Duas etapas",709,1.41057375500992
500,"Duas etapas",710,1.54902923643011
500,"Duas etapas",711,1.34508933945602
500,"Duas etapas",712,1.42465055767019
500,"Duas etapas",713,1.18596616682856
500,"Duas etapas",714,1.47371257322962
500,"Duas etapas",715,1.52948918906406
500,"Duas etapas",716,1.52792463789443
500,"Duas etapas",717,1.5484399224647
500,"Duas etapas",718,1.27753111653035
500,"Duas etapas",719,1.49420292757949
500,"Duas etapas",720,1.47271021997735
500,"Duas etapas",721,1.35268560172562
500,"Duas etapas",722,1.49265945609934
500,"Duas etapas",723,1.54741715291779
500,"Duas etapas",724,1.54498868478031
500,"Duas etapas",725,1.42487757781746
500,"Duas etapas",726,1.53075575672257
500,"Duas etapas",727,1.36369471402161
500,"Duas etapas",728,1.38923760482668
500,"Duas etapas",729,1.55558406267623
500,"Duas etapas",730,1.39655024321273
500,"Duas etapas",731,1.24331270507517
500,"Duas etapas",732,1.1937795591357
500,"Duas etapas",733,1.3635061887712
500,"Duas etapas",734,1.37258975982142
500,"Duas etapas",735,1.49123423636879
500,"Duas etapas",736,1.45452140025018
500,"Duas etapas",737,1.44463321380373
500,"Duas etapas",738,1.43368143971442
500,"Duas etapas",739,1.56861985704555
500,"Duas etapas",740,1.74453745323817
500,"Duas etapas",741,1.49261457786794
500,"Duas etapas",742,1.40532057472556
500,"Duas etapas",743,1.44466819178178
500,"Duas etapas",744,1.17092599667568
500,"Duas etapas",745,1.52618977870019
500,"Duas etapas",746,1.47639044315652
500,"Duas etapas",747,1.32139481383924
500,"Duas etapas",748,1.43577114401803
500,"Duas etapas",749,1.16966464439597
500,"Duas etapas",750,1.57484617619966
500,"Duas etapas",751,1.34267425356844
500,"Duas etapas",752,1.28214463574933
500,"Duas etapas",753,1.32661535287482
500,"Duas etapas",754,1.41939638069448
500,"Duas etapas",755,1.26035253738669
500,"Duas etapas",756,1.32803348091661
500,"Duas etapas",757,1.65354005715645
500,"Duas etapas",758,1.30488438257726
500,"Duas etapas",759,1.35922251892947
500,"Duas etapas",760,1.40803356665284
500,"Duas etapas",761,1.40236282984861
500,"Duas etapas",762,1.07687085891217
500,"Duas etapas",763,1.49090128412373
500,"Duas etapas",764,1.54969825374418
500,"Duas etapas",765,1.18870954624859
500,"Duas etapas",766,1.48997754733134
500,"Duas etapas",767,1.53971583605832
500,"Duas etapas",768,1.33308726629485
500,"Duas etapas",769,1.27751547755959
500,"Duas etapas",770,1.41111091607441
500,"Duas etapas",771,1.27408231611639
500,"Duas etapas",772,1.5902428134668
500,"Duas etapas",773,1.42102476247513
500,"Duas etapas",774,1.484410576708
500,"Duas etapas",775,1.45821808609382
500,"Duas etapas",776,1.56740062914639
500,"Duas etapas",777,1.61337908651641
500,"Duas etapas",778,1.47713733893351
500,"Duas etapas",779,1.57066935456442
500,"Duas etapas",780,1.2731497950319
500,"Duas etapas",781,1.39142946088093
500,"Duas etapas",782,1.31054042841686
500,"Duas etapas",783,1.48427048764992
500,"Duas etapas",784,1.70065196275494
500,"Duas etapas",785,1.42399537419009
500,"Duas etapas",786,1.29783092855812
500,"Duas etapas",787,1.33210588916739
500,"Duas etapas",788,1.62354248511573
500,"Duas etapas",789,1.43074686017272
500,"Duas etapas",790,1.40523990262757
500,"Duas etapas",791,1.12614585414003
500,"Duas etapas",792,1.65245055561189
500,"Duas etapas",793,1.38295413334386
500,"Duas etapas",794,1.46402040750181
500,"Duas etapas",795,1.50773501165602
500,"Duas etapas",796,1.28625837586613
500,"Duas etapas",797,1.27010994901817
500,"Duas etapas",798,1.39991229404784
500,"Duas etapas",799,1.52727832389931
500,"Duas etapas",800,1.16632496153467
500,"Duas etapas",801,1.44485346271704
500,"Duas etapas",802,1.46394074316032
500,"Duas etapas",803,1.46627311796051
500,"Duas etapas",804,1.37893946011408
500,"Duas etapas",805,1.40004296381287
500,"Duas etapas",806,1.1399092257389
500,"Duas etapas",807,1.11816880034457
500,"Duas etapas",808,1.42607580158583
500,"Duas etapas",809,1.56450349303713
500,"Duas etapas",810,1.56763858954839
500,"Duas etapas",811,1.70198211255912
500,"Duas etapas",812,1.43488384185895
500,"Duas etapas",813,1.30619867023691
500,"Duas etapas",814,1.5167925645346
500,"Duas etapas",815,1.35101265178928
500,"Duas etapas",816,1.39277642144014
500,"Duas etapas",817,1.55009857555532
500,"Duas etapas",818,1.34272347791341
500,"Duas etapas",819,1.19334384339355
500,"Duas etapas",820,1.17677247932033
500,"Duas etapas",821,1.33001152619755
500,"Duas etapas",822,1.36602079894106
500,"Duas etapas",823,1.32840389850352
500,"Duas etapas",824,1.434949014713
500,"Duas etapas",825,1.54433573998446
500,"Duas etapas",826,1.29212235409305
500,"Duas etapas",827,1.38790887389675
500,"Duas etapas",828,1.21886558844673
500,"Duas etapas",829,1.52437137822371
500,"Duas etapas",830,1.59601138040612
500,"Duas etapas",831,1.61162926659234
500,"Duas etapas",832,1.68186134033737
500,"Duas etapas",833,1.61301195945348
500,"Duas etapas",834,1.37401475848067
500,"Duas etapas",835,1.3494715472156
500,"Duas etapas",836,1.72101825348473
500,"Duas etapas",837,1.40301004639866
500,"Duas etapas",838,1.43277208187046
500,"Duas etapas",839,1.28255624683142
500,"Duas etapas",840,1.26927743467626
500,"Duas etapas",841,1.24508217574777
500,"Duas etapas",842,1.32253239813806
500,"Duas etapas",843,1.42867036033838
500,"Duas etapas",844,1.36087346452729
500,"Duas etapas",845,1.43056116755666
500,"Duas etapas",846,1.22709614197398
500,"Duas etapas",847,1.38513878744224
500,"Duas etapas",848,1.45757102565199
500,"Duas etapas",849,1.61851759466332
500,"Duas etapas",850,1.38731633477689
500,"Duas etapas",851,1.41725695794673
500,"Duas etapas",852,1.23186756705701
500,"Duas etapas",853,1.46660309822077
500,"Duas etapas",854,1.46000391561122
500,"Duas etapas",855,1.42835647207177
500,"Duas etapas",856,1.39947870125322
500,"Duas etapas",857,1.22822094157645
500,"Duas etapas",858,1.59987044656392
500,"Duas etapas",859,1.33314455720305
500,"Duas etapas",860,1.62918581468364
500,"Duas etapas",861,1.30743727066609
500,"Duas etapas",862,1.61245058514315
500,"Duas etapas",863,1.57666190811292
500,"Duas etapas",864,1.32198651143247
500,"Duas etapas",865,1.43538465842924
500,"Duas etapas",866,1.61830920481541
500,"Duas etapas",867,1.20404835799781
500,"Duas etapas",868,1.39351714428556
500,"Duas etapas",869,1.18406119980824
500,"Duas etapas",870,1.32259018584632
500,"Duas etapas",871,1.29678713385998
500,"Duas etapas",872,1.37236478367183
500,"Duas etapas",873,1.5862279233515
500,"Duas etapas",874,1.48050273728866
500,"Duas etapas",875,1.3266418159303
500,"Duas etapas",876,1.25054522401544
500,"Duas etapas",877,1.4247242537633
500,"Duas etapas",878,1.38832031231671
500,"Duas etapas",879,1.280120438524
500,"Duas etapas",880,1.52700062496743
500,"Duas etapas",881,1.52579336246792
500,"Duas etapas",882,1.17292832196687
500,"Duas etapas",883,1.52806037944784
500,"Duas etapas",884,1.65932814269027
500,"Duas etapas",885,1.4625636925106
500,"Duas etapas",886,1.4625180687878
500,"Duas etapas",887,1.62296534222905
500,"Duas etapas",888,1.38560104816711
500,"Duas etapas",889,1.45066177028791
500,"Duas etapas",890,1.60354042762993
500,"Duas etapas",891,1.45023851516669
500,"Duas etapas",892,1.21675468453336
500,"Duas etapas",893,1.39533530393642
500,"Duas etapas",894,1.44394767380443
500,"Duas etapas",895,1.35287897245585
500,"Duas etapas",896,1.62267067113421
500,"Duas etapas",897,1.1217794888678
500,"Duas etapas",898,1.35887705302404
500,"Duas etapas",899,1.23670046975352
500,"Duas etapas",900,1.47581795578695
500,"Duas etapas",901,1.42715253433456
500,"Duas etapas",902,1.29226120632135
500,"Duas etapas",903,1.74482361849832
500,"Duas etapas",904,1.58004848089635
500,"Duas etapas",905,1.53382651275356
500,"Duas etapas",906,1.65363590533601
500,"Duas etapas",907,1.60367703272843
500,"Duas etapas",908,1.39088898350262
500,"Duas etapas",909,1.47276604277953
500,"Duas etapas",910,1.41669454933473
500,"Duas etapas",911,1.62011832837151
500,"Duas etapas",912,1.46582766936465
500,"Duas etapas",913,1.34827044599772
500,"Duas etapas",914,1.28759338538482
500,"Duas etapas",915,1.63501420659046
500,"Duas etapas",916,1.30148748441745
500,"Duas etapas",917,1.59458717921151
500,"Duas etapas",918,1.49942673533434
500,"Duas etapas",919,1.39491425395105
500,"Duas etapas",920,1.58055603361461
500,"Duas etapas",921,1.44866549632488
500,"Duas etapas",922,1.51965495778889
500,"Duas etapas",923,1.6128015262011
500,"Duas etapas",924,1.58941509779201
500,"Duas etapas",925,1.67483780145243
500,"Duas etapas",926,1.26416851135101
500,"Duas etapas",927,1.52495225607586
500,"Duas etapas",928,1.51474448517983
500,"Duas etapas",929,1.41002500827768
500,"Duas etapas",930,1.2928011693215
500,"Duas etapas",931,1.60985713269956
500,"Duas etapas",932,1.26881868432166
500,"Duas etapas",933,1.40964011170564
500,"Duas etapas",934,1.31252152278268
500,"Duas etapas",935,1.5650191266233
500,"Duas etapas",936,1.27600870295043
500,"Duas etapas",937,1.3103888893063
500,"Duas etapas",938,1.33597706780545
500,"Duas etapas",939,1.58644871167283
500,"Duas etapas",940,1.34084556939155
500,"Duas etapas",941,1.28501120230466
500,"Duas etapas",942,1.30110857056972
500,"Duas etapas",943,1.45319977457631
500,"Duas etapas",944,1.52677571264726
500,"Duas etapas",945,1.27340665003682
500,"Duas etapas",946,1.340756750901
500,"Duas etapas",947,1.41638216666948
500,"Duas etapas",948,1.44600711560179
500,"Duas etapas",949,1.48301345183334
500,"Duas etapas",950,1.47012902674645
500,"Duas etapas",951,1.7187331775158
500,"Duas etapas",952,1.68155077344337
500,"Duas etapas",953,1.57657836587322
500,"Duas etapas",954,1.48201559108553
500,"Duas etapas",955,1.3521765042499
500,"Duas etapas",956,1.55541637017014
500,"Duas etapas",957,1.32082869723987
500,"Duas etapas",958,1.44547202385408
500,"Duas etapas",959,1.76152151211853
500,"Duas etapas",960,1.23471925756318
500,"Duas etapas",961,1.37152698192307
500,"Duas etapas",962,1.3914432757641
500,"Duas etapas",963,1.86225293116056
500,"Duas etapas",964,1.43857628845811
500,"Duas etapas",965,1.26084916040544
500,"Duas etapas",966,1.32708616033129
500,"Duas etapas",967,1.22929138907766
500,"Duas etapas",968,1.51492789454863
500,"Duas etapas",969,1.42680676784478
500,"Duas etapas",970,1.14222112755407
500,"Duas etapas",971,1.38890870413199
500,"Duas etapas",972,1.35524300042317
500,"Duas etapas",973,1.47286954802197
500,"Duas etapas",974,1.26901626129394
500,"Duas etapas",975,1.24470486728981
500,"Duas etapas",976,1.50079265741886
500,"Duas etapas",977,1.3025056336442
500,"Duas etapas",978,1.380513441933
500,"Duas etapas",979,1.37950012006774
500,"Duas etapas",980,1.42654948834275
500,"Duas etapas",981,1.61902308213714
500,"Duas etapas",982,1.38216367783535
500,"Duas etapas",983,1.40498625484364
500,"Duas etapas",984,1.35458515852013
500,"Duas etapas",985,1.25381246148658
500,"Duas etapas",986,1.28511473030127
500,"Duas etapas",987,1.28587238420781
500,"Duas etapas",988,1.32681056283468
500,"Duas etapas",989,1.30665140048634
500,"Duas etapas",990,1.239442986109
500,"Duas etapas",991,1.47722980464557
500,"Duas etapas",992,1.55691140655065
500,"Duas etapas",993,1.29097750716524
500,"Duas etapas",994,1.44224940108491
500,"Duas etapas",995,1.3558383912217
500,"Duas etapas",996,1.6260527866076
500,"Duas etapas",997,1.44143121354472
500,"Duas etapas",998,1.71067428747661
500,"Duas etapas",999,1.51257399050234
500,"Duas etapas",1000,1.27219963599878
500,"Conjunto",1,1.58690362390655
500,"Conjunto",2,1.46605052670566
500,"Conjunto",3,1.53922484237365
500,"Conjunto",4,1.39727917616584
500,"Conjunto",5,1.35564257501336
500,"Conjunto",6,1.6764007451521
500,"Conjunto",7,1.38109447598166
500,"Conjunto",8,1.21041996591276
500,"Conjunto",9,1.50851056924033
500,"Conjunto",10,1.51547795916287
500,"Conjunto",11,1.35928253620094
500,"Conjunto",12,1.54420472177914
500,"Conjunto",13,1.70573959872312
500,"Conjunto",14,1.50375090277018
500,"Conjunto",15,1.34683860041228
500,"Conjunto",16,1.69541539009769
500,"Conjunto",17,1.42235166628168
500,"Conjunto",18,1.61691831854705
500,"Conjunto",19,1.62975715562369
500,"Conjunto",20,1.75340964434673
500,"Conjunto",21,1.60042504791662
500,"Conjunto",22,1.58897844954024
500,"Conjunto",23,1.51719099670073
500,"Conjunto",24,1.45557982661594
500,"Conjunto",25,1.65603100739678
500,"Conjunto",26,1.69320790644587
500,"Conjunto",27,1.61120105054272
500,"Conjunto",28,1.39636042594908
500,"Conjunto",29,1.61363291462997
500,"Conjunto",30,1.31336603052111
500,"Conjunto",31,1.52030347464713
500,"Conjunto",32,1.54732776217357
500,"Conjunto",33,1.47620406393434
500,"Conjunto",34,1.63178565186986
500,"Conjunto",35,1.15356341336612
500,"Conjunto",36,1.4781960456234
500,"Conjunto",37,1.77108959550598
500,"Conjunto",38,1.5840097479568
500,"Conjunto",39,1.44675398159979
500,"Conjunto",40,1.56317249979373
500,"Conjunto",41,1.52167306079783
500,"Conjunto",42,1.61094371094191
500,"Conjunto",43,1.40817138458302
500,"Conjunto",44,1.3330040442141
500,"Conjunto",45,1.42026422076849
500,"Conjunto",46,1.58005447000607
500,"Conjunto",47,1.62353431903197
500,"Conjunto",48,1.93441574645784
500,"Conjunto",49,1.76147740694346
500,"Conjunto",50,1.53104187361354
500,"Conjunto",51,1.61371808894623
500,"Conjunto",52,1.62301551428649
500,"Conjunto",53,1.31877810163273
500,"Conjunto",54,1.70411906234208
500,"Conjunto",55,1.44224941573731
500,"Conjunto",56,1.2488874886916
500,"Conjunto",57,1.36458987931232
500,"Conjunto",58,1.34844568072917
500,"Conjunto",59,1.68231502379706
500,"Conjunto",60,1.66785033888597
500,"Conjunto",61,1.54686207326136
500,"Conjunto",62,1.56817059887594
500,"Conjunto",63,1.5435895385426
500,"Conjunto",64,1.47479586880106
500,"Conjunto",65,1.65024797531598
500,"Conjunto",66,1.47933151448851
500,"Conjunto",67,1.57944795634268
500,"Conjunto",68,1.53392152983073
500,"Conjunto",69,1.22434113699058
500,"Conjunto",70,1.6356471723771
500,"Conjunto",71,1.49574686556824
500,"Conjunto",72,1.55905244515105
500,"Conjunto",73,1.27569083741055
500,"Conjunto",74,1.51286711694624
500,"Conjunto",75,1.41903765449231
500,"Conjunto",76,1.39977660262187
500,"Conjunto",77,1.52321855957227
500,"Conjunto",78,1.58393194063613
500,"Conjunto",79,1.51281763166117
500,"Conjunto",80,1.59934322473229
500,"Conjunto",81,1.18461370457087
500,"Conjunto",82,1.66097525873297
500,"Conjunto",83,1.39276090954123
500,"Conjunto",84,1.42438490067234
500,"Conjunto",85,1.40049991542497
500,"Conjunto",86,1.49239374508158
500,"Conjunto",87,1.40456288420043
500,"Conjunto",88,1.48006914469459
500,"Conjunto",89,1.7131127926171
500,"Conjunto",90,1.7393876830393
500,"Conjunto",91,1.69342395705097
500,"Conjunto",92,1.48317675232517
500,"Conjunto",93,1.67520607518586
500,"Conjunto",94,1.46155253846219
500,"Conjunto",95,1.51330737793202
500,"Conjunto",96,1.76512402577142
500,"Conjunto",97,1.63676523637711
500,"Conjunto",98,1.59439843153405
500,"Conjunto",99,1.22021625692239
500,"Conjunto",100,1.75809649147708
500,"Conjunto",101,1.48798450323267
500,"Conjunto",102,1.70774713110795
500,"Conjunto",103,1.48793988868595
500,"Conjunto",104,1.37601853256955
500,"Conjunto",105,1.74678741867677
500,"Conjunto",106,1.77675792121071
500,"Conjunto",107,1.36832445036857
500,"Conjunto",108,1.5577755818687
500,"Conjunto",109,1.91348453303417
500,"Conjunto",110,1.37659462773161
500,"Conjunto",111,1.50123818423617
500,"Conjunto",112,1.56862210990752
500,"Conjunto",113,1.57655870691284
500,"Conjunto",114,1.6512431587278
500,"Conjunto",115,1.57338708883849
500,"Conjunto",116,1.54868414270139
500,"Conjunto",117,1.5162189689479
500,"Conjunto",118,1.31997460190738
500,"Conjunto",119,1.3971511313149
500,"Conjunto",120,1.39251709211484
500,"Conjunto",121,1.65425664604672
500,"Conjunto",122,1.2911208057407
500,"Conjunto",123,1.44852637627898
500,"Conjunto",124,1.53607461945209
500,"Conjunto",125,1.30424238902806
500,"Conjunto",126,1.225628458179
500,"Conjunto",127,1.43408038056862
500,"Conjunto",128,1.60359608085055
500,"Conjunto",129,1.4113742277947
500,"Conjunto",130,1.59760368811879
500,"Conjunto",131,1.63342949514294
500,"Conjunto",132,1.34462625214207
500,"Conjunto",133,1.58695521295368
500,"Conjunto",134,1.66187412529281
500,"Conjunto",135,1.38780106688219
500,"Conjunto",136,1.58824643364031
500,"Conjunto",137,1.48850168596433
500,"Conjunto",138,1.42313548635658
500,"Conjunto",139,1.79015387533099
500,"Conjunto",140,1.46569950417048
500,"Conjunto",141,1.53657916774838
500,"Conjunto",142,1.73594084023976
500,"Conjunto",143,1.61099052695153
500,"Conjunto",144,1.58621738082247
500,"Conjunto",145,1.48078299050253
500,"Conjunto",146,1.66801465139135
500,"Conjunto",147,1.59262221942137
500,"Conjunto",148,1.41908446665694
500,"Conjunto",149,1.64522764751237
500,"Conjunto",150,1.87439025731449
500,"Conjunto",151,1.74776240833497
500,"Conjunto",152,1.50148674295492
500,"Conjunto",153,1.49992373321322
500,"Conjunto",154,1.52470438901556
500,"Conjunto",155,1.4524505451618
500,"Conjunto",156,1.59224562441189
500,"Conjunto",157,1.69549421485695
500,"Conjunto",158,1.7371954036805
500,"Conjunto",159,1.55303732893668
500,"Conjunto",160,1.46625262091828
500,"Conjunto",161,1.83541459132053
500,"Conjunto",162,1.36121755231646
500,"Conjunto",163,1.78452626122938
500,"Conjunto",164,1.46577249711471
500,"Conjunto",165,1.56409709876144
500,"Conjunto",166,1.56170118188294
500,"Conjunto",167,1.74067731349697
500,"Conjunto",168,1.30941573639434
500,"Conjunto",169,1.41913468745505
500,"Conjunto",170,1.64510994204916
500,"Conjunto",171,1.39814925403524
500,"Conjunto",172,1.38147576467242
500,"Conjunto",173,1.56610781380427
500,"Conjunto",174,1.60617424284703
500,"Conjunto",175,1.72000937460008
500,"Conjunto",176,1.58721593423216
500,"Conjunto",177,1.49285592076723
500,"Conjunto",178,1.26214930186942
500,"Conjunto",179,1.68620337429339
500,"Conjunto",180,1.36618608393792
500,"Conjunto",181,1.34760467765741
500,"Conjunto",182,1.5213346147516
500,"Conjunto",183,1.66693605629491
500,"Conjunto",184,1.50525739017318
500,"Conjunto",185,1.41457436132912
500,"Conjunto",186,1.63796261321258
500,"Conjunto",187,1.54957583330338
500,"Conjunto",188,1.28941301385017
500,"Conjunto",189,1.65155597584715
500,"Conjunto",190,1.94539870320799
500,"Conjunto",191,1.643298523836
500,"Conjunto",192,1.44254608018504
500,"Conjunto",193,1.56704562007052
500,"Conjunto",194,1.83201414855444
500,"Conjunto",195,1.52548011214706
500,"Conjunto",196,1.55162483021518
500,"Conjunto",197,1.46585777973048
500,"Conjunto",198,1.61331791759375
500,"Conjunto",199,1.44183569005725
500,"Conjunto",200,1.54319214153549
500,"Conjunto",201,1.50356330689005
500,"Conjunto",202,1.60377207672173
500,"Conjunto",203,1.6212999032847
500,"Conjunto",204,1.58177385579119
500,"Conjunto",205,1.42623156061188
500,"Conjunto",206,1.59181214998992
500,"Conjunto",207,1.15170670189571
500,"Conjunto",208,1.74050129434106
500,"Conjunto",209,1.6338921214698
500,"Conjunto",210,1.5240469613991
500,"Conjunto",211,1.59730083038223
500,"Conjunto",212,1.63642190294434
500,"Conjunto",213,1.39105609140423
500,"Conjunto",214,1.58602126169451
500,"Conjunto",215,1.56966728532915
500,"Conjunto",216,1.62709366214445
500,"Conjunto",217,1.62751880587455
500,"Conjunto",218,1.41904220878872
500,"Conjunto",219,1.51580517965114
500,"Conjunto",220,1.60104669586433
500,"Conjunto",221,1.4600662248781
500,"Conjunto",222,1.42260406558991
500,"Conjunto",223,1.4746988673871
500,"Conjunto",224,1.45263496229619
500,"Conjunto",225,1.60027474090676
500,"Conjunto",226,1.82200751802174
500,"Conjunto",227,1.82493160935127
500,"Conjunto",228,1.4911930784198
500,"Conjunto",229,1.56238865896836
500,"Conjunto",230,1.50591508595617
500,"Conjunto",231,1.57341113905433
500,"Conjunto",232,1.53276030541326
500,"Conjunto",233,1.54755347450881
500,"Conjunto",234,1.73636245589135
500,"Conjunto",235,1.62334968566776
500,"Conjunto",236,1.68561185191719
500,"Conjunto",237,1.62540873534901
500,"Conjunto",238,1.75659361917637
500,"Conjunto",239,1.56988922290981
500,"Conjunto",240,1.7620682570709
500,"Conjunto",241,1.38202338526203
500,"Conjunto",242,1.59528538138161
500,"Conjunto",243,1.32835688241307
500,"Conjunto",244,1.35773000143003
500,"Conjunto",245,1.6851346809507
500,"Conjunto",246,1.6179608391441
500,"Conjunto",247,1.25301551596522
500,"Conjunto",248,1.53593881613451
500,"Conjunto",249,1.50043064636584
500,"Conjunto",250,1.60319932077529
500,"Conjunto",251,1.88889874205162
500,"Conjunto",252,1.28605588764008
500,"Conjunto",253,1.656173247437
500,"Conjunto",254,1.76218354065848
500,"Conjunto",255,1.48289921508837
500,"Conjunto",256,1.56867026071173
500,"Conjunto",257,1.51346105699433
500,"Conjunto",258,1.44266299286001
500,"Conjunto",259,1.57305080008222
500,"Conjunto",260,1.69399857079432
500,"Conjunto",261,1.80384390148134
500,"Conjunto",262,1.4619893929096
500,"Conjunto",263,1.99150125929655
500,"Conjunto",264,1.49622566954027
500,"Conjunto",265,1.62757902796794
500,"Conjunto",266,1.60523864737951
500,"Conjunto",267,1.70612308474772
500,"Conjunto",268,1.51206406905643
500,"Conjunto",269,1.55164095797192
500,"Conjunto",270,1.9238137771577
500,"Conjunto",271,1.58727749444898
500,"Conjunto",272,1.53697021834255
500,"Conjunto",273,1.55733880303495
500,"Conjunto",274,1.52904687062754
500,"Conjunto",275,1.54376703370167
500,"Conjunto",276,1.55496584662908
500,"Conjunto",277,1.55985835978291
500,"Conjunto",278,1.55946418687446
500,"Conjunto",279,1.49121722382909
500,"Conjunto",280,1.76662493237437
500,"Conjunto",281,1.41307424372854
500,"Conjunto",282,1.60431015725238
500,"Conjunto",283,1.44108640942389
500,"Conjunto",284,1.53378298348362
500,"Conjunto",285,1.50164237221794
500,"Conjunto",286,1.34596414209193
500,"Conjunto",287,1.74114008056656
500,"Conjunto",288,1.25185843968412
500,"Conjunto",289,1.46149975598803
500,"Conjunto",290,1.46190654337625
500,"Conjunto",291,1.60701961895127
500,"Conjunto",292,1.58421640825532
500,"Conjunto",293,1.40185524588699
500,"Conjunto",294,1.6701718762063
500,"Conjunto",295,1.47069943909012
500,"Conjunto",296,1.41937764411373
500,"Conjunto",297,1.4237341212007
500,"Conjunto",298,1.413448785489
500,"Conjunto",299,1.52470028606495
500,"Conjunto",300,1.69812351228524
500,"Conjunto",301,1.45985516745634
500,"Conjunto",302,1.7607301706877
500,"Conjunto",303,1.5142939420687
500,"Conjunto",304,1.57538712078772
500,"Conjunto",305,1.45599642640859
500,"Conjunto",306,1.43011805117804
500,"Conjunto",307,1.66980481841237
500,"Conjunto",308,1.70682405633151
500,"Conjunto",309,1.65145110386185
500,"Conjunto",310,1.44950717847562
500,"Conjunto",311,1.39381320263215
500,"Conjunto",312,1.36960633468032
500,"Conjunto",313,1.58349613507094
500,"Conjunto",314,1.49758491570974
500,"Conjunto",315,1.58469217035604
500,"Conjunto",316,1.55299601547327
500,"Conjunto",317,1.32507105885884
500,"Conjunto",318,1.41035919988309
500,"Conjunto",319,1.27598451114852
500,"Conjunto",320,1.64039866533654
500,"Conjunto",321,1.48382775143801
500,"Conjunto",322,1.17098327092738
500,"Conjunto",323,1.36498138947073
500,"Conjunto",324,1.47408994525714
500,"Conjunto",325,1.29793550074784
500,"Conjunto",326,1.7138997130911
500,"Conjunto",327,1.45141338776713
500,"Conjunto",328,1.92685268780291
500,"Conjunto",329,1.46399737044435
500,"Conjunto",330,1.56652048584422
500,"Conjunto",331,1.61140983805034
500,"Conjunto",332,1.47036688047619
500,"Conjunto",333,1.63074846324367
500,"Conjunto",334,1.21676728396816
500,"Conjunto",335,1.57617068851956
500,"Conjunto",336,1.78677704663726
500,"Conjunto",337,1.48723349509337
500,"Conjunto",338,1.85723637279828
500,"Conjunto",339,1.48098361276543
500,"Conjunto",340,1.53028004711542
500,"Conjunto",341,1.77058985176762
500,"Conjunto",342,1.48615947140169
500,"Conjunto",343,2.29525316136314
500,"Conjunto",344,1.51380083961928
500,"Conjunto",345,1.13150126252969
500,"Conjunto",346,1.63319615935828
500,"Conjunto",347,1.5475931524138
500,"Conjunto",348,1.65824629524049
500,"Conjunto",349,1.35336337043586
500,"Conjunto",350,1.58558539570411
500,"Conjunto",351,1.57816558726255
500,"Conjunto",352,1.69024780392655
500,"Conjunto",353,1.39119837903116
500,"Conjunto",354,1.24101804992684
500,"Conjunto",355,1.42145816627508
500,"Conjunto",356,1.53611247344202
500,"Conjunto",357,1.594355389445
500,"Conjunto",358,1.51104300568236
500,"Conjunto",359,1.64065807743797
500,"Conjunto",360,1.49997586098117
500,"Conjunto",361,1.66128844170186
500,"Conjunto",362,1.27163664213277
500,"Conjunto",363,1.68599423731805
500,"Conjunto",364,1.39308904296349
500,"Conjunto",365,1.37912992019354
500,"Conjunto",366,1.91155064750747
500,"Conjunto",367,1.63553791185202
500,"Conjunto",368,1.32178668030825
500,"Conjunto",369,1.61606083243842
500,"Conjunto",370,1.6965399323289
500,"Conjunto",371,1.68201306325587
500,"Conjunto",372,1.5588928494185
500,"Conjunto",373,1.74939067688145
500,"Conjunto",374,1.55599657682512
500,"Conjunto",375,1.48541353432214
500,"Conjunto",376,1.63279142695813
500,"Conjunto",377,1.45150627325071
500,"Conjunto",378,1.77452690388716
500,"Conjunto",379,1.87690799513949
500,"Conjunto",380,1.09628975182027
500,"Conjunto",381,1.39134820939212
500,"Conjunto",382,1.35284904060268
500,"Conjunto",383,1.71470098537581
500,"Conjunto",384,1.40085528207641
500,"Conjunto",385,1.83000294357318
500,"Conjunto",386,1.38418316205307
500,"Conjunto",387,1.24823320895554
500,"Conjunto",388,1.62546903075558
500,"Conjunto",389,1.17746746953325
500,"Conjunto",390,1.38492832633927
500,"Conjunto",391,1.44941145330828
500,"Conjunto",392,1.27699094253114
500,"Conjunto",393,1.64381598014381
500,"Conjunto",394,1.76391767777877
500,"Conjunto",395,1.27795825962214
500,"Conjunto",396,1.38940256429652
500,"Conjunto",397,1.23579460040716
500,"Conjunto",398,1.27936620085287
500,"Conjunto",399,1.55192993148983
500,"Conjunto",400,1.63304872957628
500,"Conjunto",401,1.59827901866915
500,"Conjunto",402,1.5990112331879
500,"Conjunto",403,1.54713287776643
500,"Conjunto",404,2.01229607732931
500,"Conjunto",405,1.28367140342414
500,"Conjunto",406,1.7120293955309
500,"Conjunto",407,1.30221293742622
500,"Conjunto",408,1.85053376303233
500,"Conjunto",409,1.81056518521569
500,"Conjunto",410,1.25452571381028
500,"Conjunto",411,1.52388596542556
500,"Conjunto",412,1.37084802315061
500,"Conjunto",413,1.51527959627459
500,"Conjunto",414,1.8074448585139
500,"Conjunto",415,1.58456057152601
500,"Conjunto",416,1.66198112221318
500,"Conjunto",417,1.57970259202493
500,"Conjunto",418,1.50732932483348
500,"Conjunto",419,1.50107667689977
500,"Conjunto",420,1.77334849868826
500,"Conjunto",421,1.74596522226731
500,"Conjunto",422,1.57855726422674
500,"Conjunto",423,1.55357724386376
500,"Conjunto",424,1.46939479966551
500,"Conjunto",425,1.27392113935215
500,"Conjunto",426,1.54257024078505
500,"Conjunto",427,1.3520004885326
500,"Conjunto",428,1.60678548103426
500,"Conjunto",429,1.36085611252962
500,"Conjunto",430,1.53389256754268
500,"Conjunto",431,1.59218439552316
500,"Conjunto",432,1.44956904563975
500,"Conjunto",433,1.50405849518475
500,"Conjunto",434,1.68075089940769
500,"Conjunto",435,1.46171115832783
500,"Conjunto",436,1.75238167678675
500,"Conjunto",437,1.28048250082597
500,"Conjunto",438,1.48812710331592
500,"Conjunto",439,1.38406864925472
500,"Conjunto",440,1.5067915673427
500,"Conjunto",441,1.51185865255697
500,"Conjunto",442,1.7536295070991
500,"Conjunto",443,1.75208591271474
500,"Conjunto",444,1.43207244985579
500,"Conjunto",445,1.36969928947934
500,"Conjunto",446,1.36312139965038
500,"Conjunto",447,1.68187999150755
500,"Conjunto",448,1.78511876896055
500,"Conjunto",449,1.51905728059986
500,"Conjunto",450,1.59960485248126
500,"Conjunto",451,1.55680013510001
500,"Conjunto",452,1.61560543148502
500,"Conjunto",453,1.7569168554848
500,"Conjunto",454,1.54738432408677
500,"Conjunto",455,1.54819308954845
500,"Conjunto",456,1.57342888808542
500,"Conjunto",457,1.5202321696867
500,"Conjunto",458,1.47133425272057
500,"Conjunto",459,1.43872241895072
500,"Conjunto",460,1.61799006733827
500,"Conjunto",461,1.58331370404844
500,"Conjunto",462,1.5913591402428
500,"Conjunto",463,1.41087063701066
500,"Conjunto",464,1.4981458440388
500,"Conjunto",465,1.62102699255494
500,"Conjunto",466,1.50430789372996
500,"Conjunto",467,1.26632359869631
500,"Conjunto",468,1.40783103094726
500,"Conjunto",469,1.29376019430634
500,"Conjunto",470,1.77448697999189
500,"Conjunto",471,1.3197769009367
500,"Conjunto",472,1.40138896277379
500,"Conjunto",473,1.5095773142379
500,"Conjunto",474,1.42972885515231
500,"Conjunto",475,1.56299369033023
500,"Conjunto",476,1.37843679884033
500,"Conjunto",477,1.71531050813483
500,"Conjunto",478,1.37400073541361
500,"Conjunto",479,1.66592968536198
500,"Conjunto",480,1.25958910194295
500,"Conjunto",481,1.2443788159343
500,"Conjunto",482,1.59212223524
500,"Conjunto",483,1.26138728482213
500,"Conjunto",484,1.62040894807958
500,"Conjunto",485,1.52366933403434
500,"Conjunto",486,1.74992428998293
500,"Conjunto",487,1.65315828203404
500,"Conjunto",488,1.74310408010774
500,"Conjunto",489,1.64357738114526
500,"Conjunto",490,1.57859450528208
500,"Conjunto",491,1.36547366936327
500,"Conjunto",492,1.81356373888064
500,"Conjunto",493,1.50235654695743
500,"Conjunto",494,1.4412822188915
500,"Conjunto",495,1.46309478559627
500,"Conjunto",496,1.51597860654811
500,"Conjunto",497,1.40012276391998
500,"Conjunto",498,1.37162316337748
500,"Conjunto",499,1.52143484922775
500,"Conjunto",500,1.58615573073027
500,"Conjunto",501,1.57952712408551
500,"Conjunto",502,1.59377683190129
500,"Conjunto",503,1.65761711215767
500,"Conjunto",504,1.14563879694268
500,"Conjunto",505,1.66323476247383
500,"Conjunto",506,1.63613715320872
500,"Conjunto",507,1.28353627329576
500,"Conjunto",508,1.8794335682693
500,"Conjunto",509,1.2277007982728
500,"Conjunto",510,1.7358206644536
500,"Conjunto",511,1.64124934096784
500,"Conjunto",512,1.42440905660978
500,"Conjunto",513,1.43353388679067
500,"Conjunto",514,1.31244561629952
500,"Conjunto",515,1.38223487548631
500,"Conjunto",516,1.51725893112364
500,"Conjunto",517,1.2039944691568
500,"Conjunto",518,1.49319381221875
500,"Conjunto",519,1.34854983683628
500,"Conjunto",520,1.3889257823123
500,"Conjunto",521,1.69729789274343
500,"Conjunto",522,1.34208993336197
500,"Conjunto",523,1.57644417902555
500,"Conjunto",524,1.33334906691973
500,"Conjunto",525,1.15887187416915
500,"Conjunto",526,1.42201407736221
500,"Conjunto",527,1.40948621565461
500,"Conjunto",528,1.3958039066759
500,"Conjunto",529,1.41557643311423
500,"Conjunto",530,1.79384614064911
500,"Conjunto",531,1.40689034722232
500,"Conjunto",532,1.59470503919623
500,"Conjunto",533,1.47732304758722
500,"Conjunto",534,1.85480593293034
500,"Conjunto",535,1.83374494604516
500,"Conjunto",536,1.62233691026751
500,"Conjunto",537,1.74578582843023
500,"Conjunto",538,1.59741695007723
500,"Conjunto",539,1.62149772612785
500,"Conjunto",540,1.5146490309749
500,"Conjunto",541,1.37737452271388
500,"Conjunto",542,1.37230049140864
500,"Conjunto",543,1.59238843470763
500,"Conjunto",544,1.51233790923475
500,"Conjunto",545,1.63739512312124
500,"Conjunto",546,1.44999710972739
500,"Conjunto",547,1.65506953123233
500,"Conjunto",548,1.80537322479717
500,"Conjunto",549,1.29841273454023
500,"Conjunto",550,1.4786072078113
500,"Conjunto",551,1.79600858472221
500,"Conjunto",552,1.45317785949624
500,"Conjunto",553,1.50660715317708
500,"Conjunto",554,1.53304251035883
500,"Conjunto",555,1.69092151525862
500,"Conjunto",556,1.37713534986657
500,"Conjunto",557,1.49886506009689
500,"Conjunto",558,1.58003978698527
500,"Conjunto",559,1.50478361638502
500,"Conjunto",560,1.70957492649176
500,"Conjunto",561,1.34805768873535
500,"Conjunto",562,1.60340339032453
500,"Conjunto",563,1.92162093905206
500,"Conjunto",564,1.52749954141132
500,"Conjunto",565,1.69076914894759
500,"Conjunto",566,1.58417744751659
500,"Conjunto",567,1.45292088254477
500,"Conjunto",568,1.8244629208372
500,"Conjunto",569,1.62950294021671
500,"Conjunto",570,1.60106131532663
500,"Conjunto",571,1.40152276806482
500,"Conjunto",572,1.5130087204708
500,"Conjunto",573,1.33721730803496
500,"Conjunto",574,1.42785832380569
500,"Conjunto",575,1.59402702398417
500,"Conjunto",576,1.46931902785501
500,"Conjunto",577,1.51612928492346
500,"Conjunto",578,1.57912703804822
500,"Conjunto",579,1.41096728576138
500,"Conjunto",580,1.60767198902919
500,"Conjunto",581,1.48719211207103
500,"Conjunto",582,1.49671636610552
500,"Conjunto",583,1.68754802296164
500,"Conjunto",584,1.46997875139866
500,"Conjunto",585,1.56372581382171
500,"Conjunto",586,1.44585036089918
500,"Conjunto",587,1.28827306552953
500,"Conjunto",588,1.70923542661918
500,"Conjunto",589,1.38703200908988
500,"Conjunto",590,1.5062672138896
500,"Conjunto",591,1.52009145283499
500,"Conjunto",592,1.71569945517194
500,"Conjunto",593,1.53815812856863
500,"Conjunto",594,1.57037597897459
500,"Conjunto",595,1.60027749020487
500,"Conjunto",596,1.91255795960122
500,"Conjunto",597,1.74670980790928
500,"Conjunto",598,1.67082549597551
500,"Conjunto",599,1.58444015687332
500,"Conjunto",600,1.36379635929876
500,"Conjunto",601,1.45064366681107
500,"Conjunto",602,1.28830703215955
500,"Conjunto",603,1.23181598998117
500,"Conjunto",604,1.67029190409821
500,"Conjunto",605,1.48236409002809
500,"Conjunto",606,1.43997978687506
500,"Conjunto",607,1.40222594004331
500,"Conjunto",608,1.93719291854423
500,"Conjunto",609,1.37339549484824
500,"Conjunto",610,1.28602859800268
500,"Conjunto",611,1.37937088435088
500,"Conjunto",612,1.33633023738752
500,"Conjunto",613,1.48901787854314
500,"Conjunto",614,1.55010696904296
500,"Conjunto",615,1.36175450930795
500,"Conjunto",616,1.63590031318871
500,"Conjunto",617,1.56089448170896
500,"Conjunto",618,1.40426832191447
500,"Conjunto",619,1.53350845764189
500,"Conjunto",620,1.48306680170697
500,"Conjunto",621,1.64848216734538
500,"Conjunto",622,1.19675932443491
500,"Conjunto",623,1.91348067691224
500,"Conjunto",624,1.91867400260759
500,"Conjunto",625,1.52742927533312
500,"Conjunto",626,1.57740643509769
500,"Conjunto",627,1.53231941412046
500,"Conjunto",628,1.39590352475879
500,"Conjunto",629,1.63972667094785
500,"Conjunto",630,1.65920453403704
500,"Conjunto",631,1.56617642853319
500,"Conjunto",632,1.58476718929838
500,"Conjunto",633,1.55031290005209
500,"Conjunto",634,1.36464494375975
500,"Conjunto",635,1.52352754707312
500,"Conjunto",636,1.65802129227714
500,"Conjunto",637,1.40356527140219
500,"Conjunto",638,1.48991586748229
500,"Conjunto",639,1.37793760418801
500,"Conjunto",640,1.43502147598652
500,"Conjunto",641,1.32457133007338
500,"Conjunto",642,1.42856497022958
500,"Conjunto",643,1.37136598176551
500,"Conjunto",644,1.62180937199313
500,"Conjunto",645,1.73620459450931
500,"Conjunto",646,1.4033406278343
500,"Conjunto",647,1.15985123208449
500,"Conjunto",648,1.6543348864198
500,"Conjunto",649,1.74362289985965
500,"Conjunto",650,1.60083990237725
500,"Conjunto",651,1.40339908379499
500,"Conjunto",652,1.71237349544678
500,"Conjunto",653,1.59770307175607
500,"Conjunto",654,1.56875406672757
500,"Conjunto",655,1.56505568079059
500,"Conjunto",656,1.35163883102164
500,"Conjunto",657,1.49603129590374
500,"Conjunto",658,1.56773424698814
500,"Conjunto",659,1.53499554103351
500,"Conjunto",660,1.62686564942347
500,"Conjunto",661,1.49862764765063
500,"Conjunto",662,1.35343961235611
500,"Conjunto",663,1.52893485677403
500,"Conjunto",664,1.53209477428502
500,"Conjunto",665,1.70014529741588
500,"Conjunto",666,1.68504621870994
500,"Conjunto",667,1.44256472835923
500,"Conjunto",668,1.48150593516843
500,"Conjunto",669,1.36747469713304
500,"Conjunto",670,1.27662011430355
500,"Conjunto",671,1.55752754675063
500,"Conjunto",672,1.52819270913132
500,"Conjunto",673,1.51617092746302
500,"Conjunto",674,1.64602122591779
500,"Conjunto",675,1.52429229814725
500,"Conjunto",676,1.58971445094981
500,"Conjunto",677,1.42135963109538
500,"Conjunto",678,1.44059158585143
500,"Conjunto",679,1.44753929321206
500,"Conjunto",680,1.4214315677244
500,"Conjunto",681,1.69774183260388
500,"Conjunto",682,1.31920066172955
500,"Conjunto",683,1.65990687382407
500,"Conjunto",684,1.54148131433042
500,"Conjunto",685,1.26785013069777
500,"Conjunto",686,1.63505254805524
500,"Conjunto",687,1.53550893652536
500,"Conjunto",688,1.5352410482879
500,"Conjunto",689,1.61021246002004
500,"Conjunto",690,1.6806456924442
500,"Conjunto",691,1.56865864185929
500,"Conjunto",692,1.49398945722658
500,"Conjunto",693,1.5609776343063
500,"Conjunto",694,1.4924602069578
500,"Conjunto",695,1.66767548787924
500,"Conjunto",696,1.35284354390087
500,"Conjunto",697,1.60350382479557
500,"Conjunto",698,1.69696861665494
500,"Conjunto",699,1.56035181708683
500,"Conjunto",700,1.75442836872365
500,"Conjunto",701,1.41819724986769
500,"Conjunto",702,1.79007223390584
500,"Conjunto",703,1.6336009244862
500,"Conjunto",704,1.49499637066807
500,"Conjunto",705,1.52127282843374
500,"Conjunto",706,1.48642809049921
500,"Conjunto",707,1.514725574026
500,"Conjunto",708,1.68373201651317
500,"Conjunto",709,1.50366191119317
500,"Conjunto",710,1.65786878542853
500,"Conjunto",711,1.42957854296187
500,"Conjunto",712,1.50378894035281
500,"Conjunto",713,1.25171860208432
500,"Conjunto",714,1.56497838304722
500,"Conjunto",715,1.62553400765894
500,"Conjunto",716,1.62819198082758
500,"Conjunto",717,1.66200542092271
500,"Conjunto",718,1.35653810192238
500,"Conjunto",719,1.60104243131076
500,"Conjunto",720,1.55417196006351
500,"Conjunto",721,1.44119197300934
500,"Conjunto",722,1.59000134793925
500,"Conjunto",723,1.64439234009112
500,"Conjunto",724,1.65150926685947
500,"Conjunto",725,1.50100465782936
500,"Conjunto",726,1.61751116681963
500,"Conjunto",727,1.449101887995
500,"Conjunto",728,1.46887350095443
500,"Conjunto",729,1.65583788572077
500,"Conjunto",730,1.46863111884246
500,"Conjunto",731,1.31443938314013
500,"Conjunto",732,1.26957735379615
500,"Conjunto",733,1.44111919431097
500,"Conjunto",734,1.45308419549563
500,"Conjunto",735,1.58745872681928
500,"Conjunto",736,1.54150906965181
500,"Conjunto",737,1.52958086819868
500,"Conjunto",738,1.52885196048789
500,"Conjunto",739,1.67319929671167
500,"Conjunto",740,1.87531974613326
500,"Conjunto",741,1.60149887129672
500,"Conjunto",742,1.50452059681577
500,"Conjunto",743,1.52432082385124
500,"Conjunto",744,1.245901490544
500,"Conjunto",745,1.62818860161421
500,"Conjunto",746,1.56812692491965
500,"Conjunto",747,1.40779334390344
500,"Conjunto",748,1.53572452224638
500,"Conjunto",749,1.23923893561431
500,"Conjunto",750,1.66267524337047
500,"Conjunto",751,1.42828679835402
500,"Conjunto",752,1.35523903096497
500,"Conjunto",753,1.41109802134256
500,"Conjunto",754,1.50566762490993
500,"Conjunto",755,1.33383569488455
500,"Conjunto",756,1.39990742440114
500,"Conjunto",757,1.78538933495798
500,"Conjunto",758,1.38329371851272
500,"Conjunto",759,1.4518257607027
500,"Conjunto",760,1.50773283240498
500,"Conjunto",761,1.49767790426461
500,"Conjunto",762,1.13338334128325
500,"Conjunto",763,1.59224191619635
500,"Conjunto",764,1.64988982661414
500,"Conjunto",765,1.24942096768985
500,"Conjunto",766,1.59017101207495
500,"Conjunto",767,1.64433103665583
500,"Conjunto",768,1.41723386051764
500,"Conjunto",769,1.34098362666519
500,"Conjunto",770,1.50381876967392
500,"Conjunto",771,1.35403692914321
500,"Conjunto",772,1.69824078172395
500,"Conjunto",773,1.51099776254479
500,"Conjunto",774,1.58303409484737
500,"Conjunto",775,1.56027015965151
500,"Conjunto",776,1.67278669504648
500,"Conjunto",777,1.70950555237718
500,"Conjunto",778,1.57291459269071
500,"Conjunto",779,1.68190613698862
500,"Conjunto",780,1.34293740483251
500,"Conjunto",781,1.47707634507754
500,"Conjunto",782,1.3889327043635
500,"Conjunto",783,1.57171434210217
500,"Conjunto",784,1.81677479784593
500,"Conjunto",785,1.51016255062276
500,"Conjunto",786,1.38300654996297
500,"Conjunto",787,1.42206024025892
500,"Conjunto",788,1.75349026722184
500,"Conjunto",789,1.52546029744859
500,"Conjunto",790,1.48872190096527
500,"Conjunto",791,1.18626967847627
500,"Conjunto",792,1.75859260784357
500,"Conjunto",793,1.47980339371563
500,"Conjunto",794,1.56210230217761
500,"Conjunto",795,1.6176163474603
500,"Conjunto",796,1.36644236961387
500,"Conjunto",797,1.34844554145315
500,"Conjunto",798,1.48881581514483
500,"Conjunto",799,1.62172267097474
500,"Conjunto",800,1.23319046725203
500,"Conjunto",801,1.54589231691935
500,"Conjunto",802,1.5562180041713
500,"Conjunto",803,1.55641791041516
500,"Conjunto",804,1.47172954470239
500,"Conjunto",805,1.48544101901194
500,"Conjunto",806,1.2004193326733
500,"Conjunto",807,1.17949378125362
500,"Conjunto",808,1.50351941989932
500,"Conjunto",809,1.6816725906135
500,"Conjunto",810,1.67612495805182
500,"Conjunto",811,1.82957810998496
500,"Conjunto",812,1.5305228198227
500,"Conjunto",813,1.38800548573646
500,"Conjunto",814,1.6130478112061
500,"Conjunto",815,1.43710190937372
500,"Conjunto",816,1.47623803870591
500,"Conjunto",817,1.64289017759949
500,"Conjunto",818,1.42402648988494
500,"Conjunto",819,1.25927917129284
500,"Conjunto",820,1.24457349343436
500,"Conjunto",821,1.41034686207141
500,"Conjunto",822,1.44705469410668
500,"Conjunto",823,1.41476251260817
500,"Conjunto",824,1.52178550792664
500,"Conjunto",825,1.64624074105647
500,"Conjunto",826,1.36758834860332
500,"Conjunto",827,1.48046937457874
500,"Conjunto",828,1.28524500002361
500,"Conjunto",829,1.61284110081862
500,"Conjunto",830,1.71102699925524
500,"Conjunto",831,1.73166627088862
500,"Conjunto",832,1.8022052276261
500,"Conjunto",833,1.71138215958799
500,"Conjunto",834,1.45644602425577
500,"Conjunto",835,1.42979243141525
500,"Conjunto",836,1.85170825941156
500,"Conjunto",837,1.4974473782415
500,"Conjunto",838,1.51914125740409
500,"Conjunto",839,1.35663046427867
500,"Conjunto",840,1.35150993897046
500,"Conjunto",841,1.31967235851451
500,"Conjunto",842,1.4090469034209
500,"Conjunto",843,1.52088583073062
500,"Conjunto",844,1.44785113485164
500,"Conjunto",845,1.53192064147191
500,"Conjunto",846,1.29472099269193
500,"Conjunto",847,1.47461646827167
500,"Conjunto",848,1.54969541003182
500,"Conjunto",849,1.72486627342798
500,"Conjunto",850,1.48202516579486
500,"Conjunto",851,1.51383729405151
500,"Conjunto",852,1.29968812764701
500,"Conjunto",853,1.57222093314945
500,"Conjunto",854,1.54442742555296
500,"Conjunto",855,1.51864714883761
500,"Conjunto",856,1.47888977426551
500,"Conjunto",857,1.29238092729401
500,"Conjunto",858,1.70861604973696
500,"Conjunto",859,1.4036393966612
500,"Conjunto",860,1.73684186478525
500,"Conjunto",861,1.38859520016749
500,"Conjunto",862,1.73441137611822
500,"Conjunto",863,1.68627806046954
500,"Conjunto",864,1.40642947867114
500,"Conjunto",865,1.52834180804115
500,"Conjunto",866,1.72790968262137
500,"Conjunto",867,1.27280231439933
500,"Conjunto",868,1.47920024953711
500,"Conjunto",869,1.2464427397181
500,"Conjunto",870,1.39655964434709
500,"Conjunto",871,1.37921481050914
500,"Conjunto",872,1.46156404823305
500,"Conjunto",873,1.68722392304542
500,"Conjunto",874,1.57198219057164
500,"Conjunto",875,1.41646464800134
500,"Conjunto",876,1.3236155980807
500,"Conjunto",877,1.49930120499003
500,"Conjunto",878,1.47046358681829
500,"Conjunto",879,1.3454563790665
500,"Conjunto",880,1.63361593560863
500,"Conjunto",881,1.62852816330341
500,"Conjunto",882,1.23893337581444
500,"Conjunto",883,1.63683079497716
500,"Conjunto",884,1.76985404227383
500,"Conjunto",885,1.5556568705202
500,"Conjunto",886,1.54181683039728
500,"Conjunto",887,1.73185477171887
500,"Conjunto",888,1.47747594015486
500,"Conjunto",889,1.53851838988376
500,"Conjunto",890,1.71462275337773
500,"Conjunto",891,1.55037077030451
500,"Conjunto",892,1.29101853778649
500,"Conjunto",893,1.47836685829866
500,"Conjunto",894,1.52530766186948
500,"Conjunto",895,1.42782334921834
500,"Conjunto",896,1.71544422461885
500,"Conjunto",897,1.19039918798999
500,"Conjunto",898,1.43790804685839
500,"Conjunto",899,1.30983686631428
500,"Conjunto",900,1.5739482377789
500,"Conjunto",901,1.52121301592621
500,"Conjunto",902,1.3636290495057
500,"Conjunto",903,1.85626446689758
500,"Conjunto",904,1.68341011719725
500,"Conjunto",905,1.63428142020238
500,"Conjunto",906,1.76157761767785
500,"Conjunto",907,1.71603278090749
500,"Conjunto",908,1.47364516792722
500,"Conjunto",909,1.55696088182526
500,"Conjunto",910,1.50701880981118
500,"Conjunto",911,1.72765239797934
500,"Conjunto",912,1.55968735307
500,"Conjunto",913,1.43405441871276
500,"Conjunto",914,1.35457501496011
500,"Conjunto",915,1.74423953141033
500,"Conjunto",916,1.37962141827174
500,"Conjunto",917,1.70976862628042
500,"Conjunto",918,1.59239159712112
500,"Conjunto",919,1.49113074408737
500,"Conjunto",920,1.6778831805317
500,"Conjunto",921,1.53955438985209
500,"Conjunto",922,1.62414804924686
500,"Conjunto",923,1.72790982221133
500,"Conjunto",924,1.70714920099372
500,"Conjunto",925,1.78080676638004
500,"Conjunto",926,1.33582317834559
500,"Conjunto",927,1.62166240909394
500,"Conjunto",928,1.62078698145687
500,"Conjunto",929,1.48928625555924
500,"Conjunto",930,1.37772804685882
500,"Conjunto",931,1.72258543297259
500,"Conjunto",932,1.33804119198732
500,"Conjunto",933,1.49798183584307
500,"Conjunto",934,1.39515929601106
500,"Conjunto",935,1.67003705317102
500,"Conjunto",936,1.35368093547114
500,"Conjunto",937,1.38616056499749
500,"Conjunto",938,1.41889313130848
500,"Conjunto",939,1.6973224264851
500,"Conjunto",940,1.43247270370936
500,"Conjunto",941,1.36173045227715
500,"Conjunto",942,1.37753907054918
500,"Conjunto",943,1.55488413282864
500,"Conjunto",944,1.6433454234798
500,"Conjunto",945,1.35142418050033
500,"Conjunto",946,1.41378784983184
500,"Conjunto",947,1.50363252274814
500,"Conjunto",948,1.53775743340613
500,"Conjunto",949,1.56649278154459
500,"Conjunto",950,1.55971791258637
500,"Conjunto",951,1.85181055897541
500,"Conjunto",952,1.79429625820138
500,"Conjunto",953,1.68230996216438
500,"Conjunto",954,1.5734873680096
500,"Conjunto",955,1.42781166204337
500,"Conjunto",956,1.66230085973155
500,"Conjunto",957,1.40168058529961
500,"Conjunto",958,1.53442572159551
500,"Conjunto",959,1.8870192098717
500,"Conjunto",960,1.30420896364152
500,"Conjunto",961,1.45929894089169
500,"Conjunto",962,1.46609188566838
500,"Conjunto",963,2.00102939884443
500,"Conjunto",964,1.53471050533383
500,"Conjunto",965,1.33356774820275
500,"Conjunto",966,1.41158634790065
500,"Conjunto",967,1.29067930023494
500,"Conjunto",968,1.61428483864767
500,"Conjunto",969,1.50872987000223
500,"Conjunto",970,1.21300019911791
500,"Conjunto",971,1.48300631590557
500,"Conjunto",972,1.44055773266765
500,"Conjunto",973,1.56627110734665
500,"Conjunto",974,1.3458853568356
500,"Conjunto",975,1.3168198295435
500,"Conjunto",976,1.5933529508505
500,"Conjunto",977,1.37756029831969
500,"Conjunto",978,1.45796302988425
500,"Conjunto",979,1.46242371178151
500,"Conjunto",980,1.52094516333235
500,"Conjunto",981,1.73582731343332
500,"Conjunto",982,1.46178401553257
500,"Conjunto",983,1.48938992828317
500,"Conjunto",984,1.43525102114289
500,"Conjunto",985,1.33025983804855
500,"Conjunto",986,1.35902538139549
500,"Conjunto",987,1.35476255426941
500,"Conjunto",988,1.40883608287234
500,"Conjunto",989,1.38479729791375
500,"Conjunto",990,1.30711566245879
500,"Conjunto",991,1.5828137828899
500,"Conjunto",992,1.67408589780862
500,"Conjunto",993,1.37015326992193
500,"Conjunto",994,1.53525562283939
500,"Conjunto",995,1.44883742376691
500,"Conjunto",996,1.73891378496854
500,"Conjunto",997,1.52059761042169
500,"Conjunto",998,1.83706279218641
500,"Conjunto",999,1.5975873096608
500,"Conjunto",1000,1.34458720692613
1000,"Duas etapas",1,1.34936608956516
1000,"Duas etapas",2,1.43009247179796
1000,"Duas etapas",3,1.61949486931296
1000,"Duas etapas",4,1.28372156282837
1000,"Duas etapas",5,1.43205196251287
1000,"Duas etapas",6,1.5095391261206
1000,"Duas etapas",7,1.35802760158535
1000,"Duas etapas",8,1.22849254930015
1000,"Duas etapas",9,1.52971199979138
1000,"Duas etapas",10,1.45909256842142
1000,"Duas etapas",11,1.41662330301349
1000,"Duas etapas",12,1.54542993705443
1000,"Duas etapas",13,1.27307886009012
1000,"Duas etapas",14,1.28568962955522
1000,"Duas etapas",15,1.40654178396213
1000,"Duas etapas",16,1.3667535195831
1000,"Duas etapas",17,1.20505224949579
1000,"Duas etapas",18,1.36582126933981
1000,"Duas etapas",19,1.39270474974982
1000,"Duas etapas",20,1.44719284518434
1000,"Duas etapas",21,1.63524315109482
1000,"Duas etapas",22,1.41608060893896
1000,"Duas etapas",23,1.62783033814394
1000,"Duas etapas",24,1.42370009465868
1000,"Duas etapas",25,1.55865980174809
1000,"Duas etapas",26,1.52570380495173
1000,"Duas etapas",27,1.35372565134595
1000,"Duas etapas",28,1.31782067109126
1000,"Duas etapas",29,1.24905018475067
1000,"Duas etapas",30,1.34348487359231
1000,"Duas etapas",31,1.48024289721424
1000,"Duas etapas",32,1.32438588119582
1000,"Duas etapas",33,1.36153279445344
1000,"Duas etapas",34,1.47094794545348
1000,"Duas etapas",35,1.23209166871883
1000,"Duas etapas",36,1.52406045804298
1000,"Duas etapas",37,1.76344478912002
1000,"Duas etapas",38,1.50070207237829
1000,"Duas etapas",39,1.44281060414804
1000,"Duas etapas",40,1.51615152461734
1000,"Duas etapas",41,1.3789753844169
1000,"Duas etapas",42,1.55654345194542
1000,"Duas etapas",43,1.55500946992672
1000,"Duas etapas",44,1.45121165019624
1000,"Duas etapas",45,1.53242034684375
1000,"Duas etapas",46,1.59550811675693
1000,"Duas etapas",47,1.43131986166562
1000,"Duas etapas",48,1.45593993492912
1000,"Duas etapas",49,1.50176274070029
1000,"Duas etapas",50,1.36196052562329
1000,"Duas etapas",51,1.5208771230863
1000,"Duas etapas",52,1.47760728897647
1000,"Duas etapas",53,1.37277118831242
1000,"Duas etapas",54,1.74672624928772
1000,"Duas etapas",55,1.38753618140945
1000,"Duas etapas",56,1.34693665894069
1000,"Duas etapas",57,1.38670849087643
1000,"Duas etapas",58,1.30259161979653
1000,"Duas etapas",59,1.56847901132674
1000,"Duas etapas",60,1.44310906243804
1000,"Duas etapas",61,1.52320674747995
1000,"Duas etapas",62,1.36479496693883
1000,"Duas etapas",63,1.33940858099375
1000,"Duas etapas",64,1.57543284953818
1000,"Duas etapas",65,1.37669966756592
1000,"Duas etapas",66,1.37971811601559
1000,"Duas etapas",67,1.38911834407738
1000,"Duas etapas",68,1.40737312065947
1000,"Duas etapas",69,1.37940095637562
1000,"Duas etapas",70,1.52816303716083
1000,"Duas etapas",71,1.68384983674573
1000,"Duas etapas",72,1.60705700670976
1000,"Duas etapas",73,1.31153162936583
1000,"Duas etapas",74,1.47998685157306
1000,"Duas etapas",75,1.43239295060057
1000,"Duas etapas",76,1.46810339148727
1000,"Duas etapas",77,1.65978960148866
1000,"Duas etapas",78,1.63504807452714
1000,"Duas etapas",79,1.40343460793926
1000,"Duas etapas",80,1.27039631728907
1000,"Duas etapas",81,1.51609474328141
1000,"Duas etapas",82,1.52920327603113
1000,"Duas etapas",83,1.47500635066627
1000,"Duas etapas",84,1.5573573567397
1000,"Duas etapas",85,1.57795721924728
1000,"Duas etapas",86,1.32084426799458
1000,"Duas etapas",87,1.53762827566599
1000,"Duas etapas",88,1.38578394731213
1000,"Duas etapas",89,1.45479938141418
1000,"Duas etapas",90,1.52980466548721
1000,"Duas etapas",91,1.52093591250463
1000,"Duas etapas",92,1.51232203596408
1000,"Duas etapas",93,1.43311612848694
1000,"Duas etapas",94,1.62741330023809
1000,"Duas etapas",95,1.62663450725613
1000,"Duas etapas",96,1.43096669858073
1000,"Duas etapas",97,1.48959484484814
1000,"Duas etapas",98,1.44460360189298
1000,"Duas etapas",99,1.80498719219648
1000,"Duas etapas",100,1.45774268226702
1000,"Duas etapas",101,1.66992150126885
1000,"Duas etapas",102,1.82931507272089
1000,"Duas etapas",103,1.4411010974328
1000,"Duas etapas",104,1.44595645165311
1000,"Duas etapas",105,1.50700270518042
1000,"Duas etapas",106,1.37760279341354
1000,"Duas etapas",107,1.40952044521505
1000,"Duas etapas",108,1.57151864454071
1000,"Duas etapas",109,1.57411912653624
1000,"Duas etapas",110,1.40119440157162
1000,"Duas etapas",111,1.40431407864749
1000,"Duas etapas",112,1.54484446380848
1000,"Duas etapas",113,1.51257055764585
1000,"Duas etapas",114,1.27322859373647
1000,"Duas etapas",115,1.30183225322675
1000,"Duas etapas",116,1.33039775140683
1000,"Duas etapas",117,1.44540071054151
1000,"Duas etapas",118,1.46393324520044
1000,"Duas etapas",119,1.68209690319442
1000,"Duas etapas",120,1.25071309203767
1000,"Duas etapas",121,1.46539005445475
1000,"Duas etapas",122,1.5137541962249
1000,"Duas etapas",123,1.55401829446134
1000,"Duas etapas",124,1.4098438264184
1000,"Duas etapas",125,1.58174807710279
1000,"Duas etapas",126,1.28269093732278
1000,"Duas etapas",127,1.23644575894864
1000,"Duas etapas",128,1.49030594604101
1000,"Duas etapas",129,1.45596636484514
1000,"Duas etapas",130,1.45342480341434
1000,"Duas etapas",131,1.55685034329432
1000,"Duas etapas",132,1.51024280006348
1000,"Duas etapas",133,1.47066212645404
1000,"Duas etapas",134,1.49666436508694
1000,"Duas etapas",135,1.51895359466187
1000,"Duas etapas",136,1.26908220329333
1000,"Duas etapas",137,1.58403786090903
1000,"Duas etapas",138,1.53594727734814
1000,"Duas etapas",139,1.487070069434
1000,"Duas etapas",140,1.45104896256501
1000,"Duas etapas",141,1.46029604480783
1000,"Duas etapas",142,1.45967981463317
1000,"Duas etapas",143,1.50310655241077
1000,"Duas etapas",144,1.3336543815854
1000,"Duas etapas",145,1.27534101943165
1000,"Duas etapas",146,1.51371839673904
1000,"Duas etapas",147,1.60001465612443
1000,"Duas etapas",148,1.53901255647272
1000,"Duas etapas",149,1.39932316961981
1000,"Duas etapas",150,1.42611895385344
1000,"Duas etapas",151,1.38029431003127
1000,"Duas etapas",152,1.45123641733413
1000,"Duas etapas",153,1.33150327827047
1000,"Duas etapas",154,1.70398946784674
1000,"Duas etapas",155,1.29169717785771
1000,"Duas etapas",156,1.44756633723711
1000,"Duas etapas",157,1.41421443114907
1000,"Duas etapas",158,1.47249094169977
1000,"Duas etapas",159,1.34734160940389
1000,"Duas etapas",160,1.52336892137768
1000,"Duas etapas",161,1.47474852901354
1000,"Duas etapas",162,1.46122745219246
1000,"Duas etapas",163,1.27264512033273
1000,"Duas etapas",164,1.44759911946309
1000,"Duas etapas",165,1.53145600967961
1000,"Duas etapas",166,1.41419143436784
1000,"Duas etapas",167,1.41272293694554
1000,"Duas etapas",168,1.59435995407834
1000,"Duas etapas",169,1.53595738164169
1000,"Duas etapas",170,1.4178210775613
1000,"Duas etapas",171,1.36757025692303
1000,"Duas etapas",172,1.36731372451275
1000,"Duas etapas",173,1.5028844814423
1000,"Duas etapas",174,1.35744109330779
1000,"Duas etapas",175,1.38941553374134
1000,"Duas etapas",176,1.53249172448533
1000,"Duas etapas",177,1.41778977901794
1000,"Duas etapas",178,1.58407745257372
1000,"Duas etapas",179,1.45247130408299
1000,"Duas etapas",180,1.43390358268839
1000,"Duas etapas",181,1.47084277252062
1000,"Duas etapas",182,1.54943664793774
1000,"Duas etapas",183,1.52277008185098
1000,"Duas etapas",184,1.4169042622356
1000,"Duas etapas",185,1.24727187329475
1000,"Duas etapas",186,1.30773248327078
1000,"Duas etapas",187,1.38525091190748
1000,"Duas etapas",188,1.56923111801064
1000,"Duas etapas",189,1.49808913173227
1000,"Duas etapas",190,1.4200891942789
1000,"Duas etapas",191,1.50533321870726
1000,"Duas etapas",192,1.61519374856198
1000,"Duas etapas",193,1.56718723947598
1000,"Duas etapas",194,1.50323909478121
1000,"Duas etapas",195,1.50061110658899
1000,"Duas etapas",196,1.47277697798268
1000,"Duas etapas",197,1.5174546401787
1000,"Duas etapas",198,1.49434933624405
1000,"Duas etapas",199,1.4486864898463
1000,"Duas etapas",200,1.27502924367206
1000,"Duas etapas",201,1.45351714761416
1000,"Duas etapas",202,1.28658880936181
1000,"Duas etapas",203,1.40460780913913
1000,"Duas etapas",204,1.59002051840248
1000,"Duas etapas",205,1.58693096554347
1000,"Duas etapas",206,1.52438483700713
1000,"Duas etapas",207,1.2540006806444
1000,"Duas etapas",208,1.30827550641389
1000,"Duas etapas",209,1.74549240211111
1000,"Duas etapas",210,1.35791760876664
1000,"Duas etapas",211,1.50029676066158
1000,"Duas etapas",212,1.56271612207845
1000,"Duas etapas",213,1.49498518080308
1000,"Duas etapas",214,1.39102861690016
1000,"Duas etapas",215,1.5247926852439
1000,"Duas etapas",216,1.42842201372586
1000,"Duas etapas",217,1.3761995879916
1000,"Duas etapas",218,1.4384971074193
1000,"Duas etapas",219,1.58251778766591
1000,"Duas etapas",220,1.59563060315282
1000,"Duas etapas",221,1.5192533127231
1000,"Duas etapas",222,1.4218634031169
1000,"Duas etapas",223,1.48211007604796
1000,"Duas etapas",224,1.50780903808041
1000,"Duas etapas",225,1.5042740592224
1000,"Duas etapas",226,1.49095579078374
1000,"Duas etapas",227,1.3671714506799
1000,"Duas etapas",228,1.39949331480339
1000,"Duas etapas",229,1.58359637239943
1000,"Duas etapas",230,1.14244311016456
1000,"Duas etapas",231,1.52988068636349
1000,"Duas etapas",232,1.32041435156488
1000,"Duas etapas",233,1.56643802277598
1000,"Duas etapas",234,1.33699708259561
1000,"Duas etapas",235,1.4362877593402
1000,"Duas etapas",236,1.4180364696199
1000,"Duas etapas",237,1.39570672207652
1000,"Duas etapas",238,1.45532369368849
1000,"Duas etapas",239,1.3229656000481
1000,"Duas etapas",240,1.25638095563807
1000,"Duas etapas",241,1.44166662177832
1000,"Duas etapas",242,1.37207044089728
1000,"Duas etapas",243,1.32894008798199
1000,"Duas etapas",244,1.3613914079887
1000,"Duas etapas",245,1.31377859873312
1000,"Duas etapas",246,1.43335321626471
1000,"Duas etapas",247,1.50071369666295
1000,"Duas etapas",248,1.3114227060031
1000,"Duas etapas",249,1.64298236271068
1000,"Duas etapas",250,1.55281899918882
1000,"Duas etapas",251,1.64072051061102
1000,"Duas etapas",252,1.51540807954111
1000,"Duas etapas",253,1.47236452653849
1000,"Duas etapas",254,1.31974987067641
1000,"Duas etapas",255,1.28977333734882
1000,"Duas etapas",256,1.47262377800746
1000,"Duas etapas",257,1.45368026716588
1000,"Duas etapas",258,1.39570840041572
1000,"Duas etapas",259,1.53980812206423
1000,"Duas etapas",260,1.31287145479988
1000,"Duas etapas",261,1.36478583766473
1000,"Duas etapas",262,1.41923793464096
1000,"Duas etapas",263,1.657393255065
1000,"Duas etapas",264,1.43787737308088
1000,"Duas etapas",265,1.50272112971491
1000,"Duas etapas",266,1.54333960492611
1000,"Duas etapas",267,1.29680430547437
1000,"Duas etapas",268,1.47205837795539
1000,"Duas etapas",269,1.58299379865903
1000,"Duas etapas",270,1.40707985906958
1000,"Duas etapas",271,1.58351501422443
1000,"Duas etapas",272,1.45686157876962
1000,"Duas etapas",273,1.2717804547657
1000,"Duas etapas",274,1.36200912171796
1000,"Duas etapas",275,1.74380835816131
1000,"Duas etapas",276,1.39643468141025
1000,"Duas etapas",277,1.27277761600668
1000,"Duas etapas",278,1.59417185451735
1000,"Duas etapas",279,1.52596492495736
1000,"Duas etapas",280,1.41985279073389
1000,"Duas etapas",281,1.4229561533376
1000,"Duas etapas",282,1.30351664150587
1000,"Duas etapas",283,1.44029429776252
1000,"Duas etapas",284,1.49445302978175
1000,"Duas etapas",285,1.50983270779209
1000,"Duas etapas",286,1.41139746699567
1000,"Duas etapas",287,1.48812329039597
1000,"Duas etapas",288,1.51299324908868
1000,"Duas etapas",289,1.39931742886121
1000,"Duas etapas",290,1.50021794069544
1000,"Duas etapas",291,1.5528724524863
1000,"Duas etapas",292,1.57772929601907
1000,"Duas etapas",293,1.33683518293887
1000,"Duas etapas",294,1.47095887582844
1000,"Duas etapas",295,1.53281824809125
1000,"Duas etapas",296,1.4798864885921
1000,"Duas etapas",297,1.40628189677079
1000,"Duas etapas",298,1.38020941094699
1000,"Duas etapas",299,1.42900069775215
1000,"Duas etapas",300,1.43541826791448
1000,"Duas etapas",301,1.58950680126718
1000,"Duas etapas",302,1.49872223075495
1000,"Duas etapas",303,1.46781672847233
1000,"Duas etapas",304,1.22477863952715
1000,"Duas etapas",305,1.37784369561643
1000,"Duas etapas",306,1.47209475726679
1000,"Duas etapas",307,1.36795810991669
1000,"Duas etapas",308,1.2973542308677
1000,"Duas etapas",309,1.36831844390919
1000,"Duas etapas",310,1.31792864786054
1000,"Duas etapas",311,1.5441763515679
1000,"Duas etapas",312,1.42763371450851
1000,"Duas etapas",313,1.52862565547713
1000,"Duas etapas",314,1.33673868600453
1000,"Duas etapas",315,1.46558961561963
1000,"Duas etapas",316,1.24033464019487
1000,"Duas etapas",317,1.38101616210377
1000,"Duas etapas",318,1.41882585549613
1000,"Duas etapas",319,1.50648538905012
1000,"Duas etapas",320,1.29445585752133
1000,"Duas etapas",321,1.47049487186604
1000,"Duas etapas",322,1.59897869249676
1000,"Duas etapas",323,1.52376419253134
1000,"Duas etapas",324,1.55881687981726
1000,"Duas etapas",325,1.52439226422426
1000,"Duas etapas",326,1.54976597278666
1000,"Duas etapas",327,1.42157102123552
1000,"Duas etapas",328,1.24067401054395
1000,"Duas etapas",329,1.30907907981607
1000,"Duas etapas",330,1.39685738731546
1000,"Duas etapas",331,1.48931288320362
1000,"Duas etapas",332,1.60792650127313
1000,"Duas etapas",333,1.38264977575454
1000,"Duas etapas",334,1.21911112684996
1000,"Duas etapas",335,1.32847324501901
1000,"Duas etapas",336,1.60085410417043
1000,"Duas etapas",337,1.31459105645682
1000,"Duas etapas",338,1.52653115296067
1000,"Duas etapas",339,1.473892246123
1000,"Duas etapas",340,1.39698528708289
1000,"Duas etapas",341,1.43241838048517
1000,"Duas etapas",342,1.46879417193166
1000,"Duas etapas",343,1.45566387149109
1000,"Duas etapas",344,1.46947883041138
1000,"Duas etapas",345,1.45418532185981
1000,"Duas etapas",346,1.49888582066803
1000,"Duas etapas",347,1.50968169039796
1000,"Duas etapas",348,1.48367896113446
1000,"Duas etapas",349,1.45380016275254
1000,"Duas etapas",350,1.34924082192155
1000,"Duas etapas",351,1.45631886480882
1000,"Duas etapas",352,1.30994718254011
1000,"Duas etapas",353,1.43501255414607
1000,"Duas etapas",354,1.46206480747526
1000,"Duas etapas",355,1.50545599986231
1000,"Duas etapas",356,1.51096029782919
1000,"Duas etapas",357,1.51220022402743
1000,"Duas etapas",358,1.4556057160456
1000,"Duas etapas",359,1.35241658447648
1000,"Duas etapas",360,1.4820523197017
1000,"Duas etapas",361,1.48138269041791
1000,"Duas etapas",362,1.46797475068254
1000,"Duas etapas",363,1.55898290041798
1000,"Duas etapas",364,1.62477008238012
1000,"Duas etapas",365,1.57259402846735
1000,"Duas etapas",366,1.64419366847924
1000,"Duas etapas",367,1.5340669655067
1000,"Duas etapas",368,1.52874909028937
1000,"Duas etapas",369,1.39707175002774
1000,"Duas etapas",370,1.29984744917162
1000,"Duas etapas",371,1.52699988396408
1000,"Duas etapas",372,1.43896315034128
1000,"Duas etapas",373,1.50067011628804
1000,"Duas etapas",374,1.54380377126821
1000,"Duas etapas",375,1.29135684888802
1000,"Duas etapas",376,1.70672471218872
1000,"Duas etapas",377,1.6559720897398
1000,"Duas etapas",378,1.38520406176048
1000,"Duas etapas",379,1.58486579885104
1000,"Duas etapas",380,1.40378908164496
1000,"Duas etapas",381,1.44984032698503
1000,"Duas etapas",382,1.45271778743949
1000,"Duas etapas",383,1.35019040087478
1000,"Duas etapas",384,1.49737263355433
1000,"Duas etapas",385,1.40309963650763
1000,"Duas etapas",386,1.60867261962714
1000,"Duas etapas",387,1.44600506492121
1000,"Duas etapas",388,1.50593174389541
1000,"Duas etapas",389,1.46406419042266
1000,"Duas etapas",390,1.44827710653816
1000,"Duas etapas",391,1.381573863193
1000,"Duas etapas",392,1.54769019948751
1000,"Duas etapas",393,1.64837400628402
1000,"Duas etapas",394,1.45100343904545
1000,"Duas etapas",395,1.43553908896348
1000,"Duas etapas",396,1.52403537397196
1000,"Duas etapas",397,1.66395698243837
1000,"Duas etapas",398,1.5503036818774
1000,"Duas etapas",399,1.46797249747077
1000,"Duas etapas",400,1.41886709636143
1000,"Duas etapas",401,1.56717747548607
1000,"Duas etapas",402,1.48464776870073
1000,"Duas etapas",403,1.44305618365241
1000,"Duas etapas",404,1.36591994016028
1000,"Duas etapas",405,1.3188135153036
1000,"Duas etapas",406,1.39740710570722
1000,"Duas etapas",407,1.32235304471802
1000,"Duas etapas",408,1.33734992145003
1000,"Duas etapas",409,1.43414324057344
1000,"Duas etapas",410,1.41527549767272
1000,"Duas etapas",411,1.41404740191754
1000,"Duas etapas",412,1.44952327508483
1000,"Duas etapas",413,1.56252689317994
1000,"Duas etapas",414,1.60293151341466
1000,"Duas etapas",415,1.47588085489646
1000,"Duas etapas",416,1.47035740397223
1000,"Duas etapas",417,1.41221134083025
1000,"Duas etapas",418,1.45489734329537
1000,"Duas etapas",419,1.40688122919572
1000,"Duas etapas",420,1.47898228695942
1000,"Duas etapas",421,1.43623153550314
1000,"Duas etapas",422,1.35834008064917
1000,"Duas etapas",423,1.35195894154333
1000,"Duas etapas",424,1.4505665728621
1000,"Duas etapas",425,1.49299447864545
1000,"Duas etapas",426,1.4199773064997
1000,"Duas etapas",427,1.52878151098726
1000,"Duas etapas",428,1.33516390993078
1000,"Duas etapas",429,1.44890314393504
1000,"Duas etapas",430,1.48380366233474
1000,"Duas etapas",431,1.40355431404653
1000,"Duas etapas",432,1.4454354212059
1000,"Duas etapas",433,1.54388353155109
1000,"Duas etapas",434,1.45780741846952
1000,"Duas etapas",435,1.48513800979719
1000,"Duas etapas",436,1.6257513842008
1000,"Duas etapas",437,1.48669554589029
1000,"Duas etapas",438,1.49444536657283
1000,"Duas etapas",439,1.52576591925951
1000,"Duas etapas",440,1.63350379127706
1000,"Duas etapas",441,1.23612580742983
1000,"Duas etapas",442,1.22530018109099
1000,"Duas etapas",443,1.35196847846814
1000,"Duas etapas",444,1.4393045007554
1000,"Duas etapas",445,1.31053181717423
1000,"Duas etapas",446,1.39553603868287
1000,"Duas etapas",447,1.5126256892344
1000,"Duas etapas",448,1.49316311902215
1000,"Duas etapas",449,1.4284338062264
1000,"Duas etapas",450,1.62892811639703
1000,"Duas etapas",451,1.54124791780091
1000,"Duas etapas",452,1.43713462920865
1000,"Duas etapas",453,1.39183036120008
1000,"Duas etapas",454,1.29382951011023
1000,"Duas etapas",455,1.27730087820896
1000,"Duas etapas",456,1.44345228596614
1000,"Duas etapas",457,1.53287164354045
1000,"Duas etapas",458,1.39663696810028
1000,"Duas etapas",459,1.4262059740929
1000,"Duas etapas",460,1.40711720993846
1000,"Duas etapas",461,1.62296947292989
1000,"Duas etapas",462,1.63250246399783
1000,"Duas etapas",463,1.5040903573031
1000,"Duas etapas",464,1.48691568929846
1000,"Duas etapas",465,1.60885913110181
1000,"Duas etapas",466,1.62579166361014
1000,"Duas etapas",467,1.4891518957205
1000,"Duas etapas",468,1.62630615261211
1000,"Duas etapas",469,1.30222384603756
1000,"Duas etapas",470,1.44221455178082
1000,"Duas etapas",471,1.7996286123302
1000,"Duas etapas",472,1.53318863858088
1000,"Duas etapas",473,1.49485834292262
1000,"Duas etapas",474,1.44030794838418
1000,"Duas etapas",475,1.32054542754536
1000,"Duas etapas",476,1.31036477418695
1000,"Duas etapas",477,1.33261869019829
1000,"Duas etapas",478,1.39260814837103
1000,"Duas etapas",479,1.54856069804907
1000,"Duas etapas",480,1.57604834414325
1000,"Duas etapas",481,1.41755182256648
1000,"Duas etapas",482,1.45842477101358
1000,"Duas etapas",483,1.76894472882447
1000,"Duas etapas",484,1.47361671126453
1000,"Duas etapas",485,1.4022060003128
1000,"Duas etapas",486,1.37919520262555
1000,"Duas etapas",487,1.46546762731864
1000,"Duas etapas",488,1.62366962879668
1000,"Duas etapas",489,1.45968339247724
1000,"Duas etapas",490,1.46249903510476
1000,"Duas etapas",491,1.48850240527291
1000,"Duas etapas",492,1.54768635571968
1000,"Duas etapas",493,1.37414412544569
1000,"Duas etapas",494,1.34665936253509
1000,"Duas etapas",495,1.39035260441363
1000,"Duas etapas",496,1.66899206045017
1000,"Duas etapas",497,1.46157272765918
1000,"Duas etapas",498,1.61301362393046
1000,"Duas etapas",499,1.47810345283214
1000,"Duas etapas",500,1.48872907945301
1000,"Duas etapas",501,1.37830382235108
1000,"Duas etapas",502,1.41449064713304
1000,"Duas etapas",503,1.56910767199686
1000,"Duas etapas",504,1.39817469677385
1000,"Duas etapas",505,1.43116217549828
1000,"Duas etapas",506,1.42642201456193
1000,"Duas etapas",507,1.52190888211791
1000,"Duas etapas",508,1.33871999304009
1000,"Duas etapas",509,1.47954295767875
1000,"Duas etapas",510,1.31717604944901
1000,"Duas etapas",511,1.48941832503131
1000,"Duas etapas",512,1.42612055069765
1000,"Duas etapas",513,1.36902366633263
1000,"Duas etapas",514,1.43716672335384
1000,"Duas etapas",515,1.48314786756313
1000,"Duas etapas",516,1.39046418424485
1000,"Duas etapas",517,1.37884940615746
1000,"Duas etapas",518,1.34618014436163
1000,"Duas etapas",519,1.72840999024628
1000,"Duas etapas",520,1.48361565265299
1000,"Duas etapas",521,1.43694390674702
1000,"Duas etapas",522,1.41169389698998
1000,"Duas etapas",523,1.47511274099675
1000,"Duas etapas",524,1.50134107740473
1000,"Duas etapas",525,1.61194306427899
1000,"Duas etapas",526,1.33641152251279
1000,"Duas etapas",527,1.3555696663055
1000,"Duas etapas",528,1.39733658677025
1000,"Duas etapas",529,1.41964019078609
1000,"Duas etapas",530,1.37975744590663
1000,"Duas etapas",531,1.62170545518304
1000,"Duas etapas",532,1.49046380549569
1000,"Duas etapas",533,1.50291186184751
1000,"Duas etapas",534,1.41359729825542
1000,"Duas etapas",535,1.31462726901553
1000,"Duas etapas",536,1.4393849189954
1000,"Duas etapas",537,1.37124818835635
1000,"Duas etapas",538,1.61199092711964
1000,"Duas etapas",539,1.52798010242677
1000,"Duas etapas",540,1.38676441375124
1000,"Duas etapas",541,1.29282657476351
1000,"Duas etapas",542,1.36260142857353
1000,"Duas etapas",543,1.36900185399025
1000,"Duas etapas",544,1.48239665806814
1000,"Duas etapas",545,1.40242427100304
1000,"Duas etapas",546,1.53190559168826
1000,"Duas etapas",547,1.40502067551025
1000,"Duas etapas",548,1.57610627597743
1000,"Duas etapas",549,1.52848569553117
1000,"Duas etapas",550,1.46046401472441
1000,"Duas etapas",551,1.50416688983489
1000,"Duas etapas",552,1.5874824383321
1000,"Duas etapas",553,1.48025909399428
1000,"Duas etapas",554,1.37570340788858
1000,"Duas etapas",555,1.63628270528715
1000,"Duas etapas",556,1.57070873034984
1000,"Duas etapas",557,1.4935388257657
1000,"Duas etapas",558,1.11979232419777
1000,"Duas etapas",559,1.42954128937129
1000,"Duas etapas",560,1.29574227630664
1000,"Duas etapas",561,1.61676128451417
1000,"Duas etapas",562,1.53829876139107
1000,"Duas etapas",563,1.49822927715
1000,"Duas etapas",564,1.29512112624377
1000,"Duas etapas",565,1.44153772591969
1000,"Duas etapas",566,1.45564486021423
1000,"Duas etapas",567,1.48388931267016
1000,"Duas etapas",568,1.54281866899958
1000,"Duas etapas",569,1.34687409425284
1000,"Duas etapas",570,1.44947816511887
1000,"Duas etapas",571,1.47448690495882
1000,"Duas etapas",572,1.35663865028523
1000,"Duas etapas",573,1.35786696404425
1000,"Duas etapas",574,1.47445590386109
1000,"Duas etapas",575,1.39930948708353
1000,"Duas etapas",576,1.38801233176892
1000,"Duas etapas",577,1.47363000312682
1000,"Duas etapas",578,1.32516709312194
1000,"Duas etapas",579,1.30050430861627
1000,"Duas etapas",580,1.63025487115262
1000,"Duas etapas",581,1.55002895362398
1000,"Duas etapas",582,1.42830806170364
1000,"Duas etapas",583,1.48470059453687
1000,"Duas etapas",584,1.51906228953916
1000,"Duas etapas",585,1.38202260392149
1000,"Duas etapas",586,1.48442791845826
1000,"Duas etapas",587,1.49515428646324
1000,"Duas etapas",588,1.37972529518615
1000,"Duas etapas",589,1.42848254827919
1000,"Duas etapas",590,1.25484917662119
1000,"Duas etapas",591,1.40824973906236
1000,"Duas etapas",592,1.39420364186243
1000,"Duas etapas",593,1.38616482831451
1000,"Duas etapas",594,1.44432775133979
1000,"Duas etapas",595,1.5707070022661
1000,"Duas etapas",596,1.42260209193237
1000,"Duas etapas",597,1.51913171376997
1000,"Duas etapas",598,1.5529486101942
1000,"Duas etapas",599,1.49544130755009
1000,"Duas etapas",600,1.52327554942411
1000,"Duas etapas",601,1.60825412756904
1000,"Duas etapas",602,1.43555471253405
1000,"Duas etapas",603,1.3717090008478
1000,"Duas etapas",604,1.4793765581054
1000,"Duas etapas",605,1.4891486594419
1000,"Duas etapas",606,1.25013313379919
1000,"Duas etapas",607,1.41374901460546
1000,"Duas etapas",608,1.64548128580943
1000,"Duas etapas",609,1.41541984890796
1000,"Duas etapas",610,1.43244998714998
1000,"Duas etapas",611,1.4522603413091
1000,"Duas etapas",612,1.17599707120432
1000,"Duas etapas",613,1.34656899995344
1000,"Duas etapas",614,1.37287568196043
1000,"Duas etapas",615,1.51088310451284
1000,"Duas etapas",616,1.49086431624363
1000,"Duas etapas",617,1.34500912359066
1000,"Duas etapas",618,1.39508946214761
1000,"Duas etapas",619,1.43211919284753
1000,"Duas etapas",620,1.55809218084925
1000,"Duas etapas",621,1.35419890752773
1000,"Duas etapas",622,1.45150588815733
1000,"Duas etapas",623,1.4377720677423
1000,"Duas etapas",624,1.48796410483755
1000,"Duas etapas",625,1.35024645932358
1000,"Duas etapas",626,1.46174622638999
1000,"Duas etapas",627,1.33735313556563
1000,"Duas etapas",628,1.39361804598293
1000,"Duas etapas",629,1.40654418677545
1000,"Duas etapas",630,1.50944702173581
1000,"Duas etapas",631,1.3955664829952
1000,"Duas etapas",632,1.42688097663193
1000,"Duas etapas",633,1.40185901143557
1000,"Duas etapas",634,1.62867932148241
1000,"Duas etapas",635,1.35966685808433
1000,"Duas etapas",636,1.58821043763892
1000,"Duas etapas",637,1.38867145509451
1000,"Duas etapas",638,1.41651963041909
1000,"Duas etapas",639,1.50941777290114
1000,"Duas etapas",640,1.55894818427427
1000,"Duas etapas",641,1.42664138717165
1000,"Duas etapas",642,1.25824572937738
1000,"Duas etapas",643,1.54678722963511
1000,"Duas etapas",644,1.39234233188142
1000,"Duas etapas",645,1.68804042369598
1000,"Duas etapas",646,1.54085241905702
1000,"Duas etapas",647,1.56211826020232
1000,"Duas etapas",648,1.34382209851129
1000,"Duas etapas",649,1.51673366718849
1000,"Duas etapas",650,1.54205564866695
1000,"Duas etapas",651,1.36372582105406
1000,"Duas etapas",652,1.42648879685139
1000,"Duas etapas",653,1.40332886704004
1000,"Duas etapas",654,1.48453429086228
1000,"Duas etapas",655,1.33154338374624
1000,"Duas etapas",656,1.40642344861565
1000,"Duas etapas",657,1.47432815909112
1000,"Duas etapas",658,1.27721094903617
1000,"Duas etapas",659,1.45636267011866
1000,"Duas etapas",660,1.28740389686141
1000,"Duas etapas",661,1.31941253194808
1000,"Duas etapas",662,1.26353509517497
1000,"Duas etapas",663,1.30639612913164
1000,"Duas etapas",664,1.69347743864959
1000,"Duas etapas",665,1.39565833201944
1000,"Duas etapas",666,1.36652030550127
1000,"Duas etapas",667,1.48175957108961
1000,"Duas etapas",668,1.36311917984181
1000,"Duas etapas",669,1.40831624030413
1000,"Duas etapas",670,1.39886475082288
1000,"Duas etapas",671,1.38925119274373
1000,"Duas etapas",672,1.31577857690078
1000,"Duas etapas",673,1.38004249208472
1000,"Duas etapas",674,1.55316630523852
1000,"Duas etapas",675,1.53226264001972
1000,"Duas etapas",676,1.34110528330309
1000,"Duas etapas",677,1.29037614860936
1000,"Duas etapas",678,1.52354998386864
1000,"Duas etapas",679,1.69819240670672
1000,"Duas etapas",680,1.56880418696015
1000,"Duas etapas",681,1.50481160908597
1000,"Duas etapas",682,1.38771194591347
1000,"Duas etapas",683,1.33974805775981
1000,"Duas etapas",684,1.36074340761479
1000,"Duas etapas",685,1.41603820354966
1000,"Duas etapas",686,1.46928747835519
1000,"Duas etapas",687,1.61567090119983
1000,"Duas etapas",688,1.40744077451294
1000,"Duas etapas",689,1.52243687346879
1000,"Duas etapas",690,1.48050077434662
1000,"Duas etapas",691,1.47127514538745
1000,"Duas etapas",692,1.40700520182051
1000,"Duas etapas",693,1.62770270348787
1000,"Duas etapas",694,1.4818288877982
1000,"Duas etapas",695,1.2978841172471
1000,"Duas etapas",696,1.37026244272098
1000,"Duas etapas",697,1.45150578849412
1000,"Duas etapas",698,1.36361355350939
1000,"Duas etapas",699,1.54483729271297
1000,"Duas etapas",700,1.41861614491076
1000,"Duas etapas",701,1.37741360423302
1000,"Duas etapas",702,1.30992834160362
1000,"Duas etapas",703,1.58258966657856
1000,"Duas etapas",704,1.26847485249842
1000,"Duas etapas",705,1.58270029946082
1000,"Duas etapas",706,1.34795168860079
1000,"Duas etapas",707,1.34404395136147
1000,"Duas etapas",708,1.43890860647628
1000,"Duas etapas",709,1.47833619465528
1000,"Duas etapas",710,1.49676529387511
1000,"Duas etapas",711,1.65274480603355
1000,"Duas etapas",712,1.49797075887052
1000,"Duas etapas",713,1.53097858973393
1000,"Duas etapas",714,1.22867772940544
1000,"Duas etapas",715,1.3295474317365
1000,"Duas etapas",716,1.53407788987149
1000,"Duas etapas",717,1.56773896811609
1000,"Duas etapas",718,1.51599326256327
1000,"Duas etapas",719,1.42996848243269
1000,"Duas etapas",720,1.42352677295241
1000,"Duas etapas",721,1.46992398474551
1000,"Duas etapas",722,1.52225433137647
1000,"Duas etapas",723,1.47389445416357
1000,"Duas etapas",724,1.38792081355959
1000,"Duas etapas",725,1.37944773967219
1000,"Duas etapas",726,1.55592361300516
1000,"Duas etapas",727,1.37676056425287
1000,"Duas etapas",728,1.50866756631226
1000,"Duas etapas",729,1.52493192975338
1000,"Duas etapas",730,1.29587700815936
1000,"Duas etapas",731,1.55362403679541
1000,"Duas etapas",732,1.43887236607272
1000,"Duas etapas",733,1.46060933708123
1000,"Duas etapas",734,1.37711271045438
1000,"Duas etapas",735,1.49514844077464
1000,"Duas etapas",736,1.31563246011846
1000,"Duas etapas",737,1.52543332922093
1000,"Duas etapas",738,1.59580798393616
1000,"Duas etapas",739,1.50809096423979
1000,"Duas etapas",740,1.34026997525745
1000,"Duas etapas",741,1.23346229160931
1000,"Duas etapas",742,1.44494597929041
1000,"Duas etapas",743,1.41784266834554
1000,"Duas etapas",744,1.54887061336383
1000,"Duas etapas",745,1.54395845144733
1000,"Duas etapas",746,1.3454628477851
1000,"Duas etapas",747,1.47367616937199
1000,"Duas etapas",748,1.49292619511975
1000,"Duas etapas",749,1.47790914171355
1000,"Duas etapas",750,1.45815915490989
1000,"Duas etapas",751,1.46998656744923
1000,"Duas etapas",752,1.24842646517262
1000,"Duas etapas",753,1.44253117441998
1000,"Duas etapas",754,1.49100322528291
1000,"Duas etapas",755,1.36271143896329
1000,"Duas etapas",756,1.42603791728919
1000,"Duas etapas",757,1.44878477859737
1000,"Duas etapas",758,1.38728354417311
1000,"Duas etapas",759,1.38250947446267
1000,"Duas etapas",760,1.34306504980032
1000,"Duas etapas",761,1.53780494965047
1000,"Duas etapas",762,1.49946736996642
1000,"Duas etapas",763,1.4101604326731
1000,"Duas etapas",764,1.43370078295323
1000,"Duas etapas",765,1.44572553109289
1000,"Duas etapas",766,1.63657001205639
1000,"Duas etapas",767,1.38330419441602
1000,"Duas etapas",768,1.49515791796986
1000,"Duas etapas",769,1.32892003827862
1000,"Duas etapas",770,1.67088548326448
1000,"Duas etapas",771,1.5616224989151
1000,"Duas etapas",772,1.44589631134191
1000,"Duas etapas",773,1.48529002495469
1000,"Duas etapas",774,1.48221458651239
1000,"Duas etapas",775,1.30472485132162
1000,"Duas etapas",776,1.3686188985514
1000,"Duas etapas",777,1.47799803504011
1000,"Duas etapas",778,1.51435844210118
1000,"Duas etapas",779,1.52385415485967
1000,"Duas etapas",780,1.43236724284022
1000,"Duas etapas",781,1.49458237006138
1000,"Duas etapas",782,1.43404428836803
1000,"Duas etapas",783,1.51738741005523
1000,"Duas etapas",784,1.45074480398614
1000,"Duas etapas",785,1.48899029313374
1000,"Duas etapas",786,1.56123794296371
1000,"Duas etapas",787,1.32954975187914
1000,"Duas etapas",788,1.6736116951242
1000,"Duas etapas",789,1.51520686409962
1000,"Duas etapas",790,1.548329406069
1000,"Duas etapas",791,1.3712394315116
1000,"Duas etapas",792,1.33424116271345
1000,"Duas etapas",793,1.43957292312841
1000,"Duas etapas",794,1.46449602253827
1000,"Duas etapas",795,1.38369450922133
1000,"Duas etapas",796,1.66070103720034
1000,"Duas etapas",797,1.39726226313749
1000,"Duas etapas",798,1.40464381328049
1000,"Duas etapas",799,1.19757526056151
1000,"Duas etapas",800,1.53322665824025
1000,"Duas etapas",801,1.40832246066744
1000,"Duas etapas",802,1.54808082585151
1000,"Duas etapas",803,1.30809766816139
1000,"Duas etapas",804,1.42946122403879
1000,"Duas etapas",805,1.51068995559829
1000,"Duas etapas",806,1.56910754100943
1000,"Duas etapas",807,1.45939784003619
1000,"Duas etapas",808,1.53400959638649
1000,"Duas etapas",809,1.3582955615887
1000,"Duas etapas",810,1.30465430406216
1000,"Duas etapas",811,1.4481056614162
1000,"Duas etapas",812,1.39026170595589
1000,"Duas etapas",813,1.34295233388258
1000,"Duas etapas",814,1.58170067887039
1000,"Duas etapas",815,1.52966006915622
1000,"Duas etapas",816,1.32440223355502
1000,"Duas etapas",817,1.70290474301417
1000,"Duas etapas",818,1.43611353120635
1000,"Duas etapas",819,1.31751588389598
1000,"Duas etapas",820,1.39418736183912
1000,"Duas etapas",821,1.54961983125702
1000,"Duas etapas",822,1.58764823281329
1000,"Duas etapas",823,1.48959279337242
1000,"Duas etapas",824,1.41733407005383
1000,"Duas etapas",825,1.49730214734488
1000,"Duas etapas",826,1.52573262480085
1000,"Duas etapas",827,1.64681521357159
1000,"Duas etapas",828,1.4003796477746
1000,"Duas etapas",829,1.38988747021011
1000,"Duas etapas",830,1.40653333138146
1000,"Duas etapas",831,1.22184835540728
1000,"Duas etapas",832,1.42412133191329
1000,"Duas etapas",833,1.62220660438006
1000,"Duas etapas",834,1.45019264054072
1000,"Duas etapas",835,1.46611402061
1000,"Duas etapas",836,1.43867982441354
1000,"Duas etapas",837,1.6723133646941
1000,"Duas etapas",838,1.5739645885153
1000,"Duas etapas",839,1.30764673240856
1000,"Duas etapas",840,1.44345461896227
1000,"Duas etapas",841,1.51841305988689
1000,"Duas etapas",842,1.28415211042914
1000,"Duas etapas",843,1.48358066937359
1000,"Duas etapas",844,1.23020718221709
1000,"Duas etapas",845,1.38541999841621
1000,"Duas etapas",846,1.44875039948259
1000,"Duas etapas",847,1.45074799938029
1000,"Duas etapas",848,1.49342534500437
1000,"Duas etapas",849,1.3718529740986
1000,"Duas etapas",850,1.64932514957034
1000,"Duas etapas",851,1.48610490714131
1000,"Duas etapas",852,1.45877935288637
1000,"Duas etapas",853,1.47749892355535
1000,"Duas etapas",854,1.42661991181747
1000,"Duas etapas",855,1.50206919791183
1000,"Duas etapas",856,1.5617568258565
1000,"Duas etapas",857,1.51558653959761
1000,"Duas etapas",858,1.56730407982846
1000,"Duas etapas",859,1.34130504954267
1000,"Duas etapas",860,1.50069611850961
1000,"Duas etapas",861,1.5718760282143
1000,"Duas etapas",862,1.64396890304698
1000,"Duas etapas",863,1.50925763446477
1000,"Duas etapas",864,1.62139452454468
1000,"Duas etapas",865,1.4842071934762
1000,"Duas etapas",866,1.42392500658894
1000,"Duas etapas",867,1.46858301064225
1000,"Duas etapas",868,1.46766412017602
1000,"Duas etapas",869,1.53212093865113
1000,"Duas etapas",870,1.42142160080596
1000,"Duas etapas",871,1.43532132008607
1000,"Duas etapas",872,1.23772418285803
1000,"Duas etapas",873,1.44011769953076
1000,"Duas etapas",874,1.63514810873314
1000,"Duas etapas",875,1.39657071108793
1000,"Duas etapas",876,1.4442938472305
1000,"Duas etapas",877,1.40948958409051
1000,"Duas etapas",878,1.5297822309819
1000,"Duas etapas",879,1.46042478385468
1000,"Duas etapas",880,1.24896515114268
1000,"Duas etapas",881,1.58904256080235
1000,"Duas etapas",882,1.35132725772843
1000,"Duas etapas",883,1.46687162941212
1000,"Duas etapas",884,1.67134450628758
1000,"Duas etapas",885,1.29556989095829
1000,"Duas etapas",886,1.59846114935884
1000,"Duas etapas",887,1.45205959677025
1000,"Duas etapas",888,1.46163285978211
1000,"Duas etapas",889,1.45571759865855
1000,"Duas etapas",890,1.39619215244869
1000,"Duas etapas",891,1.49272717473309
1000,"Duas etapas",892,1.57359297387358
1000,"Duas etapas",893,1.5213111246664
1000,"Duas etapas",894,1.3928633758497
1000,"Duas etapas",895,1.52172916888261
1000,"Duas etapas",896,1.60517609168101
1000,"Duas etapas",897,1.55517593213061
1000,"Duas etapas",898,1.53072805764246
1000,"Duas etapas",899,1.52321062933083
1000,"Duas etapas",900,1.54398156613062
1000,"Duas etapas",901,1.4415857975387
1000,"Duas etapas",902,1.45220787350369
1000,"Duas etapas",903,1.33255094148335
1000,"Duas etapas",904,1.52773358307035
1000,"Duas etapas",905,1.57893939533361
1000,"Duas etapas",906,1.3982737471466
1000,"Duas etapas",907,1.41297136031972
1000,"Duas etapas",908,1.43402908061695
1000,"Duas etapas",909,1.40109023328439
1000,"Duas etapas",910,1.38622098495504
1000,"Duas etapas",911,1.33068145364945
1000,"Duas etapas",912,1.28211745564829
1000,"Duas etapas",913,1.31838804730008
1000,"Duas etapas",914,1.42488425224491
1000,"Duas etapas",915,1.82262358453315
1000,"Duas etapas",916,1.4634343747762
1000,"Duas etapas",917,1.318652827955
1000,"Duas etapas",918,1.467500618498
1000,"Duas etapas",919,1.74359844317949
1000,"Duas etapas",920,1.50507027539696
1000,"Duas etapas",921,1.35508969409907
1000,"Duas etapas",922,1.34298114352926
1000,"Duas etapas",923,1.30622015341475
1000,"Duas etapas",924,1.4250579732204
1000,"Duas etapas",925,1.44364957425895
1000,"Duas etapas",926,1.43700417434719
1000,"Duas etapas",927,1.51093250007937
1000,"Duas etapas",928,1.34565622135963
1000,"Duas etapas",929,1.53667444662693
1000,"Duas etapas",930,1.36440806206269
1000,"Duas etapas",931,1.5010607499306
1000,"Duas etapas",932,1.32253795853601
1000,"Duas etapas",933,1.70661925139038
1000,"Duas etapas",934,1.56929959324857
1000,"Duas etapas",935,1.53741149623235
1000,"Duas etapas",936,1.47726740336465
1000,"Duas etapas",937,1.48938463619362
1000,"Duas etapas",938,1.48121484857258
1000,"Duas etapas",939,1.62951478947871
1000,"Duas etapas",940,1.50049496831559
1000,"Duas etapas",941,1.5249761671321
1000,"Duas etapas",942,1.65782653158413
1000,"Duas etapas",943,1.42517076548554
1000,"Duas etapas",944,1.50864409693045
1000,"Duas etapas",945,1.49908145447862
1000,"Duas etapas",946,1.56104542921394
1000,"Duas etapas",947,1.56691514294641
1000,"Duas etapas",948,1.58865735258903
1000,"Duas etapas",949,1.41869390871873
1000,"Duas etapas",950,1.58392857239113
1000,"Duas etapas",951,1.37732413092663
1000,"Duas etapas",952,1.30941831564267
1000,"Duas etapas",953,1.4470021511784
1000,"Duas etapas",954,1.30834578380116
1000,"Duas etapas",955,1.56227234937332
1000,"Duas etapas",956,1.44116381811997
1000,"Duas etapas",957,1.55705103174699
1000,"Duas etapas",958,1.41210761265376
1000,"Duas etapas",959,1.4270693760276
1000,"Duas etapas",960,1.43616072963466
1000,"Duas etapas",961,1.47887979829841
1000,"Duas etapas",962,1.41135007493841
1000,"Duas etapas",963,1.27685283215587
1000,"Duas etapas",964,1.45802335107905
1000,"Duas etapas",965,1.38160785721455
1000,"Duas etapas",966,1.4020000077945
1000,"Duas etapas",967,1.67267308655802
1000,"Duas etapas",968,1.48435726659242
1000,"Duas etapas",969,1.30334199241694
1000,"Duas etapas",970,1.54558148704211
1000,"Duas etapas",971,1.49359825469115
1000,"Duas etapas",972,1.40900385385169
1000,"Duas etapas",973,1.47337106384647
1000,"Duas etapas",974,1.42137825652352
1000,"Duas etapas",975,1.71159442719889
1000,"Duas etapas",976,1.44072575967589
1000,"Duas etapas",977,1.45617321545503
1000,"Duas etapas",978,1.54096489810404
1000,"Duas etapas",979,1.43062051920279
1000,"Duas etapas",980,1.35127387774476
1000,"Duas etapas",981,1.54708305938787
1000,"Duas etapas",982,1.43986424667348
1000,"Duas etapas",983,1.59495813450623
1000,"Duas etapas",984,1.64533799499826
1000,"Duas etapas",985,1.4302401398317
1000,"Duas etapas",986,1.44706571573155
1000,"Duas etapas",987,1.55283841483955
1000,"Duas etapas",988,1.21404676476967
1000,"Duas etapas",989,1.47426813051672
1000,"Duas etapas",990,1.63977643685655
1000,"Duas etapas",991,1.45843575696723
1000,"Duas etapas",992,1.43746416155018
1000,"Duas etapas",993,1.5186949445654
1000,"Duas etapas",994,1.48115311129319
1000,"Duas etapas",995,1.38864925108927
1000,"Duas etapas",996,1.43121751118077
1000,"Duas etapas",997,1.47187831643784
1000,"Duas etapas",998,1.35558046954872
1000,"Duas etapas",999,1.3849122162404
1000,"Duas etapas",1000,1.4795232504102
1000,"Conjunto",1,1.41834695172221
1000,"Conjunto",2,1.50122367740745
1000,"Conjunto",3,1.69887641750506
1000,"Conjunto",4,1.34608674377601
1000,"Conjunto",5,1.50887416566525
1000,"Conjunto",6,1.5965196442737
1000,"Conjunto",7,1.42136446636821
1000,"Conjunto",8,1.2892997438065
1000,"Conjunto",9,1.60439988777441
1000,"Conjunto",10,1.52868383637179
1000,"Conjunto",11,1.48554760656322
1000,"Conjunto",12,1.63375485139775
1000,"Conjunto",13,1.32705510034732
1000,"Conjunto",14,1.34865785291718
1000,"Conjunto",15,1.47340412969044
1000,"Conjunto",16,1.42615938138736
1000,"Conjunto",17,1.25527180523753
1000,"Conjunto",18,1.43663943908535
1000,"Conjunto",19,1.46184637791089
1000,"Conjunto",20,1.52259695377915
1000,"Conjunto",21,1.72521460699018
1000,"Conjunto",22,1.49401620223681
1000,"Conjunto",23,1.72268080300799
1000,"Conjunto",24,1.49220989011977
1000,"Conjunto",25,1.63906901627981
1000,"Conjunto",26,1.60181572040802
1000,"Conjunto",27,1.42005206193732
1000,"Conjunto",28,1.37839036389238
1000,"Conjunto",29,1.29894550152531
1000,"Conjunto",30,1.41132477112424
1000,"Conjunto",31,1.56034551115501
1000,"Conjunto",32,1.38620924905913
1000,"Conjunto",33,1.43472647267757
1000,"Conjunto",34,1.54781346086985
1000,"Conjunto",35,1.28987400349407
1000,"Conjunto",36,1.6032503107431
1000,"Conjunto",37,1.8613166665022
1000,"Conjunto",38,1.57863692304789
1000,"Conjunto",39,1.52055064064026
1000,"Conjunto",40,1.59195891928348
1000,"Conjunto",41,1.44778327259088
1000,"Conjunto",42,1.63832591498633
1000,"Conjunto",43,1.6389089566891
1000,"Conjunto",44,1.52761273120948
1000,"Conjunto",45,1.60315464661321
1000,"Conjunto",46,1.68168459044562
1000,"Conjunto",47,1.50318802182986
1000,"Conjunto",48,1.52874140129336
1000,"Conjunto",49,1.58511766085001
1000,"Conjunto",50,1.42885093296327
1000,"Conjunto",51,1.59761325133092
1000,"Conjunto",52,1.557571212738
1000,"Conjunto",53,1.43646245981577
1000,"Conjunto",54,1.84041996054607
1000,"Conjunto",55,1.45099898658111
1000,"Conjunto",56,1.40884970201635
1000,"Conjunto",57,1.45382269646212
1000,"Conjunto",58,1.36047673852436
1000,"Conjunto",59,1.65276095448143
1000,"Conjunto",60,1.51087646568071
1000,"Conjunto",61,1.604248191734
1000,"Conjunto",62,1.42528194573753
1000,"Conjunto",63,1.40741059025133
1000,"Conjunto",64,1.65519844713501
1000,"Conjunto",65,1.44516629438396
1000,"Conjunto",66,1.43898561222011
1000,"Conjunto",67,1.45985651562365
1000,"Conjunto",68,1.47608529909621
1000,"Conjunto",69,1.44374025563763
1000,"Conjunto",70,1.60877070551338
1000,"Conjunto",71,1.76911941144071
1000,"Conjunto",72,1.69228085571214
1000,"Conjunto",73,1.37725033168883
1000,"Conjunto",74,1.55790476439116
1000,"Conjunto",75,1.5067239434739
1000,"Conjunto",76,1.54099161739925
1000,"Conjunto",77,1.74972816281872
1000,"Conjunto",78,1.72199316625006
1000,"Conjunto",79,1.4719964976201
1000,"Conjunto",80,1.33120459525255
1000,"Conjunto",81,1.59617746197406
1000,"Conjunto",82,1.61006632007176
1000,"Conjunto",83,1.55177410005636
1000,"Conjunto",84,1.64827905941272
1000,"Conjunto",85,1.6541815743605
1000,"Conjunto",86,1.38349783468102
1000,"Conjunto",87,1.61726169747341
1000,"Conjunto",88,1.45514351468811
1000,"Conjunto",89,1.52683959934107
1000,"Conjunto",90,1.6102520338504
1000,"Conjunto",91,1.59491300986475
1000,"Conjunto",92,1.59706380233779
1000,"Conjunto",93,1.51004107745801
1000,"Conjunto",94,1.71558332419408
1000,"Conjunto",95,1.70801401242529
1000,"Conjunto",96,1.50092431357411
1000,"Conjunto",97,1.56625364875846
1000,"Conjunto",98,1.51408745892596
1000,"Conjunto",99,1.91576161024126
1000,"Conjunto",100,1.53154393673038
1000,"Conjunto",101,1.75806941285246
1000,"Conjunto",102,1.94602485923434
1000,"Conjunto",103,1.5204845786215
1000,"Conjunto",104,1.51628411271262
1000,"Conjunto",105,1.58857230678066
1000,"Conjunto",106,1.44915992250317
1000,"Conjunto",107,1.47537735051614
1000,"Conjunto",108,1.65290888225665
1000,"Conjunto",109,1.65475481746817
1000,"Conjunto",110,1.47605604009623
1000,"Conjunto",111,1.4798377316073
1000,"Conjunto",112,1.63352742464966
1000,"Conjunto",113,1.59012961733995
1000,"Conjunto",114,1.33189897796647
1000,"Conjunto",115,1.36343723239682
1000,"Conjunto",116,1.38951086299592
1000,"Conjunto",117,1.51754898133008
1000,"Conjunto",118,1.5315925324579
1000,"Conjunto",119,1.7751416998662
1000,"Conjunto",120,1.30581067628247
1000,"Conjunto",121,1.54006352910703
1000,"Conjunto",122,1.58806106054225
1000,"Conjunto",123,1.64834810147052
1000,"Conjunto",124,1.48029772733576
1000,"Conjunto",125,1.66982548563974
1000,"Conjunto",126,1.34342946244499
1000,"Conjunto",127,1.29372126075552
1000,"Conjunto",128,1.56853058123109
1000,"Conjunto",129,1.52419990613096
1000,"Conjunto",130,1.53099987591329
1000,"Conjunto",131,1.63939660007967
1000,"Conjunto",132,1.58697033688183
1000,"Conjunto",133,1.54188089246845
1000,"Conjunto",134,1.57544395306914
1000,"Conjunto",135,1.59621325925094
1000,"Conjunto",136,1.32965221443911
1000,"Conjunto",137,1.66983118954386
1000,"Conjunto",138,1.61271962520282
1000,"Conjunto",139,1.57016890095179
1000,"Conjunto",140,1.52488061971534
1000,"Conjunto",141,1.53241766514055
1000,"Conjunto",142,1.53522575827916
1000,"Conjunto",143,1.57626397668066
1000,"Conjunto",144,1.39409775169938
1000,"Conjunto",145,1.33959206995762
1000,"Conjunto",146,1.59188593980894
1000,"Conjunto",147,1.68733235291835
1000,"Conjunto",148,1.61635534184668
1000,"Conjunto",149,1.46653375629312
1000,"Conjunto",150,1.50007163792752
1000,"Conjunto",151,1.45557105955929
1000,"Conjunto",152,1.51880470626974
1000,"Conjunto",153,1.39346616546825
1000,"Conjunto",154,1.79878418569675
1000,"Conjunto",155,1.35215983661673
1000,"Conjunto",156,1.52085825605897
1000,"Conjunto",157,1.48205845755498
1000,"Conjunto",158,1.54185957535674
1000,"Conjunto",159,1.41227358309191
1000,"Conjunto",160,1.59559467531879
1000,"Conjunto",161,1.54495584062027
1000,"Conjunto",162,1.54003869457065
1000,"Conjunto",163,1.3396386867473
1000,"Conjunto",164,1.51469949354466
1000,"Conjunto",165,1.61261762566613
1000,"Conjunto",166,1.48353755112387
1000,"Conjunto",167,1.47838927038602
1000,"Conjunto",168,1.67787068440959
1000,"Conjunto",169,1.61385681555652
1000,"Conjunto",170,1.49201551741718
1000,"Conjunto",171,1.43358598033333
1000,"Conjunto",172,1.43275326210363
1000,"Conjunto",173,1.58096946818942
1000,"Conjunto",174,1.42317717116489
1000,"Conjunto",175,1.45572687211136
1000,"Conjunto",176,1.60981094437932
1000,"Conjunto",177,1.48242529991157
1000,"Conjunto",178,1.68123482576891
1000,"Conjunto",179,1.53064392343985
1000,"Conjunto",180,1.50517886094272
1000,"Conjunto",181,1.54484925402841
1000,"Conjunto",182,1.62242110211701
1000,"Conjunto",183,1.59971346816272
1000,"Conjunto",184,1.49154113400154
1000,"Conjunto",185,1.29891522954432
1000,"Conjunto",186,1.36936766459872
1000,"Conjunto",187,1.45649853387919
1000,"Conjunto",188,1.65971874558112
1000,"Conjunto",189,1.5064344341954
1000,"Conjunto",190,1.4969775938435
1000,"Conjunto",191,1.5837801252876
1000,"Conjunto",192,1.68822057133958
1000,"Conjunto",193,1.64149658926504
1000,"Conjunto",194,1.5835630344157
1000,"Conjunto",195,1.57137670565184
1000,"Conjunto",196,1.55661846777994
1000,"Conjunto",197,1.59758758733573
1000,"Conjunto",198,1.57282927206743
1000,"Conjunto",199,1.52646607034274
1000,"Conjunto",200,1.33246360554721
1000,"Conjunto",201,1.52214204754615
1000,"Conjunto",202,1.34296287230988
1000,"Conjunto",203,1.46668319982377
1000,"Conjunto",204,1.6702120947605
1000,"Conjunto",205,1.67913719621028
1000,"Conjunto",206,1.59891965483239
1000,"Conjunto",207,1.31216654282398
1000,"Conjunto",208,1.37572838867722
1000,"Conjunto",209,1.84146414051746
1000,"Conjunto",210,1.42730952348722
1000,"Conjunto",211,1.57748279711218
1000,"Conjunto",212,1.64185898247909
1000,"Conjunto",213,1.57544414107192
1000,"Conjunto",214,1.46761528338332
1000,"Conjunto",215,1.59989918574397
1000,"Conjunto",216,1.50692665581598
1000,"Conjunto",217,1.4420539575243
1000,"Conjunto",218,1.5156675550432
1000,"Conjunto",219,1.66694101003655
1000,"Conjunto",220,1.67665702683521
1000,"Conjunto",221,1.59493815080789
1000,"Conjunto",222,1.48810396826143
1000,"Conjunto",223,1.55487049501438
1000,"Conjunto",224,1.58808004522421
1000,"Conjunto",225,1.58714362735961
1000,"Conjunto",226,1.56621497710272
1000,"Conjunto",227,1.42383039426688
1000,"Conjunto",228,1.46528711703364
1000,"Conjunto",229,1.67263237796057
1000,"Conjunto",230,1.19147169325968
1000,"Conjunto",231,1.60616207252975
1000,"Conjunto",232,1.38115440746634
1000,"Conjunto",233,1.64397402298948
1000,"Conjunto",234,1.40677181224298
1000,"Conjunto",235,1.5021771524373
1000,"Conjunto",236,1.48267195713976
1000,"Conjunto",237,1.4657704684241
1000,"Conjunto",238,1.52948210054377
1000,"Conjunto",239,1.38578475930812
1000,"Conjunto",240,1.3100928751221
1000,"Conjunto",241,1.51354348152852
1000,"Conjunto",242,1.44187070083544
1000,"Conjunto",243,1.39305576113846
1000,"Conjunto",244,1.42912981406224
1000,"Conjunto",245,1.37200332599824
1000,"Conjunto",246,1.49886449215226
1000,"Conjunto",247,1.5803193739477
1000,"Conjunto",248,1.37708780447755
1000,"Conjunto",249,1.73891144813099
1000,"Conjunto",250,1.63579435182861
1000,"Conjunto",251,1.72707158687716
1000,"Conjunto",252,1.59570932129498
1000,"Conjunto",253,1.55466149486606
1000,"Conjunto",254,1.38451084383195
1000,"Conjunto",255,1.34970168076445
1000,"Conjunto",256,1.5490758093363
1000,"Conjunto",257,1.53098401074912
1000,"Conjunto",258,1.46100891714506
1000,"Conjunto",259,1.6191721204916
1000,"Conjunto",260,1.37773052308736
1000,"Conjunto",261,1.43477642743458
1000,"Conjunto",262,1.47814621641125
1000,"Conjunto",263,1.74555201603487
1000,"Conjunto",264,1.51149898210232
1000,"Conjunto",265,1.58476639049309
1000,"Conjunto",266,1.62271008264407
1000,"Conjunto",267,1.35900943557773
1000,"Conjunto",268,1.55171032992357
1000,"Conjunto",269,1.65962286120202
1000,"Conjunto",270,1.46920274670082
1000,"Conjunto",271,1.67042768721292
1000,"Conjunto",272,1.52731430931866
1000,"Conjunto",273,1.32828809018267
1000,"Conjunto",274,1.4291193657057
1000,"Conjunto",275,1.83956570632955
1000,"Conjunto",276,1.47168156872517
1000,"Conjunto",277,1.32487363811205
1000,"Conjunto",278,1.68754555509104
1000,"Conjunto",279,1.61059115567309
1000,"Conjunto",280,1.49015083665617
1000,"Conjunto",281,1.48071012625333
1000,"Conjunto",282,1.36364144641818
1000,"Conjunto",283,1.51692490765448
1000,"Conjunto",284,1.56642970681332
1000,"Conjunto",285,1.58431869132138
1000,"Conjunto",286,1.47878258563443
1000,"Conjunto",287,1.56230170707667
1000,"Conjunto",288,1.58589807565471
1000,"Conjunto",289,1.46738043770192
1000,"Conjunto",290,1.57448374201066
1000,"Conjunto",291,1.63076152552555
1000,"Conjunto",292,1.65531105842773
1000,"Conjunto",293,1.38852583688733
1000,"Conjunto",294,1.54496180196261
1000,"Conjunto",295,1.60946746744846
1000,"Conjunto",296,1.5545876910323
1000,"Conjunto",297,1.47968665280192
1000,"Conjunto",298,1.45430169744154
1000,"Conjunto",299,1.4930722773036
1000,"Conjunto",300,1.50439597015958
1000,"Conjunto",301,1.67405217542858
1000,"Conjunto",302,1.57396239048805
1000,"Conjunto",303,1.54841343415128
1000,"Conjunto",304,1.2817334344897
1000,"Conjunto",305,1.4458035591931
1000,"Conjunto",306,1.54788714040588
1000,"Conjunto",307,1.43825275652756
1000,"Conjunto",308,1.36396537312607
1000,"Conjunto",309,1.4425654757271
1000,"Conjunto",310,1.37298556263237
1000,"Conjunto",311,1.62223665530905
1000,"Conjunto",312,1.49758127974626
1000,"Conjunto",313,1.61170577418774
1000,"Conjunto",314,1.4015698734746
1000,"Conjunto",315,1.53850493025237
1000,"Conjunto",316,1.29704757883935
1000,"Conjunto",317,1.44542412369786
1000,"Conjunto",318,1.49798885006764
1000,"Conjunto",319,1.58991235175083
1000,"Conjunto",320,1.34816256696516
1000,"Conjunto",321,1.55395573521988
1000,"Conjunto",322,1.68199207066094
1000,"Conjunto",323,1.61485227390181
1000,"Conjunto",324,1.64693676831885
1000,"Conjunto",325,1.60668729658421
1000,"Conjunto",326,1.62874483757733
1000,"Conjunto",327,1.49407988328566
1000,"Conjunto",328,1.29787304519987
1000,"Conjunto",329,1.37404930272959
1000,"Conjunto",330,1.46109432166559
1000,"Conjunto",331,1.56164020405587
1000,"Conjunto",332,1.69522984314958
1000,"Conjunto",333,1.44601741534015
1000,"Conjunto",334,1.27787632711432
1000,"Conjunto",335,1.39191834963739
1000,"Conjunto",336,1.68683475709742
1000,"Conjunto",337,1.37568311308137
1000,"Conjunto",338,1.61314235738191
1000,"Conjunto",339,1.54253738072972
1000,"Conjunto",340,1.46166338386345
1000,"Conjunto",341,1.49913983371515
1000,"Conjunto",342,1.543295289398
1000,"Conjunto",343,1.52758482283034
1000,"Conjunto",344,1.5457106244483
1000,"Conjunto",345,1.53131859722699
1000,"Conjunto",346,1.57514915393231
1000,"Conjunto",347,1.5839510710245
1000,"Conjunto",348,1.55482817633413
1000,"Conjunto",349,1.53143457900812
1000,"Conjunto",350,1.41430948198591
1000,"Conjunto",351,1.53092967184294
1000,"Conjunto",352,1.36755088629117
1000,"Conjunto",353,1.51946978600386
1000,"Conjunto",354,1.53544394793825
1000,"Conjunto",355,1.58727002388779
1000,"Conjunto",356,1.58559094505091
1000,"Conjunto",357,1.5938677580331
1000,"Conjunto",358,1.53090988569162
1000,"Conjunto",359,1.41574299175553
1000,"Conjunto",360,1.55048538961428
1000,"Conjunto",361,1.56068758819285
1000,"Conjunto",362,1.54236382976717
1000,"Conjunto",363,1.64271523735134
1000,"Conjunto",364,1.71032619566108
1000,"Conjunto",365,1.65367522612819
1000,"Conjunto",366,1.7395198601824
1000,"Conjunto",367,1.614355745215
1000,"Conjunto",368,1.60371338657049
1000,"Conjunto",369,1.46293682846768
1000,"Conjunto",370,1.36132773770896
1000,"Conjunto",371,1.61045666301432
1000,"Conjunto",372,1.51923962631963
1000,"Conjunto",373,1.57121149736174
1000,"Conjunto",374,1.62332687394408
1000,"Conjunto",375,1.34653872306938
1000,"Conjunto",376,1.80351257561883
1000,"Conjunto",377,1.74488540795242
1000,"Conjunto",378,1.45337241350665
1000,"Conjunto",379,1.66584505582123
1000,"Conjunto",380,1.47526067017401
1000,"Conjunto",381,1.52414819427162
1000,"Conjunto",382,1.52830443030615
1000,"Conjunto",383,1.40635997982188
1000,"Conjunto",384,1.57728623529579
1000,"Conjunto",385,1.47590026127193
1000,"Conjunto",386,1.69863161588501
1000,"Conjunto",387,1.51757801858736
1000,"Conjunto",388,1.58162563851002
1000,"Conjunto",389,1.53808708048229
1000,"Conjunto",390,1.52726509765071
1000,"Conjunto",391,1.44880567059052
1000,"Conjunto",392,1.62544056514773
1000,"Conjunto",393,1.74846792254851
1000,"Conjunto",394,1.52260256817769
1000,"Conjunto",395,1.50843769447462
1000,"Conjunto",396,1.60009852701117
1000,"Conjunto",397,1.75752187905843
1000,"Conjunto",398,1.63106785553267
1000,"Conjunto",399,1.53934213462569
1000,"Conjunto",400,1.49116655276993
1000,"Conjunto",401,1.65142633910665
1000,"Conjunto",402,1.56742895604544
1000,"Conjunto",403,1.50839838592756
1000,"Conjunto",404,1.42317343283062
1000,"Conjunto",405,1.38630924616336
1000,"Conjunto",406,1.47391064642003
1000,"Conjunto",407,1.3911267403577
1000,"Conjunto",408,1.39976365214374
1000,"Conjunto",409,1.51681775096187
1000,"Conjunto",410,1.4829939974445
1000,"Conjunto",411,1.48578022056159
1000,"Conjunto",412,1.52345779435065
1000,"Conjunto",413,1.64610681403237
1000,"Conjunto",414,1.69579229673063
1000,"Conjunto",415,1.5451756534087
1000,"Conjunto",416,1.54728272671392
1000,"Conjunto",417,1.48539691472955
1000,"Conjunto",418,1.52089611390641
1000,"Conjunto",419,1.47731776057963
1000,"Conjunto",420,1.55193965518282
1000,"Conjunto",421,1.49773717913831
1000,"Conjunto",422,1.42745183139525
1000,"Conjunto",423,1.41059652312806
1000,"Conjunto",424,1.52421612047118
1000,"Conjunto",425,1.57119278182733
1000,"Conjunto",426,1.49083171995508
1000,"Conjunto",427,1.60917679362778
1000,"Conjunto",428,1.39719318460493
1000,"Conjunto",429,1.51897392482631
1000,"Conjunto",430,1.55543134267092
1000,"Conjunto",431,1.46596557643934
1000,"Conjunto",432,1.51310781156102
1000,"Conjunto",433,1.61750616284944
1000,"Conjunto",434,1.53277783353197
1000,"Conjunto",435,1.55603372696723
1000,"Conjunto",436,1.70795572415516
1000,"Conjunto",437,1.5590930331133
1000,"Conjunto",438,1.56799388829721
1000,"Conjunto",439,1.60564343121459
1000,"Conjunto",440,1.71969111919803
1000,"Conjunto",441,1.28654989478575
1000,"Conjunto",442,1.28381870481502
1000,"Conjunto",443,1.41367361032564
1000,"Conjunto",444,1.51376754575246
1000,"Conjunto",445,1.3814098901909
1000,"Conjunto",446,1.46759485392382
1000,"Conjunto",447,1.58621193985609
1000,"Conjunto",448,1.56793614133004
1000,"Conjunto",449,1.50045909464742
1000,"Conjunto",450,1.71062574074649
1000,"Conjunto",451,1.62649450394294
1000,"Conjunto",452,1.50752674312925
1000,"Conjunto",453,1.45916138337854
1000,"Conjunto",454,1.35995593231971
1000,"Conjunto",455,1.33766432187816
1000,"Conjunto",456,1.52206277873997
1000,"Conjunto",457,1.60563043395587
1000,"Conjunto",458,1.4550375834989
1000,"Conjunto",459,1.48289465932626
1000,"Conjunto",460,1.48150510578759
1000,"Conjunto",461,1.7152750429378
1000,"Conjunto",462,1.72580291805504
1000,"Conjunto",463,1.59126155636536
1000,"Conjunto",464,1.55876947231695
1000,"Conjunto",465,1.69363815757445
1000,"Conjunto",466,1.72291233867918
1000,"Conjunto",467,1.57245333967099
1000,"Conjunto",468,1.7093473942468
1000,"Conjunto",469,1.35937160493743
1000,"Conjunto",470,1.51655108362591
1000,"Conjunto",471,1.89958071124335
1000,"Conjunto",472,1.61510135425646
1000,"Conjunto",473,1.56609416848994
1000,"Conjunto",474,1.51494571267317
1000,"Conjunto",475,1.38652335385247
1000,"Conjunto",476,1.37380844556079
1000,"Conjunto",477,1.3986313671403
1000,"Conjunto",478,1.46489340168632
1000,"Conjunto",479,1.62920365627208
1000,"Conjunto",480,1.65768380844216
1000,"Conjunto",481,1.4902728330699
1000,"Conjunto",482,1.52760497106087
1000,"Conjunto",483,1.86861092607532
1000,"Conjunto",484,1.5500650838537
1000,"Conjunto",485,1.47305850330936
1000,"Conjunto",486,1.44807930230909
1000,"Conjunto",487,1.53977810299791
1000,"Conjunto",488,1.71293692173799
1000,"Conjunto",489,1.53912646462449
1000,"Conjunto",490,1.53807353781297
1000,"Conjunto",491,1.57428364331163
1000,"Conjunto",492,1.62299879541322
1000,"Conjunto",493,1.44280570735801
1000,"Conjunto",494,1.4115511912055
1000,"Conjunto",495,1.46293667932231
1000,"Conjunto",496,1.76324656409443
1000,"Conjunto",497,1.53542215100904
1000,"Conjunto",498,1.70277303848566
1000,"Conjunto",499,1.55948452028409
1000,"Conjunto",500,1.562024824604
1000,"Conjunto",501,1.45115177929314
1000,"Conjunto",502,1.48486483984356
1000,"Conjunto",503,1.64694421877789
1000,"Conjunto",504,1.46940419037943
1000,"Conjunto",505,1.50122176690151
1000,"Conjunto",506,1.49260122565827
1000,"Conjunto",507,1.59665617401979
1000,"Conjunto",508,1.40527760931133
1000,"Conjunto",509,1.55728874445812
1000,"Conjunto",510,1.38213098362653
1000,"Conjunto",511,1.56862758291567
1000,"Conjunto",512,1.50054406126067
1000,"Conjunto",513,1.44165671634911
1000,"Conjunto",514,1.50741261367053
1000,"Conjunto",515,1.57419972806544
1000,"Conjunto",516,1.4551401240333
1000,"Conjunto",517,1.44990461974511
1000,"Conjunto",518,1.41217566688289
1000,"Conjunto",519,1.81958819009469
1000,"Conjunto",520,1.56548820517455
1000,"Conjunto",521,1.51341511100113
1000,"Conjunto",522,1.48491760477475
1000,"Conjunto",523,1.54694243888892
1000,"Conjunto",524,1.57904808792399
1000,"Conjunto",525,1.69981330951265
1000,"Conjunto",526,1.40365540801412
1000,"Conjunto",527,1.41780800514273
1000,"Conjunto",528,1.47181141427275
1000,"Conjunto",529,1.48082764343524
1000,"Conjunto",530,1.44154863590861
1000,"Conjunto",531,1.70117256154546
1000,"Conjunto",532,1.56231481739684
1000,"Conjunto",533,1.57544936610945
1000,"Conjunto",534,1.48648251447643
1000,"Conjunto",535,1.37450835364787
1000,"Conjunto",536,1.51791203387642
1000,"Conjunto",537,1.42878965743856
1000,"Conjunto",538,1.69971447975355
1000,"Conjunto",539,1.60193156052995
1000,"Conjunto",540,1.45493466097633
1000,"Conjunto",541,1.35000488287078
1000,"Conjunto",542,1.42925037374679
1000,"Conjunto",543,1.43429499861858
1000,"Conjunto",544,1.56735290264845
1000,"Conjunto",545,1.46881783946451
1000,"Conjunto",546,1.61804933734847
1000,"Conjunto",547,1.47769313742319
1000,"Conjunto",548,1.65405696359204
1000,"Conjunto",549,1.6156617048363
1000,"Conjunto",550,1.53215136621745
1000,"Conjunto",551,1.58626325986577
1000,"Conjunto",552,1.68122276264107
1000,"Conjunto",553,1.55650319888445
1000,"Conjunto",554,1.4425337668092
1000,"Conjunto",555,1.71790666932189
1000,"Conjunto",556,1.66848008921264
1000,"Conjunto",557,1.56581008692468
1000,"Conjunto",558,1.16961636618629
1000,"Conjunto",559,1.49939491968323
1000,"Conjunto",560,1.35401721667967
1000,"Conjunto",561,1.69456360264435
1000,"Conjunto",562,1.61759294541138
1000,"Conjunto",563,1.57518389429203
1000,"Conjunto",564,1.35265050558003
1000,"Conjunto",565,1.50978709101616
1000,"Conjunto",566,1.52035939831954
1000,"Conjunto",567,1.55762158577534
1000,"Conjunto",568,1.62723125018824
1000,"Conjunto",569,1.41912817365414
1000,"Conjunto",570,1.52481472621934
1000,"Conjunto",571,1.55068796666434
1000,"Conjunto",572,1.41800058376582
1000,"Conjunto",573,1.42870280075152
1000,"Conjunto",574,1.55383864969559
1000,"Conjunto",575,1.46662921957782
1000,"Conjunto",576,1.45241778643473
1000,"Conjunto",577,1.54819590554464
1000,"Conjunto",578,1.38751462935611
1000,"Conjunto",579,1.35729097369223
1000,"Conjunto",580,1.71035555195362
1000,"Conjunto",581,1.63347797203309
1000,"Conjunto",582,1.49320880119443
1000,"Conjunto",583,1.56551973349659
1000,"Conjunto",584,1.60264358899348
1000,"Conjunto",585,1.44955168101711
1000,"Conjunto",586,1.5600486675137
1000,"Conjunto",587,1.57084959011391
1000,"Conjunto",588,1.44570226656501
1000,"Conjunto",589,1.50329351483935
1000,"Conjunto",590,1.31581743426891
1000,"Conjunto",591,1.48406058233627
1000,"Conjunto",592,1.46000224466505
1000,"Conjunto",593,1.45662507189388
1000,"Conjunto",594,1.51340119196367
1000,"Conjunto",595,1.6535006521555
1000,"Conjunto",596,1.49508311958686
1000,"Conjunto",597,1.60161830216559
1000,"Conjunto",598,1.63281267485706
1000,"Conjunto",599,1.56270999966157
1000,"Conjunto",600,1.60113607387841
1000,"Conjunto",601,1.69867477215811
1000,"Conjunto",602,1.49928567696125
1000,"Conjunto",603,1.4398245378412
1000,"Conjunto",604,1.55646653713784
1000,"Conjunto",605,1.57167618771469
1000,"Conjunto",606,1.30577157750029
1000,"Conjunto",607,1.4871334793003
1000,"Conjunto",608,1.72334003168742
1000,"Conjunto",609,1.47629165668737
1000,"Conjunto",610,1.5038321424828
1000,"Conjunto",611,1.52264051787905
1000,"Conjunto",612,1.22547651539995
1000,"Conjunto",613,1.41039342129491
1000,"Conjunto",614,1.44379608284287
1000,"Conjunto",615,1.58448491446813
1000,"Conjunto",616,1.5666605653408
1000,"Conjunto",617,1.4117170362964
1000,"Conjunto",618,1.46470504146689
1000,"Conjunto",619,1.50469625023821
1000,"Conjunto",620,1.64141374559577
1000,"Conjunto",621,1.41978132515791
1000,"Conjunto",622,1.52426095731985
1000,"Conjunto",623,1.51587682477935
1000,"Conjunto",624,1.55826446241305
1000,"Conjunto",625,1.41489132769195
1000,"Conjunto",626,1.5338834516897
1000,"Conjunto",627,1.4035564532745
1000,"Conjunto",628,1.460609660669
1000,"Conjunto",629,1.47118982246214
1000,"Conjunto",630,1.59041957237848
1000,"Conjunto",631,1.46373097263123
1000,"Conjunto",632,1.49050950553457
1000,"Conjunto",633,1.47429166325201
1000,"Conjunto",634,1.71614398599074
1000,"Conjunto",635,1.42346831948954
1000,"Conjunto",636,1.6734406789197
1000,"Conjunto",637,1.46407795035636
1000,"Conjunto",638,1.48193185089002
1000,"Conjunto",639,1.58571139466893
1000,"Conjunto",640,1.64303904105089
1000,"Conjunto",641,1.49022979801813
1000,"Conjunto",642,1.31539113068885
1000,"Conjunto",643,1.63321414842593
1000,"Conjunto",644,1.46738026280037
1000,"Conjunto",645,1.78281543326478
1000,"Conjunto",646,1.62304076958622
1000,"Conjunto",647,1.64792183146568
1000,"Conjunto",648,1.41338996458789
1000,"Conjunto",649,1.60786966259986
1000,"Conjunto",650,1.61466834409038
1000,"Conjunto",651,1.42585690244104
1000,"Conjunto",652,1.49310300041415
1000,"Conjunto",653,1.47578165965289
1000,"Conjunto",654,1.55524749579615
1000,"Conjunto",655,1.39327797675079
1000,"Conjunto",656,1.48091448701865
1000,"Conjunto",657,1.5559909680759
1000,"Conjunto",658,1.33489822393653
1000,"Conjunto",659,1.53014017550256
1000,"Conjunto",660,1.34505292237331
1000,"Conjunto",661,1.38390471436973
1000,"Conjunto",662,1.32026612429479
1000,"Conjunto",663,1.36547772393565
1000,"Conjunto",664,1.77931122502578
1000,"Conjunto",665,1.46045130132016
1000,"Conjunto",666,1.43079952666471
1000,"Conjunto",667,1.56851042064727
1000,"Conjunto",668,1.4335378743893
1000,"Conjunto",669,1.48157384598044
1000,"Conjunto",670,1.46465237524762
1000,"Conjunto",671,1.45767515913711
1000,"Conjunto",672,1.37286242954955
1000,"Conjunto",673,1.44043954576902
1000,"Conjunto",674,1.62757705854408
1000,"Conjunto",675,1.60913778057049
1000,"Conjunto",676,1.4015118105365
1000,"Conjunto",677,1.34428416095615
1000,"Conjunto",678,1.60803873339902
1000,"Conjunto",679,1.79655893688993
1000,"Conjunto",680,1.6500949293138
1000,"Conjunto",681,1.58220715049791
1000,"Conjunto",682,1.45331323495411
1000,"Conjunto",683,1.39826298233865
1000,"Conjunto",684,1.42688061324214
1000,"Conjunto",685,1.48330328158941
1000,"Conjunto",686,1.54263502080454
1000,"Conjunto",687,1.70346570433866
1000,"Conjunto",688,1.48148122654384
1000,"Conjunto",689,1.60747821872502
1000,"Conjunto",690,1.56013712758078
1000,"Conjunto",691,1.54420284398067
1000,"Conjunto",692,1.47974549106701
1000,"Conjunto",693,1.71207050720175
1000,"Conjunto",694,1.55550373325098
1000,"Conjunto",695,1.35314972754419
1000,"Conjunto",696,1.43302261311372
1000,"Conjunto",697,1.52790062172669
1000,"Conjunto",698,1.42707308340213
1000,"Conjunto",699,1.62891887851557
1000,"Conjunto",700,1.4937035779615
1000,"Conjunto",701,1.43580772055397
1000,"Conjunto",702,1.37314707471419
1000,"Conjunto",703,1.66437635111178
1000,"Conjunto",704,1.32522238887681
1000,"Conjunto",705,1.65805763083567
1000,"Conjunto",706,1.40717784632521
1000,"Conjunto",707,1.40952721233873
1000,"Conjunto",708,1.50981696985353
1000,"Conjunto",709,1.55084571352285
1000,"Conjunto",710,1.57519567888317
1000,"Conjunto",711,1.7453264895995
1000,"Conjunto",712,1.57690131412659
1000,"Conjunto",713,1.61112929061418
1000,"Conjunto",714,1.28412327112097
1000,"Conjunto",715,1.39256238335808
1000,"Conjunto",716,1.61683816034977
1000,"Conjunto",717,1.64988813730506
1000,"Conjunto",718,1.59410126615294
1000,"Conjunto",719,1.4985361610242
1000,"Conjunto",720,1.49704121507508
1000,"Conjunto",721,1.54241242952419
1000,"Conjunto",722,1.60587999961899
1000,"Conjunto",723,1.54295196754372
1000,"Conjunto",724,1.45886629866373
1000,"Conjunto",725,1.44503137176077
1000,"Conjunto",726,1.63485974837456
1000,"Conjunto",727,1.43930902025059
1000,"Conjunto",728,1.58807933073225
1000,"Conjunto",729,1.60217422534879
1000,"Conjunto",730,1.3584246391602
1000,"Conjunto",731,1.63836431249562
1000,"Conjunto",732,1.51265221397285
1000,"Conjunto",733,1.54093377407798
1000,"Conjunto",734,1.44133820985324
1000,"Conjunto",735,1.58026477990762
1000,"Conjunto",736,1.36985021516134
1000,"Conjunto",737,1.60185353191449
1000,"Conjunto",738,1.6840961819443
1000,"Conjunto",739,1.58594716582986
1000,"Conjunto",740,1.41032141640341
1000,"Conjunto",741,1.28413605582072
1000,"Conjunto",742,1.52154939731741
1000,"Conjunto",743,1.49241671766831
1000,"Conjunto",744,1.6335683126691
1000,"Conjunto",745,1.62794104658796
1000,"Conjunto",746,1.40799626870254
1000,"Conjunto",747,1.55337201588374
1000,"Conjunto",748,1.56292550854969
1000,"Conjunto",749,1.54359450574865
1000,"Conjunto",750,1.53839000070301
1000,"Conjunto",751,1.53843589807066
1000,"Conjunto",752,1.30119252188429
1000,"Conjunto",753,1.52015202546196
1000,"Conjunto",754,1.57166438194599
1000,"Conjunto",755,1.42643583643288
1000,"Conjunto",756,1.49629701710437
1000,"Conjunto",757,1.5188317468986
1000,"Conjunto",758,1.44859408317962
1000,"Conjunto",759,1.45185242577715
1000,"Conjunto",760,1.40581860187902
1000,"Conjunto",761,1.61993046281017
1000,"Conjunto",762,1.58335039062674
1000,"Conjunto",763,1.48484619137313
1000,"Conjunto",764,1.50974400844499
1000,"Conjunto",765,1.52070116140732
1000,"Conjunto",766,1.73435372136108
1000,"Conjunto",767,1.44380880374925
1000,"Conjunto",768,1.57238782778146
1000,"Conjunto",769,1.3842010689504
1000,"Conjunto",770,1.76152109577465
1000,"Conjunto",771,1.63424866739526
1000,"Conjunto",772,1.51908010168211
1000,"Conjunto",773,1.56065427193416
1000,"Conjunto",774,1.55868235012941
1000,"Conjunto",775,1.36524155451574
1000,"Conjunto",776,1.43362266201058
1000,"Conjunto",777,1.5506018656052
1000,"Conjunto",778,1.58985754544379
1000,"Conjunto",779,1.60166258051431
1000,"Conjunto",780,1.49911693407398
1000,"Conjunto",781,1.57966642466952
1000,"Conjunto",782,1.50446668878357
1000,"Conjunto",783,1.58842422028303
1000,"Conjunto",784,1.50715957010648
1000,"Conjunto",785,1.56390909553148
1000,"Conjunto",786,1.6405274580234
1000,"Conjunto",787,1.39455876312949
1000,"Conjunto",788,1.7670591509889
1000,"Conjunto",789,1.59670437147905
1000,"Conjunto",790,1.6241935880872
1000,"Conjunto",791,1.4353062945365
1000,"Conjunto",792,1.39550980099646
1000,"Conjunto",793,1.50809978703754
1000,"Conjunto",794,1.53657061511096
1000,"Conjunto",795,1.45862734917983
1000,"Conjunto",796,1.75367475648016
1000,"Conjunto",797,1.46391461203874
1000,"Conjunto",798,1.4609352545094
1000,"Conjunto",799,1.25574562577701
1000,"Conjunto",800,1.60658529407448
1000,"Conjunto",801,1.47393073838935
1000,"Conjunto",802,1.63266488292485
1000,"Conjunto",803,1.36902940754509
1000,"Conjunto",804,1.4999468625584
1000,"Conjunto",805,1.59129055653655
1000,"Conjunto",806,1.65326649668673
1000,"Conjunto",807,1.53113262547851
1000,"Conjunto",808,1.61380497029136
1000,"Conjunto",809,1.419756705118
1000,"Conjunto",810,1.36890809819477
1000,"Conjunto",811,1.51088383277315
1000,"Conjunto",812,1.45180014383135
1000,"Conjunto",813,1.41108993220931
1000,"Conjunto",814,1.67041638900626
1000,"Conjunto",815,1.60955257717498
1000,"Conjunto",816,1.38235789006418
1000,"Conjunto",817,1.80257462671173
1000,"Conjunto",818,1.50313410856762
1000,"Conjunto",819,1.37491303600477
1000,"Conjunto",820,1.45421899420496
1000,"Conjunto",821,1.63158444168409
1000,"Conjunto",822,1.6628103645861
1000,"Conjunto",823,1.56727567821564
1000,"Conjunto",824,1.49489274301893
1000,"Conjunto",825,1.57904021476945
1000,"Conjunto",826,1.60839009669372
1000,"Conjunto",827,1.74014823235825
1000,"Conjunto",828,1.46753547824311
1000,"Conjunto",829,1.4566552687809
1000,"Conjunto",830,1.47095820311767
1000,"Conjunto",831,1.2753975592766
1000,"Conjunto",832,1.49686767170107
1000,"Conjunto",833,1.71711264537141
1000,"Conjunto",834,1.52624604931088
1000,"Conjunto",835,1.53002260029924
1000,"Conjunto",836,1.51407612733458
1000,"Conjunto",837,1.75909247270208
1000,"Conjunto",838,1.65614961273097
1000,"Conjunto",839,1.36603964764607
1000,"Conjunto",840,1.50961552023691
1000,"Conjunto",841,1.59364775015555
1000,"Conjunto",842,1.34043287095501
1000,"Conjunto",843,1.55346707091033
1000,"Conjunto",844,1.28599644677439
1000,"Conjunto",845,1.44620213386683
1000,"Conjunto",846,1.52781186785125
1000,"Conjunto",847,1.52616890664701
1000,"Conjunto",848,1.5728999017014
1000,"Conjunto",849,1.4326770046779
1000,"Conjunto",850,1.73070088033695
1000,"Conjunto",851,1.56765255182867
1000,"Conjunto",852,1.5357160840229
1000,"Conjunto",853,1.56147273987589
1000,"Conjunto",854,1.49450518143047
1000,"Conjunto",855,1.58273233064003
1000,"Conjunto",856,1.65017940191966
1000,"Conjunto",857,1.58990097243421
1000,"Conjunto",858,1.65033280721647
1000,"Conjunto",859,1.40555036421667
1000,"Conjunto",860,1.58342304632798
1000,"Conjunto",861,1.66351705542296
1000,"Conjunto",862,1.73556505867638
1000,"Conjunto",863,1.58350354119903
1000,"Conjunto",864,1.70523715652486
1000,"Conjunto",865,1.55881782470957
1000,"Conjunto",866,1.4928784501273
1000,"Conjunto",867,1.55092993659233
1000,"Conjunto",868,1.53234119390212
1000,"Conjunto",869,1.61211115665595
1000,"Conjunto",870,1.49410327488416
1000,"Conjunto",871,1.51026690363492
1000,"Conjunto",872,1.29170035936752
1000,"Conjunto",873,1.50927292049649
1000,"Conjunto",874,1.72691415917054
1000,"Conjunto",875,1.46332160345381
1000,"Conjunto",876,1.51668251449963
1000,"Conjunto",877,1.47497364262932
1000,"Conjunto",878,1.61394293018335
1000,"Conjunto",879,1.53514743027149
1000,"Conjunto",880,1.30200746386283
1000,"Conjunto",881,1.67540328180803
1000,"Conjunto",882,1.41137173699431
1000,"Conjunto",883,1.54274402544749
1000,"Conjunto",884,1.7609565577097
1000,"Conjunto",885,1.36038164307903
1000,"Conjunto",886,1.68595284305585
1000,"Conjunto",887,1.52242341461248
1000,"Conjunto",888,1.5317713348949
1000,"Conjunto",889,1.52708083075981
1000,"Conjunto",890,1.4674403268197
1000,"Conjunto",891,1.5639341445014
1000,"Conjunto",892,1.66657391176776
1000,"Conjunto",893,1.60252964190768
1000,"Conjunto",894,1.46178614486536
1000,"Conjunto",895,1.6049766215295
1000,"Conjunto",896,1.693429564582
1000,"Conjunto",897,1.62875348791938
1000,"Conjunto",898,1.61377388721889
1000,"Conjunto",899,1.59964197992623
1000,"Conjunto",900,1.62150564554945
1000,"Conjunto",901,1.51310401351979
1000,"Conjunto",902,1.52325494973704
1000,"Conjunto",903,1.39232015248246
1000,"Conjunto",904,1.60175263119705
1000,"Conjunto",905,1.67088839518018
1000,"Conjunto",906,1.46861032911768
1000,"Conjunto",907,1.48370050501695
1000,"Conjunto",908,1.50167529266707
1000,"Conjunto",909,1.47374940949876
1000,"Conjunto",910,1.45507232711422
1000,"Conjunto",911,1.39698800219496
1000,"Conjunto",912,1.34564404747739
1000,"Conjunto",913,1.38105349746681
1000,"Conjunto",914,1.49753547048573
1000,"Conjunto",915,1.92337844936871
1000,"Conjunto",916,1.54057156985257
1000,"Conjunto",917,1.37647954363169
1000,"Conjunto",918,1.53793716103809
1000,"Conjunto",919,1.8497568760927
1000,"Conjunto",920,1.58359237986456
1000,"Conjunto",921,1.41280581779659
1000,"Conjunto",922,1.40938556818777
1000,"Conjunto",923,1.36372626679165
1000,"Conjunto",924,1.49696412765265
1000,"Conjunto",925,1.50810786116363
1000,"Conjunto",926,1.50745417055096
1000,"Conjunto",927,1.58826452218145
1000,"Conjunto",928,1.40521342213161
1000,"Conjunto",929,1.61978394702436
1000,"Conjunto",930,1.43187461597528
1000,"Conjunto",931,1.58470064747144
1000,"Conjunto",932,1.38440479614426
1000,"Conjunto",933,1.79936574684501
1000,"Conjunto",934,1.65268601790748
1000,"Conjunto",935,1.61686571480022
1000,"Conjunto",936,1.55772364059016
1000,"Conjunto",937,1.56711273646524
1000,"Conjunto",938,1.55466649096758
1000,"Conjunto",939,1.71707445898216
1000,"Conjunto",940,1.57872583572536
1000,"Conjunto",941,1.60862002021197
1000,"Conjunto",942,1.74656663515389
1000,"Conjunto",943,1.48828022183576
1000,"Conjunto",944,1.5915114355246
1000,"Conjunto",945,1.57890399341052
1000,"Conjunto",946,1.64237068605534
1000,"Conjunto",947,1.63949520752147
1000,"Conjunto",948,1.67434807528448
1000,"Conjunto",949,1.48674784628773
1000,"Conjunto",950,1.66774237182719
1000,"Conjunto",951,1.44264142307387
1000,"Conjunto",952,1.37254473462854
1000,"Conjunto",953,1.52147406382243
1000,"Conjunto",954,1.37388520102632
1000,"Conjunto",955,1.63986249819592
1000,"Conjunto",956,1.51274589747654
1000,"Conjunto",957,1.63076703959688
1000,"Conjunto",958,1.47832462531595
1000,"Conjunto",959,1.50223249102582
1000,"Conjunto",960,1.50808437992898
1000,"Conjunto",961,1.56435551064693
1000,"Conjunto",962,1.47965285286745
1000,"Conjunto",963,1.33848053247801
1000,"Conjunto",964,1.52586486367356
1000,"Conjunto",965,1.44901611350974
1000,"Conjunto",966,1.47713944016947
1000,"Conjunto",967,1.77529720897087
1000,"Conjunto",968,1.55524328658405
1000,"Conjunto",969,1.3612499058174
1000,"Conjunto",970,1.62888242672796
1000,"Conjunto",971,1.561193672085
1000,"Conjunto",972,1.48492625067684
1000,"Conjunto",973,1.55133513194403
1000,"Conjunto",974,1.48915320141414
1000,"Conjunto",975,1.80787527785118
1000,"Conjunto",976,1.51248160086902
1000,"Conjunto",977,1.52799388436335
1000,"Conjunto",978,1.61932988279194
1000,"Conjunto",979,1.50425623045708
1000,"Conjunto",980,1.41311583352832
1000,"Conjunto",981,1.62285935072406
1000,"Conjunto",982,1.51321267388262
1000,"Conjunto",983,1.68431526266303
1000,"Conjunto",984,1.73207123255676
1000,"Conjunto",985,1.50658499682911
1000,"Conjunto",986,1.51799279420617
1000,"Conjunto",987,1.63088433109677
1000,"Conjunto",988,1.2727559333407
1000,"Conjunto",989,1.54591025327774
1000,"Conjunto",990,1.72934546595457
1000,"Conjunto",991,1.53777997098397
1000,"Conjunto",992,1.51016412516107
1000,"Conjunto",993,1.59222815430085
1000,"Conjunto",994,1.55223041501402
1000,"Conjunto",995,1.45565390760036
1000,"Conjunto",996,1.49766075296582
1000,"Conjunto",997,1.54025605960671
1000,"Conjunto",998,1.42108790958177
1000,"Conjunto",999,1.44981658499889
1000,"Conjunto",1000,1.56070314721414
