0.124133419330146 0.618470063696072 0.463327812581177 0.598624943007627 0.324118468975257 0.112124441054377 0.183272325701954 0.370218925010854 0.0172383705682509 0.624513112649607 0.952003542203884 0.911935995197968 0.250987886356784 0.292031632175456 0.713045072295431 0.999622737315055 0.549749674194707 0.555906532834515 0.987996540815779 0.823225860858994
0.255065847024275 0.69677515987085 0.385815018626988 0.741226746478578 0.567450588874224 0.730466252540342 0.671893853789962 0.890303703975748 0.979456741199173 0.977799085380808 0.956560868702005 0.972529108016292 0.476864717423048 0.186912009389706 0.723967491560007 0.990243019318479 0.492397760534913 0.721701000398358 0.981163177861941 0.997367963401272
0.243534755429035 0.488627657567496 0.398502282213982 0.653038319757227 0.282168755842792 0.41831804975241 0.106895919828533 0.370130917758732 0.0959730504877873 0.0835148616398183 0.233083595954002 0.809747604116933 0.259280946214185 0.0748443467841881 0.525709055386059 0.77118625588972 0.325848146098373 0.365373953417521 0.00574127800305368 0.0318381107226901
0.271512736772622 0.630876891190698 0.608937861265792 0.643378735444423 0.922401459409366 0.435338000497062 0.1178829688799 0.955802504516341 0.383123112775833 0.591043800944512 0.232494971108472 0.909538752708451 0.170530064862118 0.121146859829646 0.915531895342589 0.99476538286933 0.516273673436975 0.789817621820491 0.00372738534709985 0.459945857851563
0.0879738397824928 0.430595302738512 0.263369866956003 0.696782349290504 0.0731157244897406 0.290751327792805 0.0411195319536983 0.0395263338325366 0.0430392161867392 0.056571217726829 0.0180116983285982 0.96255447953286 0.0341654289260641 0.0213796771575093 0.249920896416069 0.0210913277713274 0.280696128568436 0.263310639380889 0.0948766690705602 0.99910543975772
0.170870817584074 0.603075579560983 0.857074608704627 0.747677282800968 0.485768208854853 0.708567615209561 0.101572302747804 0.576807517431295 0.791762761786945 0.489784469044649 0.574095071977457 0.932327200322309 0.185927568164122 0.278899635151026 0.596710610300873 0.795597103653585 0.437735146579441 0.301386996065873 0.00732801486776251 0.94544623977235
0.17533593512012 0.533828937726402 0.599001064682459 0.388610355696691 0.383993524949781 0.535126329568627 0.234784334758931 0.417261477381033 0.316884698404771 0.386473804289045 0.0620267208277015 0.479632831475062 0.0581804291859199 0.111142482599321 0.716430691325433 0.620532052131058 0.873923182573004 0.500658021737742 0.0226914095711535 1.98594338789554e-06
0.0953535867820581 0.458031108168058 0.284929135615461 0.206470087219536 0.293267331103528 0.366897464173318 0.405661517847397 0.0340179113464602 0.110790128138704 0.0491270780657844 0.0235594959475467 0.200398954122412 0.178050127194606 0.0655251687960544 0.766430472595702 0.969649526665697 0.369185762754375 0.40309232477147 8.95292621549217e-06 0.00146100668816036
0.423051818721632 0.623263702453288 0.271495788184296 0.54713002030587 0.924772593914374 0.645935208999427 0.0585593749163615 0.83552770901784 0.595200548337438 0.913963219445295 0.917016020467328 0.99408290379644 0.180880198402016 0.265721540139926 0.778552621613102 0.811935839491143 0.482857644050464 0.345832962658264 0.849875359440079 0.994932340831729
0.258576833725446 0.557218095998234 0.617897454631915 0.714639745942435 0.379444221834727 0.444774292874169 0.453101859822945 0.906682829975065 0.116185865273213 0.457614231807931 0.95290013906913 0.886534058539365 0.367880401272742 0.114176347624915 0.614228700980443 0.997990899882384 0.315214206960246 0.517067122471535 0.211253756293122 0.00441102827976031
0.129898609545856 0.610604426116953 0.426358873630053 0.60364723296818 0.110926627612697 0.158098235786666 0.0583363767175977 0.0380290024914561 0.679130989452265 0.0620033686168459 0.0632112625149482 0.887050867325436 0.157405348414552 0.117910220722815 0.727861533216435 0.219545709006273 0.325431318004792 0.331835247567455 0.00762711779489034 0.00145800075093544
0.695792284624601 0.825590572193895 0.413040931758658 0.531844665275787 0.974982955955218 0.72136282850582 0.892314422153775 0.991522938052384 0.943318177945977 0.988664915259855 0.984715301095002 0.999626837544057 0.905248099670293 0.325078726244259 0.922568419688189 0.999667441922946 0.52710325696216 0.901877611399734 0.90304068003049 0.995272352030852
0.130336257562353 0.571891758848686 0.829185245409992 0.65590252309796 0.00774481593061665 0.598091789514717 0.0103541292824884 0.417036947811388 0.0271891703083498 0.0880912668242755 0.0805775173064143 0.906037067569271 0.0383733341611129 0.0746691724404497 0.514961433288025 0.937825757956447 0.335860187548737 0.642974725686145 3.33611617247667e-05 0.021449767364403
0.444174161346348 0.73395852514155 0.469161168514082 0.673381833106439 0.996070452357261 0.551013887037197 0.298587034315128 0.935077554439258 0.995606982720399 0.867965980445523 0.989059870099072 0.996627540219134 0.90200981245272 0.552651126031986 0.959416951467504 0.999982545275703 0.605597791395828 0.748360888005998 0.807558173606398 0.999999
0.0871863586957142 0.675049664071544 0.499052583315838 0.698510166502336 0.445482371013888 0.631223799351212 0.0462347913263135 0.0340994467512915 0.988581368698052 0.211357876472262 0.534842023119224 0.99394445417671 0.0728224459826642 0.0991910996698082 0.522049946083859 0.761530627812836 0.685145229074984 0.564263471991614 0.0489558034805663 0.715222991996936
0.0586721092313179 0.471003674882899 0.782856292854399 0.524370295316618 0.514342776051906 0.393096275202608 0.214927077540729 0.729178750058102 0.510717130482439 0.543877319866568 0.243750501927931 0.69035242316245 0.15665005333443 0.0995775156757101 0.722407482695859 0.968086292888309 0.75335806584463 0.434756796971676 0.832661336042226 0.981215842615249
0.161710282494902 0.51787487382894 0.0971721736282458 0.467716033746793 0.433815060192844 0.489815896317304 0.155088488497353 0.549752270291448 0.160410973739589 0.464859171256523 0.216083573614703 0.990834575862255 0.221851448518495 0.177269956934735 0.883070784886541 0.988139135966623 0.436656551927096 0.412213746181019 0.262803060106657 0.553185769144252
0.608124928818837 0.775006365673574 0.881580533688331 0.827815243238082 0.846586475717969 0.640180384331561 0.482534963635464 0.984155766400051 0.900442556620688 0.7904622962177 0.97064244757946 0.984719781112696 0.740179381447655 0.308781781751469 0.920689905518036 0.980536257301149 0.810793761157317 0.852255393531204 0.620954921306428 0.719611904905533
0.540863121496553 0.748981097766929 0.808529923339514 0.836592743697473 0.96442813146689 0.223623975996764 0.259255594957445 0.952090582562264 0.751398856368331 0.915667341832333 0.953722653299017 0.841166981031094 0.636231809528832 0.323238634620799 0.876578865232203 0.98203538201024 0.616976723765932 0.531703602428974 0.290859314398104 0.00025625939859612
0.0579901721308502 0.45607702482705 0.577140242056019 0.361103494290967 0.268823547635106 0.249421618223819 0.0402110487549222 0.183748740560236 0.000765386044332657 0.0485476111438565 0.0123333053035497 0.505560456886138 0.0833956488266924 0.0379854016548093 0.745942988501283 0.733013770622199 0.15861925112671 0.356195863949834 2.21228658127324e-06 0.706297071009084
0.477355472083272 0.643337409288849 0.592633289167289 0.834733163625473 0.91006696883563 0.275076448276723 0.16117386787144 0.381256667420929 0.995488408001451 0.89222980188811 0.974754849082129 0.974780245165183 0.656329009050933 0.532022093996499 0.994507883764829 0.982832244149203 0.440744861522055 0.479741214628996 0.980173063974186 0.999975101458972
0.11366428677501 0.633986778949839 0.2461841350908 0.271751602162499 0.763832107508864 0.847956855347467 0.153482487338673 0.326406441185428 0.926254665998078 0.102892893719351 0.471731176858999 0.921455897778033 0.0748819483348447 0.129478141727258 0.462833253526956 0.808018821245199 0.598245462284286 0.516109470327641 0.0127347527958171 0.0117866500167032
0.201416563574161 0.550490370415801 0.520586010685503 0.332322020679281 0.740729617956209 0.63749289482897 0.0902293618501868 0.465798730409136 0.701514128961551 0.147509310383205 0.297239514999135 0.954895235832339 0.0675072899567609 0.106915563675918 0.551521600696313 0.981979059891246 0.514783292946002 0.298291539165146 0.0715298423677375 0.0118387002918808
0.517212340751516 0.710335292443116 0.638338770605423 0.651801088616824 0.976332210106351 0.373151689191168 0.216739876343978 0.965929238428616 0.972288130076604 0.860323487650539 0.924329884412811 0.994949210815094 0.660862888334251 0.291564809950699 0.928818831360553 0.998665398471049 0.591115775107672 0.620697477050474 0.0445510262828312 0.0271887780903404
0.399240104943377 0.687251101433046 0.37134053191442 0.647104314990347 0.864638698506203 0.329503471011802 0.195291279060329 0.865265563637575 0.262289662802678 0.7944969000002 0.783788123169437 0.94256278246077 0.390557678927861 0.184568607155239 0.690759993892255 0.912592769937997 0.725810916781268 0.544777860693846 0.00416736880502691 0.966979628410191
0.508409250103464 0.583726625333276 0.92789331673717 0.652987012056331 0.859516980310715 0.772656188602419 0.0750784466466983 0.955277556914735 0.783755554526308 0.728721683831254 0.977291777202811 0.998421918070878 0.351074766077926 0.107648398223277 0.919128648396329 0.990214734063534 0.706029543318012 0.47902561280139 0.181186520875671 0.00945340470058916
0.223695730026049 0.531904400472084 0.958780538297225 0.691680813832381 0.674767282189807 0.437810425278671 0.122730578998341 0.862686145075452 0.140076966556759 0.491829791626296 0.115701387543078 0.995950745787117 0.187724570451439 0.0879955189229474 0.706120500793553 0.999509829620842 0.294028194196864 0.513685643164098 0.43847695337725 0.000156801235323263
0.190183006234489 0.818510615289971 0.757667535565334 0.646822941193882 0.711625584558881 0.827517518739982 0.237172108532942 0.590046055643215 0.866398418292769 0.85600986753757 0.284635832802247 0.954463291023481 0.513490974599494 0.149271359708382 0.877625952825568 0.987041929943214 0.614034180372207 0.836536458297919 0.00988962205733508 0.0130187690834137
0.0329046178521692 0.474904278007934 0.281084894238038 0.562784522070681 0.833983913386486 0.356556777928251 0.0208006078411855 0.212355576680624 0.125444717962188 0.0262894095145746 0.0871794094174586 0.0389571622361086 0.0408574052246421 0.0286624109296729 0.584860743673676 0.386293489325162 0.445422683181908 0.334250362642786 0.195982620699242 0.0186317218621736
0.614861753876026 0.750098161754464 0.83094641150043 0.772059191493116 0.978834623708749 0.362174361729544 0.84269255014044 0.974848529070968 0.96002893678263 0.985612532131049 0.979502795013614 0.999597372697265 0.735850620042187 0.602592631279585 0.970035482911319 0.999903570726793 0.579916950241552 0.807202893938103 0.0221521403165572 0.999999
0.312410176213893 0.690059503148924 0.715207887828421 0.526887755886611 0.299169757436429 0.165274136425106 0.353277445691154 0.502514403214942 0.914582880564941 0.304806260041652 0.206329129022798 0.86269548796328 0.385326595295241 0.367486453858214 0.444198281825947 0.995805042727305 0.559401795936508 0.582614197417108 0.900042834347045 0.00619648282452862
0.151772997396688 0.532721882054362 0.1758263061559 0.616459136830731 0.549520970956955 0.462451524423032 0.0389513938418137 0.0647404615440186 0.240642050628626 0.0397914354253488 0.236184554485348 0.989830389036887 0.0947242221800215 0.18206692681771 0.522548982982306 0.99725708844384 0.15949917407857 0.517928501205717 0.647952984830466 0.0937995887074754
0.337750089849248 0.65355040393894 0.786626138786699 0.509069370992127 0.992555324147638 0.49112344344782 0.69847495162075 0.379875751611111 0.306749003161203 0.789608874627489 0.80997971785087 0.768966441927618 0.384598172271105 0.243824221762577 0.778040389396831 0.999866247481578 0.880381201883215 0.676708650897165 0.879755080066772 0.999692465787965
0.253048161268678 0.726465130830463 0.83892102095012 0.781473355466799 0.962489665424831 0.242825312353533 0.300133836011921 0.928719757053867 0.852905924846983 0.870474757318013 0.910330343174312 0.998560224379462 0.498055874851026 0.290259768668985 0.609367184889867 0.96440107499703 0.793620288574716 0.638971867857784 0.991118833824561 9.19055083320659e-05
0.257804848934579 0.659789763715456 0.665096170813765 0.684872153408857 0.820857621118923 0.212892747262605 0.430417628206943 0.5100002494697 0.990198030203062 0.90610893134048 0.952805997708481 0.999213310877845 0.31765243404922 0.278981160259445 0.504682335524706 0.999260861250852 0.636735830413812 0.81145846422853 0.95462401059416 0.999729363275469
0.598049618174363 0.680304974598203 0.150051621010311 0.583409430374216 0.421644398096376 0.299759124140231 0.349152868000552 0.801999463164436 0.940335072684838 0.663559855806066 0.558271311341148 0.864051155640561 0.35491946905508 0.302826363664826 0.736609292090288 0.985984964478736 0.464329980129708 0.45646844331247 0.228621490467559 0.0283196037904002
0.159615909426022 0.570179553601671 0.620675080912904 0.776612608231683 0.716620503168851 0.763134399265467 0.0653703607961766 0.0788726342213507 0.110994347707295 0.0856708070992389 0.654005978107794 0.944676741163283 0.158171877768457 0.0869439156273016 0.552485899591394 0.761388260595878 0.169201026244568 0.486810459383773 0.98360573124703 1e-06
0.0613495199360352 0.345292516004837 0.41245913392516 0.568459694221428 0.0981656572169437 0.298346985217649 0.0195629040141055 0.00687201646910425 0.261682254215042 0.0464363400795738 0.0139032436780174 0.094614319326851 0.0421328991982594 0.0424646761202482 0.141643830725685 0.529988208567146 0.446688927033578 0.160109971045004 0.0148934835704741 0.265857026811572
0.470600563853537 0.674972909413651 0.635898451640386 0.850649888832312 0.997560098367414 0.24188494209054 0.10318743976813 0.92796225527437 0.977027660597006 0.751393838132923 0.984723502059767 0.996409132551352 0.531181348936143 0.303621401854943 0.891008991357542 0.997793658666389 0.490163503367528 0.575878092586872 0.290487468183219 0.999996253489274
0.286845937975838 0.67044815170727 0.480365478065542 0.694172541827055 0.923989181951379 0.506416242013598 0.247731084032331 0.174094030983269 0.402501639523323 0.776992967684251 0.828594638149321 0.990413642909991 0.340594342887125 0.216622777719926 0.546591469314797 0.997110291392634 0.386404323794741 0.630208104862451 0.0248980086203568 0.999965244138093
0.72302097113491 0.785060345424008 0.953175567885837 0.552377566663852 0.987360471987281 0.197983471213725 0.759080406223985 0.872933706490393 0.996046827747899 0.949659050774202 0.950191817138897 0.996956820287487 0.845091947230974 0.48614417289112 0.979170491652536 0.963113282291791 0.785935745207577 0.81667669059798 0.305656876310163 0.412485148770826
0.0554528083667748 0.571363912194592 0.628924043134867 0.333112821379718 0.201849118912607 0.241614447169498 0.0214839044935383 0.052096633965794 0.248009379253629 0.131364444820165 0.0098185315335876 0.992629313888268 0.127261196617567 0.0287456525573393 0.696682219777983 0.742009855663402 0.432213120212492 0.302321019633864 0.023814526816426 0.000234107909489719
0.329849312673077 0.695549472251942 0.347015364729216 0.678780236735146 0.94772278024156 0.611823579288706 0.471745214828865 0.782073424604212 0.204014484072161 0.440011404938817 0.667464767729535 0.999729668532348 0.425914239626432 0.185178493654883 0.950976717714922 0.989657841150128 0.582741423249927 0.785743982132316 0.131650891031073 0.422094723580619
0.083277969860557 0.532522580684849 0.259369471150797 0.863941860189026 0.496171903949923 0.397123961924726 0.0836964568138777 0.240091604487201 0.13303137842716 0.248722193572346 0.0353729548905461 0.998763396190829 0.0455417744663835 0.1302361185012 0.489762543819071 0.844747093832681 0.451797187593406 0.452190111591467 0.0114755108673911 0.73399971457655
0.0441877836044997 0.388001260186901 0.142438745212064 0.270625445987071 0.0718990282704645 0.548560151923107 0.0496575998353489 0.0201894078597427 0.279316171426834 0.0067909823045775 0.00221579860499245 0.980681123929742 0.0405332118811591 0.0183689183364361 0.646034919045281 0.963094419698741 0.242986065653041 0.419460844846477 0.0234693728718984 6.11248182031418e-05
0.652681539370819 0.766262137579462 0.971808721679415 0.848637265175094 0.982488784354251 0.795754905909764 0.33726657206987 0.45704908263721 0.998026494304152 0.657545250181282 0.89512498258727 0.981325053507259 0.629424782504662 0.275597364629751 0.804448549951487 0.791773620468779 0.792983614063547 0.808641225942139 0.263395256288991 0.740411946312176
0.277482065756087 0.609859599846565 0.853465941405738 0.642538401367257 0.687148269532695 0.301515472434617 0.570669625955812 0.794434238626687 0.440612753749666 0.49830499560571 0.609175297588992 0.551450636002097 0.251329671727016 0.197891580436511 0.770993111928772 0.997875612214634 0.625139364784132 0.775038905779911 0.882236692257628 0.99931201202678
0.320054867653209 0.583436563105761 0.638864753301557 0.731919091219889 0.185467243302448 0.751229190013638 0.164106004411104 0.214043041621803 0.766615700015094 0.509953309458387 0.253690617091906 0.981345506460955 0.123677343753239 0.124383931881486 0.549055177947569 0.988468230629441 0.33940598370039 0.393553850008598 0.00846535097618954 0.135367341312326
0.0681872576590597 0.52565287035585 0.242794423370971 0.797535681821226 0.26221133342764 0.0974535686731843 0.0426690842171173 0.372034557108502 0.0492572567460251 0.0754683411001385 0.225554370282119 0.170752779505206 0.0481725093547221 0.0810998610139315 0.444978664290912 0.116979731694742 0.366543151566501 0.498794581698896 0.0127727823324756 0.00600709728029752
0.20384741890913 0.649768175784594 0.734102481683517 0.56847778935876 0.819124847219069 0.0856486877587988 0.0378089673985526 0.960976194637074 0.652672173511755 0.610477932486295 0.498691757518132 0.790370978511651 0.272140048389658 0.171901545938111 0.467861343169844 0.942465036015073 0.749097161941604 0.507588788245877 0.811305193478104 0.999984688214292
0.111366394350581 0.649989986866228 0.747143300341046 0.476529408437762 0.614658674915958 0.248011547349774 0.142278463292804 0.728910599288792 0.178655127686324 0.225881043544404 0.186009368496341 0.285475804307417 0.234571555408673 0.144195835808206 0.886241700782956 0.643389256721593 0.401792811736767 0.517965168275253 0.435057195107504 0.000476450963139991
0.281274138036249 0.774086887770969 0.526223297531679 0.815049124976139 0.836068882644255 0.640872714173687 0.337435455764132 0.348436288584322 0.958027377955796 0.845311166639381 0.935995990929089 0.997282875307234 0.334448919747792 0.204863595841875 0.717172087547681 0.977812483510302 0.355838731678086 0.567976819456976 0.000162614476798387 7.85299498986332e-05
0.440626159589533 0.724681668049917 0.333498926452677 0.646895162325454 0.879864996510392 0.583390217949452 0.302608217076592 0.936955783676259 0.523359031902321 0.667144595900942 0.971018254816182 0.997683625062567 0.506055272137662 0.205938848937291 0.929132658080881 0.99904319896603 0.557527315831235 0.499901541819581 0.668168878032413 0.569392664175938
0.23185698411129 0.619157865955513 0.445162174201985 0.589757335804255 0.701778481253052 0.549072283504369 0.0317800846782481 0.932387755350793 0.767726467018398 0.197434791117723 0.342259669594097 0.998833059431176 0.452921877132752 0.191619505269647 0.727987665260452 0.999149815680626 0.215353189172567 0.675964995734021 0.00233664967117124 0.999855980921515
0.303699667311439 0.66402114205579 0.877503158919474 0.786310868981907 0.89656174729833 0.348301017192217 0.842472326356129 0.957177195511056 0.930815212954093 0.863567766874208 0.933508411964718 0.998343311267325 0.733086755959843 0.162029017854111 0.950599266162026 0.998612429443875 0.467128232967825 0.824595607336579 0.321109163371434 0.0180448098577506
0.579884434730092 0.768096641603542 0.901576970418509 0.639950838274378 0.992898695166997 0.389027615291104 0.503600749848586 0.987991367343084 0.736192535474299 0.573794427354143 0.921016204882866 0.978285930685316 0.7558882578264 0.346780810663493 0.952599100632238 0.0867197723028812 0.626365149455006 0.87771442866121 0.683689911511337 0.0025074123112464
0.394126132204337 0.693336005604088 0.59951271773815 0.737735869390196 0.751443447370277 0.72031607271113 0.263531375196776 0.979080450510659 0.893918907587117 0.915319616238795 0.940630672096859 0.787073959702481 0.547484464530856 0.391903207548707 0.625199913603409 0.994151279633147 0.492847877348008 0.639256055913343 0.247393439499073 0.926199200093283
0.305111914735378 0.735596264907713 0.804656752181992 0.436371684247025 0.596853398692511 0.238602230084518 0.179569458850585 0.811767632934211 0.9927489593198 0.859078615637458 0.963551667526353 0.701523055401355 0.244888665182731 0.334612213567367 0.737596567973845 0.99982712614677 0.837094930355656 0.813554982022779 0.590996604124045 0.961048089566171
0.294429896876257 0.768689008233135 0.513415127480757 0.790111479759922 0.905948695487023 0.356050237496407 0.34778695338895 0.930651517201008 0.0912274692047095 0.731994589389652 0.939178907758596 0.99897500505581 0.448395768792054 0.395527638714082 0.787460105614266 0.999743154914629 0.322493745822014 0.539472717207884 0.0206494001124876 0.0235001060420517
0.0619259662056622 0.504128215030234 0.137104074116425 0.539190282826384 0.197911246364255 0.286435929002866 0.102232365586245 0.0433542157128552 0.151787999959726 0.220496688931653 0.257361797238241 0.562688273319215 0.129220708204045 0.063342047549945 0.771810939880324 0.985492216194471 0.410075121980225 0.466819414263157 0.000860041524012195 0.0532386749832497
0.041022885144038 0.383779855674727 0.34582513025325 0.573081481416678 0.0810208732852814 0.63664388250178 0.017503380909935 0.0535937274697788 0.0813141028820756 0.00767026748392368 0.00925650904748175 0.192441682197991 0.0462655670466765 0.0287968999070166 0.182911826665022 0.181178972220031 0.3669890544734 0.551983895062811 0.312117588810025 0.923611144151463
0.207210804647195 0.602966498002309 0.577255227566906 0.636448777382868 0.426823729740949 0.322965437050205 0.054079667100424 0.403182087460153 0.0245373934422218 0.109941457029435 0.0525419200475339 0.9449180114514 0.259321587600031 0.1177006309573 0.351926554204294 0.979422803140684 0.492660435444464 0.506033284220853 0.0287088009060197 0.371510147589414
0.163858757586646 0.63806033639685 0.563797975318227 0.726833608996589 0.469011062074628 0.167222367356905 0.485101411839901 0.153398396370554 0.715412912988195 0.461641826372626 0.810584431491469 0.928379428424823 0.281088444355686 0.171875832778342 0.862606098050089 0.983765846427028 0.602705369448532 0.542773888272077 0.0010739623315895 0.000152873291190431
0.0116678916139971 0.277550857496344 0.0914736981773433 0.351264413387353 0.133605869866565 0.556017373809648 0.0147320913378545 0.0223487681537956 0.13506705596424 0.0295957169170788 0.00180578143416505 0.927340111415711 0.0137750584761023 0.018476735842104 0.0152735180384179 0.0751846903003885 0.145185216823559 0.354719033276997 0.370016121721994 0.12990515041245
0.381239761340269 0.749368410140775 0.501268711007745 0.668788015253123 0.68038550415576 0.282989173727729 0.388608109730695 0.923152360090342 0.923206286806103 0.927347537320425 0.94371220301846 0.923702016990326 0.570562263625631 0.179461923713242 0.938064615230237 0.999519273469062 0.427390529626348 0.76978386158028 0.840782254618455 0.999997569094246
0.406377709274319 0.63080699672919 0.482923155763825 0.809939798448786 0.519606809782308 0.446626310185361 0.0987097538775954 0.860738340369711 0.713899056710907 0.759867524038153 0.787769524070988 0.979459115644572 0.231953900350539 0.394193975630768 0.839482251510273 0.999359838545995 0.487982581345197 0.640953203867622 0.104792244822357 0.573660606924386
0.0317415174714226 0.398375457993521 0.0537387765695408 0.566014914615154 0.00916367396632552 0.56231556958676 0.0100690290850292 0.206019967386309 0.0272961790838447 0.0104311016917734 0.00386359684760023 0.693083577858572 0.015268592062943 0.0225497325561957 0.208439813571184 0.503098300375941 0.244831075502439 0.0688935536149941 0.0364478073774625 0.809352574731186
0.130249991252355 0.522386047642809 0.640769149410343 0.906854651653194 0.558585647394606 0.330969200075735 0.0178736763185336 0.270494058639016 0.838589743798979 0.204535572575603 0.0948808445434485 0.426871016024761 0.0827046279441286 0.0694951865221477 0.17109074675567 0.970926820065991 0.367186758960271 0.389192197170072 0.0035195664641048 0.999747155104677
0.214247816099678 0.575118846970336 0.709816337456976 0.556847210481646 0.89463913532825 0.59634152892047 0.0272168597441084 0.429255460463239 0.806104857595792 0.382965057630745 0.818485203657069 0.888797944457128 0.623238820754246 0.0759759877718169 0.635631434102241 0.987731935280957 0.301395417373103 0.557350630961402 0.5817276097431 0.933768379985988
0.439425600513684 0.584703211160143 0.781357595604121 0.423196399175026 0.782786954036365 0.335759550901705 0.183493683696505 0.363501283917273 0.72673243645453 0.76697472437481 0.845894539498866 0.987223293040565 0.314579837618913 0.0987884318720293 0.58176431765089 0.971673702288116 0.228782316151182 0.654811775607907 0.653438183063025 0.0230349223271543
0.0362308597605492 0.513709646971893 0.120077216469928 0.672523540131386 0.0462661297385414 0.467385540400168 0.0162430519290949 0.0254411238925356 0.125857166185028 0.0462840200132061 0.00429574891543193 0.832606345798619 0.0609202423083268 0.0510628368711395 0.140922549249736 0.240756405424616 0.542419013624296 0.304397764844645 0.00561014869301964 0.00197482512286909
0.0584297053918685 0.614351604457979 0.276931300776259 0.747179029527447 0.100091671167075 0.365321174018764 0.162455656760603 0.0363690711195811 0.873524240727562 0.0763009910026645 0.0693848983965648 0.987160540531904 0.073166663951663 0.042818142028004 0.380025621063984 0.797976637505115 0.401973548364663 0.402210799939324 0.235374140114442 0.95789726266549
0.33485884324318 0.649975153749292 0.431744542003271 0.512722806693083 0.948846570981036 0.582301931032779 0.109171831452453 0.166661615772156 0.335448561965069 0.490999085829452 0.578379464338333 0.965344418306772 0.358556322683819 0.142948496244273 0.842182412405943 0.994497451135917 0.763928009476303 0.72483895947276 0.0042150934029086 0.000115883634138117
0.0635792688289441 0.545088867825667 0.266461379920763 0.357801138008592 0.304459345591821 0.202355392887872 0.0108920236594324 0.00481567344983431 0.0336215369997279 0.0647238722763951 0.0858839631570694 0.0271894904169176 0.0232611736287027 0.0298788063466628 0.52385085229708 0.119425293441284 0.199076093624976 0.438969641305531 0.856974080688677 0.116946413651991
0.145391375769464 0.568428472143797 0.924419285814574 0.750721609256701 0.744781300805054 0.597400105254362 0.79260070929146 0.739636897909359 0.957117695739008 0.649606801677184 0.319285014279058 0.995912872491326 0.567490950625914 0.239620620504507 0.766133076592698 0.997123326862212 0.655978888709543 0.577514681921836 0.277803323777167 0.383146140013661
0.529193090679393 0.710993408767892 0.87501681412196 0.911838780854592 0.688211669375831 0.170546149503381 0.460055546537404 0.995084163642785 0.982210355501098 0.859992739103791 0.914485640580139 0.999283708313544 0.632480368420801 0.430965270287021 0.687093282294058 0.986331734646979 0.47805491447118 0.700419435621937 0.913934122905999 0.89874864511487
0.461391285719556 0.671745537134013 0.699147964725713 0.636686886721631 0.793956622613465 0.893936517198848 0.131700916696847 0.962162111954445 0.951166798233218 0.826821671430911 0.787330740369479 0.99578645464603 0.178488137621172 0.187619696440414 0.663810546165121 0.646377323815334 0.432922777503038 0.624118436771973 0.0595753598695252 0.00756583674874639
0.686946524883102 0.738524327825009 0.239766012238768 0.724590256817845 0.776317945830989 0.365181441876398 0.339572787619278 0.863064079668948 0.982649740832183 0.718730738925365 0.631340950450643 0.985019821537709 0.460944368208865 0.336398280352091 0.886826002410106 0.998455846093499 0.482125639081745 0.693179866721473 0.662550738297376 0.997656703701676
0.0396572971070264 0.7098826979238 0.526152963244793 0.664593862935427 0.0622475974996827 0.2892887785287 0.0396332118043624 0.411419968173986 0.745152701692407 0.135182563132859 0.541193557384699 0.99029254069455 0.193397014664994 0.0411332951721042 0.170321256908323 0.75121948154297 0.662423529731908 0.417380172198391 0.411006310930683 0.318005383338319
0.331586099316135 0.56910539527323 0.904517007196923 0.619629783492326 0.262898291393152 0.113126900606359 0.126490964865723 0.699318583556893 0.635554611080005 0.343580665211903 0.620571218296546 0.984921369220961 0.175009032685179 0.16177267119944 0.756691377464806 0.565443585395765 0.525261599337066 0.409821033158086 0.103270391777335 3.5779116151835e-05
0.250134774480059 0.639642544327569 0.265312761917391 0.731851144050995 0.511618137684365 0.643338436193966 0.46069617287476 0.0922387988139167 0.982611771831758 0.0856753249914279 0.0580527380135378 0.994444186479617 0.0825770913455359 0.101465042651999 0.392709018997423 0.985307628037205 0.505394216706139 0.320026660244267 0.00247216017551477 0.868330997901161
0.0529059530832788 0.561535885343766 0.185128662587892 0.528437972035638 0.109570840513551 0.185960599774775 0.043732463043356 0.0116594158714889 0.215562446238666 0.116032611739695 0.00343786213266283 0.452339192614423 0.0600651818448658 0.0468872546209921 0.6382029655555 0.786334577050039 0.259025490973303 0.272660654777137 0.000706812539412114 0.985902514735404
0.47270203253689 0.782816324466178 0.553557558789311 0.73844390858717 0.991593491995291 0.731812589126133 0.375514093429012 0.923690015116232 0.993991155025611 0.914594805162054 0.980362620695425 0.905438646427639 0.665884156128278 0.359908661954461 0.924284868151685 0.994166067321467 0.760589173270881 0.791090258660944 0.223812131413151 0.0045981851837965
0.44074046458213 0.782244915800437 0.849035074999664 0.609339471188463 0.985715284642164 0.495073762909023 0.790975206462228 0.904736866280616 0.953463963520057 0.960644205181885 0.984410576391168 0.996483167646103 0.782092189057905 0.564162526846296 0.947049836644782 0.984002408882817 0.82135840004185 0.742196126740119 0.96139519844886 0.99991988544638
0.297444832839156 0.769144987821994 0.507132008607122 0.873761505149349 0.916909346977709 0.541192746915435 0.681080971608039 0.655822924243178 0.28978711812997 0.905046936552487 0.685385189981983 0.996965637736663 0.492436092852011 0.410023402072509 0.903230891265978 0.997928276073586 0.42452436755959 0.572783451474399 0.886797163121737 0.999438813018015
0.0447491823268808 0.487133944982056 0.0647264495168935 0.717046809042811 0.123010350257871 0.148870714324166 0.287724375912305 0.225953734921863 0.385812592685603 0.0893048804628383 0.274592495953487 0.895538770845951 0.126490369637456 0.0386119998799218 0.775675481807679 0.621095333070762 0.209364146028935 0.578967136846618 0.00923254401604914 0.0975420490529196
0.573645969283151 0.776887958112241 0.737470793636549 0.546521127518214 0.307156354445646 0.384489446826591 0.133862691834344 0.782623776296308 0.196430493361743 0.849773781412458 0.951021553412979 0.976499099066445 0.604530159732223 0.204957835248845 0.946644132503967 0.989891854609886 0.780495276067044 0.565855778755601 0.296910155884295 0.00233782489410222
0.283548023522615 0.602581176748973 0.473740019731984 0.613862532929456 0.476766286711904 0.688839154725256 0.1335625689035 0.981755830905115 0.384433687136602 0.628993983268864 0.878661162034448 0.913678950533404 0.297094551017502 0.207553320445531 0.722908307961462 0.987101193990389 0.485372832610993 0.706390010192921 0.00584421163999087 0.157145183329994
0.163803878556526 0.669499849174011 0.414294873270792 0.534597919104989 0.839427801958427 0.513581742134468 0.11435440778076 0.503434802018237 0.402570583591906 0.578593545992608 0.815428587381031 0.835906592842261 0.20270084321934 0.0805615095413664 0.870138188852546 0.582088522161118 0.608148585007774 0.701850580748903 0.0497610833622098 0.97778927877438
0.134653354733365 0.59842016433195 0.713569422372229 0.795128485794495 0.898727833124508 0.54741496055848 0.336439744975313 0.426830643150988 0.870828519129215 0.311419197230442 0.343069469215371 0.95868254189607 0.192965376395747 0.235057179814318 0.683137819680408 0.991634169498098 0.586106217790548 0.412994507168504 0.000625784668087305 0.243332068079764
0.42648005761816 0.702126677890619 0.744299982902276 0.665651026933922 0.970954674205122 0.36384883359626 0.113249899343413 0.785993993408956 0.885710036869855 0.203726094981189 0.235694888483355 0.982282513475127 0.326065912069393 0.0999773832430143 0.794987443430873 0.912026881697462 0.324281164900609 0.503996641208081 0.406009967391861 1e-06
0.0449639221011993 0.497023850447293 0.221266485909372 0.860665935031555 0.0115082432507007 0.334845248626736 0.0105671767813321 0.119662617957733 0.0999214325936835 0.0432878071222111 0.0336152237260611 0.267228457642582 0.178606507188349 0.0581415386175262 0.206540787590219 0.905196077103765 0.220717634209476 0.253935041933561 0.00511904699575815 1e-06
0.0849813431304352 0.528003960605001 0.535775184425384 0.510512944703349 0.414026107822001 0.0585184432067226 0.0152442620129989 0.438153385839154 0.206997701724454 0.153229136308091 0.103832665885435 0.554327194466845 0.0530746643338013 0.118771418592466 0.68905810943227 0.216782257419795 0.484343879326686 0.229613915522981 0.0533397471144026 0.999930031712174
0.0266568838693163 0.452893747701587 0.0713973078904113 0.599083881765477 0.088316173746125 0.155358975537687 0.0250211165379767 0.0180127146285672 0.185645265798537 0.0190363334937883 0.00943298465137714 0.111072343216569 0.0275830002519298 0.0200118219320524 0.0445483649410584 0.318812353604687 0.429485183472559 0.564148462762126 0.000129539659912791 2.49340802209801e-05
0.373687273230112 0.739792533890661 0.593581220642069 0.73640247294556 0.928999837061729 0.509981046212196 0.216085316087936 0.93365862848154 0.99220790155455 0.592527486602754 0.95026041236658 0.987906365865214 0.64722149463478 0.370628884870035 0.799123255663583 0.999810581300348 0.810413530868482 0.857018364562313 0.225956437786679 0.999999
0.182408626157837 0.632414875652841 0.751365141459098 0.461331727343384 0.903307425651522 0.237733590807897 0.297377608840181 0.441602539889068 0.565242119976993 0.62816000368637 0.28597226476581 0.999374085884838 0.317091057933724 0.0806625431309717 0.720888891206465 0.888511477971778 0.269281768677637 0.706746967290261 0.488993883242807 0.882813105072059
0.0252140387756566 0.484692310665934 0.0854349977701934 0.132117541646744 0.0132472723494254 0.210002594895477 0.00478688419604173 0.00329196201592097 0.0157422301368371 0.00286573248122625 0.000507507148035743 0.812895772785448 0.0136929081136631 0.0154445261620248 0.243960918702912 0.00513549605799682 0.291397209817881 0.373839918683654 0.00408279459061938 1.5244695067496e-05
0.0374148900706065 0.524159874034982 0.268013956626684 0.484606424794007 0.0254914837138215 0.18155389383867 0.00359032345464334 0.0266126860769312 0.0434378990314093 0.0526526586490813 0.00169454067914041 0.0593912982398042 0.0185234697755273 0.0325366419508629 0.0734071166424451 0.00207507943567221 0.725115994640741 0.244958256315619 2.67264702315551e-06 0.998620836282066
0.141567612742991 0.538469202533999 0.148587640735854 0.660300877494984 0.262347663995446 0.218772618046778 0.2492066497834 0.164525268629245 0.682502737242501 0.175218051154082 0.163306967435147 0.269694170047046 0.252215260863165 0.0723566112115249 0.547375110900156 0.998369262307341 0.40929638843994 0.386548004700864 0.0912449408645938 0.00151824263649586
0.032833892929929 0.587269104065773 0.520109787788047 0.660680122085972 0.0924015089601063 0.249647422324767 0.00562857802705961 0.0121769751017443 0.053579580057047 0.040360720142054 0.0633124980170519 0.780451420671325 0.0334235792054971 0.0314083806543455 0.60724683781888 0.659558162306789 0.428160196065047 0.458799091460949 0.00503531631675371 0.86506712268112
0.0557667669435404 0.546273830309913 0.058176108144541 0.534292012487284 0.0849254662888092 0.0620194476761695 0.0456120095259779 0.300079639054089 0.0923918532863244 0.338836217514274 0.00888536772159884 0.829329390035653 0.192614738609783 0.0590450080705298 0.318096441806171 0.983667625308256 0.237516461885557 0.505574405537292 0.782464209695261 0.996754451157213
0.235723665616779 0.64014727358275 0.914598141435147 0.715341834449526 0.760736287231175 0.439719840510399 0.060855649200008 0.765664746128208 0.350463001448988 0.81231213522674 0.841233370489476 0.886609188469219 0.385004843875264 0.310905148172174 0.975394470376822 0.998709919867789 0.478145595993354 0.578524124481105 0.962043172604432 0.981503261889589
0.567275486451684 0.706487306208013 0.693085167615896 0.851573297034968 0.425931788877104 0.343475582237909 0.946675925779513 0.732449613366384 0.415351453935715 0.593716006392365 0.504015078715387 0.93801179687648 0.296077350762821 0.190290893656721 0.74849807821168 0.999960748085956 0.680099143484902 0.74977300404474 0.00231640051935704 6.41543581323548e-05
0.461174797141457 0.691231713732467 0.719616105153343 0.647594513250065 0.731119035957081 0.772231835998287 0.561282301795051 0.865187703796224 0.774093157545506 0.534818522486148 0.839934422301598 0.993558705298895 0.392495570861036 0.289249570915269 0.528361910863918 0.998884402004002 0.447025785145722 0.474937158422928 0.0106495673586304 0.233079961191095
0.099385612615789 0.577377557474492 0.677727296452306 0.521808656815594 0.789713399467586 0.585883292748181 0.051578475344183 0.222899952919659 0.834063796070788 0.149357700513896 0.0858692056391957 0.913872701676099 0.160186829269425 0.105229149201753 0.875858653468245 0.0604078433545194 0.388181187803694 0.460501734172888 0.0140800181464986 0.998952143132306
0.482368798617589 0.619580674986391 0.827966787081046 0.585180941177614 0.529793301666922 0.077115658944643 0.497176151414792 0.721777225295865 0.632391487595823 0.559043109090747 0.907066145197816 0.954852054907485 0.414882540713892 0.211200162203269 0.969801169731013 0.942420526994669 0.525969773721561 0.642386347140089 0.981324857945165 0.999966806999634
0.0392234377699907 0.370105435152714 0.127982705908299 0.716984935892402 0.0481955081576019 0.103019336271977 0.0354250124795576 0.117659537312619 0.0318982525249382 0.0141922756954489 0.172728118798135 0.917544111600408 0.0423493881741134 0.0921237052488701 0.220242036026223 0.331328429973606 0.229328115245823 0.303180947552332 0.00024294935695006 0.275783604686925
0.205980905455491 0.628068351462826 0.3217590904031 0.709946268442103 0.52267043319179 0.44299318707313 0.208045016701647 0.281119319453983 0.773200202025856 0.258029160030834 0.726152709415763 0.262467494458248 0.060313883940182 0.185214797683023 0.724710385263574 0.832536247606709 0.282186228432107 0.364607889848933 0.653155619072895 0.999999
0.396987248479658 0.729280695332397 0.333556919769893 0.776082091559371 0.106959786922594 0.444515384242285 0.0690241969141778 0.790672836774874 0.360839127034943 0.401445493717764 0.881798212870475 0.979288670164752 0.471762428184962 0.286294796161902 0.664713929256666 0.995259432369426 0.452260279249611 0.772456325439145 0.627588565669248 0.999992304807169
0.175274899535886 0.609631488758371 0.843915942694979 0.647328054595697 0.779506658999664 0.72254374624448 0.0689377988149414 0.35655589849806 0.687005931389291 0.186517677832085 0.0907230999322527 0.152695175123062 0.200689491840367 0.0835872192010719 0.776347184419475 0.949415643163932 0.261052952993082 0.272787272819863 0.000229622005828914 0.389103595902424
0.0543408553690851 0.429366257042646 0.13310402764537 0.675295370398003 0.0752848084386271 0.87458275154289 0.0352969414104852 0.0288738491385673 0.0517798054347894 0.00922765858712024 0.0293713367327221 0.0873331010248303 0.0281038901297186 0.0312826337324706 0.307155311843071 0.0222578225654008 0.395656532173646 0.691481866389874 0.00522295529089864 0.00787023537980216
0.234897733459347 0.534486309405697 0.321699696218575 0.420151658485444 0.308333293735981 0.621239663518157 0.0491969736681579 0.485652321224441 0.346784823449423 0.303330996490387 0.467661172127558 0.990034267353328 0.0935891806311209 0.157821915953316 0.566231817366128 0.998897791738596 0.23673856051017 0.665346416305441 0.868950751719713 0.00108569804649694
0.116535652467693 0.603110181090613 0.335282650269726 0.492428983620443 0.607345568266067 0.752623956351522 0.0596379978157087 0.752568089331396 0.824814046468638 0.345198414328548 0.314310737433806 0.984459047791956 0.151974148298371 0.166886231416042 0.580129617606188 0.996367944655219 0.410210629571564 0.64486647198065 1.29894392106844e-05 0.176149866532929
0.309105439308449 0.775158061109879 0.46582514404573 0.753816885692035 0.974284145407683 0.339559175736303 0.20225344527016 0.706614808697979 0.974867236840782 0.897261808809214 0.766606979533304 0.997821322112552 0.671689219837941 0.331593994587237 0.935734523222998 0.989922319310556 0.415528457603054 0.892890950727715 0.136423049702933 0.0468722400673501
0.260833422866022 0.633418196306149 0.154987698492813 0.409981379781821 0.461138919914009 0.268175875912406 0.045700731063123 0.33852518884434 0.690393811010855 0.463991540494158 0.867595357456797 0.859170369401706 0.198032296122148 0.123072321824009 0.624813747844391 0.774784270121379 0.148050477762412 0.554834696478834 0.528099828681625 0.815190982962807
0.271503646737877 0.560718387525298 0.246002582060705 0.617932964022147 0.202348143279655 0.0513841569609552 0.298577082393427 0.632946370797135 0.802005704142416 0.234703145507858 0.805400685537119 0.97515685315382 0.460146763718694 0.287468864522684 0.556357880501814 0.875971307356638 0.67174480599437 0.614720906141923 0.727925986605694 0.709712541028102
0.552400253557433 0.782690214143017 0.527899214798118 0.566695219947633 0.780535012430101 0.376010386992819 0.0332193174134017 0.724471869064051 0.879362751893522 0.705910063800541 0.951284044496764 0.954651110127639 0.312707778013371 0.180355698928754 0.776071267233139 0.999281665495089 0.842723872080492 0.510593129695813 0.987730032640802 0.0055709920236432
0.308510142640563 0.672307288245307 0.841409989387889 0.771310038694896 0.417542462843817 0.394543958238118 0.28375057993886 0.720946325929385 0.882693426343124 0.481323501520111 0.468558857086917 0.825832278064474 0.22780294856892 0.0960633586936626 0.889817737111061 0.995341878703675 0.719529850664147 0.917089922711856 0.256088105769439 0.0323043495586133
0.184175900351284 0.486336548911681 0.866048843041199 0.626504188305501 0.725989359778466 0.312678241264121 0.145230191178826 0.88108084596309 0.891590916229171 0.295609224986979 0.430702989517124 0.679946727841683 0.0646373803216071 0.138558177788552 0.504291493357349 0.993158167332669 0.434865492797859 0.419728282845125 0.992043181252186 0.981323485453829
0.173371911230181 0.542960339102484 0.451597389466887 0.54981147903023 0.976191420709277 0.121266350763296 0.105244901763296 0.05882604032459 0.195094299168557 0.16410534818138 0.359308743244817 0.997268927676135 0.150328405151204 0.0921495483358169 0.627507329017189 0.983671009008645 0.376705786517689 0.319572662077796 0.344272755954913 1e-06
0.0354972058604641 0.622892675390289 0.217634763249457 0.715623954288944 0.135163777311809 0.103325120042468 0.0455488862836032 0.0359708116968612 0.322006219809704 0.107669338086078 0.0217913507599264 0.681032323720036 0.182938039008575 0.107194712857083 0.371936114531489 0.950187739823106 0.455859302319121 0.201701241014664 0.295302688527787 0.992602482758356
0.0659202608703156 0.59055775137401 0.163072473681752 0.499183501359316 0.268049876915907 0.354101087408359 0.044753307630249 0.0321355789725732 0.000638244549033198 0.344152079812182 0.0532998071936541 0.668552016889628 0.0675055976926969 0.0788409216635192 0.182943924058845 0.983006990764559 0.35955301617652 0.457430241865569 0.960307963114427 0.000449653257025209
0.0388428509797914 0.488559782007097 0.105530577414358 0.702851083753984 0.306841245318739 0.841120235246315 0.0181609623835992 0.0654695886576315 0.130321765873851 0.14483156243398 0.01270845592041 0.2263947280055 0.119599206263723 0.0319327387467955 0.267807636073267 0.964904575198201 0.273340056126876 0.296180100761267 0.0292164965354296 0.0373327287414064
0.598687188530835 0.632994918792976 0.891894547527272 0.769563671487434 0.730481193515103 0.292802308135516 0.397753299807445 0.964961752770805 0.979754441873359 0.65299403989887 0.955272263547795 0.992167135409354 0.442446754088272 0.305323537922433 0.947001047200905 0.948465101663105 0.796690333522097 0.731374193513231 0.993192290129897 0.844292288768406
0.0774949707736189 0.505839500469925 0.0444813406784806 0.589479045717338 0.0324924226597474 0.170351480231684 0.125743099671805 0.108132142578643 0.000781798262592265 0.0782638414841214 0.0051994971496463 0.295089283882988 0.0850245246988963 0.0355610070676268 0.151232185046681 0.670762123502533 0.588777104023771 0.222414161361518 0.00358854300864449 0.977832477106746
0.0533350759077651 0.539850834110014 0.40174075857734 0.45961841081918 0.636649012254076 0.72823639496773 0.138282414620295 0.515037919847964 0.887424356361655 0.0974775757396656 0.11658078051361 0.975479267648261 0.336173211107539 0.0476048450153688 0.510671839043764 0.123514732665253 0.19121414544142 0.319425815936429 0.0120441782746132 0.0170628067346036
0.118553293888535 0.478074411020524 0.196282816639141 0.535820297533148 0.838420501954281 0.498212094530989 0.0638935257546599 0.159921189371837 0.945370043945787 0.2078424251715 0.197231738772356 0.944914989987929 0.0707432639746814 0.122743635494683 0.697786614233237 0.708417474066026 0.659979945312781 0.455225777767029 0.914349490872921 0.943224104015372
0.20782725454688 0.697591426347488 0.795909047750039 0.743846406374175 0.531580610358256 0.244159559378568 0.243446778931099 0.458800848653563 0.59790081593111 0.674351780048782 0.762175379748378 0.969235004376398 0.304780253147388 0.230715834405003 0.595791980572227 0.772296135260126 0.445620423594049 0.417583902158908 0.0532821366554938 0.165046159927968
0.465304948197268 0.724707801172626 0.589943301995613 0.914978274196292 0.994527450296572 0.767324480462993 0.747648779424102 0.951251976423732 0.986418462451239 0.881666451069503 0.973102024641574 0.957907025030398 0.741388755425891 0.31539548065198 0.903812054986812 0.998950733673925 0.647514987520094 0.619145975206415 0.00396653196428873 0.982748528269036
0.744135358166442 0.752218419424523 0.915716015164717 0.680841226874223 0.960511340012669 0.71398807363694 0.52042397528214 0.990351760569009 0.911106516538194 0.979914215964308 0.986430222480802 0.997878967355158 0.539195871614991 0.474940338130528 0.98062964443811 0.997221459694744 0.84151365979742 0.723484720824274 0.0484861686407127 0.999218141629466
0.0319732833850949 0.52596705273136 0.58065337860335 0.327101163513869 0.197940150347624 0.564914540507763 0.0254520698492107 0.00731468263094348 0.188339655631102 0.0756153856500523 0.00664051719172027 0.896111481920882 0.0440134856852731 0.0439005552163597 0.520559807462939 0.294783118115992 0.296073595943797 0.257057210306916 0.00126731892557046 0.00810825452627296
0.516856507667065 0.682110377348353 0.723744282972486 0.697333551700384 0.850732601779069 0.556582653231454 0.28320828921186 0.979164244782064 0.663587914375719 0.922980547958894 0.800714917037157 0.987090806936772 0.637235668104792 0.291531170426469 0.796917241207723 0.993051541404206 0.584105155625049 0.938677151751519 0.785586688964961 0.999999
0.172509831013287 0.651167097573845 0.271024875652859 0.855700316866537 0.622196788844374 0.254997716656857 0.452961245033105 0.632230129765444 0.234475501331273 0.805028350140321 0.801100695318929 0.968605519169558 0.668760174684986 0.267319383520164 0.792940761843298 0.548803894026705 0.366293372610584 0.361778164383381 0.0204449766052601 0.00796747347060998
0.305758672140905 0.742548744029832 0.366562016597324 0.800609023014581 0.794207175553772 0.503192601309421 0.208634706224938 0.785570683739107 0.811196967133262 0.923778298075417 0.898642207428494 0.959858304215299 0.558082690028359 0.228531737526488 0.814504209538699 0.998892604467125 0.680200389506845 0.777122566860341 0.963743306541835 0.772436679734751
0.176493088497457 0.604868964674844 0.556546578836597 0.763529933374649 0.549471441690733 0.661192666116066 0.0991360355830429 0.145294437377283 0.926377195378886 0.636261552220364 0.852844875938467 0.990250541705217 0.27315033723226 0.112706822019677 0.623923439143279 0.907198622404405 0.693892701909821 0.688877690221827 0.684345928351902 0.956119418960014
0.608388618283024 0.751615244687415 0.905456890375692 0.696210689156128 0.464964237713455 0.567329417770821 0.262090891527278 0.62930034088438 0.939084927532234 0.734485771538494 0.809097982017617 0.97203406973635 0.144053570874048 0.318638850305557 0.659069005820552 0.983521042286901 0.478143607120355 0.619164205696498 0.762196029851458 0.999999
0.161242634576876 0.585959454290047 0.516602264125131 0.558448016078049 0.49285897052311 0.21885188318786 0.110526078215747 0.417045132269538 0.546906485136276 0.364397014734728 0.422145976074516 0.526042802781753 0.0655824077439486 0.0375443793593143 0.467078101220522 0.940680812727825 0.337681135203031 0.266186643932776 0.0322124864370269 0.999999
0.326815820518847 0.682238055752535 0.445834302788381 0.784321428967642 0.943649505811082 0.199954864380145 0.255794318886619 0.562819539615804 0.994989997816096 0.917409928228966 0.680558037982691 0.974366019499971 0.265581600187439 0.313118640075432 0.510245206245264 0.999134837746426 0.511966274775786 0.686427168343815 0.50829087295912 0.000791762680392579
0.756363011849839 0.755825272067771 0.913727321778024 0.751767908203105 0.974582232390689 0.833286048780216 0.798179909154131 0.891958154392308 0.968986489287109 0.911622925118646 0.955800662875931 0.9999497783648 0.691918076683627 0.495257585087457 0.959031333869138 0.999954425819518 0.578062727642485 0.926930693559286 0.999081369589167 0.00241072583831185
0.0840420898589914 0.385746665899642 0.508793411221563 0.344381059737285 0.085317378728246 0.33744283664613 0.0050384313379745 0.0270498137858384 0.951061932451962 0.107877743369179 0.12695908823379 0.936796567956313 0.140248580901298 0.0316495608710418 0.30105469989227 0.997363607147492 0.690217725161361 0.239858876704405 0.993956550494046 0.000108072431909908
0.369123738252876 0.652907227774611 0.624991137526219 0.55510136932913 0.952383113630444 0.355546621905168 0.370350456876635 0.721563708922883 0.96915938003962 0.683223299430653 0.510689653929559 0.841467065575282 0.621011215968356 0.327878728089705 0.979054887254663 0.932189793106604 0.805697235036286 0.719730302039013 0.02094409595318 0.0569439237319356
0.0753072866209302 0.458207301743501 0.180831215631434 0.684930387400514 0.311584617776198 0.274100636016798 0.0355429802073944 0.0129178005311112 0.00920379607076273 0.100568046855432 0.0591801056026649 0.670430588933487 0.0447785757694508 0.054312088191364 0.821546016497503 0.263017335256014 0.335890000771785 0.253381814693605 0.75888049144411 0.01162960519874
0.209706474026259 0.636903005688258 0.394065590369784 0.62327777518459 0.0635923770563341 0.303337885927864 0.287260611369312 0.408639060644599 0.0391181465058787 0.169489655745219 0.542168940163802 0.495972086563627 0.150791342327962 0.0546562812158043 0.38192846343333 0.404533629870307 0.313701521617645 0.2762882190465 0.0114344129945617 0.00248993921540798
0.511332124283876 0.712886225313296 0.80457298438978 0.711528828554446 0.697083509294202 0.582108890983221 0.763870022474357 0.990116220907008 0.909859100308618 0.831662531364878 0.865450260827933 0.983863902979788 0.609196943448726 0.242452241452317 0.939929727542505 0.999947496517774 0.638453260795419 0.53670267134803 0.959157651188785 0.0555881114204933
0.179748801983537 0.402315236932144 0.332388019510089 0.788182074335972 0.167086833947707 0.269623664838821 0.026793250561187 0.0471750811175564 0.357939368455221 0.0228449284567166 0.119066698123703 0.943767543319499 0.0996915789176226 0.0415827598044824 0.612433232400084 0.999677536239488 0.345204685838232 0.420149378985056 0.0542003565629115 3.8856127086365e-06
0.0980698744345007 0.498869684246578 0.464572100511756 0.375512830147835 0.726850350134276 0.199912344513287 0.103712688615874 0.728984763769791 0.0440632479278411 0.246853580340142 0.280557762321996 0.223953644729212 0.226418989030918 0.130784618708268 0.467546210391921 0.967052090923341 0.592537784656188 0.28301379168893 0.176348465007844 0.999319553295675
0.129981299873796 0.627022784947689 0.78286688402064 0.264983378511711 0.862702688810055 0.68852984848957 0.0674554511302573 0.748678226535602 0.997039564851227 0.481312422396222 0.486743597278699 0.94970909483423 0.332362187286692 0.0840724760948886 0.872915588415115 0.660953324258566 0.467576606843671 0.643903871136667 0.0743637725432849 0.658593284305099
0.475128954290737 0.662604141121309 0.913040908438135 0.627540781740029 0.993773046722281 0.687946740935834 0.158086841526752 0.941704636431085 0.313477691367797 0.937021988122069 0.289973406150514 0.99850775600938 0.411918031420344 0.375561776539661 0.808359291747753 0.986097637964087 0.266178745593043 0.854729475682468 0.974729698521182 0.0423043100211331
0.229244741948724 0.616106408805465 0.510812013007563 0.60662856595792 0.117492968016047 0.12736377034672 0.250070450460778 0.74985348958029 0.33556714167725 0.490971613612728 0.672358142936985 0.997656903627008 0.531884279366926 0.0866543216683447 0.898700779930985 0.960401558213016 0.373735525460673 0.584075789164161 0.651846004960979 4.22097890282628e-05
0.0395294780548878 0.454707295994345 0.618494207553169 0.564349191139108 0.208369398448745 0.794893733906712 0.0636919303508988 0.427776623437288 0.556741012269004 0.0465526124264272 0.0516143463634718 0.95373000617417 0.0953675971751554 0.0639294423777196 0.558454098029845 0.97236085809051 0.234898871126481 0.858759955984737 0.00494513166464075 0.000415598496623793
0.192661342551136 0.706839745182264 0.674423795768521 0.552481093183913 0.365696756331207 0.945507743486965 0.528914414008089 0.441355687647412 0.947120189039385 0.595050062853646 0.201001800988821 0.99522483854977 0.495086095641941 0.132105799036302 0.964691898139124 0.941579420079771 0.412072563279696 0.416468384341428 0.930856624534014 0.997569455402789
0.0915642858290357 0.462308449757782 0.150123062437862 0.65467079173624 0.384888665767993 0.263042080825628 0.0683342081527788 0.584135073586666 0.391509002373863 0.295430619159271 0.23572769641816 0.673946687931333 0.121843661119831 0.064024524467691 0.79554571396018 0.990190667123079 0.30653261174347 0.434590269096328 0.997340218989825 8.52939523126717e-05
0.17934122555801 0.653843962641349 0.577583500052041 0.891499854060334 0.894525478746229 0.339260218126269 0.488704933461861 0.993880602716792 0.914805477446571 0.421804979602026 0.839811572994828 0.967417772343257 0.625994101451528 0.267343537386237 0.778594357188881 0.99872150104665 0.620892681044707 0.754274790130458 0.581619786470423 0.753298472823974
0.0100684175043839 0.295574539135198 0.27746902414289 0.414250094206203 0.350623424633228 0.364343116591242 0.0634483554707593 0.00119045089375793 0.0014411722001364 0.0442150973030977 0.0333662873737513 0.377426716773654 0.0306750796477403 0.0538163523182814 0.136797035912483 0.892912554407571 0.288736551611072 0.37131955367884 0.0295260052964768 0.198124469742196
0.423202834290454 0.774377139956491 0.934085740221951 0.630876536469352 0.991093912915111 0.638873745903267 0.357389619780468 0.970329483404083 0.997074822864669 0.975506482536381 0.996566259267611 0.995217869452425 0.730721745638798 0.559649205074878 0.921135751470492 0.995877902226645 0.592968899008868 0.820407793183382 0.999803442253408 0.999937954652034
0.0394746831180679 0.445496303608333 0.104727752517048 0.716218236594114 0.00389081791363105 0.232327588137473 0.015972302263769 0.00408653204708069 0.0365122687306267 0.00787614405377953 0.00200680889883175 0.0746113717559354 0.016029123568876 0.0136789041251153 0.16582299349032 0.000305372521123413 0.193894587731522 0.174042918743955 0.0477326855598445 0.387521354391598
0.485259324907427 0.603649555840611 0.375076247447711 0.556173411714643 0.962769046152887 0.309708107484597 0.145351797569718 0.880745300350778 0.766443002524361 0.593031742709783 0.967623287523104 0.989845250201256 0.705954864181913 0.19869453514642 0.823003691353152 0.996163768135779 0.607871104253055 0.722312451452795 0.877774069522625 0.0106360750912527
0.140106037284718 0.670187825353097 0.17471736430626 0.648587777161074 0.658758430823883 0.426222363445686 0.268560882109958 0.965406890249402 0.97991662536701 0.681032498617108 0.600515168920402 0.362443309479413 0.27176936923005 0.261024047266182 0.643422565407076 0.968216973020547 0.583460164298379 0.421522814099091 0.923412464191581 0.975008934381919
0.61294522093715 0.788070987560677 0.830844362989454 0.848626758648946 0.995470794407005 0.76639218694243 0.642806544815086 0.983626493731161 0.995452483184534 0.941338396317778 0.986068359739627 0.999069143263056 0.629858351389011 0.363859199568566 0.936698052498353 0.998577314531919 0.424285001202176 0.644898306570973 0.942332710129762 0.00583234293987731
0.0166175616395941 0.416122815142206 0.196713152021791 0.343981089379138 0.0275411451187348 0.256163560263047 0.0926513158719893 0.137413150403015 0.301031059489526 0.00449312195546314 0.0133879277821535 0.347396800027165 0.0403119253240978 0.0183786702363728 0.2211908336294 0.00147156162175499 0.211600926866771 0.137278546925223 0.00273317796388246 0.0891318606790105
0.777060572475726 0.739905280752746 0.957240005782428 0.695545247391462 0.883039872717031 0.146659997736648 0.385432836218595 0.954112151818225 0.996163804358206 0.900505555896955 0.970742782326754 0.996751439883622 0.554733897854241 0.381068036889613 0.669535311653181 0.999559671190182 0.840362868721936 0.864860742830189 0.991418489736817 0.998766515597936
0.0846184236907587 0.492356696045145 0.412420798981053 0.759619961508127 0.123980667382747 0.66516399517808 0.0636759589157795 0.276420343097191 0.51305626626137 0.238525120044511 0.0416721007751627 0.967000344554936 0.0553389043000702 0.0720259072985541 0.369481787859395 0.665570722821044 0.520744482671376 0.400926507787706 0.00013044600503527 0.999420730936564
0.464530002944691 0.709273550201793 0.857396906380178 0.718077725835839 0.936920117553572 0.687424387879971 0.434404230127692 0.825823417212417 0.942868582934575 0.620179676588632 0.962249719928868 0.986008842299983 0.529165888612203 0.243809111416301 0.555286504027571 0.999135425066411 0.442151263208781 0.515788757326872 0.568050013966168 0.635483781844409
0.446259223673572 0.756582709361378 0.843194313169889 0.909558607022188 0.979395285010275 0.344857102989547 0.344969641016908 0.84104597942534 0.414575759939177 0.904501222078672 0.901788177735846 0.993704658138809 0.411656948095572 0.247580642895261 0.955842910740678 0.999380340885349 0.748693897361814 0.748295508710193 0.810842013948384 0.219408806421676
0.208426278378018 0.499776572155668 0.215146909389175 0.437633355904985 0.446753785419215 0.53456776826843 0.285706134490109 0.444108666261453 0.357630225261441 0.791974863257204 0.105436620191468 0.842502446282935 0.177302968090953 0.241002240230737 0.734036243117951 0.922664461048878 0.541685692159178 0.323459108462676 0.0284828734111251 0.432583629886086
0.308225013482051 0.596886555978157 0.881702527774649 0.730889971252274 0.977358259530036 0.39840400806416 0.349612602515576 0.642719130846682 0.961885183106064 0.859422805253079 0.473370566848358 0.961288464598708 0.786471114708725 0.317322741144742 0.399443857832714 0.984910167900853 0.614105844448265 0.617341948056005 0.998870889563022 0.98765813873184
0.163251836547977 0.58879631469811 0.362811650227121 0.665276500845247 0.947730146843362 0.145846313435244 0.2035630622642 0.404741871335261 0.153500892320457 0.355365816470555 0.100061440946234 0.980683924320164 0.129039401179862 0.0718620080693357 0.619543703734479 0.421106770847366 0.351971398577758 0.700569819037916 0.00219888758728824 0.655714418135619
0.400509969178293 0.515241789027117 0.973760938275791 0.476931066462107 0.635213538295085 0.551788120111402 0.517761165684549 0.611549176634395 0.926748116911311 0.81866970075152 0.333573368035222 0.996656553759967 0.24857050289869 0.205927293029821 0.808751790286026 0.946238275692382 0.361617761083242 0.63413513394408 0.000374770860485218 0.00156699833653983
0.154717107970034 0.458488543956224 0.599646631725748 0.531189215635334 0.556428804183436 0.583886409519171 0.232612527870316 0.0441101351118128 0.733908081624066 0.139796488245122 0.141523983397651 0.980003814659008 0.0807252642888126 0.0596570104760734 0.865598660789657 0.762601865167114 0.368067651886322 0.406931659580408 0.311518127332548 0.967550651345023
0.510720124252452 0.771731548969385 0.90201566456159 0.813872021655043 0.838225500057893 0.643845537974254 0.878460294760397 0.971058118871753 0.968081210022147 0.949406308536399 0.904790675034129 0.997240943777242 0.888437942782136 0.148565413787282 0.922029917878656 0.999352632843396 0.69501020721649 0.616263139203979 0.00654994909980039 0.473700151681421
0.0103554446290096 0.466195145777356 0.508098797903373 0.413260885340234 0.00321344472413686 0.27750597794495 0.00879657759932166 0.0210886533510804 0.0156278581155002 0.0232082206790069 0.0148370857497491 0.212357236192532 0.0468010277695226 0.0381975883344992 0.356558137378726 0.463253578972596 0.0921857769809743 0.194589019646286 8.78015023752162e-05 0.000177104160292053
0.413806838184628 0.667850594991867 0.749965439906732 0.793220987342643 0.979990838302413 0.614714128191964 0.564255013171023 0.882512206000005 0.646359033970278 0.869909842142772 0.887245854563827 0.984109002965435 0.334296906698091 0.244991491838352 0.903334279441733 0.780798536916264 0.550414060146588 0.887827529923271 0.418501406485174 0.0155238776852032
0.884059832597512 0.845904715715679 0.855115049982118 0.792137113346403 0.999802560913046 0.524148459409954 0.501665969488439 0.982757270444643 0.999290392734063 0.99915264555732 0.999277111351084 0.999532005925353 0.799092335957041 0.701149496849742 0.95558646860717 0.999336730706179 0.472425875968599 0.878358964402394 0.998305520957861 0.995252690525508
0.293851491290527 0.754192980844059 0.781352106592033 0.703940706877956 0.993099661730495 0.421715304613814 0.669649245595024 0.941789945340534 0.975937001394767 0.94275344355937 0.932076190259628 0.984484520997841 0.295238646246788 0.202614177860819 0.488650663885455 0.998925765488321 0.618760481209194 0.612350185777262 0.958212103709422 0.944017116274788
0.106400962067553 0.62288282128035 0.720141707567937 0.690157665134137 0.153568836344609 0.241754478092912 0.245885880626319 0.349284320683258 0.371301637514333 0.480714881455911 0.510858574377581 0.962447203767411 0.339854459016139 0.0984242933439885 0.653041849390796 0.805360047089664 0.477605536852837 0.41054461008764 0.190596667496875 0.0974409873898906
0.0193533124063272 0.414297391992043 0.161773860493262 0.186705984644241 0.00429123952826114 0.394112569979304 0.00859356820689644 0.00945224740452628 0.0718724758311031 0.0360078647961527 0.0165254916844617 0.373657038880553 0.0316304115151065 0.0153008336038512 0.150754937115196 0.45114173402366 0.325392282755322 0.134160993426003 0.0342373099463438 0.530622356594339
0.173094170421073 0.538076546257582 0.42957289825749 0.43704611279837 0.505192954643365 0.768166048751522 0.343682856615513 0.0559819631395236 0.347049975027871 0.137605769130437 0.570484851552332 0.983088684883311 0.112770642175237 0.100256396895522 0.296744109459999 0.24849143261084 0.562634046197991 0.367150975799316 0.00564914082274984 0.988269049518205
0.0357058680925873 0.479038034993121 0.366852327337597 0.474864828570229 0.412860716457839 0.556029006523383 0.0440725872498705 0.00496943792752561 0.113627141228402 0.0853802068359733 0.0120137074210416 0.18585338221777 0.0267324081933203 0.0234687861068023 0.503665200719404 0.456596496451941 0.561132250594499 0.354226679114151 0.00265277278827262 0.0707482906041303
0.237421403195752 0.480264264762966 0.467332294178416 0.34936989079402 0.622943559904921 0.681493730987143 0.539798857258632 0.607577162900707 0.916590485971521 0.803596493224218 0.322286561173591 0.971408952277178 0.310176154706666 0.0906949347088202 0.521236401182706 0.857202376235035 0.588778405852438 0.649292492783133 0.00385704993304116 0.65943617909474
0.129187779094438 0.623836222595639 0.3008127952863 0.766721840532108 0.763562377807748 0.354417545517921 0.115493142463586 0.230675066642392 0.839820740679075 0.461566629930717 0.952630882197509 0.263543698543363 0.35545535864306 0.0865430517415821 0.53253976988848 0.982581338031191 0.1677728612398 0.513466970275867 0.416683670148638 9.73197203227245e-05
0.206962327550982 0.732697052706945 0.76607652613138 0.632038768375607 0.641769032185509 0.260594278016435 0.0805768333503695 0.244548902617149 0.983667093755616 0.372151782896195 0.613309669248079 0.60485518592098 0.302434411856935 0.181679460138736 0.831410856186024 0.963501509813065 0.790245995299865 0.639613776841601 0.000419165415423201 0.00589842511821116
0.746801788912002 0.801675275900786 0.960295462711122 0.92511706724691 0.998646206675319 0.576599193627689 0.59204791041188 0.968074866580459 0.94473499581477 0.941634706088237 0.793485508691984 0.997993879062831 0.857016119518216 0.372450474427272 0.947125055686554 0.999673053051581 0.6237328371685 0.833405301299453 0.859659446532021 0.000147741409086958
0.586909257210531 0.72949503565564 0.931892196864848 0.815889435410837 0.905964205531555 0.417338476124869 0.483811221426244 0.997292946878752 0.951176218439629 0.891684622014448 0.994983522028395 0.993551224956513 0.822911025864654 0.299067285423902 0.739715165073884 0.962599033648241 0.64614803067885 0.676257217503745 0.999380941245325 0.999983995461724
0.0864840841411083 0.540560934687843 0.797313229292488 0.563168833254275 0.17675229961172 0.654241626229584 0.0415295326676912 0.199053714435377 0.0680197083770506 0.151733894892687 0.093828770620112 0.997451820609688 0.049814207059788 0.094711008091662 0.0234874043565006 0.865658393975671 0.496297360794287 0.568139374302 0.0484849564188828 0.0121369216078152
0.0665230834546764 0.503674390765482 0.416658651439128 0.551706617431156 0.211143006334032 0.188145917456065 0.0436832491387827 0.0473780192631537 0.065582639886254 0.0961294840775454 0.045223498429026 0.859563532224684 0.085602832582454 0.0445261789672504 0.278158895528535 0.889187052833924 0.450591481396064 0.341584218417045 0.895273968740896 0.000668436861709054
0.152041655259019 0.442724443962255 0.645224518637982 0.76251146372087 0.428961680273496 0.448003878531162 0.0392250351679368 0.147357868548351 0.853064014237966 0.416010218192482 0.0482150105000079 0.673893979712664 0.248074249451615 0.132599384538898 0.327431805567257 0.505408435818906 0.563961129061852 0.403754687341883 0.000127787153884062 0.999283263093788
0.0489656255745382 0.444127923498561 0.809888597901448 0.38705399148934 0.0528500481177697 0.336806830587294 0.0781123937268713 0.265884814725124 0.816371248515147 0.0255648076988783 0.00770384415113572 0.835565376936856 0.0723322952173662 0.0360194190655167 0.726052607837977 0.764782701962766 0.438460025957967 0.726717499658913 0.00387614650706638 0.0824621914595417
0.502852505063178 0.554008972016222 0.969464210491336 0.649540502899777 0.510587760802021 0.653406700126564 0.103604469528209 0.917623325416308 0.203840049158763 0.276098260418361 0.520273722536214 0.995648769631218 0.410731672094073 0.11603517519538 0.550254596975245 0.964852561732601 0.454827528268949 0.521274977976312 0.837304874217535 8.84138074871692e-05
0.696501795910698 0.784504630040251 0.865535136439455 0.864474153425888 0.969057054074736 0.659394191659497 0.840518034033872 0.98532164056982 0.98700221189646 0.976461830473863 0.997423283301937 0.999876496035921 0.873530096982433 0.557358841058056 0.966746847421387 0.998990048331635 0.867429692926203 0.766732138965434 0.692891966315718 0.999835804896165
0.174840048312289 0.490565828306065 0.482106732906039 0.586256499321473 0.322445253276079 0.662793483511514 0.0370961009786201 0.176202307087188 0.525439656973415 0.249467352507763 0.12484650777734 0.501655983199572 0.0887040626590701 0.10627550524466 0.73932649969588 0.99993720626668 0.678762440240796 0.225379888577226 0.0371904611186142 0.946828988262499
0.208793327910233 0.550795732458417 0.650161156814234 0.729386277994823 0.359412824582947 0.598249765075316 0.112419254614844 0.331051982507793 0.611327839173424 0.256587739494437 0.0859265523152476 0.847099833077209 0.231221484922654 0.0692428601324444 0.831441218851547 0.052297817970349 0.182938793312676 0.489736211949167 0.00158298177339241 0.999999
0.246862848627373 0.684834054588863 0.483174122758501 0.470277382011008 0.771744673902854 0.445363950152655 0.117412175841851 0.845924312849217 0.901938423391958 0.820766162049069 0.977284302227542 0.964667257705118 0.331798142587966 0.327055916997713 0.531372303315345 0.996048670166786 0.470478575313926 0.457184847033472 0.603686362344748 0.999990818150446
0.192469746794824 0.695524321361115 0.792569548616375 0.888352995365424 0.826399207603432 0.202853914030091 0.348242113282957 0.176066424667322 0.993502523626994 0.711863502372373 0.969944450312595 0.999355051757199 0.418418403486461 0.247161257314933 0.844741993921316 0.992967567922308 0.424638778088858 0.722248104499508 0.99928767191302 0.924977324692474
0.720320895433743 0.828544975713739 0.524911826653873 0.621466786734296 0.995501872736838 0.773051594202711 0.850117243372654 0.989402627144384 0.529825485267791 0.9757153865604 0.998822419630888 0.978764031821905 0.938830770740549 0.687908603381452 0.851417546140086 0.998696867459579 0.37074102486751 0.884277068407509 0.941324036133037 0.999998863552966
0.189307708579991 0.518667979593445 0.390676104472889 0.714900731841826 0.628579614488574 0.329559826719171 0.193657452988291 0.484738638021332 0.681509835298171 0.632706437366896 0.468420865825019 0.986532383969488 0.2069892785549 0.074664211358338 0.845608806180416 0.890734323448603 0.72549968955204 0.331590250480125 0.861599753928303 0.0126029142833805
0.197957764401832 0.594412916000551 0.130330430515598 0.69344266105086 0.684329809805183 0.532684896170976 0.129406089473462 0.448091762756779 0.0385503163979004 0.109588310109386 0.0117764295361049 0.77170626890263 0.113415304808066 0.0791261275016118 0.151410350615822 0.966497203200271 0.532441682883269 0.307516000090516 0.0160454083771293 0.67016792111643
0.406241366022759 0.651935373978006 0.914976081791819 0.680193434411243 0.993252437053448 0.470007542900822 0.0170147979829922 0.499054211722909 0.176126808309896 0.82267256901883 0.961101123575721 0.678454083245769 0.172658571382113 0.184168138321263 0.777892640749639 0.962875549931165 0.67461846564352 0.604767043536829 0.37872774714375 1e-06
0.305260846066085 0.70077959164724 0.828363492298885 0.757869857841325 0.983730941226973 0.639672493800455 0.251946897478129 0.949779221043488 0.505964098543979 0.493205533023789 0.973602550306978 0.994780319876148 0.438293760412085 0.264963579733738 0.562590179781559 0.999657338369281 0.438026650445395 0.853575735929809 0.182152204636736 0.999918845052631
0.276291947370219 0.657820304928576 0.867543748827715 0.660183241776199 0.742104669587566 0.568911503733722 0.759352235484035 0.65893916966784 0.784047496755723 0.370963045005737 0.909809326761186 0.987611216524715 0.329893921682015 0.125860876476316 0.842455467424428 0.838892652818337 0.923725177523167 0.680508419592188 0.998756117689226 0.00157213748600397
0.0155728873659434 0.272320149504434 0.119322289829346 0.205299359623654 0.00628878053562002 0.263033122492554 0.0113714537413459 0.00300183754126862 0.194192721699193 0.0267962239635909 0.00421940438684464 0.523082064109977 0.0119717749741023 0.0200800397110926 0.410257882484525 0.00989067484871954 0.290461883499465 0.232218669775808 0.00597211039357406 0.00339958559304666
0.267369723233154 0.626867999898998 0.572251844806449 0.767031996017974 0.869667547166525 0.906273084982767 0.214241424339005 0.571751307565409 0.733892071676678 0.446657762638309 0.21104056525178 0.996258690057427 0.531498138275595 0.344702101136431 0.471100797644683 0.850666834171593 0.36666959761791 0.608496321665522 0.00137375292800827 0.276462340616566
0.184023819985186 0.689751256569596 0.184645243502419 0.584612428393907 0.843900736699265 0.367148024558416 0.173233556765168 0.483478338642003 0.975462723830704 0.640401053377152 0.96774099931465 0.9544777408412 0.336826609930194 0.085435500733357 0.86820238138424 0.957716859411573 0.68982311434287 0.542781981766374 0.5403461258321 0.101501974285295
0.064498660976464 0.593809521871293 0.324240017221069 0.507896475774169 0.0253090449858607 0.315297086201211 0.160388043912462 0.497958441734448 0.0640573798109608 0.0774651637674492 0.659217724504715 0.848980957414366 0.0619396518905845 0.0311302948123483 0.855605004489419 0.0105343427518213 0.512973584751625 0.371982424415358 0.000333517592649414 0.00155882624699055
0.585993722551339 0.766983600034034 0.787192554269562 0.637080584758257 0.978530013408061 0.456283623868843 0.31619598795715 0.959948336024355 0.848140555013612 0.9652413697926 0.915780136335835 0.994571335829597 0.627465017783024 0.288535159489413 0.377180271157461 0.999746089044705 0.474402654459136 0.690995318975592 0.6452407588535 0.597523141567728
0.205359987449512 0.550869906649767 0.860494802762018 0.788471161520973 0.363836687065963 0.274760545501424 0.207200846098569 0.64773187449089 0.912900888956195 0.178450335842791 0.754652797659224 0.95399943196111 0.298275960252679 0.0894670285351823 0.809911571613228 0.569640777747725 0.472441031897038 0.604710127689769 0.00756350955496489 3.73438917214526e-05
0.151772818121253 0.571871712416041 0.744555901474001 0.572044792620815 0.314682668198513 0.367233319752854 0.0899543169514968 0.875434050062625 0.246331771477146 0.610245136327785 0.687422602307881 0.950550055796998 0.15932715972354 0.142177374026523 0.743219858417061 0.813171736264399 0.357863413143059 0.313156825039185 0.0475976467134134 0.859404776303686
0.329910098279008 0.647298523092494 0.648920534860707 0.571157266722049 0.541773938598107 0.459325396205821 0.350673142639562 0.415975239531558 0.0528778553367492 0.499540634479264 0.777062930408377 0.989738959050444 0.164303958479265 0.0837315038782217 0.763779417274131 0.818545198865659 0.23509127231035 0.756767499324996 0.00603578590949022 0.999850677939613
0.241005568563797 0.629490163092477 0.832107487726629 0.512764038211645 0.83863672984068 0.389759635715307 0.0392260219153964 0.768026911617002 0.494509576975943 0.743383680594792 0.460314302148608 0.823898240821549 0.0739678154240233 0.229533985509102 0.705149909710551 0.996435643582642 0.326449017569132 0.705105753411899 0.098875475668992 0.00170045970588503
0.0887345306548913 0.470233855571569 0.201068768224861 0.508152005877207 0.419904482385648 0.336775217005242 0.366273891692992 0.847610882822504 0.959383054998557 0.710523785129541 0.440231177830596 0.979313315839626 0.478799009983261 0.3330420412011 0.597469502379002 0.723558822599506 0.667792762474304 0.497443897645286 0.000305449075323851 0.284439616371424
0.407456116769534 0.756828007994339 0.896617824280345 0.632707556457497 0.987758745328767 0.144544355660252 0.0679876800398577 0.945971125584196 0.819892977368184 0.953569049275504 0.863392164265797 0.998940483055679 0.41706123357774 0.206003039741438 0.800083678362037 0.992296315539191 0.535404689410458 0.815786971665671 0.93497270967501 0.314257409322371
0.346116859502133 0.730029050296025 0.498969098436871 0.531697380819166 0.996746570637114 0.15124486696893 0.598238515038151 0.980788931999349 0.905047964253693 0.934348321535772 0.859483575176632 0.960743222196174 0.652093815627091 0.439640587379321 0.948677168338529 0.884797176553404 0.746929191050042 0.691384666001289 0.965914148512398 0.997585386723626
0.376468225779458 0.768754384320886 0.870556572407948 0.649368390065182 0.911895755409657 0.206088367298033 0.39868335195889 0.648928653771601 0.623572708042379 0.758815206535257 0.804960905744687 0.998785057766946 0.600735369181064 0.177094443390663 0.751399467977023 0.934305759952219 0.668174663329861 0.600262824468367 0.728222196991587 0.382972028956001
0.171845795537956 0.650065443987765 0.744581241629945 0.772061383240729 0.969113940671953 0.463783043140086 0.0295373307083497 0.451538277656863 0.893293540849751 0.699702796695159 0.706184652024256 0.695104404366553 0.244716237161696 0.248071503003298 0.708804661854894 0.933441956303796 0.640048622002448 0.404031475699004 0.00386974039083049 0.998555184021377
0.363941355918935 0.749740830776776 0.897504195933894 0.835042513114132 0.757121850469569 0.56517024224999 0.595732022580481 0.903091645030121 0.276586703205881 0.658225466014293 0.664474577494426 0.995337515259384 0.446950144528738 0.261048671468469 0.712875221965592 0.286210188369369 0.480963765385665 0.512111142120155 0.993650386642544 0.933546316585234
0.669941844453669 0.781095138546068 0.912137359031818 0.574102602442155 0.959168261205815 0.731082401103038 0.526355311883834 0.93340944798201 0.844148804788727 0.932550022046003 0.952952352637087 0.998553823804343 0.485201412283128 0.327815232431357 0.698630173754193 0.976665068929171 0.703758662985208 0.599645071800718 0.912615238714988 0.813429080408815
0.201565642371895 0.631599519685181 0.56953298589787 0.431386616154211 0.836644870650321 0.156176895051491 0.169779268641495 0.728436197779839 0.881538492574027 0.77812950347619 0.189652696572641 0.919083075631261 0.390343658307488 0.151821201593148 0.433361488250526 0.626356265038499 0.302695996161969 0.527960807437741 0.671637083443714 0.0062195084933352
0.0880276033060623 0.533127051738324 0.629355496458294 0.518157499951425 0.282079189941079 0.733567419909856 0.127777689743256 0.604798012841896 0.738398760716477 0.505281216150536 0.0805132390036258 0.794130467510506 0.132028829026154 0.0993458512772477 0.394826145321803 0.85605568457478 0.629510858040723 0.330216808417246 0.00199354010643883 0.68836609182237
0.864055080946293 0.827564926506789 0.84544073021103 0.791404935172989 0.998233907655656 0.399881356075735 0.466490723909477 0.998813654093064 0.995256196524998 0.980911498331516 0.982438271440774 0.998602218312394 0.931800525981445 0.526503966066506 0.966517783917149 0.999752639617 0.900329215244759 0.825932136745961 0.999763290753845 0.999999
0.189894933025603 0.502292594210145 0.244839779345356 0.787672259701449 0.468313503077553 0.204422065584747 0.0501882355197421 0.205142838538316 0.300419107936079 0.25001568007235 0.155620504953763 0.980406150825194 0.429345724038248 0.118751511097561 0.849940324207996 0.233875577784037 0.470288852553739 0.45557568337926 0.00487462313154099 0.000122121680834216
0.107326533244477 0.656583815812896 0.616823076994694 0.558402865889196 0.686847884331894 0.529125695411013 0.0944535635017048 0.705405603137842 0.610182151324783 0.406740477419297 0.39670165588098 0.774286261322684 0.078819902472456 0.0836759667615533 0.386611593061029 0.99697833902712 0.395284180403719 0.435283284508239 0.00420954733996314 0.953716370608101
0.11708474761085 0.549381062106943 0.167697470598522 0.589140369744385 0.916921821519487 0.142376754356246 0.0670565476226599 0.453769563989152 0.847602090621925 0.265235143372634 0.103737774906778 0.870857980080268 0.125435987914245 0.0438905348559349 0.6229487780823 0.920792031256344 0.504071239831602 0.569556567655515 0.0007473988869813 2.1478611256124e-05
0.0611160981069505 0.532848268164493 0.249166832052965 0.800922519212934 0.292330839985076 0.331332829582371 0.0394935096116318 0.333084076197443 0.960210675977213 0.417154363316134 0.243376645072013 0.745183020302097 0.24665787292231 0.0629419077210509 0.562915631539462 0.99450397419638 0.484463209555736 0.683063929577234 0.000486245538735996 0.999992837913167
0.214580059853652 0.675764763043203 0.698421371255533 0.803294760677232 0.417840660989156 0.343797230810082 0.085890210262181 0.134993024033331 0.0260702873604826 0.211532740839624 0.351616391828345 0.649739590224711 0.23046466406973 0.168253637665998 0.525683026275691 0.833502316238031 0.634839967979504 0.432877391686329 0.0129259175051369 0.0531402835052714
0.0538164071548962 0.529751776572751 0.342004150286605 0.634332145559841 0.220711136747797 0.0913596474966003 0.0174953453194195 0.0439871481982748 0.278673795316546 0.166943114656939 0.131434105589645 0.227998207749645 0.0201020629388555 0.105471008532048 0.132764870359792 0.301075719261551 0.244083610278329 0.376104385202556 0.0307489259774162 0.83136128211403
0.696514366953429 0.726479899914027 0.923608092871957 0.87621138021251 0.996362206526265 0.0957403711211189 0.67552624038387 0.968866451823627 0.97745551789574 0.922580750905919 0.994706269488063 0.908785532441262 0.520674083247772 0.486351085220855 0.957727768703032 0.999476676185992 0.873866450610611 0.923084672174 0.999736553713607 0.885390287995894
0.0897514977713939 0.5295657768108 0.589741653247432 0.626404362734975 0.302383732759839 0.295425100222551 0.132665342884037 0.912838794615963 0.795750708296348 0.1314755752383 0.63679013482681 0.878764864238809 0.144898798314774 0.0699596971724161 0.331702229378738 0.100146772590618 0.509433747781276 0.20937715685498 0.000160727304175164 0.983735235812519
0.0164169783712229 0.310678808608991 0.100178137869796 0.293184492205229 0.0589675951050191 0.438915786266759 0.0117072282959621 0.012356841321552 0.0795507854115638 0.0213047834303199 0.010224042406322 0.683677693103001 0.0292306629994049 0.059933042505463 0.351794203423394 0.137489932571794 0.162666048757426 0.355290757786243 0.279277577198338 0.999999
0.0800096312101916 0.549398712496426 0.078114511677228 0.332068307015602 0.644655720253795 0.631593268801002 0.0668474529875103 0.241401051232592 0.12864609510543 0.10171286148106 0.053258071448917 0.926063795557789 0.0619890468219333 0.0679223979584997 0.499670338399332 0.960489543878592 0.48218579432279 0.277232472978098 0.0440064901059542 0.951553695155914
0.094682797668509 0.496516329889559 0.538382037289803 0.33174348626581 0.853793815506216 0.746873345399188 0.070988506882503 0.619074357916223 0.912933711236366 0.85708341454482 0.725355754620054 0.96871154083654 0.245333937244698 0.0595506474258421 0.579907528741742 0.573503034348898 0.3240101500073 0.753411166587505 0.0082068910110194 0.0241508236947157
0.193812438964688 0.716301611222635 0.593994561406097 0.772412316405049 0.750647140209956 0.33828135861005 0.543467403263728 0.927789110264837 0.176933064699157 0.976488940201357 0.435829769559106 0.948320505878218 0.627475307826727 0.139899673814254 0.762955113013724 0.981349445562747 0.455690551903598 0.755031187021052 0.00265955094856522 0.989174913608227
0.775668649232004 0.816706136126241 0.867711898883612 0.805049434639027 0.985435445993868 0.689474507107174 0.458919693143561 0.96260045173978 0.92424658239123 0.98334871756916 0.961374598713147 0.991746980231476 0.863117161057632 0.356384492390443 0.879037325198953 0.998606460634841 0.852503684675381 0.796136486634809 0.220169462184807 0.974266908968805
0.12861107523034 0.649561901511121 0.454246891146174 0.619805651669839 0.0918609736527392 0.160868399781129 0.0106916919167834 0.579202288331799 0.080324622004154 0.142690259715134 0.112484264595965 0.365026574947863 0.0959508599126698 0.0571152444900489 0.217579190831808 0.653113593621268 0.422430575007042 0.111361995750705 0.00157640033360591 0.000151124381342047
0.495804523700418 0.791925070019899 0.946715275837234 0.814256800489429 0.966927413407149 0.595214617441853 0.711099571131657 0.965597499270258 0.92740144116548 0.974895482824152 0.994081452501439 0.985437732205709 0.896390517430969 0.735767425122328 0.883737053339325 0.99598960800345 0.523236579115582 0.652720245482182 0.935228908482398 0.00251883955085799
0.213267111769816 0.734903734262012 0.705350698023853 0.548054999578258 0.844809195735243 0.400278572304778 0.0401942986132547 0.397627368713664 0.182804320234079 0.630209104440091 0.612979987878954 0.917595505896015 0.325705823129843 0.236515310821629 0.642233047851754 0.997444657755621 0.530134055385647 0.57577622732615 0.605815305359732 1e-06
0.0760069779989662 0.42811571783134 0.647684239208673 0.206885230165087 0.384598748510317 0.213421663048264 0.213340816172431 0.66877237736374 0.0211879794494982 0.0670842130834978 0.0216673170263245 0.504015432892713 0.0717630589814141 0.0652576097405946 0.233106701954682 0.108973978508222 0.36895980516141 0.511254754607557 0.748096764423578 3.26421186573157e-06
0.285137211356584 0.660540745074845 0.283115164898781 0.610815199038261 0.297673965963525 0.301507472862932 0.174857624426053 0.72947646705992 0.371611883405185 0.0893197321623474 0.818935142608995 0.720258767821102 0.251517912613923 0.0751988207410965 0.411256007087772 0.588547657023065 0.596372286398988 0.447756204510677 0.0766371165124663 0.262552679816684
0.693598017205345 0.831571439283635 0.945456384200237 0.837137589137508 0.996564040998969 0.454253338954894 0.804111268930325 0.996736998803901 0.997545653156032 0.981798192602776 0.987348188915404 0.991810439133985 0.668736279183083 0.569869627453177 0.995465698661417 0.999481080143173 0.803458362525721 0.86612218346382 0.999851472077667 0.996348465568993
0.105642973553709 0.529938616857565 0.845677342833865 0.705785845508664 0.647356842934027 0.292982483702378 0.202966784544232 0.584876890516985 0.984612005318991 0.53479703341111 0.19226221591096 0.994751121924161 0.312687343141595 0.110745725940031 0.819578991320706 0.990216760751583 0.374522205881747 0.705152149823392 0.0797390277274477 0.992424557390073
0.499630519723423 0.591761711756572 0.620404360849545 0.479109861270766 0.975094831896987 0.486825326064918 0.161706250768765 0.852059621824682 0.787503641915954 0.7582824943615 0.741433554468069 0.999769568851924 0.683076832164981 0.292086713348183 0.487034866552103 0.996847352991274 0.830194376639087 0.838696225605733 0.387168762275269 0.994882635055718
0.0516257591450941 0.577980592200427 0.167257900156487 0.237812028269439 0.0628352235453448 0.16253137489147 0.287702075073657 0.0335351792164126 0.294248174053547 0.0864085117615343 0.0950852767125057 0.839840920086489 0.015650865521068 0.0466397499310891 0.656006391233813 0.993835678263323 0.179032078635026 0.300359146363196 1e-06 0.0774894778779707
0.402905606912147 0.640765039225068 0.519943054742682 0.787102113991468 0.997657088494288 0.204872700224404 0.609435251025841 0.832375889124578 0.900510016172436 0.839782976181646 0.966350149112624 0.979974162030504 0.631477285445569 0.222923571048147 0.877240517677441 0.88891743096924 0.530942414645821 0.844593024566157 0.997734820970024 0.998086640130027
0.0524661289010959 0.602818564575799 0.731975387289602 0.532658936729989 0.923067955494272 0.504538454925119 0.11997602999863 0.0488439143476675 0.791278027748922 0.061998513408353 0.0574233575622387 0.757444591526252 0.248362838677406 0.0552157258841986 0.428197083816643 0.79251501295237 0.396462577346808 0.413475584929138 0.0186400093762515 0.193434024507975
0.652579010662248 0.607358357485446 0.929459066392386 0.394719610065505 0.983557412532902 0.840702919885698 0.293353008927228 0.966090011753393 0.392869977306725 0.756755081992307 0.967772690512485 0.960955733271362 0.674534179217409 0.388148543707303 0.898870478628609 0.999920249416183 0.592338106088312 0.808797788639428 0.0411533542604008 0.182514672776421
0.0780476430396077 0.566284548333704 0.102676884270435 0.402576808671491 0.74078754318192 0.261297038171953 0.101463333638734 0.142166434145824 0.441452735786721 0.0771822660769689 0.0472806208151992 0.713804719911799 0.0698975220451072 0.0775570540296158 0.395459906979406 0.999708141047961 0.536481518094842 0.394234516741234 0.200739524987157 0.860631192807107
0.00782774737691582 0.329856672612883 0.0618599524995037 0.522257551393028 0.011485342490259 0.0964788368834098 0.00830593518123766 0.0353816450918815 0.181779608936369 0.0198170800537165 0.00850777739116501 0.225970012238336 0.0170670389534066 0.0070504392510924 0.185760059322074 0.0108983574097228 0.574599907731288 0.122396584049652 0.00183186030937334 0.999703697751654
0.212497751589003 0.512882932409471 0.594014997706294 0.854286576302387 0.276477897404595 0.176914088490898 0.0193915989241692 0.0085038338821232 0.376222350589925 0.120876467194971 0.00670420591543506 0.550633914546777 0.111527107439072 0.0484962972740887 0.679977710577874 0.991748260735563 0.548546749620046 0.343184049852731 0.000109873217318882 0.983868472707742
0.602540014349627 0.775730035178963 0.720377175495805 0.579626323816924 0.896332748179573 0.234881841645328 0.147516222024809 0.950381655818217 0.972550231482968 0.862673825366461 0.774033841482844 0.995673619408627 0.450037127274472 0.214226221078755 0.700348785531861 0.895040204730225 0.480566228433654 0.751099432044283 0.961137902494284 0.0517167304259709
0.145611426646251 0.590550631776538 0.510771728397372 0.641447875812461 0.19269772353517 0.499664199371557 0.1638630777794 0.104529621320943 0.720193022344691 0.161155536195224 0.143047375451724 0.980563246665079 0.240087762853558 0.071981457277487 0.713106286927855 0.968231985966793 0.479362373277418 0.280962007886653 0.079815437862948 0.00227271370479029
0.40510090874462 0.703522252705811 0.595007603518112 0.479925047046917 0.726428077100302 0.139827248642757 0.429312957275597 0.442794404360839 0.992600652446002 0.229522829049875 0.661065700342263 0.997867475192143 0.52328867683373 0.177997207351829 0.724522543325128 0.806553080520055 0.57577450470315 0.561558188485043 0.991774310580383 0.0202016843786592
0.0220444671340614 0.373032256274659 0.397582844451331 0.455443807149484 0.101418382186965 0.275135320194818 0.105018788299113 0.0777268380299758 0.000571066435154979 0.0567161778456964 0.00452620847467918 0.904524686202929 0.0468340595055566 0.0401726443670949 0.209813052593581 0.00436349307483873 0.328285799046648 0.134739538610394 0.0470051480769638 0.998948310035834
0.536969109987455 0.729453903849945 0.863570233909293 0.557912891739928 0.978398928342303 0.671118639079989 0.125059494244416 0.961308265460621 0.978848041635341 0.651364958218685 0.968525091021827 0.993733413643362 0.671908535760664 0.42170377940812 0.877024292224816 0.984222861314491 0.700462072543664 0.669103481607855 0.265423378330179 0.992395634130815
0.0380921763947939 0.512496604263746 0.0714827589254895 0.723742275871374 0.187336492193344 0.285408363685834 0.0348218896464862 0.0896803526184149 0.0242824825930257 0.0688535688577814 0.0881560466499471 0.395738033977576 0.0747922536996138 0.0553648169111617 0.693967065689708 0.995217966927436 0.299086145668454 0.605663680736655 0.016865463374458 3.39167553231549e-06
0.0300876085229714 0.394956928041938 0.407110246989007 0.359369230062564 0.023175256652743 0.369368632325974 0.00688421502740643 0.0350557946480564 0.131685934452384 0.0184241171923383 0.00928553773359675 0.136048044051259 0.0481235692230232 0.021834509952446 0.276572600064758 0.00154714202879082 0.341661025003617 0.261441003412255 0.0190604529654264 2.20021694012525e-05
0.330757645304234 0.62533862322147 0.882508242919243 0.630441033757872 0.957028450668432 0.0641481786765584 0.284775182079591 0.906264204703318 0.990579265772326 0.503524883344834 0.666876115936985 0.99391499533919 0.310650849884963 0.154150992856563 0.9113449890742 0.99957265811198 0.427667589134017 0.396274764239914 0.528554326570753 0.997503849696348
0.368150870476396 0.573202233247653 0.742661910517305 0.503371338939098 0.847968526594213 0.639409681507878 0.0176759236085779 0.312666322374187 0.0210231970085667 0.409265150850231 0.533644388665229 0.974535325996117 0.245296425538139 0.0905451255907428 0.748470657273525 0.99465541769932 0.506965539125781 0.687412039334622 0.0881102284543349 1e-06
0.0818954544871119 0.562589097087679 0.456567732961434 0.517762626877832 0.122372895646437 0.247482905555195 0.0374096281936394 0.375431043096998 0.0757310425258803 0.0302408149421564 0.0719320674929368 0.264581825037426 0.124141823256877 0.0303825809105455 0.360379569899324 0.449277539703524 0.423962698557426 0.425610982460813 0.877018977178018 0.496836215706421
0.140794236124275 0.575898538816525 0.172532737790131 0.641860539380957 0.442113170765525 0.238984665952051 0.135732727509403 0.195585749176884 0.326642060985955 0.146727645357077 0.176510405641678 0.813461441924166 0.267459320889824 0.103971142244646 0.779017862824449 0.862592996029367 0.371453280900096 0.557310503886932 0.0292976172256624 0.999974466618916
0.0866544604671906 0.653667376583218 0.290357092396084 0.697996305911199 0.800058392291687 0.202627091056501 0.0585425795889068 0.940878274944833 0.284824604176539 0.382433705660127 0.322358825201729 0.775581987303076 0.163453946661779 0.110438422958081 0.4061294121189 0.990090710938536 0.631030396567614 0.266201024060282 0.00603438199380468 0.040570148396528
0.206991969722407 0.688878865322136 0.728640435254558 0.557038738304092 0.676820664279504 0.32989495701693 0.0971841061232661 0.337048212980304 0.924793607131349 0.71805811098468 0.820582559562034 0.804045130124804 0.615668602307832 0.196785798322907 0.753215742909816 0.983499184325527 0.701915473662011 0.59643438682156 0.644034895649034 0.999842535181022
0.643689622330673 0.654203233068805 0.974452482478832 0.603253369784336 0.988790907152681 0.503291078365855 0.110719071850012 0.969075068235323 0.977268285972261 0.872349929819384 0.475837814401744 0.754062783778875 0.677741252758072 0.585936670210714 0.901062331793522 0.983721950625579 0.727728032691074 0.912341787819892 0.993901348037574 0.114893783509066
0.0294481654473588 0.367715094593378 0.323359284664194 0.440607196377754 0.0450111716248864 0.27430223774437 0.0291895778052642 0.0501605285025051 0.0119428383807221 0.0583312000933877 0.0207256596700403 0.611741244340746 0.00852240051166448 0.0139584060937847 0.485168370014854 0.00889245480409082 0.318203556789257 0.384152603461366 0.336194208172562 0.99974571074209
0.229118596021367 0.6556667076743 0.81972626035321 0.744593586976958 0.497737594525993 0.192370521399543 0.0697754934586347 0.588183942081033 0.0211004369419523 0.205242529008298 0.598991545951719 0.991816828004622 0.295741936748909 0.123211492811921 0.836432997163252 0.325273941932805 0.355037844217958 0.70730912872031 0.000878002530804248 0.999860460632071
0.261924754645542 0.607926131689579 0.776154071543663 0.741774916284179 0.923567821379219 0.387173901273365 0.663840132879016 0.732207366565102 0.968160999947809 0.848502321376098 0.938192121182114 0.940564051453216 0.415268948926994 0.202793066452502 0.802180253022004 0.981753070585886 0.552427339426796 0.726447522200856 0.0948628976137873 0.0377384934906498
0.501747388056689 0.667644944649071 0.701745481304082 0.752281406544558 0.967972373613173 0.0800258360943504 0.10102040178938 0.858913481814756 0.995505390584579 0.774274898095745 0.756573978866558 0.989150444758023 0.584921005137035 0.145212591925495 0.786947868863664 0.638684339606349 0.508094410581576 0.795515940897192 0.0150236474907911 0.994830256487134
0.16671301201226 0.533410763722244 0.247030773268081 0.69774616063326 0.571348511758785 0.536340013910519 0.333871996345314 0.379994828974278 0.587912197134195 0.528557726994809 0.294632478227208 0.923116517110484 0.291941824349224 0.171224855282759 0.62843103304763 0.985288787596192 0.652610518594298 0.860638518032215 0.0405642292004273 0.000647880794092278
0.195910103178984 0.496638290453395 0.311538164739314 0.610007929754076 0.308657989655907 0.270596053408728 0.0954885770531851 0.21714825391021 0.0301051550391741 0.201182775334976 0.0858184296978188 0.69822421600539 0.130767020499964 0.0345881104150608 0.462685467781354 0.196084223181852 0.407836227285585 0.750376279025772 0.044969500733115 0.000315608717113688
0.644173010698658 0.73476954348202 0.692165719426259 0.72165137442082 0.928846710229364 0.355884996067473 0.429761327590914 0.931838231832325 0.0513806539756367 0.889428606298204 0.712960920409222 0.953166824519575 0.180262020161692 0.320556031814289 0.951458464414293 0.881930168805663 0.780673720245901 0.716388582514225 0.227703617442598 0.999919770543787
0.215357225676806 0.612992085234139 0.473099334224411 0.756378537206545 0.924147762455215 0.710039480430622 0.295457067078851 0.558553043957055 0.273194445337244 0.346454332879155 0.3821834401767 0.892374421180057 0.113983530449651 0.0470694224854988 0.948137331296929 0.880120877079965 0.307613027607453 0.70617668250745 0.0226390737990777 0.287693011904599
0.0857882527621779 0.641590984015371 0.355662774087262 0.557393821450825 0.174896456939372 0.494215533697115 0.2173746954016 0.132757582870313 0.806426436304271 0.16824534149601 0.0504497181093568 0.99104021172184 0.149285964542733 0.0692407548789138 0.337416363862409 0.967456933696558 0.611285357367355 0.317320716219713 0.943629702236054 0.146929031068702
0.427787268415246 0.686560602701819 0.475240623650018 0.692259561188932 0.734476869135969 0.143531984970007 0.466210080295077 0.438376636256609 0.571194878455458 0.498177452708071 0.657309265629205 0.887258120474366 0.165159112452722 0.120342834967489 0.642378295323653 0.490599121345075 0.474249319688033 0.542014664598076 0.69136203038692 0.794545074647565
0.0582274306704783 0.527703478424305 0.451682078179968 0.284708108227155 0.21171081549351 0.0509651688888187 0.0149421281002624 0.0516818512714629 0.142163379416073 0.0617082346331508 0.0245567062918681 0.94947262491024 0.034082769137701 0.0425305102679564 0.377496459830744 0.0998601366420934 0.377670286792895 0.495153958200328 0.00211042331997746 1e-06
0.262574389370512 0.687555141408886 0.377795112183754 0.599333826670005 0.0933338929733305 0.172991242044557 0.0462640655447519 0.775513178527767 0.832888130938407 0.485019530217178 0.155854648218685 0.998845393655084 0.0937326367937033 0.109657050018238 0.213625189742903 0.989977581683025 0.63623088016435 0.390065067983389 0.0613170012582481 0.174007621254164
0.226045014864844 0.616941993566156 0.583688293578658 0.588492626490066 0.638960209121724 0.134840076287038 0.0609663129464861 0.550293254589533 0.750221521484299 0.483006226660322 0.0334700963995505 0.892415169061128 0.20364128415378 0.185498831147719 0.631155211171187 0.977245038360998 0.288636272471255 0.380473253050965 0.893877878464061 0.215556714268526
0.10313533505212 0.582969751518822 0.488737828788532 0.640147256536497 0.782088209911947 0.379513406542595 0.243624376863713 0.31390103766007 0.986142094610946 0.770190540480017 0.175982657149517 0.996318246999859 0.196430764115276 0.140674507841776 0.25982874062035 0.964950561644443 0.556050697672913 0.581815370598591 0.999796450259836 0.6006480269329
0.0422514685598099 0.487557345437324 0.334841817614658 0.648588259546255 0.0597739227546267 0.0917169811101949 0.0205973278268297 0.0156108016489367 0.246922115100688 0.154443506879357 0.150329620156816 0.671080986129286 0.0421426535213957 0.031980887114277 0.202323153865863 0.372050964922025 0.481014806444556 0.247688760709617 0.0236370176455029 0.276314487957244
0.0281721333799855 0.491355047578212 0.19095436268327 0.809012646187776 0.174760573861374 0.484976283974057 0.016835334058916 0.045710911270497 0.937620371079606 0.0277483428735758 0.145745902376078 0.843780836127816 0.0116788087711377 0.0255626079264169 0.465894308390609 0.16869883645124 0.554401342046561 0.186683192807801 0.0191097904326396 0.234850184182029
0.388575288342778 0.71046365739445 0.639593417655068 0.597708823733458 0.995038467015278 0.42008551088751 0.343043122387223 0.853574416720736 0.979991871910697 0.915503195662952 0.89832639691116 0.984760469917121 0.438730431068129 0.216769958658851 0.883268288379235 0.986333781636034 0.787691133428508 0.839677683826784 0.749510366903675 0.00849632355898932
0.0388839915416877 0.519227679998591 0.335424269857482 0.278976281075507 0.416961095678482 0.0664863956675541 0.0235267439436348 0.190965359383694 0.175057264177959 0.0759064842574095 0.341085639865299 0.959389781609873 0.122259318048759 0.0799959465672892 0.719332213066876 0.501089651555424 0.408478330719403 0.404115747705195 0.00300551833839378 0.479224475740499
0.445889270789547 0.736589667540802 0.318839328471345 0.747416475092414 0.973887374270887 0.435906684227386 0.450634123951759 0.84447265592766 0.906940467352733 0.649571503072703 0.949342381904503 0.816147142288415 0.175971225554599 0.0949255165287413 0.231803424810631 0.99138243741044 0.479375038563378 0.50983078863241 0.000916855250515205 0.943231762865001
0.24628407301218 0.639039590814785 0.367628281442647 0.514042216600193 0.829479786067525 0.244994128480491 0.264953033325848 0.439070534574946 0.740379869064536 0.313123261078461 0.955911046802453 0.99938653265972 0.406367741864756 0.177070630122926 0.852810280136167 0.654000826836539 0.608259896672701 0.736991349077884 0.597064495334178 0.0121394801117345
0.375640313717805 0.538952515941206 0.255623297024234 0.72931161966649 0.371101474917225 0.21074972054981 0.0262889381541204 0.247135224026046 0.031513899531206 0.499728127524847 0.506591505670127 0.82548512485391 0.38127277978762 0.134543623395551 0.474626934639966 0.175630978376818 0.708000103422347 0.613351131180722 0.00612814942807637 0.000698749944409383
0.133852474492326 0.505961402074029 0.450204092744879 0.66028802329068 0.555786378214821 0.835062739615778 0.0625172564989073 0.138528488607953 0.489324046869127 0.257148360606572 0.349607495405081 0.714228169387178 0.332860917632406 0.0494241039907364 0.608902964658586 0.370168130898778 0.30457684538588 0.303974163508503 0.00771283818456626 4.86400618379258e-06
0.154678938069333 0.352074999246575 0.263748301165201 0.671209592970484 0.133372776568845 0.22281721285452 0.00577084986157078 0.0236523507433613 0.880419497318465 0.243847237968205 0.105590212561978 0.997131200257113 0.177361127774976 0.104021666541132 0.163593531353637 0.236957451266731 0.463857693930842 0.465921300888161 0.00914046304001191 0.000488070595600767
0.101321520909836 0.584455913121455 0.604043060508856 0.387005097447835 0.507946878759713 0.133147303303111 0.255061119324822 0.195212776092063 0.306875159182814 0.108597992205699 0.0378541761175999 0.85760877624113 0.162553565227517 0.0709967279007643 0.706230907533578 0.381481169466298 0.258847286939677 0.356954203893898 0.234791313302273 0.864464248231058
0.427355141290426 0.71093456186563 0.417264727896313 0.804260169001699 0.693918853983557 0.771284258651481 0.167399239779735 0.991403805278226 0.142593523494907 0.960621978542404 0.839399023620041 0.995339497632857 0.496556165733786 0.352844035635678 0.616273095195915 0.724037305130893 0.398964486676462 0.560831632706144 0.210806285463985 0.999999
0.363604703926087 0.633477190174909 0.549858136101735 0.503364837356511 0.863585032119557 0.448938786466262 0.111812261291103 0.923594056163948 0.654715064760103 0.489205978548656 0.738246178590036 0.990873547408368 0.418556886010701 0.180964717900074 0.880447189151442 0.999736435056749 0.691043291778619 0.47697703587124 0.85436733804188 0.99606785619795
0.35352517213217 0.729930810208716 0.723279498856264 0.568913537594682 0.886388049285879 0.613632029200184 0.644082182450858 0.665633778317138 0.699606050907501 0.791461330643785 0.890404188767674 0.715631040205641 0.517124882691188 0.175375376032197 0.782731874851597 0.970514088854598 0.437674127477685 0.667398637760783 0.999864530921869 0.00521618765163599
0.071841909937437 0.426442044831611 0.272560651139037 0.391390579794913 0.00643564317757601 0.694955854324675 0.0240513148187334 0.229770022295807 0.0732764263590101 0.092781918008506 0.0777801428282424 0.783087757632845 0.193824861368752 0.0632827384615886 0.719980830241493 0.402537852811262 0.477016941808404 0.582199891844039 0.949476854390234 0.0273264698637329
0.0430652051355241 0.554221571383692 0.100183390152428 0.60177509349436 0.0600847474691918 0.0418866015180189 0.0253713408080656 0.0462065640597814 0.0109547319968293 0.12633862521921 0.13001683039103 0.407360708285786 0.0541822680007687 0.0499307499626601 0.218708590732718 0.687067413443231 0.274267186213867 0.359085063860911 0.748227238553803 0.586652562240123
0.917102907441738 0.869484864039316 0.964762469407394 0.786386559766724 0.999792095243306 0.552970770523523 0.307957394223272 0.997457231404904 0.997915358334668 0.997325659890796 0.999284905436637 0.999185839094426 0.910328546116249 0.805613152998276 0.992030019911788 0.999861992262995 0.830216124565435 0.793488629587031 0.999775364124249 0.999999
0.293655820719166 0.679518552036452 0.804707467298379 0.558227929907699 0.288625959316812 0.261993469585992 0.375962820937253 0.59569327004766 0.900942182309969 0.595862062423011 0.263920300527901 0.746900296600323 0.250690015463244 0.144156882479482 0.817926330125718 0.986118758092263 0.26219178752563 0.415926511068438 0.00277603920031331 0.00595361192686093
0.133596615636865 0.527782125176233 0.340374836958437 0.789854827125144 0.774883931703887 0.235520524076653 0.0367532425537645 0.0616234496758319 0.955060437102124 0.19328133090095 0.290057147900771 0.82273276067908 0.226066258262519 0.194081288285252 0.726041505743312 0.998304902892816 0.486884639315638 0.472439440655133 0.0336470525910262 2.97888039728102e-05
0.484457751535981 0.684138695842937 0.964818751392719 0.614937354152786 0.737362037645514 0.530037554954992 0.321665921455391 0.5115443737588 0.587536379829459 0.761913843504381 0.44324372127709 0.991350766155619 0.643864173360523 0.252795480316619 0.779190130533329 0.989936363619363 0.462979244591857 0.76099971637419 0.383354243962631 0.762449096824225
0.630708575598425 0.782292176416175 0.900323825091987 0.844174711250712 0.995712140573047 0.519262128519983 0.815546413730205 0.993652965392175 0.96445920463723 0.945423419053013 0.973243410470441 0.999742596192183 0.730697005072308 0.449062048853989 0.951003831724739 0.981029904986442 0.495818598855808 0.833643451416779 0.960542881712773 0.999030789923578
0.0337868051699802 0.718813705600785 0.545026074893826 0.622085611364669 0.672176535854744 0.239731299404611 0.0134814359571983 0.461759799991518 0.329592743311397 0.103610574881992 0.482647584117623 0.958180158989991 0.238570781180929 0.0758232735745894 0.52152137936263 0.990951684605027 0.16205444103221 0.445230963020125 0.00496024341727635 0.0043633331742445
0.363198420786597 0.678078781633639 0.898486882858817 0.685796156687214 0.465040413197916 0.234136823673936 0.0506281499385268 0.981126196033988 0.243411923983957 0.767583494039676 0.579229800674174 0.923082012278346 0.158039960665416 0.133042594983267 0.810857248813275 0.998708231360982 0.592277746762706 0.508405472708358 0.0224752785753261 0.999908563578347
0.337749210870406 0.494719754620299 0.839994277362892 0.721727223279082 0.82006104098119 0.452698181725389 0.380901753603064 0.592927958654747 0.70389300204852 0.420287371963428 0.862970882268074 0.908402563434574 0.280148273187595 0.153211214415168 0.769362881606926 0.676275042359436 0.663782335109711 0.717345650542858 0.948311580043095 0.98939001880736
0.109928686871622 0.583309983117305 0.51286653444617 0.647357468225476 0.530678017007939 0.330798579176382 0.10356082852486 0.237193234202292 0.906060048974056 0.130614618667581 0.261867747972336 0.951277189375879 0.0983651219412009 0.0813413692854815 0.328561476480273 0.87472545426158 0.434612280076642 0.472481217413527 0.00259264119238753 0.9999761644896
0.195532522036136 0.641251935664233 0.635770225270502 0.336616250718485 0.598018955995513 0.217504585239383 0.546939939818301 0.875096095585664 0.622001396082077 0.455416169981377 0.611275536031917 0.991851079289903 0.314313801395248 0.281614106372615 0.887566381746766 0.907858882258792 0.727981634067524 0.643707163626075 0.0323952324363208 0.99504153690108
0.2677990598189 0.597767960949412 0.327228053665576 0.458172611928354 0.326360781808221 0.272571290405526 0.199463136338312 0.483657966324862 0.00698495888211106 0.560185331411097 0.343582002752867 0.854970175553784 0.170030147124571 0.126751868813856 0.90399025700025 0.708820045034402 0.677695615167983 0.528877888910499 0.803983208129926 0.200727210837857
0.0177316782116251 0.369222171535265 0.154768867791802 0.340833741221697 0.0252210297170257 0.195915910997539 0.0202048475596422 0.00871652290952171 0.00910987152031602 0.007535319027422 0.0124146672730264 0.0615914531525954 0.0208034288927298 0.0113565816793226 0.330117823945469 0.00232585972152752 0.107039648955129 0.418052065502465 0.00143046446629854 4.78093329995051e-05
0.391255687855841 0.684339084628754 0.634543147336573 0.528559089072786 0.994907296913968 0.599912326682436 0.176887648747893 0.95943802424481 0.870575881354005 0.924967705153766 0.894972735445392 0.998208777442259 0.689499037653647 0.444225606978427 0.677002194585605 0.999094844357664 0.346875715745178 0.74993825009156 0.325945132230394 0.999973877568674
0.215562314308221 0.768196034242002 0.812018371081258 0.434946714710723 0.84346114585605 0.0810769586731843 0.276697430116119 0.0868589879343834 0.271742340951425 0.432927683299081 0.673752604889149 0.990097607054239 0.107095730138363 0.310203784354983 0.708188022732159 0.607218164135689 0.393801384228397 0.580269872065947 0.0144770653940494 0.137582745964961
0.0795775512752786 0.423860986276075 0.0889583767133054 0.490731680182952 0.0650140405308777 0.0792404013441722 0.0571603802253183 0.295007501958989 0.0253864551276952 0.173459101209782 0.0277758846604192 0.624146856638058 0.142719059170172 0.0752368701749875 0.193533246791757 0.0134130572732685 0.411437680364383 0.310226804257644 0.109160125481023 0.0195112528892534
0.577037424867535 0.783359758814331 0.716118502877825 0.819210238104489 0.995192540432379 0.363217872243674 0.476722266105473 0.952723800573087 0.44711520057723 0.97196963139018 0.956405172663724 0.990100414082446 0.836948867950149 0.421119324127213 0.975212608452447 0.999379336169783 0.310614050410939 0.647835665302794 0.0678489458977143 0.992209116160072
0.0580305748269055 0.471699134892674 0.410736356081497 0.710813606931029 0.162278712182927 0.14301118155228 0.0817806936383089 0.559095642954923 0.70053322245853 0.155221736706952 0.116720550457386 0.95873956852094 0.163950922393957 0.0554649993597439 0.517582447593021 0.876256844143762 0.36645652587579 0.609413700279772 0.0974672582748329 0.00915500958648083
0.199172613943586 0.585462957853164 0.305701647303788 0.583004922468895 0.184648451778892 0.554322533420298 0.096944457459215 0.911071107818815 0.35215407426399 0.693482842398286 0.0740127537244428 0.891190623962761 0.434677698983284 0.245350271701275 0.665214884109992 0.773350360362896 0.866027460503806 0.555584052704321 0.0525561682671022 0.770370423071077
0.0775683436066694 0.570547101350461 0.37928751960628 0.624383175923574 0.697431001401284 0.506214697990852 0.108304956222924 0.0973801331875271 0.334202389711465 0.158989507871255 0.111637835414994 0.578693310969645 0.0475136053086367 0.0529190343355318 0.150310804368598 0.904862866212003 0.193014393928863 0.388466017518535 0.0750886488732797 0.975697602092588
0.503065423383284 0.59573206383341 0.850465450473593 0.741809312118694 0.971250724654933 0.640830304837466 0.336857659307695 0.741283637676861 0.963878591879364 0.716303767396633 0.628244030623685 0.994395123562712 0.422552058675274 0.198164969932535 0.760527748448729 0.997552938654295 0.480768061457025 0.642166625042788 0.0944795591751543 0.994685980686283
0.243820384465941 0.588691745913984 0.754863109292364 0.768136757941913 0.634319776749063 0.23052490620361 0.155967541874847 0.732313276700169 0.814185915600094 0.408597736436853 0.199324072738706 0.969578565800235 0.261448267995587 0.214637344890332 0.597242630113568 0.879466956791738 0.465379552887648 0.587611054030522 0.513472610614247 0.994565041109549
0.0866905128599856 0.629300982043754 0.383245582321348 0.483937226382622 0.165796600265528 0.284490227321497 0.0129456336999277 0.161932767609587 0.910010183285499 0.153218666884083 0.0488367478605176 0.973348796760343 0.0493472852549114 0.12775982647539 0.657662421796309 0.167197813740718 0.559870607144542 0.285777751695065 0.0036249061985799 0.000554536193976392
0.399130598057436 0.621346318177358 0.465706950574809 0.739082510343279 0.923627760125711 0.128827384169446 0.0895369959232857 0.3597829911209 0.702992042915594 0.347057797578369 0.336779590850646 0.988138528046954 0.398582983257893 0.178047417482737 0.659614648758346 0.687040622685128 0.801734339492847 0.319370014003713 0.168552212219912 0.80874785787462
0.576967988415411 0.64557002743963 0.811706701222383 0.576716307227846 0.817796047462852 0.762026716007016 0.413651837144678 0.787436980672767 0.889300683460651 0.70286169071518 0.866119181928402 0.835110421260092 0.659384155429393 0.281730350029978 0.745001977090403 0.775913272469806 0.496551825629411 0.495926582333453 0.985946191253943 0.722038531413116
0.184545775219034 0.702232472881946 0.928500408301493 0.726854090013987 0.618706783753125 0.510315196851543 0.430588791086507 0.958136611073577 0.571723510298351 0.372245364499922 0.656771345071224 0.997951464554018 0.515211339062667 0.290043185920724 0.849566540261288 0.730833108884463 0.665740267331056 0.70957995246297 0.986962608486774 0.0884722403156997
0.0112542224379243 0.317716459546404 0.17001565473944 0.289243795889587 0.00278606270780535 0.0945154931855391 0.0110515817170497 0.0093995997738463 0.128171904720222 0.00791666117291433 0.00346727799132308 0.141628257257811 0.00962595304221763 0.00774815747132854 0.295791420632895 0.00636298647147577 0.375677783564488 0.230718674115385 0.000112954019649444 8.81571948516182e-05
0.0238069829184855 0.530454360810516 0.432002033695866 0.385897595079814 0.105669570019961 0.2401774254653 0.00956162128663203 0.0237666550338062 0.0183028059536867 0.0111650908035924 0.0639064063507083 0.181367906390202 0.0397503028930272 0.0619510751879964 0.176170115045502 0.0741116366170649 0.303403324464977 0.329031728698024 0.883742874621004 3.3486398906369e-05
0.868721474004473 0.834732660731106 0.991145281015161 0.865982892994063 0.991316664953128 0.791872233736304 0.740690444605937 0.982730634185917 0.8818346738962 0.980937729349666 0.984372212245582 0.966399982391427 0.704249311481476 0.700701587419905 0.949586521913878 0.999962569763001 0.807854525554646 0.774955786464852 0.99974867795329 0.999795612303911
0.331695101221382 0.696946592251152 0.887384398923449 0.742831235336136 0.845373581049174 0.67726219393057 0.447609283898413 0.796979301899406 0.928567849141517 0.64011400457702 0.771937743087274 0.403352359984137 0.418295611751246 0.245619309352187 0.638781024069039 0.97169387020598 0.651561894627268 0.659019803727291 0.439559527495306 0.00162363722243256
0.224346158462615 0.563058308379359 0.340222108830922 0.63854673501487 0.541142738667836 0.392290102109986 0.0242107086412062 0.360592893698224 0.455370149287744 0.123406746819298 0.274025009377554 0.853589160146005 0.169594823965298 0.109971639152133 0.717534067163789 0.903729764206696 0.325086817006471 0.69621574084522 0.966353469932054 0.788836753596418
0.101273647881542 0.530228183725872 0.370745544770803 0.720968959433857 0.45473364412584 0.478420867448701 0.116565221332608 0.0399919956811539 0.0550791061362498 0.083363106978878 0.0684280115503943 0.928614072220837 0.105959176996435 0.045265353037264 0.802688481063433 0.858378510302379 0.265319981098138 0.506891522049333 0.233241270679464 1.00207503614803e-06
0.0301879757353396 0.507770244802495 0.830045575070014 0.498515034010621 0.267672514613165 0.31574628757308 0.0155291064852984 0.0206688382476237 0.115891171753875 0.0191616683055313 0.176469469085347 0.728835414573656 0.173591386555282 0.0455612505927983 0.821687544402578 0.895626281132036 0.353615407684879 0.17358724479052 0.599209155635524 1.26328069997109e-05
0.315696840909934 0.604304439781268 0.85979821507262 0.575461460885988 0.908004229065205 0.109447087644816 0.293446060192604 0.584399629745798 0.270724785617225 0.70801013540377 0.201830346415577 0.44320674425611 0.408159530018014 0.112405852384111 0.845193565988515 0.999981954062572 0.644681609513143 0.517185241990305 0.924927044086981 0.609028977631389
0.375582935256636 0.733697943577389 0.478664478589236 0.892282600967117 0.0894304937659768 0.366380700780104 0.315523398100539 0.461579155162899 0.409965735412734 0.517064387912222 0.828033945326822 0.216713384957965 0.474822527283065 0.102229117146456 0.824490626767085 0.974464637164796 0.419258964561715 0.746872863963795 0.303464597282697 0.999990624633806
0.385776765152671 0.671991980079865 0.483553522881995 0.529346337424787 0.876993934956093 0.3422275294276 0.0952685208096244 0.347290103893969 0.751678536003816 0.659811063179891 0.744437402205602 0.552801885321171 0.17558683264829 0.19899424939846 0.675480557797393 0.979670087496583 0.408638569672423 0.868662389054014 0.0601111333903982 0.995156521156903
0.0159073063421364 0.444006329077389 0.0809039123255428 0.492077619671135 0.0022303381685752 0.314230921512411 0.00734337806146698 0.0059532672090055 0.0158940613126611 0.00680588900153124 0.0276543455721221 0.264963926349485 0.0181966048448535 0.0279777330920568 0.11804719682073 0.468984741202003 0.381403897077544 0.126917808768333 5.91912009627505e-06 0.747652201169772
0.296150152017745 0.585504432940609 0.420430386702924 0.831694578757038 0.810823573027263 0.566375250023267 0.761233913474285 0.852906273764028 0.0881144139265614 0.597624709955405 0.408030676848026 0.982594501809288 0.420892259351579 0.219952680441426 0.763641150689716 0.979060807174161 0.466593173837221 0.62628416609514 0.974224736102174 0.0783872735714492
0.0302783242486839 0.444890407391279 0.265447651046544 0.449456209257336 0.0252153897754635 0.244532355193038 0.114108656902755 0.582299453933348 0.0411675568886325 0.201495674055346 0.0356002369213312 0.131151438171058 0.0704962140346406 0.0458018600760082 0.385439018052772 0.0282093106504114 0.134010020536784 0.535605705709854 0.00610493080572273 0.0106295134773979
0.287185254019421 0.559250680121105 0.315461359169749 0.506173737275888 0.430099774199224 0.219638994745826 0.0459911967505547 0.716140336212947 0.90102676026121 0.172550334557154 0.0727139949716112 0.953653812516976 0.272403708267018 0.105721125948338 0.651890553264808 0.971092686529891 0.52067761009313 0.651827592668777 0.648583882109311 0.999724757749628
0.19149089952544 0.696960078246498 0.657861450935971 0.513460824035625 0.9185535220014 0.15786392863955 0.172752203035743 0.70371478129183 0.946026264562962 0.277867501375521 0.543887955379081 0.979910000219378 0.413366392195868 0.120994397991217 0.605448817550927 0.989143807071393 0.63137926905673 0.598948228112121 0.335787182798383 0.969138918035418
0.184783385291881 0.526903700137729 0.748728417916155 0.446066141911898 0.421824274603799 0.10153237220271 0.21270095465083 0.734674850094175 0.203563088181738 0.223600459019675 0.261338808098198 0.869454994222695 0.417055756701553 0.205899996537201 0.449668036755799 0.907399890326341 0.160912019580765 0.654204308053918 0.144828214303801 0.990292903036496
0.161720252940196 0.383883416694125 0.574775210473428 0.786585518409174 0.290126098547272 0.355711199161706 0.018377952382867 0.302670312687344 0.0260861929751652 0.131213653086342 0.0335412256363279 0.521661295601931 0.174143270431809 0.0401207881772095 0.457399688233036 0.657494859389459 0.382668646674215 0.432441964420761 0.0396821124364578 0.00732533436972681
0.0332631734963403 0.364624612940453 0.0945201473052236 0.614223780502134 0.0674699429485462 0.154552703225261 0.193871596607319 0.00352063665082585 0.616977081007183 0.11931096327183 0.00257259369603408 0.211461978698129 0.0218650287157263 0.0316269394576244 0.0778249135548179 0.021997571765652 0.167195942326219 0.285853013828745 0.0382165221821373 1e-06
0.0696026393913333 0.417496556127378 0.0952311462585025 0.507507343455168 0.206132344385771 0.10905125889372 0.0272624764003509 0.0735886698519301 0.057353991092781 0.0756046844257673 0.0949770420030942 0.985362822205105 0.093462871271229 0.0931901254413059 0.726484731918964 0.937022912418713 0.51241862644331 0.644607152277408 0.836812835361489 0.0423256631863003
0.065610697852605 0.479236017602216 0.635920223359549 0.704160260023226 0.523438141656929 0.192207692068712 0.087441730005162 0.0322428069965895 0.188167349063556 0.175932715469637 0.0829618117508593 0.902830888437137 0.171665350360163 0.0495195354536527 0.448841901366086 0.481661139704779 0.454735954041283 0.324013337871573 0.865412239533844 0.668870820117311
0.13032616442631 0.578440450746582 0.31482339040803 0.525138893643579 0.324704008106799 0.360129406251551 0.191272525827778 0.646281673310447 0.0480132927911024 0.353973676174467 0.244313272183299 0.713492729127027 0.102121919036442 0.0483124890378532 0.802730217341791 0.828003992587025 0.410686420821888 0.454117491116409 0.276023165057611 0.593287629635855
0.0676093268051959 0.49113998637821 0.467507592705331 0.483036534090554 0.111988769741541 0.407169566742637 0.0205118899719193 0.0215871351905123 0.262750695066276 0.0464852459832282 0.0523747737123701 0.79853764133723 0.0545049498263227 0.057388744697617 0.192153199841945 0.0290558802376647 0.38723763618174 0.124686393089671 0.947267810529701 0.683660131503631
0.191761955839132 0.666833982971568 0.649844520116431 0.651324685846524 0.895534019199625 0.216676032655154 0.333143250076722 0.909313571326136 0.159707980098897 0.731743799511531 0.713875819975613 0.997031797887079 0.358382579734487 0.234524858334534 0.660736253760887 0.985035167389554 0.571708272202954 0.683712515582348 0.922918775186036 0.995633965231207
0.218747961112386 0.637055772423945 0.483038545198565 0.715708721976691 0.408457261515585 0.798280420886502 0.0209979810815968 0.889667370130728 0.919158548302612 0.582380128943338 0.264145008711851 0.735210153835458 0.265416776481513 0.108918236252097 0.858740713047895 0.914481252869661 0.335511399921594 0.372293623600775 0.090701604716698 0.00574329394366152
0.298373243272931 0.633405418943204 0.924363069550037 0.564311009408398 0.852933438187001 0.630847581090219 0.901057978337918 0.759050695667936 0.391725812016466 0.742306973221452 0.716035841911741 0.913647847789758 0.254899554523297 0.19805292607401 0.669564155327859 0.969684166237573 0.538597344964532 0.595212145688604 0.0217285472836611 0.00575243036020772
0.242659830900145 0.669711759476894 0.529931711674256 0.648880715979033 0.948801681839819 0.34911346962491 0.190426487509975 0.956702738404254 0.143090260011707 0.800349077124287 0.802981085845188 0.912773824120432 0.467517099459117 0.182229363477695 0.806312589474431 0.996262727042023 0.738414666088303 0.462937792382625 0.996530701019892 0.0479903165110066
0.0678027482814441 0.626599294100863 0.733323495964179 0.626240603780626 0.902611598695775 0.226236145090862 0.18837767657896 0.86463474584115 0.339468581268524 0.533239905062801 0.891742658535779 0.985282937290346 0.343629347660646 0.205526113840657 0.493886218830629 0.984149494804542 0.555316026331215 0.44010126106198 0.748807871360295 0.997324596612185
0.424345634669788 0.708857906996943 0.980243638406859 0.834882677936362 0.983684001122057 0.378339749049059 0.544151169445901 0.69548922975808 0.998118688814045 0.765265216171968 0.590384797127764 0.995966724917375 0.491711864857581 0.412199963354325 0.707705746548879 0.993428624280176 0.618056950408234 0.792453951184731 0.879140318326574 0.0928180494400659
0.309306619697531 0.710174273916148 0.557806003506251 0.497425013341852 0.971194605388166 0.447830976487212 0.702988663542403 0.963647334040244 0.938615780396698 0.904020779231932 0.978510543949215 0.823333009955149 0.476754082099073 0.161877465865627 0.644180768789486 0.999249399414741 0.446668074798544 0.506638033004987 0.668547086206578 0.999999
0.208955096384008 0.618772131118326 0.825861290250082 0.278130240151996 0.541309186596916 0.515244165755846 0.0712140010228667 0.26351615604607 0.737242264996677 0.15465240072657 0.366358094301106 0.996877382801326 0.298953136882936 0.172918147798928 0.899815238342139 0.980722500029494 0.402100109444068 0.425645101953253 0.49188708273197 0.0274119634979521
0.158503206869136 0.57055048247875 0.644244545219141 0.636430068417464 0.308805705815639 0.42155589112281 0.0886354253774351 0.149914681871652 0.0365941704045955 0.349849341246638 0.522491784138377 0.551507509071937 0.263535828752479 0.134778154488315 0.676936672751124 0.900101116090789 0.418202711850647 0.579149369888815 0.00101741882888444 0.0376982026402201
0.50807351475379 0.66493681708911 0.930561618265768 0.694634419848837 0.899786561888969 0.0357782729990379 0.266156302775319 0.916002294584708 0.970841562602166 0.792131871862813 0.970405129377987 0.993951076422529 0.483412974759259 0.466317370343308 0.985072935603499 0.995063722876431 0.598163820807026 0.496321963139264 0.176323950613355 0.954183914162373
0.0386378347552708 0.461127590208811 0.132795618500264 0.498740520033807 0.147871533049826 0.630535946882454 0.0609330263234447 0.00577528586289375 0.0498409976476267 0.0261580773600408 0.00858755514837569 0.681418793262026 0.0906692723665375 0.0507676652494911 0.269292389481314 0.414434165234464 0.315909254458884 0.301438984650065 0.0419066808911379 0.512338064728479
0.207879117812327 0.479802357650279 0.359279775520533 0.685249715193056 0.230143211762893 0.534616137312347 0.0465953732483989 0.116104596620332 0.939100142876683 0.233458753389129 0.144583048127139 0.824613368612355 0.139633988227259 0.0949229110888174 0.613736702713768 0.997776592226069 0.38995395394367 0.496743121424436 0.584874602424605 0.0455170615822846
0.544838816718432 0.738854591815028 0.892353110278301 0.728320606595377 0.685390659911143 0.498035397310518 0.604662154682011 0.917669831305908 0.987502485495554 0.938722963908179 0.977920384759749 0.99830494185109 0.495327345696464 0.428812352619327 0.750188059271444 0.901056148195176 0.587034029094294 0.838877593164379 0.98783691448853 0.881791568976949
0.0698280296920218 0.451807405394564 0.224140843250322 0.482439383868315 0.363327771301697 0.357483067881595 0.0723967162062879 0.0965552789978025 0.0773427320255541 0.047582946090387 0.305514854668205 0.81819909555689 0.0508875945271701 0.0385960949157669 0.374698743464057 0.819892308033128 0.237914750619024 0.243056394724757 0.022872923210807 6.91705551090395e-05
0.185886419274696 0.592452121850881 0.668886532288234 0.622774964049995 0.884420877998009 0.547739605398136 0.0897365361329273 0.414865540890219 0.897828236023481 0.764080982511848 0.394040302023601 0.947144316129322 0.408447576220283 0.0855429052136938 0.658196581022039 0.999928532285856 0.436634341992965 0.450862627459742 0.000155243375748916 0.00061018202597154
0.611987489997751 0.673225202769969 0.902752037180206 0.803665271649032 0.668377867848871 0.267647194469303 0.690997881675564 0.454715681029186 0.971480935688797 0.915678272463325 0.773814564206515 0.979304848419734 0.380857501450717 0.260800950199879 0.540016036045885 0.78040752437678 0.366351366377865 0.426013638506573 0.0244494409947163 0.138777078779317
0.39805739684561 0.625738181963568 0.460277119414145 0.620258513189927 0.93589040414405 0.353677849852306 0.175279148746936 0.754210356146854 0.854416835460628 0.559412731149511 0.961677837637458 0.998622619389036 0.396936316501632 0.234996484977041 0.923269967201559 0.486897229950644 0.739137318398766 0.62991025335675 0.243278113417465 0.0327257994304847
0.467203842061792 0.638116920933011 0.60949508174128 0.867003928304854 0.900493829647464 0.0873978274149141 0.38445419632766 0.940547699814761 0.710431961811165 0.93202104343281 0.981534484142043 0.999278373818056 0.740136688753311 0.38729531347272 0.75555250107394 0.999920529738624 0.622697905333628 0.773533533670627 0.270028599064422 0.893794902948255
0.126894573217594 0.557666098946146 0.420707510712587 0.596522357426331 0.381104287363263 0.177692369991271 0.179266736057428 0.344950122524778 0.459552463049175 0.12303328661181 0.102963233384888 0.996384525003843 0.26861727679961 0.0979633803690661 0.923633882736754 0.765645676426574 0.689140297328994 0.406610800011812 0.995881549603481 0.0131737379949047
0.196344215334639 0.716639826426404 0.558911923969129 0.607104896341392 0.0533145175976625 0.183015316277927 0.031958447968619 0.855142879796667 0.340063624536398 0.361006178646058 0.580118985396928 0.635687812330522 0.363174622342963 0.0730330886240371 0.516726633296452 0.582943751741287 0.632238939689024 0.52509621374735 0.629508651819054 0.121644943225976
0.714932419034893 0.769873603731756 0.888534796648788 0.62314851571287 0.98897493247008 0.363402935761285 0.418547178836535 0.992744967619889 0.957705125620205 0.824969203232384 0.931283955134231 0.961895594352956 0.508281215997026 0.443469349311081 0.931066462834299 0.999930407446281 0.527027646837924 0.870651783831182 0.368153297773472 0.432450253577302
0.195873765995337 0.581304830282061 0.701130496017325 0.362591561635966 0.657357532663741 0.0592349076554783 0.0194998039508152 0.0529469080183828 0.0242627947085037 0.10913210950715 0.0564310436678604 0.949865089706453 0.169270410484266 0.0408018820889655 0.441846846096366 0.810184878920677 0.541774843090857 0.499419923735348 0.90743523893529 2.5227356557538e-05
0.103111545676428 0.429213038897554 0.12987097835565 0.585551513942325 0.746841192698566 0.173434492524567 0.287357003492282 0.0591408934125063 0.382361223479744 0.19741176911962 0.137530382448233 0.7881422635911 0.0879168738233364 0.0498382877456696 0.499635321648973 0.93757859593654 0.395861415195763 0.458456788285325 0.447816714711134 0.933993470041032
0.210469852521466 0.658708868878218 0.351213503908712 0.607574024801198 0.753914945996706 0.496725626562798 0.85538338994773 0.311808111617773 0.850914772413169 0.675406438286872 0.948975956331005 0.92649126766633 0.301613645296951 0.21679620136872 0.833192394670784 0.95206566371796 0.348278715023619 0.625751200197009 0.0102366650766811 0.999415085741195
0.129868149172905 0.509436260616869 0.292406830837755 0.36416636062031 0.928269721565618 0.0501783453940558 0.0213721912468025 0.013642902973425 0.0434300903420462 0.228929417721733 0.0129338711988492 0.958832523718969 0.118579471326978 0.076198930521025 0.435875093721579 0.802321269682525 0.562729592479769 0.442516048734033 0.912568153685171 0.783193041629472
0.576025203589758 0.672679734321817 0.875909509976086 0.793880257559512 0.994829007285132 0.58422016837403 0.621223764161976 0.912082923777991 0.975398147619048 0.924427018618077 0.975920577136485 0.999612507429261 0.89760066978942 0.437690830263923 0.646217551137418 0.999971281909864 0.892206486159295 0.633133843129797 0.0033743678636729 0.384324005371252
0.0328880772905575 0.428410139668467 0.175487106957564 0.712956130886059 0.27053169187554 0.374538240863614 0.212169557168545 0.035177208085791 0.107430053256168 0.0397501306517348 0.00591114741465693 0.800174123822036 0.124698045564508 0.0177256505897959 0.330839588648712 0.00218783381470141 0.314650945359516 0.11200181938258 0.00705563053243837 0.970289111751964
0.528999818285042 0.78068658412834 0.554887590880788 0.610211906174242 0.996204004639115 0.578549093190164 0.897355548796399 0.522855828992383 0.954368519791026 0.927974309514674 0.989315209131442 0.98573847423679 0.839217604688027 0.523023884276235 0.79411250566304 0.991131951810758 0.717539460355487 0.727949549768088 0.885387712010738 0.999985799786393
0.153446795715873 0.512974375009592 0.332038949074496 0.470130601855929 0.741777486949346 0.920716323138171 0.0954385233555243 0.90154277514926 0.151382000230151 0.58981678770078 0.212645748555871 0.885995283532579 0.265707162291849 0.064040002827252 0.51872254066946 0.839761872431782 0.634579673510594 0.426972687365482 0.000334104240772682 0.998849653861774
0.182839621097174 0.681754215638416 0.7854991523767 0.754949830794656 0.930135598777186 0.418507881217862 0.072637304540633 0.801576474274831 0.467345449800281 0.751832586596361 0.945269878090333 0.980611403216404 0.356540379014774 0.169306811129471 0.763569080757154 0.998774603252627 0.384644440234643 0.438876196607202 0.370793149282511 0.126377165924185
0.147291900497048 0.583091536534617 0.705748522053669 0.455974729772515 0.662477842554615 0.120698920878073 0.451606587529365 0.814797368569564 0.105163460635325 0.62396652763802 0.292768089791122 0.966516834984499 0.292033680634046 0.150373432043987 0.754979673750233 0.999943936327482 0.420664695103331 0.752296112109488 0.900476800537978 0.00847975900947521
0.51051043599339 0.658909672590698 0.770910937214155 0.783174635578136 0.7385966289855 0.429444504288449 0.0605797066771058 0.793092784609791 0.664749533660635 0.965190868900894 0.978666521526117 0.878809746293539 0.623676397970502 0.316059331837288 0.877797424384348 0.996738847082658 0.411616883910741 0.69862897197684 0.0197716141570547 0.0121101815423959
0.275488667580655 0.715476701859083 0.702356417388912 0.764550512510979 0.810434330676211 0.534770240301286 0.165185711322269 0.680089062937028 0.993824053421334 0.882962936315206 0.46635808194718 0.989899749746875 0.698363963817929 0.465231502959622 0.665661812766879 0.999000532471222 0.75886864598951 0.699442641236871 0.845102394917178 0.999988420463767
0.361446749800971 0.595924948579166 0.109597039527823 0.602063806098426 0.77891076813072 0.492506962211755 0.236500039868152 0.842235215090452 0.0552918184365203 0.876654821236619 0.303989253588453 0.980800200038236 0.289621271592014 0.218489983444607 0.465013377913529 0.909722929861692 0.469211228854619 0.558567321433794 0.463584695597426 0.999275353474951
0.168291165316974 0.571940072288086 0.848604626740748 0.835888530113804 0.389152523119445 0.164520578131761 0.273944855244165 0.576955218196284 0.452096242737928 0.39237536886476 0.728310226319939 0.703871414735139 0.411772986767625 0.208533864482089 0.845131051947414 0.238669177812753 0.353194152532858 0.430705414817872 0.0983593376443499 0.941650936505728
0.384006275892013 0.716903285330703 0.963203821112209 0.487837678307603 0.989393250653516 0.825182351026986 0.59694878708719 0.999215572134442 0.998220893206382 0.938872134012789 0.986689840026188 0.996835102705375 0.873975919739456 0.357998372344823 0.886680375172853 0.999957040647999 0.734850734509198 0.519655760444733 0.65401797538186 0.318220239529306
0.145370404598792 0.601441865348836 0.440734143692993 0.643653300787129 0.0941596121085739 0.266075147047544 0.30775598178675 0.217316182781845 0.895795693678183 0.09510667143538 0.862419599785012 0.46306073682158 0.177090828160859 0.0573101039873948 0.526688868713594 0.210498279875265 0.529023739359497 0.404732771773757 0.116278182526351 0.993545600715626
0.0262183279161692 0.501957420096092 0.124213292783415 0.493378756213222 0.0638528648921185 0.105784455324461 0.0123350285734335 0.0143089033654329 0.08327194295874 0.0635879694077968 0.0111715531428521 0.588937758075123 0.0825168478806006 0.0799440734333621 0.168008867752438 0.279153318609207 0.459450125865482 0.195098466000999 0.00316947581917143 0.997320919219748
0.00438605431573662 0.299644888349974 0.039076732041947 0.472259498608459 0.00661724882259025 0.182414400642566 0.0188320420412071 0.0026815170045363 0.0127654151301412 0.021808942228844 0.00437646982788625 0.0262431079434025 0.0101634261493871 0.0089309983934944 0.0175242538702105 0.0209434473911206 0.232534482225956 0.104154919326551 0.000307534071497364 1.62567378412286e-06
0.151091544314115 0.637061062559027 0.327935397042151 0.537658252815817 0.589082697119302 0.745890857155924 0.127628444925332 0.34971901476819 0.96983056437853 0.51698337741204 0.333804948548642 0.966576938743429 0.470005800696805 0.123031197449492 0.557592854770997 0.98932470924851 0.442477560972538 0.604373397067416 2.90875313875799e-05 0.990319604690887
0.0981092386890569 0.50218459258535 0.0966566702222202 0.699422488868163 0.0139554577764372 0.150293698416003 0.0368057981850803 0.0018077386243918 0.506837711211273 0.00513836357778858 0.0453562016315152 0.0356883724280925 0.0354724549410812 0.0350321103466108 0.342773011911147 0.940266027591019 0.421008529263711 0.40365658819048 0.991998559404265 0.0513078122876849
0.236131998374824 0.749474256978189 0.432373063796439 0.40054900527592 0.858924493780071 0.308258785185124 0.285020145894847 0.36949171971823 0.0534881873857829 0.767559655875421 0.339277814396904 0.784419961138733 0.346169037776599 0.0972966353755137 0.675834906086137 0.934164932178846 0.462262092366547 0.442475577669237 0.000171025881277123 0.140723162915923
0.192509134850617 0.491609638453133 0.412839265529545 0.567668171938704 0.954633991604676 0.102779725779189 0.0698410107979668 0.704205237568369 0.943910029942684 0.425024890640691 0.638178067432429 0.979064191035071 0.13077808870433 0.0765360437522489 0.835974297081377 0.417465274166589 0.186989215021932 0.628347238332331 0.466822412956879 0.00284459621122291
0.323497819280734 0.565638763596851 0.430199808206627 0.362752626595848 0.887037392726077 0.401812769687715 0.127011798766945 0.966812651590066 0.175089125858571 0.891784648686262 0.784970133691721 0.967629248186031 0.655011700171151 0.297238521486609 0.729973594860346 0.992485502547285 0.596522574269813 0.676961815926969 0.114808564746459 0.994278410134471
0.577807513019099 0.642424220732765 0.597999155739023 0.878547687108805 0.939794221775414 0.645737240622991 0.110511858055794 0.940691361122273 0.445127234553122 0.733652408128762 0.621200378189023 0.984202725221913 0.310490709933028 0.296544242794507 0.783150998437925 0.999813454861934 0.688470655995759 0.763462030247817 0.339958972888603 0.988713576279268
0.116066616176746 0.569821134556995 0.285087402075743 0.751949042003186 0.455490808545693 0.733200877503847 0.0608884947092229 0.463472181303126 0.144258391588953 0.794352063485733 0.851084798005947 0.982619925847827 0.279437052154624 0.148857971553875 0.835218432689791 0.0607896646952919 0.369088655019573 0.468965838527471 0.0471742345775049 0.0287206600472902
0.0370422965906687 0.327217944069994 0.516585890365872 0.660206008036819 0.572819874943479 0.733206135117844 0.0268700052396708 0.236334152216669 0.00711719082528244 0.116441775123779 0.0651828634080333 0.990398371786023 0.0328217440735544 0.133131954137571 0.291003098897527 0.171971463452674 0.705605185209147 0.220744841356102 3.25327071645038e-05 1.08342438198134e-05
0.728136936209674 0.793728755630103 0.749574893042237 0.760998389100416 0.998775181993307 0.757420076832301 0.663271583002158 0.972545026338571 0.998544667026218 0.973712799491555 0.979542496210265 0.995813991641802 0.808750248754989 0.342576980340712 0.982234793101532 0.998651766417877 0.532000261736911 0.893849250989338 0.997321618718629 0.987711677935874
0.0832242364395449 0.463832834940181 0.671642609790546 0.552048943053833 0.390312799666755 0.784180228248438 0.0441814837153287 0.779011007142373 0.0651188103008802 0.246102969465925 0.496191151951496 0.979628079463347 0.119910403584437 0.0825727681375376 0.640654188537789 0.963599241596799 0.462488794042699 0.365993044725913 0.0268601491035306 0.104430872049986
0.425179561238117 0.554395325994016 0.275510320473136 0.572592482268871 0.372918991309817 0.480449006833621 0.0839715854046284 0.788066260919379 0.88307130877322 0.384336153989262 0.115440576776187 0.937384951094861 0.59484147143395 0.142806346135458 0.738277287531927 0.647274597090237 0.407186915281422 0.574288057676799 0.300252167523212 0.000438519786098534
0.0407182097563303 0.588550323961665 0.127050214308012 0.57360737563333 0.216181345700667 0.0437284320321796 0.0972886302744159 0.0999494348011479 0.123099607676642 0.0959636296376445 0.00598205551044094 0.82093636060314 0.0424825826185057 0.0708247410134688 0.553144492031124 0.21952049082022 0.152745530896052 0.355553951383188 0.00174472036186609 1e-06
0.058646646775141 0.454512981186547 0.757121561746156 0.420643603359855 0.55285932602987 0.262103609002476 0.00960539378933751 0.085861042872042 0.198512665344903 0.0321330276105931 0.0473671184936158 0.876270421650604 0.0740536190162409 0.0162262412427803 0.313480441288499 0.531215828242734 0.513024620605721 0.186724436661092 2.19683863180474e-05 0.981789388885479
0.016928763924214 0.429456835891442 0.147641887824801 0.669844497347719 0.106322885852324 0.0706997989458647 0.0188499908109307 0.00141242207478909 0.141702698920636 0.00860313760191793 0.00201719387780251 0.102080834342998 0.0234502380298167 0.0110327866032571 0.142560178780439 0.662962782498875 0.373951458645054 0.401965858365797 7.81761531748122e-05 8.25146093700694e-05
0.0491508936204941 0.354563684098757 0.15098614188256 0.700644778161271 0.0160124526824548 0.318095611074589 0.0867121686145661 0.481850774165763 0.358016502929329 0.10563412108887 0.150994778894786 0.547334351891523 0.0546797464134501 0.0209792252018338 0.682255962520811 0.00426917694737814 0.449883365921671 0.124956750183032 0.00512658507241908 0.360625542225478
0.0340268576906644 0.397715381925016 0.378382152937632 0.296264638585407 0.292694201770657 0.904204830576681 0.0258145311839528 0.0203976785829101 0.659389149942489 0.0284405016541175 0.0179211076293074 0.395557903506128 0.0155896972045978 0.0349679886915297 0.197789686071692 0.945932165824511 0.385356283515956 0.300382707063681 0.00127825254141457 1e-06
0.180779578714125 0.626423185972749 0.234622741712003 0.61351471211115 0.976152322289669 0.179871988323701 0.611130044977292 0.796825320813164 0.635091180130625 0.750001164698468 0.369252885428206 0.237533824427667 0.0969960446603868 0.143572316223373 0.812764738610494 0.956807710272108 0.469919702209833 0.812562975531794 0.664239513889711 0.957137785977144
0.0651384915351832 0.581521708457722 0.12057352291873 0.737330352094351 0.0374438061486791 0.498104770686306 0.29881412260006 0.35867427660038 0.330423317244159 0.595809172034655 0.092989267313611 0.94665633196886 0.100380827214534 0.135183806795181 0.209462438828263 0.814952810991095 0.452363314446337 0.573725191689057 0.986338436713705 0.000420334884799933
0.133477132506417 0.399250521358054 0.550189851739804 0.414655650660783 0.172108242801593 0.300767382263148 0.0558592328084216 0.26634094290237 0.38786585445467 0.0545274110238615 0.102260650354869 0.968688066845723 0.120723832414778 0.0675722885347384 0.304880607393713 0.954478050991368 0.760176082904176 0.424081475181322 0.020490555747485 0.0003870689778753
0.103287758866669 0.621797663498662 0.226877726131977 0.761455292756654 0.147506817079852 0.396255517316417 0.0453848675012396 0.666805878906921 0.142119690956593 0.565493745333271 0.326150984443417 0.995306512770451 0.165576368756279 0.142752115873744 0.678583415924739 0.803460595405671 0.692740025454276 0.449138641386886 0.00940416408023734 0.0366099840473635
0.274376808511511 0.614190964110019 0.404280172650178 0.789753010864127 0.918707519516225 0.844771165092568 0.403973936601438 0.906852206425699 0.173278583682776 0.840726571936791 0.236643187308988 0.992631529343975 0.61241528070699 0.266807256200372 0.972291738193199 0.999738878621298 0.397707368235577 0.455830429008097 0.020601189240258 0.999999
0.808464638617383 0.773398732843664 0.783909554855428 0.774335156063529 0.997422739473434 0.318395742869 0.828298922549132 0.981999789131952 0.996946827795732 0.983017242463956 0.999528286421303 0.998052069392496 0.856322340218863 0.705844205467987 0.80749300848154 0.999476336644981 0.69200600501992 0.802687806371581 0.934805973148512 0.996095525280524
0.417878214256496 0.684739147957039 0.489976347117352 0.695490443981024 0.90587397146002 0.696542200409749 0.138216238209563 0.679278515338134 0.8132511966016 0.790204514982737 0.711369597728714 0.989643745967827 0.322824037873674 0.294316649607242 0.905324763256546 0.99988835555685 0.742743311906149 0.584142126032115 0.520713488211907 0.00278618941231573
0.0466318120194653 0.640249104007336 0.098075610921115 0.586259844042656 0.856139811915418 0.298253100450352 0.0181845108610616 0.391621025470891 0.0273497262800723 0.0874275461489304 0.240036554830171 0.855688020377437 0.113152206775432 0.0330336367906672 0.474784866949559 0.998781272480161 0.428614861986783 0.427920338379179 0.197989999578051 0.179136756882499
0.449521386301606 0.656686940119659 0.646271066472269 0.756195892297723 0.765922519234129 0.513417022151683 0.0789289783891412 0.685789616339396 0.704683728127503 0.757059809448876 0.756069144358474 0.979139102273704 0.364270468633736 0.125677646010478 0.842956962262726 0.996881229324669 0.73694557555771 0.761701352049631 0.0948368833120027 0.98167997964304
0.270875447006842 0.600598826581083 0.598692279546635 0.817531254466653 0.997341004360723 0.258344705317677 0.237516036135707 0.928762635957441 0.945817049673021 0.97026858486017 0.948990676613975 0.867886831509157 0.675432964101266 0.496897778153087 0.895327755113268 0.932233904373904 0.408230711313381 0.856104725468538 0.998682182610306 0.98426397821478
0.202846250326266 0.672519371844083 0.404674774828355 0.511790270732429 0.540684350184244 0.744807318634781 0.302805643760132 0.676704347156735 0.985222440837284 0.349535983907395 0.21158182806313 0.979632238691513 0.0962189582124876 0.178281418861455 0.790997462769906 0.763166926428616 0.778077343806508 0.682687629128752 0.00117042583476938 0.999849354848258
0.223815781674815 0.74751386248133 0.946520979915147 0.646006934137654 0.298513561219342 0.46419445957023 0.0521212899284205 0.148505957789164 0.117564330571506 0.626330745289606 0.563663351478324 0.976676865218354 0.46323136433199 0.181574613876296 0.805570200992122 0.997545169960461 0.441198416409653 0.609572870386082 0.450819656846503 0.0176900284055086
0.235370948063959 0.607903779919949 0.694783920561231 0.537301542617784 0.787644011181997 0.226315941379185 0.125615469070878 0.729918961681678 0.695594610502219 0.343964398424057 0.66784540444648 0.945342371116319 0.156569495445422 0.156199706248127 0.398044454739186 0.999485287580876 0.365556968276605 0.72295740794812 0.00379520378557606 0.0910096217374346
0.157662504315076 0.555515686008399 0.275680011304162 0.784538514074542 0.556579181498659 0.722093585781908 0.247207672757153 0.129217836167566 0.955602048386677 0.104507096414683 0.141535081933074 0.962010796632047 0.130571761657063 0.0238728649154149 0.582883424586902 0.972046886380531 0.367591326407191 0.257323971723106 0.00608012584503091 0.00192238645647784
0.212738745484793 0.6089322319781 0.585188555803669 0.651221363410482 0.453082174673635 0.191390368375115 0.012159675599357 0.0661937981859936 0.586371887267752 0.362367337561596 0.272188918114695 0.931240427595147 0.118961668220766 0.0471408974046666 0.871157349407056 0.621996071074353 0.326476240824716 0.412488360768275 0.00413948008404117 0.0636266187648154
0.197223502271531 0.649033728643481 0.2420990982954 0.808177445762625 0.924803365447195 0.161466525265195 0.262226698227421 0.638255438035643 0.761028479072017 0.764283504502321 0.311496045197581 0.849858932579327 0.196301711130237 0.176417876348788 0.498475480198386 0.814343859002893 0.409964358085946 0.446210127753888 0.00604539700231975 0.261413722155675
0.54773880418895 0.642640542046181 0.704280341706016 0.87794750401332 0.968577888048496 0.402708644165619 0.230529401611972 0.586624051790142 0.956417198590082 0.840842087044989 0.961635668568544 0.995568776564378 0.508170380448543 0.30384151089522 0.689413746869246 0.988741131301108 0.630252180341686 0.708500056450519 0.541567079778102 0.990650788548898
0.375403067089377 0.677128668637665 0.649565328637524 0.721191087781841 0.848580628520508 0.550678018677764 0.0497764044659943 0.780279723071055 0.933068819299559 0.585636936673495 0.560001770863886 0.99691253799976 0.174660002612345 0.129252460932542 0.671426556265505 0.830400857437017 0.373351436605774 0.447861576823782 0.0016517873999693 0.00047412531166953
0.418506723150378 0.682832210120649 0.834343973419764 0.527688352600758 0.874756619090089 0.709539040198982 0.445495718515761 0.931319491931729 0.152978630920387 0.770005303564237 0.960951358524903 0.988004717169161 0.278794226586895 0.206639261254715 0.874661291468245 0.984628990769839 0.794748938547135 0.819063898991977 0.999718312577287 0.302410888311411
0.0471336970716632 0.597514494442198 0.173730188567809 0.291537231626912 0.200077597985496 0.300943552478833 0.0115446283811516 0.0430917495612539 0.00873839153191814 0.302576111217471 0.0292998289892371 0.969616531676227 0.0693856916133351 0.0980326893014019 0.673754136523831 0.557740672807175 0.374016266523147 0.177258039680659 0.000397036372652942 1e-06
0.270911641073057 0.678093838255065 0.885807485226257 0.660894170784274 0.816589064310978 0.489731557559687 0.48796823014841 0.552349850533003 0.983176565685672 0.492980979777826 0.340157252377333 0.911176159887489 0.359456147986872 0.196313638098059 0.867377364170823 0.937374592525194 0.487731915629622 0.584177249849635 0.555340462088655 0.000243520252670305
0.153791017198002 0.619292442271499 0.627630633469413 0.714258364395903 0.447238924143275 0.363128799414874 0.0528710654706324 0.715695897158108 0.188098625683164 0.118343549973358 0.215983241582153 0.973745426406257 0.366951010172191 0.0957027249379342 0.544296558046951 0.99523369203446 0.719314020666556 0.417431747684505 0.00108652589208695 1e-06
0.275680646509328 0.654902235731462 0.785389960738872 0.824115592441671 0.716742763501331 0.272071771739119 0.589403131536614 0.952787111177113 0.821898840809291 0.510696470347417 0.982202713378589 0.998969825118023 0.331614747957576 0.147556770301692 0.843805867825517 0.8534230663407 0.459114524548469 0.755337667094628 0.215500278129595 0.999642608123797
0.117971660025908 0.452437423324499 0.549908378635433 0.308534722461635 0.0699749234342815 0.106372434448187 0.00580955463773856 0.578536641905124 0.993337389548746 0.146921458925223 0.0891776078291665 0.846140838309717 0.265543557367098 0.057015319344049 0.341299192190664 0.688321521328945 0.305077104006758 0.679336675179068 0.00298658832027916 0.998070435367085
0.636176049009043 0.680288084748265 0.900114094303413 0.704414167536496 0.993537688775769 0.211467989515882 0.704536257221403 0.959087180117258 0.997090166616097 0.952689546022556 0.926674988950693 0.996159432976169 0.673846274344255 0.407377876646646 0.887947927047106 0.996438091501743 0.580505425045951 0.533205629917808 0.867069942857637 0.992651281807078
0.337368702544809 0.727219515508502 0.88122664795914 0.639598292984395 0.488792584928114 0.174280340241155 0.289591474694489 0.933999655547295 0.778310797175157 0.939371197534443 0.939708546652615 0.971184406172131 0.806106585203457 0.168506775586542 0.864602396243402 0.991483250549465 0.658784725196406 0.786362030159055 0.721826848084605 0.972503265856066
0.230739053151253 0.581709736932887 0.576080184261981 0.793942413587418 0.897342764673867 0.712323278976639 0.307926351700044 0.744922527405653 0.716594515030521 0.225481747351968 0.691616365865041 0.995263528329186 0.376847470291442 0.119146180427478 0.616006217056965 0.578617409972514 0.702625254446242 0.743406333976533 0.599532155924155 0.0930188223012531
0.241077757558755 0.578006833508873 0.226708216102077 0.775234045972455 0.980125089509075 0.478906181370926 0.128835360104543 0.708792812974723 0.991428764686385 0.525553348980426 0.57705446080034 0.998218218585998 0.372990247472612 0.139042133234535 0.962682310373867 0.860598333329402 0.781083467839344 0.531469265325337 0.0684249165152385 0.231099262515237
0.180770096717029 0.647150206676801 0.639976948638013 0.461225145522298 0.675124693505314 0.615545977581495 0.171888487889182 0.540616949660226 0.950354123006197 0.773567896807053 0.110678572605478 0.999664482371711 0.335828032960426 0.144917438191793 0.720816212025623 0.314189128581688 0.343744530619686 0.707505413422591 0.987978696740509 0.999247969780508
0.0781232868202158 0.441430641865593 0.659164050324126 0.685335543895913 0.152364338550526 0.428921483211648 0.132108850066144 0.204148721592484 0.0138966934250076 0.326141619492188 0.0984054193955589 0.963892211554815 0.0498745648486383 0.106659805608149 0.406837744418102 0.720503155453021 0.738676879475502 0.299515569910931 0.0323823246587648 0.87674605184036
0.0372931759223951 0.45601528884562 0.165890120880375 0.319910343678912 0.733313784273859 0.0422850213792625 0.00963426219338063 0.015795757561004 0.00429071042160485 0.0183586247795005 0.0281916374575528 0.193214058031641 0.0153310810711007 0.0205630368591897 0.205791265955217 0.352864286909431 0.383959934386798 0.658788681002513 0.462160821418336 0.00215891766699916
0.215887821517358 0.51870391305806 0.65400550552559 0.514258409803062 0.184590153599427 0.686762002219983 0.0172672852769184 0.0940330384456889 0.403343802888852 0.389542101844138 0.27024884660043 0.99597519076251 0.145249294348415 0.0522281508889777 0.246499277003547 0.986602259993337 0.603808702622774 0.325586125837193 0.355643139000273 0.519626298039364
0.235280165462794 0.6726502244652 0.794405745534363 0.717692225840713 0.619405849892856 0.629365233083613 0.204561490325737 0.30879668382197 0.44431267243659 0.700541832661165 0.355813088414494 0.961603806989821 0.437933453943115 0.0875694028563725 0.934379741407598 0.998335035230719 0.335678263011294 0.705791225637319 0.000144023218038321 0.728490829019036
0.0304762338024675 0.459283992901413 0.212446233270839 0.286177090317189 0.0197759338161547 0.590856619417453 0.0241819212161101 0.0629820946778182 0.0117156311643836 0.022866267402554 0.00455223099691694 0.340620594730279 0.0211326737798446 0.00748497033166214 0.197694817596318 0.53344519244277 0.416712083370621 0.282406346789025 0.000391328993491038 0.000243946810135673
0.164432669001147 0.62143207565487 0.19168088149335 0.669692063177052 0.456616594839248 0.843203584021511 0.334047470872475 0.373752307512351 0.0806644588304683 0.65899213160427 0.308371147073902 0.962875061459242 0.104715795904383 0.0376646198644106 0.458986344586659 0.742342589190503 0.282764683781363 0.393272218000505 0.000145655175706429 0.00059905796527665
0.382166449651378 0.602234095344605 0.274611606026601 0.61319043065391 0.507785395165417 0.244576201379051 0.153813880497238 0.499344592149297 0.757815852909931 0.553502868565112 0.295963551607309 0.964452009516986 0.116967269598642 0.073251550621107 0.148896464254371 0.160102619609909 0.231730294782763 0.326303964227945 0.00092054216962001 0.99998963373422
0.116147339334336 0.612458181912524 0.684530456936537 0.761056055799243 0.534373101107118 0.738254583429915 0.178122648150181 0.316183542512518 0.938118664362339 0.189780945583842 0.0435680408967151 0.293031400452886 0.197712947482703 0.105817679967382 0.402961027601031 0.998785233448111 0.340408838982876 0.767748348899623 0.767735861313547 0.914850214015971
0.362867909022675 0.658474391069109 0.530955823463037 0.522944710631106 0.997601045757484 0.334369642061573 0.19954010147945 0.669528047088132 0.844356540986179 0.409740909288084 0.909629757900235 0.935199027686014 0.504390254939669 0.178001325268445 0.953055623110426 0.756538096022821 0.382242076062667 0.739280680629608 0.805008384151218 0.626797463573597
0.681160610303306 0.736159628486983 0.876838790238514 0.869942715506576 0.757202897380692 0.369237849296478 0.84627139404251 0.943091123161336 0.979851444790164 0.917874418442512 0.963045748591839 0.98440471155233 0.768532635474849 0.425113893929833 0.840278208499747 0.999998428080186 0.362944010451912 0.72990999211202 0.955091232282798 0.999066997834109
0.264131062703279 0.579706358343955 0.454676716416722 0.413060238575419 0.724925872028317 0.504048711545586 0.311309745200301 0.543194709473001 0.870600657616864 0.333132031049426 0.680926652442068 0.976178032301116 0.390966709372384 0.233941408940995 0.873139811336759 0.963985067256842 0.612829807902916 0.781411169476978 0.128909163065704 0.985654825231839
0.16335999455142 0.59462005648848 0.257101859701053 0.698702713563959 0.608997657916026 0.339307820487695 0.0487717844184309 0.860635278189074 0.920247502489451 0.49598673856758 0.0826603042092659 0.895005284190877 0.300432940306559 0.172383822989213 0.260531175273506 0.632433166181099 0.459690670465116 0.368340476457132 0.00169937513685884 0.994865786726655
0.217085049190912 0.580091989583589 0.378329350944308 0.503348801297502 0.41639041888597 0.309341915213288 0.0146050010364749 0.0588919093692926 0.299813300992551 0.182267433493341 0.0473010501723615 0.75213485700296 0.0321995572488612 0.160600643258599 0.730718658652065 0.102916032327479 0.538038418185105 0.522095179723083 0.0441138881557517 0.999987569677625
0.12947905935719 0.699535228881891 0.73817327983307 0.619214233301498 0.622944707889748 0.66314087223653 0.0498814591288168 0.985282293520384 0.77518772108796 0.70620016540602 0.4769586625441 0.995189644149112 0.446431493733688 0.136184760125997 0.75018117630356 0.639578466618744 0.649378451677736 0.570685574809134 0.774055891785244 0.37389451204309
0.193653421464271 0.640999323894257 0.745771230086883 0.540574407418032 0.318087180430979 0.511002211952138 0.682185657869124 0.457630489028281 0.357121672928566 0.518004622757238 0.39632290457149 0.965241766628346 0.163844025687476 0.092380965623026 0.8485553328261 0.993260676809555 0.379825540961721 0.458367927255737 0.7611327735108 0.999959971125801
0.35670681703444 0.63804756466233 0.565198140745286 0.505047522026539 0.47222023464429 0.340891965128461 0.175675342135388 0.847387759674686 0.619175323431213 0.394742903108037 0.890132557443946 0.993000886999168 0.240428754645539 0.271285135230544 0.694498823310796 0.987351183913179 0.516539894726271 0.66682082882711 0.00113735881333217 0.000633927486390981
0.357564572488277 0.746613666617944 0.841530122081973 0.917670803944321 0.730260653793816 0.470976016521218 0.305572367451562 0.564439387248058 0.839613616097521 0.881392838429807 0.462622098786666 0.999844722572038 0.38428998209964 0.318495905984127 0.985251513386494 0.926609013325788 0.517596811719941 0.569259476384275 0.107215675801675 0.999964461948566
0.068279135540361 0.608485311113428 0.376608868634462 0.658933806782913 0.410483277616931 0.201256678819573 0.136272512613153 0.610969635950463 0.839978059075373 0.327202519703115 0.178077354493646 0.968843890791378 0.185331483896964 0.173914980701617 0.889817016225921 0.824753628918813 0.420207391390006 0.423833615814436 0.983966288774979 2.82021718594609e-05
0.206089899202941 0.560258956261724 0.774811941831387 0.58402687816443 0.198345029374818 0.271183100240216 0.0906251510485315 0.731028257608925 0.113425802941053 0.705883753722442 0.641206811760532 0.678310253863874 0.240924931983999 0.0732635749339988 0.470264546096988 0.905678253084594 0.696611288673945 0.314842519706577 0.908034683213836 0.360899873853309
0.11949740354085 0.557596048056511 0.0286144697228771 0.1759087898021 0.0353160241398931 0.44553225704554 0.0617087122507263 0.122714846666833 0.0526730326152058 0.0305386710457098 0.0212892628783762 0.818856545248676 0.0618105849603056 0.0307554405816705 0.519670130871567 0.703650317475957 0.602825123664268 0.33629938954884 0.894825579147052 0.882958559515167
0.289975712107332 0.630568615153229 0.582241779807144 0.335098430616644 0.959445645127329 0.198652119988156 0.113944064185407 0.466079275849735 0.953903193285016 0.822429599711512 0.665017681542981 0.974927186829139 0.513493884859333 0.173192769836192 0.937036320074334 0.78498988125961 0.565348667868408 0.699268837489779 0.996291237767055 0.991142610288491
0.413325239932985 0.686915677367143 0.990753411107754 0.793521875964942 0.969943463684706 0.540728612301842 0.363756299930506 0.874275243311795 0.968083229989117 0.973405675280706 0.927237468775535 0.995154988042993 0.704765475600206 0.185185743319845 0.855756968914147 0.993702345157039 0.532729604305614 0.822068479832767 0.849441611439285 0.103540988871809
0.325216230845326 0.659308623043452 0.419021646514673 0.742451858033362 0.738645761388538 0.789513598336689 0.0968975725250169 0.954373266778943 0.811913274522091 0.337205471717674 0.676336632505849 0.976878106345473 0.227161382019018 0.279411910736934 0.896323028039613 0.299012289872803 0.437084468038713 0.690162895950142 0.000206591791276429 0.997221552653273
0.568462958194134 0.738282413473192 0.787949279501661 0.441009276941373 0.98875971375303 0.277116541739747 0.867550731617913 0.969547381369476 0.835139322006986 0.974208032922851 0.962151060960101 0.9616503837375 0.610332173115425 0.500718181221829 0.956735151086988 0.912007800024281 0.524757603109454 0.893520178838336 0.942569399173175 0.995101286040801
0.0582235584620002 0.503002233096683 0.0885641847313924 0.710649971398016 0.455150888047182 0.335777619820085 0.0293395870016145 0.140384282580458 0.826036666009258 0.0301242938600565 0.00521508308167587 0.383143240201153 0.0724323218299623 0.0563699689151573 0.262130598630382 0.274166810159089 0.313470835110049 0.312897583648432 0.000108329229350642 0.000353815755017779
0.109823370936094 0.471149394872452 0.158721961077951 0.77577410287176 0.244910538773029 0.706951160464247 0.128489930454044 0.089160873682518 0.375322893609876 0.208191702458419 0.441121639145408 0.855028999650593 0.0610216969299435 0.13396453618014 0.846389275430453 0.611926874448433 0.421376331662836 0.394889459983609 0.877904987458448 0.00118757530039079
0.0657764506505767 0.449139141832998 0.411136634146204 0.527387484934482 0.0131533262225829 0.246253269614529 0.0309568195704106 0.124349077067324 0.290262387223371 0.0529062004632542 0.0898758685820963 0.849061126069095 0.0888298896013865 0.0754498322597121 0.673664107670712 0.82348585597913 0.565933430332497 0.342999684200834 0.330999438975813 0.776450767192422
0.826483166055294 0.787201533802186 0.887723553054519 0.748046793336582 0.997572260772491 0.628728069229714 0.720332449232164 0.99594982056102 0.997148900033968 0.990350439149284 0.993666058094095 0.99884152287698 0.879703657046239 0.807141020347052 0.975040984320644 0.99999814025233 0.788076457255931 0.807305861773815 0.920433069440336 0.999999
0.376654103083967 0.654902799193926 0.823561603640695 0.672150639618656 0.666825607245533 0.0428937684083284 0.105453550183738 0.820483700639675 0.940775974483251 0.899362600441873 0.887961514018053 0.974382070207488 0.607191849298938 0.310620797889628 0.803370876088741 0.969333469085692 0.57771545366134 0.657615138676342 0.999465762265965 0.0361311320246146
0.0356971970054026 0.414285772345892 0.311582913810453 0.38698442713568 0.236446972335886 0.581979715221956 0.00688097532940015 0.00848796276555391 0.0257965832476793 0.0182656069128241 0.0164112121119978 0.0739110826235619 0.00726873385691524 0.00769676627449087 0.112874413217256 0.177564694766117 0.32340919349303 0.139660681182512 0.000233788997855609 0.811027432797131
0.616013940274114 0.728178003218616 0.707723828430077 0.866302237201204 0.920711296328896 0.472441179935779 0.545458645698462 0.96024840886136 0.948093945113782 0.937864853886519 0.892270972744093 0.992245706187638 0.648635960374858 0.25128847064363 0.83294504275614 0.996670845875802 0.599041330192679 0.856650038067781 0.0883410648570194 0.951652507449317
0.559062933211499 0.773768430900402 0.5070061086365 0.600259581764315 0.923068537591848 0.593073839194611 0.263064516591407 0.962092212601502 0.99172204838685 0.930156750388587 0.892219759234861 0.999282899453144 0.704138985784215 0.486593416744911 0.756271674449544 0.896389538947566 0.701049405375759 0.801569786015303 0.612120393763427 0.999121574508232
0.24324645038276 0.631679525647946 0.736606584872523 0.609553037373166 0.155361564305626 0.432454874751497 0.0446539460807532 0.655421678359059 0.197552594916255 0.716108703846378 0.15687039406633 0.772041779330384 0.204298341859622 0.0533857247753071 0.532503868513369 0.995475489695382 0.56057723619069 0.814331915775839 0.0339364167025634 5.12413745711955e-05
0.213283067979664 0.613412540685201 0.354530672331103 0.8497589783196 0.915691128217749 0.82900541259312 0.113405680913067 0.635470512307038 0.723444929395116 0.691832179349943 0.412820623720606 0.948519959165416 0.452264838506229 0.087367570031388 0.743919165213746 0.979205932292054 0.356006430140139 0.734826439579048 0.968744362661084 0.0112435426368338
0.220951573309323 0.662019074601974 0.534329130959963 0.586436202459955 0.677823370774065 0.139913292235279 0.314188787784241 0.602891067824315 0.994608701833793 0.0918977844827091 0.0743375846882659 0.906794093540585 0.151799907594258 0.163835990610359 0.647244065408152 0.988334828592833 0.215728163318076 0.548274647455277 0.916616248953942 0.9431582980705
0.516894173179584 0.75163402691061 0.686334701156326 0.836608884132323 0.569900200956139 0.561068072109093 0.100142290867776 0.746264260942581 0.945484401900268 0.908867192720549 0.606309094876721 0.98605891107069 0.498988135220578 0.212335696550167 0.807171804998575 0.999831562725818 0.8489469648621 0.596946411249081 0.0250981037086559 0.0246601942055596
0.00947555598509878 0.31975434379548 0.0607777758689099 0.346394918677836 0.00774519191112206 0.0807606597219143 0.0185973898902358 0.00452574629098837 0.14884857223537 0.00314445361372994 0.00167636287047818 0.540882179115729 0.0107890384316899 0.0184068667113151 0.100073493115968 0.0522453927394074 0.409271561508094 0.358819013807492 8.46404368610824e-06 4.2427037945015e-06
0.236769257783939 0.675561163658453 0.604837868130933 0.609529790934694 0.621298305757964 0.49413347580361 0.0751363763744514 0.973769829409695 0.060546581826083 0.884835988786783 0.836762381061902 0.976601904516566 0.46832806047619 0.172657378871054 0.831291473588008 0.995793554322986 0.664148785900146 0.777645242222545 0.00391581290071613 2.89703341665612e-05
0.562058698138386 0.768930605488487 0.934171501736238 0.85396537068851 0.996151369167474 0.315860524978586 0.880779054381682 0.937626267965484 0.857814481140043 0.984980591396147 0.993832072761856 0.998380096059951 0.859411870254153 0.594705235253187 0.972527350861811 0.997016382675928 0.504377478442675 0.821073440286056 0.982999729530507 0.00351118180462573
0.178153697096572 0.509200702099945 0.160460619594904 0.647797471582991 0.0167499363558141 0.127095831182521 0.121772155225239 0.260893827457515 0.781045368405821 0.0419752838550364 0.104960095758036 0.945099477529293 0.353362804474543 0.0716623224029561 0.609936969927684 0.489671638073176 0.402735700192461 0.664603819369903 0.0261873006641089 1e-06
0.247401175877923 0.526281323624062 0.191312963937358 0.646398073581325 0.942895576637846 0.36123588188935 0.0747045346303177 0.581695771730934 0.186291869746934 0.195932833252929 0.553928653425414 0.995214550088954 0.323416074280103 0.0888395614415514 0.531190421916659 0.905939070812048 0.440982363026403 0.779754399138991 0.705787344821721 0.0313964347547383
0.306307612844676 0.73447959691128 0.512465322576536 0.71542713533666 0.888210829693016 0.228371299771325 0.499393058345975 0.35868354503697 0.692055439104208 0.207758333826872 0.37867194782894 0.993109323648393 0.336534381550142 0.213569772332102 0.789464047741946 0.540663469986954 0.757467234749313 0.88590635517029 0.952818593453161 0.0334380125711232
0.0345451361233532 0.452214323820049 0.158861167646025 0.605670942344877 0.249917119747465 0.27535569215402 0.0311341992143953 0.0108255800068325 0.591477513586612 0.0287858507213525 0.131399898728065 0.0657344238305682 0.020059318584633 0.0268371934495902 0.197316271328941 0.314185568322649 0.336552254139789 0.340916197789308 0.00983426519765581 0.114245645325009
0.15583156580762 0.54132372206111 0.214298734215805 0.4060546866666 0.298831519216018 0.669831365676564 0.0983883681355738 0.227688086835513 0.415435087478086 0.119397734848683 0.115992619127006 0.918734049402268 0.10810285121295 0.0827078673347458 0.531958525137923 0.777352011941907 0.21432805584148 0.398593036656785 0.968554166182457 0.999475025099939
0.0646546600642092 0.523059721479967 0.72114369300921 0.769206307881599 0.473683291187461 0.495437853863753 0.124471070843637 0.0294557720074163 0.045205646349145 0.199203036946424 0.243208287889363 0.935903180176252 0.0956358833928074 0.128036733245405 0.556019977616362 0.678043437119791 0.67885549862053 0.440414224373391 0.00650247033674254 0.241464370583672
0.177558659637264 0.701972780394132 0.5051534975962 0.645183502852189 0.871465446901269 0.246604282267509 0.357525380818271 0.706759746221988 0.7171017555924 0.704589514374417 0.841226931892072 0.980830689278101 0.219835682763554 0.175959259367214 0.72156015432278 0.999475187137463 0.61199213897348 0.800986861904426 0.356880222281978 0.286267162722962
0.194363877226379 0.55750754557104 0.163084290873865 0.882664857095181 0.737209472275026 0.292646463673218 0.0623068357792584 0.890838324603686 0.326706618291155 0.47152401303757 0.164484649995794 0.993842485107589 0.0935830102150714 0.161190911271677 0.795544117392475 0.579223463813082 0.476381955991124 0.364887371186832 0.0582952142846131 3.73499752546281e-05
0.0523519106537669 0.666979696895721 0.0980955144997299 0.629517027904734 0.187037056958394 0.618467766301959 0.0114868770900305 0.161842407222814 0.508094379491456 0.25177127760379 0.0428377544717876 0.335063910434922 0.141971505589867 0.0591519407465047 0.461952508950296 0.235357524975407 0.357387114400085 0.48906596104122 0.000244223953536088 0.881754020557804
0.498490492571081 0.720510113129015 0.887480958720508 0.82256306644944 0.780044892954929 0.873713293063782 0.603438532079909 0.967533596968686 0.100209093693627 0.815993423596493 0.959797494619017 0.971242725703683 0.698613414425026 0.18478893244328 0.871583604179107 0.989604533581806 0.852004285595712 0.841768044252092 0.00538560865819775 0.00723652740394913
0.158191527462205 0.516663174681347 0.268334307414651 0.424200808010601 0.205211300012691 0.214771219618399 0.254523763363066 0.26044302767443 0.261428752591613 0.258019262288117 0.0931476253845378 0.977863985840457 0.07254519461968 0.0512404249624582 0.50261368795307 0.959173256135083 0.386641226017523 0.723796999019466 0.00941380582554741 0.989006773156089
0.366187364544715 0.664662304229267 0.385285367063088 0.605939483523429 0.611773069844262 0.81625108007459 0.0925866068383767 0.9294228034136 0.778805503450671 0.81788983173869 0.48202632147971 0.999891103167105 0.526358311065147 0.177677416868365 0.776506256972474 0.981402656335546 0.508317111405738 0.733919432714047 0.0123264152852144 0.999212012313689
0.156345507351886 0.647701480353954 0.538401908425257 0.650151327816135 0.944849584778146 0.321002669278123 0.0771568577697776 0.270948528509446 0.0322501969381957 0.348484094370232 0.541583593618578 0.968838677991623 0.282554827471816 0.0759085151027597 0.782765743716456 0.210795146629103 0.650246959505921 0.505699801107049 0.554427020274825 0.348736060702923
0.159936761335856 0.570649901836538 0.553735810220996 0.541598890974572 0.766528240017904 0.197038920628735 0.0585799654661046 0.933514819449095 0.656178516556967 0.713422565863718 0.128821382935773 0.392796012336525 0.233978845186211 0.11740466144844 0.634149710946994 0.996526620421444 0.475156197951355 0.567730683085535 0.00432341002403202 0.05585201427909
0.255285191733033 0.599056050240369 0.360998596533544 0.894823317861994 0.72666326571009 0.50134715957152 0.0248494983007711 0.880490937773384 0.903171876841541 0.315281085314625 0.546573481531269 0.993320929808432 0.303392742398887 0.211189942955235 0.871578831240268 0.360033022110771 0.601745413933425 0.540295021893964 0.214344914922416 0.498499714015938
0.631979831019416 0.729295774413912 0.918225974238517 0.900939602631212 0.998022931647852 0.639293454110007 0.714641714925072 0.94905178990934 0.99858815433177 0.984631534440618 0.907520470161825 0.999282260016949 0.703131514548061 0.363852394176545 0.481080595532202 0.605654567796086 0.410236200863805 0.606179006478965 0.912743038452885 0.999830267148664
0.688053848684952 0.811740780766693 0.757659316030242 0.875944192352611 0.989943470992848 0.298754458062375 0.730661697044805 0.993151145005387 0.985923386765831 0.991125264142295 0.982241778781444 0.997775262950799 0.573489838851113 0.585733592307951 0.761073041813301 0.999964419082461 0.739314900080165 0.850006663974985 0.952087349021496 0.999948276521128
0.13809975066273 0.50763950293633 0.615376749124768 0.414400551295364 0.427680175193242 0.357734018972354 0.0990289766894506 0.471718963021291 0.900285182257215 0.56406051680362 0.644815461848205 0.978867809333335 0.129472890092622 0.122263728459662 0.850323801356635 0.996687714527644 0.516156868110627 0.500069459903577 0.00662857138630626 0.0200048933013261
0.0858289303492306 0.527443394747548 0.430778558215565 0.671476345371454 0.586176974849062 0.249150968273114 0.0568440401039582 0.11395328099897 0.354074964027308 0.124034065303575 0.14198334520448 0.970493455354332 0.203963908110287 0.0407039764484715 0.193910275949117 0.135970524775237 0.333457349704371 0.463986616217796 0.908037136402505 0.308556518996862
0.18245757114352 0.64533611481429 0.744221151195653 0.652752751324071 0.524687394438086 0.129220410534579 0.242272051068107 0.768053951447167 0.192716973669106 0.824986600825204 0.426008878200751 0.998134872312003 0.300786829235133 0.143433995938994 0.677780827720393 0.996684134573735 0.555187595829568 0.624548876034717 0.0212284441065274 0.00125193381212128
0.378397658380119 0.739989823564724 0.909427840379887 0.800596130009809 0.813170755481366 0.623506818437454 0.449505867842747 0.987642236420831 0.923117579320181 0.977040593509797 0.94841364251084 0.981311051561259 0.613474079736569 0.364252804517942 0.802877917358916 0.997627201616966 0.419360848142734 0.662226324607965 0.0773190952892225 0.999999
0.111645928162036 0.585127665409464 0.316090052415931 0.600566566445625 0.489350169902177 0.185587450299441 0.187491360267345 0.507784176647752 0.364598807227295 0.101456474583496 0.595734956492432 0.966320416914926 0.0769494046430911 0.0791626076941206 0.576846691680772 0.981844161546732 0.782039818703137 0.344179093213453 0.929840876813009 0.964749110626005
0.0562194886223555 0.49129148612548 0.0726809015996931 0.490714800756517 0.149466513957903 0.51895022421164 0.200288395672853 0.330511523619237 0.0543096355529582 0.082332960450801 0.0564197843327598 0.575666735457553 0.135125789714365 0.0392727851572426 0.655141730009743 0.182226743964203 0.467634512771896 0.201125912965668 0.00801407481503261 0.219474461042176
0.214804602562081 0.677956233662671 0.298271086126894 0.642298222038433 0.938164912806087 0.594236356545738 0.0666830401526441 0.911418541020149 0.134992615568484 0.636375326148302 0.210695721210506 0.973471336603562 0.337007918550204 0.206834425064491 0.89471004271708 0.0826827020342797 0.698407167556719 0.492927734702779 0.00370542000487905 3.39014258115511e-05
0.0838507355300973 0.545136050437244 0.0426023695730813 0.499677443405785 0.20078340832177 0.402253303611874 0.161441170218817 0.350115841463872 0.147177540009995 0.0167651927298755 0.00379914110090631 0.926611362158129 0.0882947810740924 0.0464572813335806 0.30540816939082 0.199003405343038 0.533660787985693 0.337035013075886 0.00525744549041877 0.000914300195233911
0.0853074591056906 0.56154572430164 0.165329681214585 0.524943965614997 0.0742442170983351 0.170772795136627 0.162589851770868 0.0775650023432911 0.992318465789749 0.0219121868991722 0.02630889093024 0.95144703961913 0.109384577550312 0.110086791805648 0.420741776870847 0.961540061739391 0.297627796525898 0.531645061639573 0.19212335450151 0.999991741603918
0.1638920082561 0.684617103337412 0.440175083102757 0.484346932460432 0.229260352703002 0.680102760784328 0.0760786306232071 0.738691627440489 0.118784980905637 0.115937913001496 0.298615095251302 0.762439046280377 0.197739115500596 0.0663607722464098 0.643642554585268 0.853574335325317 0.257606413626639 0.557675257230431 0.87769585589587 0.00320504316947737
0.0209147772748631 0.50229978540916 0.186701277672876 0.390070931454606 0.178849296725337 0.0682309392093901 0.00546086324167906 0.153684092377231 0.10613125696849 0.0978654547846806 0.0888436393959564 0.423063559471959 0.0384917225648983 0.0245714155353259 0.180836137759978 0.802072108178746 0.419179678695597 0.307105537189458 0.000651928618106842 1e-06
0.0819038727025025 0.497664505881349 0.231575269343497 0.50344192085742 0.0254456972021859 0.227287993294158 0.0329421318356181 0.247888152342689 0.0114303882702731 0.0424707503156203 0.433191189094718 0.991543753119414 0.199545566523732 0.0579179000141937 0.343317476827252 0.993388976340778 0.238293889210444 0.685853855750335 0.0179792277740524 0.812087524386252
0.0196921200519577 0.498305794831578 0.125140676702335 0.55512376635673 0.041986647449252 0.125560515360267 0.0675784455809401 0.0390200057461024 0.444692066467003 0.0195611352871253 0.0225008454637483 0.233210208951466 0.064992042724411 0.0382978813561352 0.201006093311298 0.78138338444355 0.297745922683363 0.118572168131237 0.0633188719018974 0.000786817376822022
0.0323916335338176 0.608312678011153 0.175438408590228 0.53625131535347 0.153179640099567 0.0695651091498655 0.0109053093044833 0.0295340469632697 0.654739855118667 0.0730699225870832 0.0478467677558474 0.941429849446901 0.020498477359816 0.0580696077561165 0.17712990473886 0.0234687736661067 0.186864933859592 0.595917033749617 0.00231463597272393 0.000388908952524894
0.62629430076847 0.637480781760686 0.581711276586423 0.570133856792325 0.92929267489696 0.45165469234456 0.0452519392621503 0.792441457710492 0.992794080630989 0.621160000403358 0.793830111743545 0.905490319976794 0.217014238386488 0.200725776696534 0.87605829805754 0.99990480308905 0.422600672276444 0.704337434910142 0.988392451636327 0.999768357734081
0.165256340803286 0.616476953440378 0.333683154499944 0.754890431796578 0.698847735457797 0.86747052276128 0.267156120317335 0.264787733541154 0.101909735005517 0.498017351439778 0.709301697607289 0.84913324100612 0.1981719578798 0.17249560645618 0.539877214147187 0.966971895070592 0.55229298214699 0.632881857289596 0.995898943578688 0.000403173209917017
0.107410270383261 0.578691573477704 0.269292497614449 0.394306311441277 0.24795233414258 0.424707313863592 0.0835179578294218 0.373071128796683 0.0256332483409448 0.0799442935439331 0.0203646102146292 0.895021989346302 0.0268762888571402 0.0828102596053306 0.0739237820879977 0.957573387980998 0.321692507622696 0.489919967262629 0.000437167920733326 0.000109949989208229
0.090414822218148 0.402727271589871 0.182311680515868 0.663612837890606 0.602604724135281 0.320319514946972 0.100858545942739 0.0413523486166687 0.0303627212495751 0.0774923232734614 0.0217375727275172 0.897396719593909 0.105658362243705 0.103737786169167 0.106341145134583 0.503872451695333 0.33530886727983 0.50119221268082 0.00239310486610322 0.00232961010561801
0.245628414841176 0.669106967913565 0.909089888030132 0.40198185779001 0.902278517508331 0.25771613040567 0.38105312014839 0.423920456491662 0.911119184620346 0.50614208838688 0.840826234556465 0.995082327590694 0.537553868076007 0.335528493573044 0.766041756811531 0.998825819757166 0.673198837062812 0.680174902996145 0.893380524635593 0.00930917877331441
0.085934303025761 0.57137827363053 0.812019776767913 0.57249422857537 0.864399254737939 0.487211145201065 0.0993702955611849 0.0338422901309866 0.872129324052568 0.44010220673468 0.137169011497974 0.176515902614652 0.13654892069 0.132411408302835 0.235841307510325 0.964538498910393 0.597382016372395 0.527094778421262 0.0219947943278029 0.803862828683839
0.0797501340891658 0.623564334104425 0.6607172589875 0.345063392139266 0.491620796464431 0.310652804300584 0.384694894398301 0.0786200715469195 0.266592540637756 0.404171149325724 0.321093397208418 0.99395856610401 0.0887146348155935 0.0708666969268137 0.627275004433845 0.679443475380175 0.427749455137445 0.242297268661507 0.0110834958707043 0.0282036221568067
0.193130691084726 0.676641735459705 0.926716765332481 0.556987509439914 0.0928077741782193 0.262234983391006 0.0827004670983727 0.869337996410176 0.711733189445952 0.547863968492847 0.907871215876518 0.987277158324929 0.210444449328367 0.176495177344567 0.517624756602434 0.902056240943842 0.69043697170459 0.695397058949916 0.671152158608843 0.0710786308114839
0.0863954825157036 0.521737220350538 0.393233610427623 0.346360052450256 0.216984184389339 0.356339311840989 0.343559062579469 0.781014933702621 0.850520791073992 0.186011964166383 0.125414110479352 0.956880790754398 0.147403779848743 0.047560093847279 0.3182033725374 0.956524569944375 0.251189281446358 0.563674535671053 0.99864902545495 0.1988951067432
0.610559914422469 0.604696270408727 0.982697598338624 0.42450762757608 0.988007106106114 0.421351605337451 0.698433595757198 0.980011219006518 0.969936328884778 0.803402382828381 0.691531743379979 0.997890878738506 0.458047484948979 0.373922977760166 0.81355053707349 0.999905174003321 0.670796043273301 0.532541059461021 0.0590427488354053 0.999980198172727
