0.951549124917948 0.699867751692284 0.148957648128406 0.901658970407926 0.998835470537349 0.305782812245078 0.671517986655349 0.422270844939767 0.886713879092002 0.598411819190481
0.396264050919568 0.170833180985718 0.150726912308792 0.675512496448518 0.950291566786685 0.0250063192835741 0.448733408105071 0.360441127265584 0.741334895976559 0.528036152624521
0.0493834399369776 0.291833350416822 0.124401983076168 0.463012537196503 0.890642523550518 0.0243287972016586 0.219730164500304 0.249394435497281 0.000690911683863622 0.462374454856465
0.913529688392442 0.22338808952164 0.110574626007693 0.617685562280727 0.995317328334096 0.188413914533332 0.632037391087725 0.427277846786482 0.967600470274324 0.547208186898311
0.819117836616376 0.805836752011921 0.329832683327585 0.695673895419469 0.983616370543744 0.160693763646538 0.669779436504473 0.462180251260625 0.826596759447167 0.70675781342617
0.157653359699134 0.307717032812003 0.0148923840770282 0.569775702340033 0.863029149671029 0.020394497123984 0.197756699711365 0.247994851026736 0.00811007351678273 0.401977373825448
0.866020266006964 0.809654375545342 0.2312881752356 0.741814244220337 0.997466417589701 0.0486888754985693 0.508080338306475 0.393241607963089 0.682953545031513 0.565912986871585
0.656967002551874 0.801451234967062 0.183172405505855 0.940803879211794 0.998285832459739 0.487184198088908 0.585984470161676 0.55196780355832 0.949395430627091 0.754475341904629
0.705543082653533 0.080518539993135 0.425776067300645 0.630995930108497 0.973364955191443 0.106541256009892 0.351260005044312 0.347587440751144 0.209011975322697 0.570806844911257
0.698470765126936 0.152204162877548 0.124261258825744 0.388630280995986 0.978568535135006 0.0293851071350968 0.511489877495678 0.271065983144284 0.364846876875212 0.586534374557549
0.313114890608617 0.651987153158656 0.15528082179464 0.478161090194765 0.974899386764179 0.0673421447368266 0.487546828967478 0.312370871012631 0.355138551028744 0.604231787151174
0.312686164230909 0.207412892642106 0.0253425976828357 0.368311271696548 0.942377884952086 0.0224985011644897 0.388344440787395 0.250653444117383 0.18393240551354 0.546796155117765
0.260569923860143 0.38130805730764 0.0362021311100511 0.822944322373632 0.924545949397426 0.0275549385641594 0.370138498176254 0.302054854858208 0.0133553247520477 0.423570833393659
0.210696818712785 0.140312702604391 0.0791248452337829 0.923076770409473 0.954071621079656 0.0352863189444003 0.370646801220622 0.356933459921051 0.60174592257751 0.576285511443849
0.200735349181584 0.699879189294485 0.100796046447305 0.516992255045568 0.969078501856597 0.0630398033573746 0.332381164989313 0.299354734581452 0.0985706090328385 0.548815769949324
0.716297192133892 0.836094394338307 0.053918481343471 0.870691633927736 0.995989193829642 0.449503144547144 0.618202034255744 0.439427996659469 0.953992229241501 0.63205302317711
0.207761520972423 0.706413486189667 0.0771843759278096 0.373821518349898 0.98311570746319 0.0268511803402595 0.41580012161698 0.308444093109862 0.547792054691422 0.43405808237103
0.854077395416366 0.926111532079296 0.106620135416441 0.913916755229841 0.996346067839944 0.569081460259723 0.538363121321668 0.499041380994668 0.931699979094502 0.69373559227685
0.567859379143546 0.895102679096813 0.329232392741456 0.841158147209052 0.993922591334908 0.0550051587916945 0.454591995585921 0.329491722076961 0.612819432377343 0.583883352593203
0.716167451708795 0.826189726204839 0.230863987319997 0.34496263750789 0.985977493073434 0.192621122964914 0.424540733187947 0.451768070466479 0.329639847014052 0.647610858368615
0.88662205005857 0.894093211798754 0.351376568154213 0.955711909629781 0.997103218792118 0.303701876340522 0.566909251462843 0.586315407500697 0.98415657452358 0.701994387811271
0.174720470269104 0.164041321027446 0.125217797414216 0.517237499189397 0.990331061588439 0.0319503634046891 0.310926350691583 0.219560196370947 0.0542577202266936 0.479137352249493
0.155961599141673 0.685923725914012 0.0194102242979909 0.571666045170567 0.978843023507099 0.0377576758142407 0.307306641902733 0.352705318928965 0.106153316042832 0.480457761789572
0.658481391850095 0.466439869531985 0.166349683577043 0.928543292075534 0.991377269382662 0.114330585879359 0.524648685403123 0.41208041883531 0.503978838619203 0.648474102108926
0.962663216923081 0.915099135184782 0.189909022632234 0.970377109655279 0.996541913011292 0.14372402997381 0.636368758739525 0.313448155420465 0.987226271333583 0.593004624557671
0.645358207332975 0.0458851054847667 0.142408424302718 0.608333327024785 0.959960442718676 0.0733778274539901 0.345860357938532 0.29324478624489 0.132564127690022 0.512499333801501
0.951183123064717 0.15620627704709 0.771237904490529 0.977139897768717 0.999444758152574 0.844877792008148 0.732014102648036 0.550092479353088 0.996673953971731 0.715025743627526
0.41930497057432 0.16275291063561 0.14874396098384 0.416751574943458 0.977862644322755 0.0262491058709732 0.309697314704644 0.330005410921467 0.101312625913642 0.603714802938294
0.965957839942061 0.831943448248691 0.234614833595581 0.983633162989387 0.995084474683574 0.395933790320019 0.623142296498494 0.577545022820862 0.992564464827779 0.631363442871778
0.251814516284122 0.0288179595000304 0.240358571258236 0.779089057689733 0.892544135887532 0.106428934268207 0.518809031270451 0.383612590029017 0.661075422120315 0.626054761948637
0.0153498770424827 0.267213551480766 0.0423113534670339 0.420857021148008 0.688978951572349 0.00784755875123548 0.289327080034186 0.207633202739826 0.00899496133297997 0.430507109734937
0.088468923403338 0.0501924726622359 0.0609995642922916 0.153061638808982 0.754705095769051 0.00294087431407893 0.110733626361808 0.167915539719635 0.0031275943565732 0.487787928211247
0.749720271297959 0.073929725156254 0.397105919030859 0.902902872666108 0.99315295210568 0.124908690650131 0.476303936207686 0.445775087111832 0.880963376801975 0.62087478810016
0.0146456781284644 0.0558242008123038 0.130575683289633 0.279026330167424 0.89710377429297 0.00813158987011994 0.237559712417841 0.230293650382447 0.00539089388622682 0.476374676763844
0.291158596081554 0.115126940283909 0.0608697576635304 0.482415599713582 0.78812087131532 0.011572239065356 0.25199744567371 0.225746818007547 0.0356356060165293 0.347329050558063
0.797563121460364 0.716386570669174 0.243739010281731 0.878444135904704 0.968930204306251 0.0251081330162762 0.426225447256996 0.36343488885823 0.847634343824915 0.512046023640071
0.18186250355731 0.294049538689203 0.262259933941592 0.94097295408866 0.986748552144733 0.210585329734558 0.400059156303416 0.431971304633373 0.905373442102884 0.485761895098879
0.947660741742353 0.362976594421848 0.218994669432733 0.950912105590846 0.994081771288671 0.213624386974667 0.564996632248045 0.409626117682397 0.938211410061052 0.548580868972059
0.264961191492098 0.08580559862777 0.11053752991786 0.469422129830504 0.826607476501308 0.0122051259401268 0.218711455760581 0.282403570140345 0.0291548967358514 0.5069112353487
0.411208822415402 0.0932608580160445 0.137956535439508 0.820725533942985 0.974605809960418 0.0514060590147495 0.391330214689615 0.29924172348854 0.438799352484489 0.612302942813712
0.832319103933704 0.789700043093031 0.102127719079385 0.937751170026901 0.99934198563915 0.477769061242972 0.767182798109654 0.58024025963833 0.990370263556208 0.621870340569228
0.12901919710193 0.660521361134966 0.188214503750034 0.61207415726494 0.94661445876714 0.0207357417141045 0.217526920605422 0.25584743061058 0.0239183749617102 0.476653444283501
0.909936574721569 0.515380580145762 0.347727555299164 0.330667751516557 0.965839481780441 0.208047902859358 0.574857018427457 0.317267313879266 0.35343042495245 0.64975587271193
0.495991514698847 0.16707567234401 0.409416395248495 0.928581653696182 0.985690870634014 0.0571089088408711 0.42348938716905 0.388137472986528 0.484403263951154 0.489994319244225
0.617853555537392 0.824934833938857 0.208360638552316 0.341225179235039 0.911265972298812 0.0457589296314454 0.376845868454153 0.309895868903751 0.0457268901855849 0.419021896250524
0.81460116982728 0.607354816000147 0.359856201514798 0.908667441240347 0.998034716031248 0.505408563402404 0.758308584621843 0.478836603192414 0.973148438657496 0.683608998651848
0.386090062903752 0.658596783442909 0.0755986274800437 0.901134762195304 0.977061774836924 0.136039538626421 0.528739878689483 0.363040775629755 0.790069625563635 0.695372319700206
0.235275288449072 0.255245156854443 0.0419524653181459 0.559963672172124 0.848895241728712 0.0103679230568871 0.236105049992901 0.210872978594001 0.0251993785377802 0.433190633403862
0.666137156052516 0.692192031460365 0.192667363149471 0.674111329031422 0.9913679670402 0.166918376756816 0.517623898057458 0.36669022997243 0.866655887049768 0.459014242112672
0.825123011525876 0.0919383185125747 0.148600523258981 0.838402196614583 0.993495124028325 0.260809549643094 0.631759318481078 0.460098683304973 0.824061717335812 0.607336664652655
0.434049680879699 0.864167074056315 0.239751371921072 0.67375087049567 0.98033173106135 0.19032169016683 0.430886160846607 0.419682734541957 0.457566316266891 0.660254005895807
0.451228952624693 0.816423286910462 0.279894683272969 0.982260604600648 0.994474440313975 0.112207891016747 0.36319246595281 0.420608902665858 0.882596866487023 0.536708218464643
0.164130011575486 0.516823176253609 0.248186525826297 0.572221590058099 0.862301357535017 0.0104891962010456 0.297283625763611 0.305469892306241 0.440466001041804 0.502632205590375
0.31732459879306 0.250426016258183 0.270684454244905 0.352739047993289 0.888645266386411 0.0217875428041817 0.285419164834945 0.327099438114905 0.310113525600038 0.592738249325329
0.0669835630131613 0.08346409286502 0.130537961536176 0.140438657643946 0.669362851775076 0.00129721970058672 0.0981402317116863 0.169063326215071 0.00620010034884919 0.410684067358195
0.899962081566737 0.756168967042844 0.0791876870166389 0.855045813687933 0.991793400800698 0.0994983381130585 0.534761993427592 0.524149843960434 0.906269788985778 0.688201493190662
0.520693509504963 0.774555149849787 0.101814351014041 0.815946626427548 0.993996931424445 0.219026623844071 0.553803759110889 0.418030873156854 0.599119483107485 0.624672280087335
0.317414093328955 0.085150152166632 0.0462657459221578 0.616659651752619 0.940100357799152 0.00819682710620533 0.198218425653025 0.180586060637394 0.0232771792548608 0.389478447784733
0.0906633582341411 0.228512606894995 0.142098889970693 0.497220443060585 0.847911873114886 0.0323268933941541 0.276403886381956 0.376567932133532 0.369292310595953 0.410387581886493
0.350518207620978 0.221294023122935 0.274553493209525 0.970438448019104 0.996955586720456 0.259964637501106 0.632353143745907 0.54822013178467 0.989188145379593 0.59517616935476
0.424878161666883 0.056248095520445 0.0869719075279518 0.789052009409622 0.981127130320689 0.0255013305256646 0.309227687903237 0.273921881201638 0.337256590233124 0.516536836043518
0.175367145320049 0.265463900918089 0.0492352142944113 0.783973404648759 0.976121334601968 0.0170471530835394 0.364165985908947 0.211236298907681 0.264952596395029 0.415180085758954
0.859188332644068 0.202918114209833 0.502717872029934 0.752593097249615 0.977182596588449 0.0420281233307088 0.341850455189508 0.221292713034975 0.338885662795498 0.523707981763913
0.285477158465342 0.668078629497924 0.0618298499907947 0.856148112213807 0.964174996648272 0.0467754037767844 0.318518472989174 0.239157209618206 0.505636713152951 0.451206758581653
0.361524705591184 0.0446015482426116 0.133308617231161 0.652280922652907 0.867646175541485 0.0163502460313879 0.419530994733764 0.280906388199996 0.370910449588013 0.631249214883559
0.31162099889665 0.794174140400338 0.154265133205166 0.763659272652959 0.965034594318039 0.0400726652215973 0.324149967162917 0.275874700815542 0.35052187255054 0.444698110928291
0.600640230056001 0.0885321561687889 0.109684690801945 0.869254782054007 0.982572917421717 0.0446283507751034 0.446359900801733 0.380905096640704 0.413214699696968 0.464528734536066
0.863654161323474 0.849684911951328 0.241679686843838 0.831955633759373 0.997677814684054 0.312113686776008 0.747279850491106 0.447299612081554 0.994389420599307 0.605807563788918
0.282838387997517 0.537006876604263 0.098114778046822 0.347453252218641 0.447509402420984 0.00808907810644115 0.172696461048057 0.188492295361403 0.0329227625227962 0.465726285576558
0.279243481546124 0.839629918580155 0.057008754753944 0.85813761644525 0.996025486629028 0.047012916698426 0.421865331685311 0.308450147822429 0.765806846116351 0.566715934415229
0.360292040288317 0.10956331481545 0.0843978906162319 0.40903022569385 0.951240734342323 0.0573203117739397 0.358200856551364 0.281612785749396 0.0910291787097166 0.478660822240717
0.851632363591804 0.871194010682719 0.137159793102228 0.53182530457574 0.972056238122386 0.0904617764070182 0.431785351764499 0.305085284722553 0.620136778995863 0.545494204714535
0.266090652346398 0.689650994467792 0.268837289126671 0.772608819496791 0.9502549609068 0.0387654733183235 0.450314610992457 0.370900158891775 0.154189349847056 0.475727383631928
0.357931262201601 0.847141823768345 0.111399996745204 0.425253133770272 0.913368541049045 0.0192808128780013 0.291070319023885 0.263390250134704 0.0797466075048177 0.503240437398036
0.55185489861427 0.930766938876996 0.183510546603162 0.805692411660303 0.993107190885315 0.177572475631781 0.536256173398408 0.405976271709228 0.515460258622784 0.57814541315888
0.678515608812467 0.906567025121954 0.323192753631252 0.66909067189679 0.996639939352513 0.318455670034843 0.507947991049641 0.427609614434706 0.970656000514074 0.618017788680651
0.31645428697727 0.00857150717910829 0.100908919606155 0.486330230194764 0.670450209523665 0.0159856861409287 0.219012607886535 0.280384306207656 0.0225445899606139 0.404006462356729
0.299328550263236 0.140631475600818 0.0948636575975263 0.814654669242539 0.940965615064179 0.0516640189192073 0.251618892603865 0.240401884731945 0.129461344678514 0.477149345310377
0.591721221381963 0.455371542238791 0.210123990797402 0.698525325694861 0.991445160425336 0.120033889793504 0.519271400395124 0.358255513604685 0.831047003036247 0.552850187217567
0.650658346917086 0.0857230083286808 0.0497169928440837 0.544886090745437 0.88933339790739 0.0121692751921377 0.286244538895559 0.290101853612005 0.0846732406290952 0.441335433611859
0.0878944226631443 0.31640326676607 0.082843415951833 0.614630873770675 0.990139477537486 0.0731551717516338 0.383592833949543 0.290335531845825 0.213163812292583 0.475282242362704
0.0963236255436484 0.601168025601081 0.277200448831094 0.507067663356301 0.921710550355979 0.0143290046447302 0.310610768555858 0.263977623906388 0.0556414901267551 0.535183896283119
0.450859506017809 0.891911130045383 0.216402188655479 0.853435228373282 0.973384869267798 0.0526929411937264 0.315366855247741 0.330200350889605 0.475110607169711 0.478022795393595
0.978205885956537 0.930688137651085 0.219878658777234 0.780066767619439 0.98762373780414 0.134572630661973 0.53956916255282 0.344784296527378 0.764222684255722 0.659983373359149
0.187105887833762 0.531853618192306 0.0429559739566537 0.651483821481409 0.906850081268339 0.016621376545293 0.290336095046695 0.333620346816739 0.202506910142707 0.421449815539056
0.185321496738461 0.0508796953730469 0.127438183334696 0.909771226643281 0.925085195626648 0.0158991889568185 0.32156548189961 0.356604306159253 0.0156624212082003 0.429734664518513
0.966035831004868 0.73197715489469 0.307782443510805 0.920374463506382 0.998349320981792 0.111736470528817 0.565983253184655 0.462774949042378 0.983470291042296 0.552137728362028
0.780971288624619 0.549856229311735 0.243807126402547 0.861071855363285 0.997687881480378 0.106742078566699 0.50765974155699 0.449903455899903 0.993344723617034 0.688277677626875
0.360931833859913 0.486047169028671 0.0569892708747558 0.953385821445146 0.947856887990133 0.0566026821881648 0.36170243599942 0.297983609437276 0.0488243805070747 0.516426082077003
0.512916371894037 0.120930280742862 0.168533505441281 0.697496103805861 0.990712732030564 0.0682751886488489 0.524638101577002 0.366527488566054 0.355270901332726 0.565309118806737
0.557444877087096 0.558002038621384 0.0692484113780679 0.509279202062958 0.995704233676817 0.0809760854583384 0.645712850821632 0.385511687905297 0.936283096113576 0.544097327213384
0.987438327708417 0.622394481651413 0.906173382750961 0.976455039984021 0.999695163230271 0.726127158673652 0.762367606929353 0.655308929635303 0.992920143023849 0.755922390636937
0.704525134129611 0.322576206025075 0.356694597895128 0.894573366577604 0.988812954056803 0.0740604028662678 0.45657806476707 0.480051325871807 0.921622945172742 0.605944509286171
0.813618312436393 0.730208510647855 0.262390874080128 0.924013208177946 0.996363583767891 0.314167912684338 0.619020190773793 0.434696777692877 0.968398672942869 0.708222280270146
0.264950688487214 0.720554057690688 0.0425721508891051 0.65996949598595 0.900730018966102 0.0386460323709173 0.304314641432051 0.24593291587132 0.06504581363432 0.486734056541461
0.844468793733628 0.802043126173321 0.263402985467541 0.953133277168022 0.986699537935822 0.185824141204022 0.549163591618584 0.347083613929692 0.659062506019076 0.59470967956031
0.237166073597126 0.631036927290777 0.132782550133388 0.280275304534429 0.907606204765858 0.0477144914433603 0.309633643551764 0.229413533197167 0.0305713830491925 0.42544161567796
0.041962512710524 0.290136697594847 0.202434592443991 0.721825136422624 0.897517247113089 0.071833186726168 0.408896372290542 0.348893114730077 0.207493166265404 0.578855399801403
0.349198061574644 0.34995808952293 0.0238530326258192 0.343106889016368 0.878956207953843 0.00362164658241901 0.227201072115205 0.190319576087445 0.0057091280924005 0.380098922790489
0.0792231754124888 0.338433186987917 0.0743684860592237 0.691636776800478 0.985355161769757 0.00588497118375378 0.30653399755594 0.215747819600432 0.029136303562612 0.459588499548591
0.965099496971923 0.795605128348418 0.103059975762919 0.702705554123289 0.995922730583682 0.364911019245781 0.516379963124307 0.510160108547145 0.932379258413423 0.665478508184809
0.029025164980467 0.549289593083055 0.0552199349610935 0.917376981239761 0.829438884366948 0.0306598638953141 0.248194506370758 0.341436705349736 0.0194317891732899 0.443866128056104
0.917378073063147 0.79092325648031 0.0873260555057114 0.985342509460519 0.995515032170241 0.536335461192298 0.744313668023219 0.423466961527824 0.966764228328639 0.735112015216084
0.545827176416967 0.575392902737478 0.463584258830915 0.78910566994115 0.994054388458419 0.0999961554117027 0.460378677703461 0.258242533008899 0.622458296786861 0.43710870703872
0.330192673557687 0.0643597607739501 0.107993570997742 0.88839291133952 0.961358006527247 0.0381105064715994 0.335822970574785 0.256567785877712 0.171110551062287 0.545282997951866
0.221783641120631 0.116989799848971 0.140630186362537 0.262944412774894 0.840674412016452 0.00663654619061082 0.223642350767696 0.169102087678927 0.0441775113309716 0.39272992343745
0.117627303159189 0.709583847111444 0.339077354999833 0.738340830632369 0.995402630989573 0.0361202854686899 0.325808161686668 0.360360498873677 0.637275784880775 0.517870828610564
0.695860366656793 0.512311272856295 0.168355401652447 0.465547306062362 0.99708103205237 0.120491091989113 0.560006879383894 0.403057527898649 0.900108264317624 0.57097276484023
0.408844944582525 0.797106565544443 0.145039240728973 0.934576392860734 0.99693327224454 0.237804801025517 0.411599578283893 0.3895317090104 0.827887821404536 0.579671788675521
0.782917053385347 0.315078619333431 0.214462590829059 0.381614740548451 0.982137105147997 0.0734441253724436 0.488141021776782 0.395239348643563 0.830288256246761 0.653289932826725
0.656197766893393 0.400316184082354 0.0563034451802871 0.723642286737222 0.98813208280877 0.1000702702815 0.429343729065814 0.284548768198315 0.349000364948965 0.536979757564466
0.804253668648847 0.766639079248979 0.196219405226736 0.233848261494252 0.989825059031445 0.0712141180880012 0.398432396625032 0.332422899407201 0.605441678476574 0.527737256421855
0.442668580765797 0.00593222626413497 0.0856752700816154 0.684813659636692 0.920324004714501 0.00624598193314031 0.436618961404037 0.252302632592269 0.305462686644237 0.575588671766037
0.670173368118937 0.448643407224531 0.540237712434304 0.728569924844557 0.9867394708535 0.0419370056209041 0.415538780161718 0.240057027664035 0.132344149431772 0.466530760640147
0.863579978311039 0.599783003953404 0.0572163685926533 0.619502761262226 0.953452076302989 0.0594367091505132 0.463373466642142 0.295087279905039 0.605252169218591 0.510971905855299
0.256533412224401 0.507669400869006 0.257154415280571 0.104384392576889 0.944943993557236 0.0553252219176362 0.353723030037528 0.329286556051863 0.281766567252846 0.508842047331912
0.77785154103957 0.544815468625049 0.148394743077033 0.887242821173254 0.998016331875768 0.138079689658049 0.548733458761458 0.353318222286817 0.927411460216053 0.65767037960417
0.863495681583077 0.972957593039891 0.546887273598884 0.952724162795477 0.997326631932077 0.630065856070849 0.656022732628572 0.475484479931212 0.927472313961837 0.686609672700281
0.147714592594346 0.666227874806841 0.0991901568545229 0.226738245607884 0.937496934235969 0.0200913560672532 0.394717851078 0.280475542659544 0.246712999780975 0.544035575269864
0.892253306541556 0.709098830700508 0.0914052982410773 0.676929690950755 0.976567650502723 0.0254867876269715 0.464569774968371 0.369002576513389 0.324486853640856 0.548897773654032
0.715715085515178 0.924179892703053 0.33458988089131 0.936601106836777 0.997897177032669 0.503809492245709 0.786183125913355 0.506390273579232 0.997836182761267 0.682654014789825
0.309385195079298 0.801713788272997 0.149679067637949 0.813580453089863 0.993876873058066 0.0535324370898419 0.394917955624567 0.401671039895601 0.789502314099298 0.559498223280135
0.615639092829863 0.167629587095538 0.100141898467848 0.551487027149688 0.992104701345066 0.126416513927195 0.449086381882298 0.3563738761651 0.299568969816994 0.528780833267845
0.22348326967311 0.690872166412936 0.0747721881483707 0.804260008329733 0.971737314631386 0.0426120291871649 0.365806189568476 0.308383324266129 0.0472288542592251 0.405966626108408
0.893577206752221 0.149402675639781 0.253396314097697 0.796880292423989 0.966822489336101 0.03632327154289 0.376469266524345 0.338266055947337 0.519500854980021 0.660910989152256
0.712790560584543 0.709256582891955 0.112641336973833 0.64361253122827 0.984182593521723 0.0593008566101927 0.391123289020444 0.310289753104716 0.115698972177373 0.613354150211068
0.663625427863798 0.0183939226997055 0.428905985341656 0.895792994652147 0.992721881994516 0.287283920826931 0.628276856609104 0.540450927478076 0.868783922952605 0.582481981595822
0.131927631699041 0.314155127740318 0.336595805277717 0.323655469579427 0.896747919668503 0.0146294125083348 0.348385416245192 0.333970274205843 0.409864024455162 0.480980995041355
0.512027433501053 0.292003675420937 0.113585866219123 0.267454155070683 0.920165458635522 0.0356189101429983 0.312877646005153 0.279841596593915 0.0569029603481972 0.359401963815605
0.782002710644336 0.644576391737982 0.264042800039569 0.9470870388717 0.999498759551474 0.118583674564673 0.712271646953806 0.356483265381562 0.992778644416531 0.650989117468588
0.347583336353423 0.456676700074928 0.149033579268884 0.448475513342078 0.949657059842655 0.0476745173937228 0.471238819025961 0.336237444423023 0.0252399559184354 0.445232473854177
0.426296176817778 0.1352513060801 0.0651735474814708 0.0313201600020798 0.56449019285306 0.00310624912617845 0.188168381377844 0.154354444484304 0.00308915899862538 0.454495326351816
0.936140189993525 0.853775119376482 0.496587608700416 0.878940916841754 0.998532367807998 0.365028864896398 0.625754129402227 0.523136171596657 0.990768118823992 0.604378719273584
0.978295772654461 0.887492944485811 0.512463576858542 0.949709413866283 0.999754281373394 0.765913560420137 0.816411186761181 0.575195590589173 0.999752280526963 0.761333295448828
0.295675874931953 0.215176261844412 0.106941950863838 0.809456436313421 0.990872688086594 0.127153298339227 0.414957755844426 0.456293023182788 0.620789218531361 0.571125319650474
0.539495723324551 0.862485117871252 0.104100228076691 0.807817361586886 0.997247618309774 0.219009261725956 0.576759835190791 0.481650941710167 0.882044327263446 0.574913478208055
0.912120237023041 0.818948805714579 0.622603135829849 0.896349141509491 0.9965446924104 0.189538263512024 0.702852435186992 0.420665775855389 0.96444282802747 0.687887953899333
0.225917699195061 0.473379814587132 0.0984095793418317 0.682755075113092 0.645991676706053 0.0101171323285555 0.262318464061408 0.250038087427957 0.00743115631077896 0.507476468413425
0.151680250028793 0.259127089537212 0.214628518085197 0.5127870235909 0.759472089245238 0.0423970525497056 0.254794047637335 0.332911223142296 0.0449789834444027 0.390458916260009
0.958026743435563 0.84571794558823 0.211372644086451 0.974382451301924 0.999033360471437 0.35460832953979 0.649824117983489 0.525079015563146 0.97532700756838 0.60122590870197
0.71358335450291 0.848126833772308 0.259965279262025 0.965787335085677 0.995223923990893 0.343613654340803 0.625745594828339 0.397517154945068 0.947626819326862 0.651408209839756
0.405741005434711 0.381764092915844 0.313883903055716 0.967613475672148 0.984451143759853 0.0517778831586035 0.325324617330825 0.264199784311525 0.118667215110748 0.521807928408895
0.56760372438761 0.345479467063468 0.0633779960303657 0.829272519748318 0.969867042659388 0.057126258410583 0.437878997775085 0.368166830024247 0.674470852550186 0.58016813817653
0.614909656407803 0.531377050750489 0.250770973328777 0.755885355204688 0.996005535526776 0.112337243782951 0.577941075177305 0.320651310105605 0.810136074607225 0.729067459633889
0.23342629088188 0.179599030028851 0.214397471941809 0.296775003653769 0.903272667777878 0.0194132010356323 0.266968689799768 0.220807080433345 0.00716260361865664 0.467045876154643
0.968457892345643 0.980993216324926 0.16952842585056 0.993061674291915 0.999204326187975 0.66379132455277 0.80306295268043 0.486252936875337 0.997506766391082 0.73529443554731
0.957555171370162 0.985982503548658 0.649290861447168 0.996575316180011 0.999150407428755 0.709186491590098 0.716928693690658 0.49147687050196 0.989636670367266 0.655362943111541
0.434615877777173 0.906005953713177 0.261051321069304 0.947627159636794 0.969835358879689 0.0274574025477928 0.501844555911048 0.200901237566753 0.342290166198331 0.445336863494655
0.193172419599448 0.570052974998789 0.104769319454815 0.813003416365489 0.962179189561216 0.0307215183117923 0.386053012572673 0.270034520365814 0.285808088094033 0.501867634918519
0.304712418689741 0.386577600813602 0.190764581990575 0.70598410327075 0.979370941985699 0.0227810941781127 0.345761262770726 0.328851491397224 0.515815947138227 0.670515467798679
0.569551840772315 0.874575967555814 0.358171179127176 0.556777435699644 0.992435150564802 0.23863887390737 0.653825019409981 0.445425220489021 0.762843107273372 0.613064691124393
0.69883443927752 0.622061828056124 0.0517480516835711 0.887053331283375 0.990696097987496 0.0210114163666771 0.435178979792587 0.268496686478741 0.784268813563304 0.553688921157343
0.706215397725374 0.396899449159781 0.227149300094998 0.853994465577174 0.996619195122056 0.0811707567884461 0.445464892717432 0.439928819156341 0.870660516896843 0.610988539096258
0.889557773786726 0.856847439561143 0.280353954208481 0.873602882959298 0.995555912077164 0.337533473400637 0.600791753291007 0.398028242697695 0.946955900427171 0.561591265192881
0.789408864481249 0.653888980164729 0.260085399369693 0.859522133459875 0.996769541020155 0.214257063311876 0.769915351369123 0.456477306266051 0.940316662064225 0.649355522358973
0.482384195836272 0.218801235130751 0.0698145271400306 0.984226141991695 0.995671459910738 0.0842454202410125 0.524581158861572 0.472654295006976 0.804924443325741 0.567867095950785
0.211522699032783 0.078868425013252 0.101211269824104 0.237838650859908 0.98024461790153 0.035095061621388 0.301413012421952 0.370379449432328 0.455211775406444 0.504841803121111
0.75609760792385 0.700550541051354 0.376360172396229 0.969380928118406 0.993373682546813 0.132537309216278 0.521627079712191 0.343095881812664 0.759257687064975 0.589519779576955
0.340957240155353 0.072274340794322 0.168098620715847 0.464605195991416 0.88145978167563 0.0494368292995384 0.293877653362351 0.304653089916526 0.150622238398503 0.516127211042293
0.17308569608712 0.317315243195208 0.223555816432077 0.325295752013148 0.912798566552742 0.00643611207350361 0.274927562513054 0.246543939524276 0.21332745688478 0.440991854225461
0.666529381852594 0.789193433424305 0.0857284710776177 0.599912213705916 0.983668920996169 0.048428754054914 0.42575980281728 0.403874818143037 0.471029237166709 0.523837517133481
0.96489730004002 0.534597406136131 0.121418035873553 0.771611884048806 0.991644525790753 0.140518951560556 0.403239390054349 0.403000794435873 0.911313294699084 0.583590331014501
0.784760864490754 0.793242674687308 0.225164998077971 0.655736906833482 0.986689787097408 0.223646427743041 0.407701873534543 0.418260744810593 0.849713407966609 0.599655168339922
0.940197197132022 0.853694737739236 0.432803083088831 0.867269668172809 0.982952112324509 0.477954055957165 0.661314411597696 0.402625419129843 0.98176737879649 0.595247201690889
0.808692556257305 0.782479720358835 0.24109073068902 0.886022942475422 0.995452787123617 0.275291132050108 0.674969658757644 0.46350252426657 0.415615144094398 0.495408739081696
0.147881876408481 0.849380771328435 0.242737201213115 0.691299039736962 0.981355500390524 0.0307639694020034 0.255920974378263 0.311685541504798 0.653027862616965 0.481607745401145
0.788645134108283 0.647182555537986 0.180608276486389 0.874654285713971 0.993507319754612 0.0989091117036629 0.420935148844132 0.461554741472059 0.275339044713902 0.544803087441965
0.947048003412411 0.698161448542729 0.0931262472441581 0.883881123193562 0.994261077975183 0.150562607316763 0.484419339278669 0.459318759589228 0.462077861275852 0.634881465986363
0.118311264297464 0.542019860332364 0.296004733855851 0.946858744543922 0.985453537815196 0.0161466642831303 0.420368071334775 0.308761252442904 0.455478120057497 0.672299950658278
0.256908275371793 0.194508590347493 0.109616061758431 0.930300598311595 0.83557849223559 0.00411276181503758 0.315525181559583 0.289556468407676 0.0383629400437051 0.424271079643623
0.596117905906411 0.251691864750083 0.168727692682362 0.672022138325381 0.995921456442367 0.0522557631088588 0.541778032963501 0.441143498936986 0.360536989028969 0.526049646912259
0.554767775396371 0.754078077177136 0.146838616252595 0.823477895066371 0.998030020981271 0.477121507014725 0.654683903455813 0.378291874794536 0.962288621969301 0.660094276846865
0.199604406563899 0.360711892256004 0.151368465611424 0.750199226950686 0.970704464899451 0.0178599303750283 0.302991740240294 0.297737019876846 0.386636794948041 0.537278335314245
0.347959055357768 0.207930136689048 0.368327185410962 0.422327184409711 0.981810867688932 0.0339700037236349 0.496204772463992 0.338877548124 0.652228433380976 0.580338321888062
0.637975772268565 0.893752787192609 0.0975598620912418 0.722079790965657 0.997703238771241 0.189482352522022 0.452364170380852 0.434347453642853 0.926486671935527 0.63092761792886
0.254865744405192 0.0620271151091399 0.17567088680725 0.787854929444031 0.985446803341685 0.0396549276538892 0.494130493965675 0.351455354847768 0.0360266143853013 0.520871639739518
0.977358733556723 0.891319295187443 0.141057620316116 0.905990995589264 0.998951632033494 0.636589390418308 0.696811851781713 0.464751353077586 0.989879215798205 0.751383026505938
0.676768207315411 0.341491282682394 0.0378971248407473 0.205386822647666 0.977258909120567 0.0284684194616096 0.270136022505767 0.352628911740492 0.0335000035147847 0.522790114727141
0.0462942872182216 0.87607749034201 0.159944907952087 0.706151714241993 0.777168197051818 0.0130305610690542 0.233904791436646 0.257709987596158 0.0737266010689743 0.542159493703723
0.802294205841074 0.68238850675628 0.295764477703422 0.542634061947134 0.964768540908013 0.130714888858196 0.375164399632015 0.32010163699155 0.512176419780174 0.613257034975811
0.50098005767749 0.307533261812011 0.109799817890963 0.729390962421645 0.986875036082244 0.0564525847657032 0.474958374097193 0.33045169879365 0.583148896133234 0.474143579356543
0.643860830939215 0.738030962586803 0.170108456415304 0.864251936958181 0.99463012058426 0.342464565447826 0.580977147327106 0.368495040177433 0.939551767564902 0.626260325523833
0.799045568009016 0.133776113870458 0.147164587222144 0.855257112978241 0.957838188211997 0.0240893701172106 0.345117899194328 0.405532128761753 0.378899543427511 0.561939233128461
0.51810634232505 0.20315145538724 0.129259417728733 0.586784444891241 0.975539077522253 0.0408562823510695 0.380044178238324 0.205753967201454 0.224591031215523 0.517006929931539
0.0744635824251255 0.055301472868877 0.0674312564719627 0.397475730023693 0.828714403844824 0.00884268908576237 0.298582294594729 0.306416278998726 0.00936908777101796 0.449939998235403
0.729270399030195 0.918819355538163 0.0423066175657019 0.731219281123763 0.992179560280547 0.253784672159912 0.687115510186562 0.50110217985139 0.97919237388836 0.665767658504409
0.724100361653732 0.297031563003987 0.515033541670002 0.88400644856937 0.977619867916036 0.320760513401041 0.498340735366923 0.375549492774258 0.631992243220601 0.692592951941924
0.348254827826518 0.696812634521276 0.10912131206608 0.410738648852925 0.965999624792935 0.0393013411750258 0.333268477046292 0.28649041610124 0.476397969065648 0.362685828178827
0.366658679853855 0.733350848490662 0.536521560146283 0.925574999807003 0.985866765556525 0.0301944213534685 0.406184948359517 0.485034312740761 0.0792108908298069 0.486119881552428
0.828055266972608 0.0357472142970557 0.228552606267123 0.943667244991814 0.995944651625681 0.197068009684222 0.593210572400231 0.374616023235435 0.867497608438078 0.632644698635839
0.268037227836584 0.0889517689715814 0.181880057861045 0.87797732794487 0.990821321891645 0.0779300957104691 0.48817521405023 0.336995176217656 0.765145451643461 0.572287736788823
0.424874311312044 0.425968125886315 0.0878782067050985 0.785942848830022 0.952941109788804 0.0989710518328566 0.432627447924746 0.322938940253397 0.769918983716724 0.633732055310867
0.660306362789346 0.598161038385751 0.0347615981157388 0.498911243319073 0.6631199058484 0.101664278703285 0.247665073284739 0.282745925517069 0.121826484819512 0.429238262069888
0.746104482316446 0.238334078335628 0.12560789836781 0.811190537357141 0.698022770113096 0.0103722721791354 0.158770564233125 0.235005671067732 0.0054951851613692 0.376485137337238
0.888579503719445 0.763993228941208 0.434528989568444 0.917579559337099 0.997873165869043 0.189672128875615 0.504745959230558 0.416750723051557 0.890266708574809 0.501300003443617
0.978529831133297 0.94031419530966 0.511852711534202 0.95506705020107 0.998398962402852 0.564458475344288 0.618724412369753 0.437449776384875 0.985526834347863 0.733004948537161
0.383567773325212 0.476400820984567 0.182404203012114 0.907759313089869 0.995979877217148 0.137789884152144 0.394036688193396 0.355367188647071 0.92373961227974 0.639506299523843
0.945274156960622 0.677236662371641 0.124857674553879 0.941038820874894 0.991010033497586 0.19655730793626 0.511130179855159 0.427953264551467 0.735578093135942 0.588991205151162
0.941683945227322 0.409323919162726 0.194464207189538 0.85211028679547 0.991569666910863 0.247714000562892 0.61956780770913 0.466364222638643 0.940475643239151 0.604242705769975
0.438370828606166 0.739144299966429 0.263320269387049 0.700004359318853 0.977756539756063 0.0593321273306149 0.396393771055391 0.325046415297785 0.299233154504234 0.529559893684819
0.866848892374971 0.735884324405935 0.238459210177657 0.802114398882481 0.982215662379874 0.0619725703373195 0.46667592107737 0.415294162372499 0.903259641773898 0.650124680702024
0.098858634567081 0.348028100229467 0.141484813696242 0.681213474624761 0.897276750279534 0.0277277000632314 0.275786991721146 0.21745371667533 0.061998832186175 0.572997785215906
0.0889822848234771 0.681615734597822 0.180557878685827 0.516790784651908 0.977924079259607 0.0282350493097176 0.216597303331581 0.315104518067264 0.031615259939595 0.587160665342038
0.228651358462843 0.413878566032637 0.159715792390492 0.913567977550465 0.994817055395072 0.0978283568843815 0.559750485377734 0.264056209776871 0.808500972320055 0.643595937109132
0.847947320617049 0.787620648091944 0.306452309228057 0.857488201122337 0.995464312834214 0.502323887725935 0.769337570945676 0.425770936613256 0.981966759037907 0.633478393910587
0.828188116382441 0.867896072868357 0.208350863591505 0.696735170844812 0.989982208975645 0.130993349637073 0.48670629437993 0.474395346909016 0.960067844927415 0.519507846232201
0.780471789602263 0.586413740059021 0.0667946210452276 0.904343011872188 0.998069262228314 0.0410549762313422 0.538813982770253 0.449945655708514 0.415463133484124 0.584911160914848
0.571667061812181 0.5457746788357 0.136904703155416 0.937494670983983 0.978096235355546 0.0399684979688649 0.350436272245859 0.270999795027749 0.786572873004556 0.555823931233138
0.715568900522622 0.849769385794302 0.160920028568593 0.705276539781216 0.993983659009964 0.0496928462684834 0.350957442966582 0.349135020740532 0.667119351847519 0.462427757644911
0.101572344364941 0.789379730693557 0.0831259010631259 0.680600602893088 0.929900392224128 0.0327985608123819 0.503877981247315 0.294744151883503 0.245632458793604 0.619825546681467
0.15470994178895 0.790367261565298 0.16594393260797 0.45945966212504 0.938573672128418 0.053648545755833 0.311908094766735 0.326105326233 0.0395001882357067 0.471983950734301
0.070567765381914 0.833522076223265 0.189680538546884 0.55143749192394 0.920753097905475 0.0221387986331695 0.249298946747796 0.235934912904161 0.12404944877343 0.461457975402561
0.717147239277223 0.0754161052493121 0.0571098077465291 0.684352325602164 0.951894523277891 0.0295857424033369 0.323717785682558 0.365310112662623 0.164142929571535 0.49993741885713
0.884146295073191 0.990961633941583 0.504456616568668 0.986695870016194 0.999190485429502 0.154768930850402 0.632632646720484 0.399338039378699 0.99558243415625 0.689686660307704
0.878763398146126 0.74967736867725 0.216341291603595 0.954196140246031 0.995717610283778 0.0622392317631992 0.492000175667081 0.379171544219222 0.760634316271411 0.674068388128388
0.223344248475253 0.200035704469002 0.0534298875171859 0.801375826293939 0.959407095300148 0.0311090344707075 0.415680212604858 0.239029484162985 0.127682257327875 0.405673620897426
0.788835462264328 0.257875371452474 0.271348437961841 0.879187776218491 0.994109148037792 0.205089877214916 0.58580857735184 0.402055820911749 0.875209759855992 0.70867485693556
0.0587244855140201 0.820722953244729 0.143636958965937 0.563588730910793 0.917343621823375 0.0307762261315322 0.422647781175305 0.229987485323321 0.124503172997327 0.531497855499338
0.1134919279494 0.150895685142056 0.0893812832480806 0.692090913816789 0.956626188292698 0.0364313739768017 0.359618667516963 0.293880811181743 0.0454086731341807 0.511466079476707
0.114702300822574 0.196672166172092 0.119611819816419 0.220486054005445 0.728113444375027 0.00304436719860193 0.0887888384510773 0.144904143978575 0.00486188957365373 0.36810735615619
0.668979537755967 0.961014584593347 0.374422535707941 0.880482733940621 0.995499654013013 0.0767822954783246 0.393698763485572 0.34450166225464 0.341633392590381 0.643222862040272
0.291444744225497 0.49119511581839 0.0877051770333186 0.349139430256374 0.969751113415641 0.0377193129703375 0.386817838643 0.365189621484874 0.796790194741979 0.528168123849873
0.362680636754953 0.111270758730426 0.128839436137738 0.491292834198015 0.969024449700674 0.00884022404670809 0.288908635892988 0.371982559374467 0.0319390658526458 0.584549944145466
0.331881898921463 0.178974652133484 0.160253009504848 0.328433564205575 0.97148080464655 0.0411775026987016 0.337289103983709 0.343634075338563 0.487961791831572 0.515759031725419
0.815902998669532 0.828434556301491 0.473012743724452 0.840588162825213 0.998440980153688 0.490020293326912 0.625928611005492 0.569590564798083 0.979776604728641 0.756803475465477
0.875604195348232 0.187539605435485 0.15124525500451 0.784551732743167 0.987629012554936 0.196745830216349 0.589403449512658 0.529790416525317 0.847697296253134 0.623747793843879
0.868178499494689 0.144093337402294 0.128028381663026 0.766009166625443 0.992807091332058 0.125388114591393 0.51958305884182 0.437873470998388 0.779335839568258 0.597589681357258
0.620772371396646 0.994037978506834 0.169446941244422 0.848269329254129 0.995394028240973 0.111002038747067 0.417351916668495 0.495819775176159 0.811868622789115 0.591071734240935
0.75915819003051 0.220951457528708 0.143769523921287 0.379846170253633 0.992766404178481 0.0718244070620964 0.332881697247363 0.281459468976746 0.0507986334906679 0.51706030812586
0.218288214970507 0.381717533220786 0.152179463879039 0.809045892302432 0.991593273870888 0.266205514771992 0.610872594698913 0.394740792181683 0.579986730086021 0.571303018317333
0.426743605525801 0.90096289220618 0.24440736103621 0.71684018554878 0.975539856976307 0.0263819501170025 0.2598019796058 0.283319050875936 0.0863963882321041 0.588434265544486
0.618877415511152 0.231155203340108 0.179580249714547 0.911011144826413 0.972017670473464 0.107126065321525 0.462083258755796 0.393025873841296 0.557164727543169 0.539787007046474
0.533174175185374 0.102898146535005 0.066979323028647 0.827763630091983 0.979267995533226 0.0539045094888824 0.352012436888141 0.409734706265986 0.786320370038082 0.552678537270804
0.796482935717534 0.5437988720115 0.212755975224902 0.957323520906434 0.997474841987712 0.287446350564221 0.596023612378225 0.411195086628536 0.981181479314955 0.593613433021551
0.120367185562292 0.266176393753502 0.115090377857355 0.401511217043899 0.94203761920234 0.0178473255793094 0.22139726108068 0.165761841729391 0.0255002506091031 0.371629804496399
0.413661549743578 0.84062921076633 0.326740800848165 0.960927286535849 0.99696162961889 0.491354618368064 0.619219908876923 0.423453870891487 0.938508137458472 0.699433237465147
0.892448584728698 0.718399694438506 0.198007276476389 0.717090027507495 0.963829214778493 0.0740185392476803 0.434999208725966 0.376787215886465 0.721260161773828 0.666214681534875
0.450892093533835 0.60721921330953 0.12815828702883 0.907297249564836 0.9671121001083 0.111219921390304 0.406068682619854 0.471659704732753 0.407878891917303 0.471792689970977
0.81357146599898 0.337877535975174 0.134722495119661 0.955688854784509 0.996031645496683 0.157067574158199 0.543546245738942 0.48808989093626 0.987304698518273 0.549777288557965
0.635913788310301 0.712638523234524 0.165667078195834 0.700263202705031 0.93667616319699 0.114848996222342 0.337939962476724 0.319917403846326 0.605435445573032 0.546575786487672
0.464676309057052 0.432478249738523 0.055489807280569 0.407065870993898 0.978424764515601 0.0144535605025329 0.382673326261798 0.332886788046125 0.07292399039686 0.508576708508107
0.233668728124826 0.748772847165681 0.196532128359092 0.539002035564942 0.990343961509874 0.0179846825129081 0.427625071090418 0.305739812083723 0.254478277219325 0.544746379540962
0.831043798977908 0.0117599835465436 0.0613907596575832 0.861388339072848 0.970848546572977 0.223643401313965 0.426232381132273 0.382752180621784 0.383152662407753 0.658817010235236
0.885113183272513 0.884792571049353 0.0445127910783421 0.634326802902495 0.976829953756306 0.106021643562513 0.630911933153909 0.361111569888839 0.636408650841628 0.644213160760082
0.349413649795382 0.942599539519434 0.244334524376358 0.572332816535156 0.981984427427334 0.0440021567844931 0.246491339262692 0.317940898620476 0.0202746369942025 0.456242029362156
0.569918778068293 0.153175152792725 0.0454551778675829 0.795504302909003 0.928106862272232 0.00916479861827178 0.245793061494978 0.261043590558259 0.183210992323421 0.467380823820037
0.615818640325997 0.775114282383685 0.0640025276570532 0.622286618634556 0.993429039834956 0.108937074479374 0.521512020637976 0.456577090989769 0.419308872213791 0.609761328460669
0.626855925996996 0.589743240089042 0.225846786873146 0.777749573323744 0.975330054573174 0.165046190228934 0.484665199735002 0.387236219753875 0.448705379750945 0.628403197722492
0.975706214879944 0.889934728243636 0.587302504440097 0.981388615235605 0.999962565061239 0.941017723855678 0.847344742595726 0.57435180689905 0.999220593092291 0.767176939187532
0.197884850870556 0.0192752275452854 0.143768695411673 0.617317168087114 0.944825046827096 0.0350972233718526 0.278468962169167 0.270225511694676 0.0531517412262473 0.400271710289001
0.915365109931315 0.378611367479647 0.13578790954774 0.936819056162377 0.999112697806559 0.419338456681488 0.694804291679219 0.403763980487141 0.969101246422428 0.635634967659938
0.541144392104801 0.522857014744698 0.0950276976454553 0.771811783998152 0.961870042053451 0.219078167841131 0.372073655259673 0.344084661034184 0.81905741395202 0.515981974207189
0.251389978486083 0.125044939241276 0.0862365302955685 0.529014557218701 0.866507606539784 0.0110286445133351 0.256945786808944 0.326772608646888 0.0808614185645827 0.484045636567119
0.482762939998075 0.544793986493766 0.11898823930908 0.688667951348271 0.897252722792017 0.041143205531244 0.460189590027557 0.269014152395846 0.0905831872684051 0.414138157289991
0.61890596231475 0.822461783200592 0.168364862502367 0.875110864217543 0.97894655971097 0.276848202247726 0.524646589049133 0.351278449486901 0.661591102651149 0.524551777825581
0.809362525160252 0.810896591736338 0.113432000869682 0.950506028784133 0.999284743360316 0.288480898640903 0.627733826606056 0.491357182649746 0.987283740653846 0.615273946215162
0.598199352486591 0.0389848535460245 0.148331400042432 0.863942158605267 0.983302740806375 0.0810945088921024 0.427631397352326 0.362735403943093 0.901397348507984 0.569078577932363
0.939078467747358 0.796769612887903 0.340003051285758 0.844504110379554 0.990650737623385 0.27517161661739 0.5597378485546 0.394702813361604 0.96166820467727 0.543566324468142
0.944991163231541 0.696072560185885 0.461993380643998 0.994114057105836 0.999829754843439 0.627656484089959 0.837365115459804 0.595272903041382 0.996265627423312 0.736259287987453
0.967697623339054 0.58726761018922 0.297423434538161 0.790276285936302 0.998690268960377 0.156748433224314 0.631716532189562 0.38882747416819 0.849499691278943 0.534539431244417
0.882921796045047 0.972186913232328 0.140544452420703 0.948588354525633 0.998883886748103 0.143326610488983 0.661800414875414 0.406018215760004 0.886429307125132 0.645961539905445
0.777193980804235 0.89888414381234 0.508262664878321 0.863760167224275 0.999565450779533 0.253309557113511 0.647516425577365 0.4929963432824 0.998551716789642 0.598172313918621
0.432816253303649 0.0635980797769039 0.0923069399127983 0.617119629317825 0.969697319855918 0.128746131150583 0.394563022719519 0.420577537522149 0.676063746470703 0.536350139852921
0.360006073903035 0.152236029873561 0.112043713566582 0.272982028296152 0.934230303250207 0.0386980873807798 0.318375000649258 0.304265673041335 0.238300417696576 0.538636498753815
0.288338772257199 0.0659369163405674 0.0661088017073846 0.848723571858237 0.965635118492949 0.0567925588942469 0.278011729540788 0.26993644401413 0.239945677566037 0.580097351872153
0.700141621186942 0.6340128833036 0.116586679708715 0.611510602970553 0.975500052370648 0.102913339290893 0.378477284860184 0.344781219425377 0.522357632373781 0.596740441511263
0.250962624435205 0.918046420058921 0.16285613458251 0.697534105094757 0.962037502691395 0.0507223849536602 0.544068460459117 0.277107103270461 0.644336576892575 0.608964377335511
0.123216722817027 0.36425070193741 0.280315263536475 0.470051662630362 0.939845328266677 0.0809596368336364 0.42182334780379 0.273976464910897 0.244598123005991 0.455029860987534
0.509687369902929 0.844121284548942 0.360787570438924 0.910947289802554 0.994586870603341 0.159595244775721 0.437944142075529 0.344189895081721 0.522546318851223 0.580841410231888
0.321648592618023 0.602518862168093 0.14813816343273 0.958605618810816 0.99461659697353 0.00982525079923706 0.392020829393036 0.381280982978766 0.497671516520492 0.474601137785681
0.80076467904513 0.28431155371184 0.0931112443759878 0.673086169499548 0.981158035316433 0.0334614477281843 0.471350991460533 0.316776632459377 0.146456196848938 0.576623677887731
0.740246302112849 0.948528890158154 0.175080857740189 0.677291718353844 0.997910813415722 0.154036978904635 0.444485156850484 0.355962254818625 0.946942145701819 0.575542834194065
0.529720162029431 0.701996203161432 0.137262812990055 0.802319756904822 0.996924265393575 0.0947520197121256 0.461989786497857 0.367452054665941 0.543917228727779 0.585495583339227
0.86339471158357 0.698709468301686 0.275807009353844 0.757079630298111 0.993889582839594 0.228207447371097 0.637829568552158 0.490736376186057 0.970166979577761 0.723870470866767
0.966983505137093 0.99283421222866 0.145239433765141 0.986455182465561 0.99969423908978 0.215245246717151 0.770601978283956 0.54097326108321 0.993148205663828 0.716565615768343
0.386578196103239 0.640747957826881 0.0819182409709346 0.933800158850497 0.982572283187158 0.166989478767932 0.442008491505518 0.387147182786384 0.54629591413295 0.628684215811998
0.858278198407552 0.51611985074519 0.3387210788298 0.96237092120067 0.994132274403333 0.402353436950324 0.683314011037724 0.395097016524429 0.972114025888813 0.714274724967404
0.969076111602541 0.985530033319378 0.323229858549459 0.788342334576896 0.998314487937946 0.196395072803591 0.623565274725152 0.374712381775934 0.944392938401054 0.619724775976715
0.876947256936684 0.548109456616774 0.0904550334831219 0.87557830643741 0.991170118962418 0.147285456836799 0.428079472556957 0.407124069900017 0.413983471938667 0.563286821159309
0.349195514777781 0.118882726294561 0.0706225292898446 0.918594140765763 0.960968854488007 0.0565259237576842 0.351567638809962 0.341190487506601 0.785704841740208 0.532151209971076
0.760432437480661 0.231658598767087 0.257254959246572 0.715349614040971 0.99898230317612 0.26062523830311 0.482524207376485 0.380238146753038 0.994390269487755 0.581874007815802
0.367670860051185 0.307798462970308 0.495243170489247 0.687572650996852 0.983807043379393 0.0399450926974737 0.521828390177238 0.358932867373112 0.407054570937714 0.670164655771066
0.865049963769218 0.851434134705605 0.228107608662972 0.967170850008849 0.995725720464301 0.0945749989988119 0.5178889514528 0.516469158200486 0.970516707909692 0.59939428342485
0.0404235096700737 0.173064296132401 0.0707067609700479 0.478784222786791 0.889523123198389 0.00369949852084955 0.180978835066662 0.180488163113242 0.0121826110032689 0.441364804022224
0.924505576074814 0.149668923330745 0.252058892037664 0.920609684017136 0.997613818052989 0.232842406359224 0.706432800332563 0.445824514899624 0.804752926243105 0.642125479869974
0.965879037215091 0.801316294934976 0.126819391343343 0.96032897979619 0.999681723827028 0.31443618893963 0.735937598452009 0.473996165843411 0.996774692736643 0.715096975609519
0.127776632939228 0.129330383002615 0.0701374438277018 0.486986801848848 0.457213706107737 0.0150069925218365 0.223381413765023 0.209917390832943 0.0191134453961823 0.455703987578543
0.785373766519116 0.792999050090699 0.179402256855005 0.674241768140231 0.954034782849978 0.0404848126098656 0.292081355871636 0.296654378665315 0.194801659405092 0.465529563859999
0.922053536432918 0.188421835301603 0.159395206928923 0.955722012640939 0.99193413809463 0.129948321033877 0.439194898249659 0.404639878467981 0.966588427185174 0.644857393581646
0.702067535109893 0.138387878697393 0.450638555518976 0.947711263531201 0.993572749684655 0.0636774797884684 0.492123090389501 0.416467818761858 0.722102807877101 0.651546040778822
0.423783056772545 0.221857032072035 0.0919339984615914 0.402025482436718 0.95928979958688 0.00502304227460609 0.172789688544168 0.207587771902147 0.0292676239528277 0.421141426049684
0.43369060200058 0.867249868869191 0.280489919975623 0.741165531741001 0.996029856479665 0.18168327745753 0.55794006072653 0.461900145211487 0.874587645555263 0.642228186174083
0.939384110063455 0.874435192480187 0.2610401907215 0.950953611184164 0.986709233775452 0.13397200218522 0.532415020614845 0.448013200818339 0.965170519459414 0.546980070382234
0.0942225671612422 0.279829921895373 0.259733393989302 0.564277448943262 0.944072472420477 0.068106552579755 0.371560270054249 0.349303186404112 0.0146980645713368 0.481027874016802
0.551749896386472 0.801366666768617 0.362094044866186 0.983481043826366 0.989349576486502 0.199882622556016 0.638812086238099 0.505748820326297 0.961564620667109 0.621081480788038
0.735997608795219 0.68656128758614 0.191307567632869 0.804208712494967 0.993792612943266 0.0768439210916787 0.490582102628668 0.259342041074567 0.174965829296832 0.497514320230928
0.965737310592575 0.980618665521859 0.578504183951967 0.946489060486555 0.999687297581448 0.553666344766603 0.712846986343066 0.445471059330046 0.987026739800311 0.763365833303828
0.852293704864507 0.258967318003054 0.249152657430795 0.817091178150977 0.995766183691872 0.241714565695599 0.673847099755342 0.449203144106156 0.898953824417091 0.717444513192436
0.435675009982953 0.674983716350222 0.069202548850102 0.961681300036234 0.995388531346118 0.319979362595251 0.731565786046476 0.562626520119784 0.954696285603666 0.711571064700625
0.630699052490246 0.545992549938037 0.124656450449043 0.740793075508977 0.975005748002613 0.305566488748271 0.546874089452792 0.394686466566048 0.836841870660558 0.541482081039805
0.768871806597235 0.674729357799144 0.507950059862666 0.921422103183535 0.999298841072305 0.238776877399791 0.710506398564862 0.37740464480784 0.741774609644557 0.707380515292064
0.617557216229223 0.130567220667203 0.112175061189895 0.614624306376014 0.985859456909745 0.0200751478139469 0.343586786881639 0.301415934057425 0.61486665445645 0.48844834514537
0.229421333365186 0.17207876322986 0.242410981799128 0.780131903521882 0.993855606887542 0.0170107419399373 0.335031814669972 0.208008290840414 0.21643415195328 0.486491929075837
0.190505241527131 0.653519711017913 0.148311155077862 0.582358912258003 0.987127212398761 0.0948963982657839 0.585610261091391 0.345398579231099 0.828232212646112 0.566618025766599
0.527542739796824 0.291548707006872 0.0944350976792907 0.85687505709861 0.883382421517491 0.0422171828441633 0.245257746230313 0.33956519620296 0.196213058308012 0.516074309530213
0.901459757771294 0.814834845055625 0.0804239625842459 0.805660801838076 0.996426759992754 0.110469121759648 0.468027484108304 0.421022173449409 0.903974208647615 0.584949448164837
0.761367213726728 0.146733111212402 0.0999532329162657 0.288571355412363 0.880020602279943 0.0547206299118422 0.455807125791928 0.342813420655871 0.131124233976341 0.476586071692063
0.68085852977879 0.966453982800007 0.478812980007293 0.900812691407546 0.994435216778946 0.187470464927841 0.560832031874712 0.358214918226407 0.853562028076727 0.733926604827428
0.932049649342194 0.157560508008898 0.224922237507762 0.822336282877766 0.987520775473516 0.146092647599668 0.656015474433405 0.414495274694375 0.886071390120668 0.682606030215246
0.833288242802922 0.903426393779295 0.418098340181408 0.91101356345228 0.991867376080151 0.593523050509086 0.678760474987448 0.517536335737184 0.977918114272681 0.666942063105922
0.613607958599382 0.480345487373611 0.294022208602303 0.753998347915979 0.997248429022074 0.261989799137895 0.661055623314614 0.425082974304406 0.960892398260949 0.639056214285408
0.193053503134062 0.654058513404549 0.139774479226863 0.584950696057326 0.973600351385833 0.0599983212681529 0.454041903715828 0.372649404397368 0.513198760004116 0.555052722788315
0.687699392317978 0.865196049203383 0.143795903642781 0.743048450855862 0.989265151266758 0.0427398364393507 0.53118083583736 0.509407407819255 0.80357785440687 0.583456694305665
0.0735612482136575 0.291679785905423 0.160128217890146 0.120573934170717 0.800076151378671 0.00216632384556294 0.27822159821757 0.240583028092359 0.0374568982794501 0.432799883536734
0.654951177542346 0.429965814124782 0.256599099734614 0.517840024321707 0.986864338782123 0.0404763778576009 0.533910707019803 0.346174489359233 0.542503176405406 0.57766256553798
0.923077106063756 0.748279602837894 0.241016464835808 0.909650047306376 0.998506371617997 0.189637022440993 0.555154080454095 0.427342320788323 0.992371243597619 0.64687393987914
0.0479410867452743 0.512343050498954 0.186194799963085 0.679076326037314 0.991352186849894 0.0625912636216419 0.33682534059646 0.316673509131039 0.182109018706462 0.582994199233011
0.631198220356208 0.826669930539915 0.364397221138297 0.914725429393496 0.973366726237984 0.0698676356309816 0.430899693891754 0.374912569439521 0.407161180131562 0.58414613623556
0.436792780224089 0.300319521321241 0.347937165599965 0.8516549571586 0.994573365717097 0.0774770432997317 0.350852869921127 0.306513305640439 0.238560549370782 0.541609949428549
0.962609921221959 0.901226198173228 0.306793954324554 0.88220663964321 0.996334237678627 0.308420170808989 0.694598149758153 0.422582167606753 0.974856787229369 0.655548543463242
0.844091542839223 0.786787695014516 0.440361809003745 0.885558267729356 0.996958275425308 0.374233902102183 0.551216279933666 0.502759982181018 0.893836657185136 0.715074339997443
0.866933433764504 0.391962465798576 0.428460221249904 0.950081341509636 0.999124547588017 0.440701275582913 0.705739891872245 0.511438121861675 0.997987168838943 0.634578589145646
0.534277638434578 0.187515799448343 0.0685874875722601 0.297050648016762 0.997060956486247 0.115816652874926 0.467613774610883 0.476007342836788 0.808729276127915 0.472793441927979
0.725127944145573 0.88718326675169 0.37323625591016 0.744027272236525 0.996091729855834 0.109147950678356 0.670892076261088 0.456133619618604 0.956960450769486 0.670253034866838
0.255342545585715 0.864833590149192 0.0804251443204498 0.784637156382397 0.970096076662275 0.0558381177134025 0.47813770667351 0.371352420762257 0.841735590862557 0.591541273271115
0.0806475399442853 0.87045651532131 0.215331256874817 0.732624728006146 0.971098920686746 0.0454623676711845 0.389011754431523 0.275848755131472 0.107299906459184 0.528556146390218
0.958454827931745 0.953817531422038 0.555010246138831 0.916980943733216 0.998470488381654 0.47615564545431 0.641464159528084 0.428365305780623 0.989428133828314 0.676975564770931
0.402789160126225 0.519317124524102 0.16886518265056 0.900069203957545 0.996961099846418 0.327236838864151 0.708745633170955 0.435946559229287 0.924890480836733 0.719998344866787
0.53769349997946 0.627998334570987 0.183922414571314 0.840761858359624 0.996331026531803 0.125788821658914 0.645959377364763 0.474067099597338 0.973667967170377 0.536357558918716
0.430128807924727 0.0901374353613409 0.043093262366638 0.797556672092278 0.971308882464802 0.0401588526387535 0.369606742239142 0.311596909137526 0.538823542723031 0.442435515154275
0.78293903134575 0.164464574344615 0.246014242045309 0.695522974529943 0.991320672288131 0.106188786707885 0.295380918065579 0.330332846412664 0.539788969375599 0.515923976941045
0.390764570914751 0.771713182063201 0.0955164977619329 0.92971377111242 0.985616532102129 0.0327018141170396 0.383533563107176 0.309100348848395 0.146341001645235 0.479922271809371
0.814956961921081 0.615370808995172 0.054827054935989 0.414338138728888 0.922981926868843 0.0205745752357578 0.450062698833726 0.306401171345245 0.278174841519725 0.546053423541306
0.0686538749265887 0.856618337558251 0.214474732404243 0.871812743229829 0.906846301478371 0.0564424036540319 0.447631203550729 0.323720253886366 0.519572264315468 0.636530974553325
0.274319921847172 0.272658012509947 0.173639198513646 0.608994567953613 0.99194220092453 0.0582039112495526 0.522658065590507 0.320991076579983 0.515259776690846 0.615603719872379
0.938350275599989 0.68292243021948 0.127164727783091 0.771695281680551 0.950406637708019 0.0554159091735765 0.489563421352361 0.328790290225587 0.108409308872792 0.54741107249766
0.1156103637633 0.257388891227858 0.0703756996122875 0.711535029262775 0.960417688456459 0.0136299885574665 0.262559185418323 0.256128107742258 0.0500562616995384 0.399802721306409
0.0673413899130868 0.371412992809908 0.264908839320336 0.472625651768308 0.979228524728919 0.0302328593098825 0.427145742876624 0.24922731639979 0.205691512974023 0.597093992614506
0.875569788468052 0.917594031060088 0.442639406628991 0.950810941904775 0.995910832247019 0.272627551710538 0.59591732355216 0.490403603818674 0.958256458256126 0.565878949431325
0.969712064041888 0.793422422177465 0.575333644975843 0.979137658698948 0.999337371899254 0.531512800154327 0.814845343811711 0.542175564976731 0.97588998641025 0.674261471275312
0.0566249181317469 0.74805278199693 0.0572497580931773 0.810448953980761 0.86996255119976 0.0285620233126685 0.244333766792288 0.260068576243368 0.0469570380969259 0.324956851387096
0.799989089726721 0.0442098740428359 0.115873308812135 0.947270210559135 0.991584620393415 0.150619383935255 0.736646542455989 0.409202005740017 0.889913377055584 0.625771300519819
0.863496724283583 0.638372440319731 0.235935261372533 0.971292091458426 0.998213759555449 0.173918872089175 0.494410337527557 0.408730935504084 0.859929812030893 0.642369304513234
0.860409103032755 0.773317232386276 0.436778946697059 0.945388812176147 0.996321954225501 0.357022634428847 0.558513772446633 0.377264978767161 0.896588660416031 0.657472672314386
0.962272700602203 0.915177325356071 0.387485037818466 0.972450127965482 0.999623534538295 0.612474172080548 0.736587609609792 0.513123011957046 0.994322029085955 0.622586265450776
0.444177210179261 0.82927643095619 0.115496527832193 0.550706458053857 0.957966290041747 0.0965992288397463 0.365627201332671 0.441703851538251 0.253865870086094 0.589309473377364
0.439930507426964 0.798297562948956 0.181478959086063 0.811353844548497 0.991200796319937 0.217970677227921 0.578915381655209 0.345905332068954 0.855954425211883 0.567612220029263
0.639979465666081 0.140823704322259 0.0824922681962327 0.639942485796464 0.970301606304527 0.0316309129134374 0.298872624996542 0.303736878938777 0.0549097405777433 0.502496143439295
0.751764647304598 0.395086424634361 0.175506666721735 0.839450421232118 0.993932427272515 0.210855002096499 0.550785026124117 0.504777081989367 0.928070421381652 0.56060810103773
0.651131070100746 0.7590911629786 0.364682511099399 0.799846966918264 0.989675806091308 0.107593687182733 0.63421960436764 0.430139679219098 0.465334190900931 0.737772649792567
0.336757120271975 0.366331575066701 0.394904225119943 0.85791503282299 0.994322864180495 0.220990105826845 0.440843415103654 0.457415989065434 0.775218159982747 0.554756148628113
0.336579126134156 0.287052087495099 0.108077591622886 0.0992915240491567 0.960458345994474 0.0165842628156187 0.34992282922092 0.239789589600138 0.0642818435994178 0.538562587502743
0.730790438926849 0.613294176035173 0.237764421298199 0.64406520473582 0.920957149918832 0.0158508135847156 0.32309794584958 0.316065439198338 0.063578527054575 0.429233530663183
0.717001835449341 0.680609959469233 0.0533956217848961 0.583386117338687 0.981951287294926 0.0867347823488414 0.513175530294446 0.447632487914092 0.918141471582087 0.664860381308549
0.938785480560601 0.833009547050569 0.229158998959392 0.929186449001334 0.989111250404452 0.241098379986291 0.60495080976542 0.426772895907679 0.756603795582202 0.637536691453777
0.0825737745253544 0.543914854206885 0.179531351392905 0.365191727296341 0.946286571013858 0.0284320530825548 0.285722550332384 0.310335584816877 0.0735666442354559 0.485695839559711
0.979954977869153 0.805149617852032 0.252380157389318 0.689839241387504 0.999544442898387 0.521942937436005 0.822014646368897 0.543179829567568 0.970112724551106 0.667235801050329
0.453703275645311 0.237400037363838 0.107023525513456 0.701268373611587 0.978403831570029 0.118796229396367 0.400898558661218 0.337492729756397 0.699475196091522 0.574193374290885
0.802276564117129 0.384497434578776 0.242951437169671 0.747253138346589 0.979787647378251 0.113431600447728 0.494505956627797 0.255818168207757 0.315244338418625 0.626997795746957
0.331216045847798 0.307891755718076 0.0410257087646306 0.599702411455742 0.987694296584789 0.0538008178743891 0.419191121802995 0.29435721668648 0.683130301510674 0.521020009009255
0.410600868878139 0.91345154699008 0.114695576630231 0.30729887552221 0.987396863720429 0.134700215892075 0.367148856022838 0.319914797798351 0.825810168832246 0.543226827863314
0.595156305979667 0.777105080211667 0.082506932580629 0.643903776394666 0.991560271100117 0.0859077276551568 0.299758825519536 0.322270481941759 0.482089195540752 0.521467750004371
0.485150889733691 0.137732813640867 0.150602778974944 0.470121285643979 0.976438694147002 0.014943696197435 0.415682589066568 0.323769755479486 0.330451894407442 0.484772180911551
0.519935458682969 0.813605750287614 0.313800105886785 0.953206533374896 0.982950857097827 0.0846258708192505 0.43806446113988 0.324447362840779 0.876610016729804 0.596763446748803
0.0460344012571694 0.705962399095102 0.0890695304434255 0.386388835370993 0.929642811146727 0.00747133154183738 0.278282841648264 0.269057745662806 0.238125449711877 0.497572537892762
0.601193614989398 0.677169051460759 0.302311067634578 0.941295098423528 0.994916200855165 0.195551834786399 0.475375925631982 0.436490111129336 0.961734645983741 0.670013523728389
0.758606025032935 0.599590749895481 0.195827833843884 0.685652735744089 0.995839315610066 0.475116062333149 0.591171218446769 0.378371386899432 0.826714864292464 0.511366961822567
0.24419000932783 0.448293849095532 0.0657302982506388 0.709760326718008 0.679508979434655 0.00936280849997361 0.229013048869581 0.215323202101705 0.00475242125446564 0.362138442185183
0.987466899928685 0.792379398662113 0.116524835061427 0.915381417194772 0.999727718670988 0.231335985141972 0.810734743153445 0.496490356548938 0.989656395591345 0.689731110356542
0.881649783359791 0.818061418418827 0.0952282493608967 0.902390005765039 0.996834991934312 0.216278302885948 0.478486401871798 0.406715739365876 0.396483932193846 0.547787362341921
0.773345626747504 0.758024608497476 0.298396489321144 0.960060472038939 0.982974909668805 0.205251047631923 0.473809757151385 0.386236005355075 0.611774409071455 0.640410384604002
0.0868023294238448 0.66238706525631 0.410646311870269 0.630408745929989 0.883092621430896 0.0180069464085562 0.25285735666625 0.274034970549509 0.119814739747476 0.417761923829616
0.215724125889737 0.0449038611063873 0.0591231998382017 0.272175973804585 0.828564373298102 0.00822871157889422 0.278642729069068 0.249217965099956 0.0636495805248747 0.467730379226765
0.826771228231572 0.423656923350542 0.434762960123165 0.855127015206455 0.994876467661462 0.259579207243378 0.657090714731888 0.337594807311673 0.940531494489138 0.6550047788769
0.135576387094307 0.152221774179252 0.0667521903868671 0.388054652680966 0.907369348806937 0.0352674722128244 0.417482507261731 0.260917211734337 0.131032392171692 0.442807902189782
0.27872920592686 0.0197042872111197 0.0623404107270275 0.275554716435524 0.966871086614681 0.0631155568839411 0.352117693005668 0.279374098770528 0.382990040095641 0.50056180368983
0.24100874191624 0.642350939979326 0.156743046038229 0.89589717961035 0.997135197355725 0.285275131874966 0.462652985482651 0.407592323396826 0.942873770584847 0.561850481928403
0.586552903295027 0.932208659101663 0.0754086582712039 0.241292996210642 0.877352068418775 0.0530545866023611 0.313487251022513 0.263609042573657 0.188652967376113 0.411869260256118
0.392075243124769 0.0878560064395544 0.0608201011089689 0.407647512841938 0.943054702047761 0.0286171806353863 0.305588369620695 0.26438291762637 0.116510923785871 0.595886401480248
0.961329888163044 0.758944115726556 0.399487393131437 0.978076745623523 0.999259340939559 0.604134597299284 0.773265163594963 0.598558558689484 0.99960275694606 0.613013651183655
0.329406938044009 0.504036932670045 0.0911082141487675 0.761570189259571 0.939468380821584 0.0119977270502225 0.238947332051977 0.287860210058329 0.0502318249953476 0.586740666375448
0.166410525039003 0.782287050291896 0.145980643821987 0.556651455075254 0.944860877757471 0.0256888008071453 0.422805204960143 0.354420890790039 0.18931087455934 0.557336584191833
0.688567490760581 0.566329346010253 0.0607222276834744 0.817085427467728 0.986457298500048 0.032142484725307 0.307993741042314 0.480675367834561 0.510653028381299 0.596171159557802
0.111194078135266 0.713871368194329 0.103976287435748 0.360398961795128 0.877717736607377 0.0292197646696091 0.33021958497371 0.395670473569361 0.125844812622601 0.436118899030744
0.62954647769187 0.484605026726542 0.0487689884684704 0.955323617654897 0.977695034578668 0.113849926807965 0.429675778544396 0.368844604460492 0.749886130274568 0.601576089012698
0.426140856844801 0.305852423856249 0.0615043104874168 0.741746479001441 0.948311284216547 0.00492717952289208 0.246074536530447 0.275410506622821 0.0151483950705166 0.369444467835746
0.899504486048734 0.4624306783965 0.561262074414272 0.967884787938422 0.998702505942588 0.30279644291026 0.663123685001468 0.568694597880319 0.938468319344812 0.586211722783547
0.0993558887647964 0.402337650945901 0.13479082144215 0.919768638845055 0.956753530648131 0.0554836690745481 0.423733684362492 0.264700737239058 0.460539415604202 0.536248607342121
0.119111120303306 0.203419978486558 0.0239110056690176 0.193069766271599 0.875848849434634 0.00671189545543986 0.171652959057101 0.175968308663369 0.0294863374040591 0.389956155304589
0.677629449651756 0.696836210430355 0.333575602271826 0.778646469048066 0.99767097433989 0.12921537449612 0.525629974818016 0.407761884193697 0.917084616840805 0.611183280395207
0.544043844376633 0.161790493121082 0.140280389611522 0.317087111921282 0.961397060690725 0.0173198045354464 0.275458678063563 0.256822310991103 0.256168816291326 0.339028988790523
0.717788551766993 0.263595006226532 0.185919055925145 0.656103117111081 0.995268889712527 0.131269641661466 0.507069806525634 0.527375457017755 0.771079297260665 0.67474831126947
0.945908874916173 0.662008987762235 0.163300895904097 0.949133594227603 0.998030426310833 0.112665994231791 0.690697286690145 0.4624996250458 0.947365598068442 0.708025983263859
0.84906309146833 0.13687566950593 0.228610999747116 0.839657246422769 0.991689650206802 0.0989451735750718 0.555726783618222 0.325314358219609 0.274273062606868 0.590657513542142
0.327575180677048 0.172494201825552 0.161083788195994 0.683366055880213 0.94079344221933 0.0366838748298016 0.331137442888061 0.245825244006811 0.0362072281600572 0.495055380883818
0.837064404179961 0.238301217733169 0.130389476300207 0.940727299689694 0.99306419840725 0.383108108546136 0.61986000192896 0.45891299565736 0.938275097955875 0.657226030785447
0.841508839318264 0.904613606180382 0.356851945880054 0.974262425464387 0.999035722583624 0.334545174880203 0.645278294978145 0.461483446493433 0.982459109633862 0.734674655296791
0.238329428407041 0.314086616694216 0.0554206878733211 0.88923262284581 0.96439553981804 0.0472496592886767 0.331599661701635 0.345511012092943 0.585259313035617 0.485657977458629
0.737052169930174 0.295202319027391 0.265987306975329 0.631509047771274 0.973902556568138 0.0405862352194708 0.283296501613155 0.313143009960814 0.520022140050144 0.366138627729147
0.829827343815272 0.20547915605061 0.210719998647587 0.756749938096708 0.995354439768994 0.265982206445992 0.626185156064485 0.440101456663076 0.942691740711276 0.611085978571855
0.680518743063316 0.370001687689572 0.473125540346182 0.882219467083291 0.986579156502802 0.101066306177308 0.49126444036748 0.236547374880921 0.505620544119079 0.53681188136945
0.524361599584825 0.466389052923988 0.45381301722669 0.523283663085324 0.980648440235781 0.138904521970611 0.477277311518435 0.394869620217525 0.661141315039307 0.565216309404334
0.969136891671378 0.89854552317913 0.134071582786884 0.74763649551672 0.99297283825718 0.0672814314697501 0.374873466352438 0.367737923272594 0.599526687996911 0.630775539093905
0.898808958311209 0.148562991128022 0.174301193276768 0.919923227763558 0.99794208598998 0.38271668062585 0.720290761492546 0.491641586417924 0.897025476032773 0.696039732961805
0.220331496532665 0.821691742339929 0.154324470108841 0.736782301373999 0.975661225128249 0.0270778816959298 0.255584381699925 0.275541913712126 0.851228523428615 0.576698618251487
0.331201807662747 0.453062028734455 0.323690914234026 0.928664952642634 0.981496596061873 0.0673204124203712 0.508831674110478 0.438560568340533 0.861506676181083 0.575974834737584
0.303935930465236 0.73678875417694 0.214441965126432 0.666960888014441 0.978079418478479 0.0149254631079713 0.361898343583006 0.275874427845956 0.244220846684863 0.594556348869651
0.722970786155942 0.802736541320043 0.388595849245545 0.874720904282433 0.995669513807278 0.131802137307613 0.498807650715988 0.494547340710416 0.86418100890738 0.603435909736012
0.864036959682294 0.986578674782583 0.267194348494664 0.96533815007044 0.990473252328071 0.225992982161352 0.567055772250741 0.44946583251033 0.990073243229283 0.737167135285645
0.74436273962075 0.746980036987945 0.140832259171463 0.902337865913437 0.998536335566519 0.354935113046546 0.645194469849268 0.408512984762742 0.828123129910165 0.621943508884913
0.25751033035012 0.625622643723368 0.041509204375946 0.729216169984197 0.974898163696859 0.0863891332660326 0.437973059115967 0.434403171657244 0.531173545277273 0.607249714453958
0.672110556744855 0.762433352383321 0.285380873261002 0.820211561344995 0.991205599761333 0.137202957127216 0.548957743348568 0.346320235018463 0.82156228750494 0.542321395760148
0.840470120190964 0.367230972741236 0.20727908022661 0.963061517281143 0.995245233420318 0.348684378973354 0.691591669936519 0.396738734133191 0.74698650103611 0.573458339113522
0.538402929592898 0.0294732234588901 0.338126181932951 0.647846650853525 0.814390280121147 0.00717890238283883 0.235169945083426 0.250204017157267 0.00324466146357294 0.395613436437913
0.089936696577843 0.0310551799452493 0.191146807570612 0.506751949478235 0.988644890278098 0.0321224057461212 0.405853507069001 0.232892496120455 0.212779212513533 0.554606732207622
0.476697151942945 0.493744377035003 0.248146608346723 0.82050789571613 0.975833927318025 0.156551603686873 0.446155551977702 0.334728306297983 0.664535855576083 0.657609542956844
0.881942443956417 0.512151375131294 0.253235106481523 0.989603611892272 0.997355075601216 0.302759373654639 0.791737387571924 0.477751847280423 0.973582857374693 0.703097961086759
0.925549651465616 0.669680689730738 0.0452414447775613 0.793069012215231 0.992575708846005 0.10791257441442 0.553213296762355 0.397927417943511 0.470588907644573 0.583670198068513
0.405581653054258 0.41254064521848 0.12088470471866 0.742584490247558 0.970338489280676 0.0262741917769879 0.423779106566536 0.344941769003926 0.0971195435338929 0.592426252241002
0.224979492405004 0.198691345367961 0.0152111577734618 0.289639722398718 0.89681549571071 0.00762829062155336 0.351295810526329 0.20292220300918 0.0769485080989085 0.403011089767615
0.161411453168405 0.111818020399382 0.0551941068953311 0.308305253785409 0.959892827846939 0.0160059698731194 0.34230499876074 0.297989593091916 0.0878893682916863 0.465298906995205
0.426653934279489 0.976901316418455 0.298734086127661 0.348022557268336 0.986019444786085 0.0941767141264404 0.533901427783603 0.275540533010667 0.659611977347346 0.537999870667713
0.842865172467287 0.80514837401867 0.221719316804271 0.96214082167752 0.997643665170494 0.410947613084917 0.617811666138751 0.404949415993487 0.880398541005407 0.73615007735661
0.894170014462582 0.535626158231491 0.206593267598801 0.878816116248201 0.998865453699986 0.383898213818978 0.488469046392155 0.395178814755402 0.864037187676505 0.663582953431375
0.448767566130544 0.376847083783719 0.114825614014579 0.741483777330957 0.951689923560516 0.0802337938843554 0.354673078258095 0.360004403357247 0.586438506405258 0.42128291570117
0.359268647373832 0.839881655540528 0.129796770100153 0.868688979278109 0.967726256785933 0.11246957449584 0.319045597922904 0.394453091026948 0.278142735478686 0.609138669453818
0.622034974339448 0.0218117300807009 0.0216053578148131 0.619180278975241 0.584022848187496 0.025462295207231 0.206609087321468 0.310033006192269 0.133897382764631 0.596444236964129
0.727776730030339 0.935590914998491 0.234611817908505 0.962037167472823 0.999045806875795 0.379792460443482 0.689526423191183 0.499652024249945 0.994028709625113 0.658686994949372
0.539039794107019 0.606863795585767 0.372414192401965 0.99506415398422 0.995275167822117 0.140997544884616 0.48945773825912 0.39872559274671 0.964634618859001 0.723011411108836
0.798051898542168 0.81596408616888 0.589541196999082 0.933860791870123 0.996193853247165 0.284802614842104 0.46827458731126 0.366489871781278 0.399576621720642 0.654152867316645
0.348736965845459 0.364966704473377 0.0609132924329857 0.701665114359936 0.926099945327104 0.0547131820250289 0.329947707552198 0.232934587513107 0.317475874095582 0.50743032658188
0.680215034717531 0.716876720606535 0.228603287246285 0.804122541032382 0.985010630894456 0.24673481115425 0.605274942467548 0.461506963420301 0.446456717058735 0.675389431018874
0.7069335432467 0.971167916289925 0.333279591814325 0.976775983089872 0.999630234946933 0.376397862675055 0.763822547244642 0.458099106895956 0.999586920516633 0.71585303899555
0.736253960065776 0.298873391274739 0.0784122814728493 0.517052470370271 0.998229912229368 0.198443910241768 0.426032072689516 0.386663993163621 0.936838488353748 0.468550327860816
0.358711178857974 0.233330674483822 0.0532613402026363 0.880587100062046 0.992024058941507 0.0694448615617586 0.456630295923249 0.322125280648861 0.173519143932607 0.607442047166726
0.751888622029736 0.831289333076324 0.338639940214043 0.76132076381139 0.994632210183332 0.111361606871547 0.518962226547211 0.349654049465374 0.755011358609167 0.565182232912502
0.980068522859403 0.987748459353487 0.475403745943976 0.992570032951205 0.999924238099461 0.884549827011752 0.908172895001941 0.653285498476203 0.999979152318126 0.746073204952037
0.899623306861302 0.188343301255211 0.183436560137852 0.741149262266515 0.9896801062833 0.0427229279452167 0.538820913833574 0.434542015286068 0.825009275773053 0.611646731006446
0.605611814248439 0.347048673656238 0.395683331993248 0.90244577412407 0.998911366371336 0.377718861473591 0.594737001046019 0.48595216522998 0.881323966829104 0.663650553131388
0.809287532327524 0.508948725851669 0.283471763831397 0.820982601715407 0.994500936413449 0.175085033092329 0.61790516394384 0.392037032733748 0.934645556395487 0.631365034673881
0.958094130845667 0.481414604839519 0.261728331962112 0.945039625116822 0.998634102119812 0.522267796678611 0.594412078910921 0.327848828237668 0.959999370346724 0.630075826225616
0.225733156310923 0.385606113417021 0.251629171947329 0.893965251115707 0.914244682681675 0.015687720281422 0.263456895562688 0.305919974075246 0.0343505260929443 0.470153545457233
0.257972836357744 0.799306372512711 0.118618571937391 0.565751417861474 0.993437327541377 0.0627861053588434 0.340117739914866 0.380069679363378 0.799021679718238 0.562770788771816
0.0531923597924756 0.348835602064608 0.086329263042296 0.754538459775104 0.723959422162744 0.00822480408375426 0.377305133227556 0.267416600595522 0.0273444178528061 0.431617367118681
0.679210932960231 0.377045168559027 0.201916800203793 0.617974520331421 0.9964882783973 0.288589897704686 0.567193976742197 0.350971146823748 0.923394909921268 0.67515753312332
0.876717584079385 0.0896336944484379 0.30112135563082 0.597032166570514 0.995243715439542 0.145104744583492 0.475730889686872 0.325929869516888 0.786356670944625 0.585540057535207
0.825883834922161 0.960351479114586 0.23670263941994 0.914795263613931 0.996497644218861 0.0921659824474563 0.524796046760627 0.368944973370863 0.722383554726862 0.579645312969181
0.139098304626427 0.864419726987115 0.113408299117058 0.708565694959609 0.995658083865065 0.0174404332196352 0.320125644812292 0.292693400327845 0.138470086616206 0.59241493618792
0.913298850531547 0.226971043268988 0.0718283960175422 0.821203111165921 0.990126570453072 0.0687369706400364 0.495800903650368 0.322917710290296 0.824603896361575 0.640911970715137
0.219911924188058 0.469974097167234 0.046428126106721 0.639356749927531 0.950434098626955 0.0309150906915621 0.313493529053062 0.299033343936373 0.0677810550372199 0.560179913639859
0.666003323515569 0.927938567954406 0.519755851489368 0.920291460327191 0.984086386062944 0.220333891180628 0.70773228004356 0.365864481127973 0.934637377200841 0.681546769065653
0.677976629699554 0.628990583152681 0.270628205603779 0.869545445066219 0.995720727028919 0.187340585660657 0.55619046756403 0.377236964152211 0.834337468474087 0.575769811197797
0.766293429754563 0.474276945533644 0.0652526615915735 0.746557248307753 0.996853393623196 0.152499009730716 0.556893564575781 0.410280308799481 0.435020825853234 0.640920963382241
0.447930939104936 0.698377145510495 0.169836973433377 0.832454055886383 0.991206622077645 0.143748154338304 0.51083845590916 0.322973091068315 0.396781386207543 0.553952649050819
0.574238735798253 0.107204525670678 0.0590657440553391 0.642725400099238 0.914798476054705 0.024011808491381 0.367467862975389 0.283069959154224 0.299188329421844 0.560226636712564
0.450119244977691 0.0361440851547738 0.169957716348315 0.69026270039509 0.991948502831071 0.0204721573410286 0.278385853791656 0.347841511665152 0.1013309042375 0.564523332841221
0.244033303171739 0.118373609732554 0.0252667055952571 0.497426326584179 0.949663315638554 0.011343737653432 0.236474632885843 0.359603337527613 0.0266074529963627 0.554005800066405
0.0811349567482398 0.0579481359252952 0.179888489800278 0.841988403589526 0.954554820746614 0.017494620044387 0.430380848398512 0.350455901101881 0.04711158973627 0.660884409318313
0.689696542077927 0.605909087080648 0.16947431085467 0.940755128404576 0.992409932405704 0.339001507497215 0.521017725051616 0.389672806672036 0.907895642745442 0.59677520912742
0.911855179908847 0.197315765402097 0.392292128259944 0.991142902727856 0.999617474068306 0.637845717645385 0.754391778473198 0.516601696436692 0.970454517535779 0.745334936214063
0.119355002945171 0.184841141634667 0.0652722333695601 0.0777567279783042 0.966037508793421 0.0173195052461416 0.305537093835994 0.271807293224721 0.17963212013011 0.44441338942906
0.474757978688866 0.0714669687603983 0.0345330721376206 0.12749084799847 0.865367359057689 0.00390619545308648 0.279291283654195 0.33363470893481 0.0445982961805144 0.552050902756024
0.63599954142095 0.633529390116099 0.166108859804251 0.787190325021924 0.981795120845041 0.256732888836774 0.510236948018136 0.464258012229703 0.786250864216642 0.531495324247357
0.923911879817846 0.935486715585551 0.128596316867343 0.92500824870155 0.998184036565156 0.335168866847434 0.554987379011696 0.466463209837625 0.893420588158689 0.68232002225542
0.087965817753508 0.321187662039289 0.168283140152403 0.750466103851808 0.644487591874 0.00963946085869785 0.208461475471366 0.214719247949672 0.0164246163178601 0.358439531392928
0.176595157730636 0.15829929035118 0.040159524375192 0.41224895615802 0.844867647720063 0.0214412110034539 0.222605483290549 0.225976907279131 0.00335251730720706 0.534918810855581
0.229923411942919 0.104867238172618 0.0501367248783946 0.812834535044389 0.990779226653896 0.0706434771926272 0.424230258153647 0.372958738519959 0.790832801905563 0.408276359465104
0.743899894168116 0.0950900711397334 0.218786655680219 0.713456012426809 0.98269772463688 0.0629306393636404 0.497024591578144 0.412934524154103 0.634610739297931 0.537678390968598
0.514665778613545 0.8450731854558 0.0775915452918066 0.248859156634374 0.979156842726886 0.0234685885522767 0.426939976198365 0.427020562155112 0.55070067735421 0.505313023761922
0.698342991147598 0.231974807104407 0.154936034515937 0.930203971456347 0.999590907019248 0.174950820324171 0.71905278673878 0.466782327753038 0.990735097605864 0.542752906410115
0.801612181857048 0.293208616444682 0.069170764991563 0.822723807423596 0.991268479764469 0.0606924753738967 0.488784685341285 0.352883975556325 0.780672175582642 0.574336502843527
0.895699908939703 0.824086872979936 0.146771029941633 0.898554175221711 0.997096603054752 0.435926730341618 0.508890606498448 0.428614254131682 0.923416239307497 0.643944171613749
0.368924332446676 0.136901619039062 0.0976087769453555 0.624347148042859 0.995905387550117 0.126208992536877 0.520680568354185 0.412971706657341 0.720708977411368 0.482410194475846
0.242506421723964 0.651262957174302 0.108914723927524 0.840904968160571 0.997038100918504 0.123426461727668 0.600275653437635 0.417723314275338 0.837779552159685 0.551466631941825
0.454376390525266 0.518194797453738 0.159289973967206 0.877451780505635 0.996795433231567 0.071425439372001 0.348215516862857 0.374669439378157 0.659319285863445 0.61148755295083
0.858395432576019 0.4680080486914 0.322872777917244 0.893059314107787 0.991277122080219 0.138404902237322 0.350728502747163 0.285621075893653 0.894481226256014 0.529694546604588
0.600236949059716 0.305781291842926 0.130449301973755 0.515719993551774 0.913095650111642 0.0393770991120412 0.342540784292812 0.335863813675839 0.589667849661722 0.484728156833554
0.814873028491006 0.1898962650032 0.201711805775802 0.989779884690426 0.991600817885431 0.13356781928554 0.530248310216231 0.401831605511588 0.828695132111865 0.591440799206199
0.171984946560364 0.740824089705379 0.0999354234836734 0.376101157028699 0.876858639807953 0.0100074426813172 0.217797326412961 0.226958816632562 0.198662096192921 0.441515987986475
0.345976381404529 0.37209212380395 0.0898499916166977 0.133051088402654 0.736528301794635 0.0180080982482566 0.296481308781241 0.326780602956392 0.184290812212803 0.419836364249697
0.318794184479214 0.163139500982389 0.355210083616067 0.557914075632416 0.966966867411543 0.0778586087240234 0.390450743319029 0.312310854548356 0.154275038668206 0.433692625467678
0.509069089306558 0.536724669913445 0.0258630451035685 0.901314556818385 0.945479116710733 0.0365312264759665 0.344791612137949 0.274123288970258 0.128102287437961 0.51411742427303
0.746668265711763 0.997314653094306 0.109775315165642 0.678961545690441 0.983521252676938 0.104609117747536 0.479700182311171 0.411908530792621 0.270252999782072 0.512568766041459
0.667169075764543 0.512336958130952 0.25553437676506 0.84319654119609 0.959976574938377 0.0772537746484159 0.48683160894502 0.395236578507368 0.369914874686591 0.54998212198536
0.91894931505454 0.701942401998745 0.54476825946407 0.992237844663126 0.998805753548016 0.755834732392903 0.787346413545705 0.534675961153648 0.985541769347465 0.790493546708561
0.706678526647748 0.75624416075798 0.365919612902495 0.913038955431796 0.997081182268468 0.0593736241564298 0.53591269663091 0.429508378209554 0.686919775439348 0.527224991195607
0.908611720719366 0.851005086444676 0.349218368722078 0.99100750225691 0.998718462946478 0.461899957681637 0.73410418000766 0.404249392343901 0.998680169257751 0.639779794222531
0.249469257823916 0.307938804668606 0.198402524884057 0.546603180712446 0.977194487418421 0.10619178331031 0.3996077848672 0.354391742571278 0.255412047680326 0.679562775035021
0.649740848002168 0.17951223730832 0.0690854949782935 0.867518458622943 0.981236869404563 0.444333572803622 0.403287768185305 0.293667815895524 0.967204835237928 0.590039332517469
0.224808030404744 0.46068984684283 0.0194451191631684 0.517799978772017 0.776742144591539 0.0120826887724259 0.280302721675154 0.193717836054162 0.0585330495203807 0.544913791618703
0.212429306401552 0.771503744662402 0.161196106307785 0.738449916776362 0.991001629653304 0.121090032179876 0.262308886618503 0.326112754147298 0.443622555106162 0.423543094508347
0.422793275988715 0.633557732666648 0.0952085575271474 0.72771136060031 0.985645271711352 0.0475692093712335 0.306428585014663 0.388224707853045 0.447765153176686 0.597287155341708
0.892087641224373 0.363345542998542 0.279831334520128 0.971525724737354 0.997540049618759 0.356615823826734 0.726355129133399 0.462983488619494 0.935559346390421 0.688374687157285
0.865359374899874 0.227534203858984 0.485966059846668 0.950393307299807 0.993902177473492 0.560743714369736 0.752689624425433 0.364681713399268 0.994269327829322 0.631002634952257
0.61456672243159 0.214518399809251 0.331847215437514 0.905053158264087 0.997588319018576 0.175546122376802 0.542785629785146 0.424466979473509 0.821521722618019 0.654386048396173
0.349426258930091 0.903534464056433 0.0475083644704382 0.812180972315907 0.962835547384962 0.0258724266545782 0.377863266724147 0.277629388294993 0.0951408484276759 0.511519887542745
0.0500752038634015 0.394007304413248 0.0562954315433618 0.851622382761341 0.984159919828864 0.0765989260966764 0.430684273376159 0.316619820520618 0.861381474845996 0.565497012213478
0.698608772365655 0.980408607369994 0.179479097159541 0.793508034505106 0.981157704234051 0.063067946746713 0.372803488378016 0.446150152194905 0.642825640426657 0.528471833247662
0.432782584926159 0.532865426555975 0.174714092900852 0.893470955724635 0.993577309616984 0.0844254753209908 0.329479804592229 0.261834939247456 0.293552106299336 0.508445820934822
0.480948418651155 0.699876934436834 0.102212518213301 0.447059788722937 0.994638167035207 0.0715733698669821 0.39797167458887 0.304859880612444 0.844082105869414 0.52996514483462
0.861247916548028 0.866124972396082 0.165324106689942 0.879207363672495 0.984947589825759 0.14917286692876 0.422632986005263 0.395886903034852 0.884364936285845 0.705359148174266
0.804286287734959 0.394411297516858 0.101479218816305 0.715967355051538 0.995014559437298 0.122851641275234 0.314220225562585 0.325922952346144 0.722229256039454 0.52898137115453
0.565376187200981 0.360310481222865 0.438366167562216 0.82688211065723 0.989656395039584 0.12255700234105 0.64479135488925 0.330737497190677 0.983789194126848 0.57913571365267
0.73263151245751 0.973886967771784 0.0634949729381485 0.264156554842058 0.984987761989627 0.131127160242631 0.322510291768053 0.358455102701278 0.675139597416245 0.513374089601239
0.920276721569231 0.929226426541592 0.107016734593389 0.848862386681928 0.996323653861255 0.189230781186359 0.545226638333426 0.391871770284481 0.624577742813378 0.55515720015493
0.838830630736095 0.860198499254143 0.495180293208182 0.582638042424909 0.995934965334478 0.177203286727221 0.479312246510236 0.409617622816259 0.968471071377696 0.593067605272659
0.871544206622395 0.992863894352515 0.486670130454312 0.993410708849824 0.999483275042673 0.654893959706369 0.692356575937125 0.440252399495743 0.997995862198376 0.761090828667582
0.707484064282948 0.369235846387575 0.189262560024515 0.63127637713754 0.988439152497531 0.415373059818015 0.578524857238317 0.442167336128423 0.965291129390549 0.627882742791985
0.556882895277035 0.135876423070967 0.0578528361235124 0.567837953278377 0.825339830069895 0.00720914243126334 0.189648271119588 0.303752610404219 0.00263874526094205 0.505186688868493
0.882743695166815 0.777809350227504 0.354339665904545 0.693453079123184 0.943112936226377 0.101807495699875 0.440561286428826 0.318799391942173 0.233751626136721 0.484783474886851
0.763194389043279 0.9022910164697 0.0749622399837099 0.876779754691244 0.99100161580385 0.0443900148806963 0.416126463533611 0.269685438677482 0.841644283813574 0.628712650193361
0.324828509372298 0.552534327050588 0.1124158032723 0.711287529981902 0.986877634593012 0.150993292144324 0.460121814168145 0.367858212419611 0.156455489390239 0.58327201985911
0.234325215364508 0.0303713734932002 0.0668840117645829 0.479552150485278 0.717221306412399 0.0242207393716382 0.380932074460887 0.267826926990609 0.0707944599344749 0.478618732736832
0.0757975473861128 0.66398294448328 0.0729019191657059 0.557192627723373 0.893061803000207 0.0195174038439078 0.155679057005656 0.210046902878512 0.0808194726837007 0.408137258877206
0.979788298164317 0.924944408571945 0.57035395724282 0.965845224511512 0.999417060195546 0.610126586448789 0.77807374682448 0.543103140963158 0.998496106287457 0.762192310968927
0.885301885554966 0.126334818998169 0.235073836221605 0.922831441937736 0.997495294391596 0.219367930461764 0.671579757078481 0.432302405665082 0.714946061074102 0.53119228455823
0.596959813558306 0.0125568494383335 0.112868564212128 0.569629252386059 0.957337066278368 0.0394470288739136 0.443733011471252 0.339155041923165 0.152110567229225 0.619804413484134
0.614617530741395 0.784262333646953 0.13721663793791 0.70483091801394 0.99161139111942 0.194611604386593 0.610056628522171 0.445680812479341 0.892659145236151 0.640504997397419
0.216754796600266 0.515607159755357 0.238711638261345 0.770058844993201 0.983992148224939 0.0434145144988139 0.358881525929665 0.375080291739686 0.551000823936103 0.562088420964894
0.238136342428326 0.471039526655968 0.225958431875132 0.595835830253334 0.870014057981755 0.0381352170224466 0.280238269121365 0.246254452691224 0.0667274721154162 0.47628026866256
0.217298336371084 0.16451035513813 0.0485111827772001 0.500785947170816 0.876898182812574 0.020136711920263 0.236259875089575 0.280099056667375 0.234224220084652 0.420991224102335
0.785270243150411 0.350880970581571 0.159861364441395 0.444638363733703 0.957642615508265 0.0288570346904097 0.374659533343046 0.296633418000036 0.456604450129505 0.530885457580055
0.685967683521794 0.28873013335024 0.42095532589361 0.747331009505607 0.999378652288191 0.35957590089723 0.730209171371354 0.336318498160683 0.982514171956231 0.708596128445532
0.6667698048421 0.874919319915378 0.422150940662178 0.952950420328305 0.99272152813621 0.238015376113137 0.580458715286053 0.402357957032224 0.973723736595975 0.64495108744244
0.244806983697323 0.0546265707834474 0.126011021964745 0.825517336810538 0.981925283831036 0.0117522694996663 0.349899795525593 0.223823885187067 0.0918745622148566 0.409058050865331
0.799662924628471 0.893669629235648 0.084560478815121 0.942171587328676 0.969926634551011 0.134487847168307 0.588659981464947 0.380312648863624 0.43928432470532 0.676474510089577
0.714289899192196 0.807565608086309 0.25562906923733 0.876288738444331 0.995077710101748 0.173586098827858 0.459642102502024 0.316746115528934 0.711783643815445 0.498857088239531
0.778286104837084 0.597432186473734 0.141034840682739 0.864070638365826 0.980311599867797 0.175201251964134 0.516955458673765 0.40493955773408 0.889298154050943 0.611444174876703
0.504590621270491 0.387283103860583 0.0835015859946543 0.833782086650499 0.910936630879707 0.0498646352007509 0.475242058086649 0.261875984746347 0.544763911969917 0.464425956289682
0.0724003292079041 0.302293985281294 0.0433064776843711 0.378955907030582 0.888388120986138 0.0468298586514914 0.200773053448231 0.231653319851021 0.0410275502414576 0.412076216889671
0.635624757476629 0.681345248661873 0.326244199989892 0.791145694850697 0.98827762925136 0.0723754189618219 0.613046336780087 0.388862210675033 0.970562890430464 0.7016981388995
0.602004560494848 0.046884613307465 0.438667731931401 0.489699919775452 0.822649606043531 0.0248928960834417 0.200141787541475 0.223170078684923 0.0447545859210054 0.481357043078047
0.389669067780974 0.424887512447445 0.229138898016775 0.933903513726754 0.997538075458896 0.0623506446172426 0.572271500258804 0.459784144786 0.925637047756067 0.698904936859506
0.540522147427737 0.251593134061018 0.15379879258314 0.871713211605325 0.972424143029166 0.147570268622735 0.444366257105185 0.349646557429153 0.446005301274661 0.583134181145795
0.673226287849832 0.135813311270493 0.131352932140822 0.567845504035486 0.931054523105266 0.00850239611254139 0.243581449332461 0.256269286797822 0.0470925900598798 0.39275505021125
0.802620911511103 0.903769722541011 0.199521065118609 0.927778940216212 0.998467111939063 0.33741602796341 0.543602080137381 0.465259213862071 0.955840859691688 0.64814092271257
0.761600854634945 0.688974667946118 0.223123626741427 0.965375834042567 0.995716712558459 0.0777084977105675 0.522000873271707 0.553151160213652 0.659751304248648 0.656559697719185
0.57843767977959 0.120375080411057 0.13810022944154 0.502972124625435 0.909569791850894 0.0118725138233047 0.267266945682789 0.25059970571775 0.176157627478763 0.483207025166323
0.293697836364497 0.390080126660729 0.144288840861069 0.740454767877703 0.984826571920631 0.107518700107213 0.455290659767021 0.356455424059279 0.860976797646419 0.503400945866587
0.916304509457815 0.746548438132219 0.0346083095576923 0.952412104851395 0.991461870289444 0.166386694871191 0.623118325666719 0.396824245126585 0.669510117630895 0.602302818290026
0.94066315926856 0.970189721692583 0.256621008412094 0.834530819309376 0.998773117832749 0.157343485578139 0.627240545595961 0.458114392573481 0.987051713259731 0.714304225401998
0.757427751638146 0.989173678081631 0.138743213643418 0.762513339500908 0.996326914355176 0.363399218927353 0.482936296217704 0.395174736324337 0.930806612311376 0.621117178948072
0.878537463994596 0.884839464157072 0.116566679678311 0.9012238645713 0.986008665816252 0.0861249933542059 0.593789729528152 0.492469893249485 0.904450032496989 0.655778921071773
0.602278967330919 0.94241859961107 0.100093642675604 0.950952674673156 0.995877057071952 0.115902079383409 0.509537776341112 0.312240913196916 0.643550418280288 0.464606090602778
0.678821554522644 0.874329842596832 0.127202368796886 0.72855146395711 0.992228864834026 0.0817997090045307 0.474521008114258 0.305706179611452 0.921718336959713 0.565047403531182
0.427524047238985 0.246987699468156 0.152074772791992 0.715643251240875 0.95934175454582 0.113585519882063 0.473924252498816 0.353608108624278 0.407893284259239 0.68232655811636
0.936371924487915 0.445762183746189 0.120934739015187 0.670654056032423 0.918387378145929 0.0258001135873872 0.283314105365137 0.402441106168542 0.628193719150244 0.388802363226235
0.188067545169683 0.948980641716155 0.167438511510955 0.603258571917693 0.990935341232337 0.230735897069491 0.465112391971885 0.372043491965656 0.532907855525825 0.593370415231426
0.520514407909433 0.771468158500423 0.132658334943012 0.40577394550626 0.996587973899427 0.0595866822584972 0.464548570015133 0.338890588474473 0.79359064453053 0.491413579026544
0.496053080910129 0.894144993812571 0.256556128338749 0.866410605821809 0.984577302628908 0.0531390994437819 0.379567025727425 0.321207942301189 0.554908431239408 0.647051620828872
0.80413873923959 0.730616126733762 0.130605601789657 0.7197920045702 0.998427779224937 0.100637667803465 0.540268924325071 0.444984619941794 0.90382823099833 0.631385630606709
0.374380855563249 0.823582727514276 0.118944879108279 0.867960987535987 0.97915985542547 0.099529035491843 0.509320922366734 0.338800912370098 0.505136387281719 0.602860992277652
0.200389611766276 0.0899869439747873 0.0497247018987087 0.463281005675478 0.968078535922713 0.0950156994898237 0.341942675636108 0.355932258359716 0.37233007993719 0.451369864523936
0.278430558753588 0.709301525209691 0.130096696211413 0.889029513289307 0.970667090599839 0.121252954892352 0.368337193020641 0.310710689748588 0.426130712522955 0.630132165128793
0.555904904227936 0.566558750108481 0.112390348404442 0.888385200282853 0.995357725898166 0.146022879248957 0.591334435604294 0.438358894058902 0.854950961855232 0.613566821672164
0.896161252714286 0.669058686447456 0.387751384066611 0.938228391036064 0.995066576755707 0.41081260051383 0.612185090639343 0.49872710744198 0.970754524459745 0.706969735400621
0.802667025953892 0.639426816846186 0.188497556374706 0.67516820349327 0.994522734453944 0.148473790326615 0.558091140013506 0.393380094819814 0.849599062346227 0.632041977041566
0.65833433702444 0.973181859898311 0.225048901400825 0.82596960391028 0.994305891734042 0.0723976009198913 0.614388919513363 0.485574057679623 0.98435947924665 0.627397514622334
0.375169075697474 0.720293028626219 0.152496761518452 0.79704069879228 0.992270898148011 0.0593406950291175 0.371180218796621 0.310316741280829 0.806875245420604 0.526862955074396
0.307661747886534 0.564417313417239 0.0757160011549357 0.0783222555739823 0.949539171842913 0.0094542271731222 0.251643006272857 0.237347086139131 0.0296182004481842 0.408593974650007
0.604347574815638 0.981028340123767 0.642970122764686 0.849673191532439 0.980147184363991 0.224157743148932 0.449337260049637 0.380207932795154 0.979764400709244 0.576125893599196
0.172035340719403 0.738702450995728 0.0813461822211589 0.610663469405046 0.718539484512758 0.00552767709088086 0.15787576253649 0.248988711796085 0.020286858719238 0.288738701948487
0.822587191675015 0.517636951879062 0.208215683721581 0.928869137384384 0.982638146653589 0.109477132455682 0.496529240273112 0.453841841655889 0.806466680156669 0.593437339140926
0.854058390579798 0.865082847913421 0.222245758942948 0.882529291615537 0.99963048063488 0.794399427618153 0.805882245895014 0.584566424192888 0.995940890723931 0.694952207661668
0.118985738281163 0.230563036205417 0.137765274303284 0.481337317184622 0.961405856367266 0.0156684155143887 0.290587458838888 0.187735446178599 0.00205587952352914 0.49617565863458
0.167097201121748 0.139040835843632 0.0565971917922932 0.654571460304345 0.905879323323512 0.00677514332991388 0.243690013571963 0.2998332053637 0.0294190188542739 0.469103967516961
0.862780424715819 0.213917047807546 0.354624963705415 0.798097215001298 0.98454791571536 0.119436421505663 0.467602587508784 0.264844294149802 0.478296041192697 0.522335569959083
0.793288801595459 0.257469311770222 0.32038127081525 0.683137332120392 0.996799675988157 0.068626068540398 0.520679687865141 0.389236145048963 0.679433593163233 0.560418697045315
0.232814924105084 0.143933653656795 0.0155980067506549 0.74368647891686 0.954532467404475 0.0211112507401218 0.383206746931934 0.285622186425346 0.461495512413727 0.560761276705839
0.893359142485656 0.0300494963783737 0.164080702721772 0.864617236100301 0.995727773711139 0.126863427651215 0.569167348607118 0.403012299116204 0.830556889129921 0.659693263733976
0.161718652494638 0.106180839856628 0.38986982806371 0.905357747278288 0.986915479937165 0.125576513912728 0.541202778877069 0.383698134492779 0.709296059657052 0.599819179706583
0.159003130208501 0.610586285833968 0.0863620654179759 0.788902091321293 0.942133483105158 0.0419134298560912 0.365957099523896 0.233173076339959 0.0338806202731772 0.443012707122399
0.723902317808539 0.0733653167679986 0.0487702918617025 0.685353755195601 0.938952240582904 0.101491800182448 0.36621627260349 0.310830175592452 0.594106058240206 0.511481036940043
0.0814990158115779 0.0637443920643442 0.0463281998729685 0.843585377677177 0.993094191801734 0.081992038562077 0.433272022235216 0.370057271744346 0.214287776215177 0.44750214254436
0.172041957548719 0.224467019418425 0.271888800428812 0.965003884528088 0.924300398226289 0.0473404316537155 0.342836231948406 0.297722084992596 0.204503171773807 0.514239415259412
0.0841179199178139 0.108530186427362 0.149984095693457 0.555070435244342 0.902287284166725 0.0189225402527269 0.313902048504333 0.243399870025425 0.204409443444331 0.483216941100454
0.627207266907613 0.847762118234252 0.227343432981551 0.58657822982941 0.987960052531787 0.0585186490992021 0.431056714441786 0.388671044886981 0.543309715565851 0.519627663271367
0.802803063815898 0.0776827751389029 0.181814531834831 0.893132075797427 0.9944602641846 0.0307157532612693 0.562704136875853 0.36967527111699 0.462288563484556 0.620981501817547
0.800428492135753 0.329234411401876 0.316643098660785 0.888166977872843 0.996410774284385 0.229179503929409 0.582805287379314 0.540064061807351 0.971054637919155 0.634467750114172
0.434695094833378 0.939772042600865 0.231121986963592 0.955972165823253 0.988025121015805 0.152661523789969 0.495133980777889 0.413779703532398 0.959147947389245 0.642772048238768
0.581591672483781 0.778313495127724 0.129445345134768 0.928311184073312 0.97589822284633 0.109850969844897 0.482271171236021 0.345000124107601 0.448145105582224 0.636853614620739
0.86418789576969 0.953606044506022 0.221960172719938 0.851483749526 0.996958259141273 0.396859264231915 0.540828359562923 0.492933571441749 0.960389394215061 0.651220603978785
0.118448223267321 0.298794078157239 0.164511454284768 0.794183757836137 0.991552346955526 0.0285778382096238 0.355807547421468 0.318920657362161 0.378978926165744 0.60934321625285
0.554284657782658 0.756812852205867 0.249212871335389 0.723073387964387 0.952914919063249 0.135108644915705 0.381781544300515 0.376544304722814 0.542043471631339 0.598342914384233
0.405995969329019 0.120609635081612 0.25529872950313 0.952847136416703 0.987093119561492 0.344935880746097 0.566217657932496 0.435721638937441 0.880129602115005 0.546096917097747
0.848796900861428 0.74634854233381 0.429364409602331 0.980655771293687 0.998058864201901 0.198896218935937 0.704804319020772 0.458881562310457 0.840921689856876 0.699983305210971
0.412806462749086 0.937038529423769 0.385538424596855 0.930782685162848 0.995557253923371 0.194974864669844 0.555748937954114 0.395328075723897 0.931314724103279 0.631163995093463
0.833164836492992 0.347027418951006 0.308144560666262 0.327478727705588 0.994425973363029 0.152789646371367 0.541813089915928 0.448808052941496 0.934397293100927 0.66796157863433
0.75680122741126 0.31499550282175 0.346317492134295 0.738130928288029 0.999157114347387 0.229408705523085 0.674173179903365 0.435141318366306 0.932268939088926 0.55231200082631
0.249713549542043 0.795442953581757 0.195212260660181 0.707366420537316 0.979036168846917 0.0290112732744106 0.306721655122486 0.34623862289159 0.133516583385511 0.421010342333582
0.226799084776761 0.739425495911242 0.0558589878046251 0.747143315066891 0.906429443978732 0.0642370501097671 0.291382623757197 0.309676683771931 0.189782790784816 0.450181108815335
0.794683722168212 0.458601152936778 0.263854044204821 0.776220224563103 0.998062046572062 0.398378390030241 0.504280125880262 0.401179562259795 0.895017187583195 0.660428452702586
0.86429385829641 0.862099499531916 0.229271769691912 0.676701205048403 0.988285456597927 0.0585520745973535 0.473755606120402 0.371920409268187 0.852057039692135 0.474427185364186
0.337576954486959 0.388123429889388 0.120895340233226 0.706225345303116 0.933221819393878 0.015980835306388 0.246113243064589 0.259476173272319 0.205847426420123 0.521040009327948
0.1939886512123 0.121445788184934 0.0414468909930588 0.11194329461141 0.884966881121979 0.00455348324182856 0.206024665613291 0.238446903209575 0.00909368155664667 0.378765661159237
0.729097089045573 0.422432038996811 0.138571116627914 0.89799748291271 0.985960730532109 0.0939557344485455 0.549443221480205 0.422903632638853 0.637815609230898 0.627360096919877
0.730795496050152 0.622614666008397 0.373303493146706 0.898900127840849 0.999425045421294 0.171143296576129 0.498107872204128 0.37925886071816 0.840634494500896 0.544299671841688
0.660110505033221 0.165099070716873 0.235094497091801 0.645565540177576 0.99354993515469 0.122166497825027 0.434120883511178 0.327358331348723 0.925696655344404 0.601475365452776
0.344237059253028 0.90310664810147 0.249076099218559 0.69193385709265 0.984765015488747 0.199726998843068 0.512549097170119 0.453309968159292 0.945937562994589 0.599403926940951
0.484210049556354 0.286500778427274 0.172591934554156 0.758114483029716 0.980829147239001 0.0317915071822609 0.358264072443956 0.285293810997846 0.411090390827446 0.427888814808519
0.462682789824986 0.740389581268847 0.322341526802578 0.887733290274518 0.98099700188094 0.0552913671861144 0.334419319030128 0.368266085361492 0.0965387726783519 0.545532639631545
0.327288768425892 0.747051438082412 0.0659371995339945 0.921993724518807 0.989459889521332 0.104464247937244 0.554288510985078 0.449047163960885 0.817430708652891 0.508897040875285
0.789451211193131 0.673224048060781 0.211763859894116 0.933142227901273 0.999207193897322 0.189516813633851 0.647689720310755 0.496126360936362 0.879510975226141 0.75078489919766
0.696152713078309 0.649451675846689 0.132337198270228 0.850279868906225 0.991613507304836 0.083741922691678 0.402111296729749 0.298126991009845 0.416833516234953 0.477397436805002
0.491808781790225 0.605921850728134 0.42807812363608 0.855150746697021 0.990979365982359 0.0933519879505947 0.541574937517238 0.39482853154227 0.876455268479256 0.483330378800286
0.0718194189538495 0.247958640011718 0.0615636449203703 0.337893335507501 0.540378434220113 0.00988853120662082 0.149472076344054 0.215507669709644 0.00445200499111973 0.383583253097564
0.139562897038808 0.923659513878974 0.0769710365823309 0.426269574990927 0.861575409411724 0.0178435859983144 0.198696935982485 0.207002310842867 0.0194181105763526 0.43795326426034
0.156587820921565 0.317479026045362 0.044565128383561 0.570339024760827 0.98592724429629 0.0341382024081878 0.393179788482877 0.305519466446845 0.268452383889508 0.526391411836729
0.407952892561683 0.404549567913544 0.0944029893323022 0.26193387585023 0.936124587016331 0.0940297155761797 0.372177282313967 0.341586558733128 0.646579140416835 0.587353705909179
0.488946337095246 0.891112915302456 0.116322905555521 0.570443341806955 0.992734225569573 0.0602663118786257 0.422885371558802 0.3597264439888 0.269219514334173 0.620470436697824
0.76209348921301 0.608223023100601 0.146477044022712 0.763548886516287 0.987428970539031 0.161634881487282 0.575929775086868 0.419374727992978 0.542061591027467 0.587342325221998
0.520446756702305 0.0523433696140091 0.0944452269111415 0.935014652305434 0.989530873623611 0.163250743649956 0.406670174722367 0.291168000194579 0.314035435047932 0.534141339855159
0.817440051145408 0.162398079476668 0.0623701068935519 0.611025861408053 0.996432330736502 0.14359922566506 0.442639603786808 0.366788351115761 0.902628518388541 0.574969767646322
0.557139975964742 0.109301515566849 0.179001368169171 0.737831791115585 0.983558825153859 0.122657032591208 0.48245602275265 0.36335169696937 0.850412085745878 0.618409816527177
0.479552250268951 0.592707235643605 0.105951535512049 0.895489425738137 0.993373544744453 0.0374860919306031 0.448443147931859 0.393242483003285 0.747176559348936 0.633372870468977
0.151414514026184 0.341875271595711 0.058056019820651 0.78607070504859 0.970616753652291 0.0272689218505454 0.355898432894299 0.283433952688434 0.602262793952587 0.602772183629875
0.855027970081831 0.640545029838912 0.321805287498382 0.926478163982855 0.986256014039708 0.196016776927448 0.584334618844931 0.53559239452954 0.930744720940118 0.572342352671149
0.73323689024814 0.951485501429195 0.55919969499262 0.849111962370157 0.998746646712591 0.448197595640368 0.671145880589794 0.545397367073658 0.998676071590777 0.613668785800901
0.288084667942707 0.47683325869039 0.167540113947027 0.554015534227027 0.90287409172343 0.0134891883131661 0.27614428850165 0.239024068986011 0.0416382977841642 0.478139300499331
0.90699497951555 0.367208735607298 0.30686895875811 0.752326779641993 0.996635231459079 0.0480637275551665 0.564221666473063 0.441456497386002 0.380382797839642 0.693772168345868
0.453424981005329 0.762069382760856 0.373440284749996 0.876563732202515 0.987159293976634 0.15931494356114 0.552311641617366 0.423518645336268 0.964696829249763 0.766593594668931
0.345802779351158 0.715978496632267 0.0924200861990687 0.481379624201681 0.96244677661188 0.0183430205204031 0.361360721340447 0.351889524793331 0.110006128510276 0.469630146299045
0.936281851388386 0.273595713198921 0.089312124869866 0.75411231282961 0.984471894890353 0.228762563581192 0.642461331271295 0.368854877918058 0.816707577349481 0.683364751378186
0.444897573198432 0.422036310691428 0.0425420135407058 0.466218493207181 0.895999910014056 0.0139777051895433 0.227983535389473 0.223514777585592 0.121882819298283 0.457267050283349
0.744211820882102 0.129984025309239 0.110819329304542 0.662213233218353 0.985640779687817 0.158268292521782 0.440549200792472 0.395451378984108 0.746109030342916 0.524074850767139
0.190593500478927 0.707839745584699 0.0431676023050101 0.475184494764741 0.965107673059998 0.014852783021016 0.277662367709257 0.323414263741217 0.0378379645069834 0.485420088256741
0.671637161154078 0.109690093184328 0.363579958025105 0.958042468846099 0.988339294375894 0.075744014554369 0.428025791334484 0.363170736595556 0.549989699135176 0.580822196744969
0.954231265802459 0.82426946321546 0.452925195781949 0.909884452487216 0.998206748501813 0.367812605473459 0.671272517814924 0.553503039727173 0.992957528353396 0.735043202869272
0.169905935684434 0.515607566938488 0.0661838313457966 0.751257610084871 0.979097809687577 0.0176076594276152 0.511858664335322 0.303304765669255 0.102437387855243 0.566062447853698
0.682430837954374 0.41948787117404 0.258467699796152 0.961982828752037 0.998099287554202 0.227263170795586 0.684744457124067 0.432675821696312 0.588823388570646 0.69059836858793
0.265395858525655 0.903528597607681 0.218667386188208 0.701559656407321 0.990313590486229 0.128307438957501 0.397472430984669 0.322312046121509 0.570555069779243 0.551150324579466
0.259891629463418 0.832155474849578 0.4225374911857 0.421834243651764 0.939353214061556 0.0131598216297627 0.315447257593842 0.239852724639883 0.0244016244342892 0.421589419287376
0.384247434650399 0.0860130741603169 0.0424360742788266 0.493366989426635 0.876858053513502 0.00576590963648706 0.251923602759739 0.317372612801511 0.0511901612587601 0.501070915898723
0.132726725543891 0.0619930317059002 0.0722348838385729 0.317045268962218 0.986810595508787 0.0339095053939873 0.357336175390221 0.330475713148582 0.625359962805109 0.528414040183078
0.402487374395237 0.191209090771867 0.157948007334468 0.761820417085378 0.96604383785895 0.0498069705855762 0.355044961070404 0.380293803566072 0.111689266247263 0.608968975297477
0.174393277626369 0.731282483665687 0.140016478447179 0.73697310591829 0.977626982410149 0.065974940139629 0.355134698820431 0.290361876183649 0.441561445854731 0.59527023308341
0.591085419204145 0.880588595317571 0.289802021485192 0.825077637971786 0.997209474713912 0.337628634738239 0.648296997641269 0.277912925044878 0.913397467521854 0.652365703660856
0.0779854027062346 0.0168398944257499 0.0461483767268129 0.426775287648166 0.796798046671903 0.0104281305259861 0.218081993313167 0.270658618760979 0.102656153337306 0.507267899712604
0.739845368776636 0.183822097689315 0.0972193372222521 0.801159754259958 0.989871238992097 0.249430658788091 0.464077229692953 0.580593982611758 0.963984312877416 0.683950650554712
0.0359326495132482 0.0397696854436591 0.224570417741363 0.466302998790504 0.971996776634719 0.0261584297041116 0.296914631173316 0.351363461252231 0.141810854027372 0.539914633361859
0.188185985892183 0.165357581727241 0.268198013819325 0.782797076870129 0.931130842932381 0.0778762534194619 0.368486876223151 0.276693532357179 0.350291636089457 0.524991288719724
0.192548061887636 0.182830921009606 0.0228981146403939 0.659538737072463 0.953673521104774 0.0135126666007785 0.265595779450635 0.269542734818592 0.136598975706269 0.350699702135117
0.674343777519868 0.963274833443331 0.0466662258112541 0.934890860176256 0.984445969818863 0.0697006752366523 0.42499849822873 0.398271831273763 0.736370349124484 0.600853029960206
0.673155358714655 0.652750307677308 0.201192901896963 0.642864653027236 0.988553730308637 0.0707172362959853 0.354567461662552 0.418622560523147 0.236168408108586 0.48766567967575
0.0546564599282072 0.377792014350936 0.147887234240205 0.521571776370637 0.945301984300329 0.0208099993276436 0.189705455742942 0.234466883311991 0.0397108990024212 0.39105321783639
0.114637969057737 0.399998990492339 0.107792671819155 0.951866718587536 0.986091127653471 0.029945595128437 0.423370680716207 0.254758215999971 0.758303341550254 0.514258334383761
0.353286440302547 0.720361659355891 0.185448785153563 0.785733823888089 0.971721132976779 0.0938658561517395 0.55007370950683 0.288821127084669 0.591200900621751 0.574980819219302
0.361038720643132 0.796976343726835 0.23403689150637 0.87838756411985 0.997172450543034 0.0432405165461148 0.443739790639045 0.333996796409742 0.912663025505612 0.576106959798858
0.434765745282066 0.478111028936179 0.191323816000251 0.955362912792749 0.976797181714591 0.0475275894900423 0.419821039076078 0.383513362172696 0.244463492117745 0.563004562269349
0.0991275511279817 0.0943820533207226 0.0712170956690564 0.186452313092906 0.934719698658682 0.00314826505793082 0.282047829379877 0.327725668365849 0.0186140458682316 0.397801917183251
0.878494713690625 0.496537434317972 0.26418569418834 0.877825666519989 0.999556880953842 0.437386001825035 0.649540973854976 0.441765808160304 0.968567943636355 0.714857400541382
0.564132287278324 0.250231149879448 0.119782662498925 0.957613343059339 0.984125137507665 0.189628010507965 0.610626441248757 0.349864177508794 0.666187119619396 0.623274142050248
0.345650592406241 0.105344146318277 0.119261965415732 0.578140626546043 0.957148544985414 0.01041878927417 0.287723880683749 0.275934441686853 0.0194752213128804 0.393074432880833
0.0510876174903018 0.157924736949012 0.170110385791709 0.900312611936952 0.925319717797685 0.0284474614755524 0.270652197779306 0.253285809706858 0.0774819960087149 0.430300601927012
0.767353082556384 0.946382498527094 0.228230109320476 0.975421032942823 0.997956878409131 0.181872131547211 0.551358299757609 0.415468996363236 0.989884299760558 0.673532390794221
0.272590272283432 0.736169237074662 0.0673215797932169 0.214627259138776 0.89176145614714 0.00687144058708806 0.214948051929016 0.213187412867657 0.0456170230849726 0.368958229215651
0.724743190267226 0.570696646897119 0.532034470180049 0.819995561616472 0.997309055005417 0.23251245555741 0.642409728459372 0.439098384180141 0.919860535010637 0.663343889901736
0.35491653705542 0.0532418807405221 0.193501161784155 0.242019179545484 0.797862814838806 0.0177453405395103 0.212231291212155 0.254852164223521 0.259130229753184 0.444623207753753
0.625036176172528 0.935419166392776 0.150112345915764 0.920447635363558 0.998343739032142 0.316409703652653 0.615953024726491 0.369065644846438 0.959169171226917 0.615203759332725
0.937408481048927 0.721519611222559 0.159590289463957 0.666898780881783 0.961687530912361 0.0464845560463028 0.454900658363906 0.348607446520721 0.514638308133415 0.567518983207241
0.267939947724462 0.496228655820231 0.171073743491571 0.477466951757122 0.988007495647772 0.0388948517298751 0.392764242332442 0.27991120844589 0.142946331499922 0.408905163306235
0.0521107099670473 0.110829636616222 0.266962126890064 0.614118341820583 0.921147563474207 0.0124295036738097 0.223381060506146 0.296437178443727 0.0512292477655781 0.499436067207683
0.502356301315597 0.0260881307616508 0.219535627197105 0.921143201863039 0.96666091409861 0.0585501160782138 0.465368395433654 0.339244452562989 0.752048520560321 0.520215137892618
0.357908482416814 0.0591326035681983 0.174304515462165 0.765319204931319 0.889503720806725 0.105647941524049 0.279077817956674 0.310649097467656 0.343369087926964 0.541519362393988
0.876250993549921 0.644592951507213 0.412395078915605 0.935401016275802 0.999428522923117 0.30024599211795 0.701468654004348 0.505539520645643 0.960466163052494 0.600318341105092
0.961514215828798 0.0675658166146034 0.217217968688891 0.751905261556356 0.996687978216146 0.0801607157010782 0.486188149045012 0.282340686991708 0.960384995942745 0.590434837449383
0.280099609241646 0.384863216458194 0.391452656280684 0.716923733685789 0.985305374194589 0.162074577590923 0.498293355964505 0.354308980241424 0.350311920524052 0.582847485261541
0.109411591250671 0.0999621271479385 0.300331506965434 0.462144505912467 0.946615192621245 0.0168446236500654 0.250170609923081 0.233174418018039 0.0222353818460618 0.553505884869391
0.624656217478757 0.484369961689979 0.167263870705109 0.584727229155568 0.964157550127917 0.0421299532483849 0.333632522721837 0.228963981331141 0.142792712970385 0.550283082533193
0.440330541655543 0.431213365210009 0.0734388913138972 0.869451669033045 0.989882659461736 0.0532993144693859 0.44228474001327 0.351450037136314 0.710253821209128 0.514927538613095
0.691916216210192 0.687907632977213 0.167805621293974 0.822868972034851 0.951814879295084 0.104502305766533 0.404079163719915 0.358637205777131 0.460123174481874 0.514763170319698
0.431548043011631 0.390279120172055 0.198944060452424 0.942673951482114 0.9771069167895 0.123976118577283 0.498495010820472 0.325156365290861 0.772126652578292 0.591027571939381
0.572700599638674 0.769851704163732 0.105224627899716 0.917277391381842 0.996750349761457 0.226957710712638 0.502189763322189 0.378284329671439 0.733717330550621 0.743619585309828
0.228896331708095 0.928578766386532 0.576185428780597 0.844766565190519 0.97913650739342 0.0854830130726698 0.324167629151302 0.371939496675416 0.370514552563016 0.600804874606606
0.300877445497781 0.717768191468003 0.247627984294559 0.671438780547786 0.995704109646297 0.424100815934915 0.704824848862241 0.482061339497133 0.868219814511613 0.534042316103731
0.291748785978518 0.691837073522898 0.0767285139369834 0.40352792467003 0.986441977671789 0.115178678709113 0.382782997684974 0.295029023829177 0.937981428502273 0.677265116649023
0.806844849505577 0.961622140433487 0.339073883226484 0.828601386354713 0.993286988871051 0.170411793056937 0.505225449611551 0.333588991801365 0.94803885527225 0.688400364772362
0.119209366476025 0.491609509045517 0.109068548118782 0.397242695913371 0.955308807437893 0.0942493320567175 0.336773526012141 0.287504022900543 0.498876250601912 0.559212673231054
0.506546877999255 0.51001335491451 0.553767261675645 0.901152534269741 0.997566956348332 0.165580418433517 0.612126163181525 0.392236114316218 0.59133657661847 0.732630442699541
0.551061197438064 0.242971061789518 0.337643520242785 0.809301571200707 0.997041972117241 0.0855263844152783 0.44173840966444 0.393823865255462 0.908721481261403 0.683477590676529
0.66935177283929 0.74203743961226 0.28853669333418 0.375761716770634 0.992250596504044 0.284515286295506 0.579511160330435 0.330665452878017 0.938760354581145 0.609205792565792
0.564687400874556 0.160020704401366 0.0816746246501417 0.821428028289737 0.910713583831822 0.0258535187527081 0.307676219463351 0.170349290502794 0.0949819233310576 0.440456550824982
0.834429505746268 0.983600158634653 0.533553304602902 0.729996833700104 0.998411495912357 0.182792332927477 0.723911347500321 0.460030006035869 0.959151260668514 0.640280390163365
0.13476052925271 0.171196927675121 0.0366113137405397 0.740506554803886 0.616229604862055 0.0239821375387666 0.235956386527792 0.355244908271106 0.0769808252742279 0.606669734435931
0.736301886558928 0.755834381401722 0.471470401894948 0.93751369611607 0.991787273930812 0.265524391304808 0.741338826414835 0.364782401574081 0.978950690895693 0.667741151465923
0.705254499997772 0.878267384001369 0.153924009139991 0.92348598567626 0.997465184930155 0.0304588588380184 0.384588134504669 0.31856114245085 0.771953914735698 0.495334931450133
0.628803982569073 0.469227032444107 0.252430606563915 0.870328615371227 0.990088843077268 0.246306745630549 0.409472810167317 0.42299298521983 0.51401400292853 0.560178628543544
0.952192346689764 0.501123669355044 0.287695920214947 0.846235870708337 0.990386949562119 0.330978934195205 0.591543626467504 0.459031068599516 0.970767461555442 0.637530412510504
0.296535691990851 0.432175644315155 0.0892961631859097 0.584391832658403 0.841585750065472 0.0212571097063973 0.319325518342592 0.274713558787456 0.230967764198026 0.499687579511298
0.903868136274052 0.940548302164409 0.48960077196135 0.938005883426675 0.996448152266328 0.23729682993943 0.561277479372427 0.485478655349926 0.982150366231113 0.691116530778967
0.787677971535412 0.945361009358162 0.308093966075095 0.779635605019534 0.965635411409974 0.0811596073866261 0.329600338083698 0.270513153598763 0.683435974247479 0.577158177150929
0.935972900184287 0.963757914528383 0.102194615443048 0.936213906075594 0.997184436915388 0.231449225652042 0.57396516871488 0.38581905864232 0.48415587463663 0.672305633392454
0.463920919332685 0.368946029174267 0.0665315572455546 0.343011719223048 0.897747514712613 0.0722254888421983 0.220471388888341 0.282391572004954 0.15750735621894 0.461373841882494
0.39384041406504 0.262305418760189 0.0594072706952726 0.508417254950282 0.784054652940015 0.0116535516834852 0.246044967708031 0.237685989571292 0.19253965675388 0.493650938904641
0.57289150255087 0.99050561641654 0.170909226666469 0.728239592581928 0.980829956197164 0.214717725231624 0.589253120383368 0.377824803263432 0.792086726190517 0.57622570697195
0.529849053101079 0.750591461876431 0.066181248182855 0.527074130750597 0.94540362219762 0.0195293527871668 0.340533326839885 0.287310280643024 0.0206073647042808 0.552044442557936
0.765259180290306 0.903032393183641 0.42286750898917 0.934020449293708 0.999723635461942 0.226929326058568 0.766197443227185 0.426302827141645 0.991561657085662 0.765823832484642
0.114801293338803 0.144814086722457 0.336956727746796 0.813493472024545 0.981741862643353 0.137736047011705 0.348943008247963 0.276331327827527 0.316528463707954 0.597743817526828
0.404406691053487 0.460441546432999 0.23930706200289 0.291613826906555 0.989107698251664 0.0351965126608412 0.341237210461767 0.345928524743768 0.630309152329601 0.436325060270947
0.357086929795306 0.802745160456902 0.179775662949088 0.840531352351342 0.986601761430935 0.068391573045676 0.470143991428531 0.425157119579491 0.599225751218119 0.53210342744603
0.721671794678698 0.515772561613889 0.153249875315887 0.968929647399501 0.987247217448192 0.164959749594101 0.454476410423373 0.397957072878051 0.89552296229582 0.691087328346618
0.986227655407923 0.280077961564079 0.172095230364309 0.928934990278197 0.997916363519141 0.599988137615896 0.662243767492583 0.464569780977125 0.977601026013442 0.719769856287587
0.604132781934686 0.635446801895977 0.13163002573711 0.740871529653348 0.993631334061805 0.119586698875545 0.545044425765387 0.411300362065414 0.902792865101932 0.537249139180117
0.105794829418943 0.120667049778235 0.12559403723166 0.391923453464841 0.845952748773962 0.00381187068692752 0.240842581812855 0.179894976003839 0.0184374626306852 0.540851463943496
0.836667331015688 0.690439989869349 0.25434026742679 0.642492638791799 0.991650246170108 0.0917418645430828 0.479933371524917 0.395884753321083 0.642902294219313 0.569862237506816
0.146334141356491 0.417115358344606 0.29853708518338 0.777213608426301 0.949671761318318 0.0199788733165106 0.259660502783131 0.397092230672452 0.0996591856085055 0.617635762958535
0.596319940384541 0.460855268830088 0.191813660550167 0.892247649911446 0.937860437525952 0.0220158493429242 0.271595346379583 0.263167779876788 0.603212358435336 0.5311666829113
0.96453117125775 0.773768226546196 0.627407029783502 0.964654756702491 0.999670917366619 0.461561015051879 0.741627287684142 0.460318029261681 0.991891739200763 0.662343851022223
0.742817508906543 0.615213102555972 0.0346363348359909 0.850548808466822 0.994476710955173 0.0630632546472676 0.469203508274575 0.363944935811523 0.363216459607759 0.461321482760312
0.422303119582167 0.541548545691895 0.162079084282341 0.858526911544585 0.988263127128598 0.0895776011526804 0.559242166373842 0.430763662906709 0.139903099139064 0.581850093969784
0.152773817835256 0.508887644997506 0.0513688470981712 0.554432300526036 0.902301098856956 0.00304242117338099 0.339201007888776 0.228571042080071 0.0948298778038743 0.599550831024675
0.161441195514238 0.280144459809703 0.237789822845696 0.70849653832755 0.907686731498001 0.0152641325562311 0.298961610943487 0.254320908243449 0.0314065620824347 0.364207472721632
0.432645672725789 0.227772730283973 0.303028867562134 0.334628591208422 0.973574780756977 0.0564135853107159 0.430321957785571 0.249658945551354 0.0293210608747116 0.53426861486613
0.0459073597906934 0.0697957615721358 0.0410999623625339 0.320821111593558 0.434520079273735 0.00126254644098068 0.129822571274639 0.163145059538403 0.00897317724636441 0.314580006791112
0.355281195323771 0.505566799514786 0.252206263663179 0.338316086185677 0.981666445876739 0.0494355993768569 0.532190385502559 0.390505788615876 0.272395957518653 0.572870946152067
0.796861904467551 0.0757194772483287 0.125290201857003 0.922461113242788 0.998786816963928 0.233546124308865 0.567327447441826 0.47236696916257 0.770118024015897 0.65318739840114
0.456335290235365 0.328016061012806 0.315509243502705 0.828155897840998 0.995637312358491 0.143998723306542 0.550826278372124 0.545064959273548 0.603658008190441 0.529927191813036
0.219184592308665 0.143945197163421 0.223340487206756 0.411569281303537 0.996387721960949 0.0414880687510692 0.358440726989537 0.343932096060118 0.497809763034886 0.485680710514426
0.252365222741657 0.653302940902665 0.562443043411321 0.913477559633738 0.979742960979179 0.120982458529342 0.354544635716611 0.292813065631468 0.214118775577088 0.705287347385386
0.191754487801996 0.347182373688149 0.21048712632049 0.664263173121625 0.930272718059899 0.0178874593525561 0.279717172683684 0.336482854578213 0.128380761211352 0.514397093853761
0.757891582549774 0.957020135605202 0.216557214792958 0.950051107182787 0.997316147766357 0.0796906614812441 0.597416882041792 0.429526553487883 0.969603983750979 0.55540786376591
0.860678850328379 0.488332288006782 0.388042997394902 0.979643691655721 0.995343194395644 0.726793806013696 0.586296281126755 0.514573453804876 0.992396533993967 0.744302800913322
0.893772671917109 0.595117531746743 0.248232153452294 0.885585785434543 0.997167456733424 0.319434809822048 0.50601806762302 0.620861273884418 0.942056503343686 0.591190344920476
0.946686043780487 0.249700212324017 0.137165931943227 0.828991027957005 0.99625591294626 0.141462865060753 0.562954477010009 0.406470122216624 0.931845028431262 0.494619222855802
0.665244209169176 0.443645061376323 0.025753486808476 0.878138043348619 0.937201965540854 0.0350560317236108 0.273231847675482 0.280065887706691 0.118423855629618 0.489725773084897
0.0297982535468438 0.0481016732781053 0.0378807892475759 0.157627718720042 0.228104913690204 0.00369956195142756 0.129889733689657 0.166947107528641 0.00307731063552443 0.25666406133302
0.914364620253837 0.0897704443603338 0.0876563189995797 0.898561466976373 0.959457105086732 0.0360626262525342 0.306088932680149 0.27837807167222 0.296208110103093 0.445320191888886
0.0786540466370094 0.122783559539424 0.0444874150108424 0.126550796488752 0.85654688865048 0.010795534108179 0.290582024388299 0.292566423600254 0.131643008651566 0.475074677835564
0.518743503455613 0.75517661431827 0.224097954012688 0.725492800296484 0.9871391170887 0.133793976489135 0.56589616324067 0.355511596262647 0.948475599382949 0.626774837182456
0.823343019144243 0.734387553168006 0.208355516605775 0.861161448568236 0.969947242842571 0.255353581701466 0.432916037329402 0.383623156221428 0.851636243121072 0.57291158966196
0.697098991173873 0.954217030142362 0.425204894366321 0.955280816076681 0.999739426614226 0.434468982025478 0.703703902747151 0.514204435586837 0.997563047503422 0.782535543597274
0.0493024972508447 0.0203609838412169 0.110000434802666 0.569756894401 0.995127635678156 0.0936414328899034 0.388465382116202 0.253617886661841 0.190332391528055 0.60533829398093
0.258411393352756 0.868653702633933 0.290604096726755 0.795367723976593 0.992809937092986 0.119596668011773 0.470161619543394 0.28952806371551 0.523537472732952 0.576373773184293
0.158666796529384 0.258601631704744 0.0455698445045169 0.512794840868224 0.86111545947607 0.00611796775970152 0.19675565401014 0.265745972569009 0.0138873541963327 0.439111192868007
0.860156936866194 0.947202217693392 0.0957977325035648 0.970977056725908 0.99821381709075 0.128622618877717 0.600169474025368 0.381435909515957 0.884226663823656 0.614893088226664
0.87169700084793 0.932645452045837 0.0918803384733203 0.959584829766632 0.999009185152638 0.583939728173286 0.669176138655456 0.486653040452614 0.98849953592292 0.75353658501604
0.777692981940761 0.699945118808343 0.134049604980198 0.383664819468446 0.952781216069542 0.0325551156370313 0.344621244311628 0.259244209709815 0.672769846198599 0.634711873287061
0.217636232115707 0.0357908072572486 0.324872805030162 0.696642761584705 0.904094245568179 0.0140606142112449 0.276226421431889 0.276795528079089 0.165105283125456 0.541449187418162
0.552945734204355 0.811486499908134 0.0697665563595025 0.463712171440372 0.99346656475473 0.0505378289689749 0.499435058668985 0.338992988349106 0.705820843148438 0.630105319585336
0.332943167042156 0.74354778462167 0.12077710732933 0.93306233100486 0.918462787794974 0.021741814101478 0.309021866275778 0.35183761688796 0.224329198367664 0.589680790058079
0.725980252551137 0.616344446643121 0.0837954353079218 0.942812470164648 0.99865004558137 0.499983670787487 0.698773090815632 0.376327780705554 0.98308854058938 0.70553188860321
0.344016787966182 0.655505314699138 0.0933205081520484 0.965643340522031 0.992145231822396 0.230016235241981 0.632612790965647 0.360537412669348 0.640763519218598 0.568516609608069
0.957926509335265 0.219248603829109 0.595854828306597 0.945713193593459 0.998824701062861 0.674019383532638 0.835700121869817 0.516260773437751 0.995098195205132 0.723950153468732
0.94624764588698 0.35910281521178 0.398532515641044 0.970887967364427 0.998903539036873 0.295602141189842 0.622478590050628 0.414407247942625 0.769418716561478 0.659534196604204
0.941900890587961 0.240514410390661 0.464810031646429 0.821061209761154 0.997427682768461 0.193713845733302 0.485666399008089 0.403329224682695 0.959405181343836 0.684358306108113
0.962305276268824 0.955922542307358 0.328244312078064 0.948576557152133 0.996058691806129 0.182968007663019 0.608967007139134 0.35397376134811 0.682514561114601 0.610073652918453
0.783228945071003 0.238363497199182 0.0366491704672525 0.628675115064489 0.958900264926182 0.0589653927930385 0.426244025192596 0.313351693788612 0.0764287126891336 0.535827434061887
0.773013257247291 0.285984901514441 0.414042925468591 0.870763402496885 0.995836224193975 0.223878600493338 0.602746478513946 0.41391582480116 0.811768783086334 0.666955045209043
0.880852904385815 0.307437350551511 0.538575908545737 0.938407844261088 0.998415228239759 0.0871321502028351 0.710048769892391 0.463575583113045 0.722266165056231 0.666760333691982
0.839667162901732 0.523730056067748 0.218019219661163 0.885096298609452 0.986115059797267 0.0171320326810473 0.559388738825067 0.425750495047588 0.724873730204802 0.537253895891136
0.639023452985769 0.445846821055154 0.0912906788427447 0.161280812623387 0.978739662060349 0.0542653700300789 0.436573840307327 0.277860431568198 0.524812152143444 0.467666846074808
0.231407600081802 0.719479849795239 0.30150148978239 0.502628872339964 0.913768490968756 0.0111581339417293 0.327714772857957 0.247417496607353 0.0159806813855577 0.45342550411365
0.889375617825244 0.631516460380955 0.495895138162905 0.962337298838311 0.99857987766475 0.261892448654096 0.603184874875659 0.485535958503146 0.943146911988308 0.570238752613415
0.906766745851701 0.193965092164951 0.369448191432776 0.951560822551533 0.987764151214577 0.100012596838914 0.5463436428486 0.422696942953892 0.684014862612019 0.612020824442654
0.731641918107337 0.129999512324808 0.107792603643005 0.681220923747827 0.983224769857886 0.0530054689144154 0.453812832996437 0.377891799349132 0.898453751828588 0.611829696020042
0.269434516571987 0.316130530322932 0.226657480657464 0.96422703703722 0.995945044431035 0.332908691500627 0.520458268873642 0.467885567178167 0.917794799491318 0.658000640606194
0.114957986034891 0.00244982560575364 0.0982795316189537 0.876075142902195 0.953025535757028 0.0773984448031295 0.362501433325825 0.297959610034608 0.13537898383679 0.567804466517835
0.887725512730898 0.740922639174351 0.226089651223524 0.912183103267816 0.999580077514399 0.291022303864032 0.670090167764956 0.44332993282993 0.98754028508378 0.616347652357501
0.947203191821013 0.278231543397249 0.120571780687467 0.775648666752997 0.999056329578041 0.181658386462439 0.560746471655213 0.542233473211716 0.973590951176409 0.601958927532313
0.835435467514536 0.401025338775954 0.163647409077507 0.467564884401873 0.966822921697347 0.012329307247782 0.228297032475822 0.277567529746139 0.105497613670988 0.473088461976819
0.70741378566506 0.470043121773977 0.180095608472671 0.869807299330547 0.985251546427743 0.025923883871362 0.496747173306487 0.384609506310684 0.898384373248779 0.564338057698151
0.785783222129206 0.225832929914717 0.593684003617991 0.89464164379238 0.950940934404043 0.108827763618397 0.314519168113093 0.39889901871155 0.76076440032386 0.483583019836733
0.812410794962927 0.690622903363346 0.204393343239908 0.983421124098514 0.99943063617917 0.757018930674421 0.651497064887556 0.493791200203632 0.996747170285713 0.696244172379179
0.206848721903376 0.527370494182687 0.258307142954595 0.929470744915439 0.985523313904565 0.0570913210683485 0.400837073432139 0.292359466518344 0.230664229012215 0.670810446731138
0.878724107515671 0.330343420580151 0.324548491930051 0.894069793250565 0.998455160465998 0.371184764218595 0.539331292876296 0.388739944745971 0.970881170264908 0.619056732179289
0.457247224426277 0.119316495540194 0.0917849617284853 0.770677677402807 0.906971941416753 0.0160656311970044 0.246057054674647 0.276444314718212 0.0125741945043611 0.460102074537098
0.679566059458432 0.247809561221451 0.0939834802784465 0.739070441418681 0.981978411099834 0.0308153894670402 0.377025448917458 0.233203970938789 0.507206893519698 0.53783797420567
0.197729436539859 0.689267951237445 0.0811871489607845 0.868056282273995 0.949382098917825 0.0363435797902325 0.303872449779435 0.318666145066223 0.128366049354751 0.554688167883579
0.500645518943776 0.876655621976656 0.0871848025672921 0.834164390179216 0.987143928780911 0.0325289654544801 0.312313646542399 0.252749256998229 0.158524466302263 0.568680543758056
0.727307723496507 0.688122371376779 0.137722379374233 0.540778690275726 0.989790639373957 0.052754664976581 0.381788619141254 0.362166055682679 0.737227095300931 0.547212087801757
0.103393398040915 0.0263183453567472 0.139809520422309 0.345393286370949 0.873239833531869 0.00409966291852271 0.202212670830757 0.225856409001989 0.0117868403172533 0.465712551206588
0.853010669921211 0.187347233387558 0.170748775390717 0.964513724261358 0.999768325756021 0.497753811475538 0.731797165183857 0.537172665684217 0.998277937889037 0.715787844247889
0.913334780084653 0.78482511453415 0.186797754452326 0.984840956650359 0.99948924864719 0.452498802272672 0.762192440484856 0.534438918560287 0.992589649984221 0.683506941363344
0.0745168133070601 0.385352417117939 0.0785630325779737 0.600495229351933 0.827218395249889 0.00230399839939112 0.175337898061558 0.175817280505079 0.0120863938918925 0.410285234374755
0.775908100004209 0.127605206429161 0.42031887869788 0.986905171113179 0.998961357308247 0.169528078060638 0.621133785130698 0.481635526220214 0.623395988362007 0.62163505188854
0.0210373798340242 0.89773518701469 0.107144219158526 0.447361125582733 0.955342637081016 0.0169991535354908 0.269613305133696 0.233235503663764 0.0365201147132021 0.543397046424623
0.260879578535781 0.482822434425194 0.178446318517817 0.75633172416834 0.9200544388381 0.0285815935884033 0.291048836641951 0.246679722655166 0.0593337531874171 0.507537076608594
0.0297081159422369 0.0139382545375488 0.157618091604756 0.280699600709602 0.80735483709359 0.0116482383219882 0.263836464357538 0.215408658880618 0.0360686579975469 0.388656139090679
0.963044453039763 0.66533802062222 0.491243838794239 0.950678679356048 0.999797652702763 0.35076925832368 0.562913491467932 0.338504339468699 0.991992960688456 0.597299330377572
0.861321870104133 0.0900348646780414 0.0441873196985936 0.468565716379317 0.986626694309768 0.0579496664107251 0.453491318782138 0.33165974416913 0.416426350709203 0.609181044207079
0.675224570494958 0.607779960072558 0.469736926187625 0.986127303358876 0.998494133935523 0.392871653373742 0.652247035230911 0.304287414380737 0.95872410666072 0.739410864197312
0.0627308763656959 0.578651247746522 0.0536051817135909 0.113217633636507 0.834834570901894 0.0306632190625282 0.365765518542555 0.300307868280934 0.117744940651896 0.447680264544893
0.352082578067271 0.332644797373719 0.11061595622604 0.811389476660426 0.969803941304179 0.0303461874558122 0.328173184726175 0.263732188366514 0.0765648910023761 0.561154629893421
0.758537202247901 0.767060621210309 0.049529783983332 0.935243848620121 0.993033410394694 0.218159640157796 0.708672377928043 0.408719831242232 0.884050544302177 0.653259384397329
0.510461975853882 0.0421045780626922 0.178611090889113 0.536485397318415 0.981801459572739 0.0531863212808273 0.431272594133907 0.362522219458054 0.145677872164608 0.658222023758117
0.688088418218393 0.580564816948909 0.067424333426425 0.697430431728136 0.991594531338832 0.0856166765848269 0.389113789382831 0.245402096558355 0.0502102936458549 0.48707996223924
0.464528720314754 0.622944852873689 0.15680112848717 0.976724884123842 0.984302576671413 0.421516305997978 0.472898509176659 0.405380891729453 0.695562045622122 0.534002194523668
0.506755584252142 0.340259083132029 0.140137225567524 0.576578633682864 0.95674691296045 0.043534361182416 0.309979487008049 0.288859366383659 0.290894972755853 0.525017101756647
0.133869137818826 0.233416808978036 0.185025187870173 0.751290496833689 0.644736660949718 0.00741033081573051 0.25844909751008 0.219750258599418 0.0159415241500795 0.402825628346047
0.909385816484523 0.129983640278766 0.423884839711237 0.859456469871302 0.988964649560682 0.303415500114818 0.558132273188422 0.354144926287609 0.980235158813143 0.56393040997261
0.54816885755321 0.519258301300669 0.0901649759462225 0.660255966002682 0.965672804763811 0.0140179583407031 0.254137849597386 0.348830910089679 0.020309554106826 0.387265193072328
0.663587627264117 0.943250989560367 0.326133966070259 0.863202490773328 0.99321009245801 0.0217199725160701 0.43338696696777 0.387553852011345 0.595882343346492 0.614669602894646
0.61426591263691 0.272169050408956 0.214959221806401 0.846326023768923 0.970716277303507 0.152504605019753 0.336233064012544 0.379013299216097 0.906889963163723 0.514915970784543
0.249109978744361 0.903478130278438 0.0659468450007657 0.793030749456309 0.888572995524976 0.0249042154065219 0.350811122575111 0.177168879174356 0.271494656496755 0.464816016850112
0.144628026910642 0.163559004014944 0.210473539571299 0.956659561991999 0.986871061280632 0.0709764899042565 0.426758973041834 0.365583833765291 0.944220870429802 0.490489031517038
0.0580282558125663 0.0527344657571139 0.0524933119137183 0.0558143672091068 0.888983638493722 0.00548633953439407 0.165649850937403 0.231391465250243 0.00196773668159437 0.406429546242561
0.206254595429342 0.693831511061137 0.306308123906717 0.671837671922193 0.996463669201405 0.093707631031348 0.620046535530851 0.28462606163333 0.691233271093927 0.609125142793068
0.758126994028176 0.289134030282179 0.0860745462199554 0.346672019578975 0.990676949661235 0.0822500871837307 0.437611542578217 0.378252314219683 0.743089982612279 0.616212974146767
0.767112539579625 0.531576391387253 0.187800517298649 0.926543313900849 0.997337981937735 0.391019180492562 0.60822727338799 0.410348447091803 0.975699850107749 0.626901598195371
0.890736316080851 0.535328800068562 0.28571782793703 0.97689745679797 0.993330341888506 0.178249749954175 0.640053727345995 0.359679382219484 0.982240856635885 0.617298934197331
0.527691294895771 0.723727999978573 0.309761678359083 0.888051972849879 0.997670802826415 0.349879204604153 0.572405666519215 0.399269562102594 0.852571229053731 0.678614168757614
0.139697161093856 0.803501351914939 0.131279961019821 0.748643243547011 0.976917333819004 0.0588499511694235 0.462615785197218 0.301151793101387 0.350569825370232 0.544047595150751
0.919070854836576 0.421478959030463 0.253015761236423 0.979411429841499 0.998124325479008 0.440761275194298 0.552357443294553 0.479882878100257 0.965357962666983 0.746511639138866
0.444973673168243 0.314342219052351 0.365785942705786 0.925882992202059 0.956661147201338 0.181359182010583 0.421542417738377 0.399965914634109 0.786833396388289 0.618896066059956
0.95991447794094 0.0968129089434165 0.327185936590463 0.911983552326522 0.998259031022008 0.331815049393383 0.631736512953474 0.487718046826424 0.967957330888809 0.671646323827515
0.193686682308183 0.275307341439556 0.0256706817972224 0.556787179102396 0.91126785779396 0.00685253600815783 0.16884361359524 0.2491175113551 0.00980618606432878 0.524196628514027
0.78039666591969 0.785447712379226 0.175431493390774 0.934245633039662 0.993053800067411 0.188369368660877 0.498772570396944 0.321933871897865 0.37259074086768 0.463342796668577
0.881307573047415 0.297825814839937 0.383891063826452 0.615077197286755 0.996731129670548 0.225026930649607 0.467034432787238 0.468005536825204 0.880858640424614 0.632931035873352
0.491828617922358 0.346569084038693 0.11635528415961 0.751300583604558 0.96723443320911 0.0497888636396146 0.389623338218644 0.299707493822232 0.372332715187977 0.537929076693201
0.974633188795459 0.196664574487404 0.41926110235038 0.856114041331887 0.998395903251831 0.283483274884537 0.521978069445093 0.510644410108913 0.99404603109588 0.527690167586493
0.919042113121127 0.494917903885498 0.123937320002873 0.755167813122219 0.992212488995442 0.133672138718837 0.46497355222272 0.422744729140082 0.780147689030934 0.5574938056843
0.982375008487433 0.655746358217242 0.149466151483272 0.905815261596536 0.997022814860093 0.262992264465494 0.53373919891416 0.357209442728601 0.981277846822205 0.614605329400978
0.246943320792389 0.813613201401494 0.155754560699174 0.639777923525946 0.966476719840492 0.0461076934184822 0.44355646183225 0.26675623374932 0.43427298574496 0.544687560214681
0.661164568506712 0.365855403944748 0.398747300455362 0.792727121072818 0.998423145852403 0.329217479185398 0.673994297889904 0.592421669866533 0.979187721458655 0.553486713198377
0.218659777189994 0.794706165053094 0.122743082253562 0.696936575783768 0.972465294878853 0.0519126018154278 0.324326740257033 0.238369111356922 0.105942077124551 0.470938681691853
0.734439817083102 0.401495550333642 0.083494541566954 0.672310407108075 0.961106013826028 0.0262192426230794 0.295645417302536 0.240051888667318 0.0299725558957002 0.438900838864891
0.964229230349739 0.970477139172273 0.137001500595407 0.956111974825002 0.999871284127488 0.874356744334898 0.88270349539181 0.622002034560361 0.999063328887608 0.815592062478847
0.114099620801752 0.719243025318786 0.46956993813578 0.980323965433799 0.997445273445929 0.142396505139686 0.623121119952602 0.484471746360411 0.804126977231798 0.728584598222256
0.410285563562172 0.87181219054168 0.313587206929727 0.974710250609797 0.999064115546314 0.578468570279134 0.540558384903668 0.374563575665608 0.928547435128982 0.683563243684282
0.650191444028184 0.260928818331045 0.148949666193421 0.664293307708466 0.995828872520653 0.0881588296227219 0.532487689176487 0.393861478969555 0.899923872144572 0.573370138290021
0.269442649141502 0.0483585830773817 0.030716803209215 0.518227053983532 0.883863662039722 0.00792846591205297 0.225152907261065 0.283760741951145 0.414488172465329 0.503831688177852
0.929315269714808 0.846554514752424 0.231458393511828 0.854493646809055 0.997472159712244 0.197961520201806 0.60797788938618 0.41833685988399 0.922520346156991 0.66846745555654
0.639476253481169 0.583595819629721 0.159630333733208 0.697946257200691 0.995176773112109 0.0855335978718528 0.627314559829411 0.292903730464895 0.325368604984287 0.644670222252078
0.495969206250723 0.65000471388347 0.1580008853357 0.793452545688488 0.986859663770185 0.0700510428532428 0.554950149728198 0.356338346653438 0.176585702969054 0.586256166015413
0.840172221973284 0.536444642630697 0.172026782874846 0.868210351206894 0.990575843164502 0.101496583235062 0.535293173735987 0.35528519895676 0.879854889077441 0.619987775390745
0.837400547681133 0.646093557323906 0.313993346858769 0.942810783575182 0.993491540189215 0.408225840999519 0.477505567802973 0.442412802421408 0.954609793616952 0.64726871439322
0.279735752839918 0.220792617113841 0.0553996249669103 0.735200868667998 0.958946902279013 0.0525030921205435 0.34652817354009 0.391183482177651 0.409054891967358 0.606347113345232
0.130285501583313 0.0436976823937082 0.0701338012481948 0.372835946210783 0.922731158104429 0.0117950075517191 0.235156397324853 0.182396243245171 0.0446649254952072 0.412976367560028
0.24101894371648 0.872916118210792 0.0855840856545986 0.0880325652065933 0.93400766525026 0.023368693297599 0.357791512293741 0.253199770177842 0.0244573200554579 0.447486709852104
0.761979145592151 0.891377304542262 0.0507413616811507 0.872422002750485 0.992869492678405 0.0206468175319968 0.465868841103169 0.383887848829064 0.464550009672913 0.553301949731108
0.362037266549113 0.366574630333877 0.0843129433707437 0.508320390397077 0.992772686623073 0.0297455736921383 0.4360746024555 0.303002030091034 0.505909316358163 0.555865102715428
0.149521022502534 0.852320693262524 0.13530485652222 0.741059296366366 0.957217736849554 0.188314463496295 0.373693834653686 0.279991575516038 0.463047933450364 0.524036559586746
0.470827405001497 0.266553124635617 0.14101359167478 0.835624718761276 0.963751007035952 0.0621697037279726 0.374297438809496 0.296165504797002 0.103589648438893 0.57997882126017
0.520964418835459 0.930303812028607 0.230758514862146 0.774103057346495 0.936994992948882 0.0136532609157244 0.376867158958189 0.367456015510559 0.302705451034722 0.624080931239146
0.785418244126074 0.15091604058715 0.161399100135916 0.664557157667867 0.895895135197144 0.0722831436362518 0.367860836488262 0.260394115686084 0.279476660942143 0.451313571735275
0.84263910524955 0.664792467264069 0.147433958276657 0.822261811488804 0.947427781178231 0.109138909696817 0.464043075714946 0.366799433514462 0.470305366146652 0.391723774259044
0.792157037644336 0.436577874660651 0.199052959672906 0.90514704248568 0.987266494250327 0.089272910610923 0.473492974453618 0.312783918737945 0.53153045795054 0.615766685332198
0.19781319032874 0.675983389921066 0.0667147643250789 0.463399647109392 0.971184264347852 0.0331053860289227 0.263829553577567 0.26456900035987 0.382241467897734 0.527140776588281
0.503268725520831 0.867491505982341 0.150431933536186 0.566886519295911 0.986812711927753 0.0512929564831704 0.441872675443672 0.357855100684194 0.713738387799622 0.590107345485748
0.723546784877071 0.25933968187582 0.321573242735955 0.870940161760609 0.982624349829845 0.0532530019428382 0.455851721976768 0.275242518742381 0.858843165587879 0.552982043343393
0.471420576221956 0.914431016820866 0.0740149723593796 0.491226599855556 0.989173586619081 0.0327222534163468 0.282558579242821 0.23948906191516 0.63124254807116 0.479730151172287
0.964574471060681 0.872649620283898 0.267819577723731 0.961546439502652 0.996620417618121 0.211498948710475 0.617258432899806 0.389948694926242 0.967371579418673 0.625915804708605
0.0857604798834579 0.147704449078737 0.272204297711377 0.353303615807303 0.733113026777088 0.00328252964278037 0.256885816870585 0.21946308169791 0.0033843973443539 0.411087102333738
0.174001127228023 0.586010721437405 0.102564365260736 0.913115294691173 0.904133573264521 0.0321784758660504 0.312982864365615 0.365716711577525 0.434454467717383 0.439123252130906
0.13363845646138 0.378635423779372 0.0802204025054468 0.485428339077754 0.880213461359283 0.0328678263873829 0.357502872114609 0.428771357498221 0.0909731799133243 0.486776813449435
0.0855451966445688 0.613249971626228 0.0689263364267601 0.665550255260915 0.986117768128911 0.0321536537934073 0.347646082397201 0.3626930039123 0.138330497380789 0.567977484106014
0.0635678304231705 0.573800536131475 0.325128051658768 0.733095968743969 0.980324978242596 0.101583895795284 0.377570313431146 0.275448994226156 0.558159130662171 0.593272512209524
0.226184411627967 0.722387383822545 0.452218270069146 0.818445365727799 0.996244144561046 0.160747180985535 0.405980393541301 0.39350700051808 0.513743883685975 0.641766754111684
0.925503741130646 0.843740311906908 0.202889570286974 0.966378469121555 0.994767569138359 0.274086021778495 0.632630419642502 0.466475378301801 0.97485899510151 0.691884440079261
0.55901299884823 0.839561486479611 0.151532534898622 0.877528108497538 0.978122049432094 0.0456387464233799 0.392053836875709 0.267009660748651 0.0764439965628589 0.55600911070029
0.0144486323670588 0.0458909116934786 0.0365826330842876 0.647131591655454 0.893040743865623 0.0477947030811999 0.325113335030169 0.356281881241695 0.238750552179794 0.527983276973279
0.196893530523718 0.794881621687822 0.193660136822387 0.714928127802863 0.968387895635045 0.0243647554124965 0.242838084384148 0.320658992193717 0.189949976527661 0.454652194390692
0.44506063588719 0.327724616045476 0.172982078888034 0.468442571946113 0.974738660896938 0.0254812209065391 0.400340261437218 0.350204584730792 0.274011567870194 0.499428620548402
0.551952864331442 0.396354308172985 0.113376702891638 0.745734649076153 0.994648005516231 0.110435062738866 0.483698869705773 0.446874623961716 0.921581517425393 0.526965443979011
0.670712273805578 0.669388266973383 0.477052204705397 0.909379144634947 0.986932341669161 0.192493758772901 0.580581593710498 0.39619079766012 0.903592299537591 0.72171646041957
0.865066398007949 0.88505574779068 0.252139212109093 0.479006932882647 0.99373997108869 0.255859790058226 0.469170486512191 0.390636422045337 0.630119871736715 0.656463208119507
0.0526119212067921 0.0902388857337452 0.101365740897963 0.689105333749626 0.964665213770135 0.0216788750284095 0.310529964186063 0.272131759059974 0.167370933383356 0.416270958180534
0.209404585806684 0.0741042302596176 0.151424448702571 0.666886992629596 0.856083169731573 0.024721143972842 0.350607982212405 0.245943161398796 0.190140026421654 0.398452498148936
0.897328233453823 0.276914122135852 0.153102143646652 0.984670476661109 0.994527950448682 0.0566514682486181 0.697237361424396 0.494606910336009 0.959695263332713 0.688110072268181
0.42744802437389 0.542216007666707 0.0971020883442536 0.929231924809829 0.98447892464287 0.0559739274515554 0.412939480664135 0.340964693099249 0.079740774169802 0.588238885507397
0.87779133700606 0.784272272689591 0.112710964484184 0.72142466159078 0.961209528077413 0.0394293780417654 0.459047789860334 0.386827762371204 0.395704143736126 0.500467927973902
0.476865461974949 0.124882809484845 0.260056136526011 0.887639976659996 0.96888115045491 0.0303344930762944 0.373400165277323 0.269469342970594 0.468639698094057 0.530291822308585
0.135516834793047 0.461527045299365 0.0987553485734193 0.840363576010871 0.934118628624378 0.030756684419069 0.347098268849387 0.236877936080431 0.299852595646699 0.462576792276111
0.921746585782085 0.927766616637444 0.104670698790308 0.947355049813275 0.998963815408212 0.304280181429222 0.747991955260181 0.36381201979441 0.992331025424086 0.687026937999087
0.0620280167201748 0.408764292363302 0.199289513512559 0.860768479381894 0.856965728318189 0.0229209606881339 0.268665069201672 0.341363270118563 0.325206415017498 0.458888554140838
0.98223851647077 0.882472210221597 0.571982669173353 0.946541118248556 0.998852874222028 0.782129085477268 0.733857219410436 0.501272627181224 0.986387408371106 0.775105855446562
0.227693623764148 0.00865355324027359 0.0819550981661629 0.552810779144076 0.959267437477347 0.0112317332621562 0.365030369368947 0.316354233641635 0.159400761869644 0.511009376726047
0.848987194536659 0.061676342632851 0.21604782735205 0.868848692848297 0.99451417513112 0.203688151742646 0.546100703492766 0.420049586686263 0.858274000206595 0.718543683761867
0.476833399546619 0.321637671570072 0.049965489065088 0.569621891072353 0.998796153129381 0.457872708475701 0.596229657072338 0.473815139516753 0.940398163995725 0.597410778285234
0.708823607217242 0.688701311907334 0.277059471448587 0.820499704930251 0.99493992173337 0.223110147391466 0.580562884194133 0.361733417544456 0.985029039949029 0.58189165584591
0.390091180774013 0.958457312217272 0.0920579220369103 0.310719073909415 0.941167990655668 0.042716777899226 0.390911722896332 0.360112642968096 0.413246649819567 0.527422690355845
0.645355737934671 0.244207745844803 0.127181974750264 0.897563010863195 0.980351938422921 0.14809940382145 0.413113866102743 0.426574261541155 0.60057818214819 0.51722038390374
0.225728497417444 0.25940099932215 0.127264039777777 0.529155457720172 0.873353794158509 0.00419061201226816 0.172098363227685 0.277683932912554 0.00135194283877443 0.442532014504323
0.653471523417135 0.568802839869058 0.387473072467496 0.800724512510531 0.971343303154806 0.0891951643745969 0.441230968981378 0.348150741919549 0.46484014565214 0.477069420385667
0.73794000258979 0.131297076524367 0.179251853464773 0.745445795957445 0.99315393501554 0.193022957012465 0.675965625477072 0.516491515202919 0.528638552687004 0.636712701601879
0.230459038397426 0.097118151023454 0.2190770435825 0.215950887847908 0.574221190636099 0.00890943790361334 0.213985256567032 0.255441632282084 0.1701186004583 0.490197394484896
0.98034064278029 0.993355048470913 0.732029882892567 0.998324589478513 0.999919329033243 0.641776253474471 0.850160278338328 0.577079113120414 0.999823759818961 0.780595794794234
0.658628876469095 0.624961224647444 0.369794407827914 0.948037318495267 0.998810561803161 0.286984773044722 0.547200142043651 0.39724213663437 0.507282811606093 0.680410393321216
0.880147307006106 0.970724593184253 0.123892234607237 0.856711711707128 0.996571424015913 0.297311376439686 0.602327497512098 0.451565445401902 0.918493888498104 0.539717571736249
0.231478700499246 0.816248395880313 0.120106368223767 0.938103143887791 0.994502193585506 0.0459631700156209 0.435789468444711 0.360945129579389 0.44976469696212 0.564681156885297
0.241017375002301 0.830399848867869 0.144412758996969 0.621296495935073 0.989175395833345 0.049285587730368 0.409163245306964 0.380266938289353 0.833861403093796 0.578177125210867
0.810683095439456 0.940099137043953 0.195368454515119 0.955706334366775 0.994462659654697 0.122110857005253 0.737763190729445 0.492325045053911 0.797461816633854 0.704472239252632
0.232023611698638 0.588635221251125 0.174247075283982 0.667717483865042 0.804778530948739 0.0424055661229515 0.226061554228166 0.283433767798508 0.0483254632793017 0.514962325849737
0.854560669384256 0.347753107876638 0.0980876550335783 0.271521883901145 0.967939128808763 0.121542569051728 0.346880878065877 0.209706701770404 0.169473544993912 0.617263651499288
0.547233576180786 0.405279138933396 0.0312234985137944 0.574392893425531 0.900993143666368 0.0187953540648682 0.302955160769826 0.228680962188389 0.00769920277396116 0.399069626886867
0.466711462505579 0.830678507241767 0.072964198003846 0.763385944080918 0.893586014857241 0.0382202481840449 0.260835708369422 0.287882664385169 0.253469288318367 0.564028638257923
0.229873397090618 0.413561871906006 0.23011555393263 0.849838679545313 0.947186377061431 0.0484534955693697 0.40219736209799 0.412624398387876 0.722664591060012 0.604607412278353
0.0542318369936778 0.77998848045554 0.0210970309624991 0.842848471728501 0.875903248715435 0.0122487828265973 0.270965624585112 0.262138809455727 0.0263764425974342 0.440948743303442
0.237350721491286 0.276927958815118 0.136365650715653 0.680677938530192 0.954211282708086 0.0434931960679949 0.396224113498907 0.32375514851298 0.266485108442769 0.450446182184581
0.920973860149348 0.0724063192579931 0.550349161466227 0.948678345104137 0.998121390375799 0.293882143561751 0.501373804521134 0.3769328905484 0.56290666605001 0.667657957332005
0.676910025669238 0.326659132135381 0.091195860351134 0.924603514419696 0.992550764061744 0.126162749652955 0.442637526045298 0.342462834884539 0.516328254407032 0.553599588277014
0.167392510880252 0.225505173783265 0.0553863324426698 0.780096369884312 0.881477447520168 0.0279644028732591 0.316130329534587 0.289331110689946 0.0294021676301123 0.572817146281156
0.590926393385751 0.512052337517509 0.208246501976822 0.564381768313237 0.947294678827807 0.0531796109359529 0.307968027946402 0.3193860881849 0.447957003142179 0.454720846335983
0.235399019235406 0.372964820074836 0.335025766153451 0.580932192848088 0.975530608064285 0.22609711981509 0.407999349459533 0.370541106643285 0.349571729578315 0.528242390125216
0.141181018081834 0.157621325426002 0.0616814258441006 0.951138209093613 0.94052864658433 0.0209153861101127 0.294192238261151 0.247721790609707 0.700255433439226 0.563141944364753
0.722714434848195 0.572331435556873 0.0687479162668465 0.920755613133755 0.993879923326627 0.166854386606882 0.46597124272915 0.48358201239161 0.832305574362718 0.623170859703738
0.888728676489236 0.878227585542343 0.347927986733365 0.912731370369156 0.999223204231945 0.286433852915585 0.699690733121912 0.546976955492508 0.997238145646644 0.68450843137672
0.643884735400084 0.541596475590894 0.357376648967797 0.874929430479553 0.990800247967491 0.409500658083337 0.590641637039726 0.28976139616078 0.762016339262691 0.501063577862344
0.499273517336535 0.697056419529724 0.158541158968617 0.480158986271675 0.967468793517385 0.0654067730358605 0.412179295875208 0.306307781440306 0.463438596156645 0.533011977786006
0.460876389865813 0.717621332259548 0.539380613096787 0.676200869368846 0.971696012810973 0.0360825702718838 0.448378885988719 0.342842789820088 0.11982877042794 0.450702917172445
0.25017582253588 0.743805580267701 0.326127702259207 0.757079823464843 0.965202905032231 0.141657276671072 0.346237102329648 0.335871197055159 0.91950641450592 0.639702914302498
0.0919709905175448 0.0228327180537568 0.136776600223653 0.707718089198421 0.941193416818934 0.036468123952906 0.33526437475317 0.306279575947903 0.0235995227130141 0.555168435222238
0.934021698261843 0.512410490789206 0.380617221932201 0.890489063378496 0.998877337087474 0.221545798177735 0.603712623412079 0.320488654538282 0.964266093020184 0.609086870768659
0.871727467184147 0.868560156759481 0.360250475633308 0.921209998657949 0.996923082041071 0.217595239825665 0.687276165759204 0.448938126051038 0.894790530762636 0.555646369735918
0.175475762641583 0.130957307208554 0.048110209621945 0.32643889581681 0.802511079550252 0.0479174833935548 0.502433480536492 0.290009846085411 0.166985125834741 0.573314886082943
0.658519535625968 0.421478939842265 0.146004927542752 0.673940841629942 0.986559785043942 0.0187171021800378 0.368853760549721 0.300964024654667 0.3001875532612 0.581824074449984
0.433897943474335 0.874512993267794 0.170600426033926 0.879699681352138 0.991082812325925 0.180899237779848 0.555849518870301 0.378746953222198 0.869545897111017 0.713322783116131
0.384077760216967 0.301413251281082 0.0289452008351534 0.156270199958677 0.913994048890942 0.00896767081656699 0.241161343894521 0.310209089189409 0.0744989748151697 0.611321331583147
0.708230724301589 0.888915857543448 0.480783268768306 0.914231398301734 0.997873787847157 0.401888764980898 0.630351344067938 0.401907984168158 0.976975284238717 0.714112896681436
0.121567438630984 0.436722396729319 0.0652319343491691 0.815755602342973 0.818798367662535 0.0683273419190764 0.243197561514292 0.313989857870203 0.0489829552385007 0.538319529392091
0.911132802913666 0.881201568706646 0.12418187654246 0.759408800674267 0.979799678586579 0.228848795963009 0.648248421292615 0.385405810787777 0.350979871762502 0.582559672660831
0.546386915138947 0.148146455660703 0.0688160851743956 0.85886137333425 0.978357835750684 0.107369217261141 0.540589889817977 0.480036136187887 0.8828954013705 0.528898868240174
0.687065732832826 0.765652179866819 0.075616665666333 0.870872587536518 0.987492154812555 0.0370996192557658 0.380885619018616 0.322446214864062 0.262747914146507 0.432065947065829
0.22339252722292 0.774773753263038 0.174920307603259 0.739474925237824 0.956005595091609 0.0299649716071107 0.376053856049136 0.306670452442412 0.621527635302847 0.53433777717243
0.885452137398853 0.342151287830643 0.142601068426549 0.960712814929181 0.992050441674952 0.11581774392708 0.559795792970431 0.342552855939404 0.93638037578958 0.648851916954428
0.905031525009915 0.981085217564409 0.201713943359251 0.88779666868105 0.994950612009954 0.352143168793083 0.589413261392881 0.463030739879143 0.865380241053183 0.667403812586239
0.31198120096484 0.155544906058694 0.196083216428336 0.648104910253195 0.979208835901781 0.183516222860994 0.555578872510108 0.369294760657136 0.892909137371693 0.478884868034407
0.670731171239926 0.269344313061514 0.0598962875196497 0.673349867596424 0.974838130519463 0.0325857267785177 0.312364797348078 0.288751788398907 0.0966683086574233 0.550094383784973
0.38103109937303 0.744420433528353 0.162467538101063 0.800419069467071 0.98102902198493 0.055148566086835 0.36435016958664 0.297976235991252 0.695648017616669 0.528221549612454
0.879773675480975 0.979734477047219 0.279839919070503 0.969530117512291 0.99947585721372 0.593929279291874 0.719456213111276 0.53889639465215 0.993815905836532 0.654322315509009
0.494831893974985 0.923604458743457 0.0855181898759911 0.86387414950227 0.980991946885278 0.0539007444902249 0.24070733350835 0.340681279835799 0.797115611938259 0.580820908081139
0.284581874301195 0.390390684021293 0.187266514845387 0.679387376800126 0.854817206452269 0.0157649924895887 0.28527358444095 0.304490813125281 0.290668299407182 0.449530430218812
0.75915456736522 0.562858406356822 0.24285464521359 0.939515491356289 0.985422503943145 0.13125263048008 0.589347837466573 0.373779848416307 0.325416388229063 0.568154707349034
0.0488785209990552 0.135460877462913 0.292745711318465 0.220381648986945 0.809676236324343 0.00661635406865278 0.185697161900555 0.214603363779443 0.0602984785169121 0.425973399905062
0.638766376596301 0.254273149102608 0.0498130688618049 0.831703719318464 0.996312657846325 0.0357850378223981 0.316718273864236 0.296523365556287 0.336020663295488 0.51575101242842
0.3099549179583 0.60815471656744 0.312613406749768 0.827263579342159 0.960003112010613 0.0483558554058346 0.577109779372597 0.285986634638711 0.919071272589848 0.494854532815057
0.500487029502394 0.730215104543284 0.106882810190675 0.723832026582336 0.995442782382934 0.247878569763638 0.49559656539023 0.472910703896923 0.97915570964892 0.629270271779822
0.123408878814773 0.173733626938789 0.308362032640702 0.765691785844101 0.993310208263195 0.0494685494641101 0.335990348857791 0.349030239233521 0.209526095427615 0.526851228778976
0.0567854326068992 0.406391761881139 0.103646881761618 0.336299400036597 0.933644109838053 0.0144480813586704 0.276508658132962 0.21604072198358 0.0349428702816454 0.482468010979043
0.517943546918968 0.654827648412657 0.30523787714879 0.844457596612518 0.994672305185847 0.183368988545719 0.462090221062949 0.467436739722125 0.424784440234837 0.590441366377133
0.354071352050093 0.80008914234423 0.189984545516273 0.204216178278267 0.882447866565041 0.0148430028773356 0.306451404452515 0.286514905434915 0.111132241733204 0.541753993273521
0.409881597693983 0.250348579546771 0.114275543064398 0.881582961900919 0.995137001576901 0.125357750506689 0.562392749738217 0.515681437659155 0.906661494413846 0.492323436171074
0.900394544308816 0.81230227381179 0.385529093456631 0.976660136799525 0.999640523470678 0.485770378166981 0.777497137014863 0.482194022820768 0.999783373737401 0.745706492291291
0.879803549734145 0.716483831734806 0.248236344804338 0.901261779810021 0.994402198458797 0.131863932391619 0.613111432443702 0.354468871906579 0.960135497190847 0.616619300720527
0.677152609077773 0.966073590713498 0.103452887587372 0.733762043403912 0.966306137678651 0.106857333433426 0.422988829834979 0.323279488692829 0.201710487747095 0.553151951948022
0.330329235727336 0.817356111041973 0.185162291813204 0.774946194667651 0.982660804024258 0.0959245305786682 0.266876082861818 0.331196574729049 0.525453330504181 0.585040915600184
0.244217991469444 0.316274000076521 0.0564719253630272 0.404075229319951 0.798064816171185 0.0186758695401046 0.256122338597932 0.246511541421134 0.0208382625883373 0.497971921496663
0.462985916578476 0.277016122807142 0.209752790331147 0.754820457097613 0.771319427419706 0.0123723297807334 0.350629353727229 0.337305555772424 0.055163961539586 0.43206201903438
0.48204554546014 0.196596628582779 0.179896406577372 0.77303418072828 0.928853541512044 0.0262787637137381 0.420649348869732 0.263456208240444 0.226471215788211 0.483616788219795
0.0259511085426072 0.133548567231701 0.0352842611192921 0.170368837667061 0.574997607817585 0.00465538061738895 0.158587679411693 0.218971698840438 0.00449798661816679 0.334937007542552
0.874484601326117 0.1480770334199 0.241669689909779 0.310209498653935 0.913412758087348 0.150735759217876 0.330027476800653 0.396037256466625 0.824430926954246 0.565562606895583
0.219227897511269 0.171329482054683 0.197448391543543 0.916591738296584 0.992259776763824 0.119999525568049 0.401510003354217 0.286081655411566 0.721659269444914 0.443827924454202
0.962164017726504 0.426236399879452 0.278518220981919 0.986328115829637 0.998199187248967 0.143046229521513 0.687721388711418 0.4409812882358 0.884598825283707 0.676466611985609
0.107089533039671 0.106111011340628 0.0608679535417865 0.65451364600299 0.302837404231469 0.00347861781482691 0.098711879545998 0.16111142141024 0.000608032809712218 0.427032424349329
0.634577234325232 0.935001397670867 0.153291208534465 0.879419914509085 0.998911138645152 0.339235104994623 0.639355854156228 0.443749004051087 0.93783873440661 0.595160803605835
0.428882074758408 0.453974237976328 0.337794408555066 0.834168039220899 0.993193042710177 0.0837760459829569 0.480204307859909 0.32122604710978 0.878693310467014 0.535172191326119
0.679132772364804 0.878430800106524 0.0438154428598827 0.945999650004988 0.989303601121553 0.06081676063434 0.481116580358348 0.381585124547254 0.522052916748405 0.639518837557201
0.54374421770429 0.536661743970837 0.163978926566938 0.488599729010413 0.984859591194287 0.0521088345262322 0.463011118428727 0.329134499387855 0.0984853392295793 0.580119353487068
0.491916315461296 0.391696383797455 0.0576986334863071 0.955840953483856 0.997892389150186 0.348558765786146 0.652172999490846 0.45163598056494 0.864708894171935 0.667724990006727
0.175752089176053 0.246965756944369 0.200126968844814 0.439124622830622 0.852773592524188 0.0181060952417741 0.246131252828237 0.207895569281971 0.0297357527094406 0.397545204395099
0.65774001863577 0.774727743109382 0.36663585697051 0.939247584764741 0.998663971865015 0.398115700686462 0.73022500916299 0.487657586014903 0.979041905897738 0.719624141696996
0.281954612147424 0.168960075698053 0.169051940045641 0.450263247089979 0.960084163873327 0.0502508278328105 0.349430171022071 0.360195799774948 0.262248559482214 0.511780658720065
0.0299487390215127 0.191584060064454 0.113145966870773 0.446649655847949 0.633365101395666 0.00748462169361441 0.208998015909901 0.249209945640362 0.00311446116979455 0.471177184921966
0.0806051693416036 0.456817784919445 0.21681184230583 0.438617207192756 0.766429811685486 0.0168098017178959 0.217575138894257 0.198983485970492 0.14110126891853 0.358389900379689
0.113999053810618 0.124267714571887 0.0386287115645547 0.370753450637528 0.922929203610315 0.01627306067288 0.174904008528085 0.296291023769641 0.0168763437933922 0.479317897873693
0.88056180501599 0.91862671835984 0.30106392932764 0.697056546475416 0.991431593160224 0.14978309170726 0.646778999398231 0.304931899616667 0.408846576139088 0.710297227008395
0.162018270901785 0.367764683734381 0.0560211610346616 0.848119708409815 0.970410635017991 0.0227923454637325 0.396768274159725 0.310557700503617 0.210439121172363 0.37104475134479
0.233434218196488 0.533274615953353 0.175011148174163 0.49876589448582 0.986189854697305 0.0672239823806758 0.277957544154851 0.358715012166824 0.401387517594108 0.562245711111898
0.293807234044175 0.874490046769341 0.119247519780996 0.671723444799195 0.904612746145119 0.0168587968557464 0.274636137043022 0.356504478142415 0.161619830099635 0.430893575659605
0.805529561254863 0.0144298965146324 0.464352881549943 0.86676554309929 0.997896222635916 0.0790563236858236 0.467605612732291 0.359022045249367 0.49817500818904 0.655389945161128
0.498202269906441 0.248478847100108 0.249744935494206 0.914302706235507 0.994642929398182 0.287054881944271 0.692047954622507 0.336553084722026 0.910724509484801 0.728010963562675
0.700233521445697 0.325392647136417 0.0800858683181665 0.449964026139938 0.98898907604672 0.0316580524573678 0.472018517574486 0.394862929554528 0.776103191742179 0.566549789011137
0.590127646235318 0.0763327119979233 0.176160111584903 0.930624571711384 0.98863312182139 0.18327635681858 0.613769102209305 0.432246192601887 0.918099327700575 0.60175225203546
0.770351928696395 0.430818115816446 0.333550350258552 0.898083544798634 0.965395890568344 0.0631214642039618 0.520515487070258 0.331832391230789 0.874368184997106 0.590020195007185
0.886947091491852 0.670069789642624 0.319697028259976 0.922287068828955 0.998973356263442 0.598025225180142 0.757388994735735 0.63664689361566 0.996406271242376 0.749272819740326
0.920750000117189 0.81038125865703 0.211351472938265 0.936219142251996 0.99005627398838 0.0856766640338144 0.606852185669692 0.323050833969934 0.852594700762713 0.571746319499931
0.983331962112048 0.791438586481057 0.30787585276315 0.923266801949426 0.996448935126287 0.176883849422026 0.654647917374028 0.548245928155632 0.890376222842363 0.535155721892573
0.612832476100354 0.814062994651216 0.084365544343254 0.735161959164251 0.976775189113418 0.093527543794752 0.493375396118056 0.323872966635069 0.481464696772909 0.589776470968584
0.508490561412931 0.0917063216221671 0.245751216466533 0.870964516318862 0.983047276592519 0.0592856169119647 0.440675027206579 0.309394583951087 0.455770263340599 0.450258450121848
0.964395000427665 0.0940822015435999 0.465104310464556 0.974825009531027 0.999876581076376 0.532028447500909 0.810223785750148 0.697680600346654 0.99790257195944 0.741290116153715
0.158498580193211 0.229659674524102 0.0787748770967961 0.496685860941623 0.967897953619917 0.0153223447276533 0.316440931409339 0.231813967141001 0.31445734646535 0.411654990326261
0.449130895873647 0.535414750304811 0.154019852343993 0.330566380151649 0.938112522237308 0.0443421751913004 0.342205311801841 0.347365906261955 0.28074463517783 0.621334903907791
0.437018498938396 0.363842741773803 0.132049903598154 0.888281125688268 0.994415761213843 0.127792658257845 0.503390063366761 0.278882309072248 0.849081725045351 0.489190640342154
0.523490294006359 0.736057678828622 0.475362083499592 0.922718172610076 0.993726781376151 0.0692316028420389 0.544413188633404 0.381544884579352 0.951459310537173 0.581346934240198
0.145339263982255 0.277905309268852 0.0740729972615194 0.626334570767062 0.974439431978753 0.0170970955361743 0.223410214230373 0.353949844530948 0.0558087950979247 0.540862123023549
0.136212028625624 0.713637924295176 0.195255548040415 0.736488022146965 0.978817341503199 0.0257376614613244 0.375523234115124 0.28639199445267 0.186448310586254 0.436748628719464
0.824349464271166 0.187792192647845 0.442559097703218 0.794297343799269 0.995085143642575 0.149399142310055 0.744821635681188 0.404690618041093 0.941256593942802 0.565756692220063
0.604180604191655 0.893761989329232 0.122925020815681 0.914622265069006 0.991114357894258 0.147144690281932 0.504482179291265 0.349836952523443 0.669612567879154 0.638527975915509
0.367104752780184 0.446246124719562 0.32813245921317 0.854294784988457 0.983906054439525 0.0483252308311332 0.492377628999917 0.362466828524303 0.146456932110802 0.667726240090072
0.394279319591485 0.370575572028953 0.244867227616178 0.890804531628009 0.99348919997102 0.209900248564003 0.617689671654143 0.384152487913653 0.992586859934296 0.637220820593621
0.236415957699149 0.0801383008337895 0.193498295783301 0.655708497168445 0.859223088004364 0.0131621506112553 0.393081409700079 0.29423462291521 0.0371098127225214 0.515582765972707
0.737643000149886 0.0633902038053685 0.166861547919613 0.705904490760649 0.98409105248132 0.0171436742766802 0.36601191774283 0.270546114022824 0.729129608398238 0.531163035084384
0.480099687740234 0.0833825934325633 0.0131121183291216 0.619002193658944 0.802892642284008 0.00884188808561492 0.176135556256153 0.284009646202047 0.0218502094549499 0.406349371159491
0.333769796572804 0.92844648249173 0.0485948406855151 0.637598486297815 0.99178445236667 0.0268838322862331 0.419564617738418 0.364740216591067 0.343273891132367 0.48675801038991
0.936442565246525 0.848309849611387 0.356250609937549 0.906792410341638 0.998978374036283 0.544358125106369 0.730100082096163 0.540656681191868 0.998094418561672 0.720491333471358
0.996520164901582 0.760676821011352 0.513749665826203 0.993144317792952 0.999691554036645 0.686995731846674 0.874696458121323 0.682174812758502 0.999924905594504 0.618894846712454
0.673609834629586 0.711988440034925 0.0886864892110053 0.4567289434348 0.897054111182641 0.0147814173143389 0.404074448576696 0.298751065727197 0.0836515510026218 0.453892012001893
0.511147990531122 0.896785372929632 0.447678319336162 0.394787472898561 0.815697269592803 0.0913803157099658 0.390740106166976 0.270137202534836 0.497893718857865 0.559852581324988
0.868074293381232 0.364141002719648 0.457466829405997 0.956561059119159 0.998018005152777 0.127371589011957 0.593496690349077 0.383604420703536 0.917805828831313 0.520489294293656
0.40359689777313 0.659809001051867 0.0795722699932316 0.221250027735499 0.963273259578132 0.00762652361771828 0.277681885580349 0.241468755715245 0.0846574095237496 0.464739891193003
0.677079087106565 0.454293884386002 0.16185981678576 0.891474468070177 0.979054669057169 0.0965587674140417 0.539451812555259 0.438756934294429 0.872236264161061 0.57855090912925
0.540471805419117 0.909851578527633 0.105985333743522 0.610686064942813 0.996152764689606 0.173193255054925 0.540236712629417 0.415846578002829 0.765788380034513 0.694421719082277
0.851954920610483 0.0651117049860734 0.135193125995987 0.932674321945277 0.976583078736635 0.0906725963232042 0.466006146551326 0.287050730488529 0.0860964054017031 0.47673222284315
0.586421439031218 0.848940474906499 0.0654386297215383 0.955890519759776 0.980909065898229 0.358842349418179 0.512589147698414 0.371713733938814 0.840693925068567 0.666327464745867
0.594885479836424 0.664033268755567 0.18952294836986 0.980766817038321 0.991719185548973 0.16037477065783 0.625249118843735 0.416020257719422 0.881070397050485 0.53105045811782
0.443413822320034 0.167099491551641 0.130750442481766 0.724389750993951 0.956352544578898 0.0427467911954857 0.430014172768516 0.352998341277973 0.177592411329541 0.560867827546402
0.385899958284734 0.181833806914985 0.118017422742591 0.667201314903256 0.972341542423029 0.111598925198906 0.490075673108589 0.334598676017447 0.482265424586118 0.499499275514782
0.990789386609731 0.945249399291457 0.26920988977332 0.957949433253255 0.999068616146535 0.511388598401151 0.62710051435522 0.469136699859607 0.984519583727972 0.716029821017914
0.382506403526454 0.19906672558816 0.0719349257054559 0.840478574307591 0.89420894460594 0.0293786377103581 0.305527867877015 0.36086533431379 0.233058004562314 0.521187423588116
0.758045623032085 0.674085756186314 0.286234198945434 0.696753494027658 0.971497417776293 0.0785278439382633 0.438008077722869 0.361578821246002 0.0617171394012114 0.505360724075088
