0.221680482675623 0.600947810845991 0.521040573280032 0.593732583788265 0.279296092164609 0.466768492382718 0.0268983106178868 0.660242621018971 0.581271683084025 0.499423387766374 0.81582268961329 0.99575244822304 0.356749565541042 0.209210084348443 0.78588049173926 0.74066225509294 0.516145884240353 0.696365696647402 0.203205926700427 0.999792335089578
0.646034459630993 0.698802443784066 0.894836684753483 0.781934743087469 0.930526379955268 0.281559102433042 0.502028184147764 0.669489312072771 0.958641052341951 0.857735066651671 0.706894926965888 0.983350633060624 0.725097236738813 0.133131255922858 0.965710162963793 0.960569339213687 0.459666652281138 0.750120809907009 0.087144811757975 0.806747432484076
0.161910378082151 0.564196248599867 0.595395302356971 0.705390277588926 0.417756899472427 0.26662936330759 0.380450416352742 0.0779295397287243 0.167608693645084 0.193933071954266 0.0222050509153812 0.315289251132077 0.0827114064784581 0.0297501127708764 0.327574031484977 0.0724333155035072 0.263632379381974 0.45126943154526 0.01342257568833 2.48756578425342e-06
0.25183248813885 0.713018022071499 0.256297803475881 0.6852114658406 0.535094172374071 0.816945628733009 0.141806550113085 0.581921560454319 0.327334487391991 0.364699820708746 0.962696580245594 0.972578824649646 0.277881949583895 0.180670220610853 0.342350757627523 0.924166045233912 0.297321536890734 0.670513010796525 0.0031704257335432 0.996368774400324
0.066845750427306 0.38981696947983 0.061550194540479 0.536894987180579 0.0792933345179932 0.370945659224655 0.164765096494287 0.00321060320053594 0.721034264218705 0.0325157622515102 0.00921699235834775 0.825525657088258 0.0756950727727923 0.0476012763755575 0.395395038042244 0.0215095839759291 0.343048588715024 0.44252545881708 0.00258970145834064 0.856570867121639
0.135874404983845 0.637455747819971 0.791623651983864 0.6182930734932 0.689613235276318 0.0994778917523994 0.241750762397123 0.496379012326482 0.163155089525228 0.392427930672285 0.741772420103453 0.952375267308082 0.281590184020894 0.123280020603419 0.499526738590518 0.744937683601918 0.52258838866805 0.576777206767098 0.0939844948268447 0.28583594855377
0.0642207375064762 0.545085959592838 0.507249145012104 0.642691313728615 0.177584582092132 0.544937377428732 0.0553849557675115 0.158782752579354 0.955936087813102 0.201578590782881 0.296972799409377 0.997416802426175 0.126400218452994 0.106731766617885 0.429551811064944 0.612346514056906 0.367205835642911 0.579782945494872 0.15110278509176 0.000991154262088158
0.114253349900645 0.53275435976096 0.0815374639983665 0.485741530534927 0.0724834673127936 0.104076960124017 0.202885546626027 0.0716745124918876 0.01619721097475 0.0250116954696398 0.484188851126028 0.985357879022371 0.0652764420451308 0.0471326620647723 0.215119192525226 0.748658660164736 0.28184379962427 0.494322229927243 0.00538214970891893 0.177300788983269
0.375747541101136 0.686918696558942 0.816033444356618 0.751764782592931 0.623061652554571 0.239990050741399 0.335701138514853 0.551819050854322 0.835363159026217 0.435326297317908 0.8129180669221 0.998012631275299 0.103945353104816 0.12081055979963 0.44168217974438 0.436264454545003 0.425406850436671 0.461518276459827 0.0227860355066397 0.991444051751291
0.295122905602795 0.588208123145747 0.548672466823511 0.581983911321324 0.835141885686495 0.603055440282524 0.116300797431855 0.652539087498381 0.975261182918153 0.275601388443275 0.931252252383858 0.895677782664593 0.179007777973481 0.166526048425541 0.8172969740583 0.994708917632072 0.593625772650712 0.531361145275912 0.00449893426992753 0.0341336255540726
0.104579878495463 0.490224783087518 0.342291954100022 0.484062983513065 0.418798014631141 0.237294153630036 0.0240960256744056 0.233922115701576 0.139166910956777 0.333586392399562 0.0524273034927958 0.979078283486072 0.168406937456513 0.0832206824619723 0.185639275640832 0.998145539131794 0.647259471796444 0.433691349398483 0.867107586072639 0.0569837876334098
0.841624368440764 0.809666526347471 0.814456418576398 0.761961078129984 0.989710138216994 0.564194642277094 0.172006950247928 0.985759192900533 0.997460810282647 0.956151525107997 0.973166502952678 0.917089461355069 0.796360741463217 0.625731637141588 0.954958688796702 0.998856845620362 0.579555603578863 0.854757280666162 0.0798135766299454 0.969345137607071
0.0593168689234564 0.500936641643128 0.474977427987535 0.762201012216978 0.576591112832081 0.324786244495264 0.0740802352333533 0.242457579051688 0.0183091393076345 0.155046374125221 0.0264718773124927 0.98377956064394 0.0804819158492706 0.0473828323009782 0.155212332325901 0.0390471460528266 0.484052145633461 0.335133874643057 0.98450571706832 0.145306712281928
0.618540565663492 0.76753025989515 0.77107972039128 0.609696164106307 0.955174753553886 0.803733406504273 0.791519210118366 0.955455594623148 0.931812813914519 0.929834984873149 0.897089863027286 0.996699254213126 0.868012667979553 0.439769439366224 0.710959037571464 0.999850752879998 0.704551592187167 0.905813169364313 0.906161527988058 0.998780549871598
0.133813483522906 0.520289290405642 0.433699923379556 0.44992399383867 0.825424664983413 0.205016297272721 0.0188565170087721 0.443091638378809 0.73190276333389 0.574460324415612 0.506827797586034 0.99740533757788 0.116596771729411 0.160225665157163 0.431165255649487 0.0826261041459149 0.324047787789254 0.302122391007398 0.199668236461093 0.943352077405245
0.141448172175305 0.638378616177448 0.371265503850109 0.67468390449045 0.14168003463409 0.711817668057444 0.0620110658031565 0.850925968439651 0.739858529226879 0.152357699856276 0.0648380151391518 0.976755405503032 0.261421270317378 0.0523600412016076 0.876943067386858 0.895805404219549 0.60037150813374 0.753195155469432 0.00101804173553246 0.352364547549721
0.221537529110979 0.61568630275239 0.863470433058426 0.615814545200496 0.905647067029446 0.532465062605213 0.0394484334266795 0.754549460546563 0.176358691592229 0.374954617039763 0.0847443639825828 0.988377524452403 0.528883874653732 0.100010564099221 0.876006629707178 0.881456251755526 0.415930590911229 0.389205528329761 0.177279777337041 0.0918358136198597
0.654008075434229 0.719995793104464 0.879577907240643 0.864335888715514 0.985275762625694 0.823230782139012 0.281567259052457 0.957967018023488 0.981447246778053 0.921527482215463 0.888512635439263 0.996405494810034 0.34466615596847 0.394726633258113 0.900206913074916 0.999531359905679 0.637696967992594 0.584172905156329 0.805500332372797 0.792863280516265
0.655958874305913 0.772512978855905 0.656031764378995 0.737953445985368 0.689959595515387 0.504764850267222 0.266348179816443 0.963189600465099 0.917963208304601 0.41415855357037 0.883385912820901 0.978759880302596 0.843426754137439 0.234325249511146 0.933274195254576 0.992048025155101 0.446014796835877 0.759548204336395 0.488880926248198 0.0821795640268825
0.024881456724941 0.416439682408697 0.485720924819299 0.483382079911622 0.304765517343599 0.426057534719623 0.0189855266249319 0.0901874494788731 0.10480934403172 0.145769615199709 0.0698592430010937 0.405723236392409 0.218113772673906 0.0528523155552366 0.542605021686038 0.0290771274306176 0.417082661593725 0.130540866355104 0.000210276056323618 0.928867783655665
0.311179819959956 0.695761138494214 0.473113644345456 0.666817957991359 0.508677216228569 0.472572512133865 0.251671202689084 0.991054911379108 0.856282484402927 0.831592365245653 0.936240214322101 0.991033987091514 0.612567634981651 0.284238777633004 0.906308086587266 0.994190014836471 0.641529893379662 0.59898497868733 0.537925749165592 0.526383372881497
0.180725701246596 0.540664497752923 0.434197095691243 0.559699579535037 0.394953157608244 0.602878581138951 0.266482243872854 0.16133816752464 0.88578624047412 0.17016171163315 0.786877037498637 0.805347633392566 0.273589856653347 0.105587518113759 0.60289102661353 0.953260295667451 0.447415204910752 0.499821280514993 0.00414128154398662 0.998780389567949
0.137098285742528 0.512406525441122 0.424449260244967 0.777559712187817 0.526033298274584 0.583901123451973 0.0831368559573694 0.709599192205396 0.45145823188287 0.266423416446458 0.0619717369845825 0.848907575534513 0.18123347005021 0.136576297963802 0.387916281353296 0.669846548211473 0.661088358718971 0.636200546471239 0.698046707783581 0.994028737739144
0.530726856819883 0.656826128591533 0.86378235437775 0.680615419432133 0.815223599416428 0.124977215073487 0.350278875191065 0.97697914400032 0.851804202865619 0.768878530816832 0.967371039059618 0.985173105713273 0.730362940226213 0.454285847993508 0.777378080933651 0.991575881255679 0.692553556951959 0.857301571795739 0.0226814876044292 0.998041841782497
0.218646023218744 0.774473141048472 0.498195244641151 0.754548464112392 0.940275260696594 0.0497223333918727 0.26449988428406 0.528624503299874 0.941133939198547 0.6564141739441 0.715201845278028 0.887568096023939 0.358857633106328 0.231496491304313 0.705814796052019 0.997568782291694 0.62088060340672 0.431388092310995 0.000192469029858827 0.0145269510809256
0.358105506434482 0.627656979817225 0.731749633356358 0.612901490476508 0.980742773647964 0.336014329505053 0.0527941835735046 0.905163559302882 0.531599618633834 0.583736358941521 0.979502872154071 0.976742618095792 0.316615899444383 0.264265608376372 0.940893575002566 0.999277590001515 0.827488967343443 0.647117697215929 0.798999774097233 0.999770737921218
0.13135929235276 0.624903057946342 0.358359216764169 0.544926851307047 0.548858840032951 0.254531111591756 0.202334815712391 0.417624856818042 0.232742714568291 0.193679864842549 0.253890939934602 0.983502271554691 0.316793177703034 0.177030182915847 0.568203038663813 0.979166497541937 0.373480128609292 0.788512146348116 0.656421336624582 0.000402792051137035
0.321226552175734 0.71133254731704 0.254634364558558 0.417571424788523 0.956110711426874 0.535773233429588 0.268895653003794 0.969073548002442 0.982594125153832 0.716522989354363 0.76636555808054 0.974218050669963 0.486423026020194 0.389994878048715 0.676700116854323 0.935207979986818 0.549637157431483 0.4258828062846 0.0022986895893851 0.412497816082297
0.0296890363254895 0.468306531485482 0.0211857133481051 0.50883246236605 0.488300522519995 0.59174221595582 0.0247529718999866 0.103323041245439 0.4015018994823 0.152493803204606 0.00778120735840678 0.471012944587421 0.0205716012937549 0.0362073286037768 0.434448292017992 0.998451735746569 0.313782776128047 0.288010519055664 0.00351271960024098 0.0100004937082245
0.825757416234259 0.615789398663226 0.921090346582763 0.641116412634685 0.892304607132148 0.721182024867903 0.691690141049876 0.960993001388503 0.981166249405379 0.943950269226581 0.992317347721163 0.993160560501632 0.802550953406567 0.642932722628216 0.980457501935442 0.91781819080095 0.733239966602068 0.854999994042153 0.347245642382985 0.999999
0.240196772377093 0.571530887993608 0.907790213581216 0.475255092467816 0.945138633971082 0.684861575324396 0.188885488262223 0.246748171949572 0.835492859889481 0.808124393550897 0.799010551678493 0.974944548801449 0.285253393878196 0.110530998977415 0.874340506006685 0.971609303646211 0.418911791515286 0.609681538177742 0.49941928193221 0.931691512889861
0.0706224175986957 0.563456629481668 0.299312933456105 0.579077301018781 0.303918979296792 0.305263109680359 0.178143845860566 0.354453691020117 0.736874223362086 0.216398008245641 0.059711867906908 0.874108874109275 0.132365775109251 0.181541182605751 0.844868573244672 0.958909188367098 0.582320028189298 0.242760649332002 0.119923798899929 0.444367478264176
0.233435435209107 0.666150159877141 0.777685113366528 0.265269606839413 0.104923301373855 0.569783135143866 0.247017133285045 0.475813455395778 0.633788403173161 0.814501756107064 0.204690464447911 0.925994243578064 0.592336931968936 0.264776313790386 0.776477588058946 0.965578678413628 0.450942027676602 0.591339746458507 0.981952362459635 0.346208606077768
0.688750528791147 0.749739495084638 0.931378444318197 0.54879607243831 0.930336387899213 0.358171828962789 0.079852242430569 0.788513229780722 0.442679758238987 0.740146050826608 0.600962602588284 0.967189170752492 0.507959493771851 0.27893491422681 0.897926445185568 0.999506933326558 0.559815502897195 0.81878604748158 0.16225227497456 0.968079730255692
0.244534537919983 0.643083764783993 0.468280883633375 0.596557674630989 0.994712820703361 0.349654464807788 0.24382588924819 0.685451183107767 0.977929993120607 0.88385494901732 0.878386334158413 0.624423511543399 0.635560402419422 0.476379661684871 0.710569380406739 0.999655788385725 0.69733019684879 0.576017921085537 0.105678690901816 0.990882834831815
0.23830917798528 0.608048822267923 0.544349114263828 0.85659757970128 0.553209436390838 0.324748564545128 0.10887822301844 0.440831961978858 0.991183644922639 0.723595148447307 0.213307078394157 0.994010506132142 0.406609632590503 0.243102169311903 0.504645907010464 0.955321699176244 0.66893126162715 0.705727775411385 0.0976574429525735 0.880805071555159
0.204043575408498 0.610107822994808 0.317958551900083 0.680151306621301 0.164653005438647 0.519605299344476 0.0595264677090052 0.29644324536121 0.284474154357594 0.0692323116082466 0.322323310997715 0.976689087702647 0.291947738436556 0.120205455841241 0.684481649149758 0.804182187228627 0.411492751180663 0.32547923599965 0.00725297567265675 0.94182460519465
0.0271918791212027 0.454090293793836 0.193410412054987 0.455358724979742 0.18953923389842 0.354538174907653 0.00231581165088536 0.00947245883594961 0.000758610601637288 0.0134201578069829 0.0102286512819466 0.804317733202096 0.0582627106395072 0.0256592577492595 0.0734332710560614 0.485770587682413 0.586371991992739 0.317730401681884 0.010094719966707 1e-06
0.564208370355908 0.714516579135145 0.925995912363363 0.728721547249721 0.953534327350632 0.280771583184763 0.660851465865604 0.938723791516181 0.941597857579115 0.673942001095892 0.742550185607687 0.998459083675945 0.388962295783465 0.380069012286841 0.961261995057783 0.9986239486727 0.682985955756822 0.494346040430277 0.99773083223938 0.994509328306982
0.152707526468899 0.62699238979838 0.866536525596904 0.29716638226819 0.529248745929893 0.193630366630484 0.199941296714041 0.752159957788671 0.241386493506917 0.659590238857241 0.231428524980932 0.964761897725975 0.18978487692357 0.160354841383566 0.842439189008775 0.878680155916875 0.364066054816114 0.423436026656636 0.0266057086382276 0.00596250178903815
0.558022793929072 0.704873115192499 0.677145676201569 0.791214804374451 0.986379008994422 0.506343088098753 0.466215354589014 0.98742576390293 0.979884388802794 0.951091683352275 0.998844571590304 0.998972916565487 0.799283224301312 0.503888057491378 0.981940924736301 0.996841297692253 0.825103283599172 0.887319178449291 0.180559274679727 0.999999
0.0579915565093551 0.511599798665119 0.208335151928214 0.634169216521273 0.065311594688501 0.194566299723166 0.00387450242985179 0.0641624567528451 0.314458187061566 0.200737923283453 0.034596183323812 0.929382898189087 0.214327874922093 0.0581162989423393 0.245734562593262 0.500449993605888 0.758077146523378 0.309788515865869 0.000263616012997812 0.0503790994421931
0.360072479623752 0.752212573735736 0.374113402349159 0.566200797508193 0.988733009183135 0.594083594938155 0.348454570885342 0.644468014831982 0.964415158939586 0.593775144172447 0.895344336933748 0.935180806025465 0.677013390497329 0.143609410615297 0.794530999405308 0.905677273290275 0.46868983448421 0.925103000398671 0.428365043810141 0.999574837850331
0.136810242939896 0.616675386197698 0.44598918754012 0.684887757822692 0.376478977944725 0.347178978872968 0.106668003635735 0.174198707085172 0.140565782432709 0.0579368515671438 0.289768764253319 0.688051008040335 0.0801981750444014 0.0784588171059872 0.173577839378113 0.946709561003453 0.384879273187997 0.255807390636232 0.0231086712600973 0.0529890053211438
0.0611526981484909 0.471722408707555 0.251014107967256 0.336576622935943 0.00409304645079166 0.0690078366273029 0.0165124628695371 0.140787905973837 0.0150050978678739 0.014042507254181 0.0116767454258243 0.51366679186497 0.018401827186862 0.0299615719577336 0.165764905316031 0.207893907739947 0.369644060922009 0.40508604896666 0.00169541411397785 0.00744648287328612
0.682476109762711 0.741535131920979 0.546915258223109 0.833955230518158 0.964259285427113 0.591350784641721 0.154743904055445 0.727095372675797 0.998721934623696 0.947390710874739 0.991264034500323 0.99635801233224 0.616853781738132 0.191197367944852 0.97991383408765 0.997714758668835 0.827471833222711 0.877092616386735 0.998751457006092 0.0137261248061306
0.456533683031792 0.631248279874848 0.763150958904639 0.49270957707669 0.85461526072565 0.245867591342011 0.391527848259911 0.94676927047303 0.179435036696608 0.934285076681846 0.675088769210958 0.810196588246493 0.214349414809413 0.140792568293744 0.892933906077622 0.937815020128575 0.620864811711013 0.545733358097539 0.99972086138939 0.0199313730311358
0.226101907764902 0.657365164791313 0.770423895107443 0.718852450626348 0.624152387227956 0.0450653564140637 0.157316163013756 0.671345837531247 0.147474368210836 0.297763995817736 0.430728547838943 0.986555469296826 0.578037735984828 0.171301429625266 0.7048604569228 0.986277359141193 0.542652966979383 0.567085258900379 0.0833235406529886 0.995499674780921
0.0716089189801193 0.473671615257022 0.428050884460191 0.536898219305248 0.93713160485583 0.24623716610118 0.103649964662524 0.168781673346842 0.00485955456995913 0.445031701821488 0.0338916307645857 0.982221251653585 0.110426289950955 0.084205566159821 0.40124844825129 0.255136632171181 0.443250127594191 0.328334369422221 0.0876475639034931 0.0263496464556657
0.167433941568211 0.567022568354414 0.543468607570087 0.529366568277978 0.32889505808854 0.32340697105921 0.414184743667093 0.871012455533252 0.957947522958996 0.507846121290639 0.732316659939377 0.902095411085761 0.256834897499414 0.107639956335045 0.668497122509656 0.984973182131509 0.439833209899344 0.646042449706073 0.845459221517115 0.00287831166252319
0.0702663591933416 0.507525305045677 0.665836916159035 0.630221653475611 0.0836370137324944 0.134697765563713 0.0124616588880067 0.924445965481412 0.274757749810006 0.678340766866432 0.0329699660118653 0.597952788507721 0.0723840529511764 0.185377459962471 0.644770094635827 0.999881601093267 0.51694299472509 0.711134154263649 0.400409910002548 0.164240320856216
0.291708244839895 0.521899174787866 0.234328656576481 0.784499275652318 0.934602679509749 0.355906089778892 0.0513005166504476 0.343232674335575 0.64958424765133 0.535413114254306 0.716658141636208 0.975942349762276 0.55977050300965 0.173634856321587 0.798115711468278 0.706393182005586 0.450668276785466 0.730456543312914 0.00828947317811921 0.282486914103562
0.47862296348422 0.678018235632701 0.806578056722553 0.747388613597825 0.985865604799142 0.326772362327278 0.373640082507429 0.973918681151384 0.991498426409387 0.881065431487263 0.823427033505031 0.996313861340805 0.357838125386202 0.290593502907612 0.613363799934807 0.97271727419907 0.666576403597128 0.65190056835718 0.00341553329481694 0.999941662822895
0.319803034114036 0.609296261918496 0.43186960028809 0.793033306442991 0.652206788821125 0.243532183213856 0.0529793373015865 0.869073915896125 0.9349242851288 0.618337385753657 0.505439265796365 0.959632861488345 0.201610410707205 0.10586521821118 0.351439225690358 0.217037666474875 0.642224226726038 0.379637267659327 0.0115441934438169 0.999995382941621
0.72792572984857 0.720283627245687 0.946170162989218 0.67585940870286 0.932608734890291 0.733772021145572 0.625164926498466 0.790977570192135 0.992490897125099 0.915271855154397 0.95273124323196 0.602368575780348 0.72601857124493 0.544857476079629 0.953201323058495 0.478023354555242 0.524718970930285 0.632933953415226 0.148984130927185 1e-06
0.630903243779004 0.701214045561586 0.856661015998737 0.582485551418827 0.883423417086971 0.688794661824375 0.51003787365818 0.836870616947475 0.708351185657331 0.819111453192134 0.78073870379897 0.989921607335789 0.576145232480417 0.513069893410896 0.924216185338711 0.722292132284696 0.656437948888256 0.649297372506738 0.156982779427387 1e-06
0.423980008354024 0.696229303106839 0.633995525930623 0.745482405177708 0.627411957758355 0.271848152399547 0.244032887269978 0.961537479602798 0.805382512359438 0.847092164350507 0.38075516353045 0.943258291008975 0.280677805992781 0.215547477092858 0.566787923131024 0.897621200078185 0.569788618873095 0.566841098684961 0.376114661927148 0.99999537385591
0.660385059962677 0.677938383296768 0.644601125242945 0.718617804726091 0.885204925461038 0.253738125928484 0.494137021283173 0.990959912683087 0.622469187626949 0.927086065908725 0.457630225256521 0.985151077204878 0.436271822761286 0.304987191345303 0.89681804730047 0.966343768722773 0.686271697334724 0.605748931652752 0.992900656472834 0.999918510446536
0.399718630749982 0.757824906194918 0.758985682608631 0.829801026959186 0.95515954552257 0.809704396388313 0.0246470484739296 0.671562406525545 0.998976351545571 0.815607002487949 0.800029153889604 0.999299725272685 0.608948700956002 0.164909332323834 0.775577680243055 0.996740076569585 0.680347273530744 0.812436996436292 0.0113615927801213 0.0144978328945193
0.0637621554303186 0.6539898720367 0.120264137074619 0.473127148499763 0.647092559603831 0.240220970105401 0.0235795544207147 0.235856127920332 0.561512871728758 0.066845288508934 0.196310179422285 0.057836780791641 0.123247561913336 0.0934362142906254 0.533483902506363 0.948875101553169 0.500710317605065 0.489794839601134 0.0426067645396132 0.00596871824225496
0.0819525851199377 0.438569420349341 0.144974311337946 0.645131135399709 0.10374146535493 0.297576766458972 0.0213556091145208 0.0119935231781981 0.0863767928560724 0.0909787478477134 0.0166803890454072 0.766030654127735 0.0313421622353681 0.186328673693795 0.240891176848534 0.180345178790816 0.484020976533367 0.229817559309613 0.32877117422055 0.100508276207161
0.135345133662342 0.593663759133809 0.235066115552081 0.541073706343749 0.933094584390589 0.358350021095622 0.0528262740228323 0.0772470361385157 0.346208986002626 0.13474480124048 0.622287309725304 0.440850726621619 0.111451280788699 0.0663022636133326 0.444140749494815 0.388402052835632 0.632288093212185 0.229946592696298 0.00247467436884838 0.0651034681406678
0.142379249516777 0.647375259585302 0.583087535941038 0.576070995614277 0.167605066400468 0.689794812193634 0.210085044240924 0.392990399161144 0.273297296230316 0.562451964705897 0.684042567451217 0.0894924938227417 0.298331088309273 0.161634486499855 0.665829573395412 0.920427159990632 0.63010812822768 0.647573972501931 0.901092861385294 0.997335055371587
0.0276733941411286 0.409635566418416 0.607565230613828 0.452350189209774 0.00593162646660285 0.274852369683302 0.0447197573834142 0.0174362951366613 0.000546579198577273 0.0046568684885578 0.0152617407246175 0.904691321099208 0.0108710055794334 0.03123113375998 0.152294197898045 0.0545795725413829 0.153020571599985 0.333662585536393 0.00292430470098808 0.00706707868145101
0.397286321903719 0.714597091818385 0.927761550907505 0.66770736721889 0.963895637242199 0.34086780477001 0.414839498214404 0.947274416856706 0.966660076512094 0.865261423320268 0.984366932916337 0.780207422104793 0.393173123710313 0.171825903440094 0.581473486827798 0.998142195013933 0.469366263238616 0.821786800572758 0.162649712989457 0.987411070533615
0.410970135330756 0.634404741866927 0.541131991176451 0.39763247190053 0.989473728172839 0.0619706636449064 0.52629313424908 0.326991923660655 0.751074171048559 0.871559685195658 0.836108648327585 0.967827892210193 0.144967605936837 0.262777491402116 0.851787891623535 0.932966712224961 0.441699261673282 0.43074170132739 0.632124607665181 0.999935769404666
0.0388304527211293 0.351649342008682 0.0775761027876169 0.4397835083009 0.136010675351342 0.1094513267813 0.0168073393342962 0.00782464994222293 0.00811343919786709 0.00111813588161996 0.0194728253943537 0.838729402115792 0.0359804124174381 0.0171998582656 0.332888104952769 0.0557685823783311 0.193556196469609 0.235680787852506 0.0013723030890264 0.00131807596848313
0.181462066114483 0.531437747319293 0.365759419935343 0.679770254552278 0.493004171018438 0.340876572646619 0.144568530831863 0.411582754056701 0.914622607558184 0.214783020979204 0.184926282879106 0.456717384655241 0.173691758506138 0.0547758686344427 0.404431429187361 0.963164057349354 0.311900499506558 0.545806498996688 0.0126451745700397 0.900407857087877
0.127642012665445 0.638874044262381 0.44838745822904 0.530952042009986 0.348020484488157 0.802313686150597 0.0792934654628403 0.662427850000157 0.659746083328212 0.524208289734578 0.822581723713547 0.971428421949769 0.195342471854512 0.0793422776407915 0.723976895357046 0.709070997206457 0.352019659060392 0.538619963494438 0.966996464256983 0.867543149311444
0.227452458414812 0.692394376648933 0.47502526888426 0.730169128896133 0.728993285054375 0.63176187047693 0.130284539904765 0.817983833493915 0.695519589478223 0.591445385979256 0.559114620152651 0.836758969308283 0.274747565662089 0.168159013011187 0.587461284859293 0.420794632537322 0.455950596229036 0.688792135885567 0.0140699604256727 0.285277523291481
0.0181364684301165 0.468085032702499 0.324402607964305 0.497497017664454 0.12866598077427 0.173844706006003 0.00986844730094403 0.160330738575116 0.298494347679848 0.0363381151243753 0.00399199535135886 0.20779546347375 0.037694731212812 0.0837466686613902 0.285469594931956 0.814983729946238 0.405047408745528 0.416534492791396 0.00258514805111154 0.0306758217424172
0.0476642401557696 0.462710601315894 0.373884820164061 0.63975041174489 0.270519466802292 0.148180430197983 0.0219851280649552 0.383752558750293 0.238763678393345 0.13288698174416 0.0213486020661632 0.974242091414195 0.0804023495870603 0.040667348452935 0.453904039085886 0.281020782190556 0.427475196706972 0.45258153662841 0.527332191296759 0.0284232446208499
0.15708758308555 0.737763492242001 0.458130189692659 0.354805118709365 0.948576724691695 0.497192803495129 0.0267580205146782 0.536425899588792 0.951995382269603 0.475611532101244 0.206857215453388 0.977676920248204 0.29067516244148 0.123374458617164 0.38394698790557 0.450098799462731 0.456371014359083 0.675102007763915 0.0248095625770197 5.63745967357702e-05
0.0199664879974964 0.438614646272876 0.66779712991179 0.556582753186725 0.00333542555384695 0.242330941694353 0.0154005297794793 0.127797810462267 0.0208643965140902 0.0546681864951504 0.0208614878231426 0.948117896510765 0.0350788454720335 0.0386364515833158 0.427850270300746 0.456481011497918 0.42979976510949 0.251516092120698 0.000133260316616294 0.98673879662806
0.234937329856277 0.60327006292315 0.813519008048368 0.628516618802026 0.678464171152603 0.667655300335309 0.0672581458904967 0.592359582452832 0.488243379936863 0.867653196818392 0.993727538305433 0.624748990667032 0.397682723704921 0.193765262947275 0.682268995803527 0.955655467138544 0.698435215879142 0.807806078140663 0.834493617198428 0.999633719035802
0.525618453471414 0.724185372698052 0.84594378953018 0.721215804074318 0.858186847517322 0.0905058107897063 0.439444179129524 0.957038263547005 0.9919653046749 0.979603228731674 0.986859187463651 0.964528911345688 0.586840670010621 0.23133783609602 0.648250745808303 0.998959089837283 0.601238994046032 0.836456268859993 0.00122895054943064 0.0102352681903007
0.651556914502778 0.520934450851576 0.855767151892028 0.562138412479904 0.267159688498698 0.57600329802065 0.629015867940843 0.65111896968194 0.927420980722556 0.614557091085696 0.860658474742283 0.996388523340215 0.454765868986737 0.274251404906019 0.925198432143891 0.991245782340614 0.170716152399712 0.68262461517726 0.832161611747168 0.176104172795626
0.519215893167941 0.592080891754298 0.897018063839467 0.696694862885615 0.976276927836617 0.820499513137904 0.0615204674713906 0.893500352539251 0.921221547241144 0.94066532917933 0.824461338492865 0.813721138125918 0.671492345818247 0.286841987569574 0.563284317448385 0.986051890617653 0.619580333066807 0.698312127847075 0.974320920108455 0.999987780785305
0.100896877143059 0.447020108319996 0.733291596759819 0.330989062795204 0.526169468194598 0.916010814623079 0.0381585472196273 0.308983495392914 0.966608740179973 0.249081120407655 0.133858133126719 0.783436781464278 0.0932702073495886 0.0582309787586819 0.539132792809189 0.00313048864445781 0.620882975140222 0.452186221455706 0.0121823016139988 0.485192273368986
0.127548969735837 0.494035675496426 0.477496429664313 0.822206410516367 0.642648545108524 0.68119265045583 0.180856517568362 0.333078945604542 0.974605893715766 0.073317474253737 0.13021018811957 0.984339449048934 0.131389209015652 0.0615302444435207 0.785331066928018 0.722955302961707 0.40861339901278 0.281243744118113 0.117876035047919 1e-06
0.0742012250472625 0.542104978391145 0.89495971051899 0.475977537865933 0.903500943349321 0.0468347885764043 0.0366376545992719 0.581719916271732 0.656949818220249 0.380852352652715 0.774652083732856 0.623180840225906 0.179892762651198 0.0589710344514185 0.643261194842139 0.909731291201115 0.487885591631451 0.484853210615186 0.0201481063297424 0.0212897368493727
0.0373475666668313 0.395204197543411 0.153139131718927 0.354505096474493 0.0451024559401039 0.571248480578434 0.101282997908099 0.568735152791338 0.116250678484818 0.0355259485894556 0.02830706837087 0.935915231852816 0.0704830710997649 0.0372498927540708 0.754977703943415 0.236621370642847 0.271600608560566 0.256439347898027 0.010167932563755 0.00144796408592751
0.321996122744455 0.679875144974025 0.782674414538687 0.833562034182729 0.950667154114371 0.26517583845736 0.370436174992061 0.965045709441051 0.991346091104666 0.890434756496822 0.876168182912324 0.935609086227178 0.293648974071487 0.421771907090997 0.900398837145692 0.999191099060365 0.783590494315513 0.767952937606592 0.446818805788011 0.999991230149952
0.573569827875045 0.710656955889929 0.864865969206317 0.622292252268477 0.891092261846117 0.197970194754811 0.773429853850837 0.964688182222923 0.975421773268337 0.80708986488563 0.924334537050342 0.991078359237325 0.819711286769176 0.334862574236032 0.692950752780486 0.992724150632348 0.820117514414811 0.594564674101383 0.624142676070259 0.0915835831338003
0.491376157347389 0.748825761741329 0.515974960579867 0.86402527150633 0.920203939459193 0.679329301700013 0.131468113045374 0.939454438564418 0.879064553198485 0.877220855310496 0.826881581161113 0.953359007744178 0.31530292119326 0.215557111654692 0.860000706201417 0.989062026559417 0.668214632564277 0.283698187815544 7.73306302851187e-05 0.99836297238423
0.230278225462573 0.576606072095758 0.487707992353799 0.840512835601469 0.215681615648262 0.192013306593567 0.0365621596496488 0.218202988707705 0.690258370037186 0.269700996710011 0.216008485800569 0.979327904268636 0.105531403747458 0.0369143101690476 0.364911687986911 0.13224533458364 0.233278972287195 0.599020928449582 0.306407752206015 0.00294129438021178
0.437190688728051 0.785183573254666 0.710177160541628 0.693439399432581 0.947890391425822 0.169091942845503 0.437672164480888 0.743510150464511 0.477562978575764 0.93767774256119 0.557592292145498 0.951940807687692 0.452157321973518 0.378160625031645 0.782412719886114 0.962252341081144 0.537372442739942 0.783488561366086 0.76540232362751 0.370199751783164
0.186977338728038 0.604048299322078 0.495311436336271 0.788694907206296 0.921226978620758 0.172812251636894 0.356570413084673 0.746957369969092 0.0106852896244124 0.325111708328746 0.455014261704661 0.409903546557473 0.642776337072249 0.128326611012646 0.414192014132452 0.998413609131728 0.685873505954187 0.431335080508591 0.0369487151404394 0.00224769549348382
0.473944673081918 0.728900808020321 0.606094821267093 0.701800034620783 0.735912339459305 0.586776986899012 0.0821205777484511 0.761519548534985 0.993405413500179 0.404153017132275 0.952208314375473 0.95623563765377 0.436236974403881 0.206835644792352 0.730084408781668 0.973788990664374 0.749066544734025 0.795016655656472 0.927639047993369 0.832999367034026
0.147796730537104 0.683653609074342 0.717766202219736 0.721198690343056 0.939616300607719 0.195613379992888 0.121183809766264 0.602455007747701 0.120291056263754 0.747853453341984 0.133929302090483 0.995693518352526 0.545414341151873 0.166619598524882 0.430884035536575 0.987099301930232 0.772048614899014 0.7737803862406 0.945688559246409 0.000579161929558029
0.154853516715812 0.737833258422135 0.47345269096294 0.300579951006001 0.513156682580508 0.383293074338578 0.188385527668029 0.354645469899001 0.611157939977079 0.518484492612557 0.428062872417759 0.933545466228291 0.546814937850101 0.112862682595803 0.670573771960088 0.931749236283404 0.467124480083185 0.541435489058754 0.619858227599771 0.99841738516233
0.0552401112947059 0.520790869608398 0.367722873515007 0.586776464742505 0.0107995115263808 0.142996328451791 0.246659751647528 0.152333986813773 0.0833819047455918 0.0339465653622407 0.0752648202341379 0.213606801696512 0.0563493025146591 0.0289121476825235 0.123508817082445 0.301079201357113 0.353849809503606 0.219996625212682 0.000589051503639387 0.227133568107613
0.132331630076532 0.584569491148839 0.516400537508051 0.382371453460823 0.819291859733697 0.639873955552516 0.00231718969564613 0.11465981429308 0.105674488122052 0.0704559734467182 0.181874399115196 0.442309742898626 0.0742188328863517 0.0315073586169362 0.538523842610348 0.232515810748407 0.454504603423419 0.533074571217532 0.0271578974561542 0.0204922606911164
0.0222479969215564 0.453059279651303 0.0777584687996687 0.267116455561325 0.0072378979521082 0.155107801373671 0.00573349498397809 0.0133736936803153 0.0155376493604903 0.0153618663293404 0.00216948902387543 0.888733484974227 0.0209195208986964 0.0280552907593563 0.135547671033148 0.110083855584475 0.244384715646479 0.225355116890373 0.000164423309075577 1e-06
0.390929796038543 0.702172005751464 0.853954270779003 0.813172172087755 0.587558205043836 0.37587484337863 0.276958098064471 0.891087506836659 0.908755609751115 0.837363932828419 0.771834553500815 0.996820983754927 0.547116915800854 0.311751123643834 0.940450605522219 0.904578492058554 0.583002597315421 0.572646930796541 0.627929556498712 0.997049707809613
0.195953792118043 0.643173804595618 0.488822766108449 0.731425285804807 0.829654214370318 0.264876104214311 0.191564962018455 0.716014069483597 0.924166814536852 0.58446098310522 0.720487893597916 0.801848960459369 0.214565315952635 0.247799990290469 0.441661105832414 0.982554622236702 0.306765192390205 0.492754788010774 0.760694602781585 0.0629221732103646
0.0110342956032254 0.340852002183429 0.103204311792905 0.559901701055147 0.0220921530784661 0.0212702533263529 0.00962480142793321 0.00152683477661243 0.0149400106877067 0.00704168328747153 0.0245027355046833 0.432655116922008 0.0108194540951243 0.0218882155966936 0.0636575150777706 0.0257150176438668 0.183795284899703 0.257781967859657 0.000147581672622448 0.0035387193913827
0.0272248277904365 0.401065967379785 0.143405641842214 0.397803155463253 0.00555670797369893 0.0417574962532164 0.014850179550806 0.0846105710625899 0.0945141171872382 0.0228482014610061 0.00385630641491888 0.0916974460797671 0.0332471650279093 0.0223711344043541 0.212645793739229 0.67547239070936 0.304787915383734 0.145274430464857 0.000273254747177037 0.000545794207877986
0.137412541702667 0.639795879470007 0.243737144743587 0.534261853649848 0.528700006523768 0.302972057650079 0.761523596634878 0.155298799487911 0.0858308003454262 0.358012969609737 0.622953550651081 0.874248779719259 0.231240600825108 0.155724070072036 0.215413008863701 0.996362715863474 0.606232053145165 0.252242534225235 0.00216032459650487 0.992555632815162
0.111207808879959 0.551669446697338 0.497988300272455 0.440401615088025 0.0177367289685357 0.356016829060905 0.0484660070884041 0.395516960231332 0.441731280417029 0.0732600310184294 0.227141983132574 0.991279088226467 0.0585163485617594 0.0428810592657295 0.487243732841351 0.0768329873161495 0.377610948563698 0.205825610602846 0.0115345869522901 0.12881661567743
0.0694344394808968 0.405383613172182 0.106661163367294 0.69531483254943 0.100898422938947 0.0579239273758008 0.00318208841643536 0.0413456428324235 0.0663388850786971 0.148487516650589 0.149144356657658 0.620811626415122 0.172055920245942 0.0545104633500194 0.220281992337628 0.446647465427766 0.19606745801995 0.617709812017385 0.587010807471803 0.000177518616006118
0.531696264162401 0.616608449882838 0.708224335205218 0.677504677391878 0.818642821473616 0.852521442446484 0.173448665949936 0.861420889751924 0.996660430403854 0.533215917703557 0.863430939886275 0.998835794448261 0.5228818028865 0.162858429739647 0.958918405481853 0.995696977410277 0.680604551160253 0.533186882922694 0.998639366295986 0.135001468050533
0.412732533726875 0.721231954675269 0.716659957493199 0.491170623760721 0.748739508970099 0.488241777146067 0.593872645141007 0.653763824949159 0.53690497801618 0.504488542736566 0.789351908649967 0.975681782677165 0.390783550315762 0.32477272965846 0.657118989161128 0.999656037116367 0.550415079123256 0.57070219537335 0.184739636126973 0.452901658612765
0.186361323461438 0.564906693075726 0.93762259658248 0.561275520714299 0.957278568407236 0.606768116636191 0.124003536532832 0.86091735110833 0.632365189904253 0.832459067660123 0.648306550382843 0.937254495543649 0.356512619689835 0.183152874516649 0.852610159878507 0.358051598666568 0.64879915982822 0.672805540432095 0.0270174883708411 0.999999
0.176349061677599 0.590872161264636 0.365951855186927 0.768351711739 0.383432104868701 0.906839514377125 0.364521500923819 0.494396932514673 0.431605610082027 0.447281702215321 0.199307368025492 0.538353389451831 0.138535405318908 0.0803935905096157 0.512046032575533 0.802325331523424 0.483727523870884 0.534457043363826 0.000134785887858931 0.0393504059077485
0.323922951205402 0.675362567972365 0.347527067611987 0.847955718070646 0.674222220289693 0.254253804058438 0.838392794122922 0.943373861349937 0.993232724472115 0.935916799722853 0.893006944362133 0.997704243183841 0.547166970771088 0.259086924387084 0.562248835802549 0.999421390255187 0.372236384869287 0.822644913068682 0.232005728151767 0.868345737676364
0.0147148523373653 0.463710120069373 0.312932056868743 0.54328353072855 0.232123080591276 0.429855707646103 0.0283453340606235 0.0192832203537075 0.029712262949737 0.00609968533324197 0.00971126980967285 0.879718119525839 0.0820016296801713 0.0442775008361753 0.133735024153102 0.163468885592623 0.42036994789115 0.271653497826206 0.19799549135345 0.00222432113601963
0.130672786939492 0.6236608042689 0.304384528421205 0.632571165856255 0.538946613263165 0.291662556388192 0.0376591905214083 0.27589628238754 0.122924600396691 0.519107816966661 0.438080377697371 0.960014525036107 0.186753549750556 0.172147298990546 0.597542797762442 0.62371364639464 0.410887222072601 0.725176013623353 0.0298846439715982 0.952499697801546
0.282748830186241 0.54991317675549 0.640589318749948 0.63375520497181 0.963286589162754 0.791226780275301 0.189263080145256 0.290167349103314 0.892779657134965 0.73831937355793 0.381916088222319 0.98907598528365 0.450379685409036 0.12255612373852 0.890304866235551 0.184383405066504 0.672849984289197 0.433727405910212 0.987165399675677 0.00184180978824673
0.19758149411813 0.61770741095755 0.30562803778611 0.775162776734648 0.680882841139943 0.463594880153424 0.148759082303714 0.105235151700324 0.610005495910266 0.147932104854302 0.0415255743246696 0.96200157100634 0.20255257419318 0.0499804423571218 0.435808418509911 0.928163524646953 0.679176970871078 0.68074846644431 0.433141312946429 0.0015044557123539
0.0207115531868266 0.489513390727694 0.207479907774448 0.741590586652888 0.664497208219414 0.572335391340934 0.25245630969745 0.0537369479666419 0.0809890011746383 0.105084801422033 0.00361823590423349 0.0789530124724245 0.169215996389145 0.0364104811768821 0.111559983907899 0.812399668470484 0.219695458387676 0.0990615337603733 0.000772334115988417 0.0436294163005055
0.0974489169790887 0.5242611669703 0.724299208635296 0.717464894392764 0.569282124986484 0.463108339636811 0.163939613177575 0.11587600298375 0.190918679763837 0.625212266117753 0.0915658178924202 0.994528155750865 0.330190443711782 0.0516586305355274 0.322394086026438 0.95120093896309 0.434226087641713 0.518179228247372 3.48712778295811e-05 0.316450454190877
0.124098898629561 0.499286799822757 0.516626057367156 0.726070041769589 0.626836005292062 0.519656357086921 0.038638650766628 0.609558828405436 0.0350218421380831 0.325988162911813 0.160585921056826 0.996393117996044 0.23972767887019 0.102370054872175 0.460419432399927 0.723998260698375 0.584261661398773 0.390221193960528 0.0222733777091263 0.943190078844418
0.264490759678113 0.706760707026292 0.953722793887703 0.707972916123958 0.981927266857078 0.135438014720966 0.621597313526887 0.975714765082724 0.373559366745524 0.775004193472003 0.805669002581436 0.835463995241029 0.438226550329649 0.171806148961911 0.916409325667473 0.136650681467459 0.351358408507597 0.783711891407708 0.610328998026105 0.878667135843281
0.204380009842971 0.600426825450325 0.0954232664025724 0.517015020698547 0.385226967105767 0.584174489500245 0.223851619102396 0.361552468546354 0.962443744834552 0.146942021150003 0.585135748242066 0.857347479756979 0.236827989599673 0.0819597064097731 0.456587670772479 0.257828926016831 0.616485747241726 0.669439849791541 0.037785815964201 0.000979663459971645
0.2676543276352 0.650319777008726 0.240111007298244 0.758359734941798 0.951875032016387 0.471797031482125 0.285790910584445 0.370345822720851 0.0833402553677544 0.651309339514209 0.527878909774193 0.945905451640477 0.225970181684283 0.182772661731018 0.80188894302639 0.996061134955791 0.619100924017928 0.382529071251522 0.991406471262615 0.487167645896007
0.467209969316624 0.700191956910813 0.583493188334379 0.616167803477392 0.705361222163405 0.778061647464805 0.181204390889641 0.920813959628365 0.844561421228833 0.399292182937059 0.372915265105829 0.994195545538435 0.504326017522888 0.371481567815585 0.807771624411343 0.999883628650407 0.780469452008148 0.555164202173956 0.579912501994787 2.46242855682916e-05
0.371847772245394 0.703316926183545 0.224851137857878 0.515643308801834 0.755639364679611 0.633675407499999 0.270243708765698 0.736809167638757 0.692680976598794 0.771750683861088 0.348005452176339 0.893950595361713 0.130623738699718 0.427860265228596 0.829679303051131 0.906679976254883 0.355109217289111 0.646432628002098 0.999815357180518 0.999791435879905
0.147391787215072 0.580478780488969 0.524833863622761 0.748363842170427 0.397216415665076 0.693805334893423 0.181078515778967 0.325805356269331 0.512231955025516 0.635642927129895 0.467968476524885 0.837361905772905 0.403323927120719 0.108759741489905 0.522867889428514 0.870270987584681 0.264862082416984 0.589074177753483 0.013048481275704 0.101778160945853
0.188207513097628 0.703298013170318 0.508341013932306 0.379488477321874 0.875427369664489 0.469179025262807 0.485567213822631 0.382302655256067 0.680932677964359 0.286832854844954 0.344584390363399 0.983249711465084 0.246794192424122 0.107761582812256 0.254419609198105 0.852380012242099 0.317159036646227 0.598351124995391 0.505395649862375 0.0225305015431185
0.0918533346947814 0.605948174389583 0.249354458240466 0.809365218722526 0.143465842016073 0.332639066340166 0.0851781752322238 0.413363069914004 0.0354879661229594 0.435480362823529 0.243548426665873 0.349942612952401 0.106727938457254 0.0509234809600642 0.104289663188506 0.833719444461743 0.310334616792548 0.26203831374977 0.0041057495358383 0.0196225006484526
0.115045868221559 0.582102849669614 0.403730933466609 0.650955693744575 0.462831334912727 0.238678000896618 0.122376341040413 0.305009334732417 0.154175966296615 0.166699808849981 0.0264798090228682 0.927722846185806 0.407759309944128 0.0581947575893738 0.546251918286009 0.0768332960002544 0.335214211504461 0.51409979902793 0.0151950658487983 0.00115463078623308
0.0286525022888654 0.387315397097758 0.136005096247532 0.565149471269483 0.0398554578873523 0.244406350476615 0.0329181178665009 0.0259393835748722 0.117922511338787 0.0695410584465025 0.0426133293571322 0.469824530507338 0.119624886299193 0.0345720344415518 0.176243642574286 0.99613752425132 0.575452379808952 0.454274759560238 0.0314969102885848 0.998054526199029
0.48656751762093 0.770372857678186 0.969192940801954 0.741724437324974 0.905540977795725 0.43847622855486 0.354510074514718 0.959427468521069 0.305015691922008 0.626941798977157 0.887158802414179 0.945205851678424 0.564675253200552 0.31383694258583 0.944156384470221 0.99731543699288 0.329707660092487 0.674993781217724 0.0435840368279314 0.959198208207454
0.0407633145463872 0.492516983550504 0.124855115546044 0.513037725598622 0.0128758825586918 0.233942577269946 0.0629954288368448 0.0125346971447631 0.0189475238643969 0.0573641114287183 0.0316361358787296 0.00958351136762384 0.0660119128926548 0.0411579088990594 0.228137607335251 0.068413226943905 0.253809084751783 0.30839717919495 0.000111346881016759 0.00577203159688106
0.232472441867952 0.539365323491895 0.747120738223021 0.599015524637334 0.336432609460124 0.198735517711595 0.101940783577876 0.297837330382115 0.974197532015104 0.307672415318067 0.532580933877753 0.390515558292498 0.292704978013635 0.11827921386147 0.624348925374603 0.532082318563026 0.548387016515622 0.290502341552611 0.116016086167271 0.999910137032322
0.242069969012207 0.523415595634232 0.364483978129647 0.757591886620368 0.871290530724756 0.337889133639074 0.0471275150038479 0.0840360461787746 0.145472541419554 0.18770710858583 0.170230572158298 0.849913135882417 0.149294995670383 0.0890455998543479 0.47255710366323 0.517979444060778 0.34801413044471 0.697575618686812 4.62276571422028e-05 0.860063842494256
0.340605813692613 0.667986302276193 0.846512416527187 0.43804442024616 0.710202503258454 0.217244881845163 0.442648616119346 0.781935111358506 0.271258140322863 0.398412182203263 0.712125376014123 0.977927258354662 0.247143145410806 0.332752389981767 0.279607847971847 0.997038607443835 0.41637062169503 0.696476489335491 0.370783670722294 0.994239945784043
0.624485879871258 0.760345028287668 0.282250044365274 0.818476943469019 0.946801086937226 0.618573719317073 0.744178562610632 0.987244175786857 0.422840739446077 0.925438157049268 0.951430930602073 0.999086073403716 0.591255558879842 0.358642773899075 0.919557737812598 0.999763460789743 0.645831519165874 0.750509093025855 0.00750204931374505 0.997774945776215
0.664588466433166 0.771821472590402 0.871409085286098 0.520054619772325 0.981198820069215 0.176749117817581 0.61390566945444 0.957905071370026 0.812310179026908 0.98406810711025 0.979672140617522 0.920027860479985 0.676216352650684 0.462392916375949 0.960591730550499 0.976044236139492 0.912446089642529 0.731308909103737 0.992528835643743 0.999470477025123
0.0436108813399266 0.414537972709326 0.0492765889903425 0.530389968086566 0.433967443512453 0.203341021889767 0.0097479918356737 0.0483187667167469 0.0359434864888744 0.228361219423499 0.252055338216143 0.982540982633612 0.0250330916081254 0.0359607500212412 0.517826774252238 0.948187972966107 0.62077191361535 0.336709539015222 6.97102475687072e-05 0.0750190394520761
0.485936037989972 0.651011008307684 0.854822121154841 0.648094119134932 0.960907725723965 0.528548831360003 0.586881193049925 0.959428131629074 0.965432820931589 0.866494092626865 0.911675553987069 0.997861033967268 0.512002406008247 0.518929489966742 0.81464760120183 0.912875091101024 0.546725414252176 0.850002065877621 0.967183373195077 0.00107663609770621
0.100744832687351 0.577950767478005 0.647800752363346 0.491247168264453 0.661211803147445 0.257255837117006 0.330372813165432 0.698903263275992 0.906889301160639 0.686447687470549 0.660706587668742 0.985062975605256 0.307876596539577 0.294059180649795 0.922337202479216 0.584549872750443 0.196991558485655 0.734782965596609 0.0452848560201753 0.0192387788997577
0.176560516079138 0.675676868946095 0.922086028132865 0.778094959213644 0.525558710588381 0.385006425239037 0.364833434643748 0.472715077436592 0.957732913884391 0.966193831650594 0.450381831626118 0.946731953574715 0.376587388810334 0.323008139281739 0.891703806886545 0.982574940994465 0.520642395451801 0.785141561414766 0.0722113967412743 0.955123934864774
0.161437916808108 0.628834087634935 0.520422765664285 0.888544501228208 0.254341363435886 0.521534253489624 0.100748591775359 0.875704671113456 0.805079412033648 0.301319722511166 0.477198243823681 0.96417309828633 0.233697236667731 0.117458991669504 0.71662946788556 0.993807942350546 0.77869157676209 0.379253037747646 0.00659799563551053 0.372884266470452
0.198536719735008 0.691598075893275 0.915040173295062 0.478308811074363 0.765415656662169 0.712242755004547 0.224518228516446 0.940621393965533 0.939220991969352 0.608624673426186 0.588336749092634 0.661118630431602 0.33460056436469 0.20125873026087 0.595184662676675 0.973073805662885 0.548948421296809 0.680690756253681 0.485270832292909 0.996753595661859
0.140432009013757 0.712244345372794 0.785490696089862 0.729196936967545 0.465384755055488 0.770330327058326 0.0267191646444817 0.340901990287175 0.935039339887509 0.156432301573943 0.0394104245299802 0.871072253146668 0.121236152556261 0.0543433387889624 0.637555458241249 0.832386603477459 0.588413757076018 0.589566980262188 0.950882156899367 0.0932008078194274
0.619451107195074 0.704724015541718 0.934262694166542 0.693840345474082 0.969110601505744 0.542587295675661 0.733040380092139 0.990126624498198 0.677407650470637 0.345162813049495 0.974767081405643 0.881372231344562 0.54258008073223 0.132708591420702 0.883015938098471 0.992028007712465 0.724634845752334 0.602986512358802 0.608012283927022 0.99999668492285
0.661785302068206 0.754243050148467 0.803920950084884 0.873895728049452 0.994764158184127 0.400980019958442 0.496399159534958 0.959303749382228 0.999230926916045 0.986292547394572 0.978565806164573 0.9974509539649 0.889847081296094 0.393757776422823 0.9034322887866 0.998696481525034 0.756564706935855 0.825983060087941 0.999985803977117 0.999376092142945
0.0902271400812819 0.458763106653713 0.0847918738855695 0.543426448332428 0.144427468278439 0.191271154707009 0.0638624698837731 0.0442442810517826 0.0430686014339572 0.0654432967083571 0.0113182607121256 0.0549091852348948 0.113835056542412 0.0695903701178239 0.0988653834226031 0.0306328547482762 0.441296345548505 0.359476261354413 0.0189688717539989 0.000263600987809382
0.593127668934154 0.775639864527441 0.587583258734004 0.615818185868712 0.796050421126373 0.567078068502449 0.329006714213057 0.973228750040502 0.988728548789811 0.797439558102755 0.947488807237462 0.976177139598481 0.813726249289411 0.295514550249207 0.941141984891033 0.990633813159943 0.452321517077953 0.876739947838788 0.6111068579169 0.999957022655309
0.0990039542998155 0.547044137417164 0.381928194627081 0.338349659325794 0.186466058558714 0.11538076135159 0.0774532878515874 0.0423017060203876 0.215742771417725 0.0148525507092153 0.014080872331222 0.295538363643488 0.0608689853603724 0.118320466753331 0.326392070640272 0.119526986355597 0.587557711033644 0.435889040940213 0.6011198073243 0.999810255904564
0.186337063352489 0.604713062104692 0.258211673851154 0.62361382991853 0.68832406735918 0.312383699177641 0.0724460628175771 0.257551174489672 0.907123316083167 0.0138637151292321 0.207315054614814 0.905581059288283 0.148001711959146 0.0299527726198099 0.247560480242802 0.23028962741691 0.601017926290178 0.293395895011259 0.929947693302389 0.998983199787299
0.492913842173055 0.753446147833379 0.382482450030812 0.533713362477366 0.942292587567251 0.534325964288263 0.698564793262238 0.788326115177923 0.955406148498662 0.897728674767675 0.974864054862793 0.998863504070085 0.488738554174322 0.534220287225523 0.930211136505157 0.999846117699898 0.77486056709351 0.653686297958062 0.995812190595402 0.999995801934167
0.0320408325750595 0.528528295004962 0.508484802355273 0.56131599568141 0.0209958774133461 0.165494807723463 0.0716099536311438 0.232025986738796 0.483949180610704 0.25813668375191 0.026581963239987 0.715623705139392 0.0362817422255693 0.112232339437276 0.394493837554675 0.0840727301202749 0.559344480388226 0.545645041459574 0.0373912742036388 4.26401492912089e-05
0.0608495723398901 0.296429627026216 0.275612261078109 0.62028676511689 0.309587698814065 0.290744875875324 0.0170333797012397 0.454793016934489 0.746211057797292 0.12466092588643 0.0949797021836902 0.607410360978093 0.124710398155071 0.0998346573672622 0.492286468289811 0.486793953915807 0.449418838253033 0.543703371524956 0.00357004683073878 0.955619343695218
0.208753303486418 0.554541159983866 0.209832019848357 0.680585226789204 0.527573725633354 0.5996767460561 0.407351173156272 0.754972284914778 0.26600473916719 0.491093189569544 0.139799609252138 0.92266199626407 0.210066294564064 0.0910114078669975 0.415943532960223 0.4041761236389 0.298218079329727 0.633189477297679 0.00887674104659234 0.776178805380644
0.303726127422217 0.722921599363786 0.955836944140709 0.531417569130539 0.628980346716919 0.442497484355325 0.322282927774492 0.974181630430659 0.984856241612986 0.77054720350939 0.880126947527277 0.90390507227727 0.457312635543054 0.501917402466217 0.93157528041348 0.993454211858538 0.594018590644745 0.6745122061803 0.0367250536471799 0.847086024812649
0.373257699436246 0.564690961200164 0.284715028364713 0.517297181351973 0.817716947916838 0.558417906275204 0.0793749733781351 0.243504114072613 0.307984874996939 0.740934703485235 0.597733834318451 0.958468067882452 0.201658502151743 0.0849802825341427 0.61415112480843 0.888658708641378 0.669496559597507 0.310380100907865 0.665884161896963 0.883707292533832
0.0741508517297263 0.506095797814811 0.903920285972008 0.718823335618311 0.300193302067101 0.597703480877 0.0359836616888151 0.0628307611666735 0.0938620042535052 0.0378820505897085 0.0143801799147576 0.987445065159496 0.166931126207095 0.0228499131784654 0.875126868509634 0.513402617753165 0.412758837931981 0.595091237396029 0.00500564515055212 0.992205627664846
0.300733771790537 0.651115517710148 0.90373554144748 0.355127898019561 0.443445281537134 0.756973105303603 0.302731242419745 0.912401776797984 0.0094430191252506 0.770463544639557 0.771540491039455 0.991376619629031 0.653946566416743 0.337239079682144 0.867259157053591 0.963839062568909 0.468252609460613 0.629700632173711 0.143345993986773 0.710051034303783
0.12527378305474 0.581549636607641 0.187580289676956 0.755162345107217 0.478879488587198 0.261571803807889 0.00701361248972988 0.202564131031001 0.409073784395087 0.176871495056561 0.0826605820105566 0.40867847347509 0.315942940282419 0.114877285413933 0.688037004080508 0.525104429495218 0.456005559346232 0.33083410392824 0.0629444225951307 0.851233021380298
0.302092721593531 0.595324964858079 0.487795047733349 0.593381793234629 0.992513505516872 0.812605243314294 0.495093501093728 0.634621977467752 0.985139081339313 0.653134352357403 0.68612958891769 0.985682149478119 0.583803148244697 0.310660396267723 0.714471764592141 0.968892534724215 0.464945098204389 0.764523403380513 0.368991035001327 0.00670476827606883
0.019386675138627 0.381114758265029 0.261659672023735 0.694437021771307 0.0036891655342225 0.50446258896663 0.00698052424006377 0.0183990739128277 0.0338994412520609 0.0350483162980065 0.00603128405505056 0.97241254725916 0.0118828578906697 0.0267463484041866 0.132981365905526 0.192364110338872 0.182733363115101 0.222539053448736 0.00604273149363421 8.24831523806675e-05
0.355734483024517 0.800177259110591 0.95634293766815 0.802202325955379 0.951623279441792 0.42331562745235 0.592740594906917 0.971070602110607 0.992437610177481 0.961108997044244 0.987467011766585 0.995279276634029 0.688187553054674 0.292554310847442 0.866108487264618 0.991157666899056 0.623718638209919 0.70798734958932 0.552870203491918 0.996414631009243
0.0113544130558366 0.451666770647376 0.0547999132659095 0.607618254114494 0.0325201398919364 0.316914939441724 0.0160904684930659 0.000686793557823517 0.206983556069997 0.00576694455563248 0.00141011417305078 0.014412504204724 0.0247586916416388 0.0252433978786568 0.270742211254603 0.0430860872541245 0.309391096988532 0.130779172119256 0.00237798467165256 0.998281429792103
0.644362053255131 0.68634535640781 0.281050325974477 0.731851209504648 0.960401442652229 0.437999120992416 0.291702208757496 0.890050454217493 0.722254184546861 0.766375439943055 0.987546445831216 0.997740607099885 0.551791017041764 0.348048680575248 0.699176193690175 0.999904725639078 0.47289926244081 0.459385548377271 0.995488266230976 0.323190313170862
0.27138615166032 0.628893927098629 0.712744394674332 0.367232258933998 0.719130957977974 0.39275413858866 0.758978654292244 0.0893504281916474 0.364435700678188 0.49247553158754 0.457467840883884 0.92142801040136 0.405663795651512 0.0582686254420952 0.652296232554191 0.511737448561094 0.649989773040333 0.631881860295982 0.000583669302526967 0.623544068121387
0.645904012823525 0.785764654307561 0.508593079766201 0.585698221426639 0.983231992634945 0.633940606794354 0.704802171516306 0.986142848189489 0.866224068470127 0.948635420161151 0.879872254750209 0.989484566152847 0.467274213340168 0.299917350677531 0.794846237503947 0.996223106633586 0.795484751301458 0.752008926385451 0.149547493201901 0.997941619148774
0.0184767793241907 0.302139746339678 0.127995442407087 0.208003965785822 0.00159566432750102 0.409957888022253 0.0125726011402701 0.00310182187431944 0.145778170958305 0.00261832305365362 0.00265903450251965 0.0282944597834287 0.0134039076179988 0.0193954244120603 0.0666101759304032 0.0136461175071758 0.57960796651736 0.334533933869185 5.24895780353221e-05 1.35747204684826e-05
0.811141543173341 0.762890343106292 0.838143239403261 0.675762159813276 0.999005826897508 0.549066486258012 0.758125523313723 0.94077174506442 0.989197387616503 0.939429841679948 0.971754347610371 0.979153515433041 0.567817734245635 0.304152250654812 0.830749401144839 0.908625787725836 0.510611173501954 0.82446368649736 0.982147105921339 0.786015610059248
0.0951118096714235 0.518327936619231 0.73175560433183 0.577133247589322 0.10689993649593 0.242571265180253 0.0230717468029724 0.0882158613645728 0.373184801898696 0.313842625140694 0.0744398112660305 0.949441494666928 0.0462193587942187 0.0508913738559538 0.16418771123342 0.995845881337894 0.301817057116737 0.53616151039021 0.321001078816573 0.997659202078028
0.470568075024407 0.752266921454445 0.664860141603524 0.646268801738591 0.835130608418287 0.866902209603434 0.193409579935226 0.785436792921149 0.878792932898926 0.928285805493065 0.794376003863083 0.954411797926902 0.550640404344538 0.196703528422392 0.858295849857931 0.931443044133627 0.420524306051848 0.691308457578708 0.337317380895505 0.0425570064209873
0.315026285320687 0.650971373673184 0.87214931495325 0.84315386460863 0.779295186231083 0.371478709015853 0.165838680843719 0.844624093722514 0.962052925887457 0.909240452239896 0.979847711292393 0.879075455804484 0.736998920994286 0.429041620037012 0.895224582939232 0.997379846626537 0.617697177431504 0.633652450662217 0.523721835175574 0.953374194844499
0.342913782752678 0.553425203307585 0.638920536842059 0.5337769254919 0.979377704918226 0.666832480650124 0.0357203930030961 0.164991899900264 0.868819332574172 0.661375648400438 0.631771495306435 0.994089866628039 0.568045535508109 0.141542229021067 0.594390676386207 0.997402548577514 0.583588967954369 0.601310806615195 0.00153881864440947 0.00218309740398852
0.189845496073164 0.69284727458272 0.788964267037923 0.786360472625665 0.955690138635699 0.476229363945773 0.391384415757114 0.729647345070023 0.845653736312193 0.650435603267888 0.900747412403959 0.981717852598298 0.295691816673108 0.183941548851107 0.621771691523058 0.942258637103259 0.684477708694368 0.491775073337509 0.117998125214796 0.0141443217643403
0.0714838882286954 0.480368597602389 0.736564774550223 0.54630558034331 0.869241354564141 0.174003552572867 0.0166938659476236 0.239117634370711 0.346183937083009 0.0823033064738809 0.161077596626423 0.504660013316504 0.0339138120458573 0.0747680356801764 0.911535080487128 0.699074532287615 0.296222478146559 0.423879368592085 0.00319580058567924 6.50144448977616e-05
0.3373609439646 0.536982215236174 0.462621925830417 0.730787317996509 0.894169030534293 0.501934787173924 0.0496936009589089 0.498978349209977 0.526882044729692 0.539429577590238 0.353983307855735 0.98427013486302 0.288831775210951 0.190301970405348 0.399951756654695 0.978256906825498 0.531598706882124 0.564942399014126 0.149158423011676 0.023186249056893
0.116921494347291 0.566427446151602 0.184133649271612 0.389951221717009 0.671011344357891 0.565341903435595 0.0180411604200371 0.195327384223762 0.0172451717081456 0.312953800548942 0.0102420256178082 0.985157683506986 0.112551757819437 0.0656765505514823 0.43443420086568 0.927506474545381 0.207578267488975 0.419184948269628 0.456790498458497 0.544861364885912
0.382491447928511 0.726902394378341 0.921427084002455 0.765044415031558 0.97683582904147 0.557120737576049 0.584246525184105 0.758643805146711 0.87490070089663 0.977099519552609 0.978988982875018 0.996820639581032 0.622670477058973 0.341786001143966 0.84887087351106 0.998791645406225 0.308618095304278 0.652437551599504 0.0388305480128156 0.999999
0.0225086811541828 0.391682663901436 0.120877525842434 0.694894550224105 0.00970493322782536 0.0566958449749334 0.0373806669896706 0.0111279878952878 0.310690424344224 0.0218479706527261 0.0587368085519636 0.0368522548442257 0.0267520154219344 0.0168843978473736 0.191268999089411 0.139247158382371 0.46511625895709 0.178559725618034 0.921147096961201 0.990526363744148
0.426656467950313 0.689717162342473 0.739620073149066 0.845239317544552 0.889118501707029 0.755278320676931 0.221767323827221 0.974718661061806 0.969533067851234 0.829235366047561 0.973681040978036 0.999917062475328 0.60879147114941 0.3739779065353 0.794357985218537 0.993771417244907 0.808286175305968 0.780712300599179 0.887848007734542 0.999580530455635
0.831293355624359 0.827978385734936 0.824601563070551 0.893902734837127 0.997647366052591 0.74041950131796 0.730261190509055 0.979639621206231 0.942306394640188 0.982457088365931 0.997647200431164 0.987120969378025 0.946940880314743 0.590116630736315 0.983672068643262 0.999701783352135 0.809767739818725 0.88934025139236 0.998841775722536 0.999993891730921
0.778668492590597 0.739847189676569 0.910893473467426 0.706151844124869 0.983040044472705 0.304729165596742 0.177395311837135 0.967727925958944 0.960906118674319 0.736578096084337 0.700159237287846 0.998291416445227 0.319470383032762 0.234367599512105 0.808766662420663 0.744837306784176 0.463241082317018 0.708112639832793 0.176233674487234 0.999251258435922
0.224571852793731 0.58524807007431 0.658938117529817 0.691564166973963 0.395559817232886 0.536437463223261 0.305363745340456 0.736253473522487 0.821194978976752 0.483030717695476 0.319044975607642 0.968878125023149 0.26489912706492 0.159204183541368 0.50613508651801 0.994724794395794 0.50806616166749 0.512122462148017 0.00731233446684778 0.999626426472556
0.0234274615167989 0.331246504519291 0.134065442808462 0.201570483818309 0.0267305238969179 0.237644669253485 0.0125065190459597 0.0368897758940948 0.351103067661089 0.00703245140611025 0.0289156003362036 0.0439237601864296 0.025423798912729 0.0160976042065615 0.172239229285473 0.82403043030933 0.220078512186306 0.16910254317906 6.03227601787162e-05 0.00671764029762917
0.219754379642921 0.64381937329676 0.554108501328159 0.540892846880887 0.639712321725136 0.42708336251115 0.451367950267009 0.0736438340250126 0.754536470780035 0.3750492101142 0.164156485212522 0.970974676189036 0.308221099085976 0.155578072536089 0.928032848727352 0.827553714374237 0.631044328186886 0.694250941935954 0.0314159502228424 0.011923517039102
0.0215839702755786 0.450452701942326 0.316641121945909 0.249893358798783 0.222144699291363 0.493220588541547 0.0246456326136215 0.109943202526879 0.592490052542756 0.0516675799261449 0.0584974782714165 0.720866975451728 0.0532388670354846 0.0320137561106667 0.289211018067627 0.502961491437234 0.287818106553764 0.420450472023526 0.251954354410775 1e-06
0.307459791384685 0.681786808963398 0.846711711158398 0.609860140110666 0.667536318899679 0.150285430146855 0.534636307016097 0.16287987818691 0.852912112432953 0.593763715197216 0.462374864905105 0.959748435730568 0.169711219799254 0.142903401786224 0.511878963558906 0.985430504872341 0.282145690670071 0.483743739534582 0.000961291510220739 0.669711747142977
0.146372668643901 0.602779182862242 0.130131005784422 0.744826781000643 0.617633253850307 0.570720305379753 0.292717592844888 0.513454326810896 0.990158370742819 0.624965430405271 0.573323036453824 0.827990606588943 0.285770216909042 0.14274406861047 0.762784086928867 0.277019052689256 0.279239788015191 0.56472657506397 0.022670926304777 0.0417919242481508
0.190177191589436 0.70928545343397 0.852178980604811 0.691529273970279 0.779604621365364 0.337603343898837 0.339958006789834 0.928996190883333 0.989039722145583 0.31804417560554 0.6190332866363 0.85131801275543 0.141387517220306 0.15414050509973 0.518686925663552 0.99609800957622 0.5107481145757 0.598285308708172 0.153967171616288 0.999207255996293
0.532286653274516 0.618444887579457 0.785385873307422 0.735275150491985 0.998918851696155 0.325080769541206 0.742728225169121 0.884843917656089 0.992542532866517 0.971623562108329 0.996843832809597 0.723829016802196 0.848465858061678 0.500046187703053 0.872541906007771 0.999714798184855 0.83711760461146 0.799386179291594 0.990335571861192 0.020651025992223
0.44927650263966 0.811852622292891 0.963319059770064 0.625688288179625 0.995790665840035 0.229297186890047 0.652370804816631 0.933921393674595 0.982154845138491 0.893915531791384 0.968865861113697 0.996139860174848 0.826645418603935 0.632465452807908 0.882663808005533 0.999944551838235 0.838532676719415 0.890150461838227 0.969418360896219 0.989546953374745
0.0582516994841658 0.514607422041676 0.232764179490848 0.56317884997209 0.0631418898035958 0.588538673432455 0.0278273574522321 0.148909664026602 0.631036937576531 0.0560275955861367 0.136079972348227 0.866837445346654 0.130771891608753 0.0941284808409524 0.722322831235483 0.0342989915266685 0.425950621926392 0.353208317263667 0.0544956098767419 0.99775650555546
0.0759086682001063 0.555565620482084 0.317745221899562 0.493058356486349 0.313519830431272 0.437276152492573 0.126555730124838 0.0194753846825182 0.276571472644391 0.0212929548244346 0.10248585779445 0.640471011154991 0.0869710168955963 0.061586714247362 0.347141266957446 0.010685388934533 0.379005869833429 0.292562608078745 0.00559518041007673 0.695333098086831
0.09172686917994 0.667793809035895 0.093537376905491 0.660469358101021 0.0675691001297516 0.44762809720376 0.112555227060738 0.378278539177287 0.0715249719470527 0.226581517617063 0.117365600233378 0.394940351989762 0.177742653292506 0.0835995015891894 0.567833508636397 0.396831641591413 0.485173072682673 0.730468432206541 0.196659279366227 3.24480681186912e-05
0.07279539198044 0.440400050528919 0.219124558302445 0.452088322737002 0.233682826128052 0.0499521932319893 0.0975889997013557 0.146951705935772 0.0701515006320732 0.0314224248104996 0.0463953188691139 0.676297223107073 0.050883875346401 0.0544991800533738 0.384008526609679 0.225021439852473 0.404825987741056 0.25440579906858 8.62254096353768e-05 0.0244629057743273
0.333049282394427 0.450482400733741 0.3252782476352 0.777037751067604 0.783049650972846 0.791994998926623 0.0147868994284503 0.823700009537378 0.144158545340394 0.741529086129771 0.407267465676743 0.98056077184168 0.178997376354489 0.189377953538744 0.774419444891015 0.874003890933299 0.687134836821939 0.534395542719588 0.599044828843155 0.0930215144311031
0.755054248222246 0.755405358444953 0.943437442492982 0.72017305298961 0.976158223824129 0.613087003339917 0.65844856396133 0.997786523967593 0.998821416912001 0.995781690094538 0.989225782622203 0.993130132809231 0.890289532456339 0.535229593454207 0.890366402577792 0.999964580778949 0.836850236216815 0.847755409182833 0.995048364008589 0.99999851188458
0.0343523939409205 0.528165659136444 0.131979588688496 0.632184623622522 0.408148858786893 0.116479072904893 0.034478041050293 0.0168789872634242 0.558704017064158 0.16782898580268 0.369293943282896 0.630583420425069 0.0899019102418966 0.0612897460804983 0.393256820058866 0.709374940493948 0.273438352585119 0.16292778564854 0.158295137713812 0.995577846772883
0.223979253473676 0.594095036937332 0.129067053645715 0.753128117007015 0.127122736449482 0.346037644760072 0.325150895618893 0.495204984547146 0.409833284506035 0.303308077168042 0.735908651932853 0.703721584819725 0.0767804410828193 0.122733384584136 0.707616362146932 0.993725147103783 0.558623000768837 0.298681572175854 0.0116949021423635 0.000159664180179105
0.555881891653005 0.629328219118082 0.184548193400921 0.616800153862933 0.803055242051484 0.242461122471495 0.593931931217401 0.866864290994775 0.948384053180354 0.780928553946046 0.661121640334537 0.848402922137104 0.534957436016282 0.255567767090423 0.707474571458461 0.355658723922053 0.53104287219455 0.445805256946535 0.342611748191994 0.999992107002116
0.235158083206904 0.731133525290477 0.788354127782512 0.488356319910856 0.711154710181602 0.259920321476315 0.117802669668019 0.962891046181974 0.243205158467444 0.810376462315471 0.284812638308149 0.883522750718737 0.684760889225574 0.223300515983091 0.650657646407896 0.92431412225652 0.592293768167005 0.777751320159046 0.993629092039767 0.0205809403892277
0.829021118316188 0.834534472320351 0.628029087050566 0.805336496342503 0.999919094623216 0.742776411948884 0.287863719198093 0.997278145100295 0.968797850272539 0.991976492424619 0.99581932912819 0.866415113743003 0.824532965796193 0.684670504784963 0.994977122720844 0.998317697779832 0.593582008712929 0.746645087244653 0.98133192187158 0.00630389659662788
0.237716792666172 0.548931613920036 0.423208042743985 0.597100687939165 0.397738940969191 0.122026497623486 0.0816673312135555 0.134415769106011 0.169378976231975 0.498899344896449 0.256818038101751 0.997665492948462 0.139378080721064 0.203137824679191 0.849552050932181 0.92608986370492 0.257924252287432 0.694870903642659 0.864116764244805 0.000329786157285809
0.0614863771301973 0.561626850259908 0.274782941483803 0.594966046923107 0.0190936769649628 0.0770610159105022 0.0576171091220009 0.0264320034072729 0.304244257442495 0.112023523227381 0.273603407576318 0.82460239166491 0.332567380399825 0.0436937862683158 0.700572410862098 0.957263021186607 0.384378427213484 0.747627129013172 0.000238665022108975 0.668767918160659
0.433045263777003 0.668626544856554 0.669933526419367 0.331671335898623 0.934692874487348 0.300489595420656 0.0354253395427993 0.238958157970585 0.943479806968858 0.793645603957476 0.495775383955547 0.989233595830453 0.398422289924563 0.161309467837011 0.525569316748447 0.989875744844578 0.610032709477377 0.532941952587617 0.0359108435742986 0.678043612745177
0.335566911069934 0.758184993326539 0.823909323644758 0.715449334106668 0.950888407078744 0.824437730073941 0.613659324282722 0.808418020730588 0.968615180703617 0.883693355514668 0.364334429117106 0.998692268600765 0.532424302486195 0.235194576576038 0.879394796261649 0.984806133653593 0.569740254672943 0.583094997583368 0.863458699002828 0.000232722089249622
0.388874666601347 0.5922742034726 0.852247953610416 0.773397637075729 0.882455931409159 0.603238663433374 0.317198510218329 0.0516602622085387 0.237808642973167 0.642516154760646 0.390798119142695 0.984452744926668 0.588356897539827 0.156784358422961 0.797309787419729 0.995642720682899 0.518341390524996 0.704087215795304 0.990432746818233 0.627881193322473
0.00709255765794664 0.310975598266509 0.1356808780125 0.689049530791504 0.00240397117972532 0.111558253220688 0.0319191843556368 0.0049892247675714 0.0467550247035366 0.00485203116774657 0.0026940129994777 0.161650705880938 0.01339808408425 0.0266061161628453 0.500306811189208 0.174723942458878 0.323733168667139 0.118947653126939 6.06389584524525e-05 0.00078566627453253
0.373222644971268 0.628984338919543 0.406753559008077 0.620857436107314 0.971214339877585 0.545531594904759 0.387309263055217 0.310734899984812 0.896502367683715 0.780829169110963 0.293156211277566 0.996508250148894 0.224291857200792 0.14013122286552 0.816252899613325 0.88328112799671 0.300424032393525 0.828812302331588 0.768998975721379 0.999875930052945
0.248803531857838 0.652969740453348 0.864390115286493 0.443309853186665 0.295074957570032 0.627378392179361 0.0977954218058194 0.926901824953147 0.926328082332507 0.732388628290733 0.588426342171948 0.985173325325512 0.46232001524249 0.156571172138588 0.332683413153951 0.996604253920013 0.772504013272359 0.692203433492987 0.0362784846034986 0.00103087295747666
0.037023230647168 0.317494812770439 0.739490295913903 0.721176950042228 0.488017805364125 0.707342908394218 0.00721313110813591 0.0135641199773351 0.161483355877196 0.103123185067161 0.380933269977347 0.860630526050178 0.0220819485540756 0.0529054679814636 0.332700473573112 0.856395738693102 0.190535534171105 0.391221638688164 0.0371147440275626 1e-06
0.492662955550967 0.730802825640655 0.840439525711495 0.845155112502205 0.848314742336018 0.777651169426121 0.45430923587379 0.980412161150341 0.784946219320919 0.667766733244999 0.650153994143887 0.587497580698307 0.720747508980913 0.231003022711948 0.778797132932083 0.949559066801586 0.433993002638349 0.763009908835314 0.985827696925054 0.946635240159427
0.117594600995902 0.533416016520943 0.364951398487711 0.460180782177893 0.0619401773400556 0.118720049256818 0.0694308179011398 0.615422766671175 0.124228104768733 0.850015681698455 0.138834612716747 0.712063180521435 0.0694311548557464 0.0746860819912084 0.578273109210606 0.965311740664741 0.529427678742405 0.447799568162563 0.0399618503856407 0.0212642185866545
0.173138663187211 0.490492019175477 0.210342332140623 0.238145028513153 0.781132157370188 0.117224601768484 0.189073936157897 0.828807138818539 0.99978736516238 0.190853199594882 0.64113025848276 0.942784715234013 0.21348096383373 0.183839730417997 0.210770623849495 0.998509605265164 0.397421666125783 0.632738549636663 0.608511247387417 0.038486950270702
0.111727510984346 0.616342850257269 0.659518717071396 0.739803946386778 0.866073993369299 0.469499527530944 0.309750606647685 0.572738353824685 0.0712825701658862 0.333421406372486 0.75696858726811 0.998292585177699 0.314624836146876 0.0982330216070733 0.771318062156427 0.902048764708927 0.600550172065801 0.527684370771339 0.0422367745671516 0.0103985758390634
0.243275868176652 0.631833130875841 0.702006562156222 0.770223554260092 0.513884536767532 0.241960835774311 0.0407391058054332 0.672993518557934 0.972081593225459 0.589213262031339 0.374812524792003 0.993491794567605 0.301770968095348 0.119810329733819 0.7173999249908 0.487278339714844 0.638241099342727 0.44374223187257 0.719179101557838 0.0258511182759109
0.126283935393954 0.571079945929476 0.0455505045821041 0.65080010314278 0.962866186255543 0.309784944916983 0.0775258802694858 0.884245328682007 0.111843408369595 0.221784285335878 0.80339511310578 0.57849747815722 0.221840509400345 0.1383782014565 0.760938224106047 0.995229237506449 0.46073832500046 0.514663757932697 0.118359016429186 0.943481738796209
0.598384629819369 0.76841656699066 0.613040964374019 0.640315378701255 0.86011448876961 0.890164117203773 0.669343124236603 0.933387886722468 0.999955827238251 0.915485748554722 0.974967129686835 0.999662998745482 0.417646044756906 0.582470605773783 0.903511934276307 0.994284624494704 0.721224832255388 0.928106785670673 0.00669648004540002 0.415643118560902
0.36970042199607 0.717164977992892 0.963244369093494 0.628346505755064 0.784160314465343 0.755162572557404 0.123172675743119 0.779604496318462 0.945216121171752 0.891599615559017 0.578847261355188 0.980020935343033 0.354223046120854 0.300844289663939 0.647383217287929 0.767123917341079 0.601349209182552 0.687139415302211 0.199689536412283 3.14113716663714e-05
0.673590818414945 0.642711858422753 0.630212385266967 0.696395013421354 0.854000438040787 0.51489018568946 0.175774218530293 0.973128833317757 0.691366734330098 0.89246755584415 0.604181099229377 0.97112467723105 0.686175094406786 0.152143930137847 0.85187132707656 0.999842325127938 0.490463231394302 0.717804839111106 0.914236758312004 0.939328968808691
0.297361926157354 0.578976394416002 0.932501534808277 0.840763002459224 0.990349916746805 0.296102826922918 0.124221355361213 0.852882263270893 0.899898492042699 0.693683523425597 0.737635010182296 0.949262584107165 0.371104595048108 0.108112380028253 0.566531807362762 0.970843342343132 0.463966885890574 0.612862161261205 0.115488229078799 0.999135061871312
0.239824495544954 0.626757249851659 0.468719918478507 0.602765583639343 0.456552743522064 0.396787783702497 0.351724196418554 0.38049338340053 0.951134922102582 0.870892785081202 0.701809894935196 0.832790664386407 0.360079422629005 0.210989580247831 0.644591273445513 0.999683370741183 0.754200731195449 0.464373414044697 0.00845643571231993 8.0321674666879e-05
0.421646212833196 0.747054339173487 0.943119250008321 0.57182178786739 0.867919861139422 0.296715775830972 0.663042383363222 0.813189072713258 0.897268760483081 0.948971320086138 0.991942764510173 0.996897509412123 0.580745043269101 0.252872463415468 0.771058713347286 0.998433812612015 0.75274637600664 0.580313452381422 0.00112358380335723 0.919531641930615
0.252883713391843 0.647650961753876 0.440368627870234 0.56919207785973 0.510413280899679 0.654020780847519 0.0785480599531066 0.322076208036914 0.666999669247743 0.653717829077435 0.0957737873253364 0.934820694541964 0.206863474378059 0.0640033595890323 0.348468819833319 0.952611817882538 0.266264352853406 0.312290613231732 0.000164419019136377 1e-06
0.132094496185142 0.643806008650809 0.723114266080372 0.48369471116136 0.602278661711833 0.32925646818809 0.277703596594898 0.42810785571197 0.730836570810516 0.60313778104574 0.0718937530629645 0.924818248430758 0.155035413701818 0.0951219272060417 0.77247220216828 0.152003798191745 0.554538097663968 0.41105138321096 0.00993367515664878 0.00154883411513143
0.769839919786917 0.782514345496554 0.93331606148346 0.605548742311106 0.991989198891551 0.721723113606833 0.684574118914384 0.998683043113716 0.980738119269418 0.973647780988076 0.989146273302549 0.999908318887306 0.858707966173756 0.612525221936187 0.868939331464504 0.989989661911429 0.52302431384514 0.788469628768365 0.686934652067609 0.999991915661511
0.209613815458851 0.598634445206803 0.235687442642536 0.65537618932388 0.716695012700044 0.708852874466936 0.0266236036784026 0.13049234895924 0.115294243098087 0.212437768797006 0.16371655923103 0.815241457547463 0.598685389322492 0.0991171384368222 0.724087556136745 0.985612252798978 0.439914684399857 0.293306232338283 0.00823045562352046 0.591469767961807
0.179649535415479 0.573100283034046 0.830665144453883 0.527523791278685 0.111719552701949 0.506918301894085 0.0233838973816463 0.0682422865955736 0.792925355994298 0.527087600338051 0.204990036754187 0.958564197180519 0.303498578380603 0.0629052636055442 0.882255234746979 0.84639012796061 0.567344118341081 0.43230113875215 0.204341325761764 0.999360927933306
0.26600578344403 0.656394473269714 0.396472754500533 0.811680227381185 0.195448012944843 0.211762453418213 0.178768722029867 0.0541326354295928 0.74923762127532 0.369691818503432 0.220009323650263 0.932377591686331 0.117054071983649 0.103534459767236 0.240170848643044 0.99537054946926 0.60832707628107 0.425291243891817 0.0035319268818014 0.111395623498512
0.310434871767356 0.596545393893626 0.596807056099049 0.258494631988644 0.583755205181395 0.169000313146051 0.131624108193414 0.500353340619031 0.968997434774499 0.303295123433468 0.038619770302621 0.984544205080614 0.424724794572903 0.131758187758568 0.62278793952403 0.992834898528059 0.125113183563178 0.611033696190654 0.824965872403619 0.046254673844607
0.0679011284344379 0.52138720859117 0.41561783990654 0.624337323795808 0.552493634101058 0.319256821056243 0.0756663528001806 0.101513498080762 0.219352411211364 0.261024533460696 0.105574534037952 0.693690995384732 0.0622348005036716 0.0390868461987417 0.630125555557188 0.992844122411538 0.438288038297854 0.376207955114624 0.0124616245143079 0.999994214589037
0.0621512054503852 0.540170707002244 0.283799322378882 0.609111486900146 0.0989714928092228 0.14957639188074 0.0320440704223873 0.013796037357779 0.556798952274184 0.22058212880026 0.0783618045473311 0.296083028051652 0.0804077676955161 0.0319739475936872 0.523841789099539 0.833687767830065 0.265049302476563 0.434507074281539 0.013489432280054 0.00041947249314661
0.538054570503916 0.773241401617587 0.585540267963455 0.495611029734899 0.996887562036059 0.675789868936201 0.28644364687048 0.986793552164925 0.983475254904736 0.954485692988914 0.988498894009941 0.995674281276071 0.646944075980953 0.625430883320205 0.849205778693113 0.99952235809813 0.765082986024062 0.846158309851786 0.625713019527558 0.999988866131454
0.160979892549002 0.595092234608514 0.146133461181989 0.511007406515674 0.249457473123002 0.525270914627031 0.10782631818366 0.154263501878055 0.993343669492661 0.0488303857361413 0.266246658500234 0.998485483726579 0.104045028952027 0.060311463022609 0.483891869626026 0.983303587786547 0.566625139767771 0.381351559060071 0.00908000727541205 0.925602824791002
0.0409054204495057 0.521158635927443 0.243940677238946 0.546438689119468 0.096190767662854 0.277970858614179 0.0727846173659567 0.0249237017360704 0.076887329297693 0.0387289760085205 0.0456636766936461 0.55551036423239 0.073874143078726 0.0489087472971984 0.65044756559714 0.957643362244506 0.494444255484075 0.253678072393528 0.00272547275115047 0.975475980037933
0.0969488874749844 0.570137815510929 0.191331329951947 0.762814579551824 0.186563981848143 0.458053740477295 0.0906778867037096 0.596537912669527 0.0388111943299864 0.178816989037341 0.587426064386313 0.042741437098523 0.121603974238279 0.0831541800862624 0.784589909059075 0.726594351885809 0.431012755385307 0.591823584959833 2.37448259918826e-05 0.0491469813545606
0.108784507421094 0.660377600912997 0.314934497871076 0.75756735213259 0.106574948992776 0.740616492522738 0.0255868218819824 0.891439438338767 0.161559737480902 0.46582219729458 0.630100821164854 0.834426675177889 0.459191794683525 0.179276347781114 0.735941716434849 0.961112362800999 0.713440978140374 0.762195760278529 0.0290467390767977 0.251391418102896
0.252521343707459 0.682121746943921 0.69346833639897 0.708441772183677 0.558680938637721 0.830837832752869 0.098351930549788 0.959411191949684 0.702716909801182 0.570785191150117 0.868593331254359 0.922240889116176 0.360525458655869 0.308607972531653 0.814256661681307 0.998159480502361 0.776398761669123 0.722517901342929 0.279982597401075 0.000150634740791632
0.80895924978604 0.855418308741239 0.966561907528972 0.638161038836785 0.972171247566727 0.408384402370656 0.68248481305762 0.971717930339932 0.969861266326428 0.966317853603401 0.953214181135022 0.99762104079377 0.691393042724596 0.387298937875843 0.993836630797258 0.999153564079844 0.558212890711391 0.869167487333771 0.430482507339012 0.993916162017426
0.0418739245000525 0.519181073618172 0.180214251053775 0.702770591577954 0.226179348416436 0.326422390440202 0.0421228552101806 0.285628088844117 0.489683855739717 0.137822712580067 0.075361283766359 0.483863721456705 0.0257346142549224 0.0322880554416897 0.84748796177793 0.755908939791897 0.264448284210062 0.471833835454587 0.000411485487129406 0.997428730441814
0.693937047184737 0.80396449353199 0.948386678091793 0.760557646689302 0.995639616640482 0.62199192709455 0.517229194994989 0.998713816199932 0.956914111955122 0.987193908260336 0.991000211826464 0.99957110196531 0.727070668011724 0.605502653528327 0.97345302200703 0.999463411726092 0.810624210750298 0.60990624716186 0.756757014035281 0.637450037569817
0.30390153321129 0.640500407370006 0.591061771333463 0.788622738211037 0.326668059890466 0.149976193503605 0.642492327999717 0.583667292221846 0.0693149088109773 0.900902146284033 0.898713782028157 0.91171064999241 0.405549909490856 0.39130820222011 0.90199486602958 0.989207692804327 0.681834597330369 0.505729574265744 0.993826730957622 0.999712740033385
0.0902010500950249 0.542542108234384 0.242254307706032 0.471585287917165 0.11196841050105 0.269484327352489 0.0265892165470679 0.425623636972145 0.171239712111611 0.166681270926178 0.0353029225148901 0.640379189788653 0.0854929581119342 0.159905309757811 0.279943606759488 0.901812047565736 0.0705458643541341 0.53425077878157 0.0963758959606323 0.000248372801983531
0.144396197938111 0.555424316137831 0.804056105593773 0.575500654802224 0.698617907825115 0.576507814937873 0.011921848466187 0.503824364216694 0.636340494844664 0.318620117276347 0.123147706904304 0.993370851485765 0.236982475652429 0.179177782070218 0.248804054379677 0.978562262158504 0.446260895770089 0.511581895066524 0.455604173105102 0.737967519594159
0.745683423247649 0.819049073633897 0.961256472447708 0.569859153244659 0.992385386961618 0.454204792052592 0.532279569019615 0.99152885398428 0.999206571248298 0.992907527534971 0.991515819932171 0.999442633549019 0.833827676581631 0.543299851658067 0.972599554855669 0.999626753974767 0.510774635008046 0.79371857301286 0.953740156878299 0.60028587908765
0.232407061777555 0.642373345225884 0.722349989493374 0.627498912001314 0.902732310016979 0.35914723762597 0.017330478416112 0.152637746961239 0.826937427146225 0.521817005216238 0.486612687224666 0.972208266115027 0.239631651223896 0.074823874381442 0.556822405795037 0.411086127341989 0.276127742776635 0.761616070803877 0.0166292976560874 1e-06
0.520984243199637 0.661314546485074 0.865981402842505 0.778560296862605 0.76410728667268 0.839690059314035 0.321235275150844 0.984975470697181 0.986335309814374 0.855584893358969 0.969155110113895 0.986078876458053 0.396992946583207 0.334331452422603 0.729361530388714 0.985194164246969 0.638035407914686 0.646698531761495 0.205980447276085 0.999616137440565
0.122323328873423 0.646517565735005 0.0625216807433189 0.582557042550194 0.62856650986379 0.586269508954639 0.115581023951267 0.106103465121263 0.359267738484925 0.0548506313607701 0.0494553089302892 0.447021937732754 0.048099931972774 0.0229873056757424 0.711932531404569 0.186018617572623 0.463023004342378 0.37375319970864 0.622071587311802 0.0377516921173773
0.25510573675257 0.71442398670206 0.757831538794771 0.503626051863869 0.945956437578751 0.740606883549339 0.156751926905204 0.95185376280327 0.972979198834039 0.703434827706117 0.952392457016705 0.997620225648904 0.522233547941705 0.297014264733645 0.753549483594013 0.766460074229648 0.637549733716476 0.82221423594474 0.00662218961909854 0.99662943116065
0.0824068816240653 0.426840587046081 0.23519297338858 0.369776363492327 0.417196607700092 0.387308371472941 0.166475129965945 0.0550500781415403 0.551579254183563 0.0383253750067089 0.0366730183318934 0.782267617905442 0.0359538748859951 0.0733026417890616 0.435958742373352 0.217726835496683 0.736366231145479 0.40016788662528 0.090069743134151 0.0776555737444361
0.509084461166789 0.759098243927241 0.858356478059333 0.617170020021197 0.936662189502955 0.567674569910117 0.302913816866177 0.977635432439917 0.950372577477112 0.943153138856301 0.839441381720356 0.980548973927859 0.745369288848874 0.2244382004025 0.880413040207774 0.861728630750068 0.617636373315209 0.763046803007866 0.96581712559533 0.999568434351307
0.114222573290411 0.525676731933306 0.305823093102289 0.509677824012988 0.118985584876995 0.237715219848733 0.109757501651205 0.1428836033549 0.0934338613051446 0.0789029718765655 0.242135602813614 0.865195396144105 0.0499559517662626 0.033227078577795 0.187759166928994 0.998932819675643 0.385617784761924 0.220093657866285 0.00820541118137613 0.458367948335391
0.016631432677911 0.424343876635671 0.449048077209957 0.644657117712175 0.0185459699549689 0.280856198456497 0.0234103398761482 0.0094799492358376 0.829003012045125 0.0168217212929736 0.0367824257117078 0.766903997130839 0.0219247572141303 0.0139187949414251 0.236156216241045 0.0513346600374781 0.13229664592856 0.0792103551784591 0.00423125745608932 1e-06
0.0157717996729231 0.528227165657434 0.285380067688648 0.674022311147533 0.0292197520975404 0.161950826444256 0.0121995269233875 0.191569666318558 0.493893549748192 0.138255830780372 0.124637872534005 0.522030003084778 0.0264802727897552 0.0668467161855988 0.271757579837281 0.0133760733825085 0.578981748398618 0.426978435305876 0.0294313770819184 0.00680027521801777
0.460819187554068 0.756179735744732 0.746869319156939 0.60148124375636 0.384276874841637 0.476517968045254 0.393398594011383 0.971576647838393 0.914872591452976 0.88599123383388 0.307821653384498 0.990229847597046 0.515379956955839 0.202437709092972 0.938819334544864 0.991212143342863 0.367689914823022 0.72568482540754 0.00265734583619057 0.999644631030262
0.0727050714322289 0.543091110892851 0.523131971360845 0.840774912004903 0.265795454094985 0.205784681473383 0.0313596756462033 0.289963323958675 0.516057354089927 0.291761617927496 0.246713789897029 0.952359669101549 0.0552803767669476 0.0462599165386001 0.526111846991835 0.0345513573280475 0.407693483293779 0.576154046343529 0.00132122131625842 0.000207752434846874
0.489321825156724 0.601879664355095 0.771067504309144 0.759830145416496 0.911707484731581 0.224976502480435 0.678940038280276 0.775302913403062 0.0642873602824256 0.813251521287301 0.604596389009405 0.563375273735849 0.465162414876457 0.149290817174686 0.713952744922375 0.993246533991838 0.291915146671189 0.582755958704345 0.00829529289822569 0.510825395958939
0.0248445649393581 0.428532750203691 0.187034561645605 0.516606053011136 0.0866745677068477 0.257179618166397 0.0145640271222471 0.110106254681677 0.554897366084742 0.0337602859945064 0.0326851914596074 0.616511185320003 0.0549180641754487 0.0498636908388433 0.149420717594043 0.561107850338917 0.640045949245914 0.401137507167416 5.30038761912997e-05 1.60422243888174e-06
0.387589081818465 0.671404654622535 0.739782409013041 0.634088231876283 0.958595193890273 0.319303001454726 0.421845351280222 0.971554989267935 0.978553207526446 0.874231386348448 0.784788772643122 0.936773575840231 0.44299159383435 0.14251880999194 0.972862103111808 0.967077374898187 0.767608002109738 0.494105522874518 0.186655660315968 0.827027870136921
0.0314604040403204 0.529784877075903 0.387661575474895 0.770975193104247 0.0742589436720505 0.455441214312266 0.107343049933342 0.0121726039575522 0.147518736200871 0.0606211328257671 0.0176026710826362 0.710709895664771 0.0620589425871403 0.049805356420916 0.531862222327651 0.753843947467838 0.166950745236071 0.182505761567551 0.00594165566590998 0.00317352622237321
0.0184537715520646 0.473598899807018 0.0528859273215087 0.633394344889405 0.190158276788269 0.125890261907074 0.0165026562428752 0.0232547816051703 0.0337505844790812 0.0212026885596312 0.0194172257552975 0.999335320530835 0.0225380885215223 0.0105428413066688 0.280089620857187 0.218408744967019 0.410517826857321 0.252066271770236 1.42975774266877e-06 0.00292364537111652
0.573659530778185 0.587817053042637 0.487823325463417 0.327850072466938 0.703164915036469 0.556676020434328 0.108135131884459 0.973268378367125 0.976188109548101 0.552414985046601 0.955510176218697 0.995969497037467 0.580451180412939 0.389508869549395 0.632425128507881 0.99773386351533 0.37986276826953 0.68701825525841 0.95970262900704 0.863953968489147
0.182795376571621 0.654254567758732 0.78940178058586 0.602919343416208 0.473442504400581 0.398044097951616 0.0668184069172872 0.946226398155249 0.926995483395067 0.20599283137689 0.263313656480716 0.914572993813074 0.270961336301663 0.0613517957601381 0.692562466696057 0.935148929357933 0.402746098100164 0.241911922832774 0.00104740156323329 0.0128310141906283
0.0510512254935855 0.414899167001556 0.123660181975923 0.716547835295067 0.274442795099374 0.64097401859701 0.0383713193129083 0.512419918965598 0.744418252496783 0.0466540268868523 0.0619104203709249 0.432326604248717 0.17414350260687 0.0466100669103446 0.245810881206398 0.207199944459077 0.65306051619285 0.43050096436789 0.0199661844171028 0.801409992785314
0.367392691608429 0.681257760605791 0.885374310242393 0.524644431649711 0.244786332764089 0.617268146510879 0.286168644407949 0.245388340332883 0.888468673826996 0.268488028570018 0.290801490575169 0.990790066254365 0.235743263442137 0.0787242247456625 0.689801996254006 0.88353880308101 0.345354092606359 0.699086490452307 0.00677091915110614 0.797424423434916
0.0975774320368423 0.617819953446608 0.422276136604394 0.689096703246672 0.173395918202962 0.444302923355673 0.382974511316926 0.30235407233319 0.639162904986228 0.275174514595028 0.242028737521191 0.981408529001986 0.132786535938397 0.113544685916077 0.637187319647861 0.944572768840793 0.59417965971323 0.376297568943139 0.208600996671898 0.999876886770914
0.199675448513135 0.659226439869136 0.425756253353315 0.470022997197564 0.636171118271513 0.349978373907835 0.181847581207101 0.960666189785067 0.916146180955826 0.362537185882195 0.860477266958162 0.764763691486378 0.452672409124765 0.154679584737474 0.876495144815886 0.937113606675852 0.677513734888697 0.650371494178489 0.946950734891837 0.0246820738185793
0.690309897765898 0.838947258759615 0.754582094654159 0.770266062721066 0.899189672738772 0.449334714716536 0.809197089228334 0.509619481958552 0.845588804684181 0.734952792789343 0.886617228520522 0.997716752045027 0.57233036520827 0.382344380297171 0.845059923619563 0.974088643037099 0.470512512085421 0.549494842014497 0.00173688664095409 0.999872096778323
0.0424970153614034 0.483777767264536 0.363126690298256 0.34101260500776 0.227359879235047 0.291744075055748 0.0225944209850714 0.344986432739662 0.00861013888000982 0.0247717757475256 0.0433344249358965 0.738870210794031 0.0336666616693181 0.0486090882286746 0.321820295105224 0.348383658622669 0.337311245712006 0.131228040032391 0.000867579106939385 9.56201391884457e-05
0.176247212861822 0.692183280039732 0.238585075326052 0.698074334873038 0.835719330973041 0.70860003919941 0.0598491629806431 0.282270639417778 0.60099485535333 0.170462844178134 0.722738561569396 0.997668987220767 0.139990837052147 0.160407712934244 0.526027722718304 0.554913863304085 0.63311011367093 0.517591808369792 0.00515401110101366 0.00119530746826199
0.237499158300364 0.683606853926077 0.712852279262619 0.632074114600103 0.954721958437276 0.363064651686748 0.135821785145475 0.990381847949493 0.991408726620832 0.892054518590334 0.821456816480501 0.994598583316957 0.584174240278982 0.49787844501882 0.912161017045135 0.998004607502328 0.73052483596856 0.799957101395096 0.0796820120144948 0.808553757911755
0.28345214270202 0.706754743284539 0.72984768720763 0.697811618620501 0.871557555450497 0.39029164893563 0.207693410974067 0.696468267664457 0.992177418181152 0.90288586656707 0.869669809404219 0.989688595958505 0.638316682911131 0.236668356247487 0.820622681612213 0.962009009450465 0.631415733112879 0.612258848718966 0.00497429350208821 0.0136258957399366
0.0770152565028216 0.570548034904483 0.273060974274909 0.521763706215943 0.984639229343094 0.654004601650985 0.139053354735256 0.643580778238974 0.551031171616424 0.732513667170422 0.0512702438844528 0.986567434230364 0.151351437882882 0.110985813875562 0.734377635756391 0.985343223854846 0.514108687079728 0.695197506229426 0.384569631412895 0.999982976135025
0.139593657812965 0.602267793380256 0.881839733450513 0.688913479932556 0.429532471348431 0.517599012191485 0.0449255748445366 0.766038547473715 0.19081787269818 0.308360326545594 0.164971511406248 0.967546890044534 0.10744861637377 0.107886720707914 0.792326319402792 0.186679129886113 0.262469554234324 0.4136572796315 0.00950050613125386 0.999992464393859
0.376800078277059 0.686284321288322 0.68477893940486 0.673629175831717 0.44691563696345 0.1453510323596 0.185806904794576 0.869401002040352 0.504417562653481 0.756703475830114 0.979742567307867 0.88548648354911 0.309931514086838 0.188791086190293 0.924574677851149 0.958945248241968 0.533018436317789 0.818411794197159 0.0110650095015868 0.999986508361889
0.100591892550354 0.581624145970307 0.839701189615332 0.667721768057332 0.286759262913583 0.104565889850044 0.0917886450189604 0.497247327452974 0.261770361767503 0.420470082330573 0.436440945887279 0.981147560874601 0.197648223591278 0.0766156512754292 0.679268223601035 0.598544208706189 0.410569222338522 0.392542783658358 0.881899896403828 0.0219669510379401
0.140444027318498 0.548616538216877 0.681307575051601 0.538583695429915 0.352442313074877 0.410629076797424 0.0678293001388403 0.151077505675424 0.447852294041694 0.0186674265794538 0.0202276532098646 0.351455906617 0.118397533340719 0.0549008045431236 0.674801203346978 0.935581062113997 0.487417144691802 0.59406029156014 0.00732298830692032 0.0984755081533305
0.267252655858477 0.715627013418278 0.308532509323776 0.762799237011425 0.817406936117196 0.659607752167831 0.453746844532134 0.718988847072127 0.198575786865911 0.61387580968173 0.732147789209742 0.963773078837987 0.318130633717772 0.201266683100468 0.885746071212167 0.95111112595445 0.653848257659802 0.489235651630655 0.827274043312132 0.998128863688683
0.0312501685259465 0.359297486335786 0.173560842739761 0.553626571646547 0.0618636955903524 0.069024511485247 0.0067185974725389 0.0121819667906502 0.62687128558703 0.0606151682237723 0.0180017507257101 0.059486699962427 0.0075837818879852 0.0252533884803956 0.274924711690658 0.626679082891632 0.430287331345584 0.437378194890718 1.43306266049146e-05 2.4747843888461e-06
0.078240437366746 0.607084042720222 0.203578427418569 0.558173408349049 0.21260260367989 0.416225044052239 0.156103776584991 0.170549838698701 0.770200680289299 0.225361405048559 0.373702598977541 0.923692277902872 0.244263789338534 0.0985927197232781 0.362213116599249 0.699979777819717 0.283744782850246 0.540233678733071 0.000393785699117584 0.987051702603407
0.117448152389411 0.512130922192644 0.547008171748908 0.435283659132888 0.938670955123982 0.234746220805267 0.240660576990453 0.855680418590542 0.512743162905413 0.226963028522866 0.862918639354348 0.962680366208565 0.264558810479154 0.127390003486003 0.674938603416841 0.967165773737327 0.463627851887936 0.228940634664535 0.242522909122006 2.20477980628807e-05
0.315629675612896 0.631006957712742 0.372865915860921 0.612663845120111 0.380806144916223 0.227952446288879 0.0355153607019624 0.839317375754984 0.0595615945337113 0.383316908444856 0.560415889730693 0.98121651331268 0.0900964684840622 0.160790915659276 0.634832894132611 0.900667987976002 0.724947540134835 0.39546064478475 0.284060575766397 0.00337559702511858
0.0447268625424628 0.48911945383205 0.204250232364829 0.635990796898132 0.399998713347608 0.578744940915474 0.0574657589589326 0.157459499709554 0.082891162178014 0.121622933003315 0.0635654764689622 0.123871801545467 0.137460891039356 0.0472757131093567 0.539481471099735 0.746448866508254 0.503916431962459 0.318468919093665 0.0976477642987192 0.00150709943365995
0.085398873971208 0.423862588806181 0.0787862671741876 0.563961847349304 0.0123021720588614 0.377215175861743 0.0216922817032282 0.0137085013143308 0.172808557444442 0.086806554669299 0.00719519797923737 0.139716019983083 0.025263842411587 0.0539257969436155 0.119509679174388 0.0181424217555546 0.254099307989781 0.61408020554055 0.0283160589033737 1e-06
0.431296603504324 0.694284135933375 0.368155470931317 0.735311297214279 0.935139654030322 0.608680896744934 0.386832288036522 0.831207814641345 0.931472869537432 0.501438836783058 0.835424816742248 0.963892423521797 0.343552256082008 0.20332891533318 0.46416691923931 0.999741595993989 0.608669645059299 0.76187294833454 0.111598845999179 0.411209719744331
0.0625549206289858 0.622987649066538 0.342254185982838 0.283245587316841 0.17476374961309 0.0783819994101528 0.0235062596194356 0.12326602318937 0.122655385161716 0.162996332359505 0.0217336730223707 0.965808631282134 0.112582761897685 0.0481113513720268 0.71471445214108 0.260388749056203 0.287916981312012 0.336979741095199 0.147350434132946 0.999999
0.355263974082214 0.692691742467578 0.871468043732406 0.72319495977525 0.857844050095156 0.338012769397313 0.159496389217915 0.693189672204774 0.981585800088325 0.648383752262202 0.531282702196504 0.990194788068268 0.405085395659343 0.304661927731608 0.872429883646124 0.0123922091812088 0.586624620745084 0.838652529627436 0.219060706885135 0.992628576908612
0.20516435526547 0.600294582220953 0.800614798449961 0.578768850979266 0.663203081180914 0.790165619134037 0.159172195834442 0.823805478310783 0.740687967832295 0.596153319320654 0.778987620081871 0.938021744605374 0.192455335598634 0.160086689620359 0.444660039080594 0.964994909348518 0.650359901494862 0.602613222370266 0.579302440692764 0.191254836428784
0.131307865824036 0.64452964601015 0.553797263015334 0.719545875310189 0.0328942178247269 0.327775395872599 0.100638849936555 0.581562918519563 0.372342637550653 0.688878894945246 0.764302038213555 0.369887116166797 0.185823536672275 0.108247245621525 0.389478556254046 0.328256433950743 0.640569050292343 0.650692110231073 0.0269615677236614 0.0897546997825969
0.0744370972927888 0.609788090302454 0.111666145212087 0.629187228629444 0.337894284345123 0.507990149199099 0.0353220775048302 0.301267015644494 0.658090960186976 0.325495968436389 0.337216742006543 0.947555638632271 0.101509684526854 0.0573327458739067 0.322620944439448 0.510813838441337 0.545852660507802 0.216161556087427 0.0034989174838634 0.999996091923225
0.284961319215456 0.651427035459903 0.26634640932003 0.66065700435369 0.216464686686647 0.108107592765329 0.335359927642414 0.282542764404655 0.760193974980526 0.152642523680042 0.0507507443984496 0.938389747937548 0.182449394470082 0.0378169924227185 0.443885777463458 0.991923673674457 0.266662064313752 0.429746890704149 0.26764572137935 0.00456649413166541
0.0452259850636322 0.514166536032232 0.285963180966542 0.639467442525479 0.836088695580401 0.480991303052609 0.034064413511648 0.0707193750059937 0.0872027440228225 0.0699412918289557 0.444752276772551 0.3028411029288 0.0294928212287728 0.0715080545588203 0.519702517338022 0.95492159289355 0.662054540896784 0.429718830661491 0.000792403795229588 0.0080364896741915
0.430804970318391 0.722513663378787 0.368646809141959 0.653971774647835 0.987318336680194 0.341430856329402 0.187485344976023 0.983177736005321 0.146233602340143 0.839494832509559 0.941461407036672 0.988858312171533 0.375298183692172 0.269009842004895 0.899233419671853 0.99681952578043 0.618499636900108 0.622094588625522 0.870860818856161 0.9902610587333
0.375990182515993 0.569734664217662 0.36448557786602 0.608405620246889 0.659786482821633 0.720098915199358 0.322718578317406 0.575641023113832 0.66026306031132 0.795757638292796 0.35204890297252 0.992730290603142 0.302119931669249 0.205955637867804 0.842133237219629 0.858617883086059 0.847349725945551 0.449226004936917 0.927693614157514 0.999999
0.455937648506452 0.609554599190933 0.404079001919682 0.763928906828382 0.541179834748457 0.346219367390951 0.108807666982043 0.363228870259938 0.988376680876652 0.542705623838781 0.374971211592843 0.959145652440809 0.41352308252841 0.274652529497898 0.835399801138706 0.908344176682045 0.576949920364601 0.460967963875847 0.878143221307981 0.955407373660286
0.0710822340148668 0.558657526625721 0.0337541063820679 0.775980790524774 0.026001743570607 0.3593779911392 0.300490405788325 0.125502756766991 0.024376945350982 0.309638166832721 0.125768502086557 0.668835499054687 0.0418433965515366 0.0631721570236104 0.475437464595769 0.756371466286958 0.115328527887393 0.450536123579509 0.00324142897061167 0.00111657004477039
0.0626866935832333 0.430767975898108 0.529783702291683 0.25209735027539 0.0432649600294323 0.713885388788988 0.022797167521061 0.0269664734364494 0.185841756687717 0.16338681769904 0.0455972346098315 0.748725762441512 0.119336061395128 0.043513548422634 0.192222142089283 0.798587122622442 0.218947155695431 0.160339379706404 0.133729257146751 1e-06
0.9079090360536 0.839652654015199 0.994307220774936 0.917725925656925 0.992380046211244 0.71401878154121 0.53986425991636 0.999083448732147 0.907121092352031 0.997511355767348 0.996697816588233 0.999908387178528 0.789121909243556 0.762665611842 0.99563162149186 0.999938563755312 0.647440567162784 0.954803858894692 0.657220556378251 0.984757545178003
0.230648388584262 0.616567624473361 0.814566512618027 0.736659950934772 0.626727934305357 0.496203045583966 0.188622226542278 0.415133696827622 0.842421962989803 0.197069358796628 0.0957605948003018 0.915768469702972 0.246376582228972 0.147529743947132 0.306882040943807 0.994163704353438 0.534532588515526 0.686673714406485 0.129301386034204 0.00202825186722511
0.112269484336261 0.600095398165621 0.359937828270774 0.271986869501977 0.285689639218332 0.617274963231989 0.022997103611251 0.421653020308229 0.0402524024140396 0.638129620606539 0.208745894214129 0.990609660918807 0.11109918993504 0.106315289267676 0.864871373909444 0.971422083444127 0.571974188451566 0.590947114573114 0.00440077387916171 0.999989978079705
0.349383468014581 0.643653475911557 0.872333974870557 0.573051475970543 0.946259369298456 0.817370789625827 0.839813576075865 0.951266705752324 0.269613757961142 0.786124192333812 0.915450102444413 0.86450867713487 0.304021790297063 0.310433983450644 0.739625165224203 0.99983948477247 0.681219367389988 0.785944525642196 0.598270331161906 0.992589894757115
0.707641109129407 0.812470671804068 0.980017110974655 0.764538779464371 0.960815857332658 0.936895748284856 0.792052793034753 0.989742449480824 0.990443299702512 0.939546589963414 0.982449566813568 0.998567330744808 0.848225056844618 0.478910429905827 0.969938443664053 0.999980328740876 0.667282541087345 0.756066780578276 0.0470629487130007 0.993345000396152
0.131703485622411 0.627631822301304 0.156671093075244 0.666130649302419 0.123244196445922 0.366952176963876 0.307224116575055 0.156684459798642 0.0355602025038022 0.169824270717635 0.216355057669727 0.442762296797153 0.140127658968036 0.0838477579370528 0.536674142927128 0.718059365033717 0.353263861799671 0.531059185175225 0.530055180182263 0.751874722852551
0.151779113749272 0.62662406802721 0.318174109047366 0.798745959096929 0.591211476236583 0.529934638850836 0.0257635969637545 0.91570392827052 0.00363602504078102 0.356041480601695 0.259792930574551 0.945890680328139 0.339154723580674 0.17178986625004 0.861304250562204 0.249951822918721 0.452337109682496 0.721398067078076 0.0232712260852685 0.00208322537209205
0.388232383004849 0.580795279095522 0.563802118267774 0.534659209418182 0.861628613695058 0.11643143963054 0.161758320905996 0.413506232449331 0.886432053322409 0.605813863491595 0.259940430226787 0.790034833357143 0.294570707222387 0.192535397390236 0.722686688915566 0.900833550453801 0.694857369571031 0.442294988846563 0.06298899182378 0.074013451025477
0.124262291770394 0.518722931056614 0.225481949686936 0.592461060045233 0.83802070897985 0.517840783786848 0.0303278309166432 0.35160888401242 0.128327440703979 0.680527230639374 0.315533119954012 0.951021595112382 0.241204135868962 0.0588148557410311 0.569021605555001 0.880110677311959 0.466871516330434 0.659588446282284 0.628796324735011 0.0120168962427983
0.23842123618305 0.536118320944414 0.58982182724241 0.536040031681331 0.897345606068071 0.0889013511075364 0.0847922581102487 0.414800571615004 0.397627163745706 0.483502431825248 0.628420506436458 0.889805102393298 0.297940956580089 0.150729149881508 0.77122416259066 0.968503845558874 0.377676016612373 0.74930623944175 0.0348735457739749 0.110890207972959
0.18368802999884 0.664599748136497 0.687032353928403 0.749237722603128 0.570550874443359 0.341584954059047 0.15473261932843 0.610562071387335 0.983020431749121 0.218340153718386 0.208246766807659 0.978019825239696 0.230690102421737 0.16623612191762 0.589097199635738 0.976613503629858 0.407319371219065 0.616061774269239 0.910326522351532 0.00763624435535021
0.0274669747380919 0.383893007210775 0.450046601193734 0.345469797112901 0.0691392280921482 0.415923041491054 0.00726670213228759 0.0185555952565735 0.135786723300169 0.0185957786861056 0.000718130877387041 0.869550124831109 0.0264639210553907 0.0202070614583752 0.212269247761129 0.107724753530127 0.352670360286457 0.179800336059383 0.12105526730231 2.86764678150482e-05
0.443127037186553 0.737616416358267 0.702382691058967 0.7460489884927 0.928192222049101 0.286610947019684 0.481574381132395 0.98034102791869 0.955537744100566 0.626342587471337 0.860171981760144 0.922399256523008 0.437959906285186 0.427180395745796 0.931976641869503 0.865085754797579 0.652541479788993 0.574492212066797 0.924975977626462 0.995067908782854
0.342286662961902 0.693769525024046 0.483281166704681 0.773421706876654 0.933094396599191 0.361973895598624 0.159469497382005 0.149515911153448 0.26427620004321 0.626851546933251 0.375492454832 0.97776238675033 0.249072084213026 0.168267175896154 0.797450998771147 0.0521365688706888 0.656853347912921 0.430666300921736 0.00168723110735993 0.372639297637005
0.0704890043939331 0.556340577999739 0.278317321897824 0.585511315217958 0.504344731139998 0.390319148590189 0.145214489591312 0.656782471600745 0.360615606344836 0.185474751156553 0.0319978259358557 0.951196260567152 0.214945900200385 0.0758582985358768 0.304410699489633 0.461997105337519 0.675303520420185 0.520003707235644 0.943034079052105 0.927984456878188
0.555664995663617 0.756083648186484 0.779281845707747 0.741240658118023 0.934508763273436 0.225866344604446 0.812112374399295 0.961006196025482 0.982736184404714 0.976644089575855 0.961206248397941 0.998827887641272 0.780277999555572 0.584326652156552 0.760916185858833 0.999616394313751 0.874955985764963 0.724026434194213 0.989636590535036 0.999999
0.077645514773221 0.448742154953308 0.136594779315525 0.538964908876868 0.368408307153224 0.305218352857881 0.095434190302923 0.0812670079808678 0.00916695146971186 0.10235861308704 0.591817663139909 0.300162516065393 0.0570417109183251 0.0612766172187898 0.244192065867372 0.981765215390666 0.337664594149698 0.240862876853887 0.625039858155163 0.956031103654307
0.18644900970402 0.717419641448269 0.646974034180705 0.740094139754182 0.959083887670783 0.741158097799579 0.569125198886099 0.235707740923303 0.00669000570553627 0.568964588016463 0.65564973511862 0.713352977636223 0.652710476964905 0.0891581682505968 0.868429696669131 0.970309444067258 0.677263378918544 0.781821555797432 0.00457147862941479 0.000401600434291874
0.0833035426353231 0.543253031938908 0.621720830009721 0.760845193574892 0.637537211794437 0.72544874689804 0.130231101325483 0.260792618206747 0.238128504350039 0.193596385748408 0.226991264528056 0.986699136612436 0.153001843323584 0.141710320918961 0.694126013770694 0.0428393902013952 0.405925918291856 0.463320580978406 0.00199883925893035 0.184776985025027
0.255447345832993 0.742444473120735 0.416682466757245 0.73896787044346 0.88555670197736 0.380602611184348 0.134609116153824 0.989744187741377 0.823274159045948 0.65598960473272 0.141609914816742 0.870318938684983 0.339741552958429 0.215387779934034 0.89033638538363 0.995928765689891 0.834686058305106 0.702230472400772 0.087967488765053 0.0133484892795474
0.224001035153847 0.554307747028368 0.617517727375591 0.633793743376212 0.515600114324533 0.395756330980173 0.11908853025011 0.23687117051157 0.37957277359234 0.610376366022902 0.756152325557955 0.982447306818461 0.277827928931107 0.112008648947634 0.74537105180346 0.17502670385416 0.482918109789911 0.848145178757165 0.138037719732359 0.998035589089104
0.107454399084261 0.580551860970742 0.471936373417086 0.610200148246119 0.0314496375581873 0.391126771684405 0.0359418240828476 0.786784808974285 0.12330059359188 0.0803902521284355 0.147017668967596 0.821378657011533 0.0935596241622128 0.0834535277622222 0.336264799159287 0.976106765632896 0.671839009998147 0.488498555273184 0.0980018739912731 0.459160294731559
0.36101963504663 0.688482465982855 0.302629500987875 0.675261632430321 0.859948772692165 0.749699091981034 0.536937336282353 0.511728514593298 0.280998944670307 0.431379812089287 0.945314932650781 0.994965830963358 0.534795671253115 0.291521773030785 0.943925437288815 0.640215656706913 0.378852695255565 0.686169605919929 0.0243249787151983 0.0004439175691007
0.32353737053148 0.679191113929781 0.409610355636822 0.809130371103708 0.827813121595103 0.603201101498581 0.103492686950302 0.609215630911728 0.939749510973026 0.739028351327991 0.920709490821121 0.982081958778343 0.267625952917914 0.273978779862959 0.520190172994707 0.999344502049124 0.656413036739891 0.817548993068356 0.660034078712862 0.999953329496124
0.267468511600605 0.629985893607548 0.757652943778315 0.701290593346662 0.468631445281501 0.506577928345096 0.0418197980075472 0.923236403650333 0.978794652982608 0.594181638251675 0.669165649557295 0.801410913046389 0.331472650956981 0.23004582928887 0.731072252004385 0.984255100763994 0.60915012346736 0.442379076747854 0.317663231476766 0.978241761017554
0.00513953848545737 0.308678118934003 0.0357978662119803 0.258320455292079 0.0921054648569059 0.15038930214339 0.00212415258759035 0.00702075186684703 0.0131621729310247 0.00119297662293886 5.76308587854771e-05 0.0488902722327055 0.0065734793820681 0.0187155982306315 0.032524338953982 0.166483185889277 0.164155190546144 0.224059531427431 3.2225430132066e-05 0.0710876531763443
0.033636666613424 0.465112258366064 0.27442999287851 0.735243041411978 0.297601140880727 0.358051492238194 0.0455513179990581 0.237965371515754 0.881892617402895 0.0122935376293186 0.0156613623114999 0.683664441282258 0.0758153140408031 0.0437019837624402 0.138113467502229 0.395913270857781 0.425873137589676 0.443195403853506 0.000679283592422372 0.569307570792344
0.743070974333475 0.753241504050793 0.891915394111783 0.772590086471541 0.993995921912533 0.678789451194584 0.922679425449716 0.992329387899771 0.957891640255845 0.956035894130317 0.998548457421172 0.999386645588129 0.858159762823834 0.651821576305914 0.975912768071201 0.997477978523856 0.632303778573554 0.892099933132764 0.999988942720675 0.553239543610877
0.349622627599103 0.677170605360472 0.675431024129797 0.613807258974806 0.903554180082562 0.424410947118531 0.229278549450889 0.692926248341281 0.116731912320219 0.767003632258609 0.661400730648945 0.969607027692898 0.311848879740397 0.282526405063627 0.277280266419476 0.979541127124023 0.59491138179583 0.735343411190778 0.00931798927317945 0.999992588563384
0.0590914630547551 0.663091538131439 0.315325553017926 0.70083835674549 0.361960412848034 0.141965814806556 0.185911578441104 0.365295274410713 0.484732172942438 0.109167932097826 0.0488464364077898 0.629907420995733 0.0947924450174891 0.0292159363276165 0.718683587159886 0.220527673838397 0.304951905906201 0.524453516351519 0.785622101935525 0.695782541583201
0.0720807364383696 0.482329845544793 0.123437573575434 0.406131534599346 0.0916116228226615 0.184448401506201 0.169412801542225 0.137803906153753 0.953173256059442 0.0812595278351613 0.0339542342977348 0.871368344969868 0.0408812071421426 0.0374513696557488 0.303859697490043 0.975601083656122 0.35341823183149 0.483515454422559 0.00717661914972199 0.99945150403674
0.0703818153954347 0.445629347953715 0.268486324118954 0.480525432678091 0.205750859386938 0.250728063595884 0.185731661290144 0.0746593120548855 0.0393648853543794 0.033459362677365 0.0103553878475828 0.976012232258928 0.0400404542652597 0.0353816241281386 0.500526114595495 0.544467119603182 0.323991710374225 0.37088960168847 0.000461264730552705 0.855500301085224
0.230657442940894 0.76064972157232 0.630707973677899 0.837877659220782 0.263381131399028 0.528942433391804 0.073572566479487 0.883603802931277 0.999359838350121 0.320444415563813 0.550590219135346 0.983531104541262 0.419409343518527 0.177471062186683 0.316357167100881 0.80444284511208 0.322170772571623 0.426161360965285 0.992206477437897 0.954221322566974
0.171634731680172 0.66740054754306 0.906724927231021 0.643777894245005 0.933004565757847 0.392418015058647 0.102324248016998 0.980493129598404 0.464386688868119 0.730162147540407 0.414753722338743 0.911391921150398 0.392791626895465 0.123587390216931 0.944998096115023 0.47501387597263 0.382900181855564 0.488189045874608 0.0721276558915922 0.999998535235202
0.276579183251329 0.788490593520019 0.26722268229894 0.667418122082064 0.579466049038846 0.636318003483443 0.324108559159098 0.472504457415578 0.918287088882297 0.768578187089741 0.820516186354883 0.96263694890321 0.327359068395021 0.19967378839887 0.571654777084197 0.932766956169013 0.682595254191513 0.725544723460644 0.793158275395896 0.0282783832494007
0.0454579294406271 0.305006456592419 0.122050144453629 0.395204567662206 0.048261046662044 0.195422874033812 0.191728865372057 0.00691184505742353 0.00522931770761813 0.0385970642105652 0.0785240185586598 0.956129949834354 0.0263217648815957 0.0176686917115577 0.347692139671958 0.867317349472866 0.260003171518262 0.162058666873073 0.0120266109669351 8.1115496636038e-06
0.378413893488188 0.557233323318741 0.419157707375933 0.392180170872846 0.93504165553059 0.279650924279961 0.238356257394245 0.883674094198804 0.0766250209354356 0.81931813140114 0.750140249392443 0.996680475410474 0.438516638557274 0.100076216142386 0.826983183319901 0.713959012317791 0.660560618814788 0.487944223217459 0.358129161046253 0.00140811654352896
0.0266718517316863 0.441578417497977 0.500868301143899 0.642740117936115 0.0819957882783638 0.412434671036009 0.25414776924978 0.642554633172928 0.280588923805335 0.0735360961324087 0.162319711065524 0.910792681217305 0.0756445644463735 0.0353944164564513 0.307315294247877 0.636783440016957 0.236714818523616 0.39060256315621 0.169884651827185 0.00484360633264874
0.196811968065171 0.718695424495487 0.169227797586375 0.634040437364206 0.559127315394003 0.654435444964002 0.246260706845875 0.432686689386755 0.304844709718934 0.392769741704766 0.504327933214213 0.296438276072914 0.302649345158945 0.139818897355278 0.777664099912818 0.853726037744941 0.417468046285424 0.615705122704172 0.965504358478406 0.996978317495787
0.312214304157573 0.523167966254909 0.615342085439795 0.695660767426848 0.732735265111337 0.323832208573999 0.291466886726119 0.911850411733893 0.986209444811773 0.491180016702734 0.543955901098708 0.858111980470382 0.22201384396966 0.181102782792831 0.561549922183551 0.733353416683194 0.594103493924762 0.811751541082482 0.992291960326891 4.71071850224721e-05
0.130677971089898 0.563079934153926 0.577865985228394 0.618109675111371 0.477647218731367 0.526751533789033 0.407219069262283 0.615099470514879 0.83741579083341 0.706428733779523 0.441259604517147 0.777863550127443 0.0734851650374283 0.106683873415974 0.695921973706409 0.959304742678121 0.338795608279625 0.645712753600452 0.502843163562348 1e-06
0.0923821163045683 0.654794796564991 0.389947900796132 0.661270893337453 0.159799546924905 0.430310891864825 0.0885372637763617 0.144093378347983 0.731884327670576 0.11484980550411 0.0874369493231765 0.533738405375118 0.0591835275048478 0.0990753903190791 0.217613849011643 0.195822705912578 0.394122547224254 0.647232563871563 0.0507661723046967 0.291052638432237
0.0168813506867958 0.461781382709072 0.1723943464836 0.524870548577175 0.0385401875155238 0.615004380323355 0.0146146246019501 0.0375933983200712 0.0304566427438313 0.0227363697601164 0.0101514112176701 0.636345828505416 0.11511597300626 0.0532892136438442 0.270450816767425 0.360765220418924 0.307840014441609 0.139472319512847 0.0503031496581605 0.00208990951002658
0.202191087770049 0.431824156357768 0.403349976144962 0.590386361724068 0.0536544108586328 0.144509501602567 0.246229897555977 0.0544158408601816 0.0124475412423012 0.0550913182625883 0.547495311311728 0.408994073907534 0.114523578219612 0.0433118604286655 0.777645117078157 0.735386271239948 0.190135370540501 0.610334359019636 0.913419204843312 2.85324176090757e-05
0.189440678935915 0.4655794313323 0.102357539645614 0.581216334297538 0.115690688292535 0.830798195449862 0.118999157073439 0.629033464802003 0.419892904927559 0.233015880152362 0.0650924438298389 0.996678955370429 0.328050347507565 0.0458416955604996 0.561088887669852 0.0616267419782427 0.570239871739721 0.514364814813338 0.00150749176873037 0.966865158818553
0.112199607419641 0.658460904474187 0.683863153419059 0.263334388845755 0.512631801896689 0.31442037888008 0.162138206190388 0.820863152496694 0.478216321832372 0.549413471557864 0.504591755737953 0.868916357619863 0.114072674994728 0.101181154885137 0.533910367035668 0.947192418167867 0.330963123801462 0.650177683662412 0.000460896285041697 0.999866196653279
0.0508999537279516 0.427461672575987 0.905442127828963 0.411907206943607 0.426056333130292 0.0918738212503082 0.0505299934722091 0.0225169532614774 0.00538972034252529 0.0439332291825193 0.118762275664126 0.795675660134931 0.0213505079027738 0.0367735240465098 0.640556908498477 0.950457601663841 0.513351376330807 0.247594727463105 0.135632728699491 0.0195556785525682
0.20885023142809 0.717446917493428 0.809703996759729 0.824567948808293 0.972092165807312 0.584821541906112 0.203568528253315 0.379661368502826 0.0271960510747714 0.646080681658807 0.989215751326456 0.995661200103196 0.366152282419799 0.141474199344273 0.822121982258107 0.993278401053904 0.756817135321589 0.629195975844714 0.0512213537494408 0.953004141587217
0.192830849594355 0.555676017948731 0.653503643147569 0.588726319523817 0.391077973499044 0.112876594298198 0.428694147806065 0.754251547843567 0.0370804523909156 0.339886629569823 0.273816654886802 0.959628996688731 0.308122511526966 0.0963571496340712 0.809916065379988 0.996565327454582 0.590759640392068 0.533022653712751 0.00846441930124938 0.983601967933804
0.438163799509625 0.670599535147719 0.809996040241914 0.729688693325495 0.344833566798356 0.875263648999756 0.333926722190669 0.219272638285872 0.600180064925976 0.554592121418288 0.971826701246176 0.999161035970116 0.57569032144516 0.0663567340610722 0.564502002872641 0.992106022410901 0.664166726189514 0.703172157010732 0.76813052359217 0.349022801519637
0.498991201159599 0.594945228293102 0.381585944542468 0.893736055718738 0.819621156241971 0.190558433600769 0.0743215112434958 0.699307355698074 0.982013044775116 0.545601346458078 0.817736749446838 0.990275558940726 0.280826430329127 0.188154581603491 0.919164231200233 0.566981682579639 0.622110622076068 0.669958454033891 0.802854635703411 0.00614722353926279
0.186693372350192 0.518729872878195 0.736390010236476 0.354770563186858 0.755366794356599 0.343382971353559 0.581954601853252 0.3493138795772 0.0507302717983592 0.444219855860185 0.67634503169255 0.974772572939142 0.291960373480058 0.0918292447423302 0.58661501957071 0.951605644252083 0.32750123162933 0.664285155137509 0.310564063915791 0.355452631503715
0.297269044210869 0.663524101819079 0.123034172553488 0.505004421067392 0.972528334028608 0.57901837272467 0.413419935000044 0.969463013351921 0.976636029485823 0.751935861048995 0.524998949994558 0.994919346943699 0.42048130041231 0.172082421752634 0.901079016804422 0.99300704086948 0.326469543820855 0.680687934040566 0.0519057929815039 0.996309851722424
0.387488209532883 0.622974924925463 0.859902495681483 0.735349409206654 0.958679896993909 0.580678387298468 0.212277156831986 0.402642141079707 0.925441308246887 0.834301929497143 0.967080053106613 0.931794866057308 0.192436177653236 0.25113727960037 0.62573794851038 0.990363330132106 0.572457105749003 0.841396067292276 0.279395512571436 0.999432826541185
0.12128084133138 0.578456225768386 0.225049395883801 0.818294959088447 0.650369311941327 0.782195259820862 0.240344909033057 0.0518610273015783 0.514493095530769 0.489374804492459 0.0808738982175241 0.938703657308123 0.227558092962968 0.145686683044775 0.580202297476687 0.993883513705168 0.346570816601401 0.422609395908111 0.0411201514278965 0.94659138060215
0.189998035200767 0.619379882911939 0.315505143073119 0.726358806380859 0.448061756276462 0.388083855522884 0.0553302760663589 0.336028403318114 0.989586508951795 0.1527494897866 0.12136636847111 0.954833146990905 0.0964551678977818 0.107673526864368 0.82903608829462 0.55105343435072 0.689073939935646 0.420891750918894 0.0562916206499879 0.0313875334959429
0.476184696514656 0.73441341515314 0.514044789756173 0.504037320134158 0.499184392001137 0.185810387682252 0.446545549136172 0.971491120396598 0.961478903353513 0.499859311027054 0.97454584417816 0.942180207857767 0.392342263969369 0.205364058346218 0.840905907336361 0.64340243328894 0.406759526417596 0.724318632536017 0.956989542223543 0.000757607330599747
0.0690724822633838 0.42679630409755 0.134432032859515 0.634176833429504 0.120591875710553 0.882902757449413 0.00782011277793759 0.114139128817236 0.114999919905006 0.0883033872225138 0.0760777625361543 0.58262916405097 0.055987577901661 0.0384938508463573 0.577220192699586 0.898608642083322 0.429166674060119 0.254155155053258 0.0473604397374014 0.288989422591285
0.0656243597832747 0.553811109485292 0.325062047652791 0.497575639790502 0.294445322246687 0.473777730099231 0.626337228256467 0.589922467152156 0.0442036080453364 0.317444686679834 0.66975263466142 0.501570966948157 0.186673673415443 0.137547255485602 0.61708473425881 0.463665550207683 0.430176955575482 0.396764762286995 0.00204956670938157 1.38170724985277e-06
0.367122347089336 0.789982921486031 0.744191965054244 0.697470735194283 0.977432392476652 0.547868589025086 0.698985755788008 0.826553538446056 0.817626026471132 0.96108959836649 0.94051853439276 0.726064098415586 0.437563462474122 0.317024674314136 0.937970911913873 0.992503538692202 0.525102417392127 0.719897219469666 0.962870490297483 0.998019070974817
0.0739265300641992 0.547812045761718 0.190144536967781 0.545776942713397 0.0780599192141311 0.704131557700358 0.0342161382010408 0.129791517391043 0.0102962936348802 0.135960867677916 0.0348206508853431 0.470300883030257 0.0459223745558972 0.040795551210098 0.309064369790521 0.361972682554178 0.292069338096035 0.375492849954406 0.000196876860255005 1e-06
0.108676252865986 0.695491017998814 0.554166665720689 0.666595401555895 0.433905844273132 0.246744902828474 0.261894226728521 0.765424880199976 0.350216573827575 0.368465461001735 0.607701963960709 0.995004848651685 0.0736057942568489 0.0702096915462492 0.725310280269859 0.235372817958115 0.574455869390545 0.760591502190661 0.926894860840931 0.925131777715052
0.117819282562286 0.564607286085313 0.758777940379889 0.8030429183421 0.757998247381208 0.58811011028249 0.100828197841307 0.930702454215277 0.983190758783746 0.510695978752333 0.643179647618665 0.645989028546981 0.272263161844715 0.107031472153463 0.890735667493877 0.974209761576125 0.657361612807925 0.619559361043534 0.792973885009604 0.998530095749524
0.290908047073503 0.716209758194505 0.578478382036541 0.675711850042207 0.98358871124296 0.686010564523601 0.57001250956067 0.550101394676377 0.644472856481329 0.440893504410718 0.796783866335414 0.990623275180749 0.581521886460337 0.159100190315195 0.406794388931525 0.793892524614469 0.412247226803343 0.701187660674852 0.138108219234342 0.559990963933375
0.242139324085438 0.816786501953936 0.925149113473743 0.616105156570672 0.938902665038204 0.574259717870666 0.0427500248301505 0.742343611619228 0.972593909050549 0.833066690076373 0.891253123328339 0.978337324449501 0.698337104373901 0.263731056355904 0.937968568784646 0.865702143591232 0.588603309615316 0.886685127621893 0.072554682990761 0.994234432322359
0.160667516710767 0.441463354412457 0.186021729347476 0.539517450169027 0.44582872027931 0.813588442198595 0.137206433310643 0.515233932489023 0.0858896598875198 0.397775880699916 0.144498762505289 0.982924061313407 0.19300348332476 0.133198883581426 0.713112527099243 0.88383936621201 0.578618240696151 0.652203565763468 0.049792923169928 1e-06
0.123377039660256 0.615142321803707 0.909196389556993 0.678966839748565 0.840923513527614 0.762875591440458 0.357208897567346 0.75184886891112 0.429551460894529 0.213047120795921 0.25578373337421 0.98589800243154 0.208687832659917 0.0923911971812408 0.290432388609645 0.99526071681478 0.223185876183362 0.369189720698121 0.0856248592372984 0.998289543831756
0.804461687633873 0.767601705312049 0.582839411721577 0.616572525391299 0.829714842519283 0.387267083252871 0.371327589787343 0.963119415268813 0.999185935542174 0.978938962337611 0.904590726206779 0.998018392443999 0.838664572534942 0.407102978899414 0.766717487749769 0.914877185094421 0.563508337177608 0.745368328959321 0.00681590606856166 0.999995849660701
0.0402953571778319 0.576285266940608 0.085205129193597 0.386556504362419 0.340225801963485 0.209586824887517 0.114128559763558 0.215238166318229 0.426754400469452 0.0399346998915972 0.0402386594285487 0.820746014580233 0.119451446217883 0.0852934397753494 0.788992292542228 0.980197278854727 0.361290383447286 0.516071124074468 0.227628534414643 0.999860376455987
0.195492349109906 0.560075049752658 0.857265101485381 0.642507923787704 0.393114745906797 0.515987054930767 0.0472528480290055 0.0478195561675354 0.018696327690847 0.110785566338993 0.0137035779327445 0.0788763167850486 0.0318549952854079 0.0829005646997671 0.239553157314365 0.917446433764447 0.640261783868309 0.570181208355147 0.0590316429690624 5.07705227169728e-05
0.403348241850446 0.687459023670343 0.612840121297241 0.840475517501182 0.744705560616135 0.482447247769795 0.0935789444675233 0.883805734356328 0.707844409099632 0.515062725741869 0.453944888071287 0.978811003410234 0.375426697711418 0.149399744408606 0.892047693905668 0.991858794679604 0.629072601865598 0.461902933499431 0.00172860603449143 0.0476276796147537
0.0577882622444225 0.522982715138519 0.524737456329157 0.519468775809926 0.380169221954558 0.166275101171266 0.188686022517008 0.144088869167319 0.864529052681718 0.358812248283254 0.140627629237746 0.764048053256036 0.0958355320707018 0.206868632330199 0.413658788097359 0.404286263994721 0.44266861667869 0.369546955585306 0.00659347182502413 0.000402323466292965
0.775501567603911 0.713046376760431 0.548569222179129 0.811340722096663 0.973790449106577 0.485227575316069 0.939230394289872 0.986646723868241 0.952229195524633 0.82742960189775 0.681235899413853 0.996151346018275 0.568947659637915 0.637944212928565 0.884095174648771 0.999981315073815 0.747941929985 0.776086497608036 0.999937929135304 0.767563220399873
0.0287573129742436 0.466107480381239 0.150821366317384 0.554208397814158 0.10917043236663 0.227510773163884 0.0406866875255943 0.00903066502511811 0.221212719719276 0.027660126795506 0.00289230837396554 0.860855146146672 0.0300244791367231 0.0155967580165526 0.29678907152178 0.0210090748409482 0.264034113868388 0.15451095373706 0.41081462991934 0.00053004530348013
0.598892430012706 0.739049442859764 0.920875538574609 0.671663230470399 0.929981195725276 0.412603067257675 0.794971903455871 0.99507733275023 0.995226556083328 0.951652218345184 0.976795120491165 0.999889645496026 0.680895501232597 0.428062898801465 0.89587800376471 0.985137437019018 0.357879986621005 0.707256778950687 0.939704065777203 6.3063754813712e-06
0.322289419600258 0.673445151383852 0.407633721443272 0.593406007689001 0.162770050126075 0.16729433293861 0.261385297754828 0.606242027961119 0.940628584616748 0.54495012932842 0.630758260360783 0.927751239466047 0.489385684317294 0.170796357895363 0.709483113308791 0.920516977383095 0.405376903294375 0.476847090222532 0.486258308680551 7.98062136087994e-05
0.432256857222187 0.67243624764923 0.527665287388935 0.688325347829611 0.866273810864221 0.768014483186772 0.292537560387137 0.922057926277684 0.763158325873453 0.548945534690465 0.569902499478175 0.937448288269528 0.275635332135376 0.177962287224887 0.879576939625314 0.404909835904318 0.485703186306429 0.562397371157654 0.925677664405811 0.512238566356775
0.194537783458328 0.624491581479015 0.437397362729682 0.491331035992665 0.388979960110289 0.283848382333539 0.668474659728816 0.492741906061132 0.348719466751595 0.777634591314218 0.552017687571248 0.990602292926524 0.401778463929314 0.119300835304757 0.97248413000554 0.905436468548387 0.81405823547891 0.615308447535619 0.720427777725515 0.405638450947973
0.469033707484686 0.779362740825904 0.829856233810647 0.782070584779243 0.985218310482476 0.61701406273513 0.647236119197982 0.959917894489543 0.926657650055694 0.966446251457093 0.962238959870953 0.993004112119799 0.425340729023961 0.237942923402315 0.936874815024479 0.999372964296371 0.46509363378395 0.765637358857509 0.993947298602168 0.893849229478342
0.308005853028861 0.732241814146708 0.947186059468706 0.726901574574539 0.990859662631686 0.437165128028163 0.62230084049268 0.348163743302112 0.992999166681 0.602946201437555 0.96595732624975 0.996967281904239 0.348570579601802 0.491210764936767 0.740251616311777 0.99724676396032 0.720870662984339 0.724113584556557 0.390429277017397 0.525303357977201
0.218712499943311 0.578041435948644 0.590071897441482 0.707499864571698 0.569974109587635 0.562667340438287 0.297350537869326 0.418080798864559 0.890846996616862 0.477592953875718 0.552415631306387 0.746968571414506 0.327607848282305 0.0877182800260548 0.881188010028144 0.0533332253598189 0.495215112435767 0.780428740864007 0.0392422355840325 0.999297899501695
0.185754717126351 0.553555595618898 0.890493283326333 0.532254725293418 0.640765302644826 0.177649722567077 0.0776475965699792 0.738714243226285 0.060264603278844 0.650743427029382 0.354120439610364 0.957867400267874 0.254815623239715 0.224965521354997 0.841084877912095 0.998475363443606 0.762769111125443 0.739677350252127 0.903875246443257 0.192345674248545
0.604874704085902 0.789949940533638 0.684070194019172 0.684507420722473 0.958015510661193 0.126040893090733 0.457980843358446 0.989299158354725 0.99655651700633 0.988115640961871 0.973172141265207 0.999929557664377 0.886179428614647 0.425863718185244 0.888682572988385 0.995887697339842 0.787238218068306 0.833098879704785 0.889667196469077 0.988406425959549
0.117644957613481 0.501078085641611 0.491518154085003 0.784310217660126 0.407362097916531 0.291321751333003 0.114775230868095 0.322508716114194 0.164120337189671 0.35578919377193 0.0237797717305416 0.868611166564072 0.0816546059020797 0.0704776953103328 0.414183197030572 0.976171025663377 0.300858316288769 0.397647576092611 0.730485089825891 0.0448762770777369
0.0192699024480813 0.470356780339509 0.330757383548165 0.412852622353678 0.0999748795701998 0.301180064624134 0.0651739845511711 0.584373527764459 0.284033084852692 0.148002049578964 0.267889218066386 0.367895478384578 0.0543425428251149 0.0532827408818463 0.213258844592634 0.896641122839704 0.499807254776467 0.516075513423198 0.00335998092665256 1e-06
0.00814814698200516 0.220537158191425 0.0113368770515279 0.22713073833944 0.0194204894542535 0.21738961712313 0.0374703319572755 0.00403241921264654 0.00147239051826051 0.00114053387566052 0.0024843565453587 0.0204569391221884 0.0171989369838375 0.0114202535412553 0.157630601293147 0.0332933286096931 0.375572672359408 0.344722869098442 1.06927781316287e-05 0.98622341776394
0.330258883734921 0.633928013048555 0.264299269313452 0.745722496743382 0.759134785098022 0.239170766519062 0.365826742561951 0.725407480575551 0.86131711763524 0.461808299323617 0.20162308433053 0.892337417508774 0.159653526613224 0.18186263759146 0.933397665734093 0.991557412698833 0.748335387640955 0.421194580906808 0.0584791063022629 0.802515935504195
0.0121753235154754 0.34196470207754 0.492520883694001 0.638887633276044 0.17812360365665 0.371792689313024 0.0132085851841797 0.0978392373294721 0.0376136324736513 0.0210286607832659 0.0019592090837337 0.795975043814579 0.0204735972299636 0.0132765175850106 0.527990665657972 0.108897417552524 0.480388474310883 0.177844432678286 0.101532827647028 0.00323402624440469
0.234519477819582 0.647115041856093 0.624354489294895 0.709548340804606 0.830336878511172 0.258664101270339 0.23330505343617 0.769418241966497 0.119678699255656 0.708259663660259 0.585551353271093 0.968920210640021 0.308385459438897 0.0587263891285625 0.648847796658582 0.991296225707843 0.647576977347705 0.385523747098525 0.0574093744199186 0.00103334144765837
0.145579414253563 0.501791408963773 0.549993745044291 0.439801732838096 0.498629432879946 0.868489799166486 0.11243474260055 0.785226588827243 0.837774215874111 0.369892991490983 0.255931190433083 0.549004428545229 0.154890644553132 0.100194379524697 0.930885762760453 0.563110815799823 0.312635035560933 0.630981205752573 0.000282748386942855 0.999999
0.248600877456304 0.741967917725085 0.40032789671308 0.880015195573634 0.898577951805219 0.552643298735761 0.236490603376924 0.584307688155377 0.618568694611785 0.683171172898215 0.495474976892768 0.977107700613504 0.454735679553257 0.509805720855389 0.476999174083362 0.964002025474519 0.648078173391943 0.69614209034678 0.668058448584314 0.996981576974334
0.314785634393482 0.598154817970108 0.774816187058784 0.704172300484334 0.892068693029735 0.497575169353428 0.393724909875363 0.630358375724297 0.413195730420236 0.419684990037977 0.391378136438089 0.957635757524732 0.585301697500921 0.191392340841881 0.287831229447766 0.976267256118943 0.61418393617883 0.495155828668468 0.233076580849793 0.99998161255089
0.384139876798024 0.706760128362694 0.696409358950441 0.727685774338004 0.581709453139484 0.175392889586035 0.209978232137538 0.215029166735137 0.577111622375242 0.357928089957143 0.801459409272906 0.993412023182379 0.366357149988437 0.143768607958523 0.859224004874141 0.912227862404976 0.601026419605285 0.723278774903089 0.00407362993403969 0.971814792112744
0.128306126669026 0.498926346005274 0.196098554906709 0.413648420630153 0.073343250188704 0.123477263484425 0.0111998358593323 0.230932814270246 0.728270963937952 0.189707484107036 0.186305906803544 0.811758162684794 0.0976189270555926 0.0826473460844573 0.386111484099236 0.894769989178163 0.351147354536161 0.429617605146576 0.0947254567234443 0.000125282604842818
0.813667569947854 0.826069838662149 0.845561509330361 0.712706083726055 0.994485493793067 0.705549974630095 0.742910691419109 0.984017850265448 0.963539180559616 0.986520458323992 0.988201958858951 0.995522104609967 0.872159911886943 0.522660908719234 0.960166876737326 0.999807750278486 0.64958528567713 0.948542653324751 0.902153411454491 0.999999
0.18370196096043 0.53494862939138 0.259876973961906 0.462878009945707 0.305530042999405 0.29374929717049 0.162240005657593 0.262685624995714 0.0946739754207224 0.201387477977926 0.247507133864382 0.320978481011317 0.425785118293263 0.136859225906919 0.831426478381827 0.507768354534631 0.635156937364524 0.446868366971953 0.078070445501722 0.00249633662512942
0.203494031999902 0.553615343860171 0.188563273576837 0.623848784953658 0.834332055590423 0.413119104781281 0.061988838075685 0.75351018842699 0.0178940314054765 0.470025567703807 0.297049061301926 0.997350917495575 0.264081589430998 0.0922710708381098 0.591762693748333 0.996722458982149 0.663150085073748 0.467341439970344 0.704363504335012 4.00817645818204e-05
0.0252048011169893 0.410016853541834 0.222411970967629 0.673021282006945 0.0505766024287226 0.236180567161686 0.159819442413742 0.0215540518445673 0.639498924965978 0.0236005501384892 0.0263255542131039 0.742708464185918 0.0248787135830309 0.0723856238060333 0.317712981474523 0.725086476982034 0.259748663866287 0.565627090621867 0.000515034506860992 0.989581799638546
0.0356854720391518 0.44214950765718 0.186414161054287 0.256215881711892 0.0166586996539921 0.119987394768338 0.0192758315152899 0.0364318620832958 0.0913476202627552 0.0304546221046132 0.0196360483963843 0.631958364724903 0.0570266100737319 0.0364051118101047 0.118756118409568 0.839388110469655 0.379224936904474 0.352920184394366 0.0622150573566345 0.998799857529988
0.0327833480210917 0.388232048498715 0.0814171545603582 0.498559538867351 0.000524887014384618 0.454918157154523 0.052463167451784 0.0226127950446054 0.00354088606914466 0.00535576157209746 0.0130685313354254 0.263881029168394 0.0150777511093226 0.0215502711217343 0.368120767619075 0.30198650387285 0.124726209842331 0.173335097096424 0.0028274790749284 0.00666377009148137
0.0486294148128767 0.444666580439159 0.238612165433251 0.326261189175672 0.0587215438567763 0.562256981902272 0.0428550189965841 0.0829388963944457 0.0117251631294785 0.10848368344298 0.0538676091940686 0.140897570168967 0.0619831982596174 0.0234504530870962 0.493161142774424 0.964097602037592 0.365078669429447 0.388614862958667 0.000244196660273153 0.0364275387669507
0.0212705892534045 0.356890901259726 0.114082472642046 0.541402484403417 0.029841121218155 0.374813740841004 0.00852494659640022 0.0729094902489188 0.0203988461762106 0.0111217955647321 0.00177905567947984 0.653322457571151 0.0138359754286753 0.0433375951794609 0.256393515485821 0.278328718202102 0.314179941036784 0.116722737079556 0.000311548390287985 1.19429314499479e-06
0.159100160681412 0.615355203414765 0.270360264969533 0.61222393032403 0.313356353906602 0.520462703586169 0.150931913011221 0.955221001646175 0.779606263122196 0.401790116091787 0.931197033210964 0.918386080394302 0.154310643290892 0.155072318007287 0.632358166861863 0.992282706186501 0.670922434489167 0.419180224276052 0.462283160158862 0.987235711765326
0.185378046358046 0.589886644143484 0.148344057198852 0.349637355698625 0.274732915849533 0.371397593088801 0.0254443058277773 0.7729780535868 0.626881430691 0.157117029781108 0.178443322061896 0.993552958976588 0.325823130949526 0.0582916559255846 0.73979984382874 0.927252635887568 0.437410772543407 0.252128049552851 0.693246997417853 0.727472125822446
0.0564224591455917 0.508505822853702 0.192624117207084 0.380842376459668 0.555471018523551 0.396460810342128 0.0901029336633242 0.282913347983348 0.0852457096361347 0.106713173635709 0.0591981602108173 0.60754531830641 0.193257592137139 0.0849513753798885 0.511064759592374 0.984229600888409 0.203392596415685 0.605771384851352 0.000156543009707672 0.0028203656428899
0.108758858463807 0.522063414569853 0.136402532669839 0.613034538141372 0.754219853963157 0.150862259198667 0.192069662791102 0.347931016117863 0.884964583457538 0.398758093214052 0.468009821450323 0.963503889527973 0.0927933633245039 0.078944210293974 0.772898366357534 0.994143486647235 0.565282515435734 0.220934026335511 0.00571134882078819 0.00102075525347798
0.152212682389101 0.635213525809761 0.482274494483291 0.602943674558725 0.757585718952658 0.420777658649188 0.557866780915087 0.811236388722459 0.959836399563422 0.511732213991937 0.809500590639437 0.943138621899101 0.316265895577277 0.168318518772033 0.926718382434125 0.949104259805469 0.814143543067158 0.706235075273478 0.0035298024937467 0.000196163272369266
0.800271279631004 0.821921957713271 0.66799324012253 0.639769057632437 0.997499930605031 0.649135678730659 0.144065081774084 0.986831276760153 0.946068994399956 0.978295407512623 0.999512003173213 0.999482401473911 0.938835282192757 0.492656129154397 0.972435486752116 0.936404052052818 0.553966167330162 0.885711045861068 0.644083275477159 0.999999
0.256446213160646 0.73748113747366 0.554294428693002 0.715903186291041 0.770858301436129 0.315196469676942 0.343732399045903 0.857591259170791 0.695412971849282 0.909054089913559 0.652662949408847 0.962589757360949 0.441234723616031 0.367435056242209 0.956026048630071 0.994879638433894 0.690087912841829 0.693370841255873 0.0908186233530149 0.0385261214597912
0.0894592879125751 0.505520554931756 0.237089789161825 0.741242593465922 0.173133956998144 0.200233353076299 0.195167481577211 0.0524851286410346 0.164007940564787 0.0249967565459318 0.681832036383276 0.322190723852787 0.15518005348512 0.0479365896052586 0.554095726739829 0.154048521227174 0.447148317722781 0.508125587783049 0.00708989075200066 0.00477013912578734
0.419561025753844 0.748484232527158 0.934582468656054 0.549659105537841 0.439049921571596 0.849808185471506 0.400809354814164 0.782309809611504 0.998770550522632 0.911142743109729 0.802147658719804 0.941050961116809 0.347815341848914 0.191414833934197 0.601251021125794 0.98425299855619 0.619215351631672 0.399563438030341 0.0272307285556821 0.999463554354423
0.606286670109472 0.712443169900694 0.632122635648697 0.801654905438464 0.933933236128283 0.696194115214932 0.281990072686199 0.81121307632292 0.73625177431954 0.846901012082751 0.61160595091724 0.931863776163505 0.66349769780884 0.513106516504309 0.916466976818658 0.999199118392102 0.602056315517108 0.896869726960354 0.318644659042525 0.999983592082694
0.433184087294251 0.582431640855553 0.725565491525596 0.352917252728608 0.737808500839291 0.675500822019785 0.158694422991584 0.595954763937274 0.383585495558429 0.270653381871171 0.310154537703182 0.922698813805817 0.138746809839357 0.147563732055126 0.922684226097832 0.981003176541392 0.405871647587658 0.418001672343118 0.00393734217318542 0.968040088372721
0.202023896321199 0.56270892044 0.639767443179071 0.528668565053798 0.0573268754227166 0.35199983790862 0.03599137005405 0.783260479119321 0.0129481431935069 0.539953454774313 0.79045752445444 0.948194540169388 0.178004415820696 0.207893945741305 0.517089431616347 0.999237036022975 0.598135053581051 0.582957184378399 0.99929698220233 0.947441662423013
0.161672544448329 0.641547138141631 0.814102630882108 0.353298996397141 0.0612515911317848 0.347543672194819 0.0617862324374939 0.206429720222934 0.604679381613802 0.285979010964226 0.132473625208912 0.960463747330726 0.336361089463452 0.132970367364867 0.404339939126417 0.569034712817756 0.625547201869205 0.34909270483957 0.00847176345427212 0.988784677352259
0.0983316174364991 0.588932427046895 0.845247353667197 0.611194329029962 0.115044481542011 0.213765979682834 0.294334323334648 0.0718874904513121 0.556704726302293 0.15698173983372 0.23544979268674 0.198632636966963 0.0378736091320756 0.072507210657465 0.360930371012158 0.789902507777967 0.321666487143517 0.17823437109347 0.0200315234393598 0.000287480559803032
0.0733107069119279 0.413998280033843 0.370253076435183 0.225028469124361 0.186527717428095 0.524921065249446 0.0436614435054845 0.491481580179581 0.0531751252833581 0.0903775281852946 0.0408699048253137 0.992338219961383 0.102868771829506 0.0855108532160299 0.489726663762309 0.875460652660279 0.349354652894791 0.246827359355726 0.276363117453958 0.0108350775406705
0.207778480873062 0.500347534449847 0.153451707981744 0.626283627966863 0.932131320368301 0.212779667318228 0.0948944842577972 0.439060440772004 0.96782268086528 0.0514891986035587 0.171615301010196 0.845222268476404 0.246867527793982 0.164487907721759 0.323999245400134 0.00557223627755627 0.340559408031334 0.593400355674273 0.747734030892114 0.949787851472185
0.364333922126128 0.674280611451771 0.664548802293943 0.685386490826535 0.874209271539748 0.0815062289881587 0.145812412860629 0.953881242753892 0.996320072759788 0.806057329407984 0.867598933093157 0.993207446795456 0.800052900918365 0.104978270557479 0.687750680716918 0.94111254543899 0.785875388091255 0.898316621085655 0.993311462530006 0.999971048046042
0.167856325784438 0.575434597617116 0.571601429913566 0.511802539287691 0.3656871030883 0.777188035178383 0.0344562672633164 0.923925239533347 0.570154190840339 0.750423352774134 0.925210588599514 0.972548199076031 0.412284808849068 0.180008446583424 0.748694845710505 0.43789674476373 0.780523797734847 0.278613578331276 0.0139344349601714 0.999995678167794
0.592858263156588 0.684321313481103 0.317146324428295 0.786242032375739 0.854229928262658 0.361065984399237 0.506445416364545 0.90986819345849 0.572862632399951 0.862186688336729 0.84109251533233 0.975627495370659 0.366432598074795 0.19395260705069 0.902158228726415 0.967011781485948 0.616603305177677 0.800921544544944 0.953488244772726 0.933720213751718
0.111018587195755 0.418292522699715 0.312043014303045 0.592337329632041 0.0714721305417794 0.440431500384436 0.037839660496366 0.0962935027711116 0.866155173127488 0.0703832815619441 0.0253717411489938 0.653328303994049 0.122802602127097 0.056172244457612 0.307820983151934 0.896026695861339 0.414295983975943 0.492460691481554 0.0444796576667999 1e-06
0.416943522485489 0.723589033963524 0.785125400864218 0.433295277971302 0.481017238555167 0.430000479310543 0.698214785483688 0.757200612252504 0.8468749078799 0.605615760377377 0.525239686119832 0.99919317919391 0.448442404854234 0.213062722388896 0.516938349534109 0.995647681002193 0.821542372939598 0.463332631662234 0.0138411165517648 0.978344623112148
0.146992618149356 0.616662840389152 0.334329489283609 0.688677968704999 0.467948599215038 0.429852852018518 0.19228391152474 0.160748392188281 0.677678463327832 0.514239113219052 0.574751229131252 0.905356182826166 0.13943904483739 0.0886663902792379 0.674013815304194 0.993867297064324 0.325695129421541 0.25456582493911 0.00013278146722352 0.99999200427674
0.342400743332038 0.68434687530704 0.934010379693719 0.676193334487566 0.589904557246523 0.774539174554275 0.286719015103522 0.819478301769467 0.655965081929223 0.857440890410588 0.971345574889456 0.997828577400429 0.719924047284941 0.207447514972185 0.927972876374444 0.788114416579315 0.830693625487361 0.587291472235797 0.992792755755067 0.983702675588544
0.135992004483354 0.402641500068897 0.452403865589801 0.485567640831375 0.264296462366816 0.750337616009816 0.26438471179499 0.460022480382863 0.686380014701287 0.53773595668154 0.0303283158099896 0.932629605880358 0.162762126497269 0.0779492293550991 0.690584063693024 0.164052603746017 0.421969641464034 0.469832478930102 0.170682853094547 0.989515870601484
0.489074769195101 0.661576423403927 0.92719353255772 0.64785156538064 0.962744637145961 0.390481410338768 0.158664051533532 0.733134806828038 0.586386848723873 0.975734108612665 0.913787386962633 0.992150098818584 0.670489644232356 0.407787665587304 0.972154215880719 0.978929454409377 0.822947501539289 0.876202664374963 0.132136068588456 0.0856307074785378
0.504657631610183 0.726010767794679 0.886952305603983 0.703955228685972 0.995205462384468 0.780981103235384 0.185617332197731 0.970514062261348 0.97131103874233 0.805509485488226 0.988085606370594 0.999036145103623 0.791753862929723 0.324382601213575 0.977643441161753 0.806202923919278 0.815529395792793 0.881107476115951 0.905977654118948 6.29200246642387e-05
0.212332491263137 0.621141582988901 0.324930503818873 0.67019676491046 0.174385914677508 0.169143485104643 0.101451943926525 0.451953149721103 0.0476316263797257 0.305363859255392 0.289291570433558 0.955883116364321 0.155699634534546 0.141195719739719 0.875575546976617 0.999126415422016 0.572622530842106 0.762271160084744 0.208399852053576 1.55937701468512e-05
0.36012293234385 0.628028578920974 0.231612745510462 0.424163345203674 0.944229414680989 0.501753567128452 0.18044299642769 0.911128459107604 0.968757035698538 0.63074694184534 0.892843405654386 0.959059739042704 0.360359467648622 0.180106954771232 0.848288351245021 0.999961190035607 0.478832673960271 0.595221270407454 0.82854997123802 0.923608088987607
0.179169026098095 0.513266057171758 0.549576079393291 0.647092435687054 0.668551384467281 0.528905596080112 0.146643174457358 0.870336228663864 0.941826547859243 0.564184024178659 0.896395519057138 0.997017694790289 0.472395499316029 0.252998593003138 0.814608219999173 0.961155788498605 0.35589426730759 0.605411175055626 0.681132208713762 0.00624745524570366
0.0659794758536586 0.593684268350457 0.222918429750732 0.504728031730923 0.326806481757302 0.465620686692399 0.0706816710182225 0.0652995269504495 0.0274257070586046 0.0758784536093508 0.33770472686893 0.467441630153361 0.0680831777204657 0.0548976873319615 0.245517888787837 0.66428285523198 0.554634956525821 0.378032564713596 0.00179553956675055 0.924371823585609
0.0322695104038367 0.48932877481575 0.0873763148639798 0.865826038611876 0.0274504220161813 0.258327978950664 0.0203796572416106 0.166670601855247 0.0481018899359065 0.160228695448135 0.0428331976877337 0.16590293552409 0.0233936432920471 0.0397337934926793 0.428952476732867 0.0166040448912134 0.133437317434806 0.306608756112448 0.00162109831272379 0.00293905250119786
0.0822322975895036 0.605692468177725 0.138663469873427 0.708045908097623 0.130930575008241 0.646933433789246 0.0269392043354371 0.250373718742637 0.0220946271953292 0.0754762184800066 0.758578554239343 0.780066125051368 0.33965174957354 0.0632756849768841 0.769415753306081 0.941826704452796 0.295311334400929 0.419528452854712 0.00947329185074152 0.643116168024767
0.268508845324429 0.667472135950425 0.869414575647414 0.585753045791344 0.515006832906474 0.358942533319575 0.18294876919883 0.358791758026484 0.568313981981071 0.428708416731882 0.608296670059903 0.966783279439955 0.39871937227079 0.123848837549786 0.84782334250621 0.925944682956219 0.649160339762344 0.522125879586341 0.979297316301861 0.0270688319492302
0.0266170790002473 0.396978427286474 0.0474141719069966 0.57741978950495 0.131492209899049 0.494251668054617 0.00503327019480921 0.00409558739502238 0.00715672203179725 0.0506917401201301 0.0137919981178043 0.0373315512198991 0.0299660650762871 0.0226550719433951 0.120105028230379 0.595287033425213 0.403879373379683 0.208912761676439 0.00763981419410649 0.99917620206557
0.264872127565935 0.561427652266859 0.269791750297582 0.385334392646759 0.948701772348973 0.158960053945678 0.0890324594451374 0.249470443351384 0.538342291297874 0.564841879453395 0.179176324120711 0.975121001324642 0.415151400318122 0.224808368195902 0.4461205705825 0.055945999579944 0.473186228274157 0.579111895717338 0.417342279360208 0.00066488420768401
0.275103056065574 0.559860431808872 0.162655053021445 0.699647627748348 0.349110601160826 0.359902710286146 0.060410961402527 0.227815711199178 0.632333699035029 0.262789162700052 0.105919038600237 0.791500904497953 0.114760693528653 0.131364421987308 0.398223531957897 0.91925577279294 0.27892481651582 0.363556266872766 0.644858040632173 0.000113169569517626
0.14479164160167 0.511873986271929 0.833683247625228 0.786798268803357 0.381113983141029 0.0689369539191443 0.269418425636954 0.383652330737043 0.528035856879752 0.16535894607036 0.302754333525671 0.941682377912444 0.122365164765735 0.0362359269938084 0.511716879225848 0.23770911976361 0.480910348365858 0.624353413013765 0.000344325991465905 0.0192846898408095
0.302383048076479 0.744997116526545 0.483478175251602 0.775695787648956 0.997672760116366 0.316781972465703 0.163300908325388 0.978940723909945 0.913551035018657 0.940394803992313 0.93895359945705 0.988923271725356 0.754204488321781 0.324975441198372 0.756775029976005 0.995712238712311 0.739359795110771 0.683317176013307 0.958826678061687 0.0285704915565468
0.677876960005777 0.769814244708718 0.770071689557662 0.800039076699557 0.562251740945256 0.382579614871297 0.917452760730799 0.945721652169912 0.996766623456734 0.990304567905534 0.972659904567606 0.999024561623128 0.798572273645134 0.467608817990174 0.803294392532999 0.998887905307488 0.833296547366682 0.753004012107914 0.988223102792636 0.562217557489284
0.338953850237716 0.591708786241609 0.397181871310141 0.887710053834978 0.652934234958962 0.432969210669148 0.134237634690966 0.803707777126616 0.994604042809008 0.824520877741122 0.854954973542625 0.993031295733575 0.558670436595062 0.317299750898504 0.65561532141387 0.676126477307379 0.566684515591604 0.704106880609444 0.428158989565204 0.999972880610102
0.13066624222624 0.636485027018943 0.709889283051336 0.549435996717649 0.802681286701838 0.497140341294087 0.129252552164202 0.169643607827496 0.684745156887541 0.297284166430531 0.35797160111509 0.678759667784369 0.381865636668196 0.105672207478879 0.304686580078318 0.910433561370851 0.158046439190642 0.478190748476431 0.890959407410288 0.999860697296245
0.145315147154246 0.549813047549263 0.675901504967364 0.860218591815371 0.860558297220949 0.539800548441537 0.0491612306215562 0.74979115167173 0.404407300626162 0.339446038646013 0.525393436522316 0.963114476373475 0.0801975751965476 0.119983793867527 0.277621287513667 0.687268117489036 0.286577157866323 0.288108182948598 0.000431325072563674 0.00192086849183339
0.0956145629147867 0.559793807680574 0.313282783066721 0.683581615003975 0.0512190919068901 0.544189211000636 0.0568679067474862 0.383394361313379 0.0183701304286902 0.470704368849809 0.294824097594068 0.990099068628454 0.151688979124608 0.0555964685247071 0.763266440853541 0.96903767280047 0.604671884908558 0.722720238156536 0.0235107777160413 0.999932600918673
0.110702699929683 0.625051014032811 0.288657528066208 0.514146236008897 0.945593123114188 0.522915976468613 0.0489755071793735 0.824899079354474 0.476566737519212 0.467669936845247 0.0471023805761123 0.992098774620498 0.284923258917938 0.148436949514696 0.787514154096642 0.968017671225263 0.674822448781223 0.56766706499324 0.579769546011111 0.849053892715915
0.309822329044737 0.626477824132728 0.386914123219052 0.484711058224012 0.600030749563952 0.376012206095257 0.237830917752218 0.37727931390641 0.430004109055921 0.496971544241777 0.556222366235036 0.997680565142374 0.204152061146589 0.141061783526 0.63730177107238 0.897611757778835 0.497794178294727 0.579510470531711 0.643399712715763 0.999232931972749
0.274616458031531 0.625165851363233 0.266092981454484 0.663451883272321 0.97172049824781 0.801182208948624 0.463902318149076 0.836548977086602 0.973530076204795 0.673574497749946 0.896701684250459 0.990282514919247 0.286262869538304 0.13720659746338 0.681986538340744 0.864951773040783 0.68000424732366 0.700700829152644 0.932853961271785 0.86575578218882
0.14610374050085 0.636404253807988 0.541922949894803 0.81665271424678 0.30117434104639 0.708380421710955 0.101607466481481 0.700243454330969 0.0665970456429013 0.349450948233362 0.152676544761956 0.898663386551484 0.311095735282137 0.0806134198525511 0.785897235295085 0.699724985210825 0.342321356222825 0.614440031963691 0.0708013944249997 1.15004380226551e-05
0.28350496150098 0.490178115472471 0.81393029018529 0.521517639048846 0.599865011078148 0.595047571985086 0.247043377009616 0.965055855489344 0.542426199964779 0.402400252522677 0.171341315488198 0.979583691662647 0.257892067089865 0.115727147667379 0.619074016287097 0.923062541791189 0.372474991010199 0.530020038751359 0.975260759124839 0.00231208736430466
0.0703079889492438 0.446565834964247 0.363857242319019 0.649932005882998 0.570226595454266 0.684478286866942 0.0807594733593713 0.000945362254154181 0.013713352061511 0.101901144331267 0.0302848131537935 0.814492211571404 0.0799513769496552 0.0147321011094146 0.228547914994594 0.891136342641606 0.238055510844432 0.400302302081109 0.0124119409014568 0.0972025918232402
0.590668542899585 0.689699841040806 0.726048053998611 0.459158351637591 0.964003484725589 0.526937736212591 0.133248163618495 0.945047779321977 0.661821553964821 0.731056425042965 0.636162017332698 0.968821646007 0.197255742456584 0.376638560368986 0.952110137192534 0.98674086367969 0.103770132236536 0.635832246119661 0.406666832246404 0.973220791766622
0.408315409133319 0.826782629303173 0.901294364284215 0.68166333645123 0.990980477836148 0.56631401746309 0.751308843744474 0.929636475113731 0.871264823188408 0.972867789851453 0.932306355621546 0.991973485750355 0.711397306382895 0.380758095633431 0.84728379687173 0.999469450878174 0.791383642798501 0.865926926244835 0.0244819358861289 0.626831961289162
0.552953164957432 0.657812794756478 0.921717072526345 0.64102454624024 0.985541236937564 0.306320904125411 0.307625543833977 0.831090120150263 0.962994793194601 0.402453245623191 0.734880382743823 0.941320818533559 0.276862696681708 0.225392051791597 0.804213862724286 0.397048149003815 0.604980153473006 0.548874416492133 0.89288474134289 0.0191030914471782
0.669092515451753 0.773415182730306 0.909812967705542 0.61286774098976 0.932889546464595 0.600344807607147 0.18544576338939 0.996862295397121 0.943063733596357 0.979346536528427 0.901635531952016 0.992862436091399 0.725757568484433 0.630443846855934 0.838454194124472 0.990871295331169 0.606327468533045 0.695569730864378 0.301017315224055 0.999992407595398
0.0660037996761331 0.47934220136177 0.057146766584148 0.827767918302076 0.11545378834889 0.144608710719982 0.139972421930439 0.0376714659890639 0.343087562270188 0.0928441058729136 0.190911082404291 0.824512433482739 0.0615575506358354 0.0430727230286901 0.755637228862934 0.720796244935895 0.421778927016541 0.261782578248454 0.0082544786818018 0.982670776457024
0.167674719567995 0.551280884968676 0.550885093966997 0.651021950746347 0.168798878446361 0.251651762982006 0.0152842898661776 0.169830768973279 0.298572738724291 0.145733838549605 0.603005188159663 0.815774607511718 0.235676079538799 0.0626806588527476 0.552997850319658 0.843080260492955 0.333903254754357 0.709306930282835 0.126511942339992 0.514751679918054
0.0843695407194978 0.46003250578146 0.326252393916394 0.65126811082759 0.286182689855937 0.247562929195296 0.0691910236303392 0.0545189087878073 0.0727147766593529 0.345594132233426 0.00548528450182501 0.819705981672586 0.0596858506050482 0.0356485727159489 0.0906558065808267 0.99584539967333 0.636925373432341 0.712220713679859 0.0867786969253996 0.999916737133919
0.814866008195637 0.871311663015875 0.909972882842787 0.699622433828012 0.999076700284454 0.780529460817687 0.608811409358063 0.937525364681221 0.994247398619231 0.995431369804032 0.990471815312937 0.999990159693416 0.956733803843486 0.743768426034324 0.98882299874748 0.996349143870055 0.75396756406823 0.676409173430733 0.887999839241588 0.999300797192201
0.384946249317983 0.6872782633899 0.721554264168934 0.587305130468898 0.790873972227101 0.0552260262027543 0.221740482628065 0.699194105665138 0.992158383565081 0.745863547450774 0.220196052014592 0.21720396403443 0.379077864120214 0.357542916438282 0.86221514862818 0.856291638358073 0.467240495138802 0.557030704255532 0.995724830841783 0.883773693627408
0.0279757937874531 0.483898487178942 0.275267241798168 0.300812777745078 0.0611324546417653 0.207158755449535 0.00672379847260181 0.0249164285036727 0.0698229282655941 0.00442229356036683 0.0178196744222519 0.132060701819602 0.0232548213100276 0.0146543837843023 0.383735139364935 0.00491218191778228 0.316587507782017 0.409031116201019 0.000346117073897728 0.988206422728776
0.596510726459332 0.738089341752055 0.828033958281483 0.661211453555925 0.943026984158643 0.244491251025516 0.198425202332185 0.796859612290503 0.994700579818464 0.763736835325863 0.892277535560696 0.989444682499002 0.789653912511501 0.269205254987532 0.832417282572925 0.999959147167501 0.657333535551313 0.772795796037861 0.972497107678545 0.750049094775669
0.368752386678496 0.679914845747331 0.992301221229467 0.78381233476265 0.701125119265723 0.488881089769104 0.386854291045775 0.942871459790345 0.978714191017067 0.870933680909963 0.759168446766254 0.784662596939564 0.713821509014819 0.253951355633283 0.958501038107442 0.990904702214763 0.623106396698966 0.931139046326619 0.746944753378691 0.999852273000381
0.124499123228773 0.582668032091373 0.386241787489666 0.571762735267995 0.564192077468864 0.51601792613562 0.243950548019147 0.5748152266081 0.0779213673344769 0.231175208856113 0.178362549440938 0.988554857161637 0.0651856005156063 0.137472381224178 0.647052004534836 0.993569034104669 0.268666820534098 0.295297645535994 0.0106911677863877 0.0238498413465892
0.0928421973552568 0.670879401855168 0.842436895473578 0.605989503868228 0.896919078352478 0.284791536151196 0.030257325978687 0.431370951231948 0.615392771689243 0.763292723896392 0.742542626781444 0.939564558531738 0.142896150303328 0.128639458256716 0.765675388430452 0.998226967030532 0.498362410920654 0.504271306654921 0.187958993979398 0.00323943288145972
0.115547153129548 0.586946854035669 0.276243534889049 0.378516106349185 0.287619925912494 0.826363640667731 0.149895397044719 0.525814183336572 0.0914355193389157 0.342009769024262 0.553253011732149 0.754140349702682 0.104103585722026 0.129083976178272 0.788925520446181 0.323135655643186 0.638769790609114 0.443511955366608 0.134617907928189 0.137228148126752
0.531646391843971 0.749733791532609 0.662589973225744 0.625107733607427 0.933531419295662 0.567636103363098 0.547024626962379 0.426470309033233 0.880624256761206 0.80716712360275 0.610008493677561 0.723024753929368 0.388575374195461 0.168042633040342 0.867728413274214 0.987027120837504 0.415821871199266 0.798056135277648 0.0221018107712918 0.979604446209895
0.0243080334263316 0.358384785579535 0.0281421120006839 0.440263806357532 0.00373719334480277 0.233976182494569 0.100027785539376 0.00306530176882843 0.169751258932145 0.0223793214878588 0.00331725025895484 0.00794436086702335 0.0128349799306807 0.0222886450053018 0.155912425482294 0.215042920861068 0.150113900984108 0.246556404676358 1e-06 1e-06
0.438581504944947 0.700854773168337 0.451497003234884 0.708383823682329 0.950912428797178 0.811519003221114 0.0730994455244299 0.95058912977548 0.423755456342207 0.48945586518101 0.372494323176949 0.997578694339041 0.479963528785513 0.255542171322672 0.907734390134038 0.996496558546515 0.627611727731613 0.716196087511266 0.908697540559366 0.00600241153005809
0.677963635681059 0.841092429768988 0.535043985005617 0.550326214989465 0.89569086132182 0.21972565506464 0.737474711250728 0.990121050453957 0.264615664589469 0.918944387834281 0.994561278670478 0.998816908315871 0.746609873845978 0.543365073104304 0.843085343287124 0.999920866412059 0.520857901734548 0.846229923420181 0.961308929339176 0.995686340801048
0.166214846852777 0.588253961031907 0.34364919560674 0.676900306974414 0.152737757957155 0.502442041665357 0.283186945592558 0.462582063829623 0.178317918062851 0.0706599875657911 0.0482856225862822 0.546374819785465 0.0594177561571688 0.0677444332016993 0.60343735125078 0.0521133182182534 0.638590967613474 0.168625315438336 0.000131946766283387 0.996122004718239
0.194373730190421 0.484527238825144 0.967846852477727 0.54878475084065 0.201014812760055 0.239103222861801 0.417629119715577 0.849200826800745 0.450746602229122 0.271391707246335 0.55347147842594 0.865827339170991 0.264394429308199 0.127308979376332 0.27492917612557 0.830717941817907 0.410080756793304 0.529875515510322 0.000420902875200356 0.873891587195819
0.226844524506466 0.757580531202025 0.585342831968574 0.630127196058649 0.974690234785901 0.471424346634804 0.229649091314729 0.904285608298828 0.842648346456336 0.590531542276425 0.691853432449705 0.993707331380369 0.565017107103488 0.293282475962063 0.705915140148721 0.940499246210117 0.519982621522901 0.62332042989471 0.999766222128517 0.0749492738288129
0.0409378346168199 0.494861244408194 0.28231880296558 0.674359120619265 0.19731507451586 0.77269187695908 0.0226930448999285 0.0103881803354335 0.0270868036425354 0.0329126388962908 0.0259698669742904 0.18606240752781 0.0321189956684622 0.0333647476756551 0.535899473799587 0.0134166201004172 0.193354718411658 0.529949630476831 0.000979162637965699 1e-06
0.146747481653716 0.639484244049223 0.55839589649956 0.549614780510738 0.737726169212332 0.729223634629935 0.113171330916958 0.108009326177174 0.325332115088339 0.0809089647580633 0.0676638670247169 0.205725075194549 0.132703512645555 0.0519254269993633 0.572105319248476 0.834210337678356 0.32173565186188 0.736496098698808 0.30002183426201 0.986880272531324
0.158485361582323 0.535696726131029 0.0764494581170649 0.475550853779703 0.195201786042082 0.900852016136703 0.150145002554441 0.323202942662465 0.470465303959787 0.344785752481597 0.043741380610191 0.703498795261114 0.154912132386967 0.0782623254047398 0.489974675536445 0.175697546057955 0.641743520606096 0.671355708006173 0.0310936049273151 0.024736342106468
0.2630576937862 0.549974177429594 0.943909933854428 0.655789092139692 0.989405055918246 0.543034963861973 0.0373006053694511 0.316851925199491 0.97614131780811 0.639695342289914 0.536387478493227 0.70864747258261 0.413422827094384 0.16624568666186 0.751258099630736 0.577154693046765 0.591106264136144 0.611214968006458 0.997973196950289 0.000327471429654807
0.243733428821572 0.669122136933077 0.503549401406185 0.610878037395267 0.688415040194826 0.182162119037039 0.0503164327098082 0.923513001095656 0.911859089878724 0.279460418637056 0.310249582941408 0.863696470945944 0.12602805736357 0.0731203606161519 0.337822066456523 0.368897716979308 0.384177384826084 0.47665598227916 0.180388415585652 0.00569489335858033
0.0389757544167377 0.346314002939502 0.133849869655635 0.466388272341841 0.576179850115859 0.358975393479567 0.0748355762822817 0.129862115077991 0.193587694857344 0.024981188762187 0.011496561589202 0.276676403145667 0.100748224810063 0.0656623782547367 0.410152581894984 0.3131185955185 0.539616160131645 0.414207273370283 0.00111493146745957 0.0220393421199004
0.351887736469093 0.737793941294948 0.905437757538147 0.816560059153358 0.961462573820014 0.588941765949328 0.576485125979316 0.930568569403287 0.834388545775115 0.897345157233547 0.845286232890469 0.965377325526537 0.384918749332001 0.501481913615034 0.898967745166755 0.995809507648956 0.556174380247908 0.695853165305729 0.998738058827338 0.68408054412323
0.131993071941765 0.598641103179976 0.369960274464388 0.61999472853178 0.0580386951513904 0.680388825654045 0.0891270683089207 0.389808261795979 0.474537567616016 0.0978092082925552 0.263483592866742 0.472054999578143 0.27220735555793 0.0679936759620766 0.578440349493362 0.0330425443023315 0.598636902761889 0.62238904492871 0.0837591862986327 0.999219578999285
0.334052989962627 0.696512818244102 0.852658728597525 0.840631686361284 0.954492263245719 0.118727819338741 0.422983039592909 0.469492916190147 0.972229589537395 0.571645215451503 0.96990438448522 0.93682896882948 0.514717880896674 0.325595877606595 0.329710223179682 0.948870518753946 0.514841131798612 0.373223554809003 0.109451307389749 0.994228178781433
0.102705747398698 0.629298142152957 0.303009846484682 0.705796257594038 0.622118056837438 0.247871401467099 0.236178883811383 0.805244807689969 0.407199470828373 0.26886884338346 0.0934033646388039 0.992411494934008 0.223431687165003 0.134427867612528 0.846146339915011 0.871147078537994 0.43173250839322 0.657712289962659 0.160130082866693 0.701061256731565
0.173918250935435 0.55999098733247 0.308288394286907 0.726205215029129 0.693528887497026 0.410297769011319 0.140721756138716 0.79744118103793 0.0330583713177125 0.140339753488689 0.0826114693188708 0.962409244625092 0.240044568462657 0.151971461616373 0.832061116449806 0.999359809764364 0.672549508393881 0.759314684909976 0.206701484417548 0.996833761674507
0.20904990883768 0.601175590767426 0.865253975240524 0.783689317669723 0.31329397509478 0.206943021671023 0.339147717857624 0.411652132757493 0.862314112958586 0.826455410259788 0.595123501302923 0.997072324744324 0.495356511304229 0.194941082903239 0.847635808112592 0.971201314400414 0.474049891463913 0.625908803274115 0.972758930603148 0.986768808223371
0.678215777739024 0.704294242831448 0.750430728617848 0.742340676355812 0.972165107119534 0.558587642098451 0.580163158755657 0.913037380744794 0.990340701289848 0.892937937453744 0.870492870657494 0.993222960198346 0.764560354404959 0.459761252537731 0.960593168539167 0.992929812613519 0.620015991243142 0.867559091253497 0.668292423157113 0.00134215580288267
0.52063054863241 0.74757526081267 0.819060389568051 0.812735868007284 0.995385428551074 0.422679037921522 0.639756700844573 0.998608728451184 0.841494245091501 0.945436804692204 0.930391586581123 0.99015624756362 0.769186496162062 0.496130453454197 0.565735987141778 0.999982175900187 0.486135403226014 0.843306891177357 0.9998302114142 0.993429164895076
0.351941898771037 0.613863239276108 0.458079667316984 0.422464871491494 0.607515850096773 0.333229234555476 0.203648257703306 0.773819818835952 0.590990767312652 0.454729086418728 0.29588619632777 0.801398812663845 0.150657460458661 0.132687030964886 0.870183654826174 0.977728970060632 0.717247790440625 0.776785792485783 0.00249949381823996 0.00793021437544044
0.0687878284648788 0.530942683110417 0.266341714119102 0.628975202652339 0.842357389517237 0.385950313113426 0.226771879781514 0.589434768149224 0.216727185334854 0.198985656897071 0.0301634706004511 0.920640984846141 0.0866129338787835 0.0567595057629147 0.519803647822803 0.992276906837257 0.494120081980946 0.32454440646031 0.0948335518262912 0.710141084346113
0.362294896281774 0.549574901678282 0.91256911224224 0.653727703640354 0.470106101224529 0.320013426529219 0.485909559840598 0.674063022502502 0.918108277224856 0.902007478688713 0.565572731713772 0.991171012658393 0.557657332619552 0.171426196298331 0.385972640152054 0.966557946314259 0.380308278457862 0.737861034789773 0.0064030939078982 0.00133337468515371
0.346697451111411 0.727471605923177 0.787385770082292 0.591124394339514 0.965525637756922 0.307906142459021 0.252868791141723 0.667577526650373 0.945979326425173 0.823649763632599 0.95160516605676 0.911595028082594 0.53328483858055 0.309722843022126 0.73127674879448 0.999979823682828 0.598621028951392 0.685821428927399 0.959700821858885 0.793709843143565
0.103604844796621 0.524956069354622 0.235327911793809 0.483342125180239 0.65850648771011 0.113139093786555 0.0323292097789993 0.440967877236052 0.925419055093298 0.0818838423964398 0.0566055555388612 0.981295342644904 0.178204255078105 0.0652295814570828 0.755394542363806 0.18830668206018 0.400454452773918 0.319576634111021 0.309452126538115 2.19124164980483e-05
0.0581108618682111 0.661474092397904 0.275381376395636 0.60363045908396 0.0490633634613177 0.527219264423684 0.0875475168514066 0.156158875229542 0.343883890143492 0.128296024369358 0.397874143327812 0.944634684447579 0.100501797232273 0.0455604823201939 0.436512778368682 0.714557800864166 0.450686446587293 0.276582297865087 0.00500400452670581 0.32104273496896
0.187774402540461 0.576201939416152 0.476558006232979 0.755746717164487 0.940680173580318 0.33007153898542 0.192152434526722 0.546197579969344 0.783264703867233 0.586233578774142 0.329529607697165 0.98857784866996 0.380936107229374 0.124238722481511 0.473728850035247 0.987046085505477 0.372234928801331 0.574822845568677 0.619540100085631 0.998526938976841
0.105757515575866 0.394564568850314 0.0460973645699726 0.433755855422344 0.252618391176771 0.0526797911488345 0.0712709559269114 0.100441046017666 0.00126311029325001 0.0117367002973141 0.0658035102301506 0.0608601856193025 0.0197689814884135 0.0524176686583996 0.525719924869716 0.786704120107717 0.636188474412422 0.192554132551911 0.0091490128657196 0.000243488564950486
0.157533692279475 0.578870591407021 0.222199317412773 0.4310405391513 0.0231556534069821 0.463860570723331 0.0314809894176548 0.271713409490967 0.124186285838915 0.150957063715757 0.118134332875931 0.408299851952119 0.0790393896252341 0.0768596307241323 0.195773241857157 0.993830732423247 0.271383945959578 0.59880356085709 0.955776542377038 0.552058943418412
0.0671287765569955 0.636014258244636 0.625679527932491 0.804488244404822 0.734304536510374 0.840797883877974 0.147102563745559 0.4635856250518 0.329405838550708 0.359673660151264 0.113966705164043 0.948318115839671 0.181898448435614 0.078110680943135 0.359986257981662 0.0778520447923817 0.201154864150563 0.398189031696871 0.000129580172029709 0.586789053256918
0.0397366008337953 0.471661764685616 0.602193293085087 0.53129453759646 0.29525816432929 0.596686255856165 0.0267678167562095 0.0227617567811207 0.0375495696595192 0.0532987628658392 0.0230232188818357 0.743815873741446 0.0326364572995524 0.0223326128223223 0.181766993790309 0.0317464097791301 0.70648820915331 0.147751337904973 0.0220603786827132 0.851348479920367
0.0806071742642784 0.507913644051953 0.394521209231274 0.327520752956481 0.111061027070487 0.379489958371083 0.0734877876465829 0.469929808003876 0.51135209935259 0.0364643883006527 0.233266984266507 0.839487735021021 0.205124817782228 0.0237515681795012 0.676785471799731 0.965099258765578 0.370341547797638 0.497129641009791 0.0127448988158071 0.378275182127937
0.0303461670160334 0.418976763008226 0.162182532794348 0.463012994307554 0.00634695387869357 0.105891196209399 0.0332233888480881 0.035238176641628 0.497173450981107 0.0137412146069698 0.126911372661191 0.570968059294151 0.104106742303343 0.0296084024993793 0.0485314969796046 0.633505120374246 0.404162669845918 0.246950727404513 3.96406211797588e-05 0.000231076145372221
0.0298791499145691 0.421738487330689 0.420621085777333 0.370560361524178 0.238923104910289 0.239440080461327 0.085437429155235 0.0440478041163855 0.554302178631406 0.311233020990845 0.0383841535041444 0.919638549103723 0.0380549440410542 0.0268745424228286 0.637784777066129 0.924523301973466 0.44058691205224 0.296864333026325 0.000919584906571657 0.364172593590851
0.504502402724504 0.744649052507688 0.51000415367095 0.64098714908604 0.801176679084704 0.674689131263807 0.454018675814352 0.942936447414463 0.0601830457113138 0.973946087619942 0.857406589147677 0.944773603766548 0.428816716332612 0.330949299783688 0.775769262067337 0.861102270839501 0.578068955013522 0.760551380303344 0.0451422724127114 0.0436034381868733
0.170634097274795 0.660516337704678 0.443508574538515 0.539408800220766 0.764862027606026 0.454881906131469 0.239966351335355 0.393667191555986 0.974870447118468 0.784545185521824 0.311520643609439 0.662711690635278 0.388357807637553 0.30678716487457 0.495310395235828 0.933289611314208 0.500422592959965 0.399757517821697 0.285398137173131 0.00569812454807967
0.0932648666388372 0.561759760779412 0.514768734659486 0.392756349366304 0.189886671171355 0.392283764727395 0.022246482801873 0.173510256973887 0.843748793344123 0.0547400012491435 0.0754136341869903 0.436323336747122 0.0360979918232876 0.136686866805524 0.667859022277743 0.881063744778069 0.670218467048031 0.270110921277991 0.229204073142046 0.359511241485491
0.0452658791346286 0.533117191467834 0.283894972398193 0.569003328591112 0.51981885204756 0.397656629272749 0.143119120153255 0.0696939130338942 0.107900159070851 0.159089179360467 0.23458828146616 0.546514108702445 0.140326059269946 0.0573053666998248 0.553337373125981 0.574145300263473 0.334299113462655 0.477884879160989 0.995683363444981 0.000146114985655646
0.312600575697888 0.765413968467213 0.688480876817206 0.689997019069973 0.534157017186252 0.458586203967576 0.11149258520004 0.829596108493335 0.160029038568276 0.753144943462551 0.767443338217056 0.98759826340901 0.310509282875765 0.224230409324958 0.846142895317731 0.999825530195565 0.598833855002844 0.762951108997094 0.895385929848122 0.997005422084056
0.156351979323059 0.54864893358232 0.655173379242023 0.652530245262511 0.385186555917092 0.80869662162696 0.230710434711105 0.0438013599289205 0.892970377932491 0.243314157105906 0.153134460721346 0.981914732414239 0.292624605076558 0.0830011281017162 0.585886908199966 0.917153540456024 0.596711821410689 0.427175377576325 0.200527592489265 0.519844753277313
0.160894311520468 0.588606954121929 0.188002223439338 0.665859537331035 0.0812995608406584 0.402726981384472 0.0340086665956669 0.792964799993188 0.763514105403785 0.129257267982513 0.114092784512983 0.973991346673967 0.140167505485659 0.0520819378674386 0.218081522115148 0.0168030115871194 0.290795017453006 0.370658219186011 0.166064683347 0.984391130244743
0.0730493959594211 0.651344622392844 0.665011557602226 0.555303642550993 0.642345455904903 0.270237761205987 0.145236146703345 0.184926691319473 0.214783785618757 0.594762124938254 0.310355241567781 0.984825408351106 0.236054627930072 0.0730283217728602 0.508328097943557 0.97786773760708 0.422459218035921 0.780296864031942 0.00040958941637224 0.683989432509819
0.225566344282677 0.513468774577219 0.390781548553309 0.329293228517322 0.73982199775046 0.329457016135571 0.107639988934258 0.0397636155608792 0.937425923733572 0.118246202689804 0.123505543379849 0.995808855171224 0.143853545489727 0.104179467724492 0.659934716151306 0.873419345246801 0.352369350864731 0.49665962981469 0.000630823794287848 1.27917851571371e-05
0.51286190798315 0.680497723025026 0.8732612107182 0.798664771883271 0.979637836820981 0.120781009919208 0.467135036997562 0.969950723232862 0.895767498618 0.900256324569152 0.926027870947418 0.993028010064645 0.833065898802066 0.413609050464182 0.808540991487796 0.999199627072685 0.902746126930747 0.571781578873736 0.623968093328844 0.999215152628054
