0.148662160388013 0.541549484607029 0.464372641642654 0.567986587659007 0.0134030588261721 0.0432100043377876 0.0625596786678175 0.226911569769372 0.983400311145263 0.560902875081981 0.597626201728951 0.989729706427948 0.223843080267276 0.147876846940254 0.595577181676189 0.150989408171775 0.179564968559907 0.324166862971398 0.380007189807968 0.160270671959321
0.52958730041324 0.745491927731267 0.804893655357119 0.752223615682479 0.99586009335489 0.358145504149555 0.429078856927598 0.452770131758351 0.994004082800105 0.909509380385099 0.949181571538371 0.940318042292147 0.476999287840638 0.276576275267161 0.795350567029659 0.978047395798293 0.56826828515041 0.794439037255691 0.967329381273792 0.999947517803311
0.0639070510017754 0.499069354415206 0.527863555550559 0.451365778831036 0.762461314511713 0.26043523988044 0.227406568116668 0.432055790339432 0.172035006925962 0.0503487172992381 0.0241568168123142 0.220043814281991 0.216526025508987 0.0898659866003392 0.817722211275672 0.517046298957164 0.349951237457105 0.309883081902449 0.00127273118403047 0.879545994658692
0.195994104098933 0.653909786487841 0.7885690674416 0.426429575171588 0.769656277459124 0.683462248887327 0.478371576083225 0.752431208969439 0.824694154418559 0.558946074270236 0.585527763960528 0.912863903693535 0.370927470077168 0.128242134789203 0.722003167455691 0.738532292087828 0.330948466923111 0.550358690830273 0.756280463359749 0.991206695920073
0.0472625316460782 0.579947149287166 0.232193866834877 0.494558286919189 0.127292150364078 0.461536398956552 0.0134235900965435 0.161560514418169 0.0972395850763193 0.00794315044946332 0.00998562794285701 0.649420125462305 0.0332681708581908 0.0249861264775865 0.214015942885392 0.0378500303553269 0.139694889044257 0.399756250335575 0.00113597378100272 0.953365267319742
0.190212130718071 0.581210027433818 0.43510062887549 0.817418547683644 0.800471183659023 0.806852469031137 0.10944802974284 0.224449299934322 0.403015183732945 0.231623224808231 0.481741026352149 0.96351497381027 0.136565623448283 0.0702761549249009 0.605551283242066 0.985681556874062 0.446680630756225 0.227805057023156 0.00128893814360995 0.962344090561485
0.150037282958989 0.450520912569085 0.426074599680689 0.635938665592086 0.792590823272902 0.623741137658221 0.0662778305587766 0.189457619332739 0.459038945914672 0.258355338009398 0.458894977839965 0.765908389073694 0.256969089750999 0.122412906186948 0.452603203042803 0.52994479340275 0.398264704880116 0.444075640936333 0.934589885635399 0.00140744591749475
0.0427811713582408 0.400555549252908 0.391077563142403 0.67014481505809 0.382944712717665 0.257337147720397 0.167496586199825 0.0271199099454312 0.791257033078271 0.0503109292991111 0.0567996438399133 0.99202673346568 0.132194133371293 0.0613498214512575 0.552151925306568 0.483597707733835 0.505695698355818 0.429736478066647 0.0441328330518624 8.72487222439858e-06
0.340810979607501 0.536346695742911 0.648952269163165 0.617019385915564 0.691856327778447 0.587808071233755 0.589449392524684 0.328718194237059 0.599539587269815 0.782841901864396 0.321805005470435 0.908575744279421 0.511284819642562 0.0736631085638358 0.514827085410912 0.938386290299906 0.279320615672871 0.577984056310698 0.995898582824242 0.999627351824905
0.25661959701476 0.703489491186748 0.706720940489507 0.729508251347151 0.474184934012321 0.28184069036175 0.266954012386388 0.907861042746114 0.917987002197934 0.627784317498315 0.435287675737466 0.884822554581673 0.442146506407798 0.141919468029707 0.731937345465425 0.980762236600824 0.512057621057224 0.668315557081333 0.152071966928726 0.989664663158476
0.073328335534677 0.496981912174312 0.167808985928461 0.699990189040646 0.517537657489991 0.174735045504222 0.133572076355068 0.561107719128588 0.252915274805657 0.651719697576084 0.383408876237338 0.462142363774804 0.12609407354649 0.0606620356248083 0.518982973125175 0.0829876966819203 0.37161349957761 0.403256682391129 0.426987563356026 0.000644887796443574
0.860341333282589 0.748315335243204 0.912243699844012 0.801892319313336 0.953546457312368 0.757364516589427 0.282803223105664 0.984194923064607 0.986624694657695 0.971276670143124 0.793944475883247 0.996780702908873 0.733601135421742 0.612443672083014 0.886292735977133 0.999553801364432 0.770422860531436 0.845828310774675 0.976945686957553 0.0144842876213817
0.0888185786577495 0.504313303950291 0.448199607955032 0.474392710430177 0.144076585957378 0.523419633546401 0.0293287350867621 0.083332724497889 0.0748854888269706 0.146677765522044 0.0512027623132033 0.757903606255397 0.0465989051806293 0.0441495568643715 0.316929772346275 0.394763846587589 0.132774178425785 0.34743507288319 0.00138485674649022 0.999954757393426
0.601514285163198 0.7714425348061 0.951779124169269 0.769689953674196 0.997815604185082 0.381687590111388 0.813036596807797 0.986369551905589 0.878319214356758 0.956085435623611 0.894101339081743 0.875506029543489 0.796142920398764 0.380463064182189 0.969312719547636 0.970061556706632 0.504439171029784 0.924453399264884 0.264225373103069 0.651860834062961
0.0944073542538438 0.579916964349774 0.534490058254812 0.754422198217643 0.93114534427006 0.505002764017525 0.0237205174798448 0.454294771341732 0.966899450342355 0.382697379781171 0.521473657756286 0.677923619034465 0.295111097962271 0.189956395325564 0.504096099207324 0.987773018374574 0.511508242932751 0.542653547460345 0.0331505053692994 0.187448662389444
0.293257448179846 0.498386944692831 0.775637305776542 0.735339166203493 0.643123836490874 0.961365939035912 0.0499937323366935 0.823162447654833 0.272286371993922 0.748897719223945 0.767595416439239 0.985933734969338 0.237725002339557 0.0820574247976326 0.174317855549917 0.803923217873515 0.703247700357988 0.35278471776459 0.0286805973456591 0.714241101144845
0.205594012515087 0.621022050575429 0.636561735974764 0.501759950016833 0.354358475475052 0.282118544560001 0.130542221197271 0.467401570150937 0.987927713238568 0.35091343608132 0.705948271820327 0.943932361548409 0.1988865511191 0.046977604746138 0.46941760541358 0.999042332263223 0.651601562966757 0.794490085315482 0.305187229059042 0.998772204168805
0.599914230700856 0.712063936602169 0.873300075001019 0.708245650159414 0.958103630325958 0.499571380126218 0.625765355459617 0.986442167050875 0.997425801692312 0.921911908961993 0.705542941638524 0.985791624813868 0.663560392878272 0.231787167610836 0.941425376479117 0.999373963226062 0.82404939934319 0.607392395559819 0.568270411429087 0.0833515496010051
0.304241267860348 0.741506079770107 0.869450800679915 0.499445185556387 0.985050133630127 0.393008348615667 0.633798936478581 0.920604984014089 0.930985141424033 0.524544485906592 0.79368382700874 0.996606188480476 0.676124360542093 0.417619426520411 0.883567625710295 0.986724754829462 0.558519352856263 0.46836704517787 0.999614163835816 0.00219639306691587
0.0717293161104347 0.468563982897956 0.059025932967926 0.414824607437701 0.0432589652172946 0.680341926128782 0.0840215398873768 0.119345745118169 0.00336824677242322 0.0757570402606511 0.0255597349001273 0.555041512381968 0.0483623261951849 0.0604639480885411 0.145790171504934 0.927101901847894 0.150574154267301 0.199026410693008 0.0493001777099416 0.183579466784312
0.439741134116962 0.649653945219154 0.869353193305739 0.820323459324641 0.64797379964942 0.29506653051469 0.131140276532424 0.959883533374185 0.665593790687528 0.943202308730687 0.936105713043415 0.998733753588311 0.282591870545264 0.421997550042228 0.934993063400998 0.99811801312236 0.408380789309069 0.51464285751586 0.160788296235409 0.999978258553309
0.139823314801471 0.429997389601397 0.755649261181041 0.635285235289437 0.162523224313024 0.301717814919258 0.0601128507502749 0.561085142445557 0.0414105423669056 0.482405217272271 0.0648519000335572 0.853003453314533 0.128526017320882 0.113328320840652 0.464905807890382 0.995750254175569 0.286883935702042 0.452517365219166 0.997610634892913 0.0722051467737335
0.118229093798747 0.515523124626425 0.667515341794019 0.669713107155306 0.510621960121833 0.46019322338336 0.0519840463901894 0.0832552266795077 0.112757539609591 0.321613976311397 0.496284206368075 0.935485530754822 0.0904201894522037 0.135702915541981 0.233578701951828 0.989651892501267 0.674221270248332 0.515324335924412 0.961309400713307 0.014132636267854
0.682863891870257 0.768887833629052 0.888829231610157 0.737087133424672 0.978373287350719 0.410587068710914 0.780203533839154 0.846598077606844 0.964246947538309 0.898754137213435 0.95140066903395 0.977174607682911 0.787527436914714 0.409039123996125 0.569951817908321 0.959024303338746 0.734452044622202 0.86890936409762 0.955511299213967 0.983355213762767
0.341771355724766 0.641106574298689 0.447672914213199 0.778371605685115 0.861031555539729 0.597389073764958 0.126598683820535 0.791658223675924 0.954658405993119 0.858105343405845 0.730102523850051 0.902959651046332 0.336872765082575 0.277007625785962 0.808703432378817 0.9945617260822 0.329846405129389 0.819044853272379 0.552859637299342 0.997841517037755
0.533940872871397 0.601953492197992 0.592813205194118 0.615305810600071 0.260914930285459 0.623007393792772 0.54565100409656 0.815217989498903 0.660157417769645 0.795656303218789 0.71605458348063 0.629933752284534 0.526266066631354 0.133246519395329 0.580525940937559 0.999024963126367 0.86218235181468 0.821314612345863 0.0305405903517269 6.63494361181323e-06
0.0841469146961147 0.541517329348006 0.787583796001132 0.824844802427831 0.181520062704437 0.314596708559811 0.249525643608834 0.417100058864197 0.317873533399305 0.482472482707725 0.72803184150643 0.996182282680153 0.182083854107805 0.0836546387979261 0.633459040196897 0.994449022767729 0.698924708394885 0.241017099936367 0.851689777819533 0.0575574007282612
0.251164229301925 0.692463835955764 0.605302674052888 0.729142251064339 0.412595019364179 0.62123052888716 0.224226426174626 0.821297437478858 0.0908714284318128 0.246534664005581 0.541433633832269 0.981953639844744 0.243625702451181 0.164342221836858 0.862879376167423 0.997792540292136 0.665178406406274 0.586714410872451 0.641901520490665 0.985692835420341
0.0449821956524054 0.583172185093729 0.181563897651647 0.725750878745827 0.159838870027622 0.516865255973198 0.0648690545228583 0.174802994848843 0.0521186963248006 0.0228089012994624 0.0224912657598097 0.729531048826838 0.0480513007882254 0.037435986887334 0.30419083243348 0.987182975131907 0.458639379532713 0.431809297636196 0.000637911208150986 0.999287914500669
0.846785869922442 0.775346578051635 0.797534331780189 0.741643288812552 0.99953499366145 0.312961186425541 0.768229673352923 0.965206498122851 0.560598768648714 0.975558131884719 0.993026817819187 0.998131146456098 0.877687138015055 0.499673521144474 0.770310092371955 0.999999 0.751713861950065 0.914790103926186 0.995990118198469 0.977932955789106
0.300605760556466 0.675046824309413 0.639838090427315 0.717689038848695 0.706563391267909 0.482053719663653 0.0550418642769192 0.800384356773672 0.736394208350873 0.598214598488874 0.823489517711241 0.981000879894905 0.580993583995352 0.208825961172403 0.861964017282459 0.946084519143117 0.393062207628027 0.602240248666705 0.16685714944762 0.888903018636498
0.140320296085559 0.561071264644586 0.362330182006266 0.704243544358736 0.0925492389103414 0.26267557087853 0.0368571244348349 0.135559074429859 0.500747604711715 0.0558066974274999 0.0710374743134606 0.85624313184616 0.0284059274597503 0.0761941450940652 0.691067093129682 0.088007110267503 0.667066934305561 0.515641465927222 0.0845396451702067 0.956377016444029
0.389043185350465 0.75580586987252 0.567925439999434 0.848860927539496 0.77566434082049 0.639651005790391 0.131589856951927 0.508405236441854 0.496706433295265 0.850628800301603 0.988784299161668 0.989452016635698 0.448815123166569 0.261631764394177 0.740408689134578 0.999963975455669 0.525994305246576 0.846424964773512 0.844178394058748 0.999977557938801
0.638555601306164 0.691509472354793 0.588793842074743 0.800427903630104 0.945479829454859 0.547318298557293 0.186411442218574 0.975075422147084 0.763658494759645 0.924424714662859 0.956204208068564 0.867165145584504 0.574561852832163 0.470860183527098 0.947336513933288 0.994984414679085 0.570464489374484 0.746131102542012 0.929148186894857 0.998923219160389
0.381772036969602 0.690710607260299 0.498061911961626 0.751039566812032 0.895279498531839 0.215769188545588 0.359072379082686 0.969428864237639 0.143001569144096 0.790834061419663 0.839899289712728 0.998776961540988 0.658229288915056 0.370146052896166 0.536593177522602 0.953095362253462 0.507666904030775 0.515277901316701 0.0176624750069099 0.993646539231696
0.210847731348567 0.524532493943009 0.651875894849407 0.567966209004069 0.743385704865589 0.332144784886425 0.0440494547682545 0.670632145079258 0.740487842535186 0.251998613219281 0.220097762066065 0.997742137668958 0.26872344851635 0.160327720647592 0.528217128821564 0.816060831662248 0.380714447185712 0.457272788613881 0.0606456086692491 0.99868757766491
0.0845278432274824 0.62198256243278 0.332172372983682 0.757730694600968 0.0533066878608317 0.0980740587231065 0.134203730595417 0.593133363770329 0.00502821605758885 0.454574922670351 0.478808112183431 0.986938500201953 0.135036863520991 0.086812148860503 0.876165966468752 0.920187578734098 0.340557900149612 0.122904851948668 0.601726052500528 1.71773059131995e-06
0.0422855065532904 0.494498437579657 0.22727997277642 0.70338967621032 0.103685262971176 0.318572659668127 0.0420065800877862 0.00581140435046478 0.51726015385023 0.0408694543347429 0.019959995310347 0.323085060009981 0.0801150069784512 0.0243208335712645 0.665804184664765 0.0880390526848977 0.537663631375593 0.563413698390611 0.274469410976751 0.159510184544709
0.600603913183944 0.739092733647903 0.512092175961339 0.903554594860519 0.625298138608298 0.808189729370241 0.307958385026982 0.809637931392491 0.901266917169382 0.589483415093587 0.800912928802023 0.981585932481981 0.769783628331048 0.631399899097235 0.760497393029864 0.983018616071425 0.616484911513198 0.786451492049687 0.00330152839507912 0.999949856486647
0.249543502262908 0.618260397714875 0.682896046451907 0.447167944824641 0.875201265073447 0.204606586144771 0.167194544308127 0.535278042039733 0.897655864686765 0.262813870834571 0.0936055895091056 0.986763946792694 0.267620144250605 0.102776259775402 0.897363892171579 0.995640131136425 0.669853152881491 0.613180639119348 0.422066926274889 0.99865064474627
0.848393039023221 0.760363037818192 0.989874266959648 0.808227109121818 0.989759449203045 0.748311811190092 0.722245708527908 0.98940635815973 0.997916359277308 0.966185908994671 0.996920752685465 0.99968847103742 0.821560726559467 0.519284471694405 0.942528861082991 0.999844476385956 0.56397139201654 0.812509619932299 0.193930198320527 0.844421431146493
0.159440200248658 0.430638949195042 0.159367191638994 0.533206495426947 0.149592234135222 0.543814788255407 0.0352737000733837 0.334148935373597 0.199396142599675 0.133894489969664 0.186048543220783 0.940333139002066 0.0770733028023322 0.064130573267557 0.602175597362815 0.769140841230374 0.493627169052125 0.398796384910497 0.220982770554355 2.15925036602035e-06
0.272942189221986 0.636944720859067 0.572997642219931 0.365013318760738 0.209783116076581 0.848377500544878 0.661585677562226 0.803264431809124 0.473679117744956 0.697566655179525 0.943304910970396 0.952287089229253 0.412448366663522 0.174263590487441 0.952729268760042 0.999119070224766 0.276591688830692 0.655698404260578 0.956551064697348 0.458208616214307
0.0983963727040761 0.605776478547141 0.322699957266254 0.384245680679256 0.205119542923744 0.102875811782992 0.231446437438687 0.036608559226787 0.635374076699512 0.329416914529906 0.00440820200316447 0.476824176826492 0.125500365245152 0.0802474685290799 0.558368986545139 0.984765170656998 0.273287342112022 0.419345174019663 0.0532961004911643 1.34391917928997e-05
0.0653692426924639 0.480769474780075 0.162740393639467 0.783939144994458 0.0255913256526227 0.519815787395268 0.0619102827677629 0.100158892398366 0.481805400000343 0.0202623235647291 0.0559095865384541 0.524632939960596 0.0371699630810604 0.0178602562352046 0.37997984083197 0.7758904162238 0.482178444095704 0.199700102432628 1.10152389861974e-05 0.967255070191051
0.572112770323692 0.704805018516647 0.880345091881045 0.794392535436192 0.994614329243481 0.78688981065921 0.717711509886507 0.849903113864895 0.806391447164561 0.911978993222206 0.711536837396692 0.886268037997275 0.748829824774501 0.314057988471151 0.872160796554473 0.99924083009714 0.443077109700492 0.886210759205465 0.980832582736429 0.714557825382174
0.349939251565658 0.685942978675364 0.480838179835558 0.800181811020538 0.711461774938585 0.410820406119311 0.131502192941731 0.907740712800785 0.0520174814412981 0.537138389342104 0.852749964749822 0.995687102984135 0.151002769746521 0.143799077398357 0.624212330827573 0.99431803505414 0.37983872837529 0.587970569724119 0.168054599378562 0.983877195556623
0.155367365680338 0.437031901849214 0.79776791414162 0.280152616362414 0.626848805276776 0.361441710260551 0.186516498700819 0.155794364508637 0.987685929749219 0.466874785257021 0.656685358172307 0.863921939543258 0.389403861947526 0.123443880367494 0.608430545552598 0.978637191599749 0.497007517730113 0.499046706820776 0.073422359098772 0.705479476536718
0.0714979138613709 0.553149288765928 0.0354209694543823 0.790341701589543 0.603183652384705 0.303688402785416 0.0284011158526065 0.216438954072212 0.82495586851244 0.170225175213371 0.00270399529841851 0.439670367098972 0.127460224624539 0.037626731568862 0.765027453368059 0.836917465216397 0.395225050204085 0.337545114760084 0.000525430774748121 0.995529680041647
0.389888781112895 0.642072672112888 0.758855661549926 0.764041852574744 0.625922296209318 0.304126618160212 0.046405842721448 0.735946560840641 0.958045817311462 0.300469573734331 0.358395894410085 0.833866729301022 0.180559822278019 0.0657577500690833 0.667958397372054 0.700429942060579 0.195140689739069 0.532593561822499 0.0453253206321939 0.0380415759680356
0.173019134896009 0.569302440375807 0.470594982745008 0.247666872964369 0.716672915448016 0.478849970470389 0.561446444562948 0.113612274110868 0.639406686437597 0.848575955426316 0.370670699920667 0.880061204803251 0.237175992953102 0.102833687204845 0.596983606987627 0.578858285596354 0.538604590861927 0.639527917256776 0.00114849452767612 0.999407298278803
0.382164136307853 0.71170842588326 0.27366380448973 0.790771931763489 0.791673440409735 0.668117790761135 0.245476772659475 0.386094558441721 0.990657478241433 0.331025040701469 0.954026426072011 0.531993764759085 0.560218146484913 0.178336572334436 0.871876142251972 0.989256568770884 0.552745761333705 0.659510726580268 0.373060130655326 5.1202883064515e-05
0.392825909658007 0.627150234046686 0.943610939871173 0.698668464499415 0.944474516957429 0.93759027503299 0.178722046006504 0.950798762180896 0.909416518028562 0.620974141504242 0.935054694497658 0.997339508694842 0.492711275441931 0.248430540141256 0.699986852026829 0.999926176988487 0.502937589202329 0.693274335799965 0.00370022510855845 0.800061705155658
0.309493223048592 0.627817928902411 0.214264930016039 0.382426588787667 0.725264013164003 0.144693849719751 0.20343588807946 0.364311924938814 0.804993686062068 0.257262586130458 0.887017716765897 0.854999181341581 0.283463973500012 0.160169049721061 0.454839374384499 0.917834450052265 0.210954269827817 0.721333344442218 0.805037143930374 0.999384725247989
0.612041284351999 0.792668681799752 0.920325985896417 0.789146672235992 0.996093574811725 0.560534699926207 0.240584778715337 0.792056846357114 0.959943900630839 0.908317110923147 0.945033045793142 0.99906916048453 0.640374783476872 0.396370131218025 0.810461666357107 0.995421962458122 0.457273193359846 0.70735632314153 0.956421767696893 0.999944611010234
0.653278248266975 0.741787274236771 0.840955618136525 0.591552223028198 0.997606055220917 0.77337430539369 0.701071759095071 0.908219755708356 0.787945004205164 0.946230178993404 0.963202059778709 0.999918957143409 0.576604288981442 0.451216325410655 0.68222067738752 0.98279620937587 0.713734089226834 0.838741672493322 0.743676679222189 1e-06
0.184356274388586 0.775789662297762 0.836914244489833 0.796860329040172 0.972686018585981 0.905874384186842 0.405362715846703 0.83065950274118 0.88731099502338 0.844134266613201 0.787596585568478 0.960368025291998 0.450159886356881 0.322466480421099 0.874754255179227 0.997807162045145 0.583331257388732 0.716451733896842 0.984814263130587 0.590322334056902
0.535038007663646 0.655040010032005 0.756445635264876 0.897320265739609 0.993215688958125 0.548688328642057 0.232280997051177 0.858163243192831 0.334415286895539 0.900066218871344 0.874302804638323 0.998908030045471 0.611556476846626 0.281476957619556 0.75009432954509 0.979748114976061 0.680814743230447 0.550887166927694 0.17152428237358 0.0207181473909952
0.501479180392225 0.73997700622561 0.963212613820858 0.708204485148836 0.89005062349935 0.702857014349689 0.114784160503555 0.994552483417186 0.989130113712487 0.657941521497145 0.595903181682853 0.999050929900107 0.266248964019141 0.282455014912761 0.687717226427051 0.939476444225272 0.495290024373299 0.644282686043733 0.0187676722996694 0.99973222685
0.111090940791671 0.553655070542287 0.253876291617513 0.737549306586824 0.173118378511516 0.504451226409264 0.0742232571253313 0.21517993852487 0.350816741862952 0.636888686086036 0.731896648251405 0.968547555485072 0.0840581847327139 0.0569402076082655 0.633992365086003 0.68620471638418 0.488553856616082 0.744907915931202 0.0660755468841707 0.0493995245212416
0.0295412232850703 0.429270332154589 0.569972669280783 0.577617033948973 0.0329248770536882 0.469139614807148 0.078173870464674 0.559560169212097 0.624532913565746 0.112328421530933 0.0799463462145108 0.975721498968318 0.0471728574726073 0.0314656994029038 0.180158184357466 0.735463659594344 0.567682555123873 0.287567541016413 0.00472865582621763 0.33283864857605
0.148276300399699 0.523681643408852 0.188714149773499 0.879337488804584 0.0512503839815994 0.0981541289253883 0.0390366244294787 0.0214259728793797 0.500563796929949 0.0588444313804145 0.081035702545554 0.803286543166372 0.252729444001301 0.0470601550090155 0.468102354818825 0.914112825839125 0.514322777017434 0.351681892984439 0.331627637512026 0.997853343191864
0.336089475024148 0.640974821608462 0.592375306943854 0.549593418709447 0.404642364455078 0.600276277412682 0.145921931598937 0.530122738978214 0.439439189927096 0.307680720438051 0.796285858165291 0.928163766266511 0.267014727760108 0.177523690440748 0.681366972152327 0.393065502908257 0.469916134593808 0.386955637373159 0.819753271660103 0.998480349436243
0.0141514518602235 0.265551015295232 0.0707298984961975 0.414994651661908 0.0242765576289436 0.286364901947039 0.0070806340722462 0.0209773567750484 0.0210120292945109 0.0207089626483552 0.0438119104580033 0.725689962735774 0.0255242959107215 0.0154214493844185 0.14338684477559 0.14795853105521 0.291695144729902 0.223832973885642 2.02982637230225e-05 1e-06
0.444968100340779 0.638997373926495 0.616971444877806 0.59125076284738 0.975695113098462 0.455680884114803 0.308775187771771 0.882144648350663 0.682965981660823 0.617484366202648 0.4243370352171 0.999118518658206 0.346543511378971 0.199101396974986 0.966519094907361 0.69088335609267 0.545423524537585 0.800197660791839 0.367785237405443 0.00200158683404427
0.222826352824214 0.706319806996597 0.578215326335553 0.664082123047208 0.9766436291969 0.789773083117852 0.160873975178841 0.71995465741317 0.778642641622331 0.57152233706021 0.797349068994187 0.998611812882358 0.300343955323089 0.235520972233641 0.470852765667016 0.985270735737754 0.202876766191901 0.55435408775436 0.199244301479259 0.0361824807432026
0.0178106846591671 0.440763099294979 0.505562274776796 0.626106499943344 0.0244663183023918 0.209690808188434 0.0330559601270492 0.0125691499160305 0.372278093939244 0.00149388569814684 0.0609264344204438 0.0785269240075388 0.0331757372243435 0.0192516036195409 0.305954405141065 0.11052629676792 0.386986195104106 0.156586255023225 0.0136255145674438 0.0927670401664656
0.183524790712624 0.605421101094468 0.656685636805149 0.594569768529135 0.401288668209126 0.197893284964343 0.0352684609081802 0.206315501580509 0.966783742008461 0.664480099254969 0.275560957420181 0.55976929810913 0.113766626196571 0.117060651661268 0.378563374303386 0.739807347504672 0.279997597260765 0.353958425851006 0.00173943241554943 0.000152068372933187
0.182300855306193 0.697860977413961 0.64563155171502 0.624407849479161 0.497608339063436 0.195870627348329 0.467598138897951 0.378478480753531 0.00725386985776809 0.676506900484258 0.287737092156999 0.998067539324278 0.204740714025909 0.143036120429903 0.879340466981088 0.853063757768919 0.363378283919066 0.406958607730498 0.311421256158019 0.99841423855158
0.230083370694185 0.611414132508748 0.727863407769081 0.468429313226875 0.551404405286252 0.562329525082738 0.11980120971259 0.491640155720461 0.965704148338428 0.422366601245206 0.293323697393616 0.959985002294262 0.428179246907518 0.217640435459814 0.971271102265892 0.318512508364264 0.306592312057659 0.75044697444862 0.000160970474405322 0.776722992429181
0.0314764728906027 0.471261997987159 0.45056326834767 0.226957418755406 0.158851913813596 0.545169147167266 0.098981059846164 0.00732088365070816 0.0498933965854161 0.0381595489245692 0.00566900451897582 0.534624309946949 0.0467604333291799 0.0234055423167669 0.128502993903261 0.904314114236023 0.460508620357512 0.123924900577214 0.00117219135415659 0.0250897206568648
0.136415745564427 0.568788970194348 0.728070574428683 0.530645002326473 0.198430193960117 0.177249677890026 0.0687054563886371 0.116587397850425 0.199777967075219 0.0297768284566434 0.109436974798613 0.799248265091285 0.115190363035409 0.0878831372083164 0.536635751267958 0.0142261999186153 0.72353947683041 0.420271922279393 0.19103921829782 0.988812202089648
0.333103790462578 0.679414589453215 0.42258680780676 0.364926594661446 0.103560488606646 0.391187227814732 0.0250607181149344 0.107315362093501 0.941417142637283 0.0735669647059422 0.378241808566181 0.994008868621188 0.364567770284326 0.239881139271849 0.589193223587317 0.997419256222033 0.601336431465084 0.572295835068226 0.469080884858048 0.0162758606020019
0.0500227279454787 0.414840333929466 0.0479849161888399 0.390371295030696 0.429930752154768 0.275121767407884 0.00841418114924587 0.0349528973559158 0.440954784371002 0.0175048977776242 0.00204325295823645 0.323336424831314 0.0257518804344826 0.0594889423551149 0.424772270559136 0.00542469936963023 0.349024212335558 0.209948572560968 0.0329948652421027 0.999994610385085
0.341555142383956 0.667022276549959 0.308985117564527 0.649238744075744 0.864177926681222 0.526714131753104 0.352034165347178 0.994105074509312 0.539748230022182 0.472753777411615 0.285094686104694 0.935947070503621 0.228508889154468 0.179992412681594 0.586743999801513 0.98484123726961 0.590187303989307 0.628590533976103 0.0377576945865491 0.999719842951691
0.447328155850758 0.694832689273584 0.778496878815622 0.680061533486473 0.729745861041505 0.655855273940667 0.147743185001987 0.880106198519801 0.999481354541703 0.874152639418484 0.884422997639702 0.999039966817617 0.395662824136793 0.238146416309245 0.933792088926703 0.987946668305595 0.640412483951137 0.852093655865411 0.799302563596996 0.997454760341998
0.313129664487258 0.715481592205288 0.620790753869262 0.861474228140163 0.816492065145334 0.234490862210751 0.383484833513334 0.439634436318701 0.369573968021679 0.852986335694031 0.849782678114254 0.991607930922649 0.496405688738623 0.313501545620763 0.616192293446209 0.994761275574381 0.329689428545291 0.443645359497147 0.962661477410669 0.954234365280314
0.292697333410057 0.541378621853166 0.30862951451534 0.633517760634919 0.901259863252932 0.404137357440383 0.294026536971035 0.704950993802614 0.935497908783444 0.585411327730676 0.3427947582164 0.797449748059632 0.57088718877196 0.147697424203034 0.88142395057656 0.990169603109649 0.81320121549409 0.762254643028389 0.956950126586267 0.539990366237129
0.251804986435996 0.516461150315206 0.223398272054559 0.584830900111274 0.0210757883541061 0.0649808420446909 0.335724166473024 0.0738935674274606 0.360471097634244 0.303879892387657 0.268320110753409 0.152748697738568 0.207317700184801 0.107756060322395 0.781110386269365 0.95360177665634 0.301647354134562 0.612064899443639 0.212205846492263 0.670073826580451
0.194728206379563 0.618553448332469 0.773265604609468 0.640425761468225 0.522663637851597 0.164244216865729 0.210766337569913 0.594986978841265 0.561984773802561 0.267516127111402 0.388720922404021 0.995570909275114 0.316277746797106 0.156102673813081 0.556731163568193 0.0634529205324695 0.449811206873429 0.563205855532488 0.49444198144379 0.000844700065862132
0.112885700316389 0.592430879380465 0.518576129437106 0.641896545879621 0.856755556051163 0.251185322270228 0.568680242762265 0.870309854389089 0.547127305890717 0.15016217276533 0.39925799904461 0.447369924703093 0.127970301026885 0.133814869313186 0.706043660891366 0.00637621476200564 0.253252162385016 0.456252802332896 0.457338487077187 0.999055269151101
0.0276897704586171 0.383239881731863 0.132136291249607 0.381426349217307 0.0382698784065592 0.514268976619528 0.234464678367688 0.0350892037848254 0.0113537025030003 0.0339787771020354 0.0313257233508174 0.81780366624846 0.0613581174245655 0.0733128664000526 0.583307667231944 0.0260885829102455 0.639780469561978 0.512170967938484 0.172734845079886 0.00973831149776716
0.629627662544183 0.673933313346449 0.685587597057884 0.675174266603031 0.96408932828186 0.776087843762141 0.398613579785944 0.82381308568489 0.529474326030055 0.936761705408342 0.971921996491093 0.996651871658739 0.329693249510364 0.359151542080482 0.679370643916052 0.999543277093236 0.780688081921468 0.559408349881256 0.25385478883869 0.851667207165101
0.79025315319872 0.75143569803062 0.930595949785584 0.822264254298153 0.924860618111799 0.562535831398988 0.32907796814067 0.894020012201899 0.490205017509011 0.980648827791842 0.888056655581734 0.995572709856956 0.770985409230795 0.395819493420689 0.79471063521782 0.999167722767739 0.823771767031764 0.556177301557513 0.986227624475604 0.999990885820029
0.422486537573265 0.783013327457078 0.745973770168647 0.51884248078875 0.930300021565695 0.714258724045734 0.399488242716489 0.94852165812742 0.948956050147761 0.727025763427028 0.449918421520529 0.893938403288693 0.512916020959653 0.356295644828987 0.901278329806644 0.996505813424122 0.435418313377356 0.634827254727752 0.755148551309444 0.979650315240542
0.124101466840892 0.641398713880219 0.267373971539756 0.613819021981597 0.0430186051668932 0.174535938101841 0.508792853336704 0.23300004012662 0.99860359801692 0.228631577896717 0.351966176263735 0.999801158345269 0.303917114150385 0.128999485476671 0.134546166402135 0.932233396762661 0.30627632063007 0.424684611214492 0.330924363551177 0.956895268401861
0.611272647242283 0.692256662469953 0.827036891657527 0.75538385097165 0.893005453563932 0.599612142927609 0.100691219274742 0.98470295273776 0.447612621602475 0.638592614304385 0.971019654747494 0.993718490094713 0.686550173754002 0.212433372532632 0.717514915361237 0.802380874311978 0.678866899389866 0.744628431840438 0.996667358929575 0.0427659424635968
0.333416184877063 0.608087508495236 0.737242920822048 0.891243788091759 0.538554778899903 0.457970732625577 0.097069002220241 0.303451743686128 0.953464846108002 0.52546451603705 0.330315269491865 0.794467209154946 0.216516574833271 0.157238861601925 0.80493335493559 0.899481835494486 0.325972065866106 0.417437107144574 0.999043291128971 0.999741421956735
0.161029798595454 0.649697324280916 0.621734280662873 0.740109336717012 0.571295251285271 0.95442238262633 0.174405060752697 0.642280990171801 0.670582156567455 0.73780559785946 0.192069844928698 0.999097433859384 0.28981851772722 0.153998657050233 0.812723278447033 0.999634879507597 0.560738985461403 0.481401860897897 0.00481245016055014 0.0134116792313824
0.228466755992578 0.750844831577713 0.69212669626215 0.61913071252689 0.9970887252904 0.650598996769408 0.197700091626892 0.830772602052437 0.104097268447004 0.640044426025095 0.650935194535995 0.998944559556214 0.286616824181794 0.166902843316452 0.712527481596899 0.999848019931388 0.714597701409536 0.736449403521483 0.0197192810250991 0.00010145284347691
0.130939080237953 0.637681258694784 0.715547635548008 0.719845376466117 0.701912290051211 0.375629160600945 0.236392736590052 0.710452707112552 0.0817474561941449 0.843225264182034 0.642712327950507 0.968792340707158 0.45880517288821 0.230733428946126 0.554872245850322 0.99337768667634 0.36725376694846 0.365828000748216 0.737727973674962 0.0140130203047214
0.165411205677859 0.516805325607842 0.10574688331535 0.6566129222946 0.228634067425785 0.493426058884552 0.00531663085183765 0.118140746055793 0.0776215983497027 0.118420666063849 0.0120390976541448 0.718744024857529 0.0578456311343972 0.0314893964802138 0.50716585537023 0.386955362634 0.398797479020477 0.66802103330627 0.000737684283129864 0.00702539640955969
0.0677819773860756 0.584681136844305 0.431773443377658 0.809835844843064 0.130217994165032 0.178390577307583 0.16435774659092 0.188009535957791 0.358746980388331 0.323205474881013 0.0808501528380608 0.963093059083336 0.0752933321717689 0.0248431715391004 0.730088884232886 0.332298873987605 0.355804007943907 0.626185203217077 0.0218324847546394 0.00448311257029903
0.0394638466590816 0.467627142321468 0.118213837582638 0.658017577085153 0.017836998542996 0.710512351245359 0.0142637927921874 0.00526918418336782 0.00152209754090998 0.0567245297618434 0.0448802533113364 0.647893407754675 0.0298915533341117 0.0407334295908564 0.500437991332072 0.127700901199749 0.278009486104614 0.295839875672731 0.121803239838984 0.0118882390545412
0.463717484294605 0.750523542895456 0.420996367925156 0.373458899643245 0.766085714448973 0.169921584594492 0.122228410077248 0.956308274217583 0.968280775956827 0.764403363432448 0.386958427605584 0.998432117806373 0.640655959670206 0.197799972592877 0.807016853309427 0.988913875441518 0.65725280857283 0.805408670213516 0.0465163068923658 0.995385297888155
0.182376892201755 0.652382524774507 0.757950971317693 0.577729278679489 0.958694868690483 0.647331027100749 0.0971227759482951 0.687610491813951 0.661792713627641 0.460059703742975 0.496564083271084 0.995126890957873 0.222353838528529 0.141697023517545 0.626594568470973 0.982895488123559 0.266409471055217 0.570970246236352 0.012162802824079 0.972270087145625
0.0141889224010359 0.339207374151433 0.153907544816784 0.66698643691499 0.00236117518099702 0.243966511137587 0.00572201700367164 0.00703905317168237 0.347790915681304 0.0197717520435047 0.00245698867842304 0.0109151663066421 0.026284415938169 0.01136421890395 0.104567224040296 0.143373501012777 0.393435200499292 0.384367040044529 0.888468532098212 0.0449764604196641
0.0139449846968903 0.383663299915922 0.0288118361662267 0.366027665820848 0.00519061575853476 0.105744335282096 0.0164993672008336 0.0214270384187846 0.00320904033994015 0.017687423831707 0.0772255331432455 0.226340587949527 0.0333369325420715 0.0217410581825101 0.232348816799304 0.0139828188706553 0.313450588314346 0.224824169603225 0.233676943768068 0.108682320543983
0.085920837718388 0.535772432257193 0.376757264871055 0.635283909078538 0.822602315302804 0.323475140664304 0.0303801051269145 0.130328807509684 0.0193222712899921 0.32811756291398 0.0684385493175681 0.957088426931876 0.191159804283571 0.14734651972267 0.300478941198742 0.96913510666423 0.608592297742811 0.661657490779686 0.0985516106610766 0.999978248506207
0.0712082050388799 0.484260344834192 0.272686684280846 0.520203714289529 0.403948150121725 0.281850166861287 0.060471227070692 0.036804630406072 0.0926557776879361 0.113581249499447 0.364411627872286 0.849140103479853 0.0682625643146706 0.0255994265083786 0.141379786941979 0.132892882702554 0.535454093106472 0.456901634210362 0.00512015908064769 2.48147207509951e-05
0.0202160782676759 0.543582556354686 0.0681552479978702 0.617394355618807 0.0702746325819468 0.206871512288012 0.0232297141561921 0.101828899303876 0.0167733330899797 0.13002574268948 0.0370561476953332 0.964407688561591 0.0588781307133679 0.0791997671324687 0.333783725537306 0.983487092438177 0.180515131250619 0.640109045506024 0.00239006884650124 0.0393724017018301
0.329411248529639 0.668337982223716 0.726455736915541 0.706626131238675 0.689492334314568 0.701525471500006 0.207723974762651 0.385512000301802 0.952013536968631 0.871941611030905 0.720371924638049 0.984064118617724 0.277900330602176 0.206909226720367 0.91761917309861 0.977708607068342 0.740284839762078 0.748873430921964 0.803630626088731 0.971531095005471
0.176483572243083 0.556179648898474 0.86939054870561 0.713044672920478 0.855532618498203 0.732174718280783 0.294483356524457 0.837981805590881 0.842511272720205 0.765320022635204 0.710785358348247 0.96023258096925 0.757028890651483 0.150308685124191 0.808060535156787 0.985898155932481 0.59691620389204 0.371848939573063 0.102810519467011 0.913318578388339
0.220887958492961 0.666417281262217 0.4045661419361 0.74299894404074 0.851417939268933 0.732293432451474 0.0891335623974189 0.0198699542395958 0.988319766625146 0.587358052500481 0.884539946728057 0.99952460941869 0.363352386955685 0.306484342008238 0.53426040988824 0.389271740373449 0.410992670915954 0.512465434897146 0.467742289302644 0.998465576646324
0.196410543711905 0.624085062217099 0.311987165166722 0.345503124803933 0.691737290222276 0.305655461649637 0.0475186889139918 0.476639224930378 0.764549368306657 0.366687450306131 0.232555363373163 0.993687049755038 0.21967458994045 0.1303139421894 0.28231369227616 0.978382739722817 0.596073786797488 0.556322397043261 0.00347435044222939 0.258408380488941
0.354457361681548 0.642159342042482 0.959779723644328 0.738981842516711 0.786937069288828 0.171555145539338 0.10855665975503 0.341182504099756 0.999636411119303 0.764044381304278 0.959364905936826 0.988148007744975 0.416448868415483 0.253936340678896 0.602444364913311 0.802340441083175 0.473602389616094 0.658145923408482 0.999799070116454 0.997763508320638
0.0384883737889641 0.433170250772334 0.470304433228584 0.201776331581871 0.0878740177804971 0.28708624084041 0.101063312448507 0.0845642978314594 0.00522915119316322 0.0582105939278084 0.0446048374634753 0.660644316741959 0.0808638011358007 0.0421096926561672 0.21080077584524 0.371810706325413 0.137561694715396 0.266328732541561 2.93497479362067e-05 0.511818056316845
0.243728565399337 0.629734225819784 0.429796084920495 0.590388991253336 0.658471848438448 0.29009614826565 0.104354924777126 0.837355602696966 0.594343367438481 0.149980988856793 0.767457866413117 0.956001557277237 0.174866736560238 0.124544217089945 0.441800271964289 0.994858622289107 0.655631383603043 0.390316289528456 0.417237399707292 5.92096141539421e-05
0.181202809395062 0.720965625359729 0.633243807126433 0.695626869454148 0.314131264836852 0.28045307555309 0.517698844954837 0.745957906386551 0.756295989688828 0.56537733394425 0.419323685623873 0.970216562157149 0.509046094839917 0.116786594534749 0.621099346571326 0.962401642137088 0.809298235202707 0.37528328166462 7.34576145535096e-05 0.99984570882469
0.130024974371295 0.665673758765816 0.151582435344752 0.643564137960551 0.367302893825005 0.28915025254492 0.0555919772035839 0.282476080908142 0.0110862276809431 0.458724568577161 0.963702236435182 0.18135094222129 0.132385710448606 0.0727303016718685 0.581703123793478 0.98584658762668 0.358110566712994 0.650958515363255 0.000374990823942241 0.0145210717497739
0.0257436417188512 0.479439850058792 0.364095349630017 0.620431230115602 0.0306851387872386 0.58192029114902 0.0677086798178522 0.0301277022862412 0.385209623979357 0.0186887625922124 0.0190441441203204 0.422720330672557 0.0279440522798707 0.0311901637356812 0.362128832113701 0.0103682988525561 0.465223693929726 0.327382321063861 0.498648361546612 2.52892752554767e-06
0.21947785691375 0.655490840712356 0.523037404001417 0.555136197455276 0.567565200745381 0.15232513499463 0.113249518754555 0.427233016633227 0.148670379109452 0.164293246977213 0.27224881073436 0.990257293255024 0.182886424111621 0.0757884474973668 0.26600310799936 0.802335722756809 0.24951396356997 0.659127433911808 0.423760754765764 0.129272042088135
0.139089675042327 0.513012855324654 0.261322052686363 0.513982272905922 0.538520326086817 0.193847926986471 0.0651733788256437 0.866876298668788 0.79437203423009 0.371492149836482 0.0971637313648064 0.53281567463443 0.109847867900841 0.0343789071151002 0.58777167682929 0.526371085480833 0.321718605165265 0.3113534796167 0.0785532958498652 0.000459301314237696
0.409033584925049 0.692911135842803 0.89669960932051 0.765842131594795 0.933917465446634 0.578632011678401 0.102491322948937 0.985996730756742 0.968787988290481 0.859662809151347 0.954625359499648 0.996295785231115 0.371618149914686 0.310640237614904 0.73047944570255 0.950163904407587 0.663397644285907 0.833450978956766 0.209016838891889 0.999269770961518
0.125226492884562 0.628031306199791 0.366111853844821 0.84249641864559 0.921387454731153 0.302140642094708 0.028599230269576 0.0776520488336309 0.0693750562908107 0.851340593771096 0.19546893965984 0.82050240857507 0.28879872199327 0.0858805751678011 0.348710653190386 0.989207802025696 0.595428220081477 0.549696091460348 0.348625286859194 0.999596730442432
0.270941826318681 0.744234750435139 0.513097696774203 0.498348918903998 0.586126350757854 0.49029110705698 0.211978247693346 0.435553162138269 0.997968712371365 0.799640944900084 0.889917894593048 0.420881518951165 0.40530063453149 0.35130290005417 0.578235006296405 0.902316420348483 0.448793974416462 0.583645014347707 0.0274675412716394 0.00880861987786977
0.264486992812019 0.646676934377508 0.570496928660048 0.65445526048344 0.909604577505395 0.466693945708993 0.246105721564841 0.949248435244429 0.178133845389794 0.928912382432044 0.866073863541215 0.992931718409348 0.319556625469784 0.278190464342283 0.821413316849579 0.977160861001278 0.645194008387837 0.622825643776843 0.983011032345044 0.833768819241199
0.562291287385829 0.614291259780926 0.835110097677659 0.848650191710349 0.898152813418784 0.186945272740457 0.596818706191255 0.861036603752142 0.996762442494142 0.765190521000655 0.406001345305073 0.980375647088657 0.591962481987721 0.0916078833331197 0.936026726609364 0.988111277159368 0.455272060353567 0.549541660801 0.996144458912402 0.0920898436752233
0.201470076183963 0.573642213217799 0.341437788577456 0.800406052872473 0.906815639154603 0.426427407334953 0.224257753107552 0.334902105604403 0.503700279865028 0.573689771654231 0.388547074903548 0.997774235359487 0.242304026800531 0.18428528825145 0.769098162406074 0.715859148356913 0.299379884609235 0.515804412760608 0.00167869710446853 0.999995677337984
0.0673570077721565 0.484433863630134 0.715901976033966 0.417340925103981 0.626562262361894 0.453127607207317 0.249848233295523 0.614120081428842 0.645800749199304 0.288881376970398 0.14233444149964 0.937864902551083 0.347783379238228 0.0605568887887852 0.606171118054872 0.215456723773868 0.535003735661368 0.489373550870796 0.0247540403757541 0.0135257956444678
0.0344515264767946 0.427135452941582 0.298284184574746 0.539987630676309 0.686197502954154 0.486974672438943 0.00474018574935413 0.096305286930355 0.0449889985678177 0.0544263747343292 0.0211666000489258 0.915669053708388 0.121063476536711 0.0637686247569417 0.574913766884941 0.616458564509828 0.536137902968503 0.489952894722034 0.305448959493087 0.812649842161051
0.10689462606317 0.445257554166726 0.127411562180958 0.434589145341917 0.380565490448131 0.68036159402801 0.275447007219065 0.0291882725326679 0.680583472850925 0.131722292578068 0.0365306726459748 0.790038144233595 0.180797741965381 0.20944882318039 0.2111388306552 0.668174234863019 0.627138324137716 0.603992646972431 0.00738633003663348 0.000104020228711094
0.0798514733769165 0.576399447100695 0.0706794293684466 0.41351142230666 0.0462852768431049 0.235677152769144 0.0894282134208445 0.174371420087838 0.0337227872374125 0.0341446229877559 0.0824452176781317 0.821855761526698 0.108094647548663 0.0301135006099197 0.674520631194975 0.233898188514903 0.40456313122089 0.296821306115749 0.469018457586611 0.999366192140187
0.293645401741142 0.524374178925806 0.916643648007945 0.484038090971147 0.359555537082457 0.654840109649341 0.102310973063401 0.874378658921268 0.759761649888973 0.660765726971362 0.893635719707421 0.990275847411695 0.769886644561527 0.26067586580382 0.721835618594772 0.997948543102894 0.497895927093419 0.869167179232188 0.224325586863931 0.804495265727274
0.0394605798652955 0.432520947111407 0.221694715664865 0.566373530387435 0.0368479671931223 0.34594044860409 0.0729657200252021 0.257852563733491 0.752722641261978 0.071898081573289 0.0417689331919328 0.63235193712145 0.0342202376654999 0.0482974655951863 0.586497462416451 0.88397489217735 0.46142355680574 0.232610605126423 0.0530387466380409 0.996482627071875
0.08642127391164 0.548226178690188 0.217756165244721 0.499398545164141 0.895871844853306 0.194595698367578 0.334009365111392 0.914352097409609 0.522901484317574 0.100968239974638 0.0399218839363524 0.612470736539872 0.133551139424947 0.125587124813471 0.657240140268381 0.854115035552237 0.308414430017556 0.231491867463035 0.000146932061317994 0.423540855317707
0.207491480854018 0.596056560520129 0.152668860634569 0.587049195373907 0.47689456002527 0.477067792153004 0.0136922102827156 0.0796435756466522 0.0302082373062416 0.339828222383696 0.0433265552883747 0.408611262133477 0.110834787474608 0.0486053375847685 0.382583303734813 0.106982233258665 0.266648094624919 0.472526880887072 0.946173434964126 0.998975300675434
0.310216288414581 0.625843930322862 0.343173593063467 0.411805748273851 0.786874942447042 0.383194309582783 0.0424641814861833 0.553272948775457 0.188078378886811 0.486786833647461 0.578921777978898 0.982666564198215 0.312604506254139 0.113323418400033 0.698629297599939 0.925505186632982 0.654467711609741 0.561358886601114 0.832910244207254 0.999264519175151
0.627315816497159 0.765420020910499 0.911730562716432 0.782488256095741 0.985100386049318 0.265307790746617 0.501019344833266 0.85573196136335 0.999475228736944 0.961335949259341 0.880206737552872 0.997374628755135 0.715424800843603 0.405648037719754 0.990852556576615 0.999949158375159 0.579379157216699 0.871560982845829 0.724190567603939 0.999775909815697
0.57865054005271 0.732728268866023 0.988114603388968 0.901488504124715 0.990266487583575 0.295679985692354 0.426607052232945 0.933180969743021 0.901811207644614 0.95988135326545 0.974773351326855 0.96698830492976 0.85830966706599 0.52918963767837 0.743410903169032 0.975313245739327 0.481939775700008 0.842307877678345 0.981320465121633 0.348325668608146
0.0776740490948697 0.598969664571656 0.141721058883163 0.604682759312809 0.0327694167946299 0.262780962270343 0.0472280608549012 0.367667950900863 0.0328463797616071 0.0895369902068575 0.0269092493511972 0.683771831763804 0.217754456732375 0.0511426831394291 0.768567391460236 0.777063735501354 0.6133187400133 0.302948677038787 0.0160623252826471 0.94917486756398
0.424780641018414 0.642784562631794 0.663021079988415 0.584332474279 0.978014003285524 0.688423742422309 0.0616386015418166 0.855878567665776 0.893973536232104 0.646014132843528 0.828429537431677 0.998784313560753 0.44337562361668 0.404235233718278 0.922307051415786 0.519057698144791 0.624775318051669 0.717705105796668 0.904396853269141 0.99999526603018
0.427614640571674 0.573152505662853 0.42124570046781 0.785885488250389 0.2406811216324 0.512779521016028 0.36296579111266 0.269178390277561 0.930664320466593 0.474809415950815 0.44234807921586 0.896385214796857 0.154138746080077 0.198021962975933 0.905868775287529 0.992157933241089 0.14781983783575 0.516335917369197 0.0918687940187639 0.0191313974733536
0.256412693397038 0.744211972539917 0.780548136137146 0.707733517560536 0.791849954808442 0.818948950400424 0.158094009648864 0.987380013059944 0.897113320779416 0.789531574271963 0.978574328528835 0.987791878138903 0.441468717526793 0.419304397236171 0.77186715806731 0.998870753279878 0.84939345534397 0.744339054857051 0.681624786601448 0.00995803778138599
0.166029339489742 0.479512979233128 0.220318670060481 0.544822572760002 0.973039096162565 0.545966442571155 0.092230893564075 0.216005978185296 0.371093556972685 0.54856514428254 0.120055945309587 0.999136214599983 0.175507020277499 0.158185478873804 0.534647619970791 0.858914708710378 0.268508245163744 0.238077822742738 0.253612075729233 0.0184796335613489
0.219405739580465 0.64198706537385 0.758599442717461 0.709228628402772 0.86626205156345 0.301308828416604 0.0637787709694313 0.892703203033002 0.886640536573699 0.621885853522131 0.516401923157865 0.832655459383541 0.313340957259256 0.182349978682516 0.205660878813897 0.150823346120279 0.560383411220086 0.515527238562034 0.272564624092134 0.663624664619723
0.0510229273650624 0.663411662824045 0.509872936096421 0.750615289798069 0.176510047748476 0.769772223010122 0.11091408133676 0.735550912378366 0.0222416757713006 0.157786423646507 0.0852351835151989 0.541954187785488 0.291106771816788 0.0830681384918738 0.576744366137904 0.876673658724968 0.230766536602487 0.468959883982432 0.0145437796703321 0.00226878642520639
0.310759718271602 0.712469447279972 0.752493794767982 0.727226997739025 0.993641560987511 0.413687157491764 0.153020501101339 0.800699310681657 0.882206773322481 0.420461213600241 0.871399227821168 0.996288965679964 0.412515692352939 0.184111639805119 0.945287960732417 0.999448561502325 0.566915079517807 0.744476726440734 0.534953908430667 0.96154434194062
0.852694473760837 0.723010157495178 0.749700493723628 0.67058518728657 0.998784093018453 0.26901657994109 0.492440865473563 0.995138071768479 0.237942717425744 0.912389956178128 0.96705657044945 0.863942070050901 0.944019580621064 0.651525518254743 0.974849939700277 0.998902716520099 0.691941203006885 0.922191670666622 0.935618911145239 0.999514150327995
0.0601616273647824 0.460011998620992 0.265304373645258 0.644227580573657 0.323059926720838 0.228779147437096 0.0369547481599264 0.012822187368267 0.0564112093829784 0.0378438823348917 0.16102996449697 0.231053914927278 0.0670222532293124 0.0493798929643509 0.165755612760294 0.0040795349689386 0.164634359745006 0.343754330515908 0.00862222254787099 0.00133139276370237
0.510120917312252 0.791706979963634 0.855176225706282 0.732209849620211 0.977211456132164 0.459411637310141 0.601587134471238 0.808800322051399 0.993056383338497 0.920270446415965 0.918468785560481 0.982835480567945 0.629156115677124 0.227448183191427 0.825811591142678 0.870814695859303 0.601222494465243 0.615316596639033 0.635310013272083 0.00706781089412648
0.0751295781229364 0.402405984816384 0.129381592694971 0.279937788582264 0.0194184091495469 0.53448434227341 0.0247517943676432 0.112656796054412 0.841680529915788 0.0236977670192495 0.0175394017472876 0.797471876156148 0.0159375268501973 0.053648614403002 0.627221616072504 0.519652334043858 0.34023721509569 0.656513713824373 0.0194880028638321 0.363217439949165
0.104062504689623 0.473943623195164 0.197168732151972 0.41055737842933 0.176448146970034 0.789940619563686 0.0236647687822609 0.587089310577606 0.59417920842872 0.451455564648664 0.0825070077120285 0.937166503460081 0.071562086309103 0.060311665351939 0.455028908276059 0.108755215720259 0.260622207218854 0.6513622227155 0.000921368694921792 0.783288294169113
0.467638661069473 0.612001964028108 0.834638596158929 0.764045873443987 0.958519866295677 0.588504340635714 0.448058484897308 0.888317375993777 0.510417197017707 0.946802831604307 0.952848759872144 0.915961137868123 0.786145967833858 0.276775264704888 0.862994887626166 0.996183725269516 0.515021077425128 0.851757473164032 0.995141786448207 0.389279052220178
0.123733462258154 0.501275192645733 0.749265854899603 0.230766364497854 0.536327835563372 0.254211976841385 0.174832338194541 0.0618623172274357 0.129071950956986 0.0601562155033699 0.363071873040702 0.906995284291584 0.486979183236635 0.0699330154876544 0.352552053014303 0.63632388307311 0.667692318578408 0.629953597349181 0.000534048786436055 0.0216545122082277
0.178944645780573 0.405714009770866 0.588064707657149 0.353330885702858 0.0624434942505834 0.402176864455146 0.0982651713271413 0.150524472942842 0.007760235565543 0.0751463933038492 0.15747993827794 0.584510071592019 0.0582072297778099 0.150295761146018 0.474792216667355 0.207228880724416 0.911244292227529 0.374114020448539 0.00011117109407961 0.0165402902485731
0.245572204724732 0.60164668046166 0.619467530541184 0.548573678739951 0.79154430710457 0.606648373067143 0.316807472534545 0.521711049190985 0.809415168070097 0.17624706844002 0.64816652580148 0.478592714494578 0.221238995739329 0.0836622581047031 0.693803825250712 0.448735554920996 0.637048698840351 0.407228383666258 0.00188224345451656 0.00401852238145976
0.467486078390263 0.576127934789354 0.798084153766218 0.7050735045345 0.963208058189928 0.33945509156465 0.379579550178363 0.957356027090563 0.889173500684132 0.935474248352152 0.558072269092204 0.995809811479583 0.586936143683126 0.382605956909056 0.719437317331986 0.99999338939418 0.697096789313828 0.379105741881122 0.0395542772550947 0.0148318189300223
0.209568270172458 0.584681002745567 0.807053867186337 0.502665677309436 0.718383930629208 0.167551895493947 0.18183194998484 0.77830807699439 0.785378038322316 0.124558389928726 0.908418916970715 0.646841887890272 0.336713451577073 0.187798712886855 0.390624529065947 0.999507303184894 0.279972838895563 0.382065978092657 0.126586463882706 0.0108630729904687
0.0632967675945324 0.594760962746002 0.194807390959351 0.745356923478595 0.0936480638367198 0.101960706277404 0.0329986778764648 0.206225262829652 0.227826379447277 0.17632962400861 0.189024199754761 0.766462036948109 0.0574442048793721 0.0317270038809123 0.327433018935232 0.749314575109866 0.499361648295161 0.367404131423153 0.128836777782345 0.996883855306304
0.462823339893699 0.716507270237831 0.671879377498505 0.694348366016799 0.98680931377205 0.585774324659672 0.12728817597184 0.974353465332311 0.398117754684908 0.749508555281931 0.414275638994989 0.842044652967049 0.528196218374333 0.252904976293444 0.940041601966119 0.923776597406931 0.731170293608479 0.443352855017391 0.12740562510247 0.00205843562963677
0.165458281669591 0.619086704081572 0.518251812691229 0.5520733439131 0.460965795689641 0.161673429319075 0.0568369215792258 0.0353991426611211 0.910173481314048 0.121383479647583 0.369395198940806 0.49835002516829 0.119982711719385 0.0428756846140132 0.460289927207457 0.449463668309639 0.255995695323602 0.448113405480482 0.405047146871734 0.00381909530308449
0.446121554089622 0.724245149076131 0.454526906305642 0.575314625911957 0.676827139132308 0.371992967897167 0.158257713279202 0.886914748729931 0.393017233067665 0.739064361047241 0.800266757490566 0.999924741675943 0.737396959263304 0.227859526750759 0.791589269221816 0.999764355224385 0.550817481146764 0.87206771155382 0.0332435461855176 0.0169823665892994
0.0242624403489773 0.318310929892551 0.0940894569399991 0.213951143682329 0.0828194034652534 0.0706776465205124 0.022813130473508 0.0166340228033354 0.11864655826143 0.0135573350378209 0.0267637604301067 0.0111926602543024 0.0113825250508088 0.0245241002931237 0.164142961270155 0.346801895735005 0.248978464965716 0.149498037654175 8.11712786495621e-05 0.00923502788537499
0.666978050190744 0.674785487215371 0.743441802344505 0.584765113397646 0.999287281966149 0.253607035696503 0.471101064482603 0.98523667888383 0.831769818703087 0.931283675994166 0.748228944802928 0.999251800175658 0.488184046079746 0.300429851929988 0.946008070669653 0.997549413919136 0.647904818990479 0.631536141486237 0.0781823326057984 0.999815381337993
0.016952984936325 0.320133117665094 0.0660555289728167 0.453391823097824 0.00332582044316024 0.4439460775683 0.0109304454545065 0.00453813523068611 0.219701311505847 0.00372096227931367 0.00218688517281812 0.825667762860075 0.00396913692166289 0.016464004548554 0.475363135078861 0.0584405012677189 0.284357978067382 0.309887978671047 4.94420922356136e-05 0.0360860397430453
0.309388208924902 0.61020764638558 0.227477413363797 0.785859389569236 0.914310467878811 0.683315029807929 0.343171218557151 0.962288792739882 0.882436824557836 0.854257700241558 0.832267367441919 0.973579967425171 0.581474620564259 0.171026328774638 0.872066113620974 0.992264097179831 0.663654149535053 0.55409816177534 0.9816442512755 0.154669361974002
0.429834110900137 0.536829863583594 0.684162067546251 0.637279425668554 0.867808902651455 0.246399771191601 0.0138363551234206 0.513606475186069 0.00732107584621391 0.74770297675492 0.476348693981789 0.996752556988401 0.133341787716445 0.311599729515934 0.714803388931333 0.980272216378603 0.612561817839429 0.406030756212648 0.981606148288871 0.0473787865154547
0.640943399672032 0.711881271603213 0.730283521978269 0.781314143641141 0.894581770496885 0.785867817284755 0.376215424128998 0.946667869099665 0.601523688092949 0.939282085077409 0.739095782623389 0.97426034638105 0.666751918509278 0.58798487122651 0.811472329503698 0.986547018344496 0.672190971990027 0.750165111518435 0.0259085094484846 0.383564069522784
0.0114819721661718 0.540524985291281 0.0432772212075299 0.595090187380703 0.016408447150682 0.346820418562481 0.00555086311037884 0.0070264764979837 0.190133507401856 0.00677302817909864 0.00403321477136212 0.963014794860605 0.0136558801194535 0.0230941583803586 0.569757933579792 0.0260982118447077 0.141347545388698 0.0457144570915672 0.000113417651266373 0.0173869577693228
0.592527763326396 0.755748872748441 0.677360214727033 0.579398887371322 0.974264588169206 0.523009098349581 0.544161454821346 0.884393281814652 0.955038812940624 0.807127506960175 0.989356106472974 0.999377382680558 0.773823604270078 0.46057339454332 0.910839489388911 0.999266280491938 0.687833976065064 0.899327537881557 0.73204026310126 0.998713289130934
0.0550811386900043 0.615676024230584 0.697063424187962 0.475947799683439 0.110214518337848 0.731314894658387 0.0349470299254597 0.233382325340417 0.581151678042486 0.18717531110757 0.284448736069328 0.43329866294976 0.16597364126966 0.036245379844764 0.185543924116161 0.726210574904564 0.534706302198917 0.190141815781077 0.00258778263573529 4.05265007023421e-05
0.493494816039608 0.763633932434431 0.637057580008688 0.566352415655565 0.834030775093298 0.114526181929833 0.236723183945577 0.968639568685774 0.582074886830096 0.777250351347914 0.82044279575066 0.711067068128773 0.541067108575626 0.23058244037123 0.73474715853164 0.931343330796288 0.622471457144325 0.773776943123856 0.0101453361064576 0.456828909558044
0.606535640768684 0.808165656051475 0.819541261074576 0.746562779196966 0.841956539313916 0.897119391881139 0.534682853227962 0.988616785350945 0.949948124228821 0.852718714907847 0.969539516504767 0.999536566031517 0.682510736612055 0.30864777307344 0.887997761464966 0.999953877023887 0.565682227722734 0.876213227018613 0.987628263750688 0.954180882163323
0.273641949730059 0.661111578135349 0.415251293852109 0.515844043848901 0.790739061468637 0.768309221403102 0.198173167925421 0.809332643575396 0.945163988767319 0.257511853223117 0.853987413067004 0.997483753637841 0.36162751341353 0.228961410711935 0.848917107690461 0.509676615856877 0.339839634220418 0.680882547653669 0.857100275055125 0.256121657718426
0.34496317480629 0.774825716224774 0.533527811023993 0.764409747888525 0.960172516676052 0.27240816295509 0.731130422959277 0.96993651630579 0.898829266887461 0.696969067423907 0.705621003172462 0.996735363856524 0.383134546645637 0.127396325156515 0.653147369633383 0.998526868287524 0.564999454093895 0.684130109048425 0.923976956448253 0.957169481262555
0.119541244156234 0.616629056489301 0.512985793163117 0.43380084958768 0.196903697293156 0.16437215437813 0.109847783066571 0.117280813268754 0.90038183799368 0.0696059705290614 0.132621410095219 0.922302977805455 0.0488998309154623 0.0593760764282357 0.14215881109201 0.538528894947188 0.6332794734145 0.434440037912629 0.685074617586977 2.57038905694178e-06
0.216976606315787 0.516932488872393 0.481128950529976 0.666308855692962 0.413745975383718 0.366459307240236 0.375325914260114 0.57802652673737 0.955209440074145 0.200221223524928 0.757952180005201 0.99617215388439 0.168375111053782 0.449438711120588 0.572742570249467 0.993729346370165 0.351207769210322 0.495003506725257 0.909844410739783 0.999988489582691
0.231736465938818 0.565222414593816 0.325391452796263 0.632104110023218 0.704920569074045 0.242387056570654 0.0383653845790377 0.0397468662344604 0.320519167903569 0.0302363884759211 0.396420557248122 0.710214832349096 0.122683910380022 0.0536015945421396 0.72871679044536 0.97501495273275 0.423718766490476 0.550810360018951 0.727225426538021 0.761215340806031
0.566879601770896 0.730795936143471 0.491820203770839 0.657585773147715 0.977289442039148 0.34052099938877 0.371125869997661 0.895599327173683 0.998176232518133 0.933077822758828 0.962038975856923 0.991234218206061 0.544281155785194 0.476210838513175 0.754430478858148 0.999936799376364 0.743286026090288 0.902506714165285 0.171420502464227 0.21128186699224
0.0427738496016977 0.433398801871707 0.0486296778869136 0.60768217682283 0.155887665780388 0.260925957683203 0.0170422090937455 0.0232074065816114 0.0355017677453255 0.0093584456714783 0.0298709930289484 0.856850788173713 0.0263126177316968 0.0287490485184333 0.221755972817481 0.76928517679804 0.319645088684804 0.617582658718682 0.24447707017584 0.000148252492400475
0.54470405774528 0.684199717245519 0.940926479894987 0.595767876210367 0.636520728329172 0.60138598740801 0.548378835820308 0.930465137784842 0.777388158923346 0.888201599446431 0.832509268080456 0.972877867921139 0.451162332879199 0.283583870370214 0.85406709387807 0.923136878671318 0.733909367667814 0.589802412691855 0.911068182338587 0.316969615713425
0.813875953009566 0.801633025354863 0.961990783663299 0.891615075787529 0.99836850291278 0.839340321101912 0.715008405296744 0.999723948969422 0.821096609945238 0.995889660119317 0.992122505436694 0.999611653940467 0.652579529966023 0.603533179879487 0.982616102383986 0.999100822650689 0.698011597403565 0.888383634883028 0.0357313703574235 0.999998696727998
0.611416417954776 0.725566054913065 0.68797023587391 0.729561345187609 0.442259665302404 0.139151694899594 0.206472321015216 0.908215664110168 0.941873354054042 0.777103512177058 0.816520454901552 0.985956801719464 0.276216584502387 0.324991149767771 0.817007276961902 0.999780930668938 0.585707227461454 0.676711722767161 0.996010560611352 0.886475300073584
0.252719010581803 0.505608037283873 0.242407032643196 0.808016961588179 0.34285064435519 0.248767103111428 0.125068949438145 0.459972181851925 0.367419689532994 0.18099410674833 0.464087965252869 0.909511240820455 0.36411991018753 0.0907717856571889 0.464149954083519 0.941452945566774 0.505080015483369 0.492124236882441 0.00802016461478938 0.00172165289561002
0.0112394730195646 0.346756834341097 0.204880517535082 0.691525666328597 0.0268614109891366 0.137230895387926 0.0433772436803226 0.0136723640419287 0.0150497885315103 0.0285485895595591 0.00209593548633598 0.89883734849985 0.0304684145262231 0.02178599563914 0.243470877880655 0.140489385518619 0.173179567582026 0.205713966785886 1.26221925754257e-05 0.711795167477287
0.254128118553058 0.635440627350309 0.686375849407983 0.52482785369235 0.60003839793513 0.69701889812445 0.0452875468317725 0.387489032672327 0.838115319930356 0.0790287760610579 0.108855700664022 0.850639518607848 0.18168891191257 0.199247516610567 0.521036785812846 0.88564780082476 0.458282699232905 0.575853153578735 0.0389946062860948 0.999998681949435
0.0387951039569398 0.5018499833591 0.174639966831408 0.280812774347063 0.0149804192883833 0.548701941645642 0.0180153178345389 0.05956213744684 0.24090855503654 0.126608679508019 0.00827234456369897 0.0345017294032403 0.072481515032246 0.027132811510843 0.322771173104594 0.775670780206311 0.415815592553716 0.317501138578735 0.00151664114164281 0.000212421408490511
0.236979102966343 0.668934359207396 0.652284679901768 0.47541948394907 0.919883502076097 0.638570860928738 0.0980212899409227 0.860095153953149 0.858582799872413 0.437964386241674 0.5460866613425 0.30992385761855 0.0765875391895299 0.137857093915571 0.918720618083883 0.848699514837478 0.363120379308231 0.420946974111715 0.283936964993357 0.99982869948934
0.368949841603029 0.71970691530925 0.709546714698431 0.736530139181625 0.877192972511892 0.816275517992852 0.161994504048273 0.0627115745337102 0.116425931707112 0.369359116822146 0.162405284761992 0.746132276600678 0.405391147915974 0.087216753231439 0.618522589594035 0.957324131743186 0.231560047416707 0.550258212369984 0.229328854106289 0.00245212737825301
0.290191721637345 0.657570913774421 0.7196085544114 0.8015430573818 0.697134204670497 0.318727060037337 0.0683436984832662 0.359659754288407 0.405166003574439 0.694470957846307 0.802448098052588 0.774240471022342 0.14892656845766 0.326528670390631 0.725889064414145 0.805628270958096 0.559545757435012 0.675061670145915 4.29487124453899e-06 0.0289160720379403
0.753645244090589 0.660501100216881 0.719808702016697 0.726630158714379 0.998489416018896 0.741068798056963 0.705803705285361 0.999857149875918 0.955033024429798 0.976735804150799 0.996770153678669 0.999674095804595 0.798534479032003 0.429991438931534 0.913500339604182 0.999883632517483 0.386792545862416 0.79717598220951 0.989395088460991 0.937220955342044
0.536758306046295 0.663371508525056 0.804435477229913 0.547156083101413 0.965526344788476 0.419503921820239 0.671596738461086 0.782756020174554 0.997658027749105 0.969887929674169 0.895344498901526 0.997116057062699 0.620295227605137 0.275833367954397 0.951460015300696 0.999987974572536 0.773929167235428 0.664991016282154 0.998826944683047 0.616452567619324
0.0339515834181957 0.54724236452518 0.710910912109581 0.502988542927012 0.464811193590265 0.433757976211443 0.0303218718113572 0.700343875906343 0.564617717901487 0.0707282242706391 0.303537440002866 0.49312594378151 0.106667151562383 0.0796200937469893 0.343593288727759 0.808462015140741 0.491108827508231 0.317852039783962 0.000117020375758649 0.550919538645345
0.0665614836861385 0.563467568414687 0.0973242964224765 0.660248225756824 0.177406933594934 0.220619465770566 0.00626287027717462 0.155058025792073 0.840174279045278 0.0965052979463088 0.09278910025439 0.14189816382703 0.139026118924002 0.0614654341176987 0.55789494006811 0.46910206775854 0.559295687024617 0.47494620611951 0.545420859589204 0.0369293246602721
0.0524697567494803 0.514780164656093 0.48449758086024 0.584528274735407 0.277508471602432 0.524644860067743 0.136151790291506 0.66920082261214 0.387275090079335 0.22896628155155 0.623709881380251 0.756257351200467 0.0871932090253269 0.0493368267757559 0.451198832163031 0.992957574928372 0.513063308066878 0.562509307471646 0.354586712962851 0.76305092933308
0.0527321879969025 0.42274165796352 0.242247363507703 0.574805082841598 0.0348438236087274 0.520134004542684 0.0959938041913864 0.0627225282280271 0.0453026729685558 0.046319017734692 0.0188195334765703 0.324985742509453 0.0828011016400959 0.041948070377375 0.54759058629662 0.979457967082503 0.336748450079568 0.399895708878678 0.218503389938059 1.67991229718732e-05
0.367406257308553 0.66430726252441 0.472329313095148 0.596989703505741 0.977934636137196 0.232088566687688 0.306831663241187 0.559685455165747 0.954100905315103 0.694892324097803 0.888719465133841 0.979751960014452 0.255609030930365 0.164092984209466 0.897480497614708 0.960036068040445 0.633717591446108 0.703533324585301 7.2468790162192e-05 0.672137737571065
0.764742569655975 0.850617473053098 0.882342849623687 0.560819418645214 0.998287105640023 0.481101982584445 0.984626136428683 0.990183433628072 0.998529226560676 0.992185341165691 0.998633832245462 0.999402309768857 0.722321774802227 0.374932500557189 0.993631414421729 0.976313064122861 0.559378516045619 0.914983283748065 0.95515893471646 0.999999
0.0762024711805036 0.410392908736743 0.398754244796557 0.692272677021148 0.670244404920957 0.399156578096804 0.0238540843844618 0.477880221152918 0.934938176958985 0.272917704431128 0.0259988487247643 0.999047890233845 0.129270484245796 0.0540537298492007 0.117596032927669 0.53523211669509 0.327454924738454 0.411184182529629 0.198863777288951 0.00211532731960205
0.197639295161708 0.51383237353518 0.855005326935007 0.71001614244696 0.290572234521389 0.371144907717685 0.0542593623644843 0.796896785643775 0.873292956383272 0.31444706965278 0.32711708278809 0.550068551033837 0.227478496793002 0.135971982381356 0.228693535928329 0.0824641525494198 0.586872990589849 0.4139475942164 0.27626712455783 0.995366846871443
0.324596313898467 0.72047156209734 0.483779616148369 0.56358136428267 0.637314756393215 0.375953750067593 0.103628278676864 0.889189087589951 0.518451820240832 0.529439085735228 0.918214184002982 0.991332875356864 0.68404902100696 0.148401606071597 0.42662172676212 0.998186432109926 0.293690751111044 0.580292810602565 0.764462717284285 0.999974928771859
0.380988269847783 0.558454117260814 0.588642294149506 0.604844067180923 0.957424101928498 0.335832098150912 0.218693969252206 0.942954792036989 0.95442909677866 0.9263122028854 0.616177316586119 0.990463369426069 0.594438807112325 0.161692145632137 0.896622492184333 0.990327045726079 0.6420294867076 0.687934147179793 0.82717177245305 0.994552790685189
0.867281220783357 0.79658803627431 0.947344123696827 0.871830198527544 0.995748096207583 0.56077596965295 0.622285647080703 0.986254342883064 0.990689483883247 0.912553738234565 0.99531898882734 0.999581049367665 0.868438721918172 0.563146088254305 0.968226582954998 0.999411112253149 0.871459265432673 0.834510313627647 0.999998573230424 0.999624433118175
0.0841536775798488 0.657147890766317 0.572599425380042 0.636934020279664 0.891767849392094 0.191055172187601 0.117381529806771 0.585870068247922 0.271065336479406 0.482156602696151 0.301268728504457 0.995951213102584 0.258735070835929 0.0953363487723418 0.527056304741885 0.919089987013104 0.520247624142524 0.55643450887243 0.00130548064141824 0.905859851405857
0.0803089834301789 0.565925360179866 0.179670074456761 0.396907251123399 0.241501949777228 0.461477211388147 0.0417321445938227 0.0382475788426515 0.328438597765987 0.180387365706499 0.224944955590871 0.975675064942432 0.0386614137648583 0.0897005008637498 0.643636375840323 0.899742829806527 0.265546658434659 0.622745248701018 0.0896914097738141 0.427537507874688
0.234112698260497 0.696390325147715 0.706762062250079 0.64376523078063 0.858145364219796 0.065094142578242 0.355106217667244 0.786149110977086 0.876797711913957 0.868068012634923 0.866266778158932 0.985257695802486 0.662087745676511 0.226027683413468 0.731822521407159 0.9770650507999 0.752509778671383 0.722542899261509 0.752426427293838 0.39610575225671
0.503874758369125 0.727372333614275 0.718924246098475 0.717568966802836 0.636592811215771 0.113331760410763 0.0332110943365768 0.981640115377964 0.426421523679567 0.781997965862977 0.915002250491333 0.932550161866699 0.432033026969005 0.263405533259579 0.769910146797496 0.994327783912299 0.89771184444405 0.888202670611218 0.990622819177985 0.999885277853421
0.15060313190638 0.562864926379848 0.865782353272554 0.593121111658679 0.807659026168142 0.386757244433367 0.298656989014428 0.796197848492848 0.0533563524744764 0.813997653899853 0.653963949868686 0.990481195785719 0.27008564659122 0.189640713596775 0.779291000181712 0.906330489579864 0.440920660135614 0.773771742534224 0.000773173587423071 0.00284843557989084
0.018486512279745 0.368452965925192 0.0121940766233788 0.503182031110512 0.00804651107245566 0.131276175199431 0.00801559795544522 0.0139701971866868 0.00283980388684384 0.00780124075797352 0.000913335885951837 0.0646606354691301 0.00728997861745976 0.0088177480627627 0.262805858543247 0.226650410300614 0.156603791008884 0.218075891925547 0.000636867996035418 4.89157199583999e-05
0.262384960386826 0.67512389805233 0.495224898646934 0.506189186269998 0.284984145791948 0.7026202841776 0.0999883981471993 0.914109455028628 0.979664988060672 0.809407836121281 0.472688959960134 0.981891547422168 0.209738320039556 0.10340952100305 0.913422131937353 0.994848089384666 0.525869781855267 0.343704750198806 0.00281753641333725 0.00262456080253103
0.317584609637736 0.662514901765422 0.819774014449384 0.45356378844555 0.957311133885062 0.104628539029355 0.0473108514174532 0.821070277210436 0.89703471326578 0.324525194693824 0.145113801337881 0.993692318085499 0.340017242187251 0.159772827491649 0.493431650847817 0.964593618120083 0.491182684415719 0.651344226438442 0.0112650471760669 0.91424666596354
0.0437103810632132 0.490464626027385 0.730760497080754 0.512374370685844 0.453520209485412 0.51422838124512 0.0380512855449899 0.054330200586541 0.0274542089797653 0.0675406447415034 0.0105127999433748 0.850934560659285 0.0479456200102411 0.0406722107271634 0.234805485895632 0.983428389810913 0.479315108488469 0.260520176947528 0.000576305656415515 0.388372217449599
0.58039416213038 0.819956890277185 0.624553323381213 0.718651835341628 0.965014519224724 0.69889746015602 0.179453828156127 0.993897211609516 0.997817080485385 0.950066049060821 0.895885717325581 0.989712909395962 0.380649066520889 0.236028318797213 0.767158067179427 0.921782764953043 0.786085942176629 0.83188639298104 0.956532950460794 0.972892401652891
0.14765083180745 0.636518067587491 0.71997106311449 0.438298005327504 0.825133683107235 0.731578178439021 0.0417633139848057 0.543055312970162 0.0160115297331899 0.134165199652815 0.50919635274146 0.954229553311106 0.0825220554568719 0.0695122274797196 0.472313080131952 0.811074137042136 0.282594090128857 0.584002393245006 0.291930473129164 0.984280409639033
0.237645871061099 0.622420093640656 0.464781087590704 0.598400168591792 0.0438189145951346 0.560819277086548 0.125700119707409 0.878281562226847 0.9853951207059 0.508017437015643 0.716846714186659 0.995117114649987 0.347918065564229 0.120321224434368 0.756557322936903 0.805708254792941 0.717847479916004 0.200715681490526 0.500343162974968 0.183026280035296
0.278756880205377 0.676144556974488 0.395176295298583 0.523768105066651 0.52850683478889 0.305590187149192 0.275427221706768 0.110177410921506 0.966441378103953 0.225418593219578 0.748096601046443 0.516367165942299 0.236539304574478 0.155323914626243 0.259245840472197 0.910874479452521 0.306852999115081 0.718416366719843 0.630865533980763 0.989193589198196
0.172661882443929 0.598579514761802 0.498090963113956 0.690005545560889 0.969540016826261 0.260332467823453 0.347954897185731 0.325222057143182 0.543390449969249 0.624572024166407 0.59718572393812 0.990797279184962 0.453859479071308 0.113898309458912 0.862480384349044 0.991832446773135 0.287793873870588 0.453139781536387 0.0605015451217956 0.788824250949506
0.368900585234768 0.647447782654444 0.650508113201501 0.674328627877715 0.893108936504992 0.459133769016865 0.115260973067842 0.887209157769813 0.253444876941341 0.398636478264409 0.443447501746464 0.836831125644117 0.17130932453593 0.148722367470637 0.943361946397275 0.678272000437946 0.65490535217242 0.666945052238531 0.236667383277267 0.999990168892075
0.60059802043972 0.753134446236491 0.65958793779184 0.612878502580403 0.994174497693683 0.237474168620445 0.308688232740687 0.987037354470241 0.41951324132479 0.96775602407396 0.941979203897266 0.991780306869629 0.517092190210405 0.442348106513771 0.983009471248992 0.997590561887009 0.538984528547153 0.771535198813935 0.995510831047751 0.986899825630979
0.450497829005412 0.648798403105087 0.671118543659932 0.685024037404818 0.97298166074512 0.282079341131258 0.292971099889507 0.934074213384311 0.978247592372808 0.938331819733388 0.952463857143757 0.55795653417386 0.731742374818857 0.495676920122836 0.915851783205334 0.999764893701381 0.582181602693189 0.655842983212012 0.0913481083010886 0.795990663197684
0.331185075749675 0.730836592150907 0.937558269540846 0.722003972115085 0.934516152859017 0.40459073089764 0.583678009896579 0.871249641843674 0.325660488411485 0.949338627163185 0.754565184855567 0.99098821376532 0.64768338150638 0.31084334927621 0.986435548787591 0.999680087164942 0.557295086924022 0.762686508948038 0.950244860911664 0.00312952658353679
0.230739680453373 0.685631375041344 0.673931627967516 0.751175402174915 0.659589781122105 0.287028362361356 0.414757285134193 0.934770468387368 0.617818329303634 0.312488196565555 0.240809965081509 0.993297979633784 0.386280554911264 0.0900223958595277 0.837114941135434 0.997647075523191 0.310203252947915 0.611527602173167 0.241739806701376 0.990730169476433
0.312663905929544 0.634820811420282 0.429486019145182 0.672032182862421 0.885127294336788 0.647167342584116 0.259739483200113 0.290388981080397 0.0822296961944252 0.794326398438232 0.794646207046008 0.99431895963331 0.422570353290827 0.316507967220413 0.72576835348804 0.98793954021126 0.403853290313017 0.617987754118145 0.923395577995887 0.999868046881612
0.410791188136929 0.714558883594781 0.659954485843616 0.772155717254732 0.964683620345128 0.682692624387614 0.671086052736722 0.825898024137073 0.603198674453372 0.8359417620136 0.93378496565583 0.998982993527125 0.363569729682416 0.265872522771358 0.846142789472024 0.985896218520387 0.68469113916072 0.701819621158364 0.997244174859014 0.16345494843812
0.404022715112348 0.530539707456926 0.830748717961385 0.695582235533057 0.746258066619022 0.407844471925781 0.282115482905875 0.193457990878811 0.294552900619279 0.175209985938698 0.642983809124143 0.987244873243524 0.429425413660884 0.285897968926479 0.760643897354547 0.995033780340145 0.473279466404313 0.814878796193253 0.0711615099264373 0.999997128884772
0.191825033547192 0.660624532376014 0.466576726089266 0.815796022499892 0.350156254133872 0.527215220603809 0.0427307547739835 0.684042617260384 0.989882611777761 0.515061999662457 0.114018145112387 0.929033617857412 0.118674456435943 0.0856845218340407 0.501796744666684 0.954640825919866 0.461489627738856 0.450631966756164 5.14035235240252e-06 6.82072346768914e-05
0.74034119671659 0.81051501675945 0.979450193956651 0.939525600928298 0.997648037636543 0.433057240967619 0.626677111571458 0.982788504113509 0.99552523873101 0.993793617066118 0.995505054270577 0.999921770938595 0.766364657506167 0.738915318398269 0.881837313301912 0.999994583958203 0.906773192045837 0.828502027939618 0.985706385272477 0.000392578376676427
0.0836007099302108 0.636950632889043 0.319477192739594 0.785169782333328 0.541614049429384 0.311083853142556 0.409819952097561 0.109283268629791 0.212685514170076 0.54043679779994 0.0780955657693271 0.99662987779053 0.249156730898228 0.136717632570209 0.4188664893961 0.697154918198055 0.448803326700679 0.632779271658186 0.00462150149426749 0.883663089857899
0.204858716239931 0.645036622390535 0.239122061206962 0.454848968821747 0.805814225658339 0.384791364458321 0.0583396689813517 0.0636761225300078 0.00817900436991166 0.46223541511762 0.843003740552381 0.992110355674173 0.10179487234025 0.130716251552409 0.648178248981154 0.991964027374576 0.50293110988771 0.500530598198395 0.999691272467204 0.999803819006558
0.131935979080831 0.536701094318583 0.510550601662388 0.648008550819965 0.351550257981645 0.29827564961986 0.0629529367607082 0.93055773480602 0.598333527381139 0.216355637243939 0.175283313948239 0.32982343993075 0.142250847935291 0.173290114379017 0.412797039659342 0.990854569178443 0.517366907315593 0.553418689107523 0.0048567116692686 0.261704403888547
0.169352490232205 0.539878342489164 0.524042948039558 0.491876350526576 0.439776745394674 0.570660089005188 0.351894673089941 0.391042994414625 0.911431036922392 0.661292695053849 0.100692709167574 0.963427145480409 0.386233365081146 0.227766823369439 0.862337778719855 0.990012484097633 0.320746488958908 0.418335426693979 0.00464255798659762 0.00318493186993934
0.148088168621738 0.507422148123743 0.896520873865548 0.602796018564422 0.147665685668252 0.736748172437706 0.114974315074624 0.262491176586812 0.84528174492715 0.233538152621347 0.196603937427792 0.049173653600984 0.0650153539334135 0.0538735782850307 0.772386285731099 0.0712425587958488 0.706795297885491 0.451927198412921 0.0250203535298794 0.540857948513185
0.0291601517135137 0.422008301142931 0.16481517634983 0.719992924650659 0.384855951364902 0.126219562216394 0.0535582271441929 0.04671173702889 0.665786987293507 0.0701002591447091 0.00468275274913467 0.956963670516596 0.0721585174973778 0.0549052255674723 0.522680126181276 0.506799378904253 0.143016329167058 0.520033606123753 0.00587047541468383 0.0110373244040282
0.63415727900333 0.760290492606554 0.915513315811842 0.808320785944957 0.998835612288593 0.291345633895768 0.86919912882477 0.997534241754501 0.997376871296778 0.980248646392466 0.989387867464021 0.997024954915315 0.665514528423853 0.700200598974287 0.983709407087004 0.999797119013694 0.474889471820801 0.949213555094698 0.253781333315676 0.521148991304486
0.138154827394358 0.563806825612088 0.482671323178607 0.394991355936587 0.42421702301245 0.307485420044184 0.0581833847374463 0.638168711539903 0.0452625563332883 0.0710129772224534 0.531426575618326 0.979094170669202 0.195686685554779 0.113910693536226 0.476840247024227 0.16798826693297 0.307833067927658 0.607459808328002 0.0372020178255974 0.624847079433405
0.0600952740667999 0.459211081769729 0.106887772208014 0.406636822358297 0.159875112549298 0.356595848637563 0.0233833046876484 0.0984299806545385 0.0389178953585937 0.0415906371868211 0.145587077843891 0.379716084912612 0.0234526883102521 0.0148391257150654 0.174514817978623 0.180170240979853 0.418336337300039 0.300059328068408 7.44417699705431e-05 0.211635335652529
0.0548172410656554 0.510391036476169 0.152704032109609 0.27107938020516 0.222837265575595 0.29615062713192 0.0613925397278078 0.156524607547011 0.601325822043579 0.0263313623365738 0.0910112185335512 0.158704105871171 0.0705481008255771 0.147767525441418 0.265794071781888 0.769286867193031 0.261759801227388 0.544380180657137 0.00451770718965052 2.6794229867835e-05
0.262301580567292 0.618481992648749 0.705957217885332 0.737564663551207 0.947787018318909 0.522770310917364 0.664185403677804 0.422023159255405 0.99188699661054 0.820914401442905 0.290970610627003 0.997109039024358 0.569172464531237 0.149473358540503 0.490177772997402 0.934681386512561 0.642536787049031 0.349310307274383 0.849504789131561 0.000334845131018893
0.245072232290662 0.774628603723376 0.285420603365114 0.566254133464589 0.921959699437009 0.370022693363245 0.264863226105437 0.980969742232943 0.984429836378349 0.869434906331064 0.659567494341637 0.571826139950581 0.225625435763363 0.210814430431865 0.528097481602784 0.996547991020129 0.443113635328788 0.632570139306019 0.90231627094711 0.181323425944538
0.56563656070288 0.724503589126803 0.823686604020088 0.906357623119832 0.998231388417888 0.54937524884393 0.517163202688877 0.998183097036466 0.993720272190984 0.962077684324828 0.894696681436863 0.894769463576856 0.569679896471579 0.418770338039935 0.839075466380649 0.999986283667596 0.792580118826227 0.93837121783184 0.036051053218379 0.999951547266079
0.112522896849753 0.552356476965644 0.712847151614024 0.37589161995023 0.0111880650661924 0.126275030657009 0.0832114606240528 0.683401911513783 0.724702239324197 0.0301167302888241 0.0121944021431603 0.514962238402423 0.057028873811173 0.0543527187068723 0.850536334271405 0.941055906141074 0.426008088529703 0.659432208162564 0.0171306962477404 0.00104032713779556
0.797620437190908 0.741087129337997 0.989271715925618 0.716884253742772 0.994954002281801 0.624838917406619 0.751758311801054 0.959518512244173 0.97980900495197 0.990390152535044 0.990959997609861 0.99964548286009 0.941468790644154 0.478548415096854 0.898592813288716 0.999852525765079 0.734696078980064 0.737424525161236 0.967516096793009 0.779989018383237
0.420290183422007 0.661267094248593 0.583169035382101 0.672909250637406 0.881155441678316 0.503947751582154 0.392695579482631 0.738390875106816 0.949933106930524 0.782628880948716 0.689751673969552 0.978800946034229 0.321043021663298 0.314803338313809 0.712560156676767 0.949754102431595 0.238984403119103 0.795559354939511 0.0142849458838022 0.231924656024711
0.157764776556105 0.500717393593801 0.345118896443238 0.455251532748265 0.285652111895459 0.566604190359074 0.211089986293077 0.0279408105090242 0.392036086915177 0.279410900662171 0.121579614727076 0.947930319551352 0.149791022528804 0.120376344583834 0.29641575873093 0.115553778558541 0.375079013783452 0.408426351621769 0.0262544886100594 2.76866750644389e-05
0.243559329510144 0.67743652953845 0.321343341299841 0.508179577430093 0.283030892992673 0.275150449016207 0.0279032446248665 0.329689454451234 0.419533752231219 0.312916432103571 0.298277182828922 0.947978330048448 0.25715970858104 0.29184890418963 0.110541726551984 0.920384553976698 0.533276194233739 0.410721016734573 0.0205671426265698 0.053028787878869
0.854741776386107 0.830174320146223 0.996472717169565 0.897843195360916 0.962052105748135 0.403744077991432 0.904992117167991 0.988295585259915 0.956132701245053 0.970503910662167 0.991944079335013 0.99955723249047 0.844829473990602 0.483623306961251 0.976907823633741 0.995438846643889 0.730908831551909 0.944259732736587 0.995518484146857 0.999985394580395
0.117253055091368 0.618428034301353 0.64904436506029 0.674395994742594 0.92690041905523 0.540051002999987 0.0771861577170562 0.133882941144768 0.672800039135755 0.642775098876808 0.174389341540286 0.904174559927423 0.381868351612426 0.0965801124081533 0.539570366934849 0.996886796449395 0.236745672632569 0.434204205769907 0.125625430675663 0.600051052601154
0.383109605160471 0.72757206585681 0.639857089395876 0.656652047041188 0.893398976811528 0.562292781689933 0.256172968170584 0.993179530173139 0.687239090229134 0.763699487470349 0.675477560682827 0.94736618280888 0.380042395181812 0.446943066113423 0.81532991840152 0.60063001001255 0.632912272188074 0.690741328794172 0.921865324354375 0.0076859361390709
0.101021836580415 0.51341659864913 0.0649872235647323 0.421910005441766 0.149325220864307 0.426280009630404 0.118003951565877 0.233243150570294 0.155145311047335 0.100591026857297 0.0101136882588492 0.873277214444102 0.0488091127194142 0.0459216231253674 0.135075378394233 0.928699403490144 0.401290073806738 0.204442510336446 1.278738792671e-05 0.0464212664096119
0.53034880034384 0.80770329112814 0.387450430474066 0.554396464667604 0.929151366785669 0.508306655644392 0.0717612612321561 0.97557469102066 0.977900428862943 0.730312128531507 0.957435333568438 0.98957453368792 0.653084213448414 0.242103404953795 0.565639614310869 0.999765024712445 0.585131503762262 0.456199386827438 0.0524014006424359 0.999118152873738
0.0332328345646219 0.522688937255694 0.295780704301239 0.387096303462193 0.401584074440149 0.474013225973859 0.174723567561232 0.155259211458374 0.419415991297147 0.115657468077851 0.0193404608385286 0.799759231817137 0.158895941504842 0.030781779129424 0.393911064160852 0.913236411410497 0.44693053339487 0.585168418459041 0.000101497099836336 0.00415437871661111
0.392699631639103 0.613285214756079 0.896480338383132 0.870585035925371 0.969852342316949 0.391556585278801 0.449158354238832 0.892407302531577 0.751127262136526 0.953434251195201 0.876361099268533 0.999149103532929 0.409543094517278 0.214596591228973 0.951509680868758 0.992225420373176 0.449420414967509 0.665751641753271 0.0162953447441875 0.0451407319152841
0.0975761211095756 0.495551103293736 0.647464984341938 0.454657680980018 0.239806454015066 0.736003404624983 0.0217512844067309 0.0431565023430862 0.967016950835391 0.112262779152808 0.072229775004007 0.968688876584254 0.111140118544243 0.0960046597827649 0.616216612143962 0.933018432347373 0.496849815998051 0.538530768858365 0.00138316032629425 0.991731420852171
0.0160628063544217 0.407452619013996 0.220425301416712 0.490551140616263 0.0123738225863364 0.0511227013729184 0.0260017752553841 0.00735986129216529 0.0126909492305266 0.0524631791207911 0.0123126781408434 0.963965686830323 0.0093530689162998 0.0353834230301335 0.0566142450912752 0.167248760214954 0.320289320172277 0.327842642416831 0.0106854950137047 0.00703434855644847
0.0451643241601664 0.593289973183631 0.120911663128372 0.576013316587939 0.0797394144081815 0.113578009733874 0.233578655326194 0.697137948597921 0.19394207934335 0.0728707251087812 0.111430294999996 0.575886935184861 0.0633201751466781 0.0500623157999859 0.370229062807892 0.936554821605993 0.295629787591193 0.573989137447095 0.0183427210030215 1.79574462602626e-06
0.56367418181803 0.804479941827063 0.849533259472794 0.691213237527754 0.969601482725523 0.227401411066158 0.286538708365136 0.74576545277773 0.996093100867602 0.903550017446043 0.939002016052768 0.964433607235127 0.738969215889327 0.210283416784584 0.824085656263779 0.996884266055461 0.610832815211466 0.589955964878301 0.134413047181377 0.999755790144743
0.119117681987043 0.50599715284711 0.337699372566448 0.575257837852066 0.35407283332377 0.276797778564163 0.230092957322106 0.179890802673458 0.0288226029145698 0.158377982198034 0.112934455510989 0.426362619506119 0.0969890042419728 0.123310321200838 0.405036690331651 0.976073283552943 0.538921826220762 0.445861012330989 0.160002407159237 0.99602856150633
0.284968596173949 0.622400112341226 0.90274587982482 0.69032680008349 0.663342522602494 0.124626931310839 0.452409087089266 0.893333033633908 0.898358424335807 0.674781036774922 0.828521105833928 0.997511097417397 0.394340006556627 0.269693492810548 0.963588722747178 0.982845663244164 0.235591695649501 0.766723244408962 0.975463096426379 0.999859153074158
0.0152300914240941 0.420618957528369 0.309983811784605 0.591121738218202 0.126295716683088 0.117936330503323 0.00626350912445481 0.208573267124971 0.567552229378406 0.0305953265291716 0.0678052079851464 0.962061458538463 0.0416471422466664 0.025839519419348 0.510562195745282 0.0704300237474534 0.459142511818798 0.440423681892646 0.000166364965321048 0.00362644706596101
0.717974856707653 0.751895144715647 0.775482666687084 0.638328622063669 0.470516457814795 0.208430182944538 0.508492994516391 0.993853976398225 0.966821535043542 0.941270606665673 0.874241822039047 0.988093243965108 0.405463188929215 0.379202131681417 0.795503269528595 0.996506241645278 0.551115414768185 0.595351317051538 0.98587492651876 0.903429590404244
0.0440187768262852 0.444773600841622 0.123191336604104 0.486038757760828 0.0627315667321717 0.604271550176922 0.00662144213223234 0.0309876438791789 0.019743996974216 0.0166478912462378 0.00465527748345704 0.64507303858071 0.120957352038914 0.0299718345931572 0.197311225748865 0.707797244813194 0.137010397140128 0.453798048838602 0.238641041148485 0.000798119751764075
0.0134503151295335 0.445028167305465 0.125101781910961 0.654501774733833 0.0172738339216521 0.0776130255910334 0.0174034278945764 0.0134042719370187 0.0146941746722361 0.0278999779304624 0.121711531924608 0.607788328431211 0.0406873968486327 0.0259552295579725 0.419530450755547 0.869365907792975 0.257075432851969 0.307477856271254 0.0312297288367522 1.3301087521843e-06
0.327663100967842 0.630796240848399 0.621194365381726 0.814886348349485 0.790246765312722 0.358884606014719 0.163932756999856 0.745332246413126 0.0287713338567347 0.411246266808242 0.933508658177509 0.967947062567668 0.731695058879065 0.31079424662778 0.68863373863991 0.948243495630547 0.692018054595009 0.30382018039915 0.00514300653335224 0.999883945578564
0.214548208646257 0.705112836155735 0.265376206191621 0.743882042084832 0.708643886621408 0.757759128883203 0.131100464308812 0.865618691678887 0.386693798765923 0.50010219870739 0.128836062334385 0.990379943761825 0.263649277437186 0.113301579125449 0.61048502027172 0.771848623448802 0.637051696360758 0.633529989079784 0.00039528614872314 1e-06
0.129984415591259 0.451348244131136 0.32843167146257 0.349166912651933 0.0731663298708799 0.322479225917295 0.0251073270737285 0.217524211214492 0.0602170767937037 0.0445756541423888 0.0118386764448904 0.700948784968639 0.180556853612112 0.0165979307444166 0.550068646746313 0.951283676042436 0.295919445866579 0.328148765087346 0.0225260629092027 0.999890744519563
0.0962659495277747 0.723209817823433 0.438930727493775 0.412235221230843 0.526883992345619 0.394361287879792 0.246906200333127 0.393359207909459 0.0350386378892895 0.513462790874304 0.520418944246025 0.591330127411182 0.250173870828194 0.157424442617409 0.652681469901683 0.760660259222359 0.536079441878307 0.589847900052957 0.0189931433055378 0.000231980749002637
0.362863020285978 0.653395646807051 0.284254010798845 0.619206776683836 0.239649464300255 0.455170428449088 0.42144298070646 0.198653622686146 0.456064177674547 0.806491257152599 0.11333121300397 0.916024024779308 0.350540934792105 0.110976179186412 0.711315006920845 0.991732967990261 0.871128734107698 0.494485767797768 0.0112156077939528 0.999673203730422
0.371687899261325 0.590520694147504 0.454388705251556 0.678716636283027 0.481918043642022 0.274668340753298 0.0135221525752644 0.443302333094323 0.989064395117356 0.101360400169596 0.398144922405935 0.549444638405753 0.156329678194434 0.245661343557718 0.78563755843861 0.999139935936543 0.650132297208905 0.398704910149828 0.0270212034590775 0.91707758545906
0.674776017296867 0.720712141038616 0.779177301943984 0.650220112065469 0.99577298687002 0.801252655343717 0.321879736283218 0.975400563544724 0.766930321314461 0.926799361622308 0.959563216606802 0.996076813789363 0.537175459286937 0.440873331694316 0.934194264335316 0.998017224874154 0.835040847793616 0.843459254652492 0.789175353694854 0.000588421301417203
0.0370141652688054 0.362706887563209 0.369488642540328 0.547840512160896 0.238710809923543 0.047890691198096 0.0443624983500509 0.0859573355660717 0.0327444919966901 0.144339217344231 0.173325347181046 0.102269939878585 0.0467696093909001 0.00746809821932911 0.19592165237254 0.875850013630631 0.421664460639558 0.217583333094773 0.00121903750667333 0.00122088935855166
0.159527026238481 0.66286836485825 0.455964845035271 0.731759028161923 0.78416101256222 0.307384473900386 0.364049965215373 0.585060134408613 0.964511893746278 0.455125769410512 0.890313957033006 0.884255467730481 0.174894182219622 0.219200769975294 0.819838828250541 0.698569144425076 0.634356073990717 0.403590503892501 0.381651378335884 0.000212955022283464
0.466936747804037 0.730541087818229 0.817504487357378 0.601802871404588 0.853971732823922 0.520553657978075 0.668504302906481 0.959181859862102 0.901561663109832 0.920874636007713 0.777519303545563 0.994317054943117 0.409726199095569 0.376004491439447 0.700362661377852 0.242230934722385 0.722398468694317 0.657016299984379 0.177223377128424 0.64725557014138
0.506238226852666 0.696066413271571 0.330856866338155 0.815387214826878 0.713644184897785 0.191635241866458 0.54157832075371 0.923682623998392 0.758135356951703 0.906258661206764 0.86751878680746 0.929402257310056 0.568932944960882 0.503722335447163 0.801357344785026 0.999678571748387 0.374596802799565 0.641876703426777 0.446356657445265 0.000138821727458777
0.348398194798732 0.501127226249785 0.433427707569274 0.717405004526222 0.776814409646061 0.402186863014207 0.315347381702169 0.482701652790879 0.814799177145275 0.33450957944167 0.63535518090931 0.96014373799813 0.430567935131624 0.0771700811475885 0.799860454980599 0.961517516670878 0.686089342608969 0.611893859973891 0.273228576455241 0.744783957209585
0.134216174567122 0.471866297089574 0.43144869830664 0.528037006460034 0.258583462652062 0.363641604726413 0.0390050272544304 0.823518933369329 0.616889741648394 0.269231124215867 0.161713781072448 0.523501286319635 0.0424993119711823 0.0445479037731516 0.312014976792282 0.788335750221614 0.567381899518247 0.348339472693794 0.153491994497643 0.474791323005941
0.45774796729866 0.612806052760057 0.832163086464118 0.789773058259701 0.858100433046169 0.321781208173023 0.580022216240888 0.931186742634904 0.996037921000433 0.931998632629626 0.70402395243271 0.952047413730372 0.261663356264729 0.201235808826594 0.816246614028347 0.999453255030597 0.595548743656027 0.697925954506623 0.999529839280576 0.999374207389883
0.157001382356828 0.516230168641058 0.340678074655536 0.607678715722805 0.706962259548643 0.276706965364572 0.0288357148156175 0.772214579015725 0.795947622613388 0.093498257864034 0.420092275913147 0.677983374722597 0.251990538190227 0.11301369534728 0.301879638817665 0.501174701615694 0.617342733938312 0.574987611513572 0.190830243319672 0.996687315072906
0.142360571682401 0.489430290023367 0.108240365503592 0.559251718353268 0.640472555253959 0.163229951232225 0.10304302349971 0.130444941128164 0.145414386793971 0.366218421051328 0.257897173942815 0.973897783975473 0.240872582763852 0.0493399015775697 0.531004749764733 0.998418941778555 0.611579356724265 0.2569419558108 0.00419936637429378 0.981707818716723
0.247484225304303 0.53443009152059 0.498076089426577 0.880405636594469 0.377676364713483 0.71630429188123 0.620626655940066 0.462618649428139 0.579995331335814 0.679974530055459 0.408868842800374 0.996646880407438 0.153940318395324 0.215668110776864 0.883137807561987 0.961689838346761 0.828605192846802 0.57468768548704 0.187579281147334 0.385194372699767
0.0724874437254921 0.375986264333054 0.462949922431446 0.37913952070063 0.347154463504415 0.137516349814958 0.0187976868773721 0.0549276718149835 0.0626534785898212 0.0548284869640538 0.0372455766819767 0.438650955031893 0.0230925996855355 0.0397588454342324 0.033854074408325 0.0505077173110463 0.284471077508633 0.313075766457689 0.00067454667089348 0.182676574116908
0.311212127527865 0.452122335631753 0.384855550553817 0.428968490326303 0.981218015294442 0.298984974079341 0.46520802463502 0.748493621386998 0.284374012277664 0.259050110056283 0.30957996331089 0.928521351642438 0.222026787433248 0.0656296443295481 0.506489822878868 0.940619518387344 0.570099439617462 0.712874835093145 0.994124006718034 0.955364510840546
0.140820555380231 0.608897975898845 0.55896638608621 0.488505897708787 0.957645294462899 0.694101505218039 0.106503055523898 0.700697809326651 0.00838313200502567 0.729747329500142 0.782303433501639 0.838319575966352 0.272490164321562 0.0577852293888882 0.795590757679772 0.737760730823941 0.486482446631899 0.273429475875884 0.100993065878221 0.00769074539953837
0.150206905329465 0.568292363331953 0.305839762653464 0.800334858534755 0.93985344500219 0.566068838035195 0.335558597306076 0.2128658430442 0.383647648797999 0.181858680418853 0.74847653261396 0.99404166458761 0.307872308560176 0.195211238759152 0.092877344965443 0.937819480810495 0.386998714043805 0.617002995165963 0.726358632307256 0.0422378054027075
0.117956391930552 0.547539456408634 0.241867399238407 0.554550281252282 0.0259295832171228 0.439613087166117 0.0715598481201822 0.126176478368607 0.136794546719653 0.105440973282531 0.271163959711953 0.875675182707993 0.119762699041724 0.0163686799217375 0.61041383212728 0.995788456870474 0.320143241447389 0.63144672200384 0.00120178127570091 0.559024782956564
0.0222528511671268 0.513624630325189 0.0720698957742611 0.436919898731269 0.0607791270004659 0.355802987535586 0.00906375698318991 0.0107179335965897 0.0471914445397211 0.0182788042568731 0.0201114643839918 0.76197451279928 0.0497747842843802 0.0512647224409905 0.329932976644279 0.972943109327873 0.310024588169322 0.197692705587929 5.18696041739058e-05 0.000108196465109192
0.415921348229792 0.673947665914526 0.890278528701424 0.715734637992912 0.987238228252008 0.412171493498575 0.176205922462751 0.8927499772099 0.977497292579948 0.848258907069616 0.596868449321248 0.855806444194228 0.518694741414222 0.235373786466724 0.649603190127893 0.99925298751222 0.403849774997424 0.876267744188576 0.497841607658226 0.802898475553206
0.0432597606597404 0.632809093365644 0.124239708318484 0.489096600068808 0.224638378533149 0.238084762909215 0.0466061493508287 0.126849406187047 0.164227437742573 0.47553618086505 0.0499881546959714 0.994957344243774 0.075020869572992 0.0602148683942377 0.887789641826932 0.166852733667726 0.524233446943902 0.515501811682409 2.13317131895902e-05 0.11296165278176
0.229553120454608 0.669263210238786 0.647627282356425 0.681683787383014 0.666615589376722 0.433274821158915 0.126718524545005 0.804185539266721 0.169977786735441 0.758111762309687 0.653628854761518 0.897048353356742 0.518399683756983 0.208626891132599 0.871483119800227 0.946390838548621 0.429025612602554 0.579954326114542 0.000108774212535389 0.918884353674152
0.13214723687186 0.583309851869301 0.82286501457715 0.510073577996733 0.650952993797624 0.834670260516445 0.0470028553985999 0.842756518010142 0.0188381549314501 0.606780721611147 0.465157932974895 0.909924364840341 0.26756183174216 0.205385336599294 0.83155429650643 0.791398401492204 0.633909514755075 0.503725265849256 0.412415416668092 0.046612795040255
0.100476634778359 0.548711586492878 0.34524810785295 0.603007401780574 0.413923038595158 0.779777259836345 0.019518585886927 0.102960515486517 0.570410793502157 0.31267640475791 0.667016073401077 0.979534544182783 0.287097262845862 0.0854141732361985 0.709528760171906 0.173224446017407 0.591997237031569 0.322231145506566 0.420648046882242 0.000193970708713352
0.103161782462873 0.579182582052846 0.144867558781513 0.661378753011645 0.0553510807289707 0.541649159751441 0.112359899168076 0.863668695004226 0.0429207414813425 0.291157877802362 0.306146479836034 0.801657511747465 0.0504194401524276 0.0882690216897159 0.830537036094139 0.995242526878156 0.4922201147183 0.721310929807387 0.0154399611259541 0.985626964028581
0.0505657639640502 0.471006397317342 0.292811023516909 0.641784387069826 0.820499573534995 0.898926139589298 0.144178459650657 0.380291839500292 0.333290227974942 0.204882823681752 0.0189113172853998 0.985948654615144 0.134519060226315 0.094646268915722 0.265798392135078 0.632485935046777 0.579305539291732 0.690347046875922 0.118530023816966 0.999986216436681
0.0441336839573815 0.533061253670236 0.789686704034922 0.702558038562016 0.686672121979318 0.203493886978942 0.0255851966194888 0.0911653008976355 0.567432537900243 0.0465954533477825 0.124339735126513 0.264471569149359 0.126266461457379 0.0806205025797879 0.280680988185163 0.921329109997271 0.170447898669474 0.559858224253752 0.000131407621438593 1e-06
0.527947128425542 0.685429147106366 0.808936059587068 0.704043991985023 0.841405317399073 0.315653729784784 0.521955408858015 0.756197428880803 0.92695850818178 0.894782934640007 0.878163542421298 0.98437568452477 0.372299309602531 0.248803025412302 0.891413621290232 0.995757129469265 0.658721287244894 0.709192474852462 0.135315337952098 0.411732725108856
0.323387399755772 0.564242185327742 0.776843524236172 0.899518750814531 0.861164254747563 0.726903136509549 0.0653587229594747 0.915524532124796 0.944336329967191 0.301817516913425 0.565036442942155 0.988055999714881 0.475200433337717 0.218156297845543 0.769964520964283 0.996845008184064 0.457197912553013 0.803845199186538 0.256639810771592 0.940149144012841
0.334448542978012 0.595975507137895 0.234109673281539 0.853373277581556 0.943531290252272 0.338589236581554 0.533845623249204 0.840427101012846 0.834198290028899 0.801300788049311 0.420816972622527 0.625828620772039 0.332098331158828 0.112829030855967 0.547379422325473 0.997064719537217 0.718299298881364 0.93725307151111 0.0529401231826826 0.0302144136898841
0.106873388625017 0.526623979978778 0.721770453060301 0.581463963503429 0.0138989800199807 0.290949060654225 0.155475615831604 0.0419376723559222 0.153246700626155 0.0845787388675075 0.15938678235549 0.973019215191758 0.0202344982523963 0.026837409571731 0.492134422268003 0.978410952315945 0.234774104268957 0.219051976953941 0.0205508713832327 0.00329901843247459
0.0738724429678908 0.446190031074482 0.184200029242605 0.681889617134844 0.437093231655153 0.693276533321636 0.00436525821712547 0.00742008301715661 0.325516896847848 0.0774684019905749 0.65493345766983 0.760798930130315 0.178236692633206 0.0576143581256046 0.634566330230968 0.904282555333418 0.204269962885174 0.412856351449861 0.881115741318229 0.596199846346264
0.92694005379585 0.830193866365852 0.991921891507764 0.83640806100175 0.999750160918452 0.294622896273139 0.951495239333435 0.99877687868784 0.998153563631595 0.999151522503338 0.999863660771214 0.999818748917629 0.931113891177653 0.793799805642863 0.989169997805702 0.999863130940441 0.762515349708858 0.942353602856221 0.9998803003907 0.844925446245097
0.263276119276546 0.500642302743078 0.677043508710638 0.736711906398426 0.583315820972601 0.360116598478289 0.458289574615339 0.938615250956756 0.994040075695209 0.309253568463873 0.206390524953387 0.503198604919938 0.135818804770907 0.062976210888118 0.610315786844577 0.999946051074326 0.227831665604508 0.491785598773393 0.997661290551881 0.98386127288546
0.202967566099282 0.585149373412249 0.359402427038121 0.484618311815977 0.148518404510551 0.633411910166366 0.243131544513461 0.437070448422384 0.824317533599331 0.4270330654568 0.351303174288342 0.760328610202977 0.0850996614297868 0.0993859600947208 0.898438287228865 0.321923874323 0.160268113951894 0.334838804471273 0.180133778236006 0.999999
0.488027405559817 0.719440587645065 0.765740844204945 0.420659508096824 0.728693963729402 0.661270349564256 0.543465735054757 0.985068409915151 0.442181372492994 0.818490320211594 0.974035091703853 0.987537989070878 0.5282243792047 0.257255085015245 0.871976201893222 0.747809555782089 0.442249256011528 0.588197684148417 0.999706879578294 1.91763383284835e-05
0.906058055212081 0.718364118630584 0.839643378003851 0.653813300132735 0.998785237923295 0.518664092204096 0.861144339299619 0.848616437734494 0.98986142524995 0.983006649928932 0.93613251808214 0.990834726839732 0.897086563621772 0.410689135809618 0.881458114552231 0.999945348981123 0.72711370703858 0.772920144766747 0.998494459043642 0.981871260028141
0.100835318321158 0.638316393384816 0.337489727666775 0.542242703602621 0.942253482242931 0.247043033513119 0.0834283596140212 0.239468030923836 0.509537744554054 0.169260086656564 0.192487732276991 0.758407277369604 0.45420957212187 0.0430826441960315 0.709746061884426 0.996099716365038 0.356700652238221 0.40698254740845 0.000489755976559474 1e-06
0.169424736262856 0.626690128870171 0.267284073181425 0.474253541114396 0.77270637650475 0.179773040897709 0.133334399289434 0.773509961786452 0.730130582018336 0.244172151762565 0.722031317322609 0.857383419022713 0.188775855166333 0.187793961240916 0.449234411793216 0.999586414920866 0.636891889322504 0.545960524178029 0.012425952709668 0.999969414189608
0.382429901797923 0.585592201686773 0.917968295931086 0.812497749528164 0.54312824134357 0.33486715064083 0.485610139583084 0.836619960686926 0.890360946755968 0.513177324074327 0.183537665749526 0.971750055951463 0.215458901889712 0.198961557619146 0.895035642967397 0.835528013471674 0.563962535459136 0.577937588384062 0.0419295086032574 0.958975801392891
0.228525978309456 0.466053007246717 0.528919576148501 0.346557623961424 0.24931025830533 0.114913659500933 0.0239597705891524 0.43667328926909 0.307775565279096 0.134758560967602 0.161259925330516 0.757479163765613 0.320696045972661 0.0752352050045353 0.462524565521591 0.500144304273552 0.470198074072884 0.431218539959584 0.0409716843410132 0.999282004921441
0.276103970562978 0.637629869376329 0.656359037763579 0.539963904880271 0.181753946570401 0.693020102797244 0.101351011069989 0.266299043170022 0.997167567156969 0.657980969119136 0.86061576113571 0.931706482545457 0.620239120812157 0.168907873879305 0.729588978128462 0.464281310665165 0.427339895642438 0.385334780441772 0.116214480640038 0.0111184298364947
0.146412129186921 0.644908559934527 0.21513978648415 0.56683808664034 0.80801039534971 0.350418916196371 0.122601260605732 0.530135611155495 0.100085548949059 0.438332396809758 0.676688921803246 0.68308503419862 0.251934696637084 0.207372167123207 0.85628278691438 0.736092997072115 0.436893061519604 0.460425426855689 0.0927720657965837 0.0901142061234206
0.0497568130037103 0.515108108145532 0.0784818855416005 0.424173211421167 0.0140197592046198 0.177724546697426 0.00570657874779142 0.0380933134675976 0.00318886939929122 0.0174721021143542 0.0241999096365373 0.299858144850111 0.0321392155810534 0.0128685314280542 0.0958152649829666 0.0698058502717464 0.164446916846585 0.242803948464318 0.0116436723995643 0.000230030022414311
0.595363836462139 0.705223897922611 0.535971492335357 0.788702519990395 0.981369243018912 0.801582582764416 0.326134756408321 0.976956559023469 0.629338187684721 0.909210276766599 0.834725745542132 0.923762230193555 0.578787199279226 0.28711458364817 0.747331688639552 0.855009619554242 0.369644150522194 0.879580100088094 0.901450605507956 2.46504868845562e-05
0.4803653161134 0.573448807096862 0.901675894404991 0.526791600698827 0.816803459974598 0.391488817784952 0.351971447316556 0.148859166821059 0.689516978549173 0.076932123046445 0.92480633387954 0.930916342800919 0.321465623945366 0.140606705238386 0.295033872665896 0.538097417385655 0.641204967946246 0.747462498657609 0.000121219498531748 0.65638705173328
0.0571208820906633 0.600464921541906 0.216971890190105 0.630112869863495 0.193236124911982 0.353930432363664 0.0718571029937611 0.043942636276313 0.423276873968386 0.0971388086164009 0.110685673816628 0.909713525979485 0.0567028029786816 0.041463411325418 0.812806154590733 0.845912970594512 0.413614704897907 0.145072255019494 6.75230574455157e-05 0.000166930845291339
0.646752452921575 0.79569353350733 0.649481412546522 0.910090353087179 0.976677712695105 0.247344350925226 0.717403060089918 0.991037254504975 0.90502168736712 0.952942230014591 0.958857505523576 0.994069689557664 0.717907624549806 0.44413823344285 0.481716132626508 0.992155566764803 0.66887842513508 0.743891357446626 0.835257047959669 0.999863761608406
0.0459776746235273 0.473681806253303 0.369055760073277 0.57628825404555 0.331685800949498 0.697823885362953 0.0639222995444746 0.0877452178661551 0.281958372478898 0.195813588331323 0.0578465152275557 0.49088770767811 0.0982080976278051 0.0683049685739057 0.187898579307214 0.977158677273223 0.749454411776967 0.548266252185155 0.0010607333347919 0.000121872430489929
0.342312652569495 0.663211049061609 0.633208425565269 0.52607865706823 0.941374298238591 0.577118382623414 0.537224534968795 0.803292065361477 0.684641207171123 0.800184465501152 0.309003762667721 0.938945615173865 0.228224594643837 0.135836588431842 0.850540118273015 0.998867301750421 0.772846249761706 0.422015640244035 0.0438521461486442 0.534628974429949
0.130983699387453 0.460452386071838 0.663885658732145 0.447320367929318 0.444036968632373 0.203503036537517 0.0526960918437179 0.440295678458951 0.889937322246586 0.496538381594131 0.179916635566036 0.351698656889761 0.15309648568024 0.0863455104324452 0.769023272224883 0.366295830523986 0.22556910485735 0.447032041253349 0.835402675199486 0.674508989069138
0.368413786273801 0.680610132800181 0.545931160866716 0.610734606593456 0.582277759714581 0.271720165076035 0.172277701877213 0.620578296056728 0.76211766261992 0.805493048596505 0.889959314220008 0.864200000961366 0.447353652064093 0.123327982689953 0.692240598915042 0.998337859753882 0.539860386604078 0.834305714919997 0.0314110997141727 0.314625828400099
0.12861380689997 0.726038157768787 0.476816686234901 0.714765901410732 0.85619627285534 0.445877908849821 0.357415739091828 0.49064485673277 0.460298768637445 0.661059227420628 0.398637854509708 0.98659706576604 0.10496664736761 0.125242147351024 0.882623341574978 0.994340080874656 0.400628701894227 0.459956636799608 0.121719869470991 0.000355271963091591
0.0753394820600027 0.62434012707668 0.527182548643981 0.433508036692716 0.44160451209552 0.171195175543032 0.0599696092252805 0.360952700515251 0.033003579146623 0.142483682227133 0.361250581004135 0.984884025062141 0.0716456054472327 0.0970690591269311 0.884966546846189 0.863387134702024 0.516632169918914 0.518097023057999 0.000490062606366119 0.985650614707306
0.242144843982779 0.682003049773798 0.368986213790978 0.797652199359167 0.929247059198629 0.861141586816585 0.377376768586553 0.264650586186586 0.950723795996506 0.722525341610202 0.37225057743472 0.997820783971031 0.505701630351107 0.303142423051817 0.887235447507138 0.999290490124117 0.384006046207165 0.619749306789759 0.573576819256757 0.000229729487186318
0.396629757470682 0.669444019716444 0.840482911315685 0.544559969006813 0.233548299135035 0.696970644530751 0.058791247480041 0.77909170916837 0.906840784735354 0.816536116923509 0.761468366200174 0.0661558906941273 0.541110603164524 0.159411209695634 0.719256089273563 0.985553130253231 0.446433605871072 0.821338772055234 0.296171469608825 0.261311108762405
0.339805867297404 0.664737142697293 0.889741006037916 0.608806932447291 0.371723940008907 0.335868704676973 0.410198768092182 0.179827963965873 0.964137068883865 0.920775798541433 0.641488780143593 0.983920376790989 0.728787052981103 0.245615840404774 0.758108474155394 0.989161013651643 0.571902351137348 0.622973935193867 0.00126442629726134 0.00560665009194039
0.00744487810551178 0.337878297929644 0.068966514401529 0.270802296355273 0.0262624821879008 0.197763151391965 0.0221599619167257 0.000717481919034949 0.000623223698781682 0.00410042147524402 0.00345455020926853 0.423241006833299 0.00633825266946696 0.00511512669693368 0.0153735594131165 0.0733788638852149 0.376997669981199 0.12465932086623 0.00751146982450461 0.00118604432180485
0.0274020961598923 0.362078487653419 0.431110982148032 0.300019151551467 0.146459202470801 0.279297242550452 0.0307707548481585 0.0585524289268631 0.669301140818444 0.247628532334188 0.00591578632910818 0.992098660537108 0.0256370730832044 0.0262415882019032 0.302797409163471 0.0548258641167852 0.303603500180667 0.102678494299946 5.80260441635566e-06 0.000222088894140709
0.799749471793725 0.807419361750213 0.910701301773754 0.743198051660803 0.999675258563073 0.807536285956652 0.556001495381838 0.989774363503267 0.978458466451209 0.975544751465503 0.999362882355528 0.994412665666587 0.847463024202726 0.755316400040587 0.9687351586878 0.999500431630439 0.618023171945021 0.906325257189457 0.999964363926257 0.999996016386564
0.450967184680186 0.687618796117474 0.285524536223009 0.414753086348276 0.30724844935769 0.560634655278957 0.173302649329238 0.913816516579928 0.729630474782277 0.66366537454155 0.908745145278996 0.996276771655444 0.137893801768876 0.407128470252305 0.80421153392467 0.999125602549036 0.590731342384119 0.583357332169193 0.676866207700999 0.999942737302554
0.214236701018242 0.542409608999678 0.809133449413835 0.608472541678966 0.473851086921617 0.328026018215851 0.140910030031815 0.684039452963686 0.852560642786981 0.373960363729344 0.384318749657151 0.857552724969229 0.350661545932374 0.124534535949626 0.706160634283514 0.69824010196356 0.188168907717943 0.618085144613751 0.221611952781664 0.999886539857313
0.106048503958565 0.524408483422635 0.078168708020899 0.534373309079749 0.0911339288582818 0.772520301826293 0.0562195464457616 0.286256268690311 0.957497591628123 0.108876783585046 0.174390928528017 0.501484446193962 0.0607186908927283 0.186126376025586 0.406540557126129 0.00194809521326959 0.42742378096608 0.345412700741311 0.000380060038281395 1e-06
0.0767331006731083 0.579820318586442 0.0856113561743173 0.632277101382008 0.0945598280005795 0.520100759034258 0.0846190941339501 0.0319516652506596 0.156703326266902 0.00765853842130104 0.074798469466037 0.946096984952193 0.0293328086332668 0.0456573738630952 0.479587849291228 0.197683499612469 0.374101809792473 0.36659420657202 0.00619840108125402 0.924582996573458
0.256199500377541 0.523524378586945 0.274478717987102 0.641491944682292 0.299381510475202 0.436677580209709 0.234628502888942 0.595306591706691 0.348217262634163 0.754942198986977 0.0923062222404497 0.984079924378574 0.186503550838623 0.0971277355683698 0.550046552209316 0.959672627920928 0.641008258059002 0.641757965869727 0.583716280497008 0.00284890785227439
0.288561747783382 0.575655067504719 0.438874234899734 0.656727795472755 0.775312442940145 0.598235942974698 0.0590183701804544 0.0958491587530485 0.311953804738879 0.549752228947862 0.296878590887813 0.998385146983593 0.309134954922668 0.132994640810111 0.777904331997509 0.376057019120291 0.357370864799586 0.531241809653848 6.58482285713088e-05 0.421173596028253
0.187696515022907 0.637187465307639 0.413655039673938 0.851179365524753 0.752179537640468 0.544586761904401 0.0102134458555155 0.198435700215494 0.774566623632045 0.808170417422781 0.642214158227436 0.617125834323401 0.409508141197506 0.166208495905372 0.546550294020132 0.979782933213764 0.415266987464908 0.383702391776381 0.0153801084047572 0.00576750363263978
0.0209530199974039 0.303278784146038 0.0268321662297136 0.487800369736239 0.00420649802590667 0.666287503276506 0.0168884293359293 0.0377539769896646 0.0147640231936663 0.0238892319055946 0.0375803976302064 0.760239700789682 0.0449623500609822 0.0187679727322224 0.0713623457718212 0.090446088770125 0.325794002984252 0.210142277044205 0.0493007577782599 0.00866517590561
0.39523953270985 0.472822773970529 0.702260024447883 0.787989857972856 0.875071239655648 0.374797430110105 0.592719184687325 0.97909340265485 0.793567064525243 0.93767821370469 0.677820864138915 0.534190803542558 0.335917613115674 0.277831273118869 0.935166107415482 0.904378588877742 0.374927754315317 0.755880540182783 0.930460747226318 0.853092783316528
0.0703289132192423 0.463357275702276 0.225536459208229 0.523541147697811 0.3369789013758 0.238121302353637 0.0622833582487184 0.089338963904083 0.0189069887101675 0.0742709761127346 0.0151789714014301 0.514541894749305 0.0258596171384118 0.0244950105136053 0.424730505747446 0.988110248588929 0.236717963279997 0.258401731557857 0.00487193531362916 0.704236234589107
0.105391335328377 0.605905652872076 0.68712092541717 0.744368863123118 0.111577657212048 0.605925491335772 0.141085354578141 0.257642275125248 0.617069438703093 0.1045341320277 0.0526596453141151 0.946940818583231 0.156559978656678 0.0272105961821178 0.546713612067467 0.901627562916602 0.515588772007026 0.708567214273795 0.1154140356305 0.717883978512219
0.245125061530681 0.650150607158045 0.836670471303478 0.810096616632106 0.192610005776728 0.302371545926107 0.193347877141346 0.563859364007696 0.990830633979563 0.245508476521477 0.445073422989642 0.989816922566995 0.164181173939723 0.135654904920688 0.529428373674803 0.998039085883426 0.793529081744454 0.650284176531823 0.0764114983947187 0.998819395344288
0.169685748826651 0.561025196044528 0.0763213653485907 0.344244977437655 0.520892246345322 0.0758445850986359 0.311618848182536 0.200474998001887 0.840105843388046 0.221747824030605 0.84039056425646 0.912515071196169 0.228980428540394 0.0931554933221992 0.730618140839003 0.738088439044451 0.322811737706808 0.445168325930584 0.0100023361271739 0.99994227236354
0.0445575879653783 0.533516091729219 0.915009601640846 0.337968312460528 0.155546660969751 0.241396553489705 0.072797204245005 0.253647862209773 0.125558117225424 0.215205786872176 0.0233238423740783 0.875401716290518 0.134659635180241 0.108820701566727 0.295097297645472 0.499397467754972 0.371165829616826 0.428304782612076 0.015844006707183 0.957100701738975
0.0276637745167834 0.407726001263485 0.368386667860281 0.56277675133692 0.0219204680847812 0.0857636921062905 0.029140402472925 0.086799708991428 0.0427947319122968 0.0138700047665344 0.00785083663024279 0.410452064802054 0.00756887689349142 0.0133098668502359 0.178434701569158 0.0142538134449737 0.401571785915159 0.342382742583094 0.0228463032354153 0.99694176699425
0.0849168767545227 0.469007719485135 0.613183709356231 0.475158997654707 0.137968922809885 0.112848345042055 0.0602616585150374 0.0141330778602211 0.517070383429529 0.105752865930372 0.207610314577951 0.856557549929781 0.0637678403503822 0.0439426258041635 0.639783625550368 0.253710848130979 0.337255370794151 0.291705521624249 0.814822685771167 0.99901849840918
0.214689118096935 0.570860242736969 0.793890769386586 0.57264613898522 0.071584762536929 0.634909079707838 0.150837897911226 0.0950956096294196 0.715235094468444 0.560739367274615 0.0421776760086863 0.89404797938676 0.0897151022705178 0.0661069366593726 0.774303380500896 0.963765925141122 0.32072049652208 0.454904830290212 0.00681366554812364 0.128144778061789
0.135930273765308 0.547864635827038 0.299519610173417 0.687896890873257 0.659814225811833 0.204485207834089 0.198468425527933 0.291832191031653 0.439845026078568 0.455685554046682 0.123935547835836 0.855921800655763 0.275008101666768 0.0559609227287362 0.541857709555865 0.908288391166662 0.401838172244671 0.679221037095756 0.43104366024808 0.987445203945826
0.0295408363018658 0.51439922997123 0.0707268139610095 0.366437348270198 0.0201595418626898 0.238703836298579 0.0179164480027382 0.076146588976408 0.0397899212991372 0.0817059007995576 0.0416348602004464 0.962332826873567 0.0359805573168984 0.0368850623639049 0.168091192947581 0.601790009494315 0.641847161822254 0.210771681079148 0.000115554619196502 0.000287581886347814
0.277558621976035 0.745759074980715 0.502612205477583 0.882146412931785 0.818952280579669 0.338075122725954 0.179702880798169 0.830377665898122 0.102248681084359 0.888099182339221 0.760554532034273 0.987303399013316 0.398667506250931 0.23648408396693 0.705187522392567 0.998937747778891 0.811557215508258 0.693804698840295 0.119256854847733 0.00107995765731935
0.145801732209507 0.643431251784099 0.791654283706843 0.508972117687409 0.679473760543921 0.154328156958144 0.0178629832166799 0.266481752907611 0.62322155060905 0.124540557153651 0.267823916421825 0.97081949840967 0.0762262878547415 0.0698691043836887 0.656872468069839 0.986229963438148 0.741871477845704 0.619722588694507 0.076316859465461 0.0190851114886233
0.519921841078728 0.592691973677267 0.816522482822164 0.648748755075132 0.853015419819564 0.52354101835031 0.570828934275105 0.718588022326241 0.35622240509647 0.645139718805382 0.793187442844754 0.985590459805122 0.323403124976989 0.222959773051591 0.882517377600793 0.933318780689633 0.3656764919609 0.666630622224535 0.999511579857819 0.376000494030713
0.233088773870826 0.569871546937561 0.827208966250701 0.723395803335652 0.73524763737969 0.247800132527909 0.296393079687746 0.664343240513628 0.413827731158836 0.743103201742557 0.923400390495213 0.996412219714182 0.259976927510719 0.218304941223365 0.54316609299352 0.993859332956078 0.625276899922711 0.722170625874771 0.865600401565578 0.00684170275496913
0.305292616668731 0.471614409354279 0.643140476440401 0.757710877796624 0.447125210139555 0.534813112026103 0.362278879509369 0.278805439067975 0.960525240744583 0.300963479177251 0.143877901543363 0.998557002387786 0.133118435282696 0.210322204521646 0.647753781209671 0.99712708677716 0.39698930378149 0.314448787922681 0.603233967443749 0.930825195488166
0.392384565124871 0.524234540876081 0.696083619862051 0.579885971861333 0.743569451212602 0.588682595572225 0.236388330860883 0.95350621619271 0.493355956857142 0.934205555620244 0.667957961097861 0.864003875257372 0.616378095456981 0.340437925138567 0.95250795252711 0.933748442417089 0.570562886613056 0.709487219796265 0.991136243991412 0.984914787751914
0.227613842265124 0.504348928914586 0.659231929669972 0.581609454290415 0.916438244710179 0.2906438252315 0.385915725054796 0.926458042137902 0.989701500196283 0.892022653374593 0.935753941640036 0.680245681097583 0.460871039418883 0.181537690967216 0.475277976847805 0.999164963300904 0.608803693100173 0.668360483310686 0.0872374179856801 0.996077585595723
0.166222860194787 0.551155808341494 0.787176373833476 0.572223276198585 0.939021576777646 0.487650645382822 0.373925941893335 0.509663922585794 0.429410649600165 0.469057348372732 0.540890164846007 0.910491779794319 0.347329700754708 0.108648727704857 0.341395008362225 0.911888271511922 0.375499066245807 0.622959346137229 0.209516125247273 0.999117955304405
0.163733288191138 0.618161087629413 0.825782393182311 0.741629721920514 0.659792454459992 0.500317907590029 0.31697121245885 0.427131547174372 0.839535527597794 0.0993938666808788 0.0763046305711206 0.30256259851424 0.354444133616266 0.182469284517873 0.203031741589337 0.981753496777796 0.438218863692686 0.57815013436357 0.837114973009314 0.969903977548655
0.345186490997098 0.747630957178503 0.382709642127225 0.700308758038487 0.926986290914296 0.707404530393502 0.546812677315198 0.987319562438835 0.158958800222938 0.656908539108706 0.775532601064976 0.980093667366673 0.574040510120338 0.29214130839951 0.849859310089194 0.999092664481284 0.479832638790311 0.695239104244403 0.547460777801206 0.0406230686752038
0.0539094302510359 0.445584142224843 0.287485709074834 0.588080301996371 0.064734928043759 0.0610295303407057 0.0125799503483723 0.0210382972198037 0.098943129244912 0.173607976071821 0.0607966609252323 0.202140342202793 0.0350033303166498 0.0314778911153158 0.584758379074823 0.0962500613508665 0.544839109402959 0.348050582807926 0.000696403750514145 0.364003120340034
0.211892107160013 0.492881895409871 0.449291871546915 0.804284667880925 0.254166085382097 0.240164197037611 0.0742991670785492 0.217957772944152 0.155443899582285 0.634817651123696 0.546613043295172 0.853045024420581 0.192001780822329 0.0716352862332644 0.591286536264439 0.999674819936215 0.238142451363786 0.38664002012649 0.0234825227937549 0.0306870582320491
0.528266916592802 0.771113519665002 0.897835843590343 0.893077619473417 0.980983166474916 0.902250104262849 0.664025694116903 0.991051634977464 0.94030835626878 0.954863524551453 0.984159468003945 0.998601005864384 0.768012432241142 0.342303174430907 0.754397736473257 0.997698762505304 0.443350377254935 0.802486936906414 0.998627918128631 0.999981918974561
0.100290078326673 0.463509814349534 0.352050072708772 0.785216703953274 0.00544192813946542 0.34731791579616 0.0205242135021648 0.140252319372037 0.00856436040798606 0.0397132506865296 0.0122126029226959 0.106167860160947 0.101245931447518 0.0334511895131231 0.712744472382581 0.0877143494484412 0.286143315847185 0.264501758071936 0.00490247312986823 0.981641723923734
0.0925707149072049 0.556797829233988 0.68029842404976 0.686802982516672 0.483619845920942 0.0854127209333916 0.324127071974548 0.520189258566183 0.379316261044929 0.471962459744723 0.415418087024549 0.713337125395006 0.260582414803848 0.135841997503836 0.721030183627787 0.948535906795442 0.708030369410673 0.456346244204194 0.0188499717580087 0.00610673934226854
0.208916698462766 0.73176950044018 0.549161429298711 0.809562732144393 0.823574922520904 0.727025560243973 0.166968431475905 0.966926785218334 0.122025499051084 0.612531928406954 0.203429534771796 0.684667501668172 0.602831403151441 0.212572785097061 0.612673165139564 0.992232010432804 0.385870514628291 0.636000845777191 0.013019806899837 0.982766456020716
0.214684586876718 0.799576520210031 0.817652015421694 0.708987320985706 0.814066439696366 0.852829785630046 0.228562192087648 0.550554757988267 0.375195591974232 0.683328037862272 0.960095661431054 0.993539525855856 0.394679193423152 0.239483679162864 0.886224630562694 0.990942236356383 0.417908728912001 0.762642249454735 0.0626229830041428 0.997189063570403
0.415932620293897 0.62570817463143 0.639702122078197 0.668009770548175 0.996184831705012 0.599295669207736 0.0661241264859939 0.869921630652038 0.7434910927993 0.859159755489153 0.844428826299887 0.991681430119033 0.429342880220099 0.51930650509906 0.804410130320631 0.961530032698887 0.432291924347221 0.807604458190701 0.199246223308481 0.999993356896298
0.10213113809053 0.549070200744657 0.561343382152003 0.436307660943095 0.482868716715878 0.568684333249605 0.218555923245026 0.161281322138515 0.853614148544066 0.133208695265407 0.22346366555469 0.944372869708184 0.135682091653427 0.0970718328365217 0.528009568429635 0.961680732741272 0.312414223078034 0.511573739091961 0.241853251347134 0.594418671562117
0.249519892009907 0.636599908481187 0.458555992614729 0.604591604298216 0.568652522728294 0.059380935453867 0.332989336241744 0.0771042949855691 0.756989764258134 0.175650426159214 0.333016930854247 0.822736016595455 0.412229028882827 0.0991653694729508 0.73312453353538 0.969475409825214 0.672691306691532 0.625181756287074 0.978785838761948 0.213119104352763
0.595669044577134 0.787259938971686 0.688975553288329 0.637045235027205 0.865957345901063 0.663948409035016 0.6830118320018 0.868866714390745 0.524549064198526 0.78589951277485 0.991280004465896 0.998947119383092 0.684088743621876 0.200035844018856 0.939103070935222 0.9986243634933 0.484905404341946 0.701888456467425 0.00464188095942726 0.998660262559762
0.0793627703083614 0.485870316317203 0.163159873767867 0.742765075545487 0.990518504546441 0.402871572155389 0.1311150500637 0.07471602837136 0.161339750924761 0.262346845220226 0.00922671054989116 0.976654533537601 0.032459015832482 0.0344300467463915 0.676620780258831 0.918215633021293 0.489778009247671 0.338495646016637 0.044120863333822 0.807991480460918
0.0500582190182944 0.664917919365448 0.125746029818849 0.382419053714703 0.645766069784503 0.317928986654318 0.113686832332565 0.548796484861914 0.0697371922614635 0.107850811567096 0.0518203777091075 0.910953953163096 0.238368631704638 0.126089041823158 0.633772267200043 0.997805088029325 0.463180306270434 0.215249994281874 0.00347417326509358 0.010819818341284
0.177732215237843 0.618783464700129 0.767200819485965 0.700389302464837 0.543978467522111 0.325671050912828 0.349993718482482 0.918892228678141 0.61152905445833 0.829199007553401 0.494384201375595 0.983823641655454 0.251844673283935 0.217886683273177 0.839917037344953 0.989869768385307 0.420499723982298 0.618581874347916 0.47255566309026 0.990968069076958
0.0968033240777257 0.542546563176029 0.138109574308756 0.497722701514236 0.0586698336682005 0.0869379095588589 0.129032040485909 0.162386668390193 0.960959129640339 0.0811551932310469 0.0749504896468343 0.993988814818981 0.0848804083964875 0.0754653979252185 0.6614207754835 0.90309609972427 0.699503898942918 0.411901697042448 0.906117405208952 2.42489580536203e-06
0.285009680467899 0.719000970283684 0.234607316404134 0.721417884621884 0.899156719451092 0.198055589936659 0.774747003213404 0.941397421648404 0.974683182632671 0.949475544903678 0.897184970012637 0.99359394054475 0.807029699633169 0.355293358294948 0.959152745267816 0.989558085497027 0.864403501152443 0.861881702319706 0.40692795122783 0.995264805357131
0.134650430787461 0.470638138339127 0.552999947124418 0.622227677336099 0.0189326118232481 0.662387100165467 0.00874190698792791 0.0358733233825381 0.864036581105689 0.0293080551176742 0.02354229618645 0.195875023615842 0.0307620529264605 0.0139398073594359 0.470171136615284 0.390525661897083 0.131345842477343 0.390704944325818 0.000945358359872613 0.000828120169432331
0.654597176759018 0.672961521554404 0.85826254459978 0.731668756872406 0.940108383877808 0.334205722178112 0.240260068809504 0.999191492012224 0.778629365512542 0.992403084917332 0.992829444644841 0.999782122235683 0.671990273793832 0.608318942927676 0.954184667776898 0.990848236356548 0.61443558612835 0.748763405146956 0.913646665946001 0.790706640630033
0.16719247105098 0.624635011969209 0.637242949314858 0.714998874891962 0.812387375691527 0.664082965854301 0.264889384562176 0.852129907171845 0.861537552761027 0.612642819493312 0.655737760103715 0.990627233588112 0.0844685546557197 0.0663046568056157 0.821261401719944 0.965445191242234 0.358230735890346 0.282174760970261 0.224572925149389 0.834219911987808
0.244277054776302 0.619493623140501 0.146262208718713 0.787797095859448 0.628703572596863 0.772446831091064 0.324930810270073 0.911671750435874 0.834582056094676 0.594083689436907 0.725603400274122 0.783562568094862 0.378402175404363 0.146481330380837 0.682429968805817 0.738238028630924 0.268246454620679 0.447068689669819 0.999988429360545 0.393743336421979
0.220495729887413 0.653216733344201 0.502087686276433 0.67034304964262 0.780071982123673 0.53186340655121 0.165374662271765 0.858275933239803 0.979542243677553 0.462867063246621 0.932701557495897 0.903847397469865 0.233739591338141 0.132621609217976 0.883570298283051 0.697688728832861 0.464209591437917 0.618867947591427 0.00316927222752923 0.664921689154782
0.594667406463815 0.698949407321071 0.908684535014869 0.773646227059757 0.985031712203027 0.759223132305522 0.328953617268231 0.95002805814213 0.994799614827135 0.942407990884482 0.828694959127806 0.959808456919852 0.620498256463686 0.252593818713278 0.860720409247579 0.999452782696825 0.798373206718161 0.867288581239543 0.993636032280507 0.993640501599644
0.620491895016698 0.705671446790462 0.83544045343069 0.722633669622023 0.787220672783054 0.614596168444132 0.262779049847732 0.948452391728612 0.941808180877787 0.938695997281011 0.967523853749933 0.953412151010515 0.369680420476997 0.192468933709748 0.953751042446974 0.993681242983248 0.343710269458735 0.763151611813966 0.0222102367233285 0.0506085029747975
0.140767339338082 0.449004903533074 0.319039996304788 0.771881765495573 0.691291114957051 0.349500362887891 0.0473806126654198 0.668618385876553 0.280018468000342 0.915251694843753 0.911475918843112 0.777021121747149 0.27905822209313 0.206562907151234 0.754413506266787 0.99639075879502 0.497941362501584 0.48724915530279 0.351476521728927 0.999281498078811
0.312089394681947 0.612579395588711 0.447271976017769 0.616712469636475 0.412383871412449 0.636027222950055 0.0269670461210164 0.446871313135147 0.0938265661023937 0.770037666722756 0.277798978367253 0.986981045952735 0.192461648987844 0.0524420228549887 0.560242646653944 0.964091169335682 0.664157153454589 0.696971462781931 0.966580886219078 0.497824722421828
0.727150064764044 0.784749741697784 0.872704817652807 0.74341035850701 0.758937848117089 0.573029944202131 0.423612630001645 0.902875540651785 0.998060516121882 0.961701334937992 0.665372870194106 0.991510533467632 0.89531167905704 0.328167359732432 0.924261015506524 0.999496681642394 0.77957078701763 0.577829904575479 0.856986788873392 0.000214254201742353
0.0773032940119323 0.496081656584036 0.271189945645824 0.589143315533025 0.098324213880062 0.162104250079623 0.0615868740730823 0.315695325003991 0.078822889425295 0.0808474567920055 0.172457331303614 0.90582488678501 0.190263029400577 0.0435297063266168 0.16653976693188 0.911433082289798 0.381383359948574 0.616903507448924 0.00803714238331917 0.510074381055353
0.0451142894926299 0.425821472627102 0.342374357109174 0.37107005526382 0.0751676827525243 0.190323077246022 0.0425497863386902 0.00822475350104577 0.647137390513606 0.0289372594140601 0.0169049246564865 0.0676793319327106 0.0174675571637593 0.0246914445110618 0.24055651392909 0.988396896958395 0.300142920555843 0.175166111804198 2.28582902324881e-05 1.82471839256657e-06
0.00669873421936703 0.28034594253289 0.144168149741637 0.424176870637554 0.029642842059595 0.0414448366066664 0.0105007915998289 0.0353253531614252 0.0279722737897358 0.0102836818359652 0.00796649495138544 0.601938978932096 0.00468513314160592 0.0217477614170723 0.0287680837829887 0.00806182679444828 0.0868960044384954 0.110272939680119 0.000112307472985754 0.00583753393000161
0.101002253854333 0.599398714728287 0.790209139114442 0.648016720975954 0.362827968665733 0.845115445209682 0.0527829093691609 0.706577453760825 0.120137458697276 0.486539537507178 0.419340169684567 0.914700589606618 0.112056824678893 0.118738074593706 0.473988934464417 0.219568718326997 0.48851322766041 0.695074636102733 0.00533269084820339 0.951902121526099
0.00772326555914932 0.428279598283302 0.465964220162821 0.632195142031386 0.0603706025453384 0.290647264448429 0.0168805342213432 0.0656887273898074 0.0304338510112375 0.0749617968630662 0.0052718376652629 0.835769030314113 0.0244020216581199 0.0329413608141146 0.0812486712959552 0.504358410141219 0.403919410474758 0.195063169386717 0.0891946560805301 0.00379432772968892
0.169733842445366 0.51519942276798 0.795152257565307 0.61700060639486 0.818936776641452 0.350063833463639 0.119819857602844 0.0460691213736318 0.334001565975264 0.168181399729107 0.0446954441659262 0.963923516491854 0.346543372737273 0.148409530858287 0.647374762354514 0.920530513638439 0.600623553336248 0.610917831198605 0.378939819820189 0.370114720460171
0.238046560183311 0.591100577756709 0.454923241191654 0.690373532934453 0.815233651995234 0.509273514538937 0.263172883426724 0.676446833316022 0.930266998043218 0.767899302378944 0.28335605348739 0.178792499969681 0.111963870945173 0.116032544703934 0.736066465927178 0.886430375222255 0.528553405955223 0.326802557632875 0.00352915788957981 0.017716218270049
0.311993855005481 0.680946414752417 0.828474102765118 0.719174373944465 0.955227018723566 0.343293043577715 0.72056971392114 0.821337075744756 0.232887249634145 0.842533727318424 0.937274630417142 0.879316711920294 0.439686625745371 0.201317167091493 0.724407676860544 0.894292422265378 0.429399952319982 0.4201513405188 0.975420363673563 0.999715799483088
0.216672626026064 0.677302855787291 0.411110545281692 0.783558575055825 0.609314591349614 0.424645757070826 0.148051430740879 0.867966481280218 0.958000186466313 0.773503100249287 0.893415843247438 0.95396447845068 0.346843726033066 0.199074743367047 0.579601572689314 0.945884579955932 0.660249572542545 0.419477756770293 0.15452272988542 0.999776509072804
0.107421879911697 0.615213170857853 0.845582863948621 0.657757815574145 0.360415796124303 0.849871077326786 0.228583931501655 0.401260132204189 0.965729403780638 0.510524689223955 0.743285345646625 0.994505123287488 0.257321897675359 0.158271778525748 0.930782711876683 0.992242528538662 0.469577837548699 0.635577271898836 0.328984708675646 0.0409326809037216
0.0339146848854858 0.622469426139495 0.264526176827877 0.537651507836103 0.05554349295192 0.548133451213334 0.0399164937465397 0.041076981486037 0.0286592765848316 0.0719258120813983 0.0157414269021218 0.137365716708681 0.0630625193712351 0.0444891768519789 0.743618463704501 0.775301201345933 0.547198894878164 0.218853755467376 0.60633302611788 1e-06
0.536339955504004 0.823275694766041 0.944593989297959 0.568303332915735 0.996198262513564 0.124255113919153 0.457024163202638 0.99593378875925 0.988198561273138 0.994156144630723 0.99614042084602 0.961241926873494 0.944688183444928 0.646665931483815 0.936665585363891 0.999421642166799 0.805012772389716 0.722269381595931 0.987390029029219 0.00587984737642141
0.192773139437802 0.693406362976712 0.455621835878296 0.597852655988792 0.342256351195369 0.273777612008981 0.0478542660446978 0.362152240452929 0.35003909826092 0.419314520175092 0.593084642613702 0.26567398020673 0.104930264240397 0.0806059087449042 0.845873533988083 0.0953832630945836 0.256949802164342 0.345262883352845 0.850415302404141 1e-06
0.202892800290955 0.515897042482779 0.0973334000298565 0.537348497235791 0.424450472303725 0.199281082835713 0.273055209359821 0.867426210193037 0.468685605296961 0.330355597304507 0.4606033594908 0.978470007129191 0.534687182093378 0.211676354412259 0.322690060673243 0.997633960198528 0.587858089758567 0.421280166314348 0.994608862199707 0.999695889256002
0.0167337002685432 0.460645173890027 0.130375412460314 0.704930340891688 0.336660602646297 0.14898732284677 0.117923470773451 0.126135542481734 0.129361550032099 0.030080629857887 0.134981094699099 0.97024183152967 0.0505591250779241 0.0979464107502951 0.813196157678147 0.427847294560271 0.248499738098264 0.438519222112388 0.000163704444422265 0.997498492359198
0.0659544993818063 0.449901335837962 0.623428211680732 0.574460646626611 0.16262890119681 0.384910784504747 0.0372565194558448 0.626828683386443 0.376822508098179 0.0664302904583887 0.0224297454356461 0.959740681466143 0.0556024140655371 0.0499266527042883 0.0884297664536522 0.147724790972833 0.425603072467614 0.386864211569486 0.000983493087717662 0.99736087016335
0.00864319075876743 0.278022711096596 0.470183908883931 0.382408178614104 0.0139843966189823 0.464236530479181 0.062549706465909 0.00531284850070815 0.0664534594245387 0.0135046965429936 0.001524739195357 0.0959935589511546 0.0123489112376273 0.0136721855616437 0.129401488609379 0.011621514294908 0.155232095334776 0.173293669100622 0.000511835373335939 4.64857795983422e-06
0.0313527684040553 0.465229610196656 0.0735143505567134 0.450480106430087 0.907777603584488 0.345726594045126 0.0339956778879532 0.598158291218961 0.0162155725385375 0.117615059339305 0.444915240861066 0.559018180800118 0.0353082986946598 0.0637308897438172 0.323112000014084 0.164906889390088 0.467592674653583 0.411728211186349 0.00862713406159711 0.999105234573813
0.0187759700936611 0.51063459206455 0.122389573403879 0.682795464037447 0.0367363610123656 0.248456387938608 0.0190528655307985 0.0321495693636176 0.179353374541914 0.0708276548004629 0.000702321766730819 0.63386251159442 0.0195420228947149 0.0292744007796068 0.260625287898683 0.0686200910056218 0.0866859013702859 0.733578947641832 0.758833037803172 6.35002477384216e-06
0.214283713987567 0.685086376537266 0.927726087233244 0.551478064007772 0.887639774928026 0.46002516482392 0.335105635205624 0.772737692714965 0.914903838404985 0.855977892530978 0.39395921099846 0.876940369327423 0.274995394044893 0.0890874161129753 0.505518189880696 0.939773023774968 0.554144706522161 0.259318499979844 0.00348114226784808 0.992504790573937
0.184549743316128 0.47517045739828 0.324370479423687 0.586356674587541 0.371649685624164 0.295091056044515 0.224983489130238 0.27459551925395 0.742925271584615 0.567054912016324 0.416405974925096 0.989064923915508 0.251806820664189 0.13208812974808 0.724560983506062 0.942447826594704 0.444320632708569 0.466362145706353 0.0444765904885254 0.0221923717528506
0.0379901570736523 0.452243375431943 0.163864640303748 0.581753347183069 0.379193546029312 0.592146320736103 0.0178350936960931 0.0963787802850226 0.010472200585716 0.0880332368844387 0.0343678865978334 0.886106421114052 0.0802483343820556 0.0758664408487999 0.497572027571163 0.244568628696435 0.582567288684879 0.328646742401711 7.01014868292834e-06 0.279061435531321
0.060742934275604 0.55691463415455 0.0724527479917025 0.490534562597743 0.44959034789695 0.624993532599266 0.13974317941345 0.229298528828915 0.110618289997563 0.125454576832989 0.0679147981684455 0.890341236172282 0.14503753387502 0.101221011812277 0.157873004291535 0.846578333320494 0.31101971490235 0.712421583130737 8.06670345799646e-05 0.000294877852730376
0.327563230411193 0.61188707567045 0.767183727001251 0.692750070891055 0.49268086431525 0.630446205389733 0.560435666337061 0.850454659366739 0.923126127390743 0.625256829015574 0.360592627284899 0.990841872774729 0.500714235250482 0.17693980369452 0.705215534318039 0.999964043876182 0.736545200215418 0.672665485307338 0.976190226724955 0.993145571377484
0.679930231516266 0.788732781870024 0.946108391284546 0.53868615537906 0.990117385000771 0.533752015675598 0.776782824091869 0.998689782342073 0.764218906090705 0.97245239345096 0.969793778590366 0.995894416492357 0.918510193795305 0.513508993380986 0.967012683594777 0.950116871536187 0.589086076691746 0.84803148272616 0.998725174739414 0.999985140301125
0.440734339112817 0.636305570957061 0.79833012822565 0.667851835328352 0.900216124629126 0.656430156661216 0.602910888270715 0.99502294140298 0.0383355497260833 0.757382796693341 0.879941848810639 0.998224977737339 0.694259210602942 0.249790400207378 0.664958689515751 0.443438622154111 0.787515020992837 0.762474636987634 0.17585639925438 0.999430929060362
0.0930662652958207 0.450940118980995 0.399252112602446 0.65410442566135 0.0875002818972799 0.593398941526717 0.018181678487262 0.049847681546686 0.724555193636427 0.331425045050214 0.0847017425921254 0.951361992120562 0.252724993371676 0.0372947142675183 0.229054064318466 0.761655025384641 0.653010118500841 0.454926737996505 0.00472564120114874 0.000414259237054128
0.281251755405924 0.560648001576149 0.834141395592813 0.719884944907385 0.982169971087972 0.759928984732358 0.66923124873983 0.264765134697774 0.955331789293757 0.755733358626362 0.862612389945983 0.999531434951273 0.513099483889578 0.192445836700239 0.835704481586541 0.749344717163024 0.72273163083353 0.729007245573945 0.00462071993081606 0.000765777263812238
0.472554637957681 0.688843291749962 0.349107039385861 0.804807208805563 0.668391052831393 0.837879199323727 0.7204931181471 0.947193834128143 0.99342544573865 0.860534868059822 0.884816697759865 0.983877521762152 0.44567009127803 0.261691318907097 0.964305162318788 0.999733637180138 0.574064493268485 0.924350847352663 0.999278083595365 0.68236551918008
0.234598579658664 0.612019578618131 0.284234367954334 0.549655964922992 0.951624008072795 0.130171294918245 0.120521095299595 0.942342316580166 0.376748852762517 0.689791370687607 0.341490430038371 0.993745175582501 0.244103284287051 0.0742460558816408 0.582593902631308 0.935506579039014 0.70675002851203 0.807696407935081 0.115635929956272 0.322982900276415
0.270601787436864 0.734239067241803 0.887849264951967 0.629563449752059 0.771359479952765 0.211009118524687 0.155879290659944 0.244000473538831 0.633434916424213 0.892246122473032 0.908450450188166 0.852959853068471 0.158025026583 0.163685230657495 0.923080922647358 0.931874385308873 0.409536885236998 0.73451106896543 0.0384144792152434 1e-06
0.236922406661586 0.480156857966648 0.906724291456711 0.795030271490625 0.677285900559121 0.443962831562208 0.150966549841523 0.424249747351404 0.635821308314458 0.638970421998618 0.278480627202303 0.996567464361338 0.195274253982323 0.265979156618888 0.541390248491912 0.0551131746666083 0.444963318486389 0.202206708683008 0.0140145232801745 0.00305826305640477
0.0823985187590472 0.439816536533328 0.286300196854639 0.557996324241656 0.583315870476489 0.315598283550409 0.107922427379544 0.58120370975526 0.451863988291456 0.0765651418829033 0.194355244055881 0.939118101127721 0.0581707941902562 0.0400569578369102 0.526584500756909 0.852451310726974 0.37183081269887 0.4668275628479 0.928710925776196 0.000171869497684105
0.14789652060251 0.453863989599188 0.861874461106728 0.605296166686777 0.0778619036331534 0.0542885178388943 0.0439982932828151 0.0958256843254881 0.0419699376597909 0.112639891274341 0.422300912551329 0.984336505747255 0.140651970360266 0.0527056591250759 0.327201148878052 0.769643455858182 0.309532445685518 0.194244900859121 0.0181833599804847 0.000975716514779671
0.174051959650634 0.56812931361027 0.412866590824307 0.692754819838505 0.462403248044473 0.345522589434765 0.112514710153499 0.376004857562006 0.924728752292476 0.651077383949194 0.206617031281028 0.956751176327281 0.361809668574987 0.137640924056048 0.952438539048964 0.259415907376964 0.473938035417427 0.45402137312396 0.877642141100787 0.000149710354736405
0.634520878503431 0.702414861101528 0.883279258188883 0.860205037377015 0.976708273117093 0.814965373792487 0.19190531643162 0.887503259769237 0.955438026778577 0.910206929336819 0.720878473022867 0.971493014800801 0.493505258155683 0.479512809710307 0.884807730495895 0.860653837982442 0.577928786735061 0.222836540599587 0.0526169883725404 1.21269204663165e-05
0.201398578484934 0.588228879740004 0.628495223742405 0.515273451816623 0.92729232546116 0.21803142901794 0.206098389525322 0.449132730447084 0.0443536099632433 0.611529756662775 0.934383756384717 0.88127329198394 0.300835006764999 0.230943836133416 0.8830258952894 0.996581646692016 0.303823144524117 0.702447064015694 0.23162632819485 0.33773219539514
0.598941992866445 0.807885087663002 0.938590687192785 0.556341372742007 0.7573238926314 0.48593890122172 0.327363225524335 0.992326363254691 0.612277630426309 0.877471941398922 0.805049644125059 0.996940779146772 0.386183102637955 0.375898684305747 0.935272130643765 0.999947251560052 0.482722488304759 0.801122575675094 0.99914105534248 0.0106366591627832
0.0930200427469035 0.504533038277146 0.431880002983691 0.59840161726218 0.0217965674000251 0.369804127148687 0.0680695668006727 0.271126332708028 0.311283562445831 0.0584148819904263 0.0463504560098418 0.463211726914627 0.105172665053553 0.0668251796931175 0.529829476653636 0.549382252887673 0.426219944965781 0.14952848644127 0.0090459463771341 0.972095231970574
0.30989828566624 0.686013074570711 0.876290669402622 0.614385706109383 0.8546975210268 0.152171019274636 0.242328079061261 0.980097413269416 0.739420144880201 0.81011951534114 0.913273792184667 0.985554109276736 0.445436888924858 0.222058221792022 0.803852713917256 0.98775347407006 0.580631190996392 0.611127286588498 0.978479773411304 0.999999
0.13527564442022 0.626215680640004 0.217274265311787 0.817782965116893 0.055778476695233 0.301929874675907 0.0321328700015085 0.147457378874822 0.442169277033008 0.14696381569672 0.171925437571548 0.386165164235511 0.194428913648413 0.0982196575917846 0.450761090331961 0.970299675144772 0.781158894865787 0.653467682116413 0.0466018622798973 0.999987875321869
0.428358978082267 0.673368735034407 0.713237532707059 0.577839816772037 0.822782722787003 0.780500363636026 0.451513954289158 0.947363148423445 0.98507842523945 0.685564773390101 0.856569053428432 0.855659389702651 0.656403481214433 0.377665283950227 0.879275484298738 0.50398461441495 0.358649392561691 0.822554649492106 0.99391946793828 0.106178255092303
0.0604759940075904 0.49372676642194 0.65772993135496 0.356546261050526 0.244163881720662 0.143135026356686 0.118016381390038 0.406053107628573 0.313780802793092 0.173695307727372 0.0183387227421746 0.975560016696964 0.0500832396802428 0.123093904391951 0.751839935595084 0.795515407370682 0.527486220970258 0.464613522894717 0.00367152846527992 0.0167080645396484
0.562189171158055 0.757751679377562 0.771520533102688 0.689703048535713 0.89228485835064 0.66641811689912 0.816383936713354 0.887399291042857 0.998703860257491 0.962632766916393 0.976654231235139 0.992680878333944 0.78736504487891 0.393555337070314 0.889001011164747 0.848683692572887 0.743869156032876 0.769078203872993 0.76394729467933 0.783765957979919
0.671163089166066 0.689377097397232 0.252986325169198 0.849270506016902 0.906306846271916 0.600008411210246 0.184251878121701 0.933993089375198 0.579071325328787 0.733036099837459 0.989955655273619 0.994850384755802 0.697801889748462 0.391434871737701 0.8494984923373 0.998324910399569 0.455039733832978 0.681521227156205 0.0880343385996587 0.999977099314016
0.195073269970248 0.642678678516661 0.720943633631124 0.583111258804149 0.905830647403929 0.485414095302249 0.0143358547396165 0.707330003947589 0.428401445009339 0.565772673812581 0.737732213464346 0.910306630017039 0.285638804984526 0.200172416295367 0.756946101078976 0.906030006774819 0.694460530382769 0.721825782534302 0.0274771009561116 0.999851213262169
0.147713643914576 0.723407177535303 0.636055240866668 0.603981451258301 0.820157550164803 0.044543131164122 0.120125249988628 0.881206916778407 0.47721303376586 0.803133932868788 0.556931735951812 0.988599463073831 0.447988921137407 0.240107154928614 0.643662985082397 0.999772403378092 0.57786249378865 0.569147878079796 0.933621861307961 0.997018046028738
0.20336322725073 0.683691488105936 0.723032149537125 0.476641193635798 0.289117472373569 0.393172658830961 0.273323963327563 0.868565531260266 0.383780834858257 0.720461335749316 0.286500538556648 0.966813885636627 0.284985381355533 0.277182527534199 0.609346349276767 0.981005287691536 0.615854347546704 0.588914690007861 0.999609482435389 0.280380131715439
0.125156203089532 0.540567501304361 0.0554229592278894 0.730249152076179 0.495953367781824 0.341237030856957 0.0984669693200281 0.129425426754688 0.156534497632098 0.223485581605718 0.239832339617338 0.919009661173618 0.0446215688772265 0.0780670577436753 0.700787021062528 0.486550921922883 0.31618893952174 0.195119716327283 0.000974838359527803 0.374478121053228
0.0363717463465354 0.548448572559478 0.227490932910849 0.402305409542009 0.0744956453039834 0.241230687871686 0.0285927754034289 0.0161907384815167 0.0493482635743884 0.012881264351701 0.00170846047319893 0.539291738909195 0.0303974253123512 0.0434417152429511 0.401815396122992 0.881633591420483 0.392895022016993 0.31904333274926 0.0427773380169506 0.989548802141476
0.0748942854622403 0.627851864665641 0.512864292998641 0.467756214096724 0.395664369243062 0.344895512802089 0.179984817793241 0.503745412566852 0.02371636801697 0.0748639004583102 0.163254135975529 0.920066049536701 0.0533019341591428 0.109631372511367 0.590979055151945 0.828374249910592 0.515276332587182 0.60505600239841 2.4518968225268e-06 0.988295082226012
0.142823343429573 0.540113105021855 0.698743464740092 0.862016677686051 0.395335916613022 0.609478027679539 0.316373399162365 0.357298602464173 0.954202058669474 0.337736275368344 0.526191752470708 0.967676972607179 0.140482991797248 0.09455619574822 0.770076928805653 0.995496713767934 0.313977353457849 0.413147555503148 0.150249198466479 0.00943083661537985
0.00842886945389933 0.445484731114943 0.248830149754298 0.491856664626551 0.0609113216805911 0.475525676496456 0.0122362078856489 0.00900506876446771 0.352394332645902 0.00729038476017068 0.0069700639576351 0.0563057828728976 0.0117597107298133 0.0239951245376093 0.23278893904183 0.335671805513012 0.279793532143923 0.222016588122243 0.0007459791359334 3.8580936396272e-05
0.296833631658737 0.631503345441017 0.511213551191418 0.411855952613461 0.477893694493918 0.238636955805856 0.137590184229109 0.826883682075752 0.0909330850949088 0.573604810358118 0.453230085878876 0.973378008430176 0.253840280185684 0.165364399505563 0.389368453442067 0.829407717377844 0.433216478092923 0.572501427866059 0.43316826520432 0.985204204543876
0.158351021023012 0.650426606618566 0.0994686620815235 0.450081178215816 0.0350750315284933 0.280813416578977 0.087457935970781 0.856718042139406 0.79506951204279 0.671249762490257 0.238969450347109 0.293599165301719 0.283018603835792 0.0732011931478522 0.48782271273668 0.94055476080101 0.412609040148113 0.611910460949274 0.485974639949019 0.327271412265932
0.153155295077228 0.50428898585127 0.548624932950093 0.660298071269655 0.822378277819396 0.253285967274337 0.0261042062053022 0.623860695580027 0.043660824342301 0.171430363760994 0.556949100251351 0.897828283041493 0.252946470182547 0.159346768955119 0.880857197645262 0.405505373283552 0.457145368176296 0.481412416514821 0.261881220826331 0.000344791612122527
0.615694315074041 0.64740616395023 0.348298178647568 0.787089713897102 0.507243086983074 0.622743540900259 0.276928189513131 0.971893818469832 0.993385289489844 0.841571859247667 0.866134917358874 0.990478138232675 0.366954519607135 0.460354372847675 0.904833693973746 0.358203948411862 0.311198638227947 0.746912197899411 0.56964477341324 0.999716158210353
0.578580282910797 0.742906383569823 0.93985547165756 0.482489087944078 0.999519220322938 0.380789204647932 0.426125555355557 0.783115734191903 0.98828927450074 0.954194861869802 0.980433377360863 0.996106753069614 0.540994967809639 0.556832826957633 0.919475230609036 0.999960380070416 0.91161844784103 0.61552253226891 0.932659891568303 0.99848811577009
0.166986524028612 0.546320751464078 0.69542550949793 0.648393569734136 0.834694512612193 0.159693694898967 0.336095413017343 0.965706426859866 0.558465853801668 0.688583725810562 0.214628962909603 0.993032078615725 0.826581652535284 0.213021234556407 0.876047724641488 0.999266980881094 0.554631499504694 0.691652311657979 0.0652257858840682 0.988030046949458
0.443885412979464 0.548283159617019 0.288905628207533 0.483124752702462 0.466179667183055 0.335947806778221 0.0273688093064203 0.913146065307286 0.879110951400177 0.56037574312543 0.448210161419367 0.943298770110618 0.364421013965026 0.07916793852649 0.750152042079104 0.488427133810129 0.392038616478241 0.53574006994291 0.197740931933575 0.0394966121502974
0.199299502642126 0.532940394633031 0.533069056456019 0.70084634577169 0.661910253094048 0.685359738220193 0.341809837682208 0.0392081282783415 0.611663590895272 0.359701339813315 0.0950356936189773 0.991235546102183 0.204389713110192 0.106946955887844 0.623823622502391 0.826972600460273 0.603431149631336 0.325119655205659 0.886330912650265 0.967891545845481
0.102408107431965 0.559826566498147 0.542754629338527 0.782496072181879 0.904868014650636 0.40122899784168 0.194350616960893 0.42564134317396 0.0175679409908762 0.59913926237327 0.111936747965335 0.986882289583359 0.131697360807335 0.157723961077584 0.710128398724455 0.746799288813255 0.612036838814798 0.746888265358287 0.489851195112708 0.855536224232804
0.0908459207565646 0.643908579097695 0.19582589370102 0.510665080036614 0.987893493815995 0.536936063358926 0.0236965568273786 0.372119402145146 0.635062838655756 0.270011946872843 0.154966103275181 0.54927725534508 0.169028309434242 0.139848743474763 0.158272891685859 0.98365535574814 0.44628660496558 0.432332124940462 0.0106681754913852 0.043542345202799
0.354782297724445 0.623952506006242 0.35404434421417 0.617299607772819 0.276320020786228 0.746512656576936 0.16366474473628 0.861435874239384 0.842932422979772 0.553299572617563 0.653835335251738 0.876387659572567 0.498702414206504 0.157425900030127 0.566234959016553 0.985240498948731 0.54620339157904 0.615506063040861 0.999009062622451 0.999895704718169
0.209542935402346 0.640196386915652 0.701772030671907 0.755267679387448 0.942311890651433 0.635115977163355 0.0410069924082946 0.653503800929869 0.951615238833761 0.70438116365111 0.750190761786849 0.963010320323777 0.538972130666617 0.191915913506468 0.916184186145491 0.993217550695187 0.520421845679166 0.757928446125591 0.855001676386972 0.475357568408177
0.0929870659694544 0.504935874967461 0.363370187787939 0.841035242272735 0.138327343874265 0.122684806131289 0.147218530425941 0.39911604165781 0.435760368540792 0.682386926011223 0.408843796946682 0.739792697729997 0.226573172136247 0.190670267524528 0.415062014177994 0.968728699517906 0.511481935266765 0.324193764578933 3.73031397941241e-05 0.999699587265841
0.145986021504373 0.647459230030262 0.528930873938361 0.767501421412665 0.483411704654081 0.0802900015485024 0.104728575642862 0.88266978322235 0.997891377915051 0.259181240947852 0.855167051481831 0.973280460980326 0.136690147511531 0.115644473297401 0.595888843216104 0.99020805546314 0.618281617148739 0.665923332815457 0.00435367626105707 0.779250630491552
0.0236399561998029 0.561014017266756 0.154722141179288 0.486230065557833 0.603879378695831 0.369722411595853 0.0463144504009985 0.0350838317956667 0.00411973821661615 0.0749111880594927 0.0824144454664177 0.340664603549196 0.0129303088223537 0.0661810804725089 0.250679066514179 0.0925603217161767 0.303502560346615 0.315457682181933 0.00262344895335651 0.0478207953437801
0.566274226151839 0.702184237637506 0.558786281621372 0.620678797460964 0.993782998231647 0.138266750754368 0.148663662446666 0.889657699845086 0.996096931373068 0.405551746684506 0.453294365046465 0.998547372462178 0.408985644465794 0.292140993389637 0.715515313795079 0.999676924731671 0.431556192559199 0.666981051532445 0.996206348133065 0.999723392618029
0.826925185293398 0.851151370780992 0.984592943583634 0.785458908034225 0.984672640192987 0.170789158933074 0.704646603839265 0.97334408585276 0.9980787187542 0.982258018654407 0.91379474086934 0.996969147218724 0.79585393208098 0.453979235188298 0.926432064699405 0.114769482535005 0.898325824825382 0.780083108238246 0.983688463334173 0.0324053978623523
0.309418557948522 0.622763088319789 0.717365393123995 0.824640063506689 0.747602399577248 0.39083105565966 0.29779320010769 0.323133488124121 0.582943127494883 0.442305251089388 0.711905652225285 0.964991325123411 0.231077388926374 0.241585838524987 0.863326500108763 0.997513537072031 0.297911637688918 0.666705681467798 0.00957054504270257 0.972482453039147
0.620256532001586 0.803473057702624 0.86691894901888 0.862152542085644 0.906402148765851 0.50037624188021 0.474303211489808 0.720759847125026 0.621325034146437 0.968764552933154 0.973469293443172 0.998858300964278 0.784957931092875 0.413796640017537 0.853034057521509 0.918453277117367 0.77721301308936 0.806932944528127 0.930641318706172 0.12563914086659
0.0556062134334935 0.376044436044958 0.565048071981857 0.69045085944789 0.356037851335701 0.0614409442772866 0.0320348021377907 0.235024017132219 0.707354988604194 0.0656686392487253 0.0067391462731474 0.659848245894689 0.0242606729279492 0.0397951531073674 0.218837109912499 0.799854607906877 0.365357701289416 0.464821172163596 0.00155171471170441 0.999833507538888
0.0382124755458281 0.539629688046858 0.37565489603379 0.596210698668652 0.094708874212497 0.198401344753852 0.0298955398888688 0.0370707474464347 0.100848268394327 0.141317892174727 0.0163212147145093 0.934963236271549 0.0729555102538036 0.0811895626907081 0.877553941545132 0.970482467928286 0.540061206165071 0.635199337421228 0.108339204128062 0.021525075514695
0.105441505519372 0.49355025329255 0.0769012389592453 0.553827947590893 0.0940347097369973 0.0874811355156207 0.0194079472629175 0.183266494616628 0.543156063435941 0.132820452176065 0.319031282850044 0.244442357042628 0.0581872898802856 0.0762051636709755 0.650024916086808 0.118353891588341 0.201831601381377 0.360654309457729 0.0167263369961786 0.40030577407711
0.702220645554894 0.722061360922405 0.978716307297782 0.68592535468103 0.99856293328212 0.776373029289721 0.686484073878846 0.969562877184465 0.99993805638151 0.99338169446399 0.999532206435665 0.992911396065933 0.896109344647241 0.587234326853755 0.990840778574499 0.998824842555314 0.327121493733065 0.850224288701497 0.844189919804077 0.999979806706703
0.526677725538163 0.718002561628214 0.381067369446467 0.684036970413564 0.37194867599876 0.868932886328786 0.56209350633842 0.862685395642365 0.63331237751086 0.72166605999689 0.880588070895274 0.998149251460863 0.520438745945107 0.235453851983663 0.761351763237346 0.976516441384705 0.485445224077163 0.456596681864154 0.0146795159250288 0.999919173961619
0.0138804878184726 0.31829720557896 0.200858517874588 0.368472466560993 0.00866718031844456 0.504099558919375 0.0174874064947588 0.000657322737980198 0.00987026067259104 0.0159528292412764 0.0423318749659099 0.313789383489805 0.0255396288614923 0.0291182762791091 0.0329133294383553 0.101706050200586 0.270232694921048 0.295119057893234 0.00031879418617685 0.915631277730302
0.654645442642894 0.744158350995265 0.473658148870255 0.675011848714243 0.996569379095677 0.923174491043505 0.395966893580594 0.934061185776834 0.810437683493776 0.697321868429726 0.884315685414153 0.989635416668675 0.706281871139084 0.325969525245447 0.834440523891814 0.998974412831129 0.374274901072536 0.74950829611953 0.999528617769049 0.999697958246615
0.604151824912101 0.662813168260127 0.945491337669998 0.749574250900794 0.980273369613688 0.216587985054935 0.205098530404716 0.996192354208961 0.993352155358768 0.908433722421452 0.838075792843091 0.993826988695171 0.50356292472879 0.257392467128419 0.886533006432147 0.948677592185692 0.503470316573527 0.749317659182706 0.992258052137861 0.999999
0.0879794883287866 0.494909109923918 0.730814356831785 0.596080711980978 0.411198188892861 0.178905058211145 0.306893896258836 0.717552482227108 0.138961034405254 0.186993652618644 0.183535917645126 0.97794147968385 0.146852194503294 0.0767772913522208 0.866088359342482 0.937133397000265 0.371805877599715 0.502071916011523 0.671767932082147 0.00151653599208576
0.301236369787483 0.579301856462679 0.619470977886003 0.78498775931494 0.347732102925148 0.906512063915741 0.119713995008646 0.736411000243318 0.959322587727834 0.526687899891362 0.58074467682902 0.962075604730326 0.311487353656726 0.19113230934874 0.506463168396897 0.983073319825567 0.544440102624759 0.587935646867998 0.000260120325323406 0.967894076855304
0.0964324383866699 0.462127067054886 0.335616046819787 0.608932003924729 0.660311959843155 0.67661680595125 0.0686249419921343 0.582673455811996 0.753712380790004 0.153408904786833 0.463019556687444 0.971167679401988 0.327609908818606 0.169710918554234 0.395820823096767 0.998215477175093 0.666921538846889 0.541265157117205 0.000477783924699201 0.000319784515889193
0.447265537563115 0.687882409765874 0.339183465913744 0.715863419310562 0.965512792666989 0.472879823863964 0.239672157307951 0.945806939081493 0.991258712488346 0.761701898037792 0.603601314977912 0.99505320934577 0.524698583887714 0.138490430660969 0.732470575421439 0.995817715834972 0.454795113906703 0.711728775185584 0.00138372285102577 0.997758059843561
0.0324076711399794 0.432769094175036 0.331386482501551 0.419647055992292 0.00464663259484852 0.182992501720742 0.00428155742570565 0.0058164164720527 0.0493972687267041 0.0119933720087109 0.000973810628510798 0.136330566030159 0.0229332356333889 0.0324188116178243 0.205247812559664 0.271214643257639 0.25424629240858 0.43168286736368 0.00949666552142019 0.00112621554459915
0.289296485977351 0.648182975130087 0.881613133345807 0.800674732654786 0.749522092896469 0.88147489865738 0.745336066594165 0.716307418916838 0.725500539670487 0.517811009837311 0.60811676409184 0.991950872821714 0.393395355574237 0.175085316561632 0.772228026964688 0.966906189857896 0.274682228125173 0.802755443279416 0.772057846211601 0.00929030786706526
0.574925234368315 0.771700982500221 0.798537817791713 0.44389233183724 0.999212235028088 0.684859640544684 0.86610105277935 0.984964115719183 0.964972935207474 0.982991166644119 0.991612848153799 0.999693665923439 0.614474670625748 0.681905921099953 0.979544691793681 0.994435557781815 0.710196374539916 0.72614936948329 0.970643111184812 0.999973419802847
0.145091915432265 0.574671723059488 0.351447052706997 0.704889247368228 0.489118204739367 0.493854412745783 0.0673507425052631 0.00600062329695769 0.529777863429985 0.139057129419132 0.159810981367348 0.614557201800972 0.178341328183164 0.073201865138113 0.584485766983763 0.914639814696513 0.403612776797188 0.539406860627375 0.0302236198784838 0.413354039064319
0.103950853116344 0.596015794740041 0.29422395664538 0.728065861904007 0.560148202788276 0.246931697320742 0.039337733185492 0.86932024391707 0.0192367152159576 0.402905110353266 0.318422852896079 0.993831851258242 0.271391071726574 0.110138694329922 0.885619742691081 0.619296363864337 0.157859244541666 0.571244887306066 0.00235812521889557 0.991693340960638
0.438631342909145 0.643912629457267 0.521593222770382 0.647086795271588 0.344361972134592 0.51889237236019 0.0853450785110269 0.156315490516556 0.235108830117929 0.620419135326424 0.827400381977429 0.770319221162453 0.523976191821961 0.183173378204662 0.865349137663532 0.853858558150072 0.448336206521315 0.372496189485333 0.0182325442045375 0.652141679144571
0.0676603548417082 0.43248906375599 0.172661140924075 0.559381732974232 0.0315612993352466 0.457023017618778 0.0360174573381363 0.00779208272298655 0.36094195715593 0.0411746490382566 0.00591074968609449 0.927742161065674 0.0391691847314123 0.0255260398169453 0.197612807505802 0.430362067100208 0.338653903926301 0.179695500927417 0.000100347755484147 0.00438943596272239
0.099522815228823 0.481894579365495 0.525828508383226 0.664033571741995 0.440102843162843 0.641771413807648 0.046816580936739 0.55739503302207 0.531438371496183 0.229022246732077 0.308318113547856 0.595144500990679 0.139617648790899 0.159928250839282 0.292664497621505 0.355715664570121 0.447645961005538 0.376290712298065 0.675627766597488 0.90291122736872
0.0690917903452398 0.609387986735831 0.666224486231885 0.558196891513148 0.78050144935862 0.786149045551232 0.0471577687047997 0.0827161723278696 0.709509039953865 0.153781653114485 0.0171924292514673 0.77613248247898 0.118527371138004 0.100956919092201 0.0900095928005956 0.0186482282960978 0.336624190212706 0.357599970079598 0.031977337455034 0.000195685953766508
0.449761001824985 0.759924932672948 0.468106284965545 0.84311213673051 0.208393798833866 0.703938124215882 0.323975503770438 0.852815750487561 0.589099230896255 0.487270274283874 0.104653815696236 0.809797396805827 0.234568963387345 0.18924539653215 0.814697754210101 0.915041975036216 0.364240106852331 0.581661109566438 0.668614001978125 0.877202030669554
0.160609266030474 0.612755520609289 0.833728375593396 0.567473660144235 0.544309233281985 0.683748635739976 0.187157606460543 0.792936249331843 0.591743532799151 0.797248200013911 0.350390956794329 0.962947701197975 0.272296619404887 0.462045134881198 0.656123461523264 0.996395437124694 0.600486076123559 0.56307538494737 0.59295826480115 0.998912716978233
0.0479912448835006 0.62363779314862 0.344255009864009 0.749732337597282 0.46321696287266 0.248724533021092 0.0823997941342789 0.0126146780843869 0.182628673299698 0.0970889603366915 0.0457581261462068 0.777894750276259 0.0630620398651416 0.0275520686370412 0.732006861842332 0.531266079741644 0.611522163290616 0.362344881066936 0.000156445094876097 0.0925523218997379
0.503660041070609 0.76546562319977 0.844706790943612 0.776456677458442 0.865728591045803 0.416745282141418 0.537039796672556 0.96278561256407 0.996539049614147 0.952993910367355 0.911475130213284 0.988498849534639 0.609742175651791 0.336344077931315 0.751670848564969 0.991606068003119 0.697636179103451 0.71840898807882 0.985352145764318 0.995588451939199
0.117050056823186 0.499846184937157 0.179207247948154 0.651288892998547 0.234967151503739 0.190830275034512 0.0481070850212084 0.747677536776994 0.415171742924664 0.164980128750217 0.159725442190533 0.178748639033399 0.209966688221054 0.0865150373444702 0.471792999322429 0.925599652115407 0.439412250399208 0.179481694660475 0.00936937112219653 0.992226614423042
0.427268806194948 0.698878501452032 0.695294334343033 0.69831311425472 0.721944217710848 0.306233032258883 0.137168228868462 0.859885055610411 0.998553667125411 0.930017667943167 0.3912903331277 0.988248164610545 0.545061434254193 0.103954884171326 0.751424050142695 0.740217437948891 0.454479129501095 0.690847543694525 0.324613902960485 0.999950594542558
0.140545801755778 0.556905827077153 0.516949487505531 0.655909960238599 0.180239023587029 0.814027473175261 0.0556233385184058 0.766713099073507 0.00711283239243202 0.212905641257999 0.538780301106048 0.997358943772983 0.181165624871137 0.0964035309993966 0.579947669519937 0.979672667682953 0.523122524457044 0.54042769095569 0.338195300964209 0.652990433427396
0.154626112928731 0.59047671041861 0.20991955390168 0.683818102989428 0.884242760748326 0.745937909540766 0.212324808660857 0.775801463291026 0.540884750938516 0.518427386733442 0.479571538791393 0.941651341510163 0.247223205958535 0.0498217647802268 0.539896192467479 0.984556683782352 0.396613526455888 0.571790684294849 0.685678709348332 3.4774150889912e-06
0.390311592989064 0.715769366383861 0.521451933410405 0.637442018801844 0.865924521952549 0.532033685538448 0.649823017553703 0.840585309151954 0.977436475761983 0.562900609684199 0.700534470984704 0.991451750194733 0.21624147928176 0.20002682239511 0.368805580956957 0.821039799778698 0.692686864884286 0.688399247909194 0.848834924153963 0.999601755789657
0.594307291130839 0.791409884960828 0.975162421845 0.658320200347807 0.968863758187636 0.535157740920404 0.337819752132837 0.99053466328903 0.84417125554665 0.854520755546145 0.84123752452631 0.981791540409196 0.636534074358435 0.534300839456534 0.985565081204723 0.997621413448421 0.589679292662673 0.621927760834544 0.980976272586728 0.999993979012556
0.720449339101809 0.773972630226659 0.551008270844296 0.740516801273312 0.997840911046826 0.700261408601371 0.641010992775682 0.916987304549102 0.996765701091329 0.901817676449596 0.931069280693454 0.999761057791703 0.591121467583458 0.380066481015577 0.92024153199847 0.999998239016753 0.458854291992977 0.864227044088769 0.0116918955792543 0.829413374060413
0.142297569037001 0.612239548426276 0.317055210944588 0.799137408300371 0.0818665079581425 0.445678895382817 0.516123249902139 0.910345746572096 0.154156329054517 0.423547235413442 0.235932003891076 0.89974312300357 0.207563636642055 0.0759619770528732 0.449753837921143 0.906046199211094 0.554753569813022 0.3916178208559 0.208447428407226 0.239429126000202
0.147608359845245 0.686960520749648 0.484533143583385 0.501694914030873 0.242502257756761 0.278570937062301 0.0699664061522661 0.280693234517626 0.417153728741306 0.259538056809039 0.228572338273544 0.48234276188602 0.215975155547267 0.0500689311550544 0.451921636299836 0.977544089163409 0.405467477609928 0.535899509590479 0.138521903279523 0.0927881730572488
0.277173924008141 0.668143236603558 0.645671247504023 0.723887696461933 0.904837018900115 0.499601209524632 0.552681248753505 0.947094579757033 0.46175806507552 0.746977453658861 0.941248497775727 0.99913947915293 0.449864005773467 0.298197073289908 0.337075907724059 0.999721707778253 0.370393556018511 0.685465022070916 0.597330840558193 0.000335920212257394
0.495060118078721 0.750040981492574 0.858427596040307 0.5228947156242 0.925915947704811 0.284206356887329 0.10456791660569 0.954595662397532 0.987317850232797 0.774033492991913 0.968514392518059 0.996955176924254 0.75797971324585 0.329393050772619 0.850053039592831 0.977576272518082 0.572629996176126 0.564755564013601 0.999581357137962 0.018487249877312
0.14758038593228 0.568048688361807 0.387039408414104 0.405736386020482 0.743816143039032 0.768396257430891 0.158160814698073 0.0775005710472035 0.850450353375795 0.0669619243710267 0.348862233349628 0.936527213217282 0.184870008636688 0.113670833631343 0.714827503087417 0.875667628980144 0.47231970407016 0.399909526467246 0.228321655854694 0.192173506421083
0.0727946818739386 0.539036362722771 0.181197342638878 0.618829660301315 0.169200792698121 0.178522377882849 0.0962590948462814 0.286494403550564 0.111593328432515 0.0856272637177825 0.173019452540484 0.994441263062102 0.143672188077322 0.117965379250907 0.66159830285755 0.367998116551981 0.340795785773596 0.711714494331531 0.030165364708134 0.065768330187764
0.400050379899382 0.704848974265299 0.456759544367862 0.590398826088619 0.810167090918852 0.73411476521128 0.0573749808059526 0.63029345233685 0.982656771190575 0.833271839571109 0.517231550069745 0.972097932230224 0.285322895561281 0.297071811360934 0.767872242239287 0.868629198675506 0.459818437922067 0.626731000915259 0.330302533728789 0.952364704621077
0.0495204135089716 0.335164120348236 0.175845291729819 0.439507895052808 0.520109858337067 0.142690953307627 0.216025287192913 0.609862566835371 0.0646387830343528 0.0200450807844512 0.00372668735646542 0.350439276648642 0.0732856224902736 0.0375216944422152 0.129683063620612 0.288411872138862 0.446363414469326 0.402476486490316 0.988211929820411 0.859151673846119
0.0828700702551882 0.451311652128345 0.193504078914126 0.452533449062858 0.316540213358863 0.296539206941178 0.0551787100901598 0.0920323176631608 0.481240260910337 0.0349346187448894 0.391256694399116 0.918161249533744 0.0846434755097453 0.0562884071934629 0.845306391306574 0.987517342459642 0.717275579146471 0.565660229565421 0.000915838087378032 0.907338710457018
0.0361768413681376 0.551406062610152 0.387385144456004 0.47668008627035 0.0423821995701969 0.123593809359968 0.094581095339788 0.0559427812013449 0.977035929328388 0.103093690452704 0.0894515945843372 0.966180347058904 0.0708601829320774 0.0647546240265269 0.159336192605724 0.984749339707693 0.396148950214144 0.561965934662049 0.00019780074356611 0.00697214081257886
0.0334284292651402 0.517352952579391 0.471292808723895 0.614767853337569 0.147621379782628 0.319153155572883 0.144743035108682 0.00236246632059802 0.831185460095487 0.0372248100008741 0.0649823932597709 0.696584104540685 0.0244223626178389 0.0217701309262607 0.625114055360235 0.490779167480345 0.510189417144349 0.489770640127595 0.00204495466693602 0.996727014620339
0.0670550304850931 0.567003882781522 0.287496416698876 0.701058195047369 0.581779098178788 0.17490147533408 0.386420057930021 0.789745429199195 0.131164409001571 0.16759895105677 0.264282695524533 0.99514421139703 0.0806415848021386 0.0588077421388076 0.411550273049873 0.148771571740578 0.265494718281034 0.514740130263604 0.00700186073865301 0.297436885850204
0.0222347667551295 0.507779064037661 0.659214510893773 0.46489896950298 0.199571485999256 0.198847258006631 0.0141930477512357 0.0022557309351595 0.0173985182638359 0.074099345987453 0.156516642501055 0.320691543072286 0.110788756114199 0.0292888549851745 0.258861289633469 0.220915840845233 0.415992409854089 0.395062985487418 0.00646814652209496 0.0570446944565892
0.0661088317947143 0.541316281627655 0.171216609362034 0.609092243699933 0.116716626459986 0.0929232242349647 0.0408428479919867 0.607702412347195 0.115163309151336 0.0829562407156026 0.103278563587542 0.564189170892695 0.0897221205770103 0.0478933073689404 0.160400507713141 0.836875721398819 0.309058952290886 0.32339818142047 0.00924524879711272 0.00260512810272961
0.253807006021248 0.605206835088023 0.593249718820474 0.319391283699206 0.781796927306031 0.67219982951213 0.326667758746617 0.789795058499291 0.955024392853411 0.728172408565244 0.931122671738602 0.996649410374398 0.406796216097755 0.0994154962368377 0.904230016050241 0.987071661542129 0.621495812894416 0.605903707585046 0.00499191376848749 0.995040044396407
0.241509677276928 0.697907580144691 0.349608986510089 0.839074578988305 0.953852876707447 0.464273969232281 0.109784211000529 0.289811526614239 0.811509745473162 0.571644015056635 0.35369843679227 0.921520392034315 0.265621281421934 0.0706385622612533 0.4201786383438 0.921535153148531 0.661016842693818 0.625681706796155 0.00984362883496669 0.036018805166828
0.0654992909897657 0.448757782804419 0.354192905606584 0.506671763138393 0.0171633266501827 0.156724273466614 0.0157816507310119 0.37055779593713 0.0149441649894756 0.153164534443226 0.171304141365755 0.81078920766351 0.030912821874566 0.0408630486421645 0.123571577513997 0.453849409877629 0.263437729378563 0.459772229806556 0.0875062674904055 0.00291922066046287
0.129414057088571 0.467984154974605 0.244162726579007 0.491153869569625 0.0895465762852452 0.529787251234719 0.0643144947148231 0.0126191924350213 0.0613274440656816 0.153522482945483 0.0213194211981826 0.725156667097287 0.173149753791708 0.0825416091382109 0.240637312302656 0.894579883249749 0.53885370112844 0.549209733575094 0.0247114151285227 1.43171119189548e-05
0.464429185434857 0.67203646836181 0.708933218376932 0.833825969435531 0.546452485928561 0.74232834403521 0.0956095489401967 0.862432490718932 0.900105323921108 0.768030036859469 0.800029550909762 0.994581819922784 0.563926915351641 0.292977293327795 0.729763361456301 0.989965922594898 0.751017849286587 0.805797345528014 0.999242669411813 0.424298363101402
0.210053912465618 0.452552324862494 0.666017839873383 0.552155913955779 0.256061351286167 0.509399802110286 0.0765687856151308 0.848025861536647 0.0272530419965428 0.275028825865117 0.111428925828656 0.987958963659802 0.0988205179439147 0.095660820316193 0.472623856089768 0.700654054676708 0.559296366282233 0.561584686610332 5.05732642226918e-05 0.428928229475391
0.117285376958266 0.471261010431343 0.481144747612937 0.703739697819739 0.422778360258704 0.642972915818457 0.0905154130460931 0.311981591025774 0.413364236797477 0.422274926481022 0.435211845610999 0.814579171360564 0.0303029966908082 0.0958617751466089 0.49441800158176 0.737574647722992 0.363343642986443 0.466877168153502 0.894113804517756 0.265786049005888
0.0726362214671267 0.463212274411734 0.562283315385691 0.576964102671403 0.965091264023212 0.445282191087457 0.0592075767346649 0.97501817273312 0.988353434417174 0.46129890493123 0.143763650413991 0.836977407321099 0.227262056888612 0.0575188921864689 0.42311493694863 0.815683827531071 0.335285894841921 0.390298418860967 0.388383105243708 0.599067254158116
0.124026851524646 0.554636308699591 0.613185377632664 0.723733643857825 0.567418232660302 0.202545932603257 0.0964507212233176 0.401592611134329 0.0796970459017196 0.503022356448976 0.15781974358673 0.807405473210573 0.1578569650487 0.106874999486027 0.589711529431262 0.987982563509055 0.192033473836607 0.509649593016722 0.000201623079271616 0.199109334204813
0.625771438111667 0.660073113368189 0.505488860779843 0.595897273695829 0.93793228312755 0.660435652888765 0.263343781301694 0.904486984949604 0.933032180373388 0.851302441067316 0.930518075405253 0.99502667980302 0.631433127712358 0.343017209383553 0.850338551823588 0.988600007610392 0.819319867545796 0.6891337296547 0.994116011383714 0.0489252081309141
