0.309214077514569 0.647465963878226 0.226149548939505 0.554351221452509 0.652623344762383 0.445549711828047 0.0511550517968258 0.162925197043317 0.742293412256177 0.669666380718588 0.594888442185471 0.677756734606333 0.256172466838694 0.20766708311847 0.660757894599299 0.580919871378114 0.384412021641677 0.150735617668247 0.00036676174034354 0.999438098587692
0.471908135834651 0.816541499615978 0.694785158742065 0.899750666156556 0.97528218706994 0.498198420636886 0.263447857353443 0.911212708469473 0.897662249279215 0.835183663390852 0.948751234094333 0.991497038145092 0.682285668083562 0.368570805053184 0.829676285690545 0.975495002699134 0.652233157243913 0.643373586550223 0.752869296678107 0.999993251686024
0.065739135536784 0.628592413872462 0.604649345639076 0.779046197634162 0.236233032287518 0.439352433280413 0.0223676142761869 0.101947958242169 0.848020939245543 0.108899843847149 0.22690618935538 0.932795056689287 0.0770725042001274 0.09002323301161 0.0810633536961191 0.204547267066805 0.616076381836348 0.683408776266969 0.834686134064537 0.986948323457293
0.338826546218516 0.666306501741369 0.366870314806835 0.728522371043304 0.895780962780304 0.469942793648302 0.344089886228087 0.827025761572623 0.165769580211197 0.527265390065737 0.748163358458354 0.911776615398963 0.491906360580193 0.175549514748463 0.960185105843777 0.977806601322035 0.470113840573828 0.42307640773466 0.0128852977221043 0.00364165976511879
0.0466833079905848 0.36596307941479 0.0554074941856942 0.2485345906091 0.0737725853587374 0.471720404193221 0.148075561979301 0.0107428490294227 0.697687962855022 0.0223993210499725 0.0123071757905333 0.346065541763646 0.0654490318802126 0.0124056931550043 0.739965904419063 0.299022934687718 0.283886021687596 0.232775486136195 0.728257731599256 5.19942112578849e-05
0.337987146714524 0.688205402203216 0.718434092460573 0.660674336989617 0.15472449096117 0.427177162226258 0.105940957642774 0.378730284982307 0.504174665197085 0.608828081660505 0.0488008731693757 0.941695781917145 0.178882592620751 0.0973545682118238 0.262366837043437 0.0990210652256658 0.431391661599976 0.646184223845843 0.140584964480822 0.951988926311904
0.150106374325351 0.596621127343687 0.474825761960526 0.405102361552554 0.553908721245036 0.717295973478078 0.102937515809517 0.151703401072041 0.687624710927721 0.272158378893726 0.0720130212534677 0.666928997251062 0.31508019519354 0.0604217071556312 0.664617264927912 0.940267948911129 0.746488848891401 0.44758695246026 0.96906059914894 0.484256882598442
0.0607587137032713 0.423563527046032 0.240803182394564 0.466197180950825 0.0666625739171819 0.278545627887251 0.0674661770064879 0.265769533892184 0.1291773994682 0.169187293968692 0.160931586247371 0.889987342290904 0.15434989699187 0.0447178077504502 0.546671727314722 0.0197866575763504 0.150273649738261 0.212387855465139 0.0617951569462796 0.579272084518416
0.371040377462808 0.576298276851259 0.853407891474437 0.705287839149864 0.371237306611502 0.491993629578411 0.371251266144992 0.734631589059296 0.765437655336056 0.31023420561593 0.594912806517285 0.879660378482921 0.339090984994442 0.1325326126844 0.891557331243094 0.994574962884698 0.594936118101877 0.591802825531983 0.84039839919185 0.0526481549344406
0.216021544521576 0.564742100753529 0.526142676151655 0.523246770245149 0.871757242091862 0.569819422973596 0.424770622489839 0.970799360345427 0.711876969345009 0.369934234804644 0.889659764961217 0.948754696240995 0.336538019567091 0.12970651656735 0.786834656334678 0.971281532593067 0.298177208292223 0.411751591696769 0.962361639363841 0.826619626467553
0.0628498446304949 0.625664965741078 0.427082288145885 0.581691375913798 0.738718888533386 0.315945023215965 0.0985776853270268 0.79162328053032 0.40422239201304 0.178235447098944 0.0817051612028627 0.997083508846866 0.107519412779212 0.111252012933165 0.238577686318582 0.0616697952445066 0.364402111361013 0.414820722158153 0.00567156581821119 0.834571367880663
0.550377555587995 0.705498968453484 0.969755033023848 0.734025543468304 0.996966057832158 0.386462415018083 0.667319489750598 0.98048946423769 0.978576785079633 0.953404854197118 0.990457970728975 0.999944892855818 0.648510929357555 0.51149648406771 0.955263150193353 0.999145513992303 0.642411481214567 0.671773413255433 0.983328306780249 0.1748125434684
0.0417495024220254 0.446237446327243 0.589215805322187 0.397343326787865 0.0206085008260293 0.0708841791926549 0.0104809294161065 0.0632644996407221 0.682586019053952 0.0993784312057773 0.160343532164442 0.957950835091975 0.122055321323276 0.0967037619381998 0.169318495188058 0.824956466435275 0.237544304176694 0.496242449842634 0.18083585474119 0.00194125112227143
0.672569917071983 0.706074268105963 0.970301326182934 0.787079914076108 0.93945559800286 0.957985684615049 0.843345680050293 0.981964938172222 0.988925859070118 0.944625001053412 0.857750098049482 0.999760338833993 0.786509882161916 0.437403610937108 0.960420853772831 0.894983970324907 0.738430637167132 0.908092650056312 0.999388736182919 0.907060828793452
0.195537688930652 0.635926541910289 0.695366253085815 0.786652449505406 0.328379793366445 0.665145059188823 0.00259206203196076 0.361094548049035 0.248366866011624 0.438786042184661 0.164409327778604 0.835229350864632 0.276811822454757 0.128369513069733 0.768984067341123 0.871050756673924 0.169721101718755 0.644895185637493 0.0121323585515937 0.999932284842689
0.145034774528926 0.611313115040254 0.416874841969462 0.61565467117547 0.220504932596391 0.585835660724478 0.288512878676346 0.199823955316634 0.0940737386231588 0.118337053216072 0.0465905201374357 0.880073051066341 0.156153053390871 0.0691569282343732 0.464273297900762 0.999942224176779 0.598327031053443 0.462116583437458 0.417853375073273 0.0676788901083813
0.286888037336275 0.631166926883898 0.660851400770133 0.542468417604215 0.379690547624564 0.478987580518448 0.199540422745239 0.842520317040687 0.388990194600733 0.398307252361944 0.270411858613641 0.951268991981598 0.244589962427366 0.148843198085569 0.871146739725704 0.575195445277327 0.520038569074442 0.615952848239273 0.230727250090953 0.902092419254479
0.56609316560003 0.704164192788932 0.84254657080559 0.499676871666881 0.99747729498223 0.460175559112869 0.483684224447276 0.991348450959193 0.938645452610649 0.983662030834721 0.946227896300684 0.985217202666172 0.307503221141837 0.287261281633576 0.926692501918351 0.97513480233409 0.586964024872676 0.791550475941243 0.822847916830548 0.99996457855382
0.509134989450193 0.699502744021145 0.644376187970719 0.544409388787631 0.987052318293861 0.663171064252548 0.510405901423641 0.510619416535346 0.974794657240333 0.961463427676906 0.88623086597056 0.999249553888304 0.669134312253968 0.287653855065342 0.803531866439111 0.987356268483539 0.463831552106123 0.591367154311007 0.411784171258468 4.66851393022667e-05
0.0620398353626277 0.538683536377541 0.580492748377059 0.363487178502415 0.0137219529789802 0.160178841007807 0.00402750476664176 0.0660386100375921 0.0723426238941708 0.0288863165247903 0.0267907087379008 0.686668041915648 0.0403488234499729 0.0461686266817398 0.367294633027328 0.0413762748145361 0.546204503896653 0.274751119103366 0.00685865408192368 0.0108287857814625
0.517925200277723 0.682095950555245 0.833954676709947 0.564832860513738 0.753123847120553 0.258203951997191 0.481601824340103 0.971132368297838 0.881608147419938 0.854573512272581 0.76543782269345 0.988932247715784 0.637575487714602 0.410179617584255 0.929427591141588 0.999760260595205 0.702839778448721 0.796986590608441 0.999035641579537 0.326828192895451
0.115175245609057 0.634573972927331 0.765006411632623 0.665543198994558 0.750680349896 0.323950628190604 0.223512082173919 0.62089293148803 0.0731662473170795 0.299635274322171 0.294166486290768 0.983005414909917 0.104187160764926 0.212633942808561 0.541709111952621 0.0482806466774441 0.666237017525476 0.56178941300499 0.658273554065179 0.815549744515008
0.154412460134416 0.60748176894571 0.276028115834038 0.834596273892843 0.0799580562900351 0.421165095929448 0.0917509777444681 0.267849926904967 0.182060386828578 0.45934438633814 0.182173868003029 0.379850673202057 0.0529418014053001 0.142742300948836 0.474289322841973 0.446529342916055 0.545706938072596 0.540288353822227 0.906116625903129 0.00754389123458902
0.743658345293987 0.745363044797067 0.79720674108885 0.74194991321362 0.99167899536419 0.148494263744664 0.511122479364408 0.946247392347587 0.995183181250017 0.923521132758626 0.974526524856929 0.998591700545519 0.794034618059286 0.424435917420404 0.92458447105644 0.998175767683304 0.716753275410155 0.830435446071556 0.980543285868973 0.999963516126516
0.19455875696535 0.704216790825259 0.479292774050217 0.597548034880509 0.68615964893538 0.077860427215194 0.0963386097722218 0.957850539412715 0.526272067590812 0.514345052598603 0.313996642522111 0.95510611167899 0.455638075784192 0.193042954042982 0.694532303841866 0.654521939558139 0.676114810700373 0.760251257456153 0.107112040522166 0.602118321308698
0.244486618666314 0.736007746706193 0.420207306515826 0.68974923518503 0.800819313980168 0.279417198816972 0.486652302603012 0.940709350475585 0.798049738091747 0.874269563336628 0.925878228790164 0.467793519430687 0.420570204442614 0.11396431521095 0.78056750556739 0.733160475395433 0.610584561451473 0.606334301070201 0.00305259515874296 0.767570472529327
0.186996784159534 0.575535663811725 0.731598371502309 0.667834786805824 0.51466318222974 0.649805138290807 0.372844953028734 0.707945486779309 0.72383605918925 0.428047767453309 0.426182899500529 0.981696468501116 0.241036256244746 0.110601273635585 0.463906750371307 0.386944609416853 0.315070199774158 0.326553184510712 0.000583228626433106 0.000565794551531207
0.25644625453939 0.698642118479393 0.754228947232511 0.746156026561963 0.722157495523802 0.447436169857334 0.331736449940892 0.679553844261547 0.947942333085198 0.748148338229236 0.155160857646482 0.992556240674637 0.462409643755229 0.114196356049877 0.858975318741491 0.989831372216895 0.481973282898002 0.57530696855281 0.546628316171874 0.953038687537628
0.0383013057123822 0.414641344961152 0.349657640017434 0.492234338751576 0.00637094090336783 0.493912483234347 0.00317739832702168 0.0212423094288142 0.245865037684513 0.0589183823648446 0.138938434273422 0.0701422730113058 0.0766826303249827 0.033590816021739 0.757854421787445 0.455868284332569 0.312625025646452 0.32649737219291 0.00404142242085025 0.617869146798392
0.528839389516735 0.81627674061864 0.956396530686116 0.850759683624831 0.996179390250576 0.510927659692457 0.958048792519348 0.97219436988867 0.992584066515591 0.988222223895744 0.98884919424468 0.995348096861174 0.634555001250189 0.391174565827922 0.92201348209695 0.999880730878092 0.507684993804659 0.814845105280577 0.666277440924904 0.0703049887421713
0.317741714030203 0.731761278062718 0.320829151894738 0.591808539574283 0.961424928438498 0.548218497975535 0.194247077413028 0.579258306228417 0.591035731011712 0.346915022773096 0.156087532034613 0.737535985368016 0.581049866980298 0.152454105128149 0.77633369418358 0.675202269286199 0.650152706645612 0.740928625157039 0.703295900376112 0.0934606569911134
0.0803648798045747 0.432477058292066 0.0330791338411449 0.611345281911435 0.307860632641666 0.690061413018916 0.124902327126068 0.577245898386218 0.0658516127379452 0.409121521290279 0.0106330915330692 0.991862298576141 0.0860000168719122 0.069487251430022 0.451829530330012 0.14333094345496 0.315717702834706 0.45695026456725 0.154305788936841 0.904014944221777
0.234578300128039 0.539810941480809 0.841956737258112 0.627103941491528 0.978162592354684 0.536690422025859 0.559055155646665 0.962398552343983 0.957094089793638 0.601661493761363 0.833145168422614 0.952837628147052 0.501430940934948 0.15552377960979 0.749342135764438 0.990681455915984 0.545857971603681 0.51483407595998 0.227562494515347 1.29507752200982e-05
0.424756703172602 0.634394718233116 0.624141549845205 0.861880533699928 0.997275567910414 0.411156720730583 0.116927477690921 0.97199572724137 0.551170057317183 0.57858944414303 0.952218611976971 0.666686330917892 0.62323998632696 0.26242348021642 0.76464293825243 0.992474768361718 0.745790476418929 0.885327224448339 0.509223337324502 0.98198005560328
0.516033614559457 0.771064286736908 0.854933475343717 0.774312976937234 0.902897289871363 0.392714462606557 0.205063644383462 0.873779158755242 0.977804185127186 0.866302218230095 0.969466908586626 0.629657202184261 0.737019676705192 0.171475151509758 0.673121601381942 0.96619281748975 0.554216901525265 0.419305621259791 0.0281317212346784 0.745254076719631
0.235396567644828 0.712154942587689 0.472801229616855 0.588942257443102 0.55771373376715 0.703007178920045 0.139670987470355 0.493954250464769 0.933283900985841 0.804023561352179 0.815798858992744 0.998385838800405 0.393579722871289 0.138582482869398 0.62525855151631 0.99771456799066 0.735385080479468 0.188085942126711 1.64388436204843e-05 0.993309025318869
0.102205839398704 0.430395933617049 0.517644369097785 0.599634205942853 0.789208304542568 0.401863320942579 0.0794420494046566 0.620195000084947 0.873595255861141 0.194240203518563 0.369756826181325 0.423663733131472 0.149315764557262 0.0742149326016663 0.918067822801914 0.910107220035626 0.248627200641849 0.519449229115089 5.40481224778837e-05 0.706746119447993
0.0228413020410784 0.582402638034699 0.0359878132682579 0.407725590048437 0.0127592890743089 0.533682767269851 0.0307526239005004 0.555904229312668 0.594491185096958 0.0599006449766298 0.0196842045737134 0.0532015679859768 0.0242468899310462 0.0148705798043892 0.328933312485038 0.0219259899466158 0.219475930265413 0.259247388430119 0.419918134028991 0.00357817977871007
0.381289109133789 0.666201005941268 0.828041901064121 0.394065687978765 0.985004200670178 0.847423939661907 0.131910566235065 0.881911818710319 0.909351258116365 0.922149761874183 0.870080998615355 0.960518840955098 0.569243395207011 0.45770963550415 0.896709472823215 0.989035608220147 0.538032267553283 0.649515944350044 0.000665549635351126 0.981194690079011
0.151321741272978 0.6323448926563 0.506128517145249 0.331721065541976 0.910684332044947 0.570170366697532 0.250710121663131 0.779903665805908 0.697792283000114 0.47130874257817 0.367419983148504 0.307987972536216 0.246499575484045 0.0794180197713814 0.243311201126792 0.997401502719605 0.701052722743313 0.617533847403892 0.00632417322186766 0.999999
0.787123521623274 0.743849430840467 0.792943046824312 0.451937945099268 0.928601312353302 0.493432906225468 0.696663146832631 0.980150632176578 0.883458848100231 0.979009928270046 0.997672246721524 0.998604451003212 0.939886072259072 0.449107179832918 0.857447599661028 0.999035178948751 0.623731053126027 0.873272183517736 0.760767083869309 0.253274442781141
0.0934575291345034 0.439364890954046 0.228804191191411 0.55673332409596 0.609136997715072 0.860107284892436 0.0171276004383401 0.107660349524359 0.227377613861181 0.0830847876596595 0.020676083800256 0.228287881895918 0.0383180828303917 0.0318673868229566 0.418127946643982 0.950181318430586 0.407825116176558 0.192275130291781 0.000796495478083656 1e-06
0.262343290879439 0.687186336572102 0.675508400120034 0.576035324386769 0.837719286155868 0.4377735145154 0.0400770260739647 0.942459865735131 0.909746664835969 0.758023840684431 0.782891763160299 0.992278054393388 0.460332064226019 0.308016714537211 0.840762161640389 0.999328990011306 0.793631929442933 0.542173851337093 0.0212011937392928 1.23466228603304e-06
0.0523863985355924 0.553285726092779 0.786835217913933 0.780068925537012 0.210569136364254 0.636506794985866 0.0751407548445102 0.331706349313232 0.566513940871984 0.192383807502714 0.328112258701319 0.651140106383237 0.157349940159775 0.102569132723813 0.642570768678243 0.896603562870123 0.63537032219586 0.650468837257647 0.0118725974196976 0.379415333664645
0.053620837989086 0.379829297324172 0.0452239072776137 0.681280557412759 0.0460732317184698 0.520460235736621 0.0150400152211921 0.0522293309322119 0.436432027950356 0.0601236198426508 0.0058660857692582 0.0395645251528123 0.0578009378400387 0.0317595732315192 0.0806508330029164 0.341338603513498 0.240268772735338 0.413293011862843 0.00101139021781577 0.00755885846398746
0.638252534029493 0.753396189756523 0.879922891099916 0.726688847370079 0.914052706205527 0.571655056737947 0.842894237864246 0.97620319103019 0.999444787869198 0.978511830780005 0.896279458674523 0.976262792162508 0.718239046635275 0.454646343076982 0.981758316570607 0.999328593836454 0.663952654585093 0.768950425340321 0.0501809405586561 0.999992088640745
0.426742352606192 0.686076768377501 0.361422686355361 0.543275256134204 0.159052450417451 0.31497420264445 0.0821068474671489 0.704580330646562 0.987376355242786 0.707905255460063 0.877893162274758 0.786903134541774 0.523182499264974 0.306084336935909 0.814034452489878 0.993993371750892 0.611333290751061 0.537979099738223 0.712724688504425 0.999998180134887
0.192099646347411 0.555218746494018 0.368971497092726 0.639002446960335 0.800482217091325 0.258365477306979 0.0992057754127279 0.975532718350514 0.716280313814401 0.842625678924648 0.763638029730314 0.983598816423092 0.133081861722062 0.0859901376919414 0.671621906241626 0.992327949719218 0.635137960074008 0.718938293505125 0.123827155894071 1.5173278143499e-06
0.067272854413886 0.622686482497079 0.367069089658288 0.337380725315634 0.157271939029642 0.587378054341025 0.165758030618867 0.05777903112608 0.267179258235714 0.308262389999623 0.0812712625341614 0.602451992924769 0.0794980239074829 0.0835464603122448 0.335762885934764 0.676504532594646 0.466616333195009 0.289138274890442 0.416923301576935 2.93096579592151e-05
0.174754340624142 0.603384880864674 0.760245742347416 0.299986010948142 0.433303947456943 0.33520505666731 0.145362557562701 0.467399566696782 0.842640836075042 0.722904094834857 0.81784203670003 0.459895930932541 0.0891386080662364 0.0877041502640326 0.301828721383485 0.813659055920651 0.712744594040526 0.339930619961828 0.00150548851405101 0.916199858186785
0.0803702279077052 0.644976494770684 0.361420449006108 0.221189662400713 0.52428907862525 0.398486482372398 0.0620264386160971 0.739812618869788 0.0696996483462342 0.113330759721602 0.835659596720965 0.637136902188679 0.197481022822705 0.118425036702582 0.408177444541915 0.941166573825569 0.32967979401744 0.548957239376869 0.373585009949634 0.00434933495229291
0.392619258721254 0.691525667050387 0.75099219959227 0.515723395857423 0.929920577761092 0.212327761889103 0.268323000179168 0.815213039691709 0.992309670482617 0.505208764876047 0.238792323174348 0.999450716269216 0.429060814081203 0.161020763961046 0.414789478837181 0.995006266851644 0.524854609812875 0.516465774627382 0.112341669607122 0.999856499544813
0.545957358105881 0.709771518073919 0.15460576221769 0.469554510313825 0.963025458898705 0.740366648319844 0.156759878210625 0.91121996759111 0.978736348113848 0.895522566650212 0.951704071009754 0.953963339318742 0.476984918645834 0.361954028637764 0.833925444941674 0.997482649755669 0.37351689779109 0.406472211288742 0.995610565827457 0.955485648933702
0.0896971072221371 0.643919751331559 0.527683758258825 0.568674040243132 0.927580049706066 0.519058826461435 0.146213270820258 0.497717405488389 0.395188128132482 0.385235507909469 0.65364131261308 0.309103710244443 0.0890156950343971 0.321258274403669 0.653330348112535 0.293313878166893 0.730156219821098 0.539831384094111 0.0715673281422941 0.000128623412267242
0.654426182951316 0.650081921827073 0.403220309915019 0.545860608612421 0.930544872799112 0.736513553544521 0.281542196689871 0.740281852102838 0.883692854050509 0.965958940924413 0.973500855690247 0.990111965456704 0.822347482615224 0.224916958969393 0.953852923401367 0.99364328007098 0.74488762641301 0.893018632282822 0.960999068322131 0.191323186266272
0.33814012936399 0.63571496952697 0.735661560243572 0.842820697418951 0.982708946968742 0.565801114203415 0.529464185495758 0.321827570572791 0.902208654817886 0.604702320672334 0.92060575161025 0.999788592624591 0.445808821577121 0.333299953060392 0.951604904644914 0.990789005837825 0.712261570135377 0.824540632932941 0.00957872322672826 0.389914311599263
0.399516160250361 0.712308992769203 0.427703387105736 0.806060173696838 0.958472961568569 0.489503547877363 0.365847416285403 0.733497886975925 0.991881988980326 0.697540013522566 0.885198798898482 0.988378196006697 0.581631593826927 0.273481354334987 0.48684043285092 0.923783683838121 0.47404732619934 0.56056396494006 0.928566983696538 0.999761229936164
0.370520488634066 0.735892391222735 0.883102466565638 0.60148982168309 0.981855307798049 0.291597224327504 0.486746222783606 0.581227455799236 0.798058842718983 0.849723247694132 0.903870811951707 0.983036742642095 0.483901847389671 0.288350559205065 0.92385217821378 0.737811024460939 0.518961474411535 0.757311418053912 0.950062958723294 0.991040129458278
0.383027472285399 0.673860234034526 0.983381103024146 0.829757070807719 0.877693541972259 0.56515951704847 0.226539176082384 0.997427373291987 0.670785255858797 0.89355093665825 0.95156177610001 0.967505566214139 0.711361808789483 0.290492516868579 0.720965279071042 0.996829505295757 0.704717879872933 0.668151777264302 0.908257960256912 0.00193738934782054
0.0573781011593288 0.552407095846713 0.624159181652817 0.513705999901741 0.127434019299693 0.0884303557369753 0.195099179335938 0.0994033994528416 0.369681598835929 0.0785064637134154 0.0624569297014423 0.677873970603852 0.0605309877385608 0.0960808064387017 0.521946319499593 0.827176686793841 0.49185824470448 0.561467531845419 0.0743692705479728 0.00456612023852962
0.0413547209127381 0.497450223026508 0.101762965460128 0.481121093176062 0.122736467662945 0.347730526386717 0.120940355462739 0.0861220785420309 0.759122235763127 0.013163600047901 0.0740755160301088 0.64606260471709 0.0432405202667832 0.0406132835246708 0.438548327679769 0.45773913013326 0.366384322135095 0.183101057178437 0.069517170679294 0.00483964986525697
0.115570671775537 0.535751041540264 0.325279210561634 0.832615323837041 0.762272471836234 0.145268223373507 0.166284277760121 0.487903738170761 0.0892164622658877 0.136058482520346 0.0384908170258142 0.949424880034319 0.140999618446124 0.0718928968706317 0.427502476173823 0.854984133752427 0.431752393310371 0.686553782660383 1.28559639067693e-05 4.60169303498474e-05
0.0874493210113217 0.625887066783765 0.680026484326345 0.575254463214574 0.580704092177087 0.437335524072312 0.0502681629124274 0.56181925698125 0.986554858663179 0.481907624867893 0.330253558469337 0.987288283292607 0.287498274858891 0.067952587197493 0.476803693692694 0.959340294795226 0.261743170816349 0.61392314653575 0.780536522032472 0.993836638406927
0.046136419430425 0.369158287492126 0.568249857868826 0.333158977560779 0.000632644043053936 0.386157451688149 0.00817553788593743 0.043513178723347 0.0885320524279213 0.00165175683738058 0.0140830585699086 0.749383275359452 0.0433236273159974 0.0246550312641316 0.0687844311011892 0.00517060236921095 0.168887127429972 0.557455086309115 0.0177770829239321 1.45831156788902e-05
0.291183747375339 0.781485019579875 0.717246049409072 0.734921445159779 0.596570357141486 0.532844522747501 0.259185436345033 0.970955805161882 0.979449734791506 0.936346438167431 0.630264489339195 0.994644505920597 0.234051256878556 0.260795092631955 0.93704508340162 0.314963070169429 0.389307160764855 0.841097063131596 0.602666970121706 0.00934084765823877
0.230376039480856 0.602850361341913 0.40608643114123 0.689462576408822 0.906253710711896 0.247121794959157 0.781355288815606 0.51664632651521 0.143187473943154 0.782532367251642 0.484880889571962 0.875678127001621 0.386985029968271 0.220669639027421 0.592101606496406 0.996000862652545 0.423849743554657 0.711616539916379 0.039945902376602 0.0902363026954848
0.0150908210027835 0.267221706936262 0.127034879496323 0.423649764742662 0.114066188790966 0.523883735496071 0.00678180748194755 0.00612275310304492 0.00989186558836413 0.00702082750887108 0.00113005420867745 0.0509271461039244 0.0217316787159354 0.0103873465923062 0.0538769079017431 0.00883672877621648 0.28714206872435 0.216087541713578 0.00455428279861679 0.0112086431781827
0.169103170378277 0.583844807828471 0.51892125637918 0.649610556009965 0.0519341490192777 0.653091290299105 0.0285617251923256 0.860072059515305 0.935300277023924 0.110788502235856 0.369169486917942 0.808753345862723 0.0733893053186288 0.1418033682856 0.627672277608372 0.108634064856365 0.551174978255917 0.362984991023158 0.00116466803526687 7.23020619692503e-05
0.0744979264517379 0.525450814730868 0.480357027798157 0.469005581044466 0.436528767916498 0.284068433446832 0.0249570934915875 0.978964787334099 0.564130877399273 0.643112148159127 0.322996006459339 0.923490619208363 0.156248787863934 0.0957157076361024 0.579334194342682 0.949821789072439 0.841434649506243 0.513304588894301 0.0594183871215704 0.00329516288003487
0.408144320176637 0.632526960235819 0.162927562839705 0.629448537768141 0.649149902715911 0.30071811677804 0.0962229455965615 0.300927302464216 0.776910761333802 0.615655228012038 0.585728011449853 0.91965598784147 0.523013242103537 0.180665355217441 0.876657997065963 0.994437264455231 0.583801245093587 0.584908993658208 0.781805599641665 0.991941807445911
0.0323987608722423 0.48565707568128 0.225708029932174 0.720598927309883 0.0129032745428438 0.150896960871255 0.0255250593744607 0.257650639710379 0.0412038707356109 0.0233144622077959 0.00398141993169714 0.316749358743003 0.0303663441106886 0.0409295744585222 0.563208103590969 0.689473165715364 0.443881089939352 0.595825806314375 3.54662439887762e-05 0.997346865548366
0.0517009801295729 0.474185816944766 0.499440332074181 0.506749719194404 0.0483026716871732 0.649669148320751 0.0124580446113259 0.162176089959191 0.199252957568529 0.0528455058828026 0.00547284110738833 0.947754793723854 0.0245880614999007 0.106330699682854 0.854394610268448 0.0121411955796198 0.679104457156519 0.200025806424663 0.0139121777815854 0.973790471446646
0.0784269845054255 0.567691053959711 0.555513169646744 0.715435952576986 0.0368629088984567 0.344376473761925 0.221639755110318 0.0992384908810073 0.0847869631398984 0.346524783600578 0.265590827257072 0.892862020125077 0.3111352419707 0.0985716141413292 0.826546987305202 0.773252912632813 0.643032323942815 0.72788586745665 0.739575643537406 0.000928645963981825
0.0434499090839711 0.455822668290363 0.212491327030238 0.696692520279555 0.0424113667003649 0.0795392762210107 0.0684839844187354 0.0100304569763174 0.0888658819086452 0.0127203078526025 0.0184118245093548 0.671074984461828 0.0278034557075203 0.0584436531025545 0.690228122059358 0.813270310276567 0.310705133958491 0.517161813165374 6.75210664554564e-05 9.35981319148678e-05
0.351149713324704 0.58371253395501 0.917338907014465 0.620814392104062 0.99169900016702 0.642338474732713 0.398546166056736 0.870115602377564 0.531064658890757 0.715556594330364 0.720360718789119 0.999214512265345 0.157068053420379 0.336871762007049 0.41884779405881 0.999522091910335 0.654940889709811 0.704769506166875 0.00257542409202566 0.00292314448322304
0.478321560701202 0.739571491482918 0.658858922524287 0.770836018362143 0.950645018430901 0.228196262760818 0.341517170766311 0.94482121814336 0.908430383883729 0.917585755594009 0.971920110247114 0.987267354489874 0.465502890479678 0.254465022978018 0.715536784275847 0.812666225682511 0.709104656990361 0.77398949812782 0.998700419276334 0.000228630686697075
0.652594079963913 0.680922132958577 0.815231523556497 0.766317008340925 0.894030723670058 0.293056323638006 0.519807639973225 0.94489322454083 0.817183759669207 0.803496514635456 0.814176862225798 0.961900118495773 0.420469414917301 0.291721391910581 0.861804427349451 0.993016298374918 0.429153326053827 0.784516944874136 0.000540757779812204 0.9998518036366
0.462350181907711 0.770035070928338 0.729617841579417 0.695827820012107 0.878988813292945 0.490360430791418 0.235718411343992 0.924276740864141 0.892794552674908 0.935143165829929 0.657692381850941 0.998964036784655 0.278588845252603 0.342297997394721 0.913810400194472 0.94045466503033 0.594010211490257 0.668257287382403 0.00321054168090751 0.995121275650128
0.14685657245705 0.659190503053378 0.140650169697082 0.501437877897641 0.208553222879266 0.381112665425796 0.094879528740908 0.418500803553293 0.2432637243019 0.475229724578348 0.328623807031016 0.423352174678264 0.0615438866981649 0.0919807854096169 0.46788286791006 0.962418228363315 0.63290520916563 0.581213582776057 0.102517110234051 0.972148721857582
0.0642130722510466 0.588970511421499 0.559833635315819 0.551731394784457 0.0909998292631469 0.459005726716628 0.268958051088376 0.0784213333088919 0.122949026966293 0.326764405410777 0.784433468630416 0.952998564859005 0.188902261122232 0.140590354595517 0.61011548753624 0.980092723222102 0.351799819749338 0.552982025406465 0.0582566666664227 7.13795708007718e-06
0.047912171866172 0.596827787280724 0.433688859685483 0.7026146513596 0.745035198072931 0.54118293015977 0.0757672483031799 0.286495135196071 0.0547870120831594 0.119839646527664 0.135374850621247 0.902851249446036 0.0814295955405509 0.0482268056606617 0.839171208807148 0.896356930582781 0.502522373988099 0.289878371755922 0.667978812885105 0.107297231219902
0.0477532079221037 0.465156174874159 0.427647410309196 0.4763199574767 0.499631809159441 0.0918160827490713 0.00605848948430707 0.596718782353513 0.606978252464651 0.00825095951265563 0.0196555665413991 0.606620671624912 0.0592169728855914 0.0582174389710701 0.53959763596335 0.605332314866023 0.534955119794507 0.645012754163838 0.154535117697654 0.104695263161915
0.482537523435221 0.67953100167998 0.820004227697324 0.779393029429788 0.895017454609438 0.442414669671091 0.343261291784404 0.679918739067439 0.916995762574538 0.727383358095273 0.972106529739261 0.989830488278726 0.719511730414524 0.49890462052071 0.859388505798206 0.999164527155405 0.689438659434971 0.538980503192706 0.967204359085725 0.0113384111759927
0.78397744150929 0.688229665424988 0.906488089888564 0.596492499980958 0.995209216990942 0.399977347771523 0.638483304337544 0.765377421317341 0.999081780907478 0.971741019059734 0.926405337884471 0.999489731347382 0.620497433134881 0.373979741538804 0.937550021844885 0.973170181080527 0.690657770266227 0.704427974920334 0.997574436316624 0.999947368302328
0.579196165819086 0.668317106253419 0.637470418785731 0.560777646268707 0.936021687321177 0.882507472597427 0.452012150280072 0.965271101916428 0.904531074899814 0.530659999742079 0.916857532887327 0.978725002541985 0.641464552344212 0.231225999263197 0.943979279899336 0.999514732728503 0.515869430451268 0.758745256273653 0.221302786161182 0.999582817418218
0.067131368790985 0.566338512921412 0.136453706397202 0.636002313818865 0.921799382367735 0.298026109500422 0.169527894214533 0.513692077528947 0.155482413482581 0.0427957431006536 0.0730642126602889 0.965178712520414 0.0865610026065668 0.09772850711395 0.373727393828499 0.0872940422551433 0.678591249977088 0.591114027627751 0.00170192062954389 0.73776111715886
0.243370920087814 0.741215978849043 0.553724010968568 0.664605255981075 0.966595735739819 0.518121334702584 0.373187668809969 0.950465833034158 0.979745817096602 0.814039201878369 0.928686637245451 0.991168509389122 0.525210758963923 0.388697415200749 0.725662427985134 0.291204564558349 0.87180982088211 0.593597248693561 0.732031133388806 0.998184691082679
0.192782477785719 0.593254714613482 0.822935196403958 0.641587497614655 0.671280896081798 0.656132474524609 0.0966261483291177 0.629702371203515 0.984713585583985 0.631050359867008 0.226011487713781 0.999034380710199 0.511021044042419 0.195843067306741 0.586792384301281 0.994508493474763 0.565152343406068 0.733333647707175 0.983927194963771 0.994253482098683
0.149603671082808 0.705999742528479 0.405997284105275 0.424342071300247 0.843923874746643 0.115994638138481 0.224046766787539 0.849564274596791 0.322872587149244 0.691880712040598 0.924229811824377 0.972285159695937 0.427471791309867 0.145421260719841 0.885724318882555 0.999888772220826 0.64666156087125 0.87366696139877 0.910177285903523 2.00832317299345e-05
0.335899932642094 0.544364570020783 0.919730741367655 0.659890113629946 0.874014158968122 0.473772681944992 0.188491877104171 0.295405364632424 0.722335086580634 0.799357724937321 0.289323099713423 0.930990201003782 0.391762047708241 0.187392502422392 0.706219885220033 0.995317763105915 0.550857943803616 0.410887891892149 0.733761358573949 0.0292882627327471
0.218511063675114 0.560447394680298 0.154642801172672 0.589091457545829 0.889624614448531 0.490411053914486 0.145106214802827 0.548165016529171 0.379427582615288 0.767596075010482 0.837514918253815 0.979157878309667 0.326433673695015 0.178124803249096 0.836067399677944 0.999788130039699 0.670581693279671 0.619172619275663 0.055428051656412 0.994681830721399
0.0539822905043082 0.450004441183696 0.0447719383830819 0.45722194783942 0.0329286050621291 0.363275444877723 0.0442316013611817 0.627468315452102 0.857415035004731 0.105295181497866 0.0358359165487939 0.374569132553576 0.0624157072921893 0.0586606274359244 0.636611916090334 0.196732998340766 0.347848722732807 0.364983798250907 0.135621769061866 8.24236399673098e-06
0.109997617160364 0.416295875704362 0.505225141849123 0.624662173215051 0.0592305984736356 0.428754588974394 0.151000444631191 0.316905888938439 0.562420709077827 0.0670928921397611 0.0798642603049228 0.492846306489083 0.0564244802638674 0.03858274700869 0.331153302204823 0.6200691195616 0.446046377980825 0.425071687980813 0.00159918308079198 0.177226524461662
0.0320536303234308 0.572601346076614 0.16845383243377 0.307175239951263 0.089449586173806 0.756944080344718 0.016590466962906 0.00682251249250593 0.0575205443674732 0.0336412727809772 0.00549932619423533 0.54281437847814 0.0182828222388198 0.0233638569106584 0.162667227550054 0.018604226780103 0.212372955036055 0.206909377956271 0.000784676595065838 0.682134620872686
0.470907521777247 0.765192164954669 0.73822411321103 0.684371849819916 0.940253940940056 0.536732724484216 0.5044030043867 0.518019776331053 0.892146933458523 0.885335021182711 0.901974326294001 0.9979040819609 0.651873409494811 0.3430867311074 0.893982114865461 0.62024176401511 0.604484431516246 0.758995877582136 0.920414826923828 0.999466815225792
0.19207749779913 0.505795262486889 0.745931914407391 0.713801079534742 0.747601203286913 0.297358156394847 0.144230912082398 0.713444107026929 0.983822162720898 0.534601714274564 0.249477169900702 0.974577238058792 0.308067640291741 0.285665513752655 0.826892296918448 0.920804281623778 0.496560079010305 0.625381341845409 0.0120042448378564 0.165660678498145
0.00801520081341738 0.366334019498223 0.0328566907496977 0.386008701477311 0.0221545912171874 0.258794406731333 0.00349953572166775 0.0144699832009002 0.124014935860384 0.00547334462208791 0.0142748066290716 0.756411761947745 0.0126294452063492 0.0179799788721702 0.128993727891363 0.179256072363578 0.126162738001519 0.121300417045257 0.00156980393838492 0.989403830489487
0.0358652000046008 0.49659426653464 0.183749689657265 0.477072377452896 0.00506483231179556 0.153259832153268 0.0100903477178988 0.0452668305355402 0.160497900455427 0.0117219230843288 0.00416178508499522 0.27135021137294 0.0170632636396024 0.0176595774639268 0.17989947666596 0.850808119389248 0.141592925374123 0.21637966947142 0.0212418332295775 0.475005487887438
0.125597393017341 0.636340890375851 0.921963414438063 0.430563906724971 0.543376697749952 0.594636255933841 0.0058167896656346 0.391048703666158 0.142533709768778 0.104830571810407 0.300374482992864 0.98879322000205 0.257070464945715 0.0468372261398953 0.672639819864627 0.957536954127707 0.527940631625281 0.534104718643326 0.0292461619177522 0.0832500526316065
0.0241740307662938 0.617282672597588 0.189355433706817 0.450357823799794 0.578297028689186 0.213777154680136 0.127227796747517 0.0790319730633869 0.841053783469211 0.0862765943892924 0.0471671222695228 0.88744455368844 0.118944936965816 0.0258986402881675 0.0924296323669309 0.395145553024723 0.509746888801779 0.364307580989742 0.432913558803221 0.00072609871040849
0.1028959018288 0.509464647275573 0.264584529175528 0.679643784479157 0.210652266539071 0.121540687079189 0.158010835053456 0.0395608824264865 0.970879284069367 0.0363562728832402 0.0199958825081271 0.877765147088066 0.112986037997479 0.0975993034667881 0.479217902052529 0.250938111991648 0.259529783371309 0.298145888764332 0.0115555070332945 0.99141728556266
0.451515974940055 0.683319697888399 0.852655762329693 0.671013378019803 0.919236334676369 0.326867359198733 0.0175269894802963 0.611161263820176 0.391597505035311 0.487480621569369 0.943187365770161 0.975430345101105 0.461923173632921 0.217922267199356 0.723528952780239 0.989677830796616 0.578830625610025 0.598057665476939 0.687204512383856 0.999997286763124
0.458775012509732 0.718384540262831 0.715084780280482 0.633798686407306 0.968633986702984 0.129807909818078 0.0991650056414896 0.408597312045532 0.933878521471563 0.614784410378647 0.727332755763928 0.998639329662898 0.285931415597939 0.389150842936212 0.673932036094746 0.952131410467432 0.826326956383786 0.785092005442786 0.0214865580494616 1e-06
0.190447806712868 0.586972660903102 0.355177789552645 0.556082117567723 0.894610169043135 0.910299698479638 0.627684662471871 0.366133362317057 0.0616764866611976 0.592367222919473 0.471545162674053 0.936248167981198 0.331993196017155 0.187647779135471 0.791337156854069 0.999247681373093 0.750286602797203 0.562642325770601 0.518708338203738 0.0123019620488067
0.161023896155553 0.428933010854574 0.371697510823694 0.48784182705918 0.154944893809579 0.764440855387444 0.352517151875428 0.128343358684632 0.31198737461858 0.218560254349005 0.113441798776694 0.857501766906124 0.215943763663813 0.14244369938728 0.429682446857667 0.456489517773056 0.310152764208341 0.508618765989655 0.0019600936876682 0.999975723497062
0.377234968539293 0.689073678089773 0.885443342212286 0.853987534398511 0.866970825988568 0.512488539557084 0.129300216929054 0.968622091007444 0.987982437420182 0.600436398718177 0.410537026095084 0.964872267799647 0.435761911186335 0.220889241595353 0.953555608789058 0.99395879323296 0.612737273963393 0.69258604961755 0.0141315082789192 0.999970168436083
0.0905808012842221 0.548520737735222 0.565552252083352 0.623546792320829 0.0531717421816595 0.25863907828966 0.041965971253928 0.02956065646965 0.00461584779177079 0.0399530057845206 0.0255737843901145 0.0695894331030784 0.0421486837571065 0.0804661061158812 0.0926968204753254 0.675181183262147 0.543454389450818 0.175183357260492 0.51991256254532 0.548429762808538
0.114447175066226 0.513839507834255 0.500719016653951 0.670084489437075 0.0348337846285865 0.317924682604199 0.115486185988731 0.902349872576791 0.808905847011478 0.0653803055655898 0.250324136583881 0.745565004463347 0.251773167117954 0.116627935634382 0.428827525236039 0.930677509806847 0.43797409079088 0.452629945327755 0.00425940295909251 0.996551514794673
0.225160193257263 0.624059230023389 0.606654386179564 0.547648926785511 0.90847501060076 0.409945620754975 0.066693234075181 0.880134872661058 0.92722615640876 0.586977272274635 0.563716277974876 0.912718870543909 0.361527755410512 0.130576841997742 0.406320040496662 0.998495450944223 0.745794842248599 0.720166068939576 0.0305971381479653 1e-06
0.0984184958619709 0.51323055488656 0.108056675003374 0.325940281800209 0.846947001373022 0.289927762547908 0.0153318513369779 0.0557640559716577 0.563180811638649 0.299824388937629 0.320128888233679 0.615147755865007 0.100869596016723 0.130237676468173 0.504081384080167 0.00413141109696923 0.341763542099717 0.765576218988959 0.0801587680591956 0.388328437951598
0.0312966899857571 0.496415051043032 0.394380245891463 0.354339334037589 0.345572808912004 0.194889331346547 0.0218369672574768 0.40878626544863 0.311076890662418 0.0358780492193322 0.0169297594008461 0.0577215690900275 0.0412702271869418 0.039538908248706 0.139727054748702 0.780712749867051 0.489699767400965 0.473369640265821 0.000851462774765005 0.000544815901113336
0.194208473039482 0.493610834044091 0.349692435819413 0.567808935765236 0.0271577445575151 0.341297192684408 0.0866093722220571 0.450444793850696 0.880977517118779 0.229876388170082 0.493407215990685 0.991154814732055 0.108779017232145 0.174400738146912 0.595540545631041 0.161620829342285 0.618082196945689 0.522391547860299 0.00510557135229585 0.164734826668766
0.0716687913626039 0.519797920851108 0.151772439047674 0.54916648473206 0.455675658184018 0.411828746717828 0.279002698621617 0.634235770382963 0.354190061895319 0.41670239320203 0.346051498854001 0.98269811127794 0.166092079068053 0.246104842768279 0.625600254919666 0.961263441638249 0.276463064956681 0.40589197785381 0.691560787163056 0.734307670254074
0.389843695830451 0.747173670538334 0.483179163178626 0.610675556260945 0.627778698334421 0.405797683448317 0.337130344329515 0.977604073328309 0.982573086449701 0.791140799755241 0.903939692985181 0.981459591752874 0.429246111659862 0.33405265916627 0.897254316272356 0.929349879672119 0.782035243889355 0.881253579459907 0.00619570396956077 0.00573636429655756
0.244866974420584 0.574723302547876 0.671597424406817 0.373152701393678 0.639827092301876 0.622965009495602 0.125691792377734 0.81300245339737 0.165090127973124 0.438628985888731 0.666043238314365 0.914624264310243 0.218055237009826 0.0931256453497394 0.452719595591549 0.965619276477277 0.575718469881818 0.483339796528211 0.425466770309971 1.14369867910506e-05
0.19066144590832 0.595396048537473 0.455725374979776 0.49176333777692 0.937754169979768 0.524595795735334 0.40486997460675 0.649185107215941 0.793779051504862 0.765522802403124 0.516860238007884 0.998225386279264 0.294333429985754 0.230427283398036 0.850387873342034 0.988096846670186 0.634871621099853 0.851275014993021 0.0286723858153334 0.000584026751224092
0.239336599155804 0.718123851940755 0.597284003183497 0.879617984215305 0.670842283340204 0.551690208186498 0.794186257014386 0.934409338431807 0.739613714883557 0.500642234671287 0.598525910504924 0.998039967378366 0.53939644044378 0.132020504117731 0.921538592949136 0.993606020170784 0.57918884981221 0.458372775720792 0.985124723024186 0.927250589040809
0.1652987061673 0.66589040798883 0.162240713426794 0.582240605588586 0.304573122752137 0.0896237571971116 0.182906836107479 0.696218635964905 0.449005250934672 0.706724933397703 0.939726151510198 0.758311765665496 0.187355709805679 0.140007917685593 0.899627508224384 0.896845245848268 0.440766800857151 0.724311700359128 4.87023950264061e-05 0.889594217003541
0.128734431126003 0.505578822069983 0.538892161150773 0.646703155626736 0.206864317700972 0.656070089365037 0.273269748175127 0.820227297679639 0.991353622245233 0.195140627686878 0.105046124466837 0.910445871909423 0.10982285263132 0.095339275826946 0.279340138922196 0.11599884812058 0.606693967889851 0.65067769027992 0.546055177023452 6.99863956939439e-05
0.103861683571323 0.651886628939363 0.762007515992744 0.734399209212086 0.342426109930789 0.289836849875293 0.331043603091721 0.355208825009548 0.871266022717732 0.203303390430125 0.101376362740622 0.824581507083938 0.0857080894369904 0.141973866426068 0.592165259402304 0.0291549315387287 0.539812562661365 0.373059522040361 0.519958931603665 0.00170995280618647
0.0657620321417999 0.499842396833806 0.150062065758435 0.707193322257876 0.167467462487238 0.112506320023282 0.119340085836167 0.139936198644143 0.368458351166246 0.090525054726626 0.0850264966876972 0.57492985670923 0.0812719340309293 0.0378016796190706 0.183425820029444 0.991773343915707 0.36222204950714 0.536746437521459 0.00949896569910956 0.960485789039059
0.110698704347351 0.447798279634844 0.806401989889046 0.667602145721026 0.133166985611506 0.413950198455398 0.22578717695874 0.138534562369471 0.241835024063407 0.258154347947288 0.039030774274776 0.736336566530628 0.135347247326034 0.212476656019823 0.869416155302887 0.215494951757761 0.483697106126564 0.311837252696745 0.965724930910178 0.770106236398797
0.097761035046518 0.452998206186547 0.233242067016907 0.681218270511177 0.318701854857516 0.0624211427582339 0.00645465551000934 0.210143150025963 0.0461210395592134 0.0831437921443051 0.0618087610943142 0.95517011244557 0.0407340792329472 0.0286078258502335 0.21989649235756 0.0219601824976975 0.253994129592871 0.288321815793944 0.069331221644482 0.0370338781301061
0.624749616834493 0.699667381052752 0.409230988152272 0.763883008487546 0.836488531290586 0.429411914435709 0.296514807520268 0.606137420645187 0.70888770858289 0.922414202445791 0.832186210463994 0.823424452914372 0.687973805105579 0.347231421783318 0.857891018079672 0.998702659638233 0.71862294712889 0.739161315583883 0.474651318132028 0.177716964818275
0.0709204341943324 0.407205114389412 0.142989534500093 0.494495246066419 0.340798053872313 0.080014496707931 0.0277831051194107 0.0422073963138338 0.30445030949466 0.00829664841829594 0.107504898326838 0.529085129070524 0.070395020012458 0.0292096205274454 0.356628282917652 0.470855999597106 0.294845185606851 0.164990154940236 0.00293880310639994 0.212698317708871
0.108477575928949 0.589398222112688 0.0752187812771332 0.634266982233179 0.332258229232411 0.591414603060763 0.450526377804401 0.752540246296403 0.683348338517101 0.165432505100699 0.169202884094931 0.714663697156403 0.0743050111075196 0.0805270624169531 0.578831714116659 0.281655179695542 0.310823546231933 0.413805212132542 0.995156159055642 0.0258395823152842
0.0761012566803218 0.63172287016201 0.199439774656106 0.363367726900234 0.432405969944321 0.154158761155683 0.0108997974229215 0.406516448328093 0.15065285871372 0.117164169185067 0.289834797643264 0.846096256128569 0.0595664042681748 0.0605108570869956 0.378688248595426 0.277509304839821 0.492439060010304 0.575467124359341 0.231617381649658 0.347373530326905
0.257180033931682 0.667233986556355 0.716176260558636 0.635456025757883 0.800870513405636 0.352390431726159 0.416122841096713 0.18430037821507 0.459126362188606 0.817093124335374 0.786038027272806 0.995279159707736 0.450791683390213 0.0975930835299941 0.963583343236209 0.919906357342841 0.362775546782763 0.521014393094522 0.0173338215501193 0.981855185066454
0.59099444814258 0.845531942971172 0.932963094455798 0.722983655925396 0.988379731297564 0.461444545440039 0.27628612527998 0.70942222309163 0.674957189555183 0.842044742442558 0.944692580741374 0.624330705346731 0.674855521390374 0.486864298567581 0.837633754034287 0.992520023174891 0.871901649893416 0.85125249915675 0.999770947258348 0.00398766881792351
0.617438321182863 0.768568311000672 0.93937833264664 0.764279877479355 0.985638149020674 0.462958328377364 0.574400956086756 0.974470215979843 0.796690000064512 0.940141954951882 0.99322943965216 0.990094190453948 0.712750016872876 0.597147039322637 0.91273143333747 0.99526690250789 0.445951580866895 0.825657341736902 0.066224402918514 0.99929967603151
0.0978266681038003 0.344314521950224 0.194951131352428 0.399809594001516 0.00980645664702929 0.386377060008841 0.00875245237062726 0.171009205882433 0.131427490735684 0.0531341615503138 0.359141916524892 0.363627688315334 0.0355989797101648 0.0409811768289546 0.758217326166727 0.550360051593287 0.407626518840805 0.363578481921236 0.00277234261714997 0.000130278571368241
0.370670063141501 0.641008454606358 0.939298081321673 0.511038524794575 0.741898421885 0.871653222521946 0.674516410048277 0.8275333145782 0.52095872046809 0.890724475402535 0.88268662341033 0.991668211067461 0.467091510253854 0.288709522697682 0.931372004601701 0.999212954394643 0.68902439706669 0.780413518176288 0.0413901282917417 0.999999
0.105582722016548 0.571939672850084 0.625043421970479 0.502633429270642 0.873266455812317 0.726815285462504 0.142840792467818 0.253223067080407 0.802381831084031 0.407543020456091 0.704433279859715 0.995700481045112 0.342866956634996 0.0884238187299594 0.646388485637197 0.967791837468252 0.579179345887376 0.753260319418744 0.0145610381568646 5.2452397529191e-05
0.482282915966944 0.658335866226956 0.914895041271909 0.69068927554481 0.727869739560714 0.541814218491263 0.398917741562676 0.828703815955797 0.853324747780056 0.886675256896564 0.815047719828903 0.991597841416098 0.202178933910543 0.188603800368703 0.832412327332234 0.999664782019084 0.695199014748291 0.650639963769599 0.970797428116283 0.724504282726408
0.112509351482198 0.677910490416738 0.534482075590401 0.710815453889529 0.68093204972527 0.227459022149259 0.0675936713707155 0.901882426490723 0.60685992126335 0.514208961340437 0.468258897485576 0.806944618931355 0.155405151198383 0.0932423355252014 0.418932739824568 0.963235121190248 0.414982324612832 0.41430803248205 0.156980243112875 0.998771168900521
0.264615283667138 0.677498076292289 0.742824749549502 0.528202246896065 0.283652544765972 0.573376309966763 0.20946160219053 0.863186725820514 0.916292628185519 0.816524577448758 0.540256316141749 0.98706364082276 0.287662686251287 0.266876300858762 0.44401990587407 0.99135122423574 0.502770124207379 0.702064996163633 0.0936248260395103 0.107027653362634
0.100269089293962 0.601812941671631 0.75041659927194 0.341434907923283 0.295971275106585 0.47009569548504 0.120135002400397 0.0758482531907352 0.64557764226046 0.0287454646602434 0.757200976929545 0.939660187613822 0.235631507405834 0.0483648719293869 0.822800422149621 0.00378111145097228 0.349728640306272 0.51041138873283 0.0238141693815995 0.040270538129878
0.669957901609555 0.655866328083727 0.794560680391447 0.768362225757128 0.897370474614438 0.570829364382849 0.450546129276958 0.914404403367182 0.869025663301028 0.733926094308283 0.838615859218754 0.246838623150552 0.360078927135972 0.339866628458579 0.61820237000888 0.97483979582433 0.527766173831256 0.70252353558709 0.648418089334957 0.975355532505418
0.77876436052719 0.666167608041128 0.968644497870411 0.804535163496038 0.967821012006872 0.627757801923668 0.860729938275963 0.93234082204332 0.962585852642497 0.987468858497101 0.97592812357924 0.997958436899391 0.907116076528734 0.501045884476233 0.562517413842242 0.998325651035696 0.699460814925913 0.69889922761469 0.00252337926634154 0.868934912742345
0.0489673741760833 0.292914546326137 0.727998163665078 0.731077984434199 0.146743785703562 0.42141224127149 0.0521590553645562 0.247180817423962 0.607838763641485 0.0196785130187969 0.0150740911680534 0.618640711713914 0.0638249191583928 0.0377653358161296 0.133097818251953 0.0655329884134652 0.264348069193191 0.494612780015156 8.1931540004962e-05 0.99794152330688
0.410931392177689 0.604170372720759 0.848150163445681 0.667747628850348 0.767369594483491 0.678255081161149 0.712049173168267 0.974663185648489 0.934283978559786 0.797076032867128 0.599954048150289 0.99520687366392 0.406392079546646 0.229977775505422 0.709377081698144 0.92765897722374 0.659436320730418 0.735230101984841 0.712329567699036 0.436865120375447
0.0460445360070408 0.469742152484214 0.20395190607714 0.595320483185003 0.566572255144576 0.0653321753677343 0.0288471094335269 0.0635418210363579 0.282039401748466 0.0423886304415595 0.0186048872192371 0.732963312575909 0.0666930222882976 0.0337917516466892 0.380719202694429 0.446335699820026 0.589386444982435 0.282653244392088 0.00205771128543573 0.110964507037428
0.13400154022376 0.610159964029859 0.10524454072426 0.529746134859377 0.689324346433327 0.239133947722767 0.0452853253070553 0.519644405863205 0.106630733578402 0.225354130490856 0.301310138542965 0.141832493963331 0.107023405036317 0.0852779637229713 0.349267064927906 0.944729416657196 0.3990027053237 0.614379887741339 0.481597112227845 1e-06
0.424223005311045 0.737135657135353 0.58223006864891 0.835374911727658 0.980087595813241 0.722095605210364 0.741572341419556 0.998757849008045 0.978104485528936 0.854012975956469 0.828469763752517 0.993761219738245 0.59091345813557 0.499585537724711 0.930763975659291 0.998864979363225 0.843484512603978 0.765065526225587 0.739052072551835 0.987696426471107
0.0845526858391984 0.508451666449342 0.774968143622792 0.612986813567951 0.27845792875975 0.0842251599999503 0.352063277336323 0.498616545520562 0.388621088676869 0.092749571533201 0.228054843635198 0.928112505852108 0.190145553476054 0.0450842029921429 0.325730316599083 0.0791100125566305 0.32611537876403 0.254654853209547 0.968257269963819 0.863944242487572
0.095652356369437 0.465765268050749 0.225621439955169 0.659786470995293 0.133983018492091 0.697317111644648 0.0708008626567534 0.381641932706636 0.816306168640747 0.121736496866681 0.00957441460643485 0.674302733732641 0.072870949863891 0.0539927215479551 0.748539801158617 0.957194185843902 0.626898106229516 0.419764390741641 0.0248407550978922 0.928373450394929
0.126089628224354 0.670551461059054 0.585649326577165 0.8071649949231 0.206531653617561 0.537520168715445 0.108882838580549 0.215644243809703 0.0566287245892768 0.408978650949336 0.572687242946386 0.830334858240916 0.134287243656009 0.0818544865455095 0.313676089427739 0.744283462523647 0.648259035565489 0.57639880518641 0.988087268450705 0.999994958217536
0.495011714846642 0.736677431999281 0.883431691778159 0.532826231927599 0.990030672194174 0.846274964726027 0.231999456790483 0.501371519987924 0.888559230262195 0.722969076817516 0.960179815278573 0.989850556144852 0.478376159353208 0.314202635919145 0.795721647772272 0.999931316168126 0.464707754936822 0.746053163165084 0.0161756648227113 0.444675214579123
0.336888208948027 0.623651902734152 0.320214917208948 0.518284144182099 0.527559612027471 0.839276678123257 0.167211896366969 0.736971364259995 0.974544436635619 0.350075688158201 0.601700024243507 0.60368375616722 0.318158003737741 0.071605351239195 0.412656024352806 0.998099249277625 0.457132190397209 0.499077232459173 0.891669366752152 0.614183084315135
0.108435257677467 0.410869573495694 0.309006926148456 0.616197044505903 0.702739818196442 0.575395567592007 0.0885422740641733 0.0256512762433522 0.084565004760574 0.0846973484176598 0.0211566049408019 0.696481432488687 0.0991163067426393 0.120283859627217 0.822916095243305 0.697268574688246 0.821108956094978 0.412919277494507 0.748022419939734 0.523598987589902
0.265262677072469 0.645237147294134 0.778476371385099 0.407883597739115 0.788918107880457 0.501712707096211 0.515950862041623 0.984199676782791 0.00483615126653941 0.681697541812891 0.410558038009014 0.950184718895068 0.359387459588709 0.198607157246506 0.823082195711725 0.992948047525326 0.711448401335859 0.696455741683776 0.734759231949191 1.90299712099007e-05
0.146935827943687 0.609458244354471 0.606424973083705 0.791657921803046 0.139937738208256 0.429137779113742 0.0134391430680646 0.71707011731756 0.237499086517151 0.202805293007144 0.219444823951331 0.84092639723032 0.0458409277645008 0.0608722031249362 0.797261515531219 0.829413427347972 0.206092996974957 0.622892080182958 0.0193527275415517 0.979780310435333
0.583350078928118 0.743291454331802 0.887421707856238 0.743318272812011 0.927426958619831 0.532364927432121 0.488962845254959 0.515565859591569 0.987615981295491 0.772129899887146 0.756495601390423 0.992013866111873 0.544226839677401 0.18681702156823 0.735948824555497 0.962577801445943 0.583549389944181 0.824980326152767 0.996007149104935 0.999096865406284
0.0468849943661137 0.414262585345351 0.128457333607209 0.446667342433963 0.0960979119770761 0.893537006247366 0.0090238299046703 0.0347945830478798 0.535272187740422 0.0135509807745182 0.00630208489851252 0.915811938983468 0.0153893367675805 0.0166373250756709 0.0864347031899066 0.134133325023985 0.192697385459267 0.392664816588378 0.638641628321048 0.00342841378749713
0.854538685437426 0.681555259013972 0.768501473779632 0.698405925190632 0.99784084264478 0.535577204918431 0.45723414266283 0.883300768777553 0.95396902459333 0.9086944170337 0.978128454343207 0.98834912574668 0.741523090585224 0.365380977333387 0.880955794246857 0.997061592888742 0.717205629559113 0.874716225982904 0.173260518624535 0.0020496239969349
0.0210404315842028 0.379029861108167 0.153683540568577 0.602470341165911 0.0873287191750943 0.399136980241438 0.00474662012947806 0.00590443966073162 0.00310902535931308 0.0131890178328941 0.00066249466233023 0.168941446119435 0.0175778479859579 0.0173346309876008 0.209594103337768 0.00864228479403091 0.462643019442381 0.110708177905112 0.000287415707228016 0.00415217104032719
0.428622344524054 0.742161944528486 0.802372807055661 0.824570221107781 0.640542002901057 0.334206748041737 0.0332213248546965 0.576400559914678 0.552896166098839 0.892778243509612 0.966029778705477 0.999392518415123 0.53042192653813 0.208888766519859 0.931883792202753 0.60403048668474 0.370358663556062 0.885410514510737 0.41174738910665 0.000121967929348025
0.216126567318933 0.604740549109767 0.678003980320177 0.350501229371053 0.783441294748361 0.336399058784646 0.287689355590712 0.320728003896958 0.314049385013284 0.69324730855903 0.87089633147195 0.993973772657518 0.292571862549031 0.154551452842248 0.490370679249955 0.228587429971984 0.604735529388452 0.444707500043794 0.995999006456132 0.989575809623285
0.674111409447728 0.646877463751398 0.846736678816546 0.680532633369457 0.929530652983314 0.619617186743157 0.79891374675735 0.974108720202113 0.670342198069827 0.819469904800066 0.997017345597486 0.998306583204923 0.635085172096735 0.393966634069742 0.893925960121176 0.999457509759845 0.779227935927018 0.719518822944294 0.913516395371979 0.995732140979164
0.0137517826027322 0.394683837332075 0.351389730763924 0.63741741112085 0.0815321049519927 0.586387684935504 0.040687738489521 0.0864273693017646 0.000589537936916178 0.0307439483408627 0.0348792371232417 0.543934070474285 0.0131188908361424 0.0156560955702292 0.0948891369640135 0.821666297554095 0.16616079061368 0.153096648831271 9.06895929942806e-05 0.00011334825626596
0.679348055169741 0.802261209921036 0.877673175267545 0.667650673002586 0.978709470745569 0.338073080191552 0.749405562890995 0.95202179210381 0.604552120444706 0.884437582189219 0.953006832351213 0.995349598537351 0.453602086273738 0.440966430717194 0.789175747867062 0.956125104610502 0.695376289644028 0.673582305645278 0.232173538715252 0.999814206140008
0.057243111929616 0.673226182390416 0.16216196934959 0.527452631398148 0.110931829293406 0.184451001180247 0.0314832377811039 0.225983433394231 0.109929018925206 0.162026986577113 0.191911300753944 0.037433679295047 0.0462992426393167 0.0393673875581642 0.675049983782095 0.117114027422504 0.105850716645899 0.234417703349556 7.99521876832482e-05 0.102798990146803
0.250164849637762 0.685361581418681 0.322633044306013 0.571937293970553 0.988505781430741 0.459286380387839 0.788264580909933 0.344659166830115 0.851227080358733 0.817514032244875 0.950208744753173 0.999388082638775 0.297125906720239 0.344135458222517 0.900092408822643 0.9983991169604 0.595310060731429 0.738209045472935 0.993323460964161 0.829751841876467
0.558837236972917 0.77282497577422 0.776509795927364 0.418449233113524 0.987381252404756 0.254304281492927 0.237550788298421 0.964373641265671 0.792181723750389 0.887158754996115 0.956445608746408 0.979362787378447 0.818885999819608 0.352817175551135 0.86907275572912 0.998043825720227 0.659261120350738 0.763236300782426 0.375544303733976 0.985075724603809
0.147549716565254 0.644705799537772 0.939678424589032 0.618602733327155 0.98993142557975 0.576767169223121 0.0604148377226085 0.870880700281656 0.974599717913237 0.830128728242917 0.956009452123734 0.905524085423645 0.14078270743933 0.132759801848311 0.798314349459579 0.981828687204635 0.722953489422524 0.434490487325301 0.707783429621488 0.0029775799792584
0.373034050318421 0.668387425003288 0.451417403727111 0.830973148025517 0.860941342987293 0.396562324437882 0.321265070093809 0.744477890525102 0.99873586644684 0.88418594881026 0.839470764248249 0.976744905462708 0.731837120185368 0.194090117077127 0.966341071264005 0.998969489807151 0.230746194227078 0.43249640654394 0.040281436998425 0.046260273933764
0.195571233283724 0.582403479652043 0.333363805752517 0.739564634837978 0.336861791050052 0.140599381434735 0.112031375117768 0.629138889947341 0.0702409683978145 0.202822161083343 0.410063312643894 0.989335704625186 0.0763253506462493 0.0485797890326956 0.593982688473999 0.503477916055333 0.777788899099199 0.628348998827892 0.280774431789713 0.000187089770495424
0.194661293322176 0.494115204235488 0.56884782355627 0.646146634472389 0.659799907800451 0.352064534289174 0.219645956364264 0.894846749392794 0.717736720482136 0.573482149667686 0.106585827202765 0.954104077068146 0.258380693563549 0.177176443397807 0.818717477783948 0.429861808597085 0.567560940034513 0.640445510495473 0.0100783085763241 4.98387778630464e-06
0.0918095162136947 0.569234207737472 0.587328283995544 0.805417794382178 0.442603870598316 0.148851364387032 0.0144383363306618 0.363579362344174 0.109834115304037 0.0844693486863125 0.091998180588491 0.993524400137762 0.159367303806173 0.0503243948118285 0.352652042803194 0.637264614596338 0.466701595926073 0.253294511224697 0.06075775097404 0.000147005427689881
0.400062635036179 0.778730111429851 0.877408514979568 0.638339086613575 0.885247673328368 0.431769408567774 0.122996522545 0.948268293615963 0.396280365762101 0.848376004628925 0.814414643385894 0.776529797044896 0.634328196973903 0.442947705843396 0.931129254844023 0.999769395429221 0.748728322776019 0.854445386553656 0.0540664158643354 0.536696688645328
0.0132279250893626 0.427681918462451 0.188494711861186 0.551524912836798 0.0497771200473481 0.260106113229798 0.112919831667685 0.0286773006334915 0.0220131559490224 0.0511988790979015 0.00609432174511626 0.296752319847097 0.0144214567068579 0.0107391499572076 0.330343746869976 0.000398289822352448 0.176705785625998 0.205151488318785 0.000420998174243831 2.16164542824433e-05
0.360080217693128 0.707595274688256 0.55714570607183 0.490399173032948 0.960240356261312 0.160069357034395 0.261998067098433 0.937731653651595 0.594406130868958 0.70236132222577 0.924309879072968 0.996382797216002 0.368305912029323 0.360530572075562 0.638216430452079 0.99767763338293 0.596577408040017 0.827390775436669 0.204022263696172 0.142459006604685
0.766049298120446 0.74982423677884 0.831979915003155 0.840629128177627 0.99582075130163 0.802555643060302 0.754924058070521 0.998623969981492 0.996264224932605 0.979710576815091 0.997348219908245 0.999524858360447 0.931138707763221 0.58832587878604 0.972489454880408 0.999997147208437 0.470618952977438 0.947001663088554 0.202069476191883 0.999999
0.678319919324195 0.625807682543066 0.954045092294042 0.771011696175443 0.799407244050011 0.391430413229114 0.401392920473037 0.832078265234005 0.971228842240896 0.812334707329062 0.984558609896663 0.983715188500092 0.560165599341832 0.48260341839792 0.917989686851288 0.992815778714096 0.332366887955717 0.701683654356169 0.0254353783030723 0.999768710003447
0.335807228774787 0.513951467259101 0.609777687359489 0.581572624619676 0.591863575311586 0.439015135533855 0.12734961210354 0.561525573789502 0.776011512175254 0.377930931310508 0.449983829627739 0.987023955068096 0.255958598810301 0.0567240494420534 0.670733946706416 0.856255854463745 0.362806254459692 0.548985984723756 0.0044662350277167 0.898720885142029
0.02704127233854 0.377301841104432 0.0745217505220573 0.664852802322838 0.0519656750153673 0.104411918396261 0.0272677786069587 0.0056877946595304 0.00685730488738204 0.0292461502918652 0.00188589645840012 0.548656688221904 0.0132423432519494 0.030392188936848 0.305322513528389 0.0323856946732353 0.403176363792346 0.348186888135325 0.00876916285519097 0.0124802441780574
0.0924436713731306 0.489306875735205 0.709041065062925 0.544227603772758 0.216966443928719 0.0934831830912965 0.319833862674751 0.123289077842557 0.083930117184944 0.606724940344083 0.730120218547604 0.845984772931391 0.249174133027222 0.160629143153223 0.224976767614667 0.980883622002863 0.568052246821265 0.254294923941963 0.000702164021134589 0.996331971974766
0.0549608488509791 0.490878774669479 0.317573559109802 0.533416719149066 0.00798807144542972 0.518709082778252 0.0226253794795327 0.132632273696567 0.216478464692029 0.009602492910826 0.0178057511391989 0.92944715009083 0.0590673875536423 0.0318316732326084 0.278081041892791 0.0026271005239239 0.268243334479904 0.267192896480511 0.0526399031975267 2.26243545885949e-05
0.170415193813691 0.613853361191962 0.629875084220074 0.876958760863335 0.393219771220577 0.132849399494018 0.416538114360903 0.532944166802112 0.582384646796425 0.900815562863854 0.438623902558633 0.999141817783454 0.202858710568432 0.129405120127497 0.538319132290212 0.930884604678177 0.308838983018767 0.606266356095123 0.695775897860931 1e-06
0.291107576238865 0.604944398211841 0.863483021500867 0.403572935952908 0.946594723394701 0.35112018022294 0.117835752639571 0.0345114197129907 0.920719321399585 0.20370186139315 0.314352669400075 0.948741160182034 0.27489307031012 0.13340502706491 0.533064378085652 0.988522011570179 0.431949961942949 0.548959428231887 0.0147641780573068 0.177161470743085
0.114422081449232 0.597764427851177 0.180468888640071 0.839407132333962 0.405422944164516 0.50847675441503 0.173094939553272 0.164234977149512 0.0354984805122007 0.57863939075739 0.194621032430301 0.96573047858294 0.498919213273993 0.260576695626907 0.737287520964783 0.831966217113185 0.4914079073954 0.679506633652416 0.495595856295289 0.629106674759594
0.863693105500046 0.747559617125575 0.961754259014417 0.911970074187509 0.990333918907413 0.456517784385604 0.78763264744216 0.992653476798092 0.972746687432895 0.978258999039818 0.99631494892959 0.997841575002943 0.771449245350269 0.488437059528338 0.767850280083424 0.999914616539389 0.648042863426561 0.794336591073148 0.998391183825153 0.512672466741063
0.605145537828087 0.657759163877076 0.921773355581456 0.746804683958145 0.977306311470635 0.242791154214354 0.743346331959658 0.974228081072825 0.89041464584535 0.938050536480172 0.85762828550927 0.997654668305082 0.794501116945768 0.343444628354834 0.900131566167285 0.986111339047976 0.531518883528315 0.542501284276921 0.638231586136002 0.655398269808433
0.0657029342343147 0.610791617097086 0.481390414939211 0.392067934152648 0.249046860326181 0.398218092772728 0.14732806800199 0.173919837735569 0.886730731248301 0.103392160332787 0.0941542014233904 0.753941458111632 0.0423247915576911 0.107169340582924 0.243784986895879 0.927384906444609 0.475800419070545 0.358757361407323 4.27598400233585e-05 3.70826435535887e-05
0.161847664661555 0.5098641693561 0.222948219877313 0.573186547674534 0.645610612571502 0.089598414178276 0.0271098302294817 0.836647260683992 0.0126326464850172 0.0181705318616253 0.21923411214338 0.84177278169745 0.137772682532937 0.0841107508706836 0.633021091657158 0.528070028828078 0.515772562827972 0.410964900975999 0.40826016204754 0.00130833078393362
0.174668008915387 0.52493794595724 0.465527065653371 0.24942564572865 0.425596421159644 0.134698114957117 0.0982919182477252 0.859306370403071 0.372896132528275 0.482521651967966 0.280506292700396 0.993579317198905 0.037959510911616 0.0707526537698435 0.695949944643126 0.997372044745158 0.65353372128116 0.367059258518375 0.030229155456343 0.34564343052594
0.0359002160268047 0.444612145435167 0.128309434997514 0.737896843083633 0.535656289500665 0.183026272084656 0.0967983593289706 0.114409140238059 0.273803733443531 0.233252852953397 0.0438521776703598 0.186810233945015 0.0734630160235581 0.0737685201730731 0.745320792589391 0.584203373509511 0.161256242268693 0.228770116638824 0.00118322490706836 0.473939431010958
0.484360171097081 0.723598621553771 0.712154169685502 0.5700687267976 0.764913363109575 0.523660061456717 0.254917771704363 0.746831770565333 0.978235950908015 0.823545812101638 0.641072994321884 0.959506991520828 0.242416062927326 0.245619675670412 0.71453158681643 0.296456805572878 0.45608136783856 0.640601345194876 0.999942133034839 0.997428883009129
0.799280233348517 0.873996353544812 0.932106511604623 0.74437308507653 0.869002760906076 0.504169935180198 0.825860451062295 0.996404271352916 0.986994263882848 0.998270894799894 0.991443123536546 0.999502256582398 0.894652226171114 0.655524091666442 0.978375822222614 0.999949339641405 0.816975395278463 0.791730761582316 0.107871825010425 0.995616549260469
0.0680311341079275 0.484491443590467 0.576321026314773 0.692398702658281 0.511263966605453 0.331462154397441 0.0851654436725628 0.036644855802944 0.0707219608635864 0.171218940555114 0.0699558524236034 0.140153616022474 0.305412230406941 0.0706378817039133 0.421522462587284 0.991665890929047 0.720267521845086 0.46544808676394 0.0391423984796203 0.996558199288137
0.0929429460962887 0.546102395065569 0.65621589148334 0.184797375832329 0.43046831052177 0.310742936245151 0.143312199050018 0.66474115125747 0.889539644610668 0.266429357529577 0.616092664309437 0.099565895684633 0.45260808959937 0.119456528106202 0.0880822725360669 0.406611685829433 0.690380768301048 0.434000315731633 0.902734148351757 0.925848197660763
0.371100669240764 0.728554414557627 0.349484612271571 0.734085462130665 0.936089689190553 0.21509146736116 0.354622169259151 0.984841937360624 0.811971977322485 0.766131488417313 0.23421112684017 0.996127985937568 0.343564313740066 0.21445830755889 0.901201292592559 0.947614669267151 0.455990217107642 0.673476672965666 0.387624881291763 0.00254849350948476
0.231423549236975 0.6061020727256 0.827743444952842 0.618926912388139 0.612452564190661 0.662955033009783 0.538822252148373 0.732142777288126 0.052792893279495 0.907790218692321 0.409143880165 0.96767723601246 0.389947792053077 0.138093793705061 0.785555900523447 0.997300671496659 0.864828633760642 0.662904906668486 0.923005522534977 0.00165733469353618
0.859769754581252 0.817385246755599 0.873481366662212 0.809481435584508 0.992488899199859 0.359805246175542 0.953778388686403 0.964199126118958 0.936285679161622 0.988813376606176 0.986327858959822 0.99975937055471 0.846388759591406 0.506331600654934 0.930224218160877 0.999956194604577 0.85273608376622 0.926831550560698 0.00985337851620827 0.999999
0.149511179869693 0.59639188307342 0.788384054985811 0.499887014639404 0.968001504940708 0.0728346403215577 0.155026250113055 0.643403128506086 0.794950536623394 0.256451472288686 0.679451293786427 0.515189675979048 0.199695318779559 0.208586229889314 0.809690576836539 0.975443177449411 0.448872455544823 0.571623861003812 0.946448143475784 2.09568163794896e-06
0.0512257580536285 0.381337225836723 0.555774857974054 0.655150617776014 0.032818726779856 0.125036823476906 0.0730731373513301 0.479629352777528 0.272004779888686 0.290896524161328 0.333298578043995 0.752166865747283 0.120918013546491 0.0789562735459549 0.510489509777581 0.365406848844901 0.435091640397903 0.375100859272995 0.000382421725904565 0.975808023945935
0.235685874382239 0.723137562447777 0.446149016662359 0.302171450952917 0.984651546370744 0.306960648649562 0.58951330291129 0.838737098741426 0.718101432495705 0.95171014361732 0.93960479141485 0.981966545313735 0.678686449746731 0.110444746629191 0.69435627613913 0.491386787315934 0.434162359142534 0.688007549729612 0.00221252608898005 0.174668274259955
0.341690580659243 0.744294284957556 0.895992331619499 0.692834595397118 0.939582336145952 0.66569116613605 0.345224055352227 0.648377920369665 0.993177644221314 0.467774946541577 0.875346072614638 0.996888316608865 0.681253077479749 0.373054688190871 0.97552139305287 0.821411518979999 0.66661958479942 0.558126465590869 0.00276158216515119 0.997338669329395
0.134941500958487 0.625014120207562 0.480015063517022 0.819124501986934 0.5628793215854 0.480709892691323 0.180907666850301 0.944207685644979 0.358543485720361 0.306163352197985 0.444633067084023 0.993811421107476 0.357567352166117 0.164909020761236 0.872465092640952 0.995987725209516 0.600747122036554 0.763845331818223 0.017224572977745 0.00108464589250002
0.0175000267249534 0.466539388496994 0.460111966851805 0.342572248323451 0.0139725152272113 0.35648359028993 0.00219806311021016 0.0356536156639701 0.35532656189942 0.0028373159764475 0.000598520184840536 0.342391284412348 0.0309172868331282 0.0130224764454608 0.147762644518353 0.617458415940158 0.329330706185379 0.264405061290326 0.00572947785920137 1e-06
0.221662379868007 0.640774061670783 0.678699867300082 0.641892420196127 0.922910562914689 0.0557760752729021 0.332399927172143 0.87382506085764 0.843277772743221 0.742406918067372 0.822521800213341 0.769469278500097 0.390193088683144 0.247906623658507 0.754246188412463 0.996589144701702 0.715592790916943 0.730447958076029 0.918123189209095 2.45400691375919e-05
0.259891875845069 0.586383176650275 0.78390761143574 0.665315512076246 0.864970627760344 0.864697025896763 0.238358883208787 0.807935419259093 0.622730464715147 0.672266193445685 0.431513714053968 0.99101199923703 0.125167549640456 0.271991698633836 0.640811919204944 0.984058159175511 0.593720907106579 0.64550115325756 0.0712703106366026 0.986098825372204
0.0601911118470088 0.489500626383944 0.419077663541932 0.639753230817977 0.178267533395587 0.505650282371147 0.23698880414532 0.168288340397518 0.0340497437556615 0.252175709361949 0.0822304133847734 0.982717443004249 0.0732237710907977 0.0705075779867076 0.261201506926803 0.226127057970045 0.530620160031951 0.312919241797754 0.00705067952880895 0.970110736018554
0.629669788323314 0.791773130082049 0.676410288404132 0.585265031438779 0.581910992014958 0.667462188177829 0.286350145216545 0.801630470104002 0.894098025640824 0.872089843526579 0.94705197734802 0.938742933476564 0.733772155634059 0.44271390303915 0.947730964774604 0.999990992081237 0.53888624205243 0.455520648883069 0.836282834830492 0.999999
0.229041775153135 0.607943922936149 0.385422067574411 0.826103537447698 0.374664770647146 0.279809827955373 0.584824873224199 0.0190147190892033 0.191387400385917 0.131565654502036 0.479334373027123 0.992542930792858 0.1255684137305 0.200841457457846 0.666788513018061 0.976204255497813 0.519191682126229 0.599182654902758 0.0276687671102427 0.755247638917057
0.212948378402191 0.589804489220671 0.424810851088217 0.57927533918966 0.813801433944135 0.188078404394781 0.39021459506262 0.751706011858952 0.349233313875574 0.545479544370924 0.495648167776964 0.964447093854043 0.121901246480989 0.192178049156397 0.556983846022991 0.998049903630324 0.731909508803279 0.5608843595055 0.0232840889211038 0.736172830920922
0.302888664964706 0.648812755172851 0.290032829023207 0.808421384059717 0.86809454160125 0.588514150693379 0.0749485015697605 0.236878461390558 0.552064978038431 0.382411840164729 0.51315716929675 0.736236708715379 0.344101557437584 0.332209175751951 0.90381254424324 0.383490509161344 0.248676120381921 0.653489239832329 0.00493915176114718 0.996939169692116
0.303216359338825 0.664876206589793 0.0775747888954753 0.790004066527805 0.73048855627684 0.547875989773274 0.295827245807019 0.621913335330854 0.417858770869315 0.662407567282423 0.245814598458727 0.96963228421086 0.655451388272462 0.137025720771903 0.698874161500333 0.794379929134705 0.763011835669054 0.43062787882482 0.029716683559121 0.00229123264159956
0.239652595531826 0.658950370969947 0.738494428114479 0.789471658841398 0.925770874241763 0.299340601547127 0.109913372529641 0.151747080825711 0.987701625282038 0.264009119802818 0.2519755814246 0.991865695161228 0.426142826751646 0.149617915107394 0.826392216725109 0.930078918941231 0.592194839425142 0.475258848335139 0.0383205453071354 0.00104495812700882
0.420894880486486 0.653441246115457 0.668402251387282 0.846871901099192 0.997722791674238 0.7024767738516 0.132704289542457 0.983590153165093 0.983723375912182 0.881996310756607 0.940023448103532 0.956986261821327 0.771930328096258 0.250340688781902 0.95192919522781 0.995028762612756 0.890197324167436 0.727513400908604 0.50253413519622 0.999995901270912
0.479487088051628 0.793690783050186 0.341330245789296 0.731088783841779 0.978753538454296 0.54310493783836 0.403492807997134 0.799518092043779 0.771426673577046 0.86428829504188 0.985656605023474 0.89719902225825 0.778001702867713 0.244296866725589 0.931468525296213 0.957661022189958 0.679643075456138 0.846702909606084 0.989862205056571 0.999998608483973
0.416046589439077 0.671295221713831 0.692700798022503 0.473927923228903 0.942474424614028 0.679273514399638 0.887742727298816 0.990057008602291 0.940719625241619 0.934835566270984 0.91380924796999 0.990586436723345 0.562512026345437 0.18698441566789 0.855737027513867 0.997003304459089 0.779177512454795 0.650876869888645 0.22895887347908 0.347169974187495
0.268535536587357 0.611845385516891 0.845827124741397 0.890553413477571 0.859031358724675 0.631015790323553 0.471234638705997 0.714081019685078 0.40106872543472 0.689511717719712 0.663229743439453 0.977375940593652 0.248785214166134 0.11278212503945 0.765566730079051 0.943037273987206 0.617197262891513 0.393158891957175 0.652534786916298 0.999996754767884
0.456327811924372 0.586421813939904 0.674553763305325 0.646245817182546 0.885804772296656 0.531606740176802 0.146179497682823 0.960871180184768 0.989092271276303 0.630955274290704 0.862328462011926 0.946494080847393 0.418614574191567 0.106286433866372 0.919709764942906 0.998624118755469 0.496944679734244 0.547296065649469 0.063907241046041 1e-06
0.429918682057075 0.679490287214446 0.521678923577952 0.79958646541411 0.761674677039765 0.832867685347969 0.154637556816685 0.919418919142568 0.43797027739771 0.866775533044177 0.913766583710532 0.998146023293367 0.527838079381903 0.478071288909596 0.786695845064771 0.970498200703183 0.27136946628058 0.766700961839632 0.963587421813142 0.966197824976424
0.459644402401154 0.643162756754928 0.703512892998502 0.481914643329861 0.709851657896135 0.399813833640904 0.232448843710781 0.664464028811795 0.81814728607516 0.692735947279201 0.298832820171108 0.871412416613338 0.33042765051827 0.132426238884031 0.623427775266891 0.946911785366025 0.425794033810063 0.548962208558767 0.00105671211112754 0.000748059883259393
0.25361250956233 0.564722725262374 0.284590847797779 0.561961421053352 0.156957361069688 0.671609341377287 0.0296374535948573 0.240066379975636 0.55215968605786 0.266662704465582 0.201213634737877 0.883619799060228 0.151572197963937 0.0753328131125911 0.712987428288526 0.966388563498395 0.635049365643197 0.357326125770104 0.481898472004421 0.000187601292337527
0.773787500873566 0.794708786452698 0.879372202686033 0.86737605206753 0.997816024383751 0.426863054041658 0.641118794516958 0.986388086442765 0.997269036324917 0.983532552535638 0.978716130649966 0.999803892118058 0.941485094571392 0.691776398546173 0.822046579284129 0.999988758645925 0.483387476755357 0.847316710312563 0.95981072527195 0.999997638685594
0.147184809393932 0.460611422266145 0.1402295057231 0.637788544022046 0.826781324712105 0.211466018584039 0.150214285180801 0.43198114385578 0.838920563267955 0.0551773958591577 0.562597476304981 0.888158745668395 0.180325154327831 0.102021436067256 0.581220622068645 0.270826921321395 0.32057518959026 0.476880427552005 0.661216582883594 0.947220563991472
0.0988439123577183 0.575799644501014 0.81904735808584 0.77455865511018 0.935699006846895 0.724108166455437 0.279544163339335 0.613446655568194 0.20910432904288 0.537997536453451 0.30515103803996 0.399293886658689 0.16576427142974 0.102283670505565 0.584341677979469 0.988336576144158 0.419475478039204 0.732195825722106 0.151599167613408 0.630409105800685
0.270323829727859 0.679465918366581 0.41410346615563 0.856846035806677 0.926971826141276 0.328086561849368 0.0430381474965191 0.0339170097814122 0.601239693548044 0.502154356574445 0.318194003824386 0.966908150558639 0.0970815934801948 0.0486495310545647 0.776858136730844 0.228875448380718 0.387548250502221 0.66108234629253 0.0144278391973221 0.000908459182314757
0.184390011034381 0.62995205732895 0.769089926864087 0.407102141213655 0.38586017943636 0.516175802752086 0.218278309458803 0.751900666852806 0.725379614619196 0.287671754769362 0.633175580103145 0.939662281796112 0.264298056427564 0.224045068746454 0.42809127277866 0.990720122641583 0.463142370997332 0.73508233138567 0.148103802212508 0.158572187923048
0.0772698038457898 0.602593071936896 0.750505501668368 0.423282998413814 0.808839564047777 0.705601697211229 0.0664867640961474 0.375578717646204 0.0240003462487474 0.31523764306649 0.566989663868889 0.876522453016684 0.0574479493394362 0.0554624605981926 0.386069390845773 0.913318854345264 0.310360291177714 0.53562434947658 0.00968012837914737 0.998959713790231
0.0233023174765058 0.596203181321815 0.0331438955823386 0.416088831455407 0.234763366914692 0.32506053404637 0.142569594203277 0.0735787572788921 0.668065003775309 0.042671312035801 0.0632069807457913 0.97300508074893 0.0617103621483817 0.0457030248961851 0.198774610586379 0.00209600007084604 0.802764973296656 0.312114609044653 6.67274537751254e-05 7.00863675318184e-05
0.599266291252532 0.693956358736778 0.981189600159194 0.851555547336713 0.998030000459885 0.391732467934806 0.829129432601279 0.981873903171395 0.96577312538349 0.949673153207066 0.992610173325611 0.989873152313186 0.437344565015876 0.43737532377988 0.96028485202384 0.999538997979903 0.824528541207037 0.776770556033592 0.996947976702856 0.997621357443495
0.15420647642665 0.542348123653921 0.379680066757983 0.521624572333989 0.189606880092065 0.291059407760595 0.192855162792376 0.357540722666688 0.729783833990107 0.555770504554108 0.195621415771786 0.937893269505687 0.18816283192501 0.129366077652684 0.465856490485312 0.966348897265147 0.636619342083106 0.455008595548462 0.000196028243606744 0.0139862250302366
0.0583063187413616 0.536277100164275 0.545833315989627 0.423434634600389 0.02430557997419 0.307668660473485 0.0471646875774439 0.364350040100401 0.916806293842322 0.0658974132737367 0.00432667275553274 0.722015651920826 0.0336527876458459 0.0701881286488951 0.173326306763429 0.0380474326421419 0.322859319283539 0.376314410100103 0.0351219422521767 1e-06
0.0828250616675176 0.525958559945883 0.320518388770948 0.638383529834913 0.293022429914504 0.195066298046969 0.296136123628937 0.0666222244065673 0.38064503828337 0.0685846198418252 0.01498337122355 0.597627334243905 0.258364551705609 0.0544772933017656 0.268002257776284 0.977689820147722 0.565533047748381 0.133132179205669 0.0105242616497608 0.000160002092261552
0.213785085158624 0.613101408628549 0.672611956416052 0.744099937892249 0.695117948198605 0.43401698132491 0.19611110674091 0.821597395080308 0.283232817037835 0.678825571041412 0.547418801190239 0.995361238705168 0.185180081548086 0.168999922841533 0.829908368356105 0.946481820089432 0.715093674290153 0.383684962880187 0.996829539882622 0.000384098011542869
0.232046340867842 0.730701606499073 0.354952247700597 0.728189516086681 0.581909414949961 0.35641017984943 0.723673020413173 0.845020552409833 0.351352784362934 0.9065244839516 0.317334699470709 0.995660779679094 0.512764893370486 0.397693230916273 0.876153337387373 0.999977111998747 0.624121973824721 0.715309251928426 0.331509864694891 0.000955148849098695
0.713631124311424 0.72808873864194 0.373383100043236 0.78792951753938 0.997252179712828 0.641069316662058 0.908724231845117 0.940275638081555 0.897369510242691 0.994989684587427 0.984665236347069 0.998945945719394 0.78602571022816 0.396625782395349 0.971826975622368 0.998764827446754 0.864579337715952 0.555783272734545 0.998278008829213 0.874487225986302
0.0583165509778562 0.553361865139967 0.603861551326628 0.646567354659265 0.529256905754609 0.403864540235536 0.0749116233080501 0.0468843898401227 0.488631450476519 0.114259412501049 0.0644415740474563 0.824147515846121 0.0689327972228685 0.0670960417417611 0.1521167513818 0.132055618729664 0.670911488652129 0.334704391821074 0.29988809027615 1e-06
0.641617646890438 0.802517316503281 0.97226571157985 0.562903233065818 0.980248603440514 0.747578349988891 0.620613685444165 0.976115491770978 0.677291732790858 0.980948806158925 0.998247306209645 0.849833942150609 0.801901831308588 0.440277566667347 0.975422717050599 0.968198050137864 0.801768408286503 0.655747303545773 0.999677758054992 0.702409597029791
0.440789289210095 0.681724734044054 0.762851093370841 0.443213611811036 0.947054244579071 0.246772421876229 0.0170825415291742 0.977067701446885 0.807120915783836 0.281325883371183 0.737390634410799 0.997302069107585 0.245283037187996 0.344608403783401 0.957325081386814 0.953188508003099 0.310341405981491 0.667532131067668 0.244634865085073 0.999006160002531
0.053009453014054 0.494352004083222 0.104857612821525 0.583262670183116 0.0228490010611242 0.527212448074064 0.009800524393069 0.277416595949602 0.264547130875518 0.0774218155679613 0.195840710372383 0.916251400912678 0.123395274614137 0.0282917121617648 0.267198110579881 0.935828038759414 0.333458083733046 0.316077176315794 0.0440492830955427 0.00436103936822902
0.120879646672629 0.612497150624488 0.759951860776462 0.701831029185809 0.764296412128972 0.528508843511289 0.349569820331641 0.0899350718878524 0.414351979757661 0.445446873203693 0.120742420225692 0.295293719912621 0.135489314745007 0.129261098835871 0.864466870327039 0.93902534784988 0.498343600499275 0.516062830581901 0.00226788392720821 1.55039322372478e-05
0.790020546152501 0.801601036689056 0.881913624391263 0.628183691063858 0.999304393206128 0.428901314334997 0.597351137718983 0.973808801823522 0.931281369350861 0.991518246406328 0.996625209058131 0.999339879509355 0.901532009275925 0.638202869207646 0.964568884045601 0.999734093443694 0.535946725170799 0.917090121184647 0.462345766597653 0.999998920719674
0.108548491288314 0.678764720950516 0.858012394999164 0.647559540402449 0.933816000012615 0.504654022023573 0.310813590127106 0.203716019673689 0.339034853703608 0.41683387600803 0.386251269344453 0.782343620217358 0.358336213740523 0.131337981640011 0.744928326840713 0.971389475953602 0.564002465725237 0.28081994217096 0.296633732776693 0.278382628798893
0.510837768018502 0.763402870957787 0.632530178996412 0.671185088277248 0.944340425185079 0.234032677893158 0.716629723248017 0.929780804154576 0.54990562630821 0.937785031173998 0.969202697736732 0.735791248247456 0.380399749215809 0.276978763354118 0.819452458107147 0.999781094225818 0.469668128223291 0.814122479551535 0.046019763556739 0.627707970856222
0.0185754781849078 0.55441420851456 0.0543800614745882 0.595285391162447 0.0806272602851209 0.867906676725864 0.116452736130945 0.365621804683689 0.00796585574814358 0.0329453834317761 0.0269986888516161 0.73988900790176 0.0833074250599274 0.0509577712888322 0.217421832668155 0.049595999712518 0.338773437905616 0.468971725008652 0.484209524388628 0.000145466507843028
0.527228840103951 0.70966103830358 0.400325866664071 0.542186304356695 0.618095102881448 0.657911170487695 0.450033658657718 0.497243555129402 0.388676386548877 0.852205662561458 0.54978165380312 0.913294164895063 0.451053905740352 0.141002193222608 0.671940794905507 0.986022818056372 0.735407796561338 0.594591461121247 0.18043446996757 0.999986977959668
0.0931170604304813 0.579419337476153 0.443879913579806 0.718632238265532 0.03050241036761 0.175651072528522 0.111748579363454 0.438895144024797 0.0207335147057665 0.0833152414497715 0.0120671679124749 0.702892349809258 0.238636812087726 0.0414719738640383 0.508076938555552 0.983835424215685 0.177559929691209 0.431208450103992 0.824404758120672 0.995942292710167
0.779269275064444 0.671668388248596 0.841440756821414 0.494521028138766 0.952304827666917 0.724305050076729 0.561628453232667 0.989730943438368 0.849597521721223 0.923290526583565 0.974288025340757 0.991799265834015 0.562735513758756 0.391787335534626 0.874484842408717 0.99726666908861 0.6774517481925 0.754419879709214 0.998640318679332 0.999942684772243
0.0699351289623629 0.439617722242526 0.175503236454122 0.512217830702496 0.555192337368778 0.494886529849661 0.0649975346915966 0.252840111240158 0.776401991629933 0.0309500404475095 0.0559263929276137 0.844923627293331 0.0584479184961433 0.0705570928334553 0.458346520010428 0.829072146882849 0.405952259835318 0.337470121228814 0.00878691002164908 0.974981499215232
0.0153907446877108 0.536923676398125 0.383068766341948 0.415095936997569 0.0474849691095742 0.0793865549431826 0.00269124281632747 0.0231232484915212 0.806731757509034 0.00386719227726025 0.0124201081860823 0.882958914690623 0.0330510012542894 0.0241961190591931 0.310807939915784 0.0151748165125111 0.157731640184064 0.24018259463358 0.00229363246628002 0.486089332876747
0.0570864580052102 0.465005228799688 0.398244799809873 0.453635709705512 0.155889712520536 0.393164171672468 0.0223238456953506 0.26143881803119 0.0885738828246259 0.0998134055778102 0.00310547065696621 0.954144407274635 0.0802175125494049 0.0423000938645689 0.332381262270906 0.114379793208091 0.180048263149502 0.305472451200552 0.000211106710338114 0.998590363765285
0.335963566769426 0.587836691793588 0.35677896975975 0.462725604841556 0.973266389091336 0.706711416941537 0.254927973300706 0.788273180490827 0.938917829109389 0.891729952376782 0.648054765085023 0.983904060184143 0.456967304354861 0.531214111607 0.531712567235519 0.999760212875426 0.66271818082895 0.439255032678378 0.976676016895954 0.0375098958867665
0.114989499094708 0.479376806277878 0.569473371595156 0.340472647071781 0.359878946612631 0.397031245417717 0.244940514384171 0.336499928669994 0.323093878556419 0.279502606101511 0.345881041010672 0.753987123654301 0.0979579087824582 0.104785582812743 0.504048455514917 0.960013379251592 0.657080587132749 0.630631169159405 0.0555742077988651 0.188912243803266
0.2849550197587 0.627586656382234 0.515688839561705 0.696112325534439 0.829094650032207 0.401978248278973 0.370722876772848 0.783868862597491 0.930864934519043 0.819514878326775 0.410597605469439 0.950846542444709 0.336406863989042 0.281144238176054 0.73902278885878 0.981600354114756 0.49522930293256 0.834839217937923 0.173333356472674 0.920456408281233
0.030484424039078 0.566415413952091 0.200053950661413 0.271106565965805 0.0234886549180615 0.467937214114559 0.077168477163682 0.160394225715673 0.272561239718577 0.0504746666092148 0.0114534553525684 0.190108626223907 0.0407152979345805 0.0384460574240799 0.569357500079547 0.99946403454947 0.389908840974221 0.583030118477764 0.751835895268726 0.99684556546669
0.463846858971023 0.792172717200971 0.917817240855994 0.63838427345984 0.957977564344209 0.754719757869763 0.339554670260376 0.926142130346366 0.957603783572295 0.533948852569861 0.704022512694796 0.987333617200715 0.416616459817759 0.362298942079948 0.666262818064173 0.998902977831525 0.749502330909489 0.606816600276922 0.928480433979738 0.00256926880481421
0.0554616434520498 0.529412609993894 0.334326361217437 0.696450825845254 0.244569362062989 0.192136651721411 0.0613099986735933 0.022185518051541 0.472396997009379 0.0563632103492142 0.0116132746370921 0.0168141093123814 0.0541774489835673 0.0445747691511714 0.682878732133123 0.437041970871349 0.421608438093315 0.140396689927734 0.000345262731974097 0.951707879353685
0.0197974259567414 0.384007763406313 0.184996387865629 0.31395751367032 0.005849844483955 0.0897411213528028 0.00241769596669107 0.0085982829329439 0.0667886140045865 0.0164684302607742 0.0132130153546197 0.963745102640011 0.067974256626799 0.00962131364328745 0.550933395292772 0.444679914441689 0.270364275394217 0.387016206438385 9.29660157303547e-06 0.996322837787166
0.397696861800326 0.658305975281053 0.250845199386868 0.859968482048312 0.921505151681721 0.0881794376957036 0.278103075448813 0.796312360226422 0.942631462906629 0.874433679008314 0.286157106626688 0.997854866982764 0.752090021516795 0.122784181989385 0.830256572082944 0.971502924396726 0.640921429662928 0.623446890932018 0.0510360666613452 0.999987375142981
0.140685929475489 0.556336839364521 0.251826250390781 0.719732347180777 0.405834941431347 0.269155845277387 0.0777111013285074 0.185348352623808 0.617884535317732 0.532941926635631 0.870391795601439 0.907332039572379 0.26448289475549 0.0849903904690021 0.871889507133055 0.992547310761954 0.605806247827216 0.489000029633173 0.0250407971892834 0.970773602484871
0.0884969989835289 0.44162943078985 0.216210733015683 0.469942321081659 0.292897635977483 0.332258306393089 0.0182262588659856 0.012988351479739 0.896118867853946 0.187697745751497 0.803444190451371 0.992750656780778 0.0452362291949363 0.0631825427945363 0.399781384426978 0.681902268615377 0.302920258595476 0.359988334045273 0.952982895091031 1e-06
0.146475118710102 0.630334916083748 0.663284751743889 0.553349933339997 0.405275013115445 0.254165874643983 0.111242597633283 0.631741244045279 0.0796495289643687 0.434136476802951 0.640129138234037 0.869423039976418 0.222277366494052 0.0954576992419141 0.460766648078019 0.999121914055253 0.567587809349054 0.301567101095501 0.0247452966889847 0.000116762035430958
0.197713394387693 0.690324022321878 0.427214205403352 0.806623670447426 0.24707021406168 0.145789750484757 0.116543749125008 0.901516371194132 0.183701032931612 0.452642835907511 0.866300355018861 0.978734886819984 0.132497362855433 0.102011993651401 0.90056973021716 0.965618857595942 0.516906685423295 0.636500637993249 0.86765060368672 0.949366241333082
0.199990096550733 0.705272343399888 0.410391968919328 0.780050228536301 0.977010174513484 0.276705204583478 0.297070450339356 0.237677087718729 0.956297984785484 0.335634466252652 0.184868214250569 0.99935001033137 0.349117290545116 0.15214638504961 0.88296571403848 0.919209810825746 0.637600231973474 0.773321854762846 0.401550777827941 0.125993446332283
0.647682982739838 0.784279876971568 0.848365365474541 0.695824054558392 0.951503041361057 0.790514524134227 0.421030004806344 0.953710169927862 0.960094253770446 0.97747464232866 0.891737330048485 0.998286597601608 0.723904475216949 0.292159674050594 0.957374764379009 0.783869201181483 0.547629597168588 0.77565631381963 0.132302348958781 0.157394147250615
0.0380968527353532 0.450972387687751 0.100116535966818 0.399016887850697 0.10237213650955 0.558017264459313 0.0156703838343635 0.0728182438021839 0.0349584746317408 0.0567991522128526 0.0277646293774157 0.0816573059335934 0.0129530916019998 0.031689204254988 0.268088635077028 0.197085983582866 0.558703758848884 0.380844637310091 1.39956570953984e-05 0.82621841431612
0.232317218394311 0.63416598102065 0.258771965466319 0.720768740810694 0.0648872721395928 0.4355512076629 0.0906915612936757 0.925798312333812 0.0920973692359761 0.224562900351351 0.703153907657075 0.997781152197288 0.322135745535491 0.114837773406602 0.579628517175793 0.679386270631586 0.682705476253644 0.610448730413619 0.00428833811358916 0.751724217860289
0.354049490422654 0.720845939088646 0.885868677634204 0.791612019005121 0.884129886325371 0.276416497106704 0.416298830858918 0.919789220044978 0.938565930019282 0.541350839383493 0.69507167551999 0.99795084618997 0.455310947291992 0.38722516187841 0.833976586309641 0.969617332835526 0.701842183586258 0.649149225036516 0.675728739818827 0.841327008127603
0.478266915423688 0.650781088178909 0.543858051386295 0.61431441218129 0.813853691968123 0.403021229654116 0.457548471547923 0.351322785476467 0.911845913785191 0.641790112589887 0.899764065847512 0.990497929552315 0.349214878406272 0.155482389453361 0.908784032177283 0.998484242013112 0.643054275751481 0.67454248371269 0.149506143926833 0.000951956238131761
0.234884377256364 0.657566664086089 0.684082252535316 0.720788299300784 0.801721206832952 0.531713681068769 0.123666080160599 0.660774611304337 0.962598454509782 0.310145784752529 0.270009141867272 0.99131136051353 0.28364255290587 0.0526470184563113 0.776364091928921 0.949244608554623 0.446185906672401 0.6651079029981 0.0324172842539976 0.995150464152492
0.111331607308923 0.51724232639885 0.291403246014736 0.561123506027419 0.0984952059924771 0.584098196862529 0.0466382966952039 0.561062208611321 0.00337588713248107 0.161234115487856 0.0347478318406864 0.967849921120988 0.102902254175169 0.0503499287205623 0.437730390958713 0.749787021735206 0.395961582253664 0.477593766304662 0.0148656951257414 0.14818998496943
0.379138131555209 0.573026871233317 0.615908497912842 0.641785287197283 0.746668943557959 0.410175912390825 0.404105916479399 0.966079753635006 0.089818102243933 0.432684378432776 0.841994125797098 0.942180120071482 0.411860446345933 0.267933187386838 0.899360197526622 0.999054351241649 0.633622030278111 0.644364733636444 0.00315668611082012 0.128124754656739
0.138959315795249 0.60391718247454 0.752984903683298 0.39230898798077 0.904823902695186 0.62611756872455 0.118396543657102 0.480003372871791 0.809086881052216 0.385545861486604 0.374555576321266 0.998350765403717 0.127615018945634 0.30288251661849 0.450536816576219 0.196074398793999 0.443699852059335 0.605760649868903 0.966081555775272 4.15751732680065e-06
0.103299621735751 0.544659123325971 0.578787499611033 0.768127729538298 0.579319462194549 0.19155715766422 0.00709078801244108 0.345327576217062 0.772630003752876 0.326124881088379 0.168821050698799 0.929694725305743 0.119912284631903 0.0536651886935808 0.43613471930342 0.265721610330556 0.33247477606364 0.590278350845428 0.0383981686718075 0.0215406924066929
0.265971325635037 0.761148818398397 0.439383742642621 0.525428642015083 0.607714858302648 0.535300943569291 0.128978502204227 0.681367579531279 0.666355849028253 0.700760297620837 0.769422126476525 0.644090717092682 0.501425354431057 0.128104012277721 0.552546617613715 0.940725865059669 0.365079688947852 0.504616111588129 0.00344662295993999 0.992697140973221
0.031546212182152 0.541632805726046 0.0908104082382572 0.75464693788257 0.0314109567149307 0.502043584202283 0.0177078274302829 0.0351279131520896 0.00647297015148505 0.0895629935270587 0.0213161727991935 0.596499754008708 0.0446265460447001 0.0235255866397531 0.187386453629152 0.966008506162751 0.155076146392098 0.222265132110477 4.62960022974577e-05 0.000402416091612748
0.142118007923293 0.58791746562097 0.311059016735301 0.589620626473245 0.0129897739045457 0.67071294408711 0.276731280994483 0.403349824495754 0.595437971298567 0.354342623222088 0.845285126744116 0.970860340268401 0.149552499344734 0.166203252129623 0.478322342914204 0.964551284529464 0.470862632297725 0.545004498265849 0.00104941123655084 0.0193034966439881
0.216042780022171 0.587334351321116 0.781484079066388 0.688246087517639 0.854336187061492 0.428304637614628 0.708166841915451 0.530516659232116 0.427326011451523 0.459249878182756 0.644798813498571 0.955104507603598 0.11048327558144 0.117651243770438 0.470882172871503 0.97180866162585 0.339571803468296 0.483161397831222 0.889087357490694 0.990485631728404
0.290339693021199 0.566344959455561 0.599608587273628 0.544508588852762 0.501705998323081 0.347048562742074 0.183376946671165 0.657345634628509 0.769701268375728 0.535539046625412 0.641890811302115 0.544955337178269 0.204446513910751 0.215019413858001 0.920171647591252 0.979968034306298 0.491613160046121 0.672794521672029 0.00313776471316874 0.999409141093185
0.1325391212514 0.418954751249649 0.171576526118646 0.583773026845143 0.117701149814167 0.703426863106535 0.0095497351536737 0.0934873279154038 0.464606626005877 0.0531866158476464 0.00893400710644826 0.941525000803333 0.106659545621113 0.0793180482625971 0.280182214619167 0.944310027599563 0.325236071849254 0.284308716924417 0.0143631024480038 0.0110048783288135
0.0221290382448772 0.431586264648212 0.271374704746988 0.542567609331825 0.165032760299003 0.221579968859829 0.0100758481810972 0.0895738904500034 0.0878966383286756 0.0356370378345575 0.00308360579768013 0.687470091943587 0.135381848999246 0.0256711684514886 0.237657090032119 0.00500534549064822 0.564017566171373 0.448663933632242 0.0835194596925596 2.34023850116157e-06
0.417360947334725 0.645204463485261 0.832259302016897 0.564526982194333 0.979877446900473 0.477509734624498 0.134895595901473 0.820405973200994 0.515517290104269 0.709107917110015 0.96863659471654 0.96826177979273 0.564291798958883 0.318732614056395 0.821432333223444 0.998020220719712 0.83663288672395 0.733157751021606 0.0156631976886997 7.11590107241925e-05
0.0712780727874734 0.531229695436108 0.501629565193224 0.670338335161383 0.697066979901113 0.709500727288011 0.0230797460040237 0.14620448195229 0.722869970590141 0.0514826733878971 0.0276358116160929 0.849383169920583 0.0773548106377221 0.0657963185242167 0.660811004854605 0.985702620905241 0.249157369127107 0.582740194063122 0.0170357006680137 0.863965708085416
0.184274499030577 0.683628184062201 0.0761218648988946 0.57259482947155 0.451462345311593 0.689040932992872 0.0665729978419562 0.224048837674676 0.974571811554916 0.511604924613976 0.769360760095305 0.995932506350576 0.169196436382598 0.151640198441062 0.615242553900884 0.998395316294426 0.467200684422052 0.577913601225095 0.737942691107916 0.99842141226837
0.223533906642435 0.597888285272658 0.40162392321064 0.550813712589577 0.924515685206654 0.305535038551619 0.260390149726139 0.0479078618845606 0.768402577147757 0.407471928104172 0.252978476238078 0.785060164844064 0.400695096305695 0.158175440326456 0.863029072886501 0.994095539628699 0.428259217706036 0.379960574182848 0.176904366090685 0.998976090522061
0.156252519561083 0.596985227905369 0.167377496669564 0.485302242854906 0.701014317118346 0.918713760358347 0.0679939856453438 0.543767920911149 0.123080159877335 0.656873847341703 0.715049246369376 0.853656063279202 0.166608919653268 0.0861157345144872 0.361349513367132 0.997841268743159 0.42875910436825 0.715166090948447 0.980207522045431 0.99991989460821
0.0956804582984881 0.605314737782545 0.671668540406743 0.57202406743957 0.843719337147544 0.341448659085088 0.176467500722409 0.535482058718524 0.119431962367297 0.182446884447891 0.764241864615339 0.972537064583661 0.0801694769023886 0.0836251352400745 0.439248934880521 0.751962817179799 0.33338505992627 0.560017549983247 0.993634856574596 0.983644722968055
0.123880829395435 0.448473941840444 0.743272118600217 0.442291670346161 0.0617301601062993 0.620111155834992 0.0550066436574212 0.0222718154051878 0.053902335480973 0.118649339405489 0.0554527448940694 0.671238551571147 0.276512998433953 0.0992947918610873 0.672082370603624 0.990245751922248 0.301864763949859 0.217662242924375 0.0902767507755423 0.0206267268222242
0.0650774166703764 0.488792771396686 0.397127665200572 0.56465697050886 0.365569975052486 0.56799106015132 0.0128626590835484 0.26073118202882 0.0356082189628132 0.0647919954495082 0.128309674301999 0.221536017394804 0.0381258827877931 0.080713557076135 0.287146652534237 0.577853253452329 0.277466284994372 0.569049167577023 0.0058273761525839 0.0107690897421585
0.43401743478885 0.633044736263978 0.861102515971868 0.826900950177321 0.756907747181746 0.483432757651855 0.370796037786974 0.982995065789064 0.907865993829066 0.666617244131461 0.631559641300236 0.943538416648882 0.376219097806533 0.301146660759394 0.730329009298543 0.99264334909072 0.574975160778879 0.816857022971068 0.0676241538942704 0.0824473270548361
0.252369561685815 0.688066212112151 0.162638160186853 0.854253807242681 0.877062796882071 0.255307800143989 0.0283389368003284 0.628596512098747 0.839936094151932 0.347171838840153 0.538846576601793 0.995811766182204 0.296820889539913 0.157373656329213 0.967390899359697 0.968932024321142 0.586150572973653 0.2664439667538 0.486693814450576 0.999144038008813
0.293840224808996 0.660018984139499 0.867297439714156 0.507745351523166 0.834709690355379 0.293046218960842 0.285774526580383 0.911511256674653 0.9696510413733 0.46712497679617 0.610373523253111 0.966728700857408 0.500436331046786 0.153809682824039 0.590441277647055 0.99862524651177 0.402245946718692 0.736544035074784 0.858562118429113 0.978503108396967
0.0262779020326742 0.470467600899709 0.298976130177005 0.4065909422416 0.313908864043589 0.372790717983506 0.0374030545705697 0.0179530815866922 0.0536091362813192 0.0777459373789678 0.0237032202083772 0.780270041408545 0.0537297990214833 0.0692292669384466 0.619295375028327 0.962455477698516 0.295692661881348 0.509115268529775 0.0248554697907223 3.58962961231269e-05
0.0564777605909814 0.611012784206334 0.421959862144421 0.461675919909307 0.0266789532588977 0.175732192195228 0.0518080908431269 0.535230235616542 0.0150134246207165 0.0615224724280597 0.0282671567525867 0.906047131560299 0.0619705783098488 0.0457354845742396 0.652887019579986 0.984298135916121 0.34346083953856 0.274804920990605 0.64508983605803 0.946124547457579
0.791304649372288 0.852893964580674 0.937769292307161 0.851627478755906 0.999354755830114 0.79445754144994 0.914707601229447 0.986010220508312 0.996648749171828 0.997108247491688 0.999625129487888 0.998700592782084 0.94929053403058 0.837084298119828 0.972077447173696 0.999379872552872 0.860273886606942 0.823884264334666 0.988549970154551 0.0116627590927522
0.235138619611805 0.663951841286546 0.569686414075501 0.628661644154863 0.924511552157342 0.156763363868782 0.0571737751803181 0.31516651594928 0.132766692566398 0.757457409356382 0.547446025893952 0.960621768798957 0.253525636054095 0.155517027274916 0.719688823427947 0.997950389004825 0.670853179000722 0.605985169119626 0.089643251113757 0.999417825037392
0.154930133000805 0.689758924112191 0.703845390526114 0.651714229734274 0.543755110812282 0.35774290896491 0.118067885303439 0.570501494416006 0.135257314303105 0.244331107072911 0.0837914979965962 0.788375438377932 0.168629848423208 0.154936266384018 0.418620138417592 0.874227784736265 0.583782447340612 0.505223602010606 0.00113394557520605 0.12649605130494
0.547045276933262 0.739222379609792 0.428690366229681 0.570579934711462 0.986720649386202 0.683629645681295 0.0560072743682785 0.974149022950975 0.488777356729085 0.93441722167377 0.937837004791825 0.972042275547422 0.519757816926107 0.286912135465716 0.915128092250615 0.996418155040567 0.573982683586124 0.581543336062714 0.866442348515597 0.0157218079060822
0.574056965653721 0.723385130034658 0.934892972333269 0.596183422112672 0.990839473340391 0.640473007358316 0.120381438432942 0.98184453939071 0.965473302569846 0.967025614876132 0.971661533043514 0.978922518217565 0.81948636403524 0.587856871346388 0.894749691105519 0.999984911309648 0.832660607936996 0.729245148278006 0.988991722693596 0.999985699803801
0.0813298273338628 0.608503915414545 0.464962229259203 0.701803966768531 0.178541519252933 0.405422874911939 0.220641805221609 0.163852809854827 0.709723787879849 0.723313327874477 0.246163822819671 0.988649147834764 0.136377618971276 0.0945949445078691 0.671104786134998 0.998268379588833 0.307388793538557 0.46780917420885 0.132557201917197 0.876080397059129
0.266523326510938 0.608799153977869 0.80667260144768 0.740236146093948 0.156522150863684 0.153849256250853 0.23534298869335 0.488736559272055 0.875173675763232 0.465674874329893 0.482868436170615 0.860191753777273 0.304486031521597 0.167908818308866 0.758966368028142 0.999676338467871 0.531450271045873 0.631336905872633 0.3341024889733 0.999999
0.462315732841575 0.579099157178002 0.952584933227057 0.660385036154324 0.969071840133174 0.508119971102422 0.421526032078771 0.447363855225011 0.187151513947978 0.712117063799428 0.26110779477992 0.995339243042936 0.320746657467007 0.144018566905564 0.828098436315513 0.996962771040737 0.152403561391768 0.713950481233295 0.706983478398913 0.999984384737281
0.101082262275414 0.643752424835907 0.333202216126313 0.67504299597732 0.0421304075252102 0.207280629031662 0.0182302119620919 0.414424024898903 0.802874123553663 0.208023375954569 0.613997901806626 0.998034445737303 0.0967550140717152 0.21432018465728 0.664173010598325 0.934775471521146 0.399464554799835 0.789140690252432 0.463686847265299 9.49108114663345e-05
0.321120973039843 0.672274392764359 0.297323736852854 0.870747948591742 0.521385012738528 0.83761887345616 0.0999853001649133 0.514106708468892 0.85366233101614 0.637226702969358 0.627597878583175 0.986817497236252 0.258359016852982 0.14616836593148 0.901478334505446 0.998976006459338 0.653760713391377 0.698788116029443 0.0693284461355869 0.999736522153447
0.126780856420147 0.671105591827805 0.290150952095519 0.534153166286096 0.041545896885669 0.310900687211714 0.087597035798026 0.89593206668859 0.304659478289811 0.433005860506638 0.155316696740043 0.737823050566542 0.16559184607536 0.188567720468611 0.5847451933518 0.137636348518486 0.102584541047114 0.656393467084434 0.923173092478155 0.969341635032287
0.0642835657969691 0.428170457515951 0.384775358122461 0.412927267359274 0.0136708888323254 0.354778818181238 0.0282196587355496 0.071643775624621 0.00297736054739205 0.0261903163921749 0.017331871779982 0.0925272790686797 0.0241727567461423 0.0113558106679823 0.0901473536333929 0.153728963451814 0.222635310615275 0.34034759377363 0.00271376629539808 0.00309052100610632
0.289442562491833 0.800785297559762 0.677485183817541 0.766609326513345 0.996771200855924 0.646818711492973 0.455328756392481 0.968614769749838 0.854180146573056 0.758827858206246 0.954464657796763 0.929600921041829 0.636344355106907 0.280259141615061 0.917727683976221 0.910586848342374 0.535899522478822 0.849220512926412 0.96371021096168 0.999047301647276
0.240826848811793 0.677686575299181 0.704804872487344 0.686356157442057 0.537794620620137 0.366211766872396 0.196447194884438 0.600213288630867 0.501104495206762 0.68835769281883 0.765714254989366 0.967675278829433 0.439450714800566 0.151117443658084 0.825718990095563 0.991004773171716 0.602214540334389 0.513407217821768 0.000142856461284887 0.242985361924196
0.0796286753515885 0.492174602116168 0.241688953061005 0.44934244825443 0.331659328798034 0.516581107465617 0.0233081411395668 0.098705632554086 0.687865334842611 0.0895300216489812 0.0429340290235092 0.647173440949747 0.101482404740354 0.0575883695579992 0.116245779925364 0.0485569449721001 0.447287445708888 0.169404198300498 0.358360759966463 0.717878084748711
0.574174715837378 0.755751568573198 0.920628543889942 0.561803162343527 0.91975553705232 0.730959144198278 0.846156595330674 0.905347438113118 0.943841670785748 0.931420725681796 0.977012506497421 0.999712513999966 0.773203489674207 0.272454884872489 0.958936980703072 0.9947293723097 0.815217336401338 0.932211193547537 0.971317715944048 0.340710834059858
0.0668029751827471 0.469974712703749 0.143472439431162 0.671246859198627 0.652048937385189 0.585715565766796 0.0205034144109214 0.0815786294671488 0.113909443146401 0.200636181078502 0.0727101110622518 0.406129326422221 0.170237626922211 0.0696412451586882 0.701877235279745 0.106643468426713 0.443084953476061 0.537347345446697 0.0286603385627282 0.00379583867806079
0.271443236847055 0.634731291283474 0.371339295158065 0.639051148803597 0.812767509066316 0.334719096129545 0.268673521465797 0.659669269248146 0.103081369877516 0.763702338434334 0.15492628624614 0.887495685795449 0.332383220948234 0.236536602654975 0.509645155313021 0.882653812893391 0.576355567202218 0.684160211371747 0.00540426031431551 0.356467851320428
0.180554085042262 0.595006848702455 0.339081795911129 0.518278664387765 0.131248397552734 0.0841180902890147 0.10502554867661 0.234734560393673 0.457371992482315 0.152864245094408 0.087115448641393 0.993940363912891 0.078886013810394 0.161641821261528 0.786030291445001 0.0114230375556946 0.304443244778947 0.546628945988074 0.000795053493373695 0.153950771006598
0.353737339664158 0.627413711703027 0.492327365991911 0.579372971556902 0.950877016627441 0.5086870940607 0.770918407434685 0.923888285245041 0.839160251101897 0.844059533832512 0.704057663263042 0.698029130434053 0.482336845882705 0.114028401054948 0.951926392226232 0.927179697046328 0.170199510544682 0.770761256127391 0.703622856153639 0.991892191268045
0.2076635026228 0.547679210560789 0.562384723531042 0.482270777061171 0.344066225464173 0.518031544439544 0.105587260560951 0.22379241636415 0.567371616212736 0.349796815924533 0.416783422141448 0.999475370355419 0.237985292503952 0.167820167473777 0.732204975420886 0.830046365073132 0.825012890374983 0.678912096292054 0.979992785694139 0.995304184131013
0.197972208673662 0.565604280019148 0.461399817898638 0.563900647871753 0.120922011866656 0.732883308801719 0.048977187476795 0.188867326273843 0.0698251194844497 0.283321702046907 0.128680814906527 0.986702307282439 0.257287877854781 0.109565026525409 0.24180825595499 0.953501294994143 0.392235894414292 0.385307276278712 0.186030984561847 0.998495870542765
0.291072973643726 0.649069233767797 0.948409511567536 0.779045667610879 0.459621566355344 0.125448850795974 0.0835908974912137 0.945114449707121 0.617412990170363 0.519957912635826 0.667311644020983 0.998515542738624 0.331817007243705 0.167130022673301 0.811752961951726 0.997170178048652 0.670396600253391 0.462568139241242 0.871286647039187 1.39405493194578e-05
0.223481536533786 0.580032230055232 0.738660205562801 0.613860033195271 0.706973490305008 0.441001135818435 0.684087999573302 0.950045591089641 0.429405742467333 0.819358617219634 0.668062422311108 0.993974082302513 0.464727049641362 0.176078098991458 0.575144761093171 0.857896655309487 0.803215475287946 0.67299744786419 0.976789622283996 0.559657164282968
0.140325781082711 0.696505652432893 0.885060859073076 0.507825041778441 0.993820748194475 0.64770239160869 0.32951689416424 0.587287924721397 0.296255175011548 0.654201332263846 0.886928132427057 0.994710433471328 0.276327060767354 0.177070147881744 0.81134911226046 0.998362379681446 0.805076162604104 0.479936295895976 0.472358516276716 0.528421304781061
0.0155086067967547 0.278445974256383 0.111828579273415 0.147562474713333 0.013882951461334 0.491222875143561 0.00269513389824129 0.000661225773849637 0.00164545939312824 0.00212949203780617 0.00582368861646607 0.171636703103259 0.00476202791553933 0.016991976807646 0.22847174603348 0.00686122024241293 0.0917803123720626 0.161545135746955 5.42408548560009e-06 2.96187485431003e-05
0.0258339925098268 0.566433314198273 0.0403689624012023 0.517827979913817 0.0073937887093554 0.183903438781514 0.00487278411743028 0.357627441658147 0.127702592072265 0.0149759988922453 0.0177944855774564 0.389119375986046 0.0739946775739752 0.0159610515221959 0.0831540179841369 0.227425681088713 0.666465503698702 0.272929443839772 2.08505130978911e-05 1e-06
0.908741381351593 0.825743087363581 0.839187934693186 0.652873347735042 0.997352727847591 0.69240735231393 0.759237472469413 0.932516261796728 0.975825069894711 0.99617420883832 0.997542957332438 0.99983275052241 0.821633638604787 0.680148202996241 0.936111259474387 0.999707397718069 0.817442754886077 0.844433217408605 0.99806757898066 0.999994232674745
0.283040403877708 0.727778138042738 0.539394915370651 0.664246082052742 0.822853998302955 0.634232272514373 0.150778995610006 0.590265306613799 0.677990816833458 0.805678668524597 0.845057303444444 0.748207208445116 0.610416593331132 0.107552752221803 0.925699304072821 0.144461333988144 0.463690386862045 0.726776719071722 0.00113908448192924 0.731924802871734
0.195789037205892 0.641447856925504 0.800865819668988 0.792364772888556 0.261571049812635 0.530064878807838 0.115365949973525 0.231098076136632 0.406825187739723 0.337439510829285 0.279285843301173 0.86409131469355 0.152271373546982 0.0828876255358949 0.893091035724417 0.947028705492535 0.683257667784551 0.668670885069055 0.00597848500031614 0.961612970501737
0.1003874287285 0.417096621258866 0.534861081298586 0.639838266149697 0.199222154923857 0.414793437076328 0.0488720805472656 0.0503739754740675 0.925324241923424 0.0432933348799484 0.0268574968450309 0.983534432981132 0.0840419790817612 0.0672987109169301 0.75705358840926 0.0177419726544419 0.242618400958241 0.2663135777725 0.055969673125754 0.370340463077824
0.0565219638246219 0.485212058976119 0.027494628582051 0.577082780711504 0.234538193949827 0.264326829663351 0.0491271779480955 0.0121968490405685 0.924448924168188 0.0793475518244847 0.0827410307840367 0.732161566877299 0.052997701272014 0.0293239254988491 0.111937611151655 0.962984551313194 0.370516122356145 0.257416461974048 0.0084205888583105 2.50257841150815e-05
0.220684936412783 0.651860848431855 0.597562156339041 0.774463864407755 0.461998195956927 0.777440330415484 0.183749617452262 0.378857206878933 0.802855308487788 0.33537088706614 0.742014346737501 0.570180328395496 0.375857055559201 0.140095061248623 0.555287986177215 0.435676655574181 0.644669030007179 0.689001139034682 0.003063985916168 0.0850121697267783
0.20137527036882 0.62623453211663 0.912121978888298 0.521633577584655 0.926370808711917 0.358239021850773 0.291852375727278 0.866220215281095 0.840880443528663 0.347362615319558 0.243590975876684 0.98715727598922 0.422187649954584 0.132255847756672 0.616773823646814 0.989396581200817 0.427389209282509 0.702284977555557 0.0169200089782364 0.028945596821929
0.166254928809337 0.668704905350539 0.847485888218413 0.553149543829476 0.583287593063566 0.284488357447557 0.401588433622736 0.655724743219198 0.828674673913781 0.782423578304539 0.902510080397153 0.998837664450168 0.39350390564442 0.174996666678554 0.924220170455739 0.992777558893953 0.475636641291325 0.661522966441789 0.0526056473261146 0.00775669744679032
0.0253783536970515 0.361528965413879 0.0646574582335891 0.516349527172984 0.0496149557571777 0.192801714637528 0.0100851663365745 0.0388952397776928 0.122035212691074 0.00916868983296092 0.00161094416036302 0.0357312653286711 0.0316184171114117 0.0127234758277083 0.147283826957002 0.0505802453352314 0.369369379151098 0.38022176082912 0.000947295260883916 0.109162493036427
0.355929430384176 0.706395583949545 0.795310912198481 0.734300625674618 0.935307257133846 0.442721674235218 0.0921987965339321 0.541703745501214 0.0674992642412936 0.58298172041008 0.901832445367978 0.994625528582608 0.451138361236927 0.406147930031494 0.887355572663114 0.954228349198735 0.711093523611462 0.694714368030561 0.201116805486297 0.142354287527761
0.0953931279425203 0.443322574169935 0.237479704305026 0.514962405981857 0.603913123658801 0.416489958096496 0.0457384445577214 0.00879005550365507 0.450458453988652 0.138243989132426 0.108713146386472 0.485027353744923 0.167072031396388 0.0541290224753541 0.0332174264182538 0.543512100928854 0.163146166750658 0.355786371079157 0.0125050693447192 0.00188754092045585
0.204425175061873 0.523830723801613 0.476337567778282 0.386235235245734 0.352720522803382 0.330608196542073 0.0720279629233651 0.101420261039198 0.20372703851391 0.362977070651458 0.0505517782080082 0.693763557446361 0.368001894569033 0.129691559761103 0.866895439953417 0.507495583003883 0.428380651740998 0.667372309945451 0.110672740227583 0.995114551327214
0.12925230850061 0.540448574191175 0.136640484663164 0.422585312371885 0.391753137319892 0.307077492326267 0.634605178828805 0.040493214834755 0.59605960312539 0.2651086837843 0.321714662967616 0.75913141546372 0.324877577744969 0.181411105302746 0.308561283489158 0.954285507717121 0.539231972342065 0.489753335846432 7.22382776316176e-05 0.00746546902084212
0.0507921842357453 0.645031700571887 0.913855355422982 0.606748797313608 0.938064696740757 0.395607101136109 0.301895366158859 0.844045883064221 0.624968042418796 0.319416776984004 0.15386305684714 0.711575101708096 0.144925729460263 0.110877360221432 0.815443689781728 0.833887153573688 0.571393575014761 0.584180535542373 0.346784020910897 0.119711198505495
0.143357330653077 0.409777950805971 0.491143354001475 0.640588465557782 0.676984356549186 0.660134742462236 0.123165327138223 0.103035757283561 0.888751900964307 0.585407538468671 0.240130966886719 0.965492503399284 0.0831678931368772 0.0871032823437438 0.225026010333537 0.332046841325154 0.483003040732346 0.504792004663776 0.138920602124876 0.000447147989517666
0.0589499299728473 0.316702689896389 0.606989376775818 0.448683133267098 0.0436451806220393 0.340245369539717 0.00967962591948962 0.101019065109985 0.207631647857491 0.032313978378042 0.000560880656710056 0.34456585798909 0.0889502639963705 0.0171116931184628 0.111993195402403 0.452313581873558 0.190228753950018 0.256024998057725 0.00531498360162047 1.43218861256947e-05
0.0813692687725611 0.51970744172593 0.0572822929212461 0.660090999279551 0.043393517811764 0.41272923274019 0.193637079095898 0.221818872878331 0.0869018624066064 0.382040586348705 0.433945763640006 0.970162062561669 0.0343761113744337 0.0522318022035318 0.61002003686302 0.716655429113176 0.626308191522461 0.596759250826873 0.0174637916112681 7.50354082326641e-05
0.0548090295541513 0.540187022655076 0.0408378717391488 0.54497768549501 0.481376451176155 0.193642305084057 0.187403114254443 0.247680358634428 0.490273508607627 0.183553753449475 0.273413382937277 0.516505746310728 0.134933170012007 0.0901888631528607 0.561603544339892 0.438585729156095 0.45910808499138 0.176848363641316 0.465250695435892 0.000127251733922289
0.12129525770659 0.444703003944768 0.0974727452874735 0.577926472654531 0.285168057371188 0.41008173150488 0.0926993068799597 0.757303771401498 0.0808146566494958 0.245177875780211 0.179233941344584 0.163364570431063 0.170694549169116 0.0468395948976462 0.588174016880323 0.20207906665699 0.428474643013161 0.731123072516595 0.472371299862619 0.0688038253126874
0.0221493285864823 0.505400121041313 0.136135669958041 0.719334649252256 0.0982125634479612 0.723453576534958 0.110775148717906 0.42722742211736 0.0231445144881778 0.0400560558753593 0.0140839030753475 0.50973637273485 0.0284904347953699 0.0252370971402354 0.264890675543833 0.939597129495536 0.281792074182368 0.22416223825086 0.00848352456540264 1.24288224846371e-05
0.274271290271177 0.665057049128985 0.549284561050357 0.673042479270987 0.911424022683716 0.475211535681622 0.269544123617515 0.974051805885521 0.961976908745312 0.773091922837381 0.231387648240722 0.206765465669413 0.37868940723991 0.109028029244835 0.606738704110136 0.997606813680991 0.801398394874775 0.643739893266403 0.956659017476349 0.99457758289278
0.195072231452504 0.521076573512727 0.346852146471455 0.593967857890331 0.180948711681671 0.281141835873849 0.134558336513355 0.632910115144819 0.0943122973917497 0.384739437527711 0.0680408985157935 0.987444197256653 0.137724306845094 0.0965524513902354 0.17379614227614 0.990168935445238 0.691642613171557 0.55907059833432 0.109971591594102 0.998378709760475
0.249470800974802 0.699183900008991 0.768180054560482 0.73266378000352 0.68884675328838 0.415626684486583 0.177320441559981 0.638837841999698 0.100463669906571 0.751431088197819 0.353643320184858 0.951114391716619 0.385153255434309 0.216178047031791 0.712685514897726 0.999904809860456 0.7590313513873 0.565805928765569 0.483421287923329 0.998213219337452
0.296429444857172 0.690688771569972 0.400439870453385 0.697961920323011 0.899085750702546 0.653426570859085 0.117388125668237 0.765534557364857 0.23966044090866 0.726324883533267 0.839538192149024 0.766997124643421 0.275667849529056 0.0945321657338083 0.838297355150629 0.998782830440132 0.62582420509466 0.658654609852168 0.945124531584009 0.999698945548235
0.151565611215197 0.643297625100961 0.70601665598399 0.798138035453695 0.923676754370095 0.256911671215685 0.235683424197202 0.373643234132202 0.463764342680247 0.477007276035573 0.858767525841799 0.835112987887859 0.370559064569182 0.179045453777724 0.650927052781492 0.967895145955634 0.611711620315112 0.461217986584599 0.0462083009409349 0.812881352990564
0.548978331085092 0.706248812732593 0.297758936596872 0.790599566986996 0.748854887395926 0.269477222065296 0.287118790968622 0.821997425419139 0.996435240134213 0.778375568872665 0.597857464297353 0.996071804707304 0.59894812350183 0.21295754442144 0.751537185822383 0.998358480801336 0.55127323129656 0.624613684736014 0.613887102747519 0.0758972104667917
0.248927331824777 0.652491385293966 0.864574881140191 0.544980774759781 0.966852596008591 0.295336404128966 0.520733865409277 0.592428755168045 0.0696643870785719 0.845455387954484 0.889318935086296 0.995951252452127 0.598906132656896 0.314266041173506 0.611773514112991 0.998871664191524 0.331465559713632 0.797127281694255 0.922325881861373 0.957874613611289
0.203790698080871 0.569090605838358 0.325617953529999 0.825161852887892 0.295593546755873 0.601482611881233 0.229984420765808 0.402791395417601 0.977912370039907 0.165144515068868 0.0401945738981394 0.558030449265069 0.350470708031941 0.111304118872875 0.317276207951673 0.685799404426135 0.351713140946853 0.463902501237669 0.924946138705812 0.999871912080271
0.185825255561792 0.58855493326512 0.86492685988332 0.664465737349565 0.584069581172759 0.81536560748001 0.032382297404014 0.464205003717106 0.285220769304593 0.601642086268953 0.685668602120714 0.87793984684196 0.19833376545206 0.151711860520963 0.652346430799967 0.966828747322272 0.755243123679224 0.2423350736417 0.162682531347769 1.70091189510853e-05
0.516185512075272 0.718908298846981 0.687499876517267 0.579059399694193 0.965229813428468 0.827686140138223 0.154374744525715 0.978902870259082 0.978365863061561 0.929053052341539 0.782161396320737 0.971085373036341 0.625470360082295 0.34089293944389 0.941996228079042 0.999840367578647 0.813093050729441 0.601064006268176 0.647420386420195 0.993852579568777
0.0850521023310822 0.57309424741601 0.232487701437165 0.622411979879686 0.320454327138008 0.224531300127623 0.16710306607569 0.0495678371382905 0.710598485341529 0.0374652214882715 0.0776012735847694 0.505034730197314 0.0187490515883452 0.0220890393132888 0.314169410655932 0.765504899778077 0.329665111491752 0.186216178847823 8.79370584029162e-05 0.0988929680252034
0.135695233851196 0.658058695166113 0.566396988604638 0.632603928278617 0.253248982900523 0.268690146526751 0.0516323762686191 0.570183782892296 0.00385859928394324 0.461766788600811 0.340286609315163 0.990378392007937 0.187130863459643 0.0798034981808554 0.235453344067764 0.96871404170158 0.631090769946161 0.521087756286641 0.134898509417057 0.98744917017405
0.753944881293009 0.738749193569047 0.960383253222492 0.729165960442119 0.98926581771829 0.707789970266954 0.369056584710542 0.924239870034267 0.88363644135058 0.878629740393766 0.987371384622024 0.98414176992734 0.648442182339301 0.406314885458067 0.787699116154179 0.998109101557316 0.307046697477162 0.716789057182922 0.985924462019859 0.113038579147414
0.0618460906002998 0.53972952914059 0.154044888204011 0.645827296549001 0.158125038352849 0.178952341486965 0.00617796973927343 0.0096866618141106 0.529822197548249 0.0656467358636631 0.0435776282197603 0.73538760071795 0.0919220621311784 0.0483318930425954 0.36380077726217 0.664668002725314 0.459262940992073 0.445799192090275 0.0093518406033052 0.61092516675037
0.115758204035303 0.500537183995847 0.302296810136901 0.807696201294354 0.718501568622133 0.384745016463843 0.160642699999704 0.783830145089018 0.0728361889443731 0.314533213538619 0.333376862792516 0.866288385431182 0.196009146637025 0.165436884511512 0.899595873870737 0.550900410407114 0.619100087893471 0.680377037254409 0.813210611127287 0.246859323450921
0.0958680340348785 0.674168412401087 0.75911652584345 0.761873784283662 0.693360938565056 0.230542386910017 0.421603222762305 0.703311608061561 0.42341944081432 0.728353683534763 0.622080804457262 0.766467152715926 0.295186660840565 0.179283746478208 0.344811387067303 0.709071166882361 0.433055716225507 0.807216393129201 0.974610372083104 0.976594043422634
0.244484917648747 0.631920931347769 0.798924027012251 0.515799461671484 0.899631271147675 0.449185471357199 0.134762977176173 0.910657982981202 0.969186630592837 0.790380680728407 0.695002353788138 0.993534200214791 0.271397264322279 0.204088359240479 0.89593356175483 0.933520838733664 0.476153718859905 0.669606765805971 0.0237572218390251 0.316285641923014
0.531300348837273 0.710900394210938 0.812795816767495 0.845296020115056 0.972587792123437 0.262604937203289 0.610641141506086 0.768916400990173 0.396743827286981 0.633458669245924 0.80378999101723 0.989003440519551 0.613332869653111 0.243917784706649 0.815850042178068 0.98215324188168 0.78725766776898 0.881687956978196 0.140781841000064 0.0808703785441298
0.135880449499727 0.540755268490493 0.459165817526096 0.45769427899707 0.136024610687441 0.274940022476714 0.148917547281049 0.46186831146488 0.927473010472711 0.083472939235788 0.294567877250549 0.935731944002569 0.0657839733471599 0.110779266403518 0.479849794093833 0.527912706707624 0.343563487123488 0.37352045753448 0.0413374122152388 0.26181938186666
0.105669674250753 0.697510234802823 0.81129643833351 0.494426767163613 0.494085224815068 0.763557911945446 0.042094779312661 0.0748478855337451 0.544882332826991 0.194689275970614 0.325301166612387 0.967458094485349 0.424344919189736 0.127735382027584 0.922511502600981 0.0834160217134806 0.520260768989309 0.776131644390839 0.0011014408105965 0.00053280032414921
0.716187217513774 0.81217469777495 0.757038796173769 0.73757652927765 0.960899693330869 0.591954070791033 0.543903620528104 0.949197765736515 0.975208171397948 0.976021634151496 0.853364436263855 0.999074157871266 0.374446042259343 0.422054376234615 0.485540485887094 0.998999707852102 0.787283458667384 0.745205116666224 0.191967480730393 0.915283167314166
0.0724127790685518 0.511921633438664 0.636045655506048 0.546247329196469 0.243518412168004 0.230312083523896 0.0136036986195635 0.471431884257812 0.214903827834009 0.344864980283843 0.198391623084921 0.894557148087985 0.206902453768137 0.0774663938367253 0.250575649314449 0.968058160779237 0.761540404236373 0.564341997299859 0.00107310848432016 0.879584194194844
0.047680916233758 0.432719786267624 0.540461782752074 0.31656038141351 0.257985395641896 0.184905385297697 0.025427694545153 0.0524527769799381 0.20199146480178 0.190682151142411 0.322714208615528 0.174348550644343 0.0247025336088404 0.118727410753624 0.704748511312159 0.996110343041908 0.35763206202604 0.288665961467397 0.0191642873995457 0.000642358154187296
0.325588736472686 0.597970888488012 0.596597538137098 0.680386883972234 0.397119854857997 0.643622258848244 0.228364133945557 0.551226077697456 0.715226456326139 0.713876791270822 0.289067105861036 0.930032352371936 0.391823764522623 0.266453449734296 0.774126927443559 0.990658483188527 0.374055218086169 0.697686164712786 0.00772113467724609 0.113303158188686
0.114333800815147 0.564653773098836 0.355815510515786 0.5024241458591 0.678156222102845 0.492288120865964 0.0631558810036254 0.0724833688306286 0.13526627066714 0.207181576269416 0.349047948649454 0.994254887953916 0.322080971950622 0.114591085731963 0.684145897600336 0.954909480872855 0.702151699027639 0.429873449955211 0.00414804647209138 0.0221071509812034
0.427662618724526 0.684485901423079 0.535908981227557 0.890470259166906 0.965935704399177 0.336203306816716 0.611487953221899 0.97976066210876 0.963783079435839 0.934987852099688 0.942849723473366 0.799608238063724 0.789120138398651 0.449705643317081 0.756476538824166 0.998764839296294 0.689697400158888 0.767109001230635 0.605652059905529 0.999999
0.051890692310738 0.553811098374293 0.148858775732045 0.45952195584458 0.0165270568579907 0.718018614058819 0.040823522967241 0.00519124730910057 0.138458164287568 0.0492970858383631 0.00350242324946428 0.730602234416501 0.0232254263922284 0.0598915677975274 0.546378980669329 0.178201059535665 0.443155576469298 0.283945969296349 0.715398063403892 0.0229650219359887
0.492559631975227 0.729695324941537 0.788351368822456 0.664502447547728 0.971791624821185 0.188725582584545 0.859163190618575 0.889361967712828 0.95346509960664 0.966337651877538 0.768966577272871 0.999277397553685 0.814628445633061 0.534225443212081 0.809555421398812 0.901947565889738 0.523243799311533 0.695560589026511 0.244773807090443 0.495598685430576
0.326063024915428 0.593938859369235 0.311910538669577 0.760233818572328 0.883051528900681 0.0948135903066315 0.03428996546324 0.417489799361484 0.876561038548369 0.542135901627668 0.831569928413053 0.964203576286294 0.083862501844863 0.185395447946306 0.45374835122089 0.992163717945465 0.316794265031627 0.445452655568316 0.101366741016137 0.841642872692799
0.268016016772617 0.678918451186855 0.759466360475747 0.544869634948604 0.866412643655561 0.847773625771863 0.181577203152334 0.712892976993006 0.481624884708941 0.634253998937144 0.387464500083581 0.986157898621324 0.39612305464328 0.13572512507623 0.897487808565732 0.997968395753817 0.566780398951966 0.487973036185771 0.00198534686287564 0.750327907835703
0.319311105484252 0.708472491701067 0.492711761253956 0.85416497195839 0.467202274417977 0.491547654957843 0.305370153830714 0.797717771416374 0.979679228742945 0.661293905573689 0.561223030327535 0.996277198211361 0.226787374971191 0.25030274553169 0.771399120378779 0.973804456701259 0.251947405695813 0.869689816787237 0.122342566112848 0.965076559796259
0.487765173576599 0.768410649464989 0.652981706719435 0.793404695765785 0.913215046694879 0.0841426473099793 0.286587643700194 0.92909712449433 0.849083908819069 0.940692247564341 0.994802412086854 0.924680655265588 0.750481192140945 0.536424170186886 0.838474364316836 0.999731837525618 0.618109981920484 0.842040148381092 0.905737397229248 0.139349282601223
0.361993504824418 0.72473823155261 0.929949055325845 0.4151709783939 0.976592476933344 0.277712388031234 0.497066534490984 0.850189501241088 0.841781105568352 0.755421709317931 0.860709533748226 0.825169029787536 0.396871039846265 0.303068430959372 0.818593591194487 0.955077907442343 0.799395926119007 0.761997682942687 0.00331358686337836 0.00236554480854097
0.29220602770674 0.691987526574053 0.602796329093771 0.801693026711594 0.119510924578057 0.543788951109433 0.308521897996215 0.814130859027856 0.654908932220105 0.414936247204963 0.93349253761152 0.998457252891198 0.601153073646424 0.245350061898446 0.891443674113785 0.928883634902263 0.445722252221097 0.737928818183401 0.000436434074718453 0.541457246339633
0.16966870306186 0.539401516194961 0.422431048032566 0.716300872523582 0.209780943172887 0.325361115464333 0.199117671965541 0.233650066782847 0.39608201139885 0.424888474793629 0.890694731560998 0.976989006338097 0.426136372662321 0.110376678507525 0.81801186542481 0.806431315559199 0.442869410763685 0.439664788906677 0.4943133257424 0.91015250859843
0.555575481851678 0.766007797178374 0.867491042574575 0.780577144765964 0.952610255156662 0.441735043065312 0.607209206844477 0.851057818812722 0.994920211862628 0.984392439743796 0.988759926367067 0.9918301668998 0.861544814726138 0.314960721146178 0.973574058217679 0.997691817713297 0.565509896682915 0.786626283326756 0.888364132799559 0.897408339746649
0.189811472312958 0.60337282149377 0.176587337632489 0.714456669053558 0.837986627122469 0.558383056744084 0.101568600744119 0.336218927580792 0.961419823404482 0.225013387107666 0.163471421435227 0.518409015810091 0.165712907760083 0.0779504742964416 0.40119498775734 0.0195557917139804 0.263755783673957 0.451961578118988 3.82994705083138e-05 4.21300321176917e-06
0.0367838734012975 0.415260038520229 0.415404694764309 0.329265970743707 0.122168695184273 0.250229449957236 0.0139754071125956 0.018178789865219 0.44404387352751 0.0488967273510358 0.0763691790254853 0.0157901502087574 0.0585266955834445 0.0214899947940153 0.0376208905704056 0.107492819669965 0.22462681690069 0.517452963349087 0.00881889915660687 0.000177916948704406
0.0165227501947755 0.417327345376689 0.112440532509958 0.752797127227954 0.0151419700612485 0.225376574466431 0.00948097022097419 0.00166074066085681 0.0744310204738771 0.000981064370725529 0.000950499695888512 0.00440777363014107 0.0102242479627759 0.0199368393638206 0.313661381233507 0.103710680962251 0.212078138589688 0.124502217614912 0.000734318304983163 0.0086378670311291
0.318333716125297 0.539937413959164 0.421506815883231 0.508339720621472 0.439882402627641 0.700467060873304 0.0394168263757101 0.962468437103787 0.0598664157146714 0.467205965804289 0.251869430146697 0.990889640057565 0.263591736975954 0.0852370524554344 0.340575188797747 0.275869368414902 0.514128177926444 0.73203970897616 0.963460413714504 0.999975504684397
0.0283300065516762 0.467319755935133 0.22481754199373 0.648175377464291 0.0624758772189193 0.185668270797297 0.0615873436546289 0.012538952272532 0.0137053686020254 0.0315139013145632 0.00670610339988113 0.503324495210022 0.0534164879751623 0.024422145537512 0.386899351641426 0.0012411650524837 0.297007146046801 0.461699420522411 0.21010644674027 0.84701017059415
0.141384777137429 0.606650107122553 0.238201053253656 0.490126777342868 0.174549462735515 0.148926488539865 0.0397956958338855 0.720766971490025 0.91357127357571 0.17215760912256 0.477013634051918 0.975336547962676 0.323328318747157 0.197695051361881 0.82357882740011 0.870838941676024 0.561184239711658 0.655901909984243 0.178567263521848 0.090655859616397
0.145578642637166 0.619116764461131 0.19697172369352 0.715037326011347 0.790427418054 0.612464015549587 0.148536062443201 0.117891253393814 0.0657153187081046 0.368286969179552 0.497271436447636 0.870203099088016 0.256366367769622 0.0633886302430244 0.451463860424716 0.980990528710843 0.37962960413135 0.527285560115034 0.00148073891373722 0.0446881134538845
0.346255636544123 0.68750395350294 0.878116101438911 0.762952396395305 0.803631311637055 0.528420938732392 0.222012991644224 0.936638209071157 0.956662895402508 0.543254500338737 0.402397173150941 0.977660510535081 0.524883660157155 0.227843444276577 0.858968041761474 0.996477620275244 0.283569648563859 0.745591055281275 0.81373017339238 0.0085457473506021
0.166058355861496 0.629553556228467 0.728967709849505 0.617735009398259 0.721217933062744 0.408741190307177 0.515539953363288 0.241765314836732 0.980569769662606 0.757740181388614 0.474176495835882 0.995793716757401 0.250437726962552 0.215457638859244 0.848082120233525 0.959326162770072 0.671154384761115 0.756491122934792 0.000256085640354883 0.0153416554065751
0.286728903282408 0.66048299006986 0.759158346297199 0.637838156238811 0.861427905944778 0.233186369500918 0.137010151207867 0.790336782709781 0.643529303950403 0.782518337738453 0.275023857480336 0.897762080242624 0.239810787485686 0.18119556654492 0.827604002569231 0.988334063295497 0.480003419733337 0.621475257253582 0.28536377422572 0.99999684145973
0.084622634447631 0.556688889030524 0.243073635171459 0.670237053339553 0.486644132955141 0.554780897917903 0.0229098387773951 0.312308980859068 0.0228378629596848 0.065723300038498 0.00526148772264882 0.964810545224064 0.0522191558475821 0.0283101165863487 0.427998118227795 0.845550599400694 0.236656608938005 0.488379555156421 0.0256536669766914 0.57068636779907
0.710832856414644 0.818835782094303 0.960762538330927 0.871583379536614 0.999523696696965 0.474933163105805 0.599527797805491 0.997604205362695 0.997699644117524 0.991970221665423 0.990816529925467 0.99995183948333 0.79770485074379 0.624739375438802 0.581635518321884 0.9988930310092 0.767871269231585 0.816384620076566 0.94156017104995 0.997218962804082
0.121104090988323 0.590712900493759 0.546174678051384 0.775585620058997 0.959795030723738 0.554494743176302 0.0187965211146648 0.282065343131441 0.113313320072913 0.464581173033705 0.104813998029676 0.93618064606852 0.0821200992871573 0.0571051612376469 0.586630604466138 0.702158633461965 0.301580331795276 0.404217615015313 0.00015124479692831 0.990996582545557
0.108782598173228 0.557683240088838 0.4642149795095 0.551390577369477 0.559038325927978 0.776177359348503 0.0373383823298079 0.498807249586507 0.569668054792609 0.322511767789992 0.507388190348628 0.986819370427259 0.316350693913473 0.0901063096102736 0.226089931909303 0.038450011769788 0.597579272044786 0.512760797787799 0.000735453772291363 0.0215514820405174
0.0224415942994117 0.364953447588418 0.169514497545396 0.709542886103023 0.154598980632689 0.358078395410166 0.0209561317225932 0.23874621095235 0.524719693669018 0.0545023232467816 0.00307895389660284 0.695696767859502 0.0243000075927529 0.0284441845895206 0.127716935643059 0.0176770712933272 0.166630494974267 0.249671691338459 0.253058956729783 0.973364196057517
0.0473526784176504 0.452267695108622 0.492213046502827 0.630939305142026 0.118676366950656 0.342149520371496 0.0156389079364302 0.0238401552502009 0.804034199705854 0.0208149438106904 0.0454681270992539 0.436718800224122 0.0364620233142229 0.0661629131284459 0.510724679906344 0.956146012414526 0.377164044551058 0.704445174943071 0.0519906045665755 0.000200642447368555
0.0151576815421145 0.259002197335536 0.212996579566216 0.295555023871882 0.0113951966237312 0.417988592964611 0.046573923943964 0.0140242441465292 0.000774257236350365 0.0281888431569871 0.0062870248637635 0.0396401130161983 0.0273320483638134 0.016444881884269 0.0299526384521994 0.100701052499566 0.293829755283936 0.312686371007475 0.00240689946234116 0.994674042902774
0.0611109098485193 0.38397093899099 0.06028038701756 0.703489951252895 0.0290586062390106 0.547694926742228 0.0757437116280622 0.513040693256689 0.148464956370943 0.0974296781867412 0.128757626053393 0.916201406305175 0.03945025453216 0.044938983420564 0.40401318202997 0.798939813880593 0.180589682037388 0.346832294456588 0.0135933288915706 0.999990868449889
0.0151427703216379 0.421666273485954 0.152946846617839 0.399206327026112 0.12110866035832 0.0597485085913301 0.0260781435513106 0.00146968895896205 0.17058402817511 0.0371586705155068 0.0169637811684502 0.53628001499928 0.023971157671706 0.0319746852283226 0.0337165621736899 0.270440694032473 0.373992932396275 0.252141708624252 0.505700692801479 2.0079763658055e-05
0.10891076910677 0.59071819463787 0.194978151721173 0.692934343779626 0.912147253684437 0.402228961692903 0.200458286669726 0.72672445284761 0.995728261637255 0.441233993050314 0.208559690523173 0.981017723763113 0.219713633949484 0.163738082072708 0.722687584687718 0.999204369690519 0.373678404426469 0.789686986849017 0.0706776212298753 0.000422337374073928
0.173068633656788 0.580917019476603 0.349996665753445 0.369621311225151 0.919621324968925 0.0413322106406771 0.0551953586423913 0.14086626242143 0.724248849397614 0.0578669300344721 0.526162913278225 0.487038071757918 0.303528017491776 0.162596914869428 0.651546047791832 0.999013237820576 0.39942791714375 0.319750031373131 0.818273073882479 0.871468078471978
0.195896483182251 0.441720002297603 0.0514033758900726 0.709825163344828 0.0377050799427135 0.250758253949721 0.257218507333025 0.0516194150487492 0.0657839536815735 0.232967917612072 0.295802064543225 0.843279848467863 0.134996360450871 0.0646350148160046 0.639666277757057 0.753906043111226 0.494804114243048 0.394511872258036 0.665187699591509 0.000402369218058948
0.118995615170301 0.712378838998528 0.541142895272968 0.52693943716763 0.0744289324642722 0.152784803914304 0.137783023621174 0.134464135836907 0.0213372648932178 0.096174393809767 0.232355461853831 0.996717317689179 0.169342407094866 0.159801327393863 0.617083450948759 0.994087576539841 0.479794024677476 0.329133141199679 0.409252342387732 0.944088439928865
0.224127870950265 0.633258688534646 0.740852281682108 0.435078541986015 0.937781094287362 0.750691693884072 0.391376485628845 0.885874494738702 0.530963513793959 0.637584887432339 0.8909581405354 0.966617956745236 0.312579282245846 0.15853130450737 0.829624017792747 0.992334765863113 0.443241560676914 0.723008194933862 0.0143807709463645 0.0715048149185726
0.750649259676185 0.78407404557095 0.956657269703628 0.767160184390863 0.990031813636786 0.393436842765593 0.88341588840356 0.996552633395219 0.976064386540761 0.942853462965977 0.979278370171107 0.999441960985776 0.759689610303305 0.623536614985993 0.962761416671851 0.99940934920414 0.768015641887759 0.908738281048427 0.998306030615616 0.999870689005296
0.422695964955692 0.689365702039514 0.810332444520611 0.74397260022501 0.948337580540913 0.860015408357309 0.436867966586152 0.748691443117456 0.481968502343486 0.926632763949932 0.837724396514235 0.999557189123423 0.453071923603611 0.209299652613741 0.78642882425136 0.998011304873181 0.488328436655905 0.512869386617048 0.93335045800872 0.872123261773654
0.0796176647262637 0.506275056440989 0.253333222309192 0.615758929961594 0.157454002890411 0.6793123237115 0.0139577079715814 0.714880912288065 0.70977261044999 0.31360461977506 0.0348910496266882 0.993270088980143 0.208860771436893 0.0667928907445864 0.163174374443813 0.716713751795776 0.361804303006982 0.345008829382228 0.0206051158614593 0.0200121442546445
0.199395956545034 0.600694699708409 0.260879878308588 0.803449808537535 0.653464374699858 0.797809463905158 0.651213962308824 0.689261113201486 0.899489355398169 0.781772947371841 0.504885372647598 0.73829228104934 0.534549549812529 0.249736561034617 0.871049214128054 0.985927270431806 0.626365681707703 0.68882752555202 0.980200419339711 0.960376904275786
0.490820792633916 0.770930432468357 0.721483333203709 0.655661191158887 0.89497340829886 0.814133857603688 0.0773026606278489 0.891551854931074 0.56607369747286 0.969419380849389 0.963368134080148 0.998291407153327 0.669184876038164 0.347276197586504 0.952608059539093 0.934357257064665 0.465225625544356 0.679716019432011 0.0103258501613404 0.0709296546136132
0.0807237773322594 0.606817861390745 0.425844531901637 0.313571105628501 0.144296587543134 0.625706324756275 0.248456475293651 0.872124703791193 0.171028414276682 0.209140346093013 0.692320947770529 0.979149765363922 0.27605786440249 0.131418212350793 0.666555412183326 0.810881959303598 0.644470010788261 0.663832949061776 0.673757549258955 0.943348036650741
0.325094479639021 0.724131444393946 0.149006909134477 0.758304929306257 0.0820144870524153 0.682560695635845 0.072830647437914 0.716150044848394 0.982106322587833 0.703833010592119 0.683532367128282 0.868954894024863 0.349489369320377 0.156620859948897 0.697844193150128 0.915950710224325 0.710141855607637 0.614012079384818 0.994652290097477 1.04502773340605e-05
0.257371893599131 0.609453138205753 0.806916606891623 0.379185165596492 0.256558005675937 0.295782586931167 0.0582269501870824 0.231422165044357 0.954120935513274 0.730098517460649 0.168754216844055 0.565994627919238 0.147150152112865 0.026570591692051 0.614617110876631 0.999652575915841 0.286622247732824 0.572763102661248 0.000973368998168875 0.904632308112511
0.0884324050238957 0.537470574822274 0.511547696865306 0.649983099689722 0.435973680114331 0.571045923827958 0.0852052500134857 0.395031872399203 0.0303384928470221 0.03879919676228 0.0151903874495547 0.976033183523002 0.0541977721988997 0.0954456777204144 0.794865622252087 0.919946247250902 0.459511260353141 0.35267882166236 0.019458815327497 0.995831029532051
0.201583016678951 0.447254951238215 0.232586402412822 0.528543555974992 0.897810607327464 0.343918925570152 0.0130901269859998 0.719779816329355 0.535832265725204 0.134285299793092 0.331465226674639 0.610712378212808 0.0573777458700774 0.0519595610308204 0.472082508708165 0.966173203236973 0.419176830818632 0.359253223756536 9.79106603369117e-06 0.979654864966225
0.145362228075271 0.566949748403266 0.532361844896989 0.549187225328478 0.667167294648192 0.139450096323012 0.246085674128426 0.53631454087638 0.422105253229431 0.401109418522227 0.902597727196268 0.98918946461685 0.171549047182771 0.122547805516845 0.698334636105685 0.953732981634546 0.672942191926139 0.610520617719226 0.611686155765039 0.935108474606587
0.644432553898279 0.676739637912483 0.825392257354409 0.672659869309448 0.984218945478958 0.873738368363242 0.227819542166891 0.996089844957181 0.633743471433365 0.917410910788273 0.889920596864399 0.999525803524456 0.684984211976958 0.151688442613891 0.934866984952571 0.9999327011151 0.166058337646774 0.69990951601657 0.47321112603234 0.942587157647824
0.247174760248827 0.499832468676616 0.624054212784293 0.684248553821983 0.96698296386894 0.308358670692055 0.194547254936871 0.142248638704889 0.577756943399412 0.555177072469032 0.617714898548435 0.947109252404272 0.291811455370945 0.0654429343821858 0.862857789973615 0.99938648695981 0.716106265858241 0.591698871722536 0.0237667758811073 0.960693223269689
0.373855323657495 0.693071190595439 0.810014557941293 0.484009185420639 0.873881862508663 0.63605248822184 0.453484631226152 0.955143797570275 0.840356604256521 0.839078956504531 0.739555992828635 0.980811018810389 0.497058863027061 0.333097020895773 0.863636752350338 0.971425774568166 0.387967269684005 0.822556935704863 0.991459595376167 0.768764042652475
0.050502347227429 0.519184023659243 0.517073935052505 0.469872157993029 0.0883357314984227 0.100185634620553 0.188441718171386 0.0824399558262992 0.891560986098913 0.242479293131231 0.207637703755416 0.308333389604061 0.0937657909048912 0.0852762657706525 0.28096221251067 0.0452933684241433 0.278050149140927 0.514724684016236 0.17265142029477 0.9873135917817
0.468839457641753 0.608379684451705 0.357645328658048 0.594634960573988 0.983706510843462 0.118306298455309 0.461549554308978 0.883380947223256 0.212652711209999 0.621332454488243 0.764326749275005 0.978343652901174 0.350259667972243 0.159072207610702 0.811900811348233 0.972689096627684 0.674698627348965 0.545256691760685 0.138316882946995 0.941182841564417
0.172677488670813 0.479868781103561 0.584880653314584 0.528565978897308 0.289892573730052 0.340369191124798 0.0724427286665162 0.577627042691662 0.0438281003255144 0.304702215685972 0.531281448270687 0.802387644678258 0.141603980281255 0.0750466040366021 0.312251545916831 0.84573192351707 0.301051812651651 0.224012929747248 0.000315345443279325 0.0281806768693515
0.470860457575285 0.732423479598587 0.785071886903656 0.792656219563098 0.977767485036482 0.6217985831835 0.546212644465386 0.885065647709482 0.170506921108423 0.680331096162578 0.989177391362438 0.917556467260698 0.35938407495244 0.177846008443465 0.689931185121565 0.92766571625826 0.53796562438686 0.746617982320169 0.157609542383316 0.997207451562624
0.154429619362155 0.621560898156669 0.665270960012434 0.71396599896395 0.929029078228936 0.243576117660109 0.078647702879899 0.272753796312715 0.487835532103432 0.407861220441842 0.16728356169905 0.974018773495373 0.258568079192464 0.114561659930128 0.348061264894753 0.782704038521054 0.36979170536592 0.348621852258851 0.996587306006819 0.00160809725037655
0.45503316533443 0.705293053513402 0.93173038079417 0.856782429155077 0.990431341228026 0.751998332315468 0.499918015716326 0.985663804738376 0.631516443196789 0.939397387970763 0.637758494738022 0.949208483036113 0.826693084253847 0.304223069702638 0.751797539835925 0.999351536008054 0.365488533995786 0.913485680294594 0.0167127425912369 0.999997986948385
0.59676403163462 0.697352588062505 0.970893164347459 0.640763277320557 0.916525028414388 0.21177800921138 0.230788600300193 0.990653587865123 0.992700479715908 0.854638970777828 0.738812727827451 0.982546178983455 0.539062567757904 0.373903086838468 0.900663295978928 0.999396751820645 0.604696669365778 0.891251452744333 0.324320746963432 0.98096423980023
0.221641675647695 0.565524632596924 0.9487736736133 0.8023972928197 0.877668590527459 0.410946976974596 0.0566641313001202 0.463874260638678 0.104758495066702 0.815100606778811 0.061117272548025 0.934340963557225 0.37262072073377 0.317803456732981 0.674209345531793 0.956600882005035 0.679218884253483 0.569347345924931 0.0272403124902081 0.999996577750668
0.335316979888988 0.661419896743829 0.624993508790664 0.850580515351087 0.91892643584699 0.610802265331726 0.546968808384698 0.745340493849834 0.783049644676271 0.345823467038349 0.56338757899502 0.94241309519643 0.4889859448651 0.307216686017075 0.927702447246308 0.885832030526225 0.449653513344722 0.564718236881394 0.798948977053637 0.999910606760307
0.277733484508055 0.674692583259045 0.899458725691669 0.341718701342663 0.754296136020129 0.188072147931913 0.155811493176455 0.941717652234238 0.811045727428405 0.487629067602822 0.697852231309156 0.959200009578468 0.365296226637277 0.391595888392227 0.849836763446072 0.924602296619281 0.88426303270989 0.434178758327518 0.0812605570931924 0.393915250458737
0.0464522808227406 0.470534862892593 0.454967202638249 0.665718657705731 0.135133497944266 0.139501910435028 0.00409491274136631 0.112666067351843 0.0606889694804617 0.0536726256480789 0.0561630725803891 0.640558417612431 0.115991727695056 0.075974947702296 0.399548220648345 0.35810340600572 0.262117889208986 0.531158121600592 0.409105968245469 0.132843329486919
0.0527986135403249 0.441172318678343 0.422865474997145 0.449366624089449 0.21575014853034 0.654173121141941 0.0153156431514961 0.00196622367086589 0.0643682599725493 0.0171514820625523 0.0788187775490545 0.624770843727558 0.0305097857415604 0.0500815140434889 0.105168403885858 0.23560111176859 0.284178355930056 0.187957988890104 0.000329805760401638 0.000316730806667745
0.226399276871952 0.511113484153958 0.483646038559017 0.668826226556889 0.0556659362518346 0.160930227092657 0.0259987660910749 0.721300357889458 0.241936508925775 0.488641074518956 0.407207455205867 0.943525071338442 0.192786375755033 0.116289696280011 0.6959856552288 0.935875137416961 0.488719763757451 0.372154313503533 0.620115770729418 0.978277937433729
0.34500310966929 0.744543611586533 0.521494590375154 0.780831485029805 0.702421300170483 0.790132611191468 0.0991511751842379 0.915007149875056 0.105656939563683 0.542184294046604 0.814408200668508 0.964987195974033 0.362361170382202 0.290172802653259 0.697420897701554 0.822031463727719 0.587063433035932 0.495034495417537 0.625487057702168 0.983382622383786
0.0523236836646666 0.482986462791716 0.188807016515062 0.43070162338021 0.146281257480136 0.604287893079061 0.00493485897599641 0.0011922306302029 0.145115694262311 0.0219926080653987 0.0310934919575563 0.279962837454197 0.0386709089487649 0.0218332911985072 0.0566822936814241 0.0398288324952778 0.224038189192269 0.331739276233154 6.39682020319944e-05 0.0527907787033551
0.273600069370212 0.461882280420474 0.496726305314107 0.651264973720626 0.678689238721539 0.422706306990288 0.0537070414714592 0.499364236211135 0.599484981920577 0.328382420544034 0.419092216151388 0.458280480051304 0.299933661071362 0.406509159190105 0.857031915428795 0.997209641052097 0.657281981810503 0.493620711561732 0.795228760348244 0.00193355684812561
0.0960647503097456 0.668045468402492 0.37113270714088 0.643044289843226 0.122247088088687 0.364789907163419 0.0315318656272898 0.87320934649086 0.692599759084184 0.610170448443465 0.650387668474684 0.979438252438153 0.254763355507249 0.119022310226771 0.567928008867239 0.991258368456662 0.471661273420389 0.546780421820723 0.283878797399761 0.00390069089721728
0.290656697717469 0.442213617496681 0.22848307373792 0.566240065933656 0.337060661806045 0.182688483796758 0.158694678616786 0.168086542109619 0.234732563385771 0.315173400103493 0.0627464620568716 0.456735046217181 0.384571610920699 0.0562586166312972 0.419160908972514 0.999744265385707 0.426204377427286 0.392349560574858 0.0528238265585574 1e-06
0.486067450931038 0.737176607658003 0.578341634026142 0.723242515451315 0.852583678287304 0.325815968478764 0.271669797518005 0.809499331785893 0.856806485689225 0.903573146250451 0.681137394705292 0.994833115368753 0.639469047979591 0.131874234473783 0.857103088964567 0.99960429998096 0.524205250581137 0.748878100381636 0.99022344620793 0.999935416183543
0.528115662667862 0.702176036326863 0.845331494682401 0.667696483227674 0.983960270430786 0.540075382288734 0.409762608524267 0.982402992312883 0.714745196687996 0.950319510906237 0.991603850276283 0.997614155966681 0.720080046747425 0.611104416740972 0.835001442811629 0.990901385236494 0.657949547783398 0.847796472576797 0.293871329881884 0.010377189962089
0.143642191635553 0.677058147862143 0.888085194955369 0.663077022323839 0.611570273087432 0.195600408055675 0.407264109105359 0.77327985361665 0.666580711025268 0.913823155588667 0.97547263781287 0.942184449944346 0.424314022658593 0.251422871125991 0.758240685546709 0.99996877851099 0.7114420104312 0.869617708334326 0.887860788304422 0.220498189299167
0.0887984387315625 0.498149112876271 0.49578501012034 0.770058639055981 0.3120505026822 0.597692496105184 0.412496471334994 0.231680510668514 0.898604751519424 0.346517511543784 0.678664135992731 0.971922796084721 0.228083668408374 0.173858507993982 0.521795004334858 0.964901713760283 0.493938429735605 0.496628815470153 0.504425972136715 0.659442246981775
0.130900309133852 0.718654068966374 0.653030131075785 0.816273910502626 0.928690327669916 0.876589707911858 0.0681025925208564 0.750803157561906 0.0138313749259513 0.150027889750808 0.572944572567793 0.859974230758707 0.203296075817929 0.0964268074640139 0.32169769066804 0.998157227476625 0.422486702952728 0.434291793557274 0.0147529451116377 0.996868991034826
0.174912371246434 0.60237608942531 0.458500560891018 0.626861310328517 0.461606575901802 0.53896937531102 0.024059987922278 0.324908206071497 0.994888598812673 0.504657636514824 0.651691381106223 0.796825946326115 0.3079961342255 0.181446990214443 0.169226069895586 0.713833928760204 0.33956135920813 0.343903999920562 3.53947621154803e-05 0.945374741195613
0.0772427027307116 0.691969786778817 0.39957193796486 0.602358097279473 0.790995758664154 0.333928069493534 0.0936557961084312 0.1214108745361 0.830201636631298 0.2299506414887 0.100386671223257 0.995360017311273 0.0922411963326166 0.142559906248641 0.853271359597604 0.996816165489471 0.376010260760723 0.549352034920458 0.0220287234379465 0.986646355185173
0.147065563302188 0.627504726953664 0.383979959026487 0.586555306673447 0.73050076581151 0.343060968865876 0.0743237305479007 0.791296514988262 0.40298534357388 0.799160260491653 0.437325760788822 0.831079331756923 0.200833334131397 0.131067942645337 0.477808628349768 0.294892746404395 0.411651821914859 0.565344613913529 0.932751970651155 0.0137307930544386
0.235046906792666 0.675772333973649 0.534913294858429 0.796803719946653 0.349580623527812 0.528875386636497 0.365852143607142 0.843117628442812 0.0517584974719739 0.597248501189487 0.743619951262588 0.704077951307771 0.564734805305172 0.216609907705999 0.315281673173598 0.903926991381724 0.640810893341996 0.789510811792281 0.954478719042068 0.980261150205905
0.206458950630216 0.611333157774236 0.810039687711505 0.755541502805494 0.60733065369889 0.1472410246508 0.0329578711880117 0.163719340253906 0.087940376662585 0.371922765697332 0.51976193913011 0.837410412221662 0.0675752606403242 0.0885250724462262 0.528337737004956 0.916908383514693 0.182560051307762 0.544234622420859 0.00601854283163996 0.999966467550024
0.2252931165053 0.503226012152596 0.786898935630464 0.611357490103222 0.909032896852624 0.341523602432101 0.15382937040616 0.546932977256713 0.142118682151434 0.160604746603429 0.141668330570511 0.956373056206863 0.0953491847717688 0.185514684709364 0.53069292831108 0.996698960996268 0.433855136627314 0.711772606986707 0.0238528888758998 0.166469010741784
0.0419851637339914 0.555360214916276 0.317604515317236 0.636588142677849 0.204999511551658 0.307205301135714 0.307848488642312 0.0405493661278146 0.0469669940215523 0.164750159656523 0.0379695707791094 0.670070116862466 0.0615685518580457 0.0790283643357251 0.200120634466379 0.571613784780718 0.196475980230271 0.160352120606712 0.0429870824749544 1e-06
0.231874656588185 0.633001445292799 0.428528544610014 0.359065546684777 0.933291727280875 0.467251891667698 0.542830278693593 0.777678369165949 0.621679716327482 0.65816172279933 0.507566998187506 0.876440854616954 0.4562157002345 0.178026209915546 0.926493482424997 0.99946696870838 0.245450221851291 0.636467704692349 0.0990160743002235 0.998300921004529
0.657137826777917 0.701974794739166 0.850404782358912 0.821473597710187 0.88777927076981 0.672779844782495 0.197044805957759 0.998793973805566 0.333806487724907 0.798614520436835 0.932516450717221 0.993833047139851 0.604740639134555 0.286446689660668 0.441293700910849 0.999923346305905 0.491773375712777 0.823840201923798 0.209094205832836 0.999999
0.220895758078579 0.681411069228945 0.724924441447049 0.532382011253131 0.325509914418117 0.818110935113767 0.0273543595880998 0.379503011091047 0.569639287049151 0.411924827460788 0.819517489495814 0.905007207656215 0.495545904711132 0.42470960490373 0.858734952111677 0.942362536759525 0.640801695303467 0.624428274674471 0.00459896995685219 0.999799236193778
0.744833516555567 0.735374734804031 0.675677385629555 0.876053191665539 0.912699595939921 0.704012869436357 0.715624318645656 0.441218349973402 0.112083385812177 0.920921697151728 0.993114127920077 0.993407226393517 0.696837394738903 0.168474457662464 0.983568946395276 0.999634765447097 0.678779068048888 0.710424973182363 0.968928712892972 0.957257843680432
0.0861468564815376 0.508562096390466 0.369515603441943 0.539869219150906 0.210459847981061 0.590512505923509 0.0641619039040003 0.303418919108303 0.0700119995250494 0.033843368835852 0.0027143278497257 0.969335901653834 0.0401016564862627 0.0422276282333617 0.301524190886203 0.894398623518269 0.278297074825901 0.478849954780609 0.0443460006336304 0.000936723665236178
0.0851429036391184 0.499346675907025 0.400218268319701 0.577895322319532 0.144690031247269 0.681826977801292 0.0467911005007963 0.171902906111098 0.603289726880903 0.16179227539641 0.0267790759752577 0.948619254420198 0.0585672639198294 0.0405247109117797 0.289988352159454 0.780285950787192 0.313761483749998 0.52663832770503 0.00170722939077459 0.999850655858864
0.0231459720769096 0.566242122869123 0.362958469355886 0.506568423722213 0.304298218447842 0.49336893293815 0.0824113213989317 0.0373406972114165 0.194128616211381 0.190702500786719 0.154472285519222 0.919385847620804 0.109214929421376 0.0535444776300118 0.142018340089703 0.607613116720237 0.560462318812894 0.221799585847468 0.0113754134897781 0.993366720592581
0.852850410703451 0.855782184338009 0.993831240095516 0.632260741565459 0.995434967260328 0.813432029565633 0.662372199817024 0.998198164134799 0.915862850944216 0.96344693945022 0.978645363642774 0.998394574795558 0.932511301289846 0.758309000954694 0.987936164558506 0.999960183326515 0.878484130158606 0.892299771302363 0.999749590067654 0.000228306497998909
0.181473621671351 0.735299297276813 0.684048632955811 0.620741128287296 0.771737493272933 0.803397747481209 0.663193346285856 0.830910296210171 0.677663622606062 0.369546666481732 0.912759236066741 0.744415122273017 0.293099743962249 0.272416725302955 0.964312175986125 0.999905726586377 0.637265725185858 0.634616307477916 0.998496741755779 0.955361109637714
0.02696629615408 0.31676191737297 0.191979780121641 0.587912711828134 0.129457629421004 0.0833713926965073 0.0278893921815812 0.00235379242164397 0.000949285759480262 0.0100913133131407 0.0051646799604934 0.710218030000461 0.00987729467931639 0.00555799721644103 0.108238290925664 0.213063023951665 0.282086812237239 0.206498664669012 0.000913986176301808 1e-06
0.563403382440372 0.655830226642562 0.290465650466694 0.77194886483372 0.873789477694979 0.660226393611274 0.312978670405186 0.947857280966787 0.0708718890388639 0.879053463961564 0.716093416969579 0.995441096359394 0.613047658392462 0.566769808828035 0.945695481950423 0.999685036974437 0.624478903035437 0.918541147427257 0.886960778114306 0.971733905963849
0.644156566087283 0.81043355688909 0.398162233570755 0.856704021632049 0.992712965311922 0.613574498677089 0.314280479134736 0.720483847927679 0.995875392845259 0.942543695750605 0.743465610861625 0.813474506324857 0.786793905790758 0.506806019659412 0.538983112333971 0.999314743095894 0.611048219701916 0.810805996796525 0.639712478855345 0.00442553924515758
0.126778081369433 0.646278169330867 0.451689785700359 0.661307058786907 0.599495327572202 0.144057819904718 0.0307061430034273 0.902684298949284 0.3217318216311 0.185316104207703 0.618933863391388 0.296988176531265 0.279727732514932 0.0518625826238261 0.595244057824697 0.972612474271047 0.485031766587648 0.503106141577254 0.923525557279944 0.00170733969603978
0.149995834413448 0.677794202021531 0.657329718935235 0.655061399917261 0.88850671454175 0.144501012944857 0.422365860228051 0.289531988435719 0.368708328300774 0.807187128638503 0.652879502052493 0.916543820326127 0.390713701343085 0.246861762777738 0.815479246038822 0.998453804839908 0.689706826235365 0.774124310525715 0.00827978786015942 0.165647830995724
0.16284086887679 0.719176830781013 0.446949267025971 0.812634154536295 0.213988240141874 0.178326946311901 0.0363118299128342 0.286531207119058 0.441283552043177 0.313155994136142 0.155292698030491 0.991592738423782 0.141729880412258 0.226568802168256 0.531290845194929 0.800813453519992 0.551012996417521 0.612233468317313 0.314209708696243 0.151721479117937
0.47684683270437 0.688904589199297 0.65863021844924 0.72616519663833 0.952825732829261 0.127524240756101 0.0684777725679234 0.929257307478224 0.755433351014767 0.365924525876049 0.725878898550302 0.994970981378458 0.664493629130823 0.187420710106312 0.83312307365773 0.974589679074414 0.696167734288095 0.606659690933018 0.0030178203325055 0.999945905976958
0.0132365346995249 0.405445574034698 0.280795307881075 0.449217494807198 0.0336592894399051 0.610562535971184 0.00368542464024309 0.0393937797794105 0.266648966506839 0.00957235691605757 0.00226985194286726 0.242956402456693 0.0186562442298249 0.022834385669276 0.156668947032615 0.0195816377675909 0.227665013826179 0.379826084997718 0.00962273839858194 0.105983452167567
0.463955409579019 0.687243733421246 0.708012028510897 0.669870506370558 0.885682200750686 0.159485955108088 0.09330858298421 0.929189789681693 0.0509293618349499 0.802541209854177 0.974259368660286 0.996365733490916 0.251770498553177 0.212527183556432 0.712325593856039 0.958078480399755 0.431771365493603 0.734866735466949 0.992202225090111 0.00024516175425317
0.766258503713426 0.709018481596504 0.804918618868504 0.786340829470339 0.832695239663369 0.372323044644769 0.676222498683738 0.882066380718934 0.862110406175469 0.861257474555306 0.92883894804855 0.999935333852877 0.811067998684816 0.46388751711334 0.949925387167006 0.998975013373597 0.627796397316034 0.885756109967764 0.837170941087744 0.999908269035821
0.142379009883821 0.52650612689607 0.661728038900733 0.565005256223847 0.19721865922915 0.271279148603449 0.0807507908922769 0.0721379962940477 0.136252722974538 0.158065491939057 0.126271836124401 0.971053217394076 0.0579910441235112 0.101550113550761 0.298768603271346 0.853685802875677 0.520607390335086 0.208885371631624 8.29461558697031e-06 5.18320800949174e-06
0.191112426184802 0.558068010560781 0.848932895885705 0.527569767886318 0.665979159490835 0.711616702663907 0.0874298432414095 0.476841055665184 0.70798127241339 0.199273939842224 0.334733295769929 0.994286800233599 0.29965737023343 0.079743442895236 0.320883859615331 0.254479304113578 0.236739562567236 0.444547703718479 0.0081593394164517 0.0478835834759241
0.173869324361895 0.588441991174205 0.377668473257041 0.633406465802331 0.893397969734227 0.243485702996632 0.164555882286106 0.806005917661276 0.293611511741802 0.460618536309211 0.262293327214382 0.206899394604702 0.36670240221152 0.294284906017648 0.924514208518315 0.897935664655052 0.552324287009212 0.675630298605843 0.000117122054108157 0.999458120111946
0.0186818842475971 0.392689813728847 0.123145613153291 0.385939510595305 0.42709101027475 0.297199339534385 0.316645354828102 0.238909230810822 0.140056605911763 0.0363336861174548 0.0130347487572466 0.297698967511838 0.0545507289781566 0.0287186784697534 0.199320204407985 0.340882512800471 0.424770659926293 0.417485028341539 0.0576947852108971 0.000647073866319176
0.21096044380378 0.630260151068214 0.0689657240931544 0.414829502345358 0.162733462918249 0.692061092787044 0.0755390608717376 0.721295461168481 0.703244537350994 0.242317104304481 0.0485324623654896 0.887773348502539 0.122348390603289 0.0943330543055089 0.448233286363622 0.939124346018628 0.638131945268118 0.439284992824143 0.00265226437502534 0.00168549949374681
0.129161076294892 0.64811761457003 0.756957080848479 0.594569349813231 0.117989998924257 0.56024404306701 0.22965596047399 0.124288197160033 0.763625137920986 0.640435359367978 0.0750305557326384 0.867001695080162 0.142675015982042 0.196048003308353 0.471598042775607 0.960280037358958 0.624749393237003 0.763765481806782 0.00119228564305821 2.12604732890693e-05
0.314199059129984 0.688319010236201 0.213124934633854 0.531046459095428 0.98258114988419 0.348681332321928 0.138806497643362 0.699403776879883 0.373549318955182 0.721865307479085 0.847141382264471 0.912537886768128 0.577235239425686 0.238955674126734 0.843846389603275 0.564053167190332 0.534634566816642 0.463676747926907 0.820406817317386 0.192103543661999
0.124347665601361 0.596305920667332 0.257496765972508 0.75286362664457 0.243378114032972 0.207507746183675 0.0606505651338865 0.347275124137566 0.834834376367542 0.697772157766601 0.562199705079801 0.869752865760549 0.278742640938289 0.175491140688099 0.171484400931372 0.89122808113033 0.543401220232293 0.537966164283041 0.15690267181889 5.6839722326292e-05
0.108519636073664 0.454199570933481 0.0821677665804285 0.708356410047697 0.288047197187544 0.310052230426044 0.0913547275683131 0.603097087950815 0.148764526473759 0.0468599621472557 0.115421120947953 0.709073907958011 0.109221904696656 0.04251962376687 0.427024454333155 0.0981815589893621 0.218008509123625 0.344664229076877 0.0582607349677106 0.677806135568343
0.472557131610001 0.750471753452087 0.642519187448854 0.765655769687287 0.957224393556075 0.352576503398157 0.653154367516713 0.986192028317229 0.976456456751404 0.923131549487822 0.989648088555027 0.993280656061924 0.783121347227597 0.420118845422032 0.807860065671856 0.999966296726198 0.646434592517317 0.62809079255262 0.00349414269483183 0.999999
0.137453203317509 0.578400459235644 0.452852161243861 0.531123085786196 0.210457642675423 0.335656541210451 0.0338961835437697 0.382817854505007 0.805185404042951 0.26464360506629 0.0909612139275897 0.55872130251858 0.0581866674434339 0.0892287650549578 0.643311720879349 0.365893638901345 0.442862969203279 0.406328653252484 0.000826157195421496 0.999806105711472
0.355138503173927 0.77311950666163 0.896001188000642 0.575758429629583 0.652749877671983 0.105981825801855 0.589263491538005 0.32779345976336 0.66962746170561 0.706256892989263 0.771175827176301 0.989750791774568 0.267130416413412 0.409982226332671 0.687267470792465 0.956853388629836 0.525467492543007 0.711854488232552 0.35102437211869 0.99282156882185
0.142727536703666 0.633298017827663 0.353075837806647 0.663654205837506 0.20081938822933 0.616300781567316 0.310803791549439 0.843337756542445 0.11488069850686 0.279766379242799 0.0954893931184062 0.577895952530842 0.0748840464241309 0.114905347923364 0.790391789146855 0.202630267382739 0.602271712707754 0.356775489610039 0.00314102278033975 0.0574818238704828
0.171905564976091 0.691283230688391 0.842793005983712 0.557136158993527 0.836767723561358 0.207013899461835 0.0886413270030231 0.133536627017244 0.753928670676739 0.285490622495415 0.143965071709562 0.822811245944492 0.240438925951375 0.0632264241031564 0.704166415354334 0.869150910649924 0.488302048142869 0.737875379173249 0.0421701714765779 0.999976463024139
0.355581916977577 0.612915625763555 0.720116649916978 0.749953003617974 0.59582970607183 0.519308415882037 0.248437033365639 0.72669290102353 0.965817894323337 0.701361965398327 0.305822684594346 0.976516812353698 0.260408251674455 0.158883750174206 0.702539072994652 0.986840802598455 0.38805997585497 0.662079205011998 0.862327233758528 0.989263990429078
0.82492001992134 0.693831970404866 0.866303930800353 0.630659119955091 0.950396772192006 0.188576723075424 0.660482293772486 0.92983565983638 0.996239086083273 0.926280075278846 0.91174861960928 0.999871513827997 0.834904635713687 0.326407031441362 0.922105473296264 0.996062132941877 0.523814304339884 0.875925175761831 0.145213794687651 0.827074890712981
0.693928647230634 0.789737773828083 0.546461258977647 0.878515492155302 0.98917668631555 0.394171395263504 0.506825235254694 0.991372675479592 0.999374775975853 0.952616513849578 0.968244491748648 0.998688921378677 0.789496595640748 0.362801784520566 0.949579788524706 0.999580189456894 0.650302279363602 0.905622176825982 0.912702234147861 0.999705019728184
0.330062370575236 0.585965962438636 0.290428243277 0.796064093670001 0.838169141696942 0.179548954679647 0.042415123205859 0.591360247911092 0.987825923717987 0.720002240036887 0.275948018383159 0.971216229160038 0.257706876336165 0.188450031248387 0.681857697678565 0.922374177949261 0.630917734516331 0.269437595093848 0.997178821188564 0.147683417099077
0.135029414642385 0.423736023201545 0.117294487447072 0.526698119568829 0.0550998716432997 0.139829389016953 0.0574486125346034 0.627840660388529 0.219083667414383 0.0488792021433937 0.125646773446174 0.448386122888382 0.0409042036540196 0.0479729985840164 0.711279757358545 0.996652927618374 0.599432359731334 0.438831574309466 0.000302720797088441 0.133124183739216
0.264773382496421 0.699330455632277 0.608562529983109 0.441373325606116 0.307117812410853 0.5980069447745 0.209969507210145 0.90813938897308 0.569380044229724 0.580417435766019 0.629336047332491 0.990173021889991 0.287311229913169 0.195468811074483 0.763502250495529 0.96005794872429 0.599893779187627 0.579103601515522 0.0332780194679353 0.999993060740323
0.411789731090412 0.789736989189745 0.422294797969243 0.462399665260556 0.637272907387379 0.556163275944419 0.556811459991613 0.947574475646926 0.973548914485727 0.808111632107538 0.892235646355803 0.992006650461594 0.575909917715307 0.522403127033795 0.968325639055845 0.99793430874961 0.504984368579584 0.847164127784728 0.403378599530162 0.728127608758867
0.143769716810023 0.521946177614819 0.511748106512528 0.482380413670971 0.909905690595429 0.545696684254806 0.0663574141804501 0.0583001875667597 0.403016692975713 0.169344954519169 0.383471756892388 0.763799120679239 0.176623717118334 0.0868845360319332 0.74356629385536 0.310223852233548 0.301000377879393 0.503192354352109 0.00270880655842899 0.00598220546120751
0.0832650152481871 0.539638506248559 0.195236150375121 0.847384135226065 0.447202274048379 0.399614846528377 0.015982441958509 0.367594689240219 0.380526373484293 0.127691390638154 0.74630661426982 0.957206074223579 0.0737106478066946 0.0904940885847768 0.457470013145406 0.928880473207438 0.392846653199381 0.46124868281492 0.158067856308252 0.00330793393642822
0.20746900115914 0.633289763735936 0.575050568468627 0.666729201182707 0.0958320639600062 0.160581520026086 0.456985840740325 0.153477195407082 0.715828348859278 0.35890322874024 0.309795397166929 0.989229221541041 0.291337754151593 0.124878755317468 0.853377169971252 0.988291278745113 0.71236108550317 0.269997669855218 0.244259774066305 0.00152179626767287
0.031321822425736 0.431101514126507 0.0934960555513017 0.573840056245338 0.0683272333946545 0.318896501915034 0.0431996007124267 0.0568259216096545 0.0131030578845129 0.105013512990418 0.00700946933328014 0.523431668574665 0.045276146175365 0.0307484574481428 0.270784169492099 0.000700594702673453 0.32013350262257 0.261461439486796 0.000161723099896966 0.598428371165599
0.0599460570657381 0.454668232637582 0.380108313936373 0.649617734138958 0.557890547705042 0.857167164544289 0.150165068512236 0.079231137882413 0.956401922856146 0.0438596190462166 0.375519414039354 0.850189870546925 0.146693154418773 0.102819966341082 0.293898324940326 0.868759209150528 0.572249406986738 0.427626113753826 0.046543372914242 0.000235703720144346
0.0568929613825017 0.568473910425286 0.694431084136318 0.882792645319282 0.0864126249306415 0.792006197051557 0.0186057188479911 0.3184919531034 0.139698799195065 0.431070473441748 0.0865458564003366 0.725208031375754 0.057555713662779 0.198420469040205 0.542760694908268 0.216515495060528 0.420252509096464 0.369490580461191 0.545025152425599 0.999793838090038
0.0193102893176545 0.473804807072279 0.403690735967387 0.25526324538495 0.0983495849693232 0.629367906374829 0.00629207672078089 0.158068319487759 0.0859360756725352 0.0527799829540781 0.0137886031217189 0.482946154562195 0.0324952636525993 0.0406835615733356 0.181210694000418 0.939212882428627 0.398698980851337 0.289305030925605 0.00502132433912246 0.000567856464259084
0.0697614775008474 0.560859860111151 0.21295339974821 0.738379706845498 0.352449544814065 0.272819786173561 0.265437803729499 0.361353341486444 0.372464920915517 0.415532637139445 0.642567465268815 0.844328140501098 0.105434576397177 0.118769806970317 0.732678855265654 0.843192379305418 0.219214845799659 0.238880621968038 0.303818553846631 0.00806728343495847
0.0396381945862815 0.377936497017078 0.339400334052138 0.629724151552968 0.412171570147616 0.642065303305933 0.0151752989683003 0.0436544742148394 0.857307912831454 0.00606972728100776 0.0099121630942252 0.602980450667857 0.0108103158567785 0.0760471154504843 0.470325572322469 0.104048489886163 0.417018799934422 0.26460326429464 5.4514625250556e-05 0.0178849965675442
0.136702674820978 0.638163074401153 0.19692142293629 0.592995458532443 0.113863668895107 0.350819104057624 0.0802918180809503 0.247592901785613 0.468896168952729 0.0410623284871047 0.284172784233069 0.638207222973043 0.0815963168727893 0.0370832190027656 0.468623143654247 0.856140477028099 0.317784775272715 0.409695429515026 0.0403505755672052 0.000893516756121967
0.503026427235373 0.72281253374747 0.872635615572186 0.832804409254155 0.944200257443571 0.716443144568896 0.758685417270204 0.878318809714015 0.393917716377301 0.691796283405295 0.981963172784491 0.997609279459032 0.400746520650259 0.289704792461737 0.860053677065509 0.991359079099822 0.616020090527452 0.478893949997147 0.505014749813183 0.00296888733934101
0.389047512513185 0.551567258012779 0.924558063053642 0.791439710316102 0.620904476637112 0.118306369147263 0.0750666168842248 0.790638396131121 0.878661100125402 0.76695357355211 0.569289588995435 0.843771645089941 0.26837923192337 0.12724536832062 0.31713696109004 0.112786133623374 0.625113648267388 0.551222784350042 0.804744854958436 0.999993101894377
0.0662400529083823 0.496111395670031 0.120552256179303 0.538983725744945 0.558350955715857 0.466198982854683 0.194149627576931 0.443352457932798 0.232780179424528 0.0232347622787768 0.0361901053356089 0.832351831576276 0.0479930043328292 0.0459576436666647 0.455844535806381 0.825659778559201 0.453465672974598 0.446797474324442 4.0342723662188e-05 0.993995527725473
0.0857270260093169 0.578831506135219 0.870696307431414 0.56100554780658 0.328419138278182 0.584201134556114 0.0444249566609843 0.075092914164488 0.0856898124750741 0.249548174008307 0.0166275526732374 0.0345699580948526 0.0987367381071711 0.0741078576694903 0.313515111281548 0.764516603327646 0.318131337848319 0.180140711059068 0.0253801356820196 0.972719522390463
0.207412200697603 0.646732175529426 0.533035215463726 0.42533469061677 0.988521159802454 0.335374667665562 0.151124357603798 0.793521614247558 0.101391752359783 0.806586683397736 0.638000581780365 0.953188280307734 0.637084355223552 0.205338424712305 0.834802830026897 0.99156269297519 0.357791969425621 0.682559517065319 0.976876929378368 0.95298633269141
0.173006038730894 0.591827181713816 0.329582889956701 0.582778295804722 0.813892458389056 0.160448576015642 0.404497331070844 0.134282726551265 0.303193393363802 0.152562610981064 0.221485481396389 0.952643378951195 0.103635312703407 0.137983724676284 0.705937578121814 0.908804570595364 0.233979739781523 0.646502861553471 0.242117706733224 1e-06
0.0856902744672774 0.614304770594818 0.549646954382364 0.374255064026948 0.238414244549141 0.399370643994593 0.132658001690314 0.266477224771143 0.0370748914175775 0.127641368202644 0.0995941528997865 0.901418161255506 0.240721702129469 0.083948414514004 0.573812232164604 0.360286931440415 0.311433643398509 0.639015396774629 0.133625339661643 0.00208527058740694
0.170702719677315 0.545720188324325 0.377477567925517 0.857524042957553 0.52164945689485 0.566272487656462 0.25158433509689 0.148762849215238 0.938639823425561 0.396741342362152 0.182395139847863 0.971884001286762 0.0937214301474564 0.206697845273923 0.826385939145103 0.973112330865217 0.616396005730189 0.364964932994704 0.050630046056482 0.00220473478709775
0.151398250873737 0.500012419327757 0.470410882330822 0.329682667295075 0.276612254936374 0.0824257266025985 0.00593709961363043 0.601461997841489 0.212089155499334 0.477966328959292 0.605331490457973 0.626260282694804 0.294793500812668 0.153774755851221 0.82854018051163 0.999226412718226 0.347690692886147 0.491914359133183 0.00140109560209347 0.0239122390172294
0.4275799747123 0.66282668127525 0.807099395656965 0.817426129282075 0.975793943590059 0.579815741252098 0.802107971475178 0.979252841381823 0.990839927302351 0.883620337683361 0.974391841490062 0.993607262689522 0.607390423942138 0.258418978732772 0.442961835348562 0.999747205153566 0.6562905339193 0.560265977718195 0.999216880086001 0.998649975876971
