0.165519270939336 0.636879390143341 0.768537987039207 0.567482166489405 0.758544822399718 0.245213709193365 0.626314862907341 0.320467901368119 0.692324141240786 0.584404745667836 0.675529819488937 0.484968445801858 0.525913355164653 0.0611650993967207 0.321624974357944 0.99880159920839 0.503840478825849 0.649831210458338 0.437632289287829 0.999986042043859
0.547330419127405 0.712488975184426 0.942491871108852 0.625086431817738 0.965644323959904 0.415211850997287 0.468478685457873 0.497862573430148 0.275920256974185 0.713325518746217 0.859463188424063 0.985511585151975 0.812720996618251 0.333959404090965 0.936105159188227 0.98373021351224 0.636862301146712 0.895575332356304 0.205860957990093 0.475146538434207
0.130684124709543 0.545635161643363 0.480269507229409 0.683751017848618 0.854194077498182 0.281365751941889 0.109811051086552 0.00957917724497213 0.681113498513114 0.127570805152582 0.0627029867832057 0.259357548270367 0.050746580630295 0.114547388672575 0.777006328804866 0.996644843730985 0.62073092691256 0.626864780320523 2.93166382345601e-05 0.762031526300032
0.322593147980806 0.619989129978145 0.887776486143973 0.835383479844034 0.631287487291267 0.57084220825985 0.287652667720016 0.969544213739325 0.658016922624365 0.655095144639471 0.207049401692297 0.992570702610998 0.312856015290781 0.138203273469156 0.833896297989066 0.982189706076592 0.338186838026564 0.484812081302369 0.997868781209518 0.982935440372379
0.0312547534778689 0.428599932383128 0.377482683898598 0.293838895008548 0.084082658935961 0.1916653056788 0.00896784428782063 0.137633398085224 0.35403559362486 0.0161048536668419 0.0907367138836801 0.955750507867656 0.042033499371621 0.0356062988823128 0.324356635249892 0.0883724495511791 0.427689613377189 0.376092849186069 0.0111319760788552 0.0262790368693823
0.152324675469826 0.621716633820045 0.614145763654545 0.508907908747959 0.147958987260131 0.469066641567346 0.12607576972612 0.2919080151386 0.996559273218779 0.611364877453725 0.558713241405421 0.816544917264247 0.13287082598223 0.144363287940505 0.193233375607476 0.99658845447106 0.258040516487363 0.444047196118776 0.157477151297217 0.0337577984165105
0.0822460198939679 0.529417363763787 0.452717628457321 0.577713592782827 0.0877122156585614 0.12339699576957 0.187232625669808 0.269179273777848 0.00683350562974568 0.208185584782401 0.374090871009722 0.847078543018745 0.232487150927927 0.130909131349806 0.561928343360951 0.894982741637572 0.369647812537897 0.626463979134377 0.00372374775912239 0.250683999959757
0.134746847594489 0.547183189815233 0.204467221015316 0.345523388186772 0.139991021254162 0.743251399423641 0.0322281844887452 0.0455950281475401 0.656011430700988 0.268924277394817 0.00962891683480724 0.715225253577397 0.229610305652011 0.0724404901068035 0.521774070676059 0.94668514189348 0.25301616987482 0.419747906217593 0.000817826610581635 0.255538397851012
0.223335257450375 0.731986303904094 0.648925933855109 0.669229096584505 0.465587791895755 0.558980195905793 0.295848722923707 0.895460231716665 0.665076466843576 0.657491309609449 0.262892043190383 0.90758995733493 0.629900765210846 0.230077680208918 0.821818590683204 0.999293020522799 0.626145980034256 0.641914540803305 0.129818706917234 0.999999
0.439693324830953 0.714661556330614 0.456328663644835 0.706900926168055 0.991560725340761 0.0275868728488464 0.153622551420466 0.218804402831049 0.983862902869346 0.180206441681087 0.963626991207186 0.991714067064847 0.179561808687425 0.223324986572206 0.530289301029698 0.995980961762694 0.597620424442274 0.373644150821598 0.358081052359235 0.608930928298356
0.111769418014463 0.597558571515692 0.171244608129992 0.573106977836721 0.818231313769454 0.454761564828681 0.153556595434347 0.146581769862008 0.624127343376935 0.258914152082766 0.392689380891334 0.993921055674066 0.297239300640181 0.0570686559727728 0.32452216106326 0.894817786487972 0.601023315332706 0.439522797566888 0.517434871902453 0.166131798981479
0.680880639236203 0.739255647669191 0.941982514491991 0.78637767031083 0.831583394535177 0.357283640649413 0.525163075454061 0.990279478757988 0.980499971378458 0.927136925467072 0.868578810612851 0.999837107558285 0.783494560432376 0.425087351502388 0.849366762131029 0.999993918562695 0.755237733380896 0.793477967866364 0.990981954329555 0.00484360073382053
0.0982941933549107 0.514556891359353 0.81262135909601 0.432578360568248 0.0769570070170038 0.162702524939777 0.0240517087478209 0.361261036883013 0.651608442455101 0.112011227904432 0.214417879421683 0.727486703832866 0.283027212868008 0.0890475430898543 0.756933318873962 0.657615835614106 0.462323752170338 0.295803157295204 0.000127229182285248 0.999698092325647
0.712476592492838 0.715205578810091 0.821196744288378 0.665115573034257 0.993711133804647 0.258122515808416 0.386055203886958 0.967571298179371 0.963701690765119 0.980842795755388 0.969478051323333 0.999520936585187 0.690546162437555 0.542900336584153 0.818678562809316 0.998600832793679 0.848263048273274 0.895618511922984 0.959413692421245 0.999137427543216
0.289668282152497 0.577705013198666 0.414979819550695 0.539576801865137 0.651454583380258 0.621379435343177 0.131519345690943 0.6620204421155 0.615391793460066 0.390870569000887 0.152372411773159 0.811438736738638 0.342956660627736 0.0923586898267762 0.769737074206441 0.448165548837162 0.484145968392581 0.426458383213761 0.00184763324264229 0.999984014095567
0.225159762891858 0.577026883711994 0.477384261547477 0.505688684210286 0.82577513081873 0.361292512160196 0.424099849303736 0.774612478635786 0.749436416358167 0.231431166160295 0.553955783049937 0.800211376837374 0.148230011766577 0.113383603253623 0.750973456756136 0.994003591504868 0.24048922815018 0.706556610841774 0.180010567706997 0.00443513834618454
0.371934523062354 0.697330189367702 0.684556277148847 0.86091145605487 0.454435075209746 0.474821152792245 0.100192362346221 0.351894100396359 0.882031932752907 0.530299590504823 0.577924181899299 0.99515160613587 0.339513180651231 0.0906164346651778 0.837437343324033 0.99337786498878 0.269169780155501 0.443665629374287 0.24161480487911 0.932134443678833
0.655785364687517 0.750524142401401 0.944281895674441 0.780432893583933 0.975098792634151 0.332847056247622 0.43376355214524 0.995404323076601 0.908835611358028 0.958513234783244 0.988606548723739 0.980388990108989 0.720301759182985 0.330009290251426 0.927478684155863 0.989954338308094 0.630901392214263 0.866492828654649 0.932951320050585 0.0474708859283982
0.408672606006688 0.654726835235615 0.91270935816869 0.828938017166227 0.970966873327381 0.589874867743043 0.40890422108001 0.9243755273 0.608082287526485 0.741034092251535 0.870361712747127 0.946928755388809 0.462100170209567 0.247590781930899 0.876022500596773 0.999432560976925 0.446553306266523 0.742864545669447 0.404858843313798 0.0659432964483993
0.0851366679665601 0.395191389991419 0.220665880077125 0.58227721119162 0.156367113003223 0.588455020505325 0.105962487410291 0.104807198649923 0.50987263220439 0.070690809869826 0.256489663010124 0.951425209152725 0.0552716891235072 0.0446526848244632 0.190862672426463 0.834631589691885 0.348147159295726 0.541058953130022 0.126420668246512 9.40585410764922e-06
0.52389731756212 0.704579048312741 0.760231995692994 0.652717624827194 0.922246456802656 0.785178834874141 0.11350545800366 0.976831175622953 0.584646466078824 0.931568812589923 0.904595159094087 0.997114199490935 0.564204819112608 0.225185357471659 0.94673899834794 0.999966075239718 0.209921089462867 0.745333705667201 0.999987572367719 0.996848432523138
0.117478277616942 0.542810545019629 0.761618799883449 0.720289755630684 0.0203901760159397 0.300211223772935 0.147056148163627 0.476560172611115 0.656962276020824 0.141811366622543 0.856528190933694 0.609429224491021 0.0667589097964332 0.100609759721544 0.908441858366101 0.181731749231109 0.646707916834269 0.336931433574056 0.457437816164818 0.98590082309627
0.0920743206568049 0.469343917170962 0.59022241083653 0.62201900603562 0.559633980502909 0.659179883081142 0.114358860641263 0.211837082964488 0.203899903826709 0.180406318975015 0.408525937941299 0.929238052359484 0.189736670600369 0.0817396021439831 0.887661058009107 0.458753926243017 0.389064484250491 0.661682620909561 0.0142976696974091 0.965093538120889
0.524562610126202 0.620102823916882 0.528218284571493 0.734930285651417 0.953940564932376 0.742741390220387 0.899415232442003 0.99055514265811 0.965256406642786 0.841665301481347 0.860583236733512 0.999081505449033 0.675385508922666 0.219180737478893 0.803513979181188 0.966258000888319 0.705432963733452 0.773625619449053 0.357700043901466 0.00164731206672964
0.274935565305911 0.602784923995918 0.784800672343339 0.493753789972919 0.923643330825868 0.775435533267944 0.17511091938598 0.871050570889411 0.525729233255655 0.547904518817407 0.582758474514759 0.986184228437486 0.422724611054728 0.123719793049349 0.879816961715842 0.999898960191797 0.52540387816976 0.636247124821975 0.0241006850304965 0.00261216414206956
0.352316820934469 0.680003918133808 0.629798294671475 0.586920078697875 0.893158450535201 0.35414959233444 0.1663036350767 0.982752450595883 0.996447150827135 0.808313666264903 0.807206814980396 0.998857337294329 0.380766125513613 0.113515377480981 0.667727279711949 0.547294619529831 0.542358356385462 0.676806314183842 0.998075921276525 0.995547790462949
0.163563960067833 0.580250161378671 0.628633264195101 0.615033121241281 0.872371571689863 0.324779686956231 0.483934833457773 0.763633420212983 0.760705046030314 0.675728341520112 0.143657226196165 0.949624058682828 0.268793283311924 0.232078908889233 0.587362783423267 0.128258353762028 0.448083028696346 0.681739749696342 0.755401415382849 0.999934332623119
0.0954809849483433 0.715121305961228 0.282609023425536 0.78910819561725 0.867448732600261 0.451823585530047 0.435540435420976 0.944783573625472 0.767436330001938 0.445850555023731 0.8845574750614 0.999608031554244 0.293976890315566 0.248099995104298 0.880628312224834 0.877519047527296 0.784069391202573 0.884317223099715 0.347392802543591 0.00156888617959429
0.0208384720752495 0.412248306662277 0.370959148116869 0.638818127099835 0.00935716216929114 0.516154291331301 0.11110974916381 0.0306828015602581 0.192382545027806 0.0794004693815525 0.102360556959357 0.47725733833632 0.041919260427672 0.0391220965174411 0.484904931424058 0.593337892909019 0.40999555539565 0.352491024993522 0.064906057487011 0.920442911226781
0.749392455652587 0.759335149151491 0.871024035742979 0.290143060313346 0.996260972327839 0.239974675810748 0.777826500261648 0.986614470683229 0.986067517632098 0.957151340717201 0.992518589464794 0.998772002041475 0.785328619323866 0.386545330283243 0.993822526702328 0.99987555788828 0.575087176841454 0.780704859922392 0.933634882938339 0.999942152671081
0.271738207977794 0.67512255640697 0.817432873257021 0.660729803972935 0.854713193770112 0.143000833044674 0.712426884694607 0.552116536875877 0.199317419300783 0.660632977346874 0.812053945392034 0.977931200561405 0.414654533820278 0.248559438664272 0.952615256144181 0.992308614602217 0.723577359096608 0.452923697516638 0.984697257472253 0.509471348895762
0.144929331123535 0.461941882208431 0.696190955338375 0.446129827257318 0.631542208841216 0.15055664359603 0.0189359633091484 0.191263381419074 0.192114636537487 0.251779323587824 0.255832628424376 0.617039644049119 0.0675435845443814 0.0846030948803016 0.248082170354602 0.938556038350213 0.692238467300712 0.324092570660417 0.000674425790687889 0.951017171516673
0.354915688670652 0.687530630935408 0.866596517896018 0.812994069609211 0.436798051348911 0.413327784502947 0.210771508566088 0.527880169186336 0.0887436458745502 0.65832425963183 0.909279910925814 0.720149699174571 0.345987329290973 0.188300023511286 0.805973593338978 0.825150736935391 0.343689555017828 0.675091708982561 0.0794902480053562 0.0258888443763201
0.710218030728724 0.756983767148428 0.624161238226568 0.816723040966924 0.944905698842713 0.263029199966443 0.232763754739954 0.987817128104299 0.904570728641916 0.934200984982575 0.978590413642743 0.899023306096466 0.855435980581504 0.315995042899726 0.860025234573537 0.994157817015506 0.692739898422482 0.785794777999922 0.143203555535048 1e-06
0.515967031011066 0.654807694725312 0.735060821357775 0.574941210306264 0.98004648848197 0.582961957105693 0.437754274457807 0.560083085237372 0.992411232542631 0.808203276872634 0.713327559687712 0.980341605145128 0.703292802260863 0.342230552267054 0.762835874543223 0.963972646532673 0.574519025165884 0.783349417765458 0.852373217116512 0.702070130440987
0.225082516828392 0.685013215583664 0.119150583490715 0.82081670597885 0.836067072367652 0.701622891400999 0.84538614135288 0.685596173761364 0.968454345292529 0.426333992300667 0.487077033014241 0.477439460912963 0.243628788593887 0.26792760967811 0.946204610216764 0.709821235740326 0.615393837757034 0.356652925657175 0.0643701142648972 0.997122452182263
0.203803832093376 0.539562789968821 0.740793415812681 0.32464601127496 0.269656868894297 0.299519921633716 0.0374987061690878 0.0733146910526132 0.00628921120076474 0.208117121766356 0.789165613913482 0.920864388044413 0.123934090163708 0.113045986300829 0.0592471411994811 0.986012906259711 0.567853503449233 0.446967585697433 0.45504089421921 0.988799620123443
0.0630870544286568 0.479396510296144 0.142592537510769 0.34247641231863 0.00131434554199765 0.33906400892272 0.00800872965620438 0.0584977409079607 0.0203857194372312 0.0143520268317743 0.0190956778380175 0.511955804836654 0.0538286281153142 0.0301814616550825 0.199494627572332 0.959737831348574 0.0991470107268968 0.117822130897325 0.000116489747333726 1.37703212950244e-05
0.430223565184944 0.663011230824921 0.773485772693528 0.526233696681562 0.919756892181299 0.862368694137385 0.472349268552411 0.968985257319833 0.773336480562882 0.831819199819895 0.829496075768508 0.992966932293086 0.612516162511757 0.255080988716128 0.935854156817071 0.753999687399513 0.176467644100246 0.75683456215335 0.00493793041353586 0.00174209767686678
0.328503548599627 0.479656135991598 0.618718934640114 0.674165040556367 0.107689966496621 0.218754168836852 0.27251861390042 0.913311655973778 0.610861240186977 0.613688360886475 0.589774959690255 0.978859741366227 0.20641576510409 0.164399135062983 0.769111206603147 0.506010848585725 0.54901958018266 0.630757410397916 0.0401838504116451 0.00483186497803902
0.715886866702629 0.733497332057671 0.572952658298477 0.773464488651728 0.993845026851358 0.549224856793034 0.764008381574181 0.994656296231805 0.995506908395647 0.974778692070093 0.990794626898057 0.986327607990335 0.719707685751609 0.480894492995565 0.919507944332377 0.877902862826304 0.588995379322255 0.907955344057268 0.999877023390828 0.913204126756285
0.0963093209088214 0.482736262096317 0.215263741555754 0.399123363386007 0.54004900211754 0.0389804766567368 0.0788963460992544 0.506228043500125 0.23065233373364 0.12546391088674 0.0167359853383987 0.88750178441947 0.0817452852727569 0.0434585382340613 0.266814530839415 0.969126227243277 0.467540559777988 0.593122810887633 0.36150962677601 8.28255210151722e-06
0.369129145128563 0.721894153079644 0.571968315324043 0.68459501383811 0.931343288507652 0.336789314331354 0.129328470750044 0.941058525497143 0.595021008851865 0.376682846901204 0.862228467048075 0.901991636173824 0.668633180854228 0.153053568108804 0.830825897261183 0.154573395623075 0.620592865167593 0.834969577133244 0.0830206908975043 0.0782690943781999
0.138340828010239 0.502127277307751 0.434415800672783 0.461981793040787 0.126789825250434 0.419677328024307 0.0864906226379752 0.403174480536348 0.191670013194286 0.230392089160921 0.0460045530617494 0.963832127287005 0.0475398886466255 0.0699601661726699 0.237838056441253 0.476274821114568 0.59764706592611 0.720026171835032 1.41704012324832e-05 0.000697078724841944
0.029088574327984 0.558346131104192 0.219426112453971 0.687632551795816 0.037795116145935 0.551773466784851 0.0114081258249151 0.0625668029184249 0.0108461300438992 0.0101937663062535 0.00247474827443593 0.432372002149832 0.0134615458532685 0.0313546996481688 0.313002812042639 0.325709905297089 0.20951972593245 0.45785877931764 0.161808636476373 0.0221821011960339
0.572473839089922 0.732780645121125 0.571549149535257 0.826252357167346 0.933432970890831 0.718390033166173 0.326862415413879 0.988480043535735 0.675615093180499 0.842172610003552 0.955187236903897 0.998118973044833 0.392692842411202 0.236269529204163 0.95325453138297 0.997510394317673 0.276669205553344 0.839394709055061 0.971254786426194 8.93262369532308e-06
0.379428782621123 0.633329438078588 0.613470553145338 0.921185522236105 0.616655724426354 0.185150624938484 0.153409369878915 0.989324029047234 0.750156468450233 0.668836070499519 0.773831365690808 0.9534040451281 0.632531365592975 0.0788079482539206 0.771544716906168 0.853286221348151 0.389535653109455 0.9043040482513 0.188248346349667 2.76680987710164e-05
0.241180227940203 0.590545335647681 0.849333625818946 0.68214103127081 0.830890193642754 0.69912352529864 0.339741089878902 0.882493835345784 0.131314526018332 0.441263416455092 0.332487518181567 0.960992489380306 0.440558885188902 0.111023628150107 0.851245433334907 0.989078161904577 0.413966685982574 0.589590956480943 0.836943415155428 2.034586500605e-05
0.118420553701242 0.607144066322964 0.447708897139309 0.689229578549816 0.816457620703651 0.234113265093598 0.0249810056121925 0.168584022619115 0.0196934627372013 0.0365739740163784 0.183582589537813 0.95880315842067 0.0830020067059424 0.0582892005446424 0.456296465164449 0.774762996181322 0.228239434126824 0.517088183633321 0.00162094806773995 0.999657056677829
0.342145242589996 0.579657881647077 0.569456683279 0.574045769226125 0.276500193782072 0.348999140233311 0.403275174028377 0.535439547784417 0.532912099152576 0.541248679066003 0.230159178272343 0.326066709067922 0.304434922719817 0.135969853583511 0.247373680857837 0.885267160545392 0.487581773870861 0.467334302382009 0.998956073578453 0.597504788825948
0.205423159523427 0.521190731788788 0.469989507404843 0.691156776461876 0.357606299901323 0.500234510618869 0.0799102995781604 0.434114290126044 0.277404110590758 0.191220947059123 0.525827370039042 0.929157083088995 0.483417687373649 0.101281739913271 0.352320144138716 0.234786761560004 0.396200053271423 0.293139631351175 0.474323382144159 0.262767828685514
0.17551458587217 0.603836872742439 0.554201491140883 0.672505754264563 0.939361634316023 0.405799999782612 0.285533585955164 0.541167095021737 0.647502094469005 0.606068133693266 0.943110929055665 0.984272472866714 0.26960954137981 0.236748970215279 0.869085654990471 0.998329936879058 0.409374902265926 0.823890499594826 0.0737468248814756 0.996323327265675
0.518891944044889 0.747066791085374 0.865347095560308 0.520959025043368 0.767672232826945 0.577480496014307 0.0527542808128028 0.967070440703534 0.434653850071763 0.829284151379278 0.934175388781845 0.953821100715175 0.738638927800985 0.191229654367472 0.969545603375597 0.997266785466254 0.786621088216823 0.668720458508421 0.000968836754202968 0.994220368378402
0.301096184851213 0.642503282751378 0.383006293123582 0.586137534556829 0.640675773929922 0.281574263671563 0.119021083416802 0.432901397413088 0.376382677595492 0.359050646061183 0.366613470764829 0.994483168433444 0.140069955741535 0.160302307279826 0.354800168766514 0.562194411624283 0.222093595845516 0.531589302589884 0.331370281437285 0.999999
0.801584162258705 0.766146879100108 0.88572399179259 0.796166882142621 0.921746801328625 0.636430849693487 0.587190007841164 0.994537789629473 0.93885655327946 0.890530736039798 0.762892334231992 0.999376369052807 0.269100772967664 0.286262774339661 0.919834041071702 0.99107427360597 0.765832162418592 0.69277579072418 0.127274068236958 0.595424087484678
0.359930992211116 0.6017695717395 0.839782366861976 0.823063627340157 0.930279052629437 0.462145203886241 0.694699179011757 0.94998648218722 0.967506927809162 0.923948846365169 0.87578738084697 0.998681443283123 0.680860316798306 0.261342783133652 0.880119092627075 0.988218571169169 0.477313450191233 0.713659079635049 0.205888354109967 0.219094166201219
0.348589011073516 0.690171400674051 0.790149694095016 0.823035963582662 0.762815539257624 0.512403613631623 0.588340782077011 0.973411491488308 0.919920379800468 0.867709081288191 0.890821718316785 0.99681262357312 0.556956956462324 0.242776714502325 0.495340999694072 0.99804075292205 0.443729467204086 0.617953700794686 0.627229388421244 0.700246207317618
0.331726883991315 0.656894771966335 0.837970534016119 0.64930800089347 0.950539388908702 0.699044969147195 0.152523223471482 0.9795758435806 0.902352664918417 0.694929726113323 0.905731540651451 0.894311154946524 0.346738039130965 0.338882712110772 0.752592205957827 0.99727814875054 0.541700474432937 0.859388712570151 0.973055397996477 1.55843895174176e-05
0.306109357839849 0.758389323273381 0.87000401681548 0.658362951929416 0.932849294677182 0.623228923071009 0.227228939408668 0.985034438305911 0.992354259639826 0.738910384896829 0.665158321594647 0.995225933439392 0.596877608403079 0.353790616418426 0.654997306943685 0.997048927122053 0.710459855095493 0.756916456734085 0.685361996982578 0.988390962817932
0.0826192765852578 0.569636104577087 0.704536115084463 0.587691370899258 0.217139723252853 0.649608190631387 0.0702840672385611 0.704755244581591 0.910904246549234 0.436589772824403 0.140762465388565 0.841394022466707 0.131459891055263 0.121525800540118 0.710110151425099 0.0670312881318846 0.431436954356834 0.623248494483318 0.744511478050424 0.962990844556958
0.085955998264238 0.42552169186327 0.20695501566903 0.528949187364208 0.165620770500027 0.365707038900597 0.0446373302253991 0.197932553401274 0.0310358022951176 0.0501036903730369 0.00716647388361547 0.483179372335206 0.0259735345789923 0.035144013856671 0.365838470813569 0.204869967801649 0.348047739778952 0.389990300141993 0.000423092471313675 0.999543956488682
0.0657738080737903 0.457068365163072 0.672137973743782 0.587392953101997 0.517486158089965 0.221561087100982 0.0724437119389833 0.0575918917303553 0.304131693951437 0.119355331652232 0.0229298246279749 0.846062833766455 0.124324845479495 0.0656445750079786 0.680243364007789 0.747911437668736 0.404922548986505 0.308004717367375 0.0248529975780139 0.723977768182304
0.247918467664215 0.656906043011217 0.865578699566089 0.627644476266347 0.855223674855614 0.357182888329203 0.0914720954089612 0.737652435115441 0.250360537791851 0.330187164581191 0.639903164439085 0.978281413603556 0.300464168877752 0.0944241977071445 0.586817245639393 0.539101399228285 0.340887997721906 0.319620150005528 0.0695078417466097 0.0428110527475841
0.0201730345622684 0.374735489654637 0.103054501417324 0.541080488005665 0.00669322407873434 0.49645544745228 0.0221829550566642 0.0356848739356546 0.0447661051321104 0.0124480868840527 0.217568694877423 0.443928060547296 0.0084852435354838 0.0217618450133464 0.268665042814793 0.000604170914313254 0.549081709561045 0.19223190302128 0.483216717371266 0.050795712263495
0.428605104478478 0.702491828913501 0.218115691184963 0.878521141839955 0.854207451592254 0.156192371130108 0.629984334545679 0.684174203740319 0.17088047388784 0.740366334367185 0.957933789204232 0.991092729768887 0.362538488669161 0.301575635167754 0.877390996372074 0.781318903211601 0.830000128992427 0.785773407750464 0.742183313703553 0.999963719208628
0.234609931473105 0.634526313327383 0.871990682430681 0.610334115925606 0.829206075841743 0.593226649261742 0.360804282561814 0.809953872131833 0.0145097441642208 0.336763841067825 0.539241693506983 0.921096941465128 0.272456595159287 0.173584562152177 0.615219552504597 0.468189375032007 0.586097789401434 0.781045386337924 0.000730835648510427 1e-06
0.0196807453341138 0.383200521829159 0.31596408496689 0.602928648391541 0.0228250944462192 0.416378096538113 0.00735408909667363 0.0112322970996627 0.0169629019876209 0.0127586932499939 0.00638353245618589 0.550325921207731 0.0115231280938364 0.0108852637525107 0.40234098741122 0.186180277463084 0.220626444630865 0.104608632451351 0.0512370813115448 0.000802777742442696
0.12602933597872 0.461792555018037 0.771019238759228 0.583542035254062 0.571533519582919 0.606713714948876 0.189190717782049 0.138419523831543 0.265549784732338 0.0194968121169852 0.0335261103466909 0.968001232556331 0.0500257368731558 0.0932085333184029 0.758229565062585 0.969994916007759 0.344967421648325 0.308689417448609 0.000364766339579171 0.531328832796547
0.124452740920454 0.627423616736312 0.410258001392151 0.423632480800734 0.674928518860126 0.373964033330259 0.230596408669832 0.613323848343765 0.342539744940398 0.188278673470242 0.239408948766989 0.995717632534696 0.281502969180482 0.135343851518184 0.407185257902663 0.7420706033245 0.421094143215379 0.309286824592404 0.900699475313933 0.00107222059670426
0.252677547428402 0.685550308394806 0.72352580229941 0.707366599388157 0.729027590942488 0.501436637078447 0.300297239448782 0.742569669437103 0.766693178152656 0.765021518041925 0.523173966745693 0.61828496697312 0.112029863859258 0.200083498032777 0.860770111567815 0.988631145707486 0.336295942150972 0.419740570409913 0.860605270907111 0.000771964583382831
0.0213619302592124 0.420812843513029 0.348616985505649 0.516265100002002 0.0398484964235702 0.298596896679679 0.0895056524085932 0.228819120686121 0.580848719927227 0.0264845244343818 0.0673202876708958 0.707822118864234 0.0212351167258772 0.0380458686332331 0.428124617998427 0.59406176028153 0.353224123174056 0.449963052866117 0.00108870764604529 6.03202530404423e-05
0.0488898068733541 0.486390275291474 0.623794329652818 0.373649339691989 0.0764646399226941 0.260799248559516 0.0457171452420712 0.119692106183222 0.423748514193786 0.0898686884903596 0.0245345549267216 0.883552714764034 0.0193075860497598 0.0700334342557894 0.296885018722761 0.982834139497572 0.434901232604662 0.299659382576888 0.637813109717091 0.999427100999656
0.295928864953685 0.589439536279193 0.486045370265205 0.6978540155536 0.446009743903099 0.386690679362054 0.0561441352908475 0.473642522209673 0.350944964234442 0.471404141568074 0.394472035278383 0.970963792369165 0.41536380656755 0.116499040698071 0.779572515902296 0.957189746177621 0.443043454524767 0.716143383625913 0.332297619739613 0.199102227130261
0.0236049571480357 0.379832411709613 0.531446633235531 0.569303735771923 0.0156234176210932 0.311502817837747 0.0231756045351716 0.000994403248726042 0.928196233943345 0.00947390134363721 0.0680720113461205 0.804697560039013 0.044201847409276 0.0205484582588734 0.0445648235538767 0.914198899804139 0.272551581710244 0.153582128876714 0.0920481817687445 0.00423464958896889
0.388157696245485 0.747654795852806 0.647421949024376 0.713013222329698 0.985014201079763 0.138786290875516 0.431063073546386 0.924874874754951 0.00612077396140171 0.662903294943057 0.820069952446185 0.991592818687149 0.366299070012269 0.323561425513963 0.784489828828987 0.999645797595729 0.353936836678257 0.672284925669251 0.0038454821400666 0.0179449830800601
0.493540389980293 0.795521235809611 0.314607702454081 0.602357523867792 0.947936007621947 0.502040045823936 0.223504172942186 0.979948628932741 0.923474112774846 0.956929320867905 0.767957679766849 0.933645513820198 0.418682973938829 0.295096584675901 0.926584168388228 0.958151051726074 0.696210071786906 0.756933235501211 0.332963511660499 0.997181174368062
0.66775380728669 0.631797322518088 0.310893485861962 0.747416334448174 0.870541924376057 0.444497464894152 0.369651493944087 0.916330857373927 0.946265813909076 0.610809907483287 0.732045687521592 0.752180621785687 0.642965684849215 0.251543443252241 0.939923730054301 0.886907355782455 0.520161170509743 0.832164045481842 0.113093241269515 0.738726510785982
0.515313348956644 0.675337478034585 0.941429604633347 0.740974191947974 0.94550354628531 0.72337047082788 0.0908504093500724 0.709423243198072 0.843721946291933 0.834679043156435 0.868813853073212 0.999500280284902 0.61752478981088 0.259543990501886 0.383308396209663 0.982638840427128 0.957753833933015 0.664079777612506 0.988697663271436 9.27161217895273e-05
0.0637445271150317 0.583839999154234 0.548240382832689 0.638881626941469 0.142340697814636 0.0700547199537551 0.0107648517173059 0.119842885278033 0.562459346280492 0.309406855889235 0.0432263475859562 0.981911621977503 0.0916865395221544 0.12138933943193 0.422083405604092 0.725877885216842 0.713651398000939 0.476218964429329 0.0013719024212455 0.00535765215064453
0.145083306318812 0.615634873381238 0.396465760793958 0.553690189830291 0.709649024131068 0.339295151982426 0.496113223865647 0.476696129690122 0.921454809440806 0.165797296855218 0.864858992401806 0.951503545887325 0.2168462656205 0.0665367132887945 0.895841432070293 0.952880190539761 0.311115085111992 0.524657625765376 0.128074258480826 0.153512874753861
0.206147225324235 0.570043354155677 0.761401316335005 0.646562391128133 0.197635862499696 0.573732621917349 0.0430759979082879 0.273404412433134 0.0225704003407937 0.180597633817534 0.149171975160955 0.990207477559783 0.044972721808713 0.159233817837909 0.897865166286829 0.381298787340373 0.490854875510464 0.41398850574183 9.59860819219855e-05 0.865399216083576
0.0463172456073824 0.509648614835281 0.165675923007941 0.632329539277351 0.0783178649966836 0.148616576457433 0.01360289232557 0.23647186463311 0.311597233081278 0.117235487346893 0.0265277494030146 0.252274443027546 0.046705265304027 0.0716148882891933 0.215262609019287 0.197122699444593 0.247330314384191 0.455297763347838 0.304353222965901 0.00704022304321216
0.442629251650222 0.71750892545011 0.864411107496005 0.838456904956437 0.980108440109299 0.737818785155102 0.633731014117494 0.934420321610379 0.996412298623693 0.957881359291445 0.395128987274762 0.96306363603752 0.625394041246658 0.341295500629337 0.885822563930402 0.997408864983403 0.585465683651982 0.566174695624299 0.0210927600433445 0.336455867997599
0.682833094799617 0.712206263867339 0.837416052108505 0.778026256020175 0.976545573559478 0.748929306307388 0.842464896439763 0.664370775149465 0.920526674866541 0.907883876428392 0.906824308754893 0.999908351152753 0.809241713374181 0.391399651471608 0.882262274012324 0.989141205532396 0.629775569693463 0.822566994507952 0.0287727625958126 0.589440863069591
0.507089371684414 0.771440519011673 0.776575621351822 0.705741389596686 0.922210675931429 0.583856149569625 0.509826778034727 0.776204749737017 0.978824862805444 0.853815514520183 0.956899799668325 0.848389836341251 0.385732081560464 0.151432001061122 0.854597167833426 0.983106635317676 0.637589636546362 0.630727682997434 0.987411884545598 0.999393899983166
0.0786585728471043 0.594217897654164 0.393242987152921 0.588546877385641 0.326879387234509 0.255736023124183 0.31350295124712 0.089958266891167 0.105813178885367 0.29104254818062 0.63871532777993 0.234170917520472 0.160009552526568 0.0622153856799553 0.537862524791498 0.464351695922497 0.464297811490777 0.532961301507273 0.0228919387679711 0.989498181427296
0.370636039371434 0.783876235511412 0.772021490285359 0.815906277405048 0.936780866743201 0.235138044960129 0.303682285241226 0.936433931696836 0.978102366979208 0.876339745769733 0.820114411531605 0.981366213142075 0.718241447998301 0.415972286950551 0.925656102497045 0.995053990793316 0.658257100198659 0.743604271682061 0.194248664120047 0.0138882397560402
0.387814951887215 0.641483601117843 0.508935792906912 0.718766849611788 0.648292038975754 0.87284458680146 0.0220394552566807 0.351715787646945 0.447322497440824 0.11462107009035 0.743413628325504 0.980651594068286 0.160962691751266 0.218414272431469 0.582976288408847 0.995218517156941 0.540986667172217 0.502029244375168 0.18006354694817 0.000182550935966956
0.177966933896159 0.623297574202093 0.317987055061176 0.72226573671708 0.429873695619667 0.280399093158682 0.0303009836230074 0.869318975315754 0.98991685139393 0.287524329391622 0.385001689550976 0.99820903797857 0.348020141678881 0.249792407872549 0.926119853569005 0.104431921376006 0.656324795923147 0.657539582428763 0.393243885600548 0.175728277200997
0.368080049001576 0.663513861991048 0.314692448765924 0.536850635451028 0.879811068346617 0.556012549284534 0.515793914940981 0.254260117324776 0.747425823031057 0.655826793313383 0.954333104595152 0.913376008854655 0.59076571480121 0.241147253350734 0.867007637654974 0.565938965822765 0.53963013809827 0.562387747523528 0.816105812760767 0.772276007274049
0.308688362059042 0.687758886832515 0.707792495120774 0.755851837490262 0.884309634936333 0.47834654166566 0.234561612270103 0.844252775204236 0.610527344935615 0.830186057018637 0.448692878160492 0.9998088211097 0.282118079041078 0.267469437338207 0.687682680783688 0.97872551521623 0.5058111901886 0.549145603715099 0.00139230291105822 0.0112018788798801
0.0404006397202685 0.53703962626238 0.267985342483848 0.591869710916695 0.193171322832149 0.343423903098933 0.0164564767426521 0.0508921235552009 0.537266757472317 0.0550556090636086 0.0241891948464274 0.446573944364219 0.088009776745636 0.0535931108069085 0.314133381584883 0.895897873326776 0.783141425930468 0.420390695831078 5.2093895279065e-05 1e-06
0.110030816725416 0.561463637330813 0.0672648116243722 0.438315198419739 0.627259272327574 0.433825163779855 0.0361217067983434 0.603422450980912 0.787337641137025 0.158978401860892 0.246145387517132 0.989211692405339 0.0549542893379329 0.0682002914827638 0.296500600345563 0.526465808265481 0.719333290914319 0.441353029737722 0.152919467451361 0.00279359555716863
0.0362227504983175 0.400978519734037 0.0821631899806873 0.262946832585418 0.126103921411545 0.261836330015094 0.0296679786771688 0.0108581321297832 0.166543217665907 0.049870497391052 0.00264255217507553 0.0341708515589541 0.0181934178535378 0.0276421009005079 0.2228720607877 0.0966555601879831 0.165401733519367 0.294927425252688 0.000219099190886942 0.000132049384303404
0.4835151433832 0.723321678874062 0.245469902045204 0.84615751293705 0.925398974666221 0.209540154420147 0.36591158869871 0.62285053139298 0.982937307698756 0.966848352749085 0.733384906541078 0.999980478754266 0.504968302151396 0.323528072882198 0.864721489750486 0.988036985028239 0.521564966449279 0.733193287547082 0.0731674677134023 0.999575601865336
0.118589398567487 0.728337849013225 0.531282688756996 0.564069171722291 0.825211512199652 0.72195954438944 0.027990615511285 0.130263474909825 0.358278101363055 0.308240660811802 0.175006401320981 0.763984241119897 0.0807019153273238 0.169008280659097 0.623202826911004 0.997286678870488 0.759073370579581 0.453757660928186 0.974956058920729 0.998823270966164
0.00701619260306269 0.408429418585075 0.247422612950679 0.462643504800751 0.00720579987930399 0.500972945264895 0.00303179099392647 0.00658958562443228 0.0158458874944955 0.0117963476412696 0.00197623716389619 0.11419498617366 0.0174362162374698 0.0219424218494772 0.0544573245177698 0.271364802963936 0.365579521836009 0.16326272180649 0.000293897763773601 0.000684407759471489
0.0217828728221823 0.416131502115864 0.338072333567224 0.408186395646972 0.0364261276123103 0.77064595167875 0.0612658634801825 0.00707218139170412 0.174886907239913 0.191640022582171 0.00183959341050603 0.990559105184009 0.0262766592331983 0.0297741697904075 0.0555751550634074 0.127052663898567 0.208685747686656 0.262462790274918 0.0378476474790915 0.212086406271872
0.147761889605898 0.553125605557184 0.162889538281629 0.534744025751778 0.27157091608711 0.291596710220558 0.0908576794470723 0.158079331049265 0.649422101866932 0.399261547357865 0.400710107177065 0.928841708944233 0.109053556844558 0.0748001094416757 0.478743678135163 0.770495936770708 0.527294071297812 0.29801127985212 0.000329114640710608 0.999717613415278
0.0318320399515205 0.424974338633355 0.242350741737013 0.392203101370461 0.237459984317274 0.142583783147286 0.00705398444325897 0.444042196023835 0.592653921370665 0.0988408514461952 0.102407257696646 0.899229669685908 0.0903453069381116 0.0386764747142103 0.39672548851401 0.0140476906073986 0.412719080413153 0.359407614747907 0.00386351848723856 0.998804192606022
0.0527839181867596 0.464110366705682 0.332656712052338 0.498525670874365 0.487011834597526 0.223052262964177 0.00886262547949946 0.323860866963029 0.0853113096208817 0.445478062416921 0.295091798650704 0.744757977444778 0.129889672161708 0.0386410235452232 0.533982762802172 0.933433927349133 0.264680248913541 0.452386426477084 2.53627542853263e-05 0.465762701914217
0.381190354474354 0.651135117699777 0.488389452679933 0.536578557091727 0.644537872484448 0.483257329462107 0.230327349873033 0.737338355502509 0.991812923345261 0.919707779565257 0.485977192728129 0.998767981427146 0.348589277171586 0.136678174702924 0.969997924598696 0.983949205362929 0.748626357364898 0.671105455043523 0.0276789271337098 0.00425390008208768
0.264963924844173 0.565117549341399 0.600753597658725 0.743480371724571 0.650935875077014 0.810294968233826 0.528714603322235 0.98963907017707 0.872831560679932 0.821777962803964 0.75333798967176 0.998486845643147 0.432450532775553 0.32620769904358 0.41925628101583 0.995278869564934 0.379833824604083 0.351231737916 0.0036437042176945 0.983211141186368
0.192073255651493 0.712642129442948 0.353372570345994 0.768969863663746 0.49372375863393 0.504936039639237 0.133496485704587 0.82471838080883 0.468374823345877 0.473868776456764 0.360933726606685 0.953634309776785 0.480766670036518 0.150847871290739 0.838494419483792 0.730689577031981 0.213533363855494 0.684912122965654 0.0345258841853791 0.0308107224261562
0.15925639316745 0.633351104964367 0.438070076450724 0.390401834563699 0.018646689575964 0.156590088224107 0.0288397233394254 0.832604461969421 0.348676908419759 0.253418366339036 0.504456372910248 0.906381006599126 0.26525818174928 0.16834623960934 0.382839904342863 0.858378860129617 0.338285566594928 0.583718643609121 0.00848547071821893 0.950629102111033
0.373904465201136 0.634283584613746 0.655953331170126 0.565702653303213 0.88166465871831 0.504912457418639 0.302007346980527 0.857378074701194 0.991680761841652 0.878307235279821 0.604983037718612 0.983385957794591 0.400636856969399 0.273166897195414 0.737256889536536 0.999794178919576 0.385981385184613 0.303282224443227 0.954794074325848 0.999158107496318
0.0746633022288315 0.473390739806398 0.057363393373116 0.550657500282398 0.420169926811753 0.327588079506655 0.00608579610001314 0.0288413910707126 0.288785322636499 0.0063548165319357 0.0114237525114414 0.688756098534471 0.0784786184754538 0.0426935657112118 0.279158525236397 0.769893430348294 0.182349091235717 0.345941452587824 0.00310487858262216 0.0013185927428751
0.282880788548327 0.676040641861984 0.459634897938964 0.479185802134954 0.532591302560134 0.466216401415494 0.0505456377602267 0.812462575597349 0.974802581540821 0.406798030493382 0.418545212468901 0.532473518456677 0.0829114185553286 0.101354707073954 0.690656221429881 0.996984523732572 0.650364547822687 0.425275942801116 0.938543420052384 1.43094617381296e-05
0.208197705653414 0.685971451159789 0.899440899922622 0.751614798278135 0.894509838719118 0.671705323261804 0.1722672789393 0.844251737888112 0.366155072834021 0.845007312733108 0.587719484901822 0.999688844809878 0.176836222409402 0.194252901946737 0.725618036634354 0.998933884283042 0.689094886677597 0.637478773833901 0.534758328330242 0.999999
0.234904390736368 0.61426450939434 0.585491257379844 0.642501286505927 0.808742462970716 0.134242011864499 0.10070871291349 0.587898347362498 0.275184002219242 0.263566021901956 0.101980553359568 0.929475520780054 0.186698026169747 0.20824008311294 0.478935890238362 0.425313574878262 0.377259363765246 0.46199012335931 0.457061831272534 0.000660349366468244
0.059033673145044 0.505389921082827 0.0607913996149948 0.626447271911221 0.0246742205688165 0.119444860121747 0.0160515066462862 0.375933067215399 0.328267983948339 0.0646384774020162 0.0329937355611101 0.784193074826548 0.0525674538359973 0.0351003147290813 0.324270500439745 0.121750357265964 0.359195389739557 0.45904885788781 0.0384677597896303 0.167849810103184
0.243516646366378 0.594096772218951 0.231101614597512 0.514101318338481 0.924862784058172 0.191014682307864 0.0339714540262351 0.747806085457219 0.306880479152816 0.214332007848986 0.691674730667212 0.943735348547435 0.348727268946707 0.0922489369599866 0.693990032063771 0.680836482626809 0.671894153489703 0.594031214990967 0.715113824567523 0.000502065676761594
0.110783615590098 0.619109274920792 0.295150276658977 0.450906316669549 0.111853401614263 0.123767799599322 0.162015708082879 0.439486700991086 0.108127961778986 0.239812932625861 0.714543995888847 0.155475790735146 0.133085506949314 0.140868458360592 0.610721430308327 0.906116434557948 0.625968906427845 0.749309845714134 0.0388218278855833 0.857564104711881
0.554465012744146 0.64565747580736 0.742878143136448 0.61607510024505 0.977690885196525 0.643350143525999 0.107706861323372 0.729312671198004 0.99162940011182 0.528793718218821 0.942881332951985 0.980325711201975 0.621836535287253 0.146724123762136 0.881865720534382 0.999606009843952 0.462532882766556 0.677814126942799 0.0587440340312916 0.000292981853746242
0.170553459592412 0.584212777318522 0.379330982322502 0.423669591271095 0.110614916880762 0.514970664100852 0.36053328124366 0.368453743917259 0.489433191129491 0.339867066309814 0.132454287066633 0.997924285875792 0.145385980241346 0.0933791615157154 0.81597068478911 0.961441675267744 0.838523797974276 0.338005250038538 0.00925169533332614 0.997758126791341
0.263702341508892 0.579228690218069 0.800457180557388 0.677024821395778 0.742801308760283 0.279416413817915 0.268799432410124 0.945438200167799 0.918619231775889 0.908457940249517 0.848421231490146 0.953189984875244 0.309902232112179 0.281678943098152 0.927770488922984 0.997861077522284 0.545004756819385 0.498626877066365 0.414186088311892 0.999889384538603
0.41108631424552 0.761604294594928 0.710674878796003 0.641407848658677 0.813866910896986 0.595036104027252 0.381187428262164 0.668978516458262 0.916399362483946 0.888878912098492 0.938836785883073 0.99755652572608 0.455851916541814 0.158985089924654 0.520242847999444 0.868458924825473 0.297905164674594 0.793602611372506 0.00115525534489397 0.00145266388807816
0.195347481649909 0.660803027307887 0.359579626103282 0.486593610538196 0.959292013210744 0.722029352476583 0.423608205150285 0.376507688864805 0.969212034113194 0.246525883510506 0.478219490878388 0.985722846093049 0.173972226226933 0.159474593318843 0.745253838238825 0.967471203925654 0.459926395827861 0.518617460662844 0.0593702008224641 0.999982206926993
0.0807348096124205 0.5647604684354 0.539102363164542 0.645797924243907 0.800079483654 0.586075748112572 0.134659994264413 0.681739828179191 0.474560965101897 0.390466250713961 0.528122905589726 0.959240905138339 0.507849472693304 0.0497910016967827 0.456243516378392 0.820832679275216 0.351992032963293 0.586543891605356 0.00103626003586375 0.979990128412703
0.195117442592139 0.660403403564477 0.0809160606152655 0.795491654203288 0.483621244642645 0.743837615095089 0.181197808238847 0.133830405963428 0.0447443316930468 0.189618803912405 0.323985127908232 0.859143235959745 0.157989961598176 0.0824790345287798 0.7274353488242 0.861579594087599 0.48471832031297 0.379904845961527 0.00849094268757977 0.708934509573688
0.0351838843900445 0.508069891658418 0.327554011692837 0.767889696506903 0.356657755425338 0.200945315883727 0.102320705209028 0.0164617757438971 0.182046105737307 0.0317689238889582 0.00523237276238936 0.447397751172327 0.104352090972314 0.0575145270513449 0.614968510633837 0.590787262846114 0.347475815134687 0.268646714643897 0.693052756810274 0.0209145153379058
0.0858279996787533 0.592404543260177 0.522879103172788 0.605183506157277 0.157067547293095 0.600285504327903 0.0587399079137083 0.332703876839976 0.0504009412148354 0.284524742180672 0.268038868275341 0.976639714136681 0.113117022564665 0.0544043645882481 0.374821128037905 0.993612287464588 0.637096872002628 0.467342143147997 0.000266936492662089 0.00163448484332231
0.0167157561433034 0.508065284233918 0.499302733530428 0.522029741475254 0.0894478001880743 0.418260128397606 0.00588261031029908 0.0952286075675947 0.0108726384650577 0.0521900821734408 0.0155950718333867 0.0344672997972882 0.0252503449295823 0.0437947867110404 0.560487566583334 0.62413815477933 0.457449635948414 0.377053626868526 1.24785445084502e-05 0.000131599536992412
0.390740064410559 0.662335947474224 0.615417580966179 0.585014237710036 0.865638132059188 0.414854585626128 0.0455462082582095 0.959949779139467 0.430715195553063 0.886758969322233 0.220944125275351 0.831316288934867 0.599399418110704 0.301589577928752 0.867201109574509 0.995713241877975 0.455435060273295 0.785038530217383 0.0907621864475995 0.981436238325516
0.0548591340702431 0.408940776853612 0.164851752480418 0.176107211415979 0.0137580837636877 0.046315189817639 0.0487861185441325 0.0482178752221418 0.136107428735306 0.0447464433405661 0.00876632005911844 0.0540097247408667 0.0648024964343524 0.028190310927119 0.386815048205783 0.076746964900004 0.594410545357746 0.388129391569439 0.475743958369001 0.0174935746350282
0.170927197698068 0.492783622295668 0.522632267046697 0.535115107782349 0.123054986384718 0.737775935076455 0.0854222150143113 0.356334669302642 0.312879452219498 0.159518255389409 0.163274656751187 0.754050494473972 0.0444750681326481 0.0800007986345727 0.496397060792849 0.996437421465864 0.544505123210521 0.683550319374386 0.56362673915635 0.00131545873136533
0.0864523270426248 0.562550096362149 0.458203433504026 0.649535006730677 0.315123302501046 0.0851913171942001 0.0416647348341727 0.222104332794034 0.0108565958573743 0.223564896055629 0.13977261400836 0.60119430740597 0.109617226382515 0.0356495499637355 0.625641140840067 0.608736601736617 0.705643528903553 0.834102823336293 0.802005542345761 0.0196547839040664
0.32212768282469 0.682335751610518 0.0951830726972137 0.64303032372365 0.582096524470403 0.529265190253937 0.0794629773725152 0.985781230628799 0.178710622215456 0.726349944975983 0.529254768043628 0.997574454381203 0.574582153889499 0.378888078166896 0.848481867046041 0.917323088169215 0.399120454484646 0.579961083747561 0.477538742579353 0.000423034929755826
0.556198449675777 0.692267864925004 0.817737091129976 0.746661207607127 0.998560014439655 0.837180877297183 0.607312408024044 0.997329582714951 0.133307658606843 0.935419747098501 0.94203515838399 0.996306567492686 0.711513236500562 0.476761497077046 0.883327240118366 0.996531912568246 0.584000306775274 0.868374184777021 0.987826813977385 0.00267542399171856
0.690573924435979 0.839260486156667 0.873957634077333 0.729422486764643 0.578329689790156 0.40933537604588 0.357646033600362 0.990159726945162 0.991069390763954 0.935046351016555 0.966589950500935 0.983905699664206 0.49795207501927 0.287655797525876 0.928335359130757 0.997549018342346 0.566658948304821 0.890567525458547 0.651879935038709 0.000651268734913626
0.0321542981997657 0.512769970047947 0.265487005433806 0.682722095804461 0.258719418099382 0.585084596376348 0.0486153145564681 0.4288629272422 0.430258803826311 0.038867507012078 0.0105664249521264 0.270978492753737 0.0662535636061261 0.0213730179118679 0.129965665657703 0.119251771961285 0.695828477425048 0.398987700550048 0.00168570312926807 0.130503570081376
0.368482959957172 0.711355292957058 0.274327748014119 0.755074156407622 0.86941425982877 0.343745304745677 0.420619055932769 0.940726624215127 0.0625234632525776 0.92990664961388 0.941022127850281 0.997085778016544 0.336092382597385 0.316792738581038 0.936801018575017 0.995953118686787 0.407408908133809 0.667581496470217 0.99772947778755 0.0529325063779858
0.144076097255094 0.538132429506416 0.277932150786801 0.797461756039973 0.850555625592059 0.686790183528667 0.39195772901836 0.30829187356149 0.968332173169719 0.435588859539023 0.100874266612137 0.996186361504359 0.285600156550086 0.220175206899511 0.609830911359696 0.886672395531437 0.404359353070534 0.620582196151812 0.0974215831344994 0.00159686723417971
0.357931261219567 0.766347161888796 0.825935642765086 0.818768906639087 0.969768683285036 0.203212047174558 0.548888712785438 0.172852340211492 0.942112216394912 0.853211736177964 0.940419432540571 0.403109542381897 0.604036246990906 0.157788596649257 0.836267132754687 0.933927125039289 0.575036407262313 0.654815001949282 0.0158544845819009 0.481512717683138
0.163570821218332 0.591219492474013 0.625098420590208 0.417617735241072 0.354648059109716 0.360206985312183 0.115567128907488 0.201370859481642 0.914999417495254 0.429793589251018 0.98683977660957 0.797021228326154 0.126301750628088 0.0977639942049315 0.59323990593198 0.953691128408015 0.549004519891222 0.660239724641072 0.0237689288087783 0.478653779546948
0.129625072752186 0.557081895139557 0.757069370538195 0.685546780468522 0.275912188716532 0.468327653415869 0.0880121899278943 0.8684248829995 0.215180493174497 0.744818834302075 0.945147014410836 0.963031506645185 0.211168621199036 0.334706091088029 0.728123205949558 0.999914084365396 0.726051762053528 0.579027112521384 0.998876238542896 0.989203542042609
0.114252073515001 0.466555149295307 0.413336479639742 0.357631639257296 0.304755897304078 0.566615875848695 0.117687930026537 0.581450238905313 0.27622185717055 0.392345955927383 0.485102413286815 0.998253609020435 0.29729391884615 0.0693343233020738 0.150992561561973 0.210969174692936 0.419169486363168 0.314020011012585 0.00204081228350652 0.999999
0.390061149395579 0.713688781228207 0.918009604586747 0.71045849165393 0.855259859811137 0.29691487413284 0.220772688719945 0.788940878414355 0.869734949783087 0.867735838019977 0.525176909144445 0.995570699791256 0.537598527660236 0.262543443669717 0.94164923530465 0.847240658667898 0.662688891200014 0.49564709695881 0.729338682587748 0.827832806513386
0.695773087571599 0.857273075505202 0.62926068245047 0.833647142184238 0.993979577646667 0.56245024456162 0.590963559940666 0.962678482160074 0.99063712114319 0.98524066060006 0.986283187798195 0.999809659229226 0.869291208564134 0.381490199778955 0.903102767224035 0.993748882973057 0.691304456355274 0.774638101967533 0.999704912350603 0.86640798249866
0.0333630997019901 0.569208945630105 0.41103602570696 0.458252845213351 0.0473558708729772 0.186474509513008 0.0436542326721172 0.0175223967388874 0.0372278000846189 0.0549221414755321 0.0876583710380571 0.272638456977631 0.136580607098172 0.0437694548171372 0.67931477214112 0.0748195791947434 0.387084460533444 0.149540149692796 0.0368046530238164 0.000262801802806794
0.4494025043962 0.634591939187281 0.793162403047364 0.734411813218232 0.92850920647884 0.315361990905829 0.510592711905541 0.879169136280822 0.398344796196275 0.698054565543804 0.850436052236068 0.607072238494058 0.60539031499346 0.287741345904915 0.636028628189807 0.969574540258041 0.810280087628703 0.826958518543816 0.2177956666481 0.999918837172466
0.0437697624445216 0.614299350991282 0.351915366781122 0.486564000370964 0.0306913479480782 0.297872589232874 0.0879787356780326 0.00177123400398683 0.428628913693728 0.0450448317653325 0.0590345346999936 0.428684485442645 0.0841110470138015 0.0450698347716817 0.267889366507698 0.470497954137182 0.394623388457911 0.180931932090736 0.171403619553896 0.000389183898797694
0.0679970112468106 0.502861320320968 0.105215517363155 0.353761836154284 0.191165928221481 0.527854923876458 0.0114872451236358 0.598331479432468 0.00317431007857314 0.207768218784358 0.489211279445969 0.66462300321934 0.1522055497036 0.0359147301185748 0.384206358834161 0.299522537288446 0.358418191003299 0.342270265825861 3.01226446331069e-06 0.974945583361822
0.526684327854325 0.72599289932158 0.98001549424028 0.744238448769133 0.982624918157302 0.764531786019364 0.66027124820397 0.985807997145081 0.911509732037869 0.704596366570124 0.969225582903029 0.999793764294143 0.723755409917355 0.557450460420846 0.852081497789001 0.999360177882204 0.449264135709106 0.601064704988665 0.00305797762502916 0.995258246892952
0.146555468892271 0.446452545004967 0.255999977952371 0.560478628378532 0.482905169122427 0.671654814283229 0.149254048042609 0.0932980109332231 0.0854578014150177 0.113237119900762 0.296786494518017 0.836175401393558 0.191190656005546 0.0673900138918224 0.203458214954723 0.765967477738654 0.34845839620854 0.288726469111528 0.317374879193924 0.999952932642463
0.0837578906658987 0.518412663792891 0.244664774968965 0.724049726467705 0.412940553905399 0.174378232614217 0.28859502662123 0.344028799545657 0.00121810442110832 0.116266350270539 0.0168586978062281 0.789958084084715 0.0814588975164179 0.0284987491940383 0.599922284801729 0.931130851933716 0.385163699486836 0.389341345135973 0.0332474460439527 3.39329318035144e-05
0.253472571151365 0.656216846960859 0.7043721173892 0.752992177493543 0.257367109272574 0.284584539909277 0.118200025628444 0.449582363621957 0.90519936993046 0.229928775548481 0.256328917854961 0.978086673840367 0.151383827880071 0.131056820676258 0.701120414205302 0.999469887715428 0.611795036597095 0.455779138411197 0.74708383178905 0.999999
0.221005733419159 0.681305882286476 0.818585437817019 0.431310038100069 0.948454911960452 0.675060858055688 0.270492640965921 0.976519491261052 0.417860840199547 0.957735655768177 0.905662696574486 0.997665410726567 0.737942323722314 0.393819425248663 0.780750035083995 0.99042055857816 0.824285937345852 0.776767769507141 0.122724105087175 0.998844261186679
0.277618237242491 0.636896470953269 0.752130033650688 0.508194602866278 0.431626613660354 0.230181441970363 0.22950252389776 0.90857808869267 0.771010500837627 0.523695611901961 0.373874896051107 0.890147554942073 0.522124522189832 0.135617619624442 0.90594468547929 0.991483263650464 0.499881896928778 0.476582717433459 0.00707565252334929 0.990369531786695
0.0732035156956908 0.475146955854912 0.540966535125973 0.587453389117648 0.0101736870650364 0.0957342176915164 0.03958670620571 0.118650044991884 0.35216166446318 0.077152686633544 0.0259855179398089 0.846356801711932 0.0324717510979693 0.0722089370979741 0.481193730881137 0.223544340058758 0.518888634736005 0.285123627917723 0.763500579881952 0.0389958921453537
0.312026496420219 0.704046262658694 0.674063913395484 0.604359756966529 0.957674228002374 0.42841556557 0.298751966787079 0.950033870867355 0.996590100643828 0.63927787288031 0.923464011743443 0.935998464650273 0.60793445377558 0.206392070521949 0.902277342845685 0.999980071702198 0.28693752460655 0.456098330130325 0.00876945168805679 0.0276996681829727
0.0856334967531267 0.607807201316145 0.475693409098278 0.650096288912922 0.518843240036865 0.593142116847835 0.293549261229879 0.164615395372299 0.0376838834145306 0.43399749634844 0.00657279652217273 0.844973056838485 0.155870696788302 0.0951224735129066 0.403350151383725 0.581449974886734 0.472611639120581 0.382795750898556 0.264209067678498 0.150083006713862
0.379343423867892 0.790989730645497 0.672579054032714 0.735009357922532 0.963666805350982 0.916771713011155 0.87307147416736 0.943787606045605 0.671169517594772 0.830078961068997 0.840100601683757 0.943158781608143 0.687514571748794 0.352988415718673 0.635439927681076 0.999988711515459 0.776691139998476 0.422102541357605 0.0382239092922735 0.997217876929071
0.0226662846736543 0.349586361378546 0.115605050957889 0.469595963095038 0.00846636557333579 0.195735983335783 0.0698486959577368 0.0849009678831251 0.00274784500638243 0.0523073859897258 0.00563726525237006 0.903828196685925 0.0341516308963647 0.0263709053131869 0.524980470532368 0.0741626276541931 0.248032083557724 0.279317933060823 0.000225176301588579 0.000280398021850432
0.519427809405819 0.767772127091111 0.657112881087273 0.755513384365436 0.980877590643113 0.445074317903478 0.262446496241741 0.982909342371837 0.980495685189374 0.863433857862855 0.975811216507454 0.9991705542775 0.70170503143706 0.633450482279535 0.810676657516612 0.999158000104295 0.497836050023873 0.7424432081323 0.858596703961875 0.999998932984591
0.0266126694614183 0.414758514335698 0.307658461104559 0.385469468289651 0.00868861114755568 0.301028729997021 0.0367124411953007 0.0106566978526889 0.531534656455273 0.00208481161403246 0.00798092180642244 0.800497253897648 0.00751634829530742 0.0262344158712085 0.377242165766174 0.825615154508498 0.214471179245187 0.144862071269538 0.000647638779200993 0.000521511267727046
0.362632557608006 0.608943223487228 0.32207929762194 0.885708662992303 0.599802728631695 0.333903422374769 0.145242612985131 0.790775909440033 0.774383009165589 0.843015153745673 0.935766935705685 0.989077243827189 0.389207738189855 0.29693718326697 0.924978543560594 0.988236149769452 0.428304035356217 0.617862580869811 0.966659768349077 0.00152224733057132
0.140301480821663 0.613631817531243 0.690613634733333 0.709409666467864 0.927645746869094 0.797904000036404 0.140306981719302 0.378399222188489 0.967324175445118 0.496888985976375 0.637698034263606 0.993143408083194 0.321762955411115 0.202797959934308 0.436447612607383 0.759210091052732 0.318569361881999 0.422797294646145 0.00038782712776104 0.000701033582616098
0.748437989603607 0.768480554210201 0.908356691196197 0.893272888353067 0.985811785449684 0.249433680852639 0.665367404673493 0.920975900939101 0.945236463577406 0.981266574961553 0.806845399784774 0.998404173001933 0.720404552226951 0.638950494436998 0.91130896618264 0.999949374826838 0.498967622941306 0.771664484991361 0.783712227723519 0.942480641812445
0.0169753637668664 0.469747311546975 0.0914830617303872 0.408403924479619 0.00624816460812881 0.0797169326062303 0.0519008351670834 0.0185165605033379 0.172744687091213 0.0061265402421359 0.0266918531822571 0.420999209874626 0.00547587198760152 0.00921912045385651 0.229069825031862 0.846906641183347 0.228360154432834 0.363807189772809 0.00124454272993217 0.000442402379272746
0.579555892120345 0.747857170047825 0.774310430970651 0.465370155691447 0.973152459830443 0.710122588387214 0.173771668164535 0.995513220902051 0.948751522555917 0.924778397075878 0.89415881226951 0.995320224883006 0.710779614407638 0.571711791875051 0.844675534130208 0.999354624545809 0.715766207362912 0.792050426157363 0.999767071128701 0.270998557888534
0.088850749398889 0.541716795759657 0.395086184644883 0.615682509529395 0.089990536447855 0.804301556364828 0.0726182166285152 0.103181166518242 0.0739906618879361 0.383452549819403 0.264998356028969 0.929578015479613 0.266228486690795 0.0693127302322454 0.229950305674815 0.888388040470694 0.463092736486028 0.371446741194029 0.0455438204715238 0.354474899365804
0.437545725739408 0.708791007256032 0.796302694253833 0.645628805086489 0.945886963335161 0.137094783182195 0.479414761643093 0.959691464233286 0.850307325814109 0.835277345750162 0.940319235390521 0.994852367165915 0.655284827481364 0.380995550923507 0.825162614645849 0.999712320531564 0.609131349257297 0.868793588948936 0.0255268368011457 0.248756711078149
0.539002125513459 0.735225529693294 0.590915510901836 0.720658914655669 0.94183584758074 0.904293724805806 0.286864502228742 0.94605939226352 0.743283077313977 0.94991951472809 0.771237145724245 0.998903970678569 0.771256608270502 0.370846993783679 0.530063293097115 0.996178272238925 0.527156956587216 0.604263216104753 0.147374775955519 0.999940584337836
0.206668205448015 0.703545958671331 0.381990957316042 0.577688691759827 0.564735915583263 0.642369516771176 0.103529117690745 0.675997917346652 0.387164539869458 0.870461225998774 0.763450623880934 0.607997894027183 0.414002885202773 0.130767737380536 0.877449633619935 0.830836996937768 0.357563925702873 0.437707785173433 0.809652298190479 0.854555909630808
0.328405726824437 0.636385421773578 0.769382209042141 0.679493088511012 0.975057956754569 0.484790434202563 0.566514084168345 0.786200678273743 0.477433510453356 0.60899401452493 0.933188267249828 0.9685327690761 0.298675440455206 0.148982593091928 0.824729262423872 0.56141806090128 0.485117968649767 0.650586399570533 0.995593394936515 0.983243660316495
0.05391653434167 0.456160257449729 0.271134215971209 0.631186916092699 0.125459528703395 0.499519522091506 0.00769256770084124 0.219285661920405 0.199338169839591 0.0806624274222432 0.263680420626634 0.990844520290992 0.0338632607342634 0.0866783230431776 0.739164920234833 0.19606803256308 0.382579653147013 0.535838466510495 0.0300469901352556 0.0212562553754834
0.192214484352979 0.616371718631494 0.540383485903851 0.729664417145792 0.296136104456565 0.592080280379112 0.337000814706905 0.921961045470871 0.427791475084231 0.855690465167065 0.519478356228189 0.866983354076463 0.377457153055642 0.261292498143315 0.734739395013879 0.953852327128755 0.737021760353374 0.599709339963863 0.355645860808402 0.984124390520018
0.189269705861934 0.536021945783906 0.251217088244811 0.530416798726703 0.766823605319608 0.649432593405228 0.0171302719189123 0.523629287495708 0.958580115829593 0.430271668197642 0.284067124056965 0.995054779253254 0.187527896487815 0.0718223724476397 0.42526539629496 0.615418276380034 0.491397461368072 0.527077922562359 0.00102113225545494 0.874349345363522
0.597874494112024 0.674304727231115 0.646569956951119 0.940945183677117 0.989506413421893 0.681324387642319 0.266193504038553 0.945984212985515 0.971295310598914 0.85414527309127 0.952756522194871 0.999720179968346 0.506482073892221 0.415235867216239 0.911946735790341 0.969157220445348 0.581514172485943 0.67934339281398 0.96307502317364 0.998631804164644
0.084412305444898 0.342936638563902 0.0678860993071947 0.429002631167424 0.0524216887400332 0.127819288789041 0.00554102528845858 0.260274257755641 0.0428993676433173 0.0342917971258348 0.00713053876296904 0.00842502427112251 0.0506916123267541 0.0190411784487551 0.401803789426767 0.130215167888533 0.176361529135472 0.159006407137318 0.0410634406275396 4.62736031910526e-05
0.52140839081057 0.698623166202779 0.829762195731318 0.642373999307634 0.888189523975579 0.82156993476762 0.565467954282555 0.853653931035879 0.773299273678462 0.816750065104887 0.963629993859749 0.998306670938712 0.339241684507933 0.254030510774693 0.65983639546714 0.90129810482146 0.412576824333023 0.759138380308725 0.0151792398841091 1e-06
0.658972651506881 0.888892208337764 0.944400465866416 0.752442843213384 0.995245230203269 0.440603349803217 0.870063076749066 0.999568511162955 0.932733474150547 0.992274216006934 0.996779114572259 0.974191883069707 0.939707234934653 0.582382379076702 0.986919945092424 0.99482875248201 0.892181807946195 0.842542099158823 0.0941513196204859 0.599308395745948
0.257931896532759 0.696564710050338 0.637918557520349 0.737067488931682 0.98278541725089 0.534205482942222 0.281961452582081 0.803577378304083 0.999070392215096 0.854542951314371 0.939931905080064 0.974434434061012 0.419491998409014 0.220813925874111 0.864398710970812 0.995629780359865 0.350243463556078 0.647077212520072 0.99719924850192 0.308644954409998
0.20760384527864 0.611792861388946 0.475517053921336 0.817200747664134 0.463768183170599 0.445789369237654 0.0369190009877622 0.460745631276843 0.0156956906213793 0.704215941137488 0.376203585702556 0.842127083094423 0.297646320430011 0.0933568819053387 0.554288169179048 0.445401819159164 0.454663278621709 0.518553706693086 0.0962514712031766 0.855153656128195
0.0236871254939583 0.490491636392899 0.0950536109646481 0.638756131865485 0.00401636905451759 0.497543017582175 0.0203501110788145 0.100614486310172 0.0940059751010208 0.0224560262275314 0.00149524243582386 0.304704209215334 0.0364614279537649 0.0336664211874595 0.143499258871021 0.285104222630958 0.281779560142467 0.325707634130318 0.066287765543193 0.0298147674172224
0.248937696580949 0.616005330279601 0.474200198227246 0.43088706929821 0.226730573544963 0.699260880878073 0.0104801567927314 0.128286040211187 0.305473095753199 0.269504364408384 0.241492059071476 0.924117846712696 0.232256617978199 0.0892616155190066 0.630858594473242 0.622056211069154 0.339977073783228 0.523613037707354 0.394163810429591 0.999999
0.040054292192019 0.45857236199032 0.832235210333518 0.671329386684616 0.081526518273367 0.480083342903026 0.0112993645291828 0.0744823672045336 0.00700798677863729 0.0388101607639527 0.0563907298966818 0.966674739033048 0.068581764111189 0.0468517681412909 0.581630401455184 0.108055985564598 0.356397162643067 0.257385869821009 0.00187376014175512 0.997559309746513
0.308955107883298 0.581176448751942 0.691339402204656 0.283479658298465 0.40994620296339 0.335385070223773 0.134372487200745 0.565331727986266 0.232783917420717 0.382682511934606 0.880661059867839 0.883572523273976 0.184959979049803 0.155740453413375 0.741239492351325 0.984527162981647 0.557700686708576 0.529119973843541 0.477733902942564 0.0291806714069227
0.227423508013323 0.683659701883582 0.498049621456079 0.651615828620422 0.827044813969181 0.344041555161357 0.134712393426299 0.668145781587592 0.102532010040858 0.217771897468107 0.794103543166361 0.999642819335547 0.223529936075326 0.303593238549136 0.471784635911364 0.989882463925113 0.293308162143858 0.563899844998524 0.993203328514498 0.13588241929491
0.256806927446025 0.588050866848922 0.594406495874551 0.607918254926228 0.722453168851513 0.507083952005692 0.0648701439335061 0.782786701118621 0.630225148515281 0.254881435897068 0.66587369548952 0.98049125306509 0.378693500586174 0.167655885718833 0.754419361141449 0.933124671098149 0.607383929838673 0.674041659886975 0.00844214074164287 0.990660574796608
0.466357897092516 0.765312024102819 0.745342389423895 0.908788520685226 0.985171636356819 0.676385517871463 0.648183207712469 0.694596484064331 0.861460486843718 0.959476782004863 0.992091855468462 0.994862039192438 0.857985376263273 0.448502214492005 0.732406254628308 0.984111298679496 0.651811746291695 0.823682951694269 0.0381380142010773 0.833231280357891
0.765804084654506 0.831544262346658 0.690208828055692 0.783351090728184 0.743203175474993 0.462443141329257 0.341259726688387 0.975181332330951 0.987656590084281 0.916698850698161 0.653802346371796 0.996278817928506 0.339518570822023 0.34466637444125 0.877140879869573 0.995985556935904 0.345395509632154 0.848101634030951 0.987293112185329 0.965603545653867
0.0705620362805364 0.56376433662455 0.377682822348942 0.54041866756306 0.455711205829509 0.411994068691563 0.207081780501347 0.60662410129535 0.62719262661603 0.0705289344703236 0.0779169696934984 0.193388946993678 0.0824081271862768 0.201844958644083 0.759669615792992 0.868620528907662 0.324637193667628 0.417540047124447 0.00248865718235165 1e-06
0.142922584492876 0.510041914540109 0.65356652752663 0.404272773354786 0.139390576383126 0.572146681383611 0.0664750878894937 0.0590078561722324 0.129183278195596 0.086818317906641 0.0159467898316773 0.937260074169813 0.0932687543572014 0.0804545159742218 0.233579579451078 0.464452502521457 0.560758781096514 0.361513930729966 0.0944834216206261 0.00204452737084318
0.217088591429227 0.615424715239406 0.731205701284785 0.806843237621613 0.763166740748375 0.345410222381979 0.056422706861174 0.319754607562752 0.284413795573085 0.292807813087104 0.433583135098982 0.122382341283501 0.142201703505448 0.0569398547222263 0.342588421676687 0.901341868555832 0.230227712889096 0.223814226370747 0.739207853086728 0.0878469277276258
0.0828410710983907 0.392876528410021 0.409987291780623 0.717237390145875 0.19214814942932 0.747371602960791 0.0209052924125004 0.00734516022318368 0.041210803637487 0.0678106123893504 0.0200862701316415 0.114089967648316 0.0184208482720687 0.0429650963811554 0.574387368539949 0.0324866119940625 0.261922918363589 0.437127704119634 0.000101520733158842 0.154302671590611
0.224534279383078 0.641626411383487 0.631749896781554 0.571944845720434 0.5984519543133 0.786621598516912 0.301783587329133 0.208312989944896 0.937304106095157 0.410724472548243 0.504921204975483 0.962475580146016 0.431636749878098 0.192927974555834 0.508505731346599 0.990113284789411 0.46309007390238 0.461416880768382 0.99421998847056 1e-06
0.753469172261491 0.782254339620809 0.825827911715257 0.568605648253889 0.998843624883641 0.388834055101175 0.664271430700986 0.975560807784469 0.994231336585685 0.988137229595163 0.990181762901533 0.999870667989111 0.904760545339451 0.619942269303379 0.944777349449219 0.999730555142915 0.525589841098461 0.893767880073629 0.976268294631544 0.999922042203491
0.119602757512804 0.538874303336179 0.338926414912993 0.645822450689591 0.179218630782909 0.449835774817854 0.0523287120860639 0.244198144778143 0.572549663419426 0.191933826884446 0.485073960333563 0.979901234766575 0.0572536075027272 0.0392328052560676 0.813420986947064 0.0541668858084085 0.262319343247504 0.135116593247946 0.515144418349819 3.00021593520743e-05
0.133165439398096 0.530849666042123 0.706899634072417 0.589603417267174 0.842166534374072 0.620387431629564 0.0983472040311284 0.579516926905005 0.552537026749262 0.370133195190947 0.0249294692942367 0.527715040394824 0.159197107264512 0.10515685028438 0.524943740197731 0.970786045338373 0.265692194315095 0.436042988362747 0.0156350892798675 0.999949809696008
0.591999132664313 0.627419881435396 0.708727407695519 0.659187991577247 0.459920127356581 0.815719129278055 0.159667542988506 0.923146765667684 0.349966939275727 0.650704614777124 0.594777728186003 0.997679509398415 0.383782136685711 0.174660218559544 0.920701764183209 0.999659048621497 0.579523862037646 0.652104827052491 0.681837345487927 0.921139953800092
0.353610935983728 0.766468973352918 0.654363397829663 0.708197641283591 0.447621311534821 0.274372681663853 0.140346274235846 0.818423041430587 0.427889571611607 0.747360207358752 0.832868043432937 0.990151547720851 0.400790223512792 0.327094843216749 0.87407805949164 0.997936897367166 0.756832535200026 0.687580445797602 0.0443689900436371 0.351804670583547
0.708754163152546 0.771825607539717 0.865994161764161 0.812924767192388 0.995836313151816 0.876296602014469 0.402049740588458 0.993376430712248 0.991260810834117 0.989186697445861 0.997616021650217 0.996417089499234 0.94420963395282 0.703931950453513 0.872690085633638 0.999916647672415 0.658587421214884 0.906367622201379 0.988409505157793 0.0091403258989664
0.18855109521318 0.711740878246472 0.40078277304359 0.25594610057298 0.0751692024034706 0.245309742064995 0.286214163833402 0.411856853327053 0.410381230086859 0.54816533858639 0.798633825248149 0.982300663135693 0.241654886932514 0.208850716796778 0.657210193122255 0.904728393017541 0.475044146452521 0.534042582200611 0.200332147533125 0.14736306701297
0.0787457132259853 0.503620685696954 0.313544951809202 0.537470242358924 0.0506894040222786 0.582517744080844 0.135936250622108 0.363209939643443 0.887942708612532 0.109496497065311 0.0961626007512299 0.931369792982127 0.381857579512152 0.0617574793407707 0.485451821541975 0.090455000760867 0.546340396953026 0.509105915742745 0.138794450997682 0.111679439178642
0.367665339405707 0.733002880636685 0.633911877626947 0.613170950634539 0.928035344723263 0.598395874598677 0.1028473746511 0.41209051293968 0.509911383670263 0.730075552344296 0.935899633469685 0.943715018466999 0.217042994744125 0.236465217931691 0.917782042708633 0.996421307668508 0.307495835738454 0.383276056083805 0.883780343318316 0.000929417384115666
0.295024533054526 0.606609890348532 0.734178297031664 0.613278412241612 0.64241730036538 0.582088117140382 0.351791139056227 0.603070055421714 0.951354594898505 0.803447800720517 0.816933543363084 0.897630501871231 0.804219912768164 0.395740672277191 0.478747247417842 0.995336807622551 0.404004160068812 0.827446407882219 0.00888076134191924 0.99997652005443
0.226943607438941 0.712772617447104 0.545621083568434 0.510904766182269 0.837535514735192 0.471312729774485 0.270743584829781 0.88363785977901 0.997354786472832 0.690003174819675 0.852396974117261 0.975689828857626 0.340382370575424 0.117959553224253 0.857953715661414 0.904260321104217 0.599644919349089 0.899387148798003 0.839676282334627 0.249657579295595
0.0191968322388901 0.358588963388799 0.183012369946474 0.178535511665632 0.00405345311959261 0.316005253617889 0.00879457813394716 0.000189592510314465 0.107868127115027 0.00199875801473668 0.0122268878144764 0.0088865511192305 0.0135313210492539 0.0167157232839648 0.0776299711286994 0.447041171220495 0.172436926190909 0.53058428660776 0.000869257879574304 3.851754653587e-06
0.442282015415268 0.512858729696612 0.973133898529392 0.7115073303421 0.491401676537137 0.845637171205714 0.0485924356292992 0.565570084020443 0.17802684808612 0.737831687878655 0.428925795752604 0.978161711390869 0.487682026729417 0.201249125657496 0.541367199057725 0.989922829535382 0.369194417490625 0.764791983389569 0.169458717883336 0.970506362345853
0.200707460553509 0.597244525367849 0.699069548478283 0.731996848515377 0.863928328907375 0.797759012137644 0.049135751535554 0.897317733825795 0.059190787390172 0.186575826168343 0.254412526052739 0.971092936830233 0.263863993330626 0.132160453328923 0.553622654401094 0.991166288778681 0.663768900296956 0.664850915695433 0.00906458179154476 0.999999
0.126303696295069 0.3539492362648 0.387316127645639 0.631361808255372 0.0121531779532753 0.399172435993776 0.225501502525449 0.113331120838321 0.77959551031551 0.0426115154569714 0.0158426732106824 0.994035571874559 0.046836247520275 0.0358863725661882 0.417886910417206 0.77812940352181 0.0938112397576402 0.283193457609051 0.363133310361029 0.0205480760122832
0.396865014242151 0.734209592463692 0.717643132648773 0.674780215855352 0.892174531864019 0.430202830689515 0.331229684738785 0.995814872021776 0.897163344499828 0.9071891511967 0.996611515733281 0.953467764358255 0.47122712596418 0.277550209396093 0.758527765492453 0.999963220047116 0.70767479183334 0.611392140196757 0.985241235918549 0.00110073768773872
0.114357301916259 0.498730173782393 0.469893546278187 0.73240408238634 0.106466511270643 0.200123844537163 0.102106813653779 0.905496957218345 0.919464355293978 0.37926349185626 0.142493404934172 0.999282509723838 0.337685523289369 0.12629142523848 0.23116584746668 0.968761516909818 0.672949540552224 0.496522365735738 0.0207138352816223 0.576063218856057
0.345948906869787 0.616641035241548 0.709184249342953 0.613738974597558 0.283045083404534 0.327479463982338 0.373831544579448 0.817339441433145 0.740924817532485 0.268836567941153 0.387650016844494 0.997080960193469 0.29814671262939 0.150928728862454 0.48336952410155 0.923025590288115 0.350317698480024 0.542903795488201 0.999012712376188 0.000136286801712088
0.478870358507044 0.687333323323287 0.75306736392995 0.575544728883453 0.646985795993984 0.27833539364576 0.181075807743664 0.700544765521228 0.805650092828589 0.578775370418352 0.779712119689245 0.905625629586726 0.198908751073849 0.101243262099503 0.711247197700071 0.423642461192113 0.265161027812969 0.328189553484934 0.247746558523826 0.295851690887459
0.219339792072474 0.633764068824284 0.799618371865105 0.632805756185103 0.226877806976374 0.309868182029323 0.0644458544893433 0.877905054002666 0.253658580199811 0.277704933051966 0.582252073502066 0.992775759200465 0.27379987374353 0.122349242071535 0.894624453559547 0.951215172416039 0.771175996662115 0.6213222599949 0.68884633739476 0.999606535464864
0.286040734672185 0.703196457582625 0.546826451730644 0.897690212361847 0.191911085723566 0.451174152446471 0.132877168255971 0.35369402159831 0.59712054995982 0.434687004490088 0.140078675194991 0.961367431759094 0.436569909960847 0.190744395259795 0.920355619338117 0.99702515905617 0.625900771863485 0.770028677903321 0.33121568626082 0.952874678539683
0.455909309027709 0.682720754639248 0.48161318041372 0.740230827466785 0.94221730603874 0.189287383052475 0.264348758175553 0.846523474068403 0.937915915097185 0.907287610322058 0.701788568886288 0.996054084119252 0.593035076971501 0.377298502487936 0.581004854771757 0.999602656172181 0.784016352476689 0.867879753804314 0.577944537057002 0.712796564962493
0.490880381159664 0.667889565152685 0.702211926279048 0.485185807617001 0.972446521370783 0.932031071659914 0.259541866253717 0.99285040411825 0.570360352936229 0.863990289212389 0.465345199833266 0.699830983341727 0.785525585078181 0.195585066217021 0.972283577970438 0.996006262182059 0.363874791611106 0.732017143913861 0.946195106562837 0.589943044773876
0.416321780478841 0.616847899717572 0.674095901132798 0.684690590958196 0.996640681312654 0.364359580504025 0.703932969048313 0.859191670173511 0.439739052477242 0.822407638397548 0.820531451369507 0.9627616945438 0.533877907334243 0.397538638353713 0.714304089734114 0.99973415446575 0.655901943979571 0.552294573943869 0.441219559201755 6.74365489455421e-05
0.342483097711056 0.652526758508127 0.690478925167669 0.760387566548779 0.71332608989541 0.286354816506087 0.0518867248694041 0.411079842923344 0.946564541125627 0.785478693406158 0.790217105887968 0.703400794340235 0.580187984176029 0.196520333993224 0.757139677064588 0.994049751168517 0.60038963339003 0.607430074088143 0.960675849892477 0.993005057183916
0.408232945587845 0.69158623010736 0.151541143010596 0.698357728970853 0.977573164697428 0.194204074356358 0.196645301499815 0.74265963956797 0.98303914628186 0.762485274513116 0.94504708804308 0.995760226722804 0.377698351375933 0.247262907741003 0.856945326749669 0.952046750884108 0.369199093241784 0.706870185493907 0.901299700140437 0.997587817699508
0.463450038510192 0.697437186773529 0.835987349441883 0.618811607396186 0.984992036398685 0.865777774447284 0.137001407017437 0.929393233934753 0.617100595622255 0.823883828627169 0.933342140746022 0.999734521992407 0.467818130007935 0.20344947515357 0.856748768071156 0.958805670026152 0.639720284438971 0.773216839703131 0.572123823044203 0.999998305578971
0.157646327240205 0.641665658204497 0.577009852151185 0.818118154528815 0.739046190636449 0.778378226078653 0.241654653299367 0.312962405139994 0.732552976200976 0.2425303432033 0.195389756891446 0.708731197893464 0.297894186638775 0.11680222264882 0.63959429881608 0.957024105288587 0.794824347244689 0.349779408960677 0.799154064175858 0.999988953168381
0.0847507970999186 0.573624203474271 0.0840151861408539 0.514506784344201 0.989738086557473 0.686963930412946 0.24212526010526 0.418868253069064 0.997661648444369 0.711458664380163 0.648353978843354 0.605089136369153 0.14912254467835 0.0848868164736513 0.5297961142019 0.998371879476052 0.348784751212313 0.277007685212558 0.184188293024461 0.996745273380638
0.701114959254894 0.728916953711239 0.99367417477065 0.691502359544624 0.99136796779575 0.573329533485069 0.764934609730386 0.994402012789719 0.975127224084607 0.992778143913875 0.993779999922501 0.997753136731116 0.846707446714706 0.618691521658497 0.937463788399566 0.987345592027727 0.504326577682664 0.914279673687195 0.965166717732016 0.00561885389821941
0.236818215264824 0.69744963617221 0.181146632764405 0.379916217076542 0.322332730431741 0.596992603507022 0.328499788034024 0.27711248130817 0.471457491139172 0.522027927829111 0.326103957221802 0.549920146183849 0.121784542543634 0.0803544271119836 0.828277751069754 0.991484684973182 0.295463315913225 0.345806425655775 0.912649960779055 0.0988767230205416
0.243956319616585 0.6136591271415 0.438413333571072 0.720179343007953 0.886265834067724 0.813069269190194 0.259741996142961 0.393579847469 0.89000357261728 0.214106907146728 0.703496840768232 0.813276234232182 0.101247548248313 0.126784370103101 0.727977552479044 0.998537405829151 0.321715759693963 0.469465610515924 0.197450300881769 0.996271932796137
0.162816100940385 0.475157725276524 0.759684178125119 0.552602337005855 0.186867420930492 0.128627341183492 0.0793097840442379 0.0407727119765437 0.738914782446588 0.0768694438569219 0.432682264101888 0.911742965410501 0.178041928268488 0.0682443060795405 0.554990790161354 0.998521070670976 0.813961421394938 0.45465142180845 0.992615722094078 0.999999
0.218117742142191 0.601243709140819 0.651072216752277 0.774766589183239 0.842202234663889 0.0952164591649775 0.0696028277230754 0.326103309709511 0.597435532465816 0.595494347059605 0.318248140362237 0.981945437895798 0.213773681347178 0.112298538060595 0.415186206518792 0.987981632549671 0.350497803187685 0.463633514388152 0.000789109894288208 0.0947147185232245
0.107141992069978 0.508185885927958 0.839441133985699 0.740161029307155 0.306430239730774 0.413840903323821 0.116255405740603 0.401739989892924 0.314675237335726 0.553696900318709 0.709818379886143 0.949567353281976 0.0524015928304583 0.138829301325115 0.680954033161554 0.981262999576727 0.302733985342773 0.582602593322231 0.37832590203847 0.375039153949022
0.0613218871918109 0.421590241809795 0.372524060337489 0.647326647320447 0.334409362226832 0.120771229729447 0.0103284847854174 0.638589420714022 0.876987546924233 0.120698564149565 0.0161494897179255 0.892215498786825 0.189286168176321 0.0380696582093901 0.680691617528207 0.287430273957216 0.175215781697934 0.353073471426573 0.977261441035757 1e-06
0.885084669849703 0.761849653452819 0.779096656312871 0.720045922706911 0.999303188114899 0.241868926257609 0.756075176178723 0.982616686180532 0.972263023001495 0.870781183851332 0.993879235511185 0.981749918775722 0.64338844987468 0.493133414044311 0.965425835903423 0.999486416111984 0.811631845877181 0.605874354712847 0.0596645770089267 0.999537017165645
0.17348981933414 0.624834781833502 0.405941218095409 0.573256074918284 0.228576094088395 0.110090835101717 0.0346377716996542 0.20561036775371 0.198818834574538 0.147094310379632 0.190041354291302 0.960466646629326 0.0550512736703126 0.0654950374395189 0.631770700912534 0.950239094983694 0.489464452375771 0.521047384173936 0.982636225729794 0.999873644029339
0.0358406540010917 0.556283599614981 0.789393865243515 0.500139557360634 0.140448659473012 0.285568680766237 0.00785788936430412 0.00487552933347278 0.821097941824716 0.0714848669549217 0.0095069309773286 0.952365946696095 0.109130177510141 0.0356496658655918 0.0465055442136256 0.367052226237535 0.149671818923139 0.349488591147149 0.0358822697193968 0.997720981580461
0.281738040232515 0.518929218922061 0.19938719454405 0.610553096890218 0.798611287038817 0.693811723699299 0.0288204447229705 0.0234723670025912 0.344657813240617 0.109931312030227 0.0775768811742906 0.721114027893505 0.113836681186365 0.0707067244276284 0.478533826703154 0.232335449437925 0.252167081689165 0.573516414573757 0.0356415414067261 1.05814588849183e-05
0.160309433389078 0.568219294497 0.365014196977446 0.556027797834283 0.409872243037541 0.120384411238345 0.0168286337492225 0.80136533063907 0.384152032051525 0.797557265274265 0.281044161241853 0.998039689061809 0.534150563736553 0.230709369362378 0.562880449599614 0.863437630421444 0.548082888999908 0.766741565576911 0.467836442751314 0.000369536256925683
0.397822754369597 0.651096074920396 0.77402104532457 0.609022659477994 0.800737449129546 0.42386746334276 0.787830413175603 0.987029053250979 0.757952001533894 0.479623699793163 0.905273863030197 0.977719278535915 0.390555192471452 0.267636774896717 0.944330099128952 0.996018456300235 0.463150346192731 0.691976967985378 0.506542579924714 0.999998098307655
0.844759660728351 0.783259765885576 0.793884024760603 0.869759269364379 0.973137734861166 0.386150867798158 0.532765436252656 0.975061019592271 0.995358915324178 0.98680908920472 0.951039809606125 0.977125479441528 0.794055605157515 0.397784947504437 0.959903455791526 0.994864114739301 0.499902982129325 0.839973686017508 0.995434689155394 0.445368691968818
0.0419536105183856 0.403034046118026 0.296673218204413 0.612095935014687 0.203910773912079 0.79586309046391 0.0605217336609321 0.141861402939732 0.91805390751216 0.0856892973544001 0.312612477582037 0.849127381153047 0.0862048447238996 0.0724915679581495 0.234787909906928 0.989294412371826 0.275548697194611 0.377063875972025 0.00671841037025762 0.999989782275082
0.632128078974584 0.858710950467162 0.802716858509874 0.830757923313653 0.905773852580122 0.46751126492163 0.680490774936728 0.998315328152098 0.660293895153236 0.988218668206468 0.983573298363131 0.994550359334393 0.900484600436344 0.454074125478179 0.938198978883379 0.762115981802674 0.906780612954312 0.665384794060232 0.914546285828253 0.996592284626814
0.227935737714416 0.514192583268234 0.408374766112241 0.852517344539629 0.453008907125406 0.67568041718516 0.199624944760441 0.738310879770855 0.884379942846228 0.877140336892268 0.571313244929064 0.987464852271786 0.608673052068514 0.455663959671539 0.961408681277124 0.98378628073793 0.504403633883979 0.743079202642594 0.997116520918498 0.997271608054973
0.113079517542254 0.432157813776253 0.0648371764494762 0.398679893629057 0.112428771788108 0.481485785059338 0.0237839415271001 0.154557956912788 0.0250176375788802 0.0413183298834277 0.0997127532185094 0.769663587930011 0.0622744404670719 0.0311392786753638 0.175944083774271 0.865910582848963 0.432030088445224 0.213534669112126 0.414025768287346 1e-06
0.0777344075750233 0.693630139176865 0.796655153997123 0.704446395921797 0.867369716433214 0.915280840332686 0.271916715376166 0.935542000831918 0.158225360330978 0.0767830881862167 0.317463100810234 0.968365982560568 0.189796853604206 0.15555443391263 0.537077576384444 0.920888992587039 0.50235151743804 0.47315161430465 1.50448535158333e-05 0.952246003291734
0.749759203040948 0.748178085485229 0.923768547125039 0.828687683016203 0.9911362141279 0.403774020992273 0.794764216594943 0.971970381511445 0.995216279720584 0.941509968656869 0.994558852468928 0.999791089208772 0.859360317405533 0.417947544745817 0.974941502923327 0.999692170879519 0.907499882070243 0.864497438901511 0.995712588197193 0.753249053424003
0.0984208075784501 0.515007633084087 0.643438377002565 0.586799502756788 0.47228989724984 0.361215511808621 0.0450984751041249 0.871349946732589 0.954741046134984 0.515253262614967 0.812897297343764 0.986824426777958 0.135817144109232 0.155822948428369 0.663992656241554 0.996086258957224 0.195670109377724 0.578831548761242 0.0971492235523514 0.993191584421587
0.466546140803408 0.618327634166872 0.78868785183633 0.558323385484623 0.920531410107333 0.576941534257662 0.270212875313092 0.791162807140671 0.609392974850772 0.485132294914215 0.807342364135721 0.997516869267484 0.603274715460168 0.2636756956654 0.532831418942096 0.997504719079832 0.499416094033237 0.649041758689812 0.0750667792337827 0.998762836719833
0.0573550758350075 0.502597186042017 0.489264284612925 0.649197656784248 0.0439991437612328 0.0365554248238011 0.0148192009120517 0.281113605782951 0.125264717222178 0.0696580394313812 0.212092234858028 0.840483259204747 0.0762911815406827 0.0598734205327795 0.28055423118848 0.876134057056799 0.334727083262653 0.456698557716727 0.00824657265254394 0.995367439569017
0.285980617180022 0.618185604555318 0.971218904190157 0.70666203555273 0.571405521514608 0.441538529985563 0.174419061135869 0.949743410520401 0.941502108886658 0.695736678817404 0.651569000847058 0.889940392675392 0.729713541006147 0.219519975837613 0.650517151869568 0.99952672307746 0.570213743438018 0.841395532453292 0.7873359123825 0.394680670931445
0.0810434180260434 0.451581592039591 0.79251026596653 0.446273595639139 0.702466149398436 0.182542820679023 0.0580503038177619 0.548873629276675 0.0252801362942475 0.042291275218187 0.0619823200548639 0.0776566534688395 0.128253819917241 0.0476799126052519 0.614926460967554 0.0685987185268519 0.700300033672313 0.465973523339972 0.0643924421959169 0.0642955880021185
0.6212892310282 0.633581251390609 0.489042814560815 0.68178085773854 0.985329911844134 0.671082550439993 0.57210251359029 0.821665193390319 0.997114147837975 0.913625295976106 0.89086313726857 0.957740672827727 0.366058914902863 0.382592721070107 0.734322212876971 0.999150046171491 0.653651984985771 0.760785343243485 0.638118775065187 1.64942056635563e-05
0.0953600648424781 0.599039020275828 0.342376750583969 0.535242382254612 0.242956595273502 0.733264300976433 0.0119607910726017 0.211671142940719 0.633587339111083 0.170840037728232 0.0668967186618963 0.997402211781112 0.038900176373081 0.057333577512014 0.401792985915596 0.814610823325464 0.20124820340592 0.285091908710931 0.000130223572157627 0.0259934304308907
0.0338476688740457 0.414133807988405 0.315199939338859 0.620133150419573 0.0124280689654362 0.222049487697462 0.0116380245985266 0.0110723804561878 0.228518149982304 0.0130831320458344 0.00287332285459258 0.199707699726289 0.0231479222085689 0.0226667934519123 0.44249168503341 0.454227661400023 0.114699782584991 0.138902867766418 0.293281430364751 0.888685443674862
0.0402334414651679 0.524180215617196 0.0622098610397783 0.776400346495154 0.283875392098841 0.305972241469828 0.0431599816071108 0.0252271606089058 0.221088237736673 0.0813286555289443 0.0292213685230043 0.975793835531627 0.0810025432078337 0.0397762386815405 0.541777431730535 0.752696395056599 0.284467604660054 0.381023901546228 0.0363955576098583 0.615445576173185
0.379023569985705 0.754703114258769 0.550303503866441 0.872465756878274 0.857310959498095 0.66429450525553 0.330019865533063 0.287512893980092 0.887449270147764 0.893162575104625 0.916412841470517 0.702586225453277 0.352591529110787 0.269408125387223 0.737613104589536 0.779129564989189 0.646599355454549 0.699608334984519 0.201994472342589 0.999070247193726
0.0588044778639229 0.487767454357292 0.245013267217542 0.723036695264451 0.509014626586583 0.247074286444485 0.0253817288259374 0.0541384293142547 0.0549250417470115 0.555543355305137 0.112779892420539 0.493408198907596 0.0979645812936174 0.0975721575264131 0.720924832502037 0.794335523165285 0.189461539899828 0.542675703452554 0.000126607224811515 0.28380752261797
0.418708817559644 0.678663147253062 0.741606110670152 0.620136985817836 0.902145933361118 0.307377829611089 0.563544794979182 0.883627006093692 0.267936697106671 0.592832168425728 0.823995193071535 0.998036710764611 0.329854538152065 0.202293086256613 0.772191562578795 0.998374130648805 0.522794280667179 0.375216212644466 0.325309052803416 0.543780619459574
0.0846553653659126 0.541673988669894 0.555369396018818 0.588271340765643 0.119840494577729 0.268872492119578 0.0615174452730781 0.406514879567421 0.0308671747974667 0.0306968982167794 0.0786191729354694 0.40891112972933 0.0922750664522359 0.0423530674897718 0.453652477273218 0.890266763178969 0.492779866511772 0.248788384094935 0.192065139776862 0.762259165675868
0.716054577846792 0.705866780925973 0.62756900014505 0.842463538281682 0.955974028546668 0.798133278647565 0.401736569143562 0.842203965998402 0.957101567066949 0.870120440590283 0.536758929780944 0.997464238414335 0.719661973037048 0.27232490783886 0.655483740376709 0.998631619342935 0.434749659616312 0.821924616031662 0.130741582691908 0.99848171799236
0.0329728436017682 0.420734459314844 0.270402715611278 0.524720544629826 0.362687345672852 0.484314047378494 0.0245104315127089 0.0218360935479314 0.904313359641853 0.06730067277541 0.0479027270174135 0.324853118574147 0.0522557649095837 0.0855732476007669 0.0996317906475771 0.0329287182165086 0.419468916696221 0.53801502915655 0.0382118589642173 0.0120399197134156
0.0183569349209127 0.465273814217159 0.184916131429019 0.516385745773485 0.0127358484154373 0.259826805674713 0.0240921902131892 0.0281234883183379 0.690631420351751 0.00459010917720571 0.0126618301264412 0.918261802315639 0.0290714520918174 0.0129387694313682 0.224112849959199 0.99666806808094 0.656768445062325 0.149577533958986 4.20543596985059e-06 0.0533047521066577
0.330446364302898 0.528669064747047 0.871611588289886 0.419188120373782 0.824542671905674 0.661786303661539 0.157572855449268 0.770438193540177 0.0106093711092438 0.573906966163086 0.762233878297568 0.947607115687429 0.366772001557045 0.14838499596022 0.937211646370148 0.778828285275787 0.471258895550156 0.916354664524513 0.86578489880653 0.998755403973329
0.100562788717605 0.548968841684379 0.626707651194189 0.675009214896871 0.254036844231955 0.133662017876616 0.167566177922856 0.716221364349905 0.954655559305346 0.65558475457601 0.730161722290448 0.849381844974072 0.110040333039481 0.199651723911816 0.810916334718996 0.701064514948662 0.280006094337741 0.325596757475661 0.0224452355745771 2.05767831442415e-05
0.0389662631617595 0.531570404904075 0.59201516834874 0.756550944518308 0.576837330887353 0.274146570628668 0.0257573070030283 0.0113989222636052 0.0184770623993038 0.163132781360375 0.333893293554679 0.393207001895678 0.0633829607842998 0.0710044680948927 0.513780065640908 0.476213425736572 0.532304001950103 0.623933548241495 0.835285777230906 2.54735650545897e-05
0.121959575894237 0.564784169348347 0.418034100918566 0.619884665114845 0.258799214145758 0.40656763556706 0.292952466098691 0.847420759448474 0.739093757303365 0.176735852682805 0.124779034400307 0.871711513383351 0.160067753756937 0.184138638142806 0.782582392954371 0.998155718583269 0.390153380270497 0.61397704699045 0.00022279018310527 0.304332178319139
0.199248264569179 0.638109607555588 0.617172356444555 0.638129737365487 0.808020406836082 0.170250361393405 0.0929963328426052 0.0834670416859911 0.891527377074883 0.553532336844025 0.491368578957797 0.99267695447232 0.206487150759093 0.191824388105679 0.751395695186764 0.0589713252929763 0.618644172620455 0.381274649545332 0.976987398432675 0.999996660193818
0.131539632020452 0.708014934908253 0.225467188168238 0.793481392018354 0.290037463380426 0.678211893456529 0.0481920440024277 0.561620759717313 0.808211052816866 0.425616256298219 0.201500827924103 0.854144395181776 0.215466895674331 0.189045695967325 0.798078981746738 0.945990635574844 0.617789786649696 0.683457159563339 0.0327505182115194 0.887365266642605
0.553014357284189 0.728485073404349 0.830707329537972 0.864366596475816 0.914919495889624 0.380562171678714 0.385422366326568 0.97856529945441 0.866413054952623 0.930913017069509 0.977709272602054 0.952148610899594 0.662916067833365 0.33454755744201 0.9249123975151 0.998728913641411 0.902057320469963 0.85711149254738 0.816785676612611 6.72517188750278e-05
0.032083121624541 0.41678830723922 0.170812795234291 0.660540483354324 0.28139285613029 0.483406859725024 0.00334812570952131 0.0171206737171609 0.734743816872314 0.0526157740689958 0.0555576661436569 0.0786239129347335 0.0374013634315727 0.0226522468700197 0.348428140340751 0.285998021968123 0.425387482234811 0.496340051580284 0.0899852392904312 1e-06
0.169896462156451 0.614048200206041 0.762018339924587 0.552059598619829 0.963577330940717 0.234137855212671 0.0365449899132064 0.951329475801468 0.817528214130719 0.721817181388494 0.804526827214427 0.920408934846686 0.363425475781934 0.104381428550328 0.691414495134068 0.0563117581316071 0.666010341730117 0.726146278898859 0.0734850882038291 0.999938990662258
0.386344448413741 0.717120155781377 0.591814522579365 0.62820116592031 0.981789090981308 0.70951193650065 0.360716617537377 0.853510508382421 0.819382929170598 0.979984754976662 0.634006458156897 0.997889674472064 0.426672273564716 0.326327487354561 0.727992527137948 0.897842498507739 0.614856034357215 0.686529654501804 0.119228930945827 0.0435741121548755
0.43172943724045 0.640870258618738 0.867144729254729 0.774036733304683 0.927831792526923 0.316213678442884 0.345526891981081 0.780765196889001 0.994555476584894 0.936140799992319 0.377676880698327 0.968246525168444 0.405551027358763 0.216630551740601 0.871407406727155 0.96018057132336 0.342281341822897 0.802083572355854 0.231716835171561 0.999999
0.173263497716563 0.557916464513998 0.71753935273983 0.54886775051588 0.889634628774534 0.253835552453375 0.0545494201454615 0.836644700879758 0.920846820064864 0.599222080009177 0.806305367404549 0.876632907678174 0.330950466303109 0.100069637610404 0.967410655442001 0.885775781088707 0.584434489093598 0.513232532342517 0.871698837197575 0.999917254950648
0.0827693952206766 0.54998568952108 0.220026952478153 0.728104558602078 0.112419880707205 0.482929619621884 0.127004941348325 0.219060090663187 0.87951895603487 0.102177898586658 0.292771457660104 0.378211200410485 0.106017225335407 0.0536677823079802 0.667151969505438 0.972157405145243 0.274439682428938 0.583538148632943 0.0482215974949309 0.068793384432409
0.286748954153481 0.737272225779777 0.457109280911652 0.723879503996421 0.517100114087463 0.47827639958084 0.0497070052029784 0.951373450428442 0.42819017389876 0.650227029937576 0.985340395107121 0.996117362166585 0.297142766626719 0.397661739001232 0.78906259476221 0.835884401803695 0.426245572117864 0.491082054692707 0.520392907496708 0.000216156043750733
0.138438264566467 0.56121902623926 0.681930592027864 0.662221756522399 0.759070965374759 0.48663890924965 0.110666227730493 0.262917150197008 0.0581743111570872 0.32518797673574 0.0377230728003858 0.968349783989811 0.14504859336032 0.191530817923223 0.441780470109562 0.672671557503248 0.351108408498113 0.401035468017484 0.00450120083858821 0.00161606648770384
0.107754236273236 0.540043898553805 0.387753478167999 0.423954528099104 0.578236160565951 0.412569839323086 0.0326983527875997 0.171961411778203 0.0344811766913516 0.0836737981777719 0.251128771268308 0.728518839341857 0.158521504145453 0.0832803550337109 0.366856734893691 0.866018620863094 0.477798005735437 0.342299117001944 0.0064411345988009 0.00268551166829528
0.143126328830227 0.577746006365107 0.384730439449492 0.77879913920488 0.671597790115314 0.261565336288299 0.215938610925237 0.361874750709709 0.976305911972291 0.679042126810045 0.840236519424549 0.98539564204464 0.313136622909087 0.218687841014515 0.763330891239371 0.552994870589171 0.708549864404647 0.68050920754471 0.564109816530974 0.998837343373417
0.0215512903467459 0.538335513672704 0.0102502311020752 0.422936227168707 0.0126079997689464 0.610434113148161 0.0276659200973027 0.0175251808307494 0.842415134912648 0.100084845953861 0.00420286245465234 0.692580786455658 0.014284424797027 0.0627805419046836 0.622010910562386 0.00985324871025964 0.212798048269271 0.364504398488127 0.000134002329041003 7.52335758821592e-05
0.214796662399768 0.671215798416083 0.17073602864043 0.453734590352941 0.212315696856525 0.177602408543369 0.0625871337043776 0.257932668486044 0.664658122701422 0.105453219560182 0.301499454908513 0.800478804942018 0.0967299942289019 0.140109423251098 0.299906456768288 0.960989976015438 0.572882561760465 0.44065905575573 0.0329975818597437 0.377243228549379
0.240568686445536 0.623905956915037 0.259558788209712 0.755023184024461 0.488258081552034 0.27574082099634 0.0801970808941543 0.898237587202537 0.929276530522528 0.613890696006055 0.290736272421736 0.959201124716863 0.267793914310417 0.207773135912813 0.611894740992219 0.907615642849296 0.577583935088841 0.49076745218922 0.187928784557372 0.000582472528860071
0.122285695537997 0.636293528491794 0.680717894429722 0.539856838417323 0.496335654978309 0.765576846686929 0.331893541110332 0.642455548408637 0.809687418798124 0.443907245886603 0.290523704632561 0.9935435888546 0.37233553027368 0.29987503845655 0.638510376188003 0.761367169554399 0.518222496893207 0.755594598006281 0.00302962176434756 0.983774280116871
0.0446569989322031 0.512984516655831 0.447150616248787 0.867680471420925 0.185356717940773 0.112037377795577 0.0182746915722342 0.397016439376282 0.181845739991779 0.0499675249781633 0.0249576005644318 0.676273368352323 0.0553048084043524 0.0510728538437363 0.0530174737994939 0.0373112265402034 0.72030240247363 0.266815456652357 0.00489298023812401 0.0001342651210053
0.0182882761958295 0.411040147163933 0.525987610825275 0.429643747701077 0.14412859942084 0.448212783477492 0.00727504497239333 0.0399045698618725 0.0198882183074086 0.0315998482854415 0.049711902509967 0.0313759778993173 0.0665237377942799 0.0395090542355795 0.461446529641102 0.144293740078166 0.48613059960486 0.243756918929367 4.20417367403335e-05 0.00542050113957592
0.373831907182992 0.814691817808712 0.909448702501223 0.756229192933587 0.981230507822928 0.739258879778095 0.202587931173909 0.56940422590339 0.86158375390414 0.955339089139765 0.698113656994708 0.478645200753026 0.373680082054613 0.21155096557444 0.581452135409999 0.998200690401237 0.579253094703431 0.709120365486805 0.0572062238605574 0.959735563980463
0.153919548736452 0.415760858096695 0.754423004437215 0.754117633975026 0.105060015517216 0.0908195673672002 0.0389954460932015 0.288219554810743 0.0748637346396183 0.0669028814590108 0.0189833744497306 0.879361898078874 0.138342468604387 0.0417952360767043 0.361883388746086 0.977286953482145 0.485119805141918 0.469315882149361 0.254096766925647 0.503618068985933
0.17842670885364 0.645392872380932 0.847699383136929 0.864658801596773 0.791931882770867 0.381059835831905 0.301511317624859 0.564611066617805 0.890922785797761 0.857484979228879 0.302998662481726 0.964819245304069 0.403526960674616 0.222883330060771 0.801731617750638 0.990093746584653 0.34066056532298 0.501457601249202 0.010745793319933 0.99991487153022
0.223040384093169 0.558957215965597 0.196951038510561 0.466891518944754 0.0923858299469491 0.144440077449184 0.293794944109644 0.708575845958191 0.398186922711494 0.562819638352598 0.576413382293266 0.763654550788037 0.348809551989127 0.094984795248656 0.817274407205309 0.998523231179744 0.20059470037514 0.575134265537943 0.00195994256204539 0.998623369158155
0.249685861477553 0.654215871093695 0.501471714854313 0.61861393930604 0.597219123622107 0.289596305348802 0.307066930449619 0.861109818991137 0.117602191543423 0.297796472179483 0.369885525709105 0.968769561969017 0.200272343534039 0.197460424747773 0.721156208739785 0.0533748320174747 0.835738994290526 0.392254073613768 0.613384331486253 0.953243728824864
0.134875373575843 0.590529057325638 0.551820118376145 0.45245960778808 0.441927588875014 0.436226917866345 0.086064556628845 0.115757744142636 0.856211589881265 0.531834434670227 0.309611585364306 0.149654771324226 0.052515317717487 0.0588976197801585 0.320402039913214 0.999541145808658 0.249796449199126 0.339769891131565 0.0202803772811244 0.885796212376195
0.147424787481121 0.5098832868511 0.742899716333547 0.423870570780943 0.645266293211359 0.301420165343567 0.035741916053607 0.261915034405651 0.017962782308862 0.221345442761933 0.221167839311494 0.559688473501686 0.121173704540304 0.137031458956158 0.696320591920632 0.1271471645061 0.561062873498357 0.39416633645657 0.0033926273781258 1e-06
0.155647581516043 0.4937314411711 0.0942209407508069 0.535319453509959 0.0803441783717218 0.411579013616349 0.029464759940344 0.144862165318207 0.0136196455880005 0.216060579007716 0.268082848925756 0.179298149298935 0.106156283310604 0.0660312163557071 0.331660988698572 0.999838202191684 0.355906367671158 0.42517629120466 0.000892882363614385 0.00621681023515626
0.308318470470492 0.731533152234341 0.979245200905337 0.647285573915744 0.991984435873336 0.0610854058577641 0.27727195267121 0.753787760862036 0.997355930978221 0.768203497531139 0.828701350382941 0.939961969825423 0.389353440645829 0.35248315168183 0.562249430563822 0.99306556263058 0.688514151733245 0.826519207433916 0.857096119738424 0.99300684507302
0.334680708554493 0.52746567609255 0.41545147383413 0.492899048699051 0.859744468758218 0.369022166583749 0.227000429447268 0.935682294973785 0.977955252659373 0.721686630896821 0.711281398666932 0.985501035110085 0.491802269555572 0.0867340303098094 0.751420220093191 0.955679953632146 0.657859261604989 0.487695598733181 0.00854182079605346 0.00214178743351315
0.29698851845627 0.655581701235901 0.904651852582347 0.769793975651757 0.864082747311517 0.0689487714350597 0.400094712107339 0.737468237889281 0.274975255680241 0.763858810431823 0.640452622438869 0.980566669930608 0.408718549783902 0.14982564113998 0.823814422121689 0.964273036773142 0.659574768421253 0.798763320823034 0.744598367947125 0.904486489112809
0.0516738175127282 0.423418839243125 0.279896564605091 0.570211120132993 0.415340394339395 0.255877759514855 0.0931689312626388 0.27837670782443 0.0720603541485272 0.149779078782863 0.219117266425201 0.990364884597958 0.0848599048144748 0.0666431084326277 0.315234083313153 0.625518614778318 0.472143253790981 0.41368811664161 0.0257146576881238 0.999910418705386
0.0359387121406682 0.450922248668135 0.0712547015409154 0.482652416500778 0.00549007633356093 0.210839560284243 0.0539859573454633 0.386224994759623 0.0248446484841098 0.0270504844678116 0.103735539461489 0.544432919362251 0.178026415145658 0.0499100627482535 0.376654595326004 0.0944133023541089 0.570970450451022 0.228816023310486 0.281753710380362 0.898361753587515
0.892940779734126 0.883836921024079 0.946622539983605 0.681639519567928 0.999571625292441 0.291608304846938 0.74259312497539 0.9973211752258 0.999877435874564 0.999474674667548 0.99626161019344 0.99992043671773 0.875364582308038 0.551581875210429 0.983173694930684 0.999992785791939 0.751924793410273 0.858895845372075 0.644717717866447 0.828056693152199
0.159338018404149 0.570385059445892 0.765798536250481 0.611456552984976 0.98044448180958 0.333147755821244 0.318317121393659 0.963703459189523 0.78525390975417 0.180047763191393 0.143790055893266 0.854112843227105 0.310878568206504 0.189099061680865 0.696463878835921 0.83329202018649 0.373548644761613 0.51715695451141 0.588995901577272 0.998268386071129
0.154049128255542 0.63506552237021 0.350016291733907 0.653982043377318 0.386000468760273 0.27960639841257 0.271812698626373 0.546788324111318 0.504311169825058 0.21751987721373 0.0336804205994265 0.944195563683569 0.0381515987312339 0.157670857067976 0.709443440170118 0.99913902928036 0.417004811290933 0.554941259678874 7.2531502565575e-06 0.986709598412236
0.527531283478347 0.707638449675897 0.605011884409187 0.747151918258732 0.970556467436538 0.721438005210917 0.367738419163462 0.977479780973833 0.529656643049014 0.837588501690079 0.747242856642071 0.990671757899094 0.350352586821655 0.13574880314805 0.609353556635509 0.999724908657205 0.553037146635945 0.609167460462717 0.253901354933681 0.999999
0.442928025025628 0.761350742219073 0.928931426215649 0.542959944011467 0.99276237314203 0.843515780643965 0.424747789868808 0.99236443947593 0.765274374317584 0.956190129053396 0.901915725178234 0.996943332948177 0.635175596811734 0.358439242503944 0.935161743629621 0.999973279351786 0.660535644227397 0.854106943714193 0.912184665448871 0.999994966188892
0.084853494117437 0.512293482957356 0.287169972476349 0.881594873721041 0.352208579531522 0.2591591063279 0.255764377994521 0.290624106767095 0.0664369152981951 0.376889123049846 0.0776564273570359 0.806064017819094 0.311265170045381 0.0616497542017525 0.868504817877277 0.403080032424206 0.348839925369106 0.759796503395385 7.12487054528154e-05 0.935738081436611
0.198689789266993 0.636372464249325 0.563016067337361 0.651115462437326 0.828551015276782 0.664806891587067 0.122750924800189 0.743457484893543 0.0798118813679146 0.523537229296456 0.345455126283083 0.994390462933737 0.343379420907631 0.140593227951678 0.857459215649466 0.971688774279063 0.463252430944738 0.540956149664596 0.428527285740813 0.947480907844816
0.203702552574593 0.635086177108715 0.160512730585097 0.662040157753629 0.659879326330373 0.604605529120793 0.0647872096497193 0.675539022495904 0.270157012097141 0.460984463260137 0.570499123229637 0.997501834630994 0.259131837577214 0.173763996324023 0.832003675507162 0.345083924320054 0.554990546179066 0.538845913113968 0.00922571444797816 0.0935345420462281
0.0877990349318162 0.582368711111141 0.822924335944629 0.708222681299761 0.364718999645861 0.311292252132907 0.316118195905611 0.0189803602135216 0.736699763329278 0.399341593364744 0.0695420989303218 0.831578235993702 0.0581891613800773 0.0740798789737633 0.186396136950924 0.997396829136078 0.499394989973874 0.559638043127649 0.0224334359016038 0.955442083907514
0.450881564017468 0.570425323976963 0.268535653456545 0.762796429563147 0.525131451360787 0.322952648217556 0.211339318933384 0.957139531617092 0.593098111215726 0.661865333651121 0.674306566424899 0.982576213242672 0.2613340312786 0.213570857953028 0.722263511791987 0.89680663947652 0.596333937994899 0.751928520303574 0.99332507740765 0.97655912464205
0.224819652120832 0.656324006477854 0.364224129645107 0.67008967316143 0.500688665100104 0.44525552166108 0.153438550297522 0.120190659336692 0.20785335719431 0.427790705309987 0.393223671195784 0.959537471187475 0.139863895716865 0.0641190374601836 0.362317679453912 0.757238296169828 0.384108647264393 0.615834102823679 0.00537320367712078 0.456410527845582
0.0170021187345603 0.445417835462082 0.453322128694978 0.451449382154012 0.0652136318359715 0.168065311692359 0.00451685087161311 0.0477858674379233 0.0135473541542237 0.0472517498795051 0.0250132414873104 0.628361977532692 0.0132196204580456 0.0221243693700631 0.23684605343932 0.611643063282119 0.213543638326328 0.307857432526485 0.00177838158229582 0.0287969758074252
0.654966449069821 0.727099252079866 0.80797129544164 0.62183633931438 0.862562662404451 0.265612180169179 0.537363176431195 0.681897497700094 0.731863052652559 0.769867980132094 0.648591575544195 0.994212117136826 0.559676504324891 0.188666015058652 0.864104704300795 0.974658367701075 0.747676785836833 0.669378413629477 0.803346892870463 0.00047884396294412
0.195244316298925 0.651285192995301 0.297195182149219 0.724661625618798 0.873653711705768 0.960755085690544 0.329111464590971 0.72713358851187 0.994771890318829 0.316562734048605 0.0604772759531602 0.978465756343914 0.542643103408444 0.124222768646021 0.706823374524629 0.723627220754225 0.322799993996285 0.640769276109908 0.537041504468383 0.999852465770007
0.24771906966678 0.612318090953909 0.381610307397482 0.464857672918209 0.839095869549376 0.280088921284538 0.00517107992976349 0.266455761126835 0.271008164076762 0.03354808094901 0.00706530085014202 0.224377468520451 0.0719586452849153 0.0376097908192531 0.174339350976396 0.449799026129653 0.303892946611035 0.369073949699519 0.000669730959021482 0.933550278542187
0.466475396926855 0.700993862987357 0.861996305558816 0.836501617478441 0.974785675801326 0.191271800394621 0.103041910625587 0.969506285985974 0.979686886760913 0.716667525606265 0.989854036222101 0.964171949074123 0.616466059422075 0.517840932470235 0.688011758833143 0.995484927475302 0.689281934846697 0.846422865061525 0.996768004740633 0.99362928340324
0.0876062884000735 0.510384098634117 0.23784902181963 0.689693549197122 0.343324820288022 0.401261590326713 0.0130460087335838 0.0587063984100606 0.0887636865110525 0.0620593013018328 0.0951574524423586 0.693801813650313 0.0149451841475111 0.0796723173937386 0.11107586538055 0.972017909230489 0.273317505882251 0.266270782828112 0.00104769967791011 0.999574052037961
0.380846361818738 0.568438217420483 0.625710290584772 0.465637366619451 0.808133743780416 0.631781470881967 0.0202412636729726 0.713996749978403 0.424249081511174 0.310797963226599 0.980540084853456 0.970298432737379 0.272505503630521 0.126310184153464 0.518101807506386 0.992326131893495 0.316567467942365 0.60866074897896 0.464377910436438 0.992896771065971
0.114459383771425 0.524595562258768 0.140519459519383 0.332011485204739 0.638944812542453 0.276074972978602 0.0355384812724819 0.404289573779534 0.673449009233992 0.213154263598346 0.214209042597934 0.632723644598859 0.115108865104711 0.0378162582021455 0.760018360616428 0.0556830931734169 0.194957161895979 0.248285962191744 0.000756550857099736 0.149069103165714
0.286554667711603 0.55575830704996 0.307546610115515 0.558003969196857 0.98521775997384 0.458880397288484 0.0685726731881338 0.825330903150202 0.980678280116782 0.72626950659473 0.237703490139347 0.978415148789511 0.520742121183853 0.225916006046619 0.873064587015706 0.935081436181493 0.515677739650774 0.616963592636167 0.371259051578242 0.986181674678465
0.20807793266826 0.48005789121227 0.453477570960522 0.526366688850397 0.817523223699212 0.465692031636777 0.0983683354134822 0.734973613877315 0.406841253214233 0.484590555408334 0.282386906607978 0.993566328159317 0.119532958162427 0.195054137692182 0.409734440463813 0.946506935727674 0.31011207803012 0.575871005424576 0.544641369935822 0.999786903257743
0.1067430324449 0.609280212644748 0.0930457183561799 0.659182733718259 0.13413322149491 0.152776784550817 0.16764952035714 0.232583567185921 0.977032558998806 0.329849670492812 0.324722466402162 0.89963814179476 0.0746956286589939 0.183934038995962 0.233482552146782 0.994694329516829 0.567157393982296 0.354424130053093 0.000343643509157553 0.000460225430506011
0.206919982727766 0.661341571725711 0.799474086869608 0.384198510430416 0.844464710207197 0.402317992755313 0.39261310370514 0.950072603937047 0.913933126720987 0.801326188103285 0.580369047561 0.966434163168137 0.377056461451332 0.171412681674851 0.560760439003854 0.43496849973167 0.502889692062665 0.483248772928046 0.00410720931228704 0.896037159612606
0.600896327788687 0.604792055691636 0.551462778873498 0.299292928170798 0.389143120161662 0.148973899042044 0.339760522906604 0.538224903049799 0.909552130860202 0.515473020354189 0.878920965163185 0.820870545279524 0.233624148339219 0.307083768186615 0.848965418708852 0.998111419703804 0.412637141443828 0.790297078136634 0.677110007950388 0.999987345453521
0.172267068739818 0.680935324190063 0.915568997552691 0.828739963409485 0.63960241972498 0.338649077365209 0.0809877345412118 0.979733026622168 0.797962306912149 0.813164447174227 0.746885275171043 0.954042864188983 0.329524744353841 0.362398618332069 0.53080654608301 0.995394818988167 0.439610955172751 0.632544448893204 0.858568823663314 0.122507415251721
0.0119147482007746 0.463730576033152 0.0521966910283031 0.485343577063173 0.00158646319068823 0.0644798016686616 0.00111525861642557 0.00186252747997521 0.0199457524803916 0.0451000488392154 0.0016518197059947 0.186483168393015 0.00837423651243879 0.00753349004324849 0.0857373410722859 0.000878084883629537 0.191455753588006 0.136670943627566 0.000130103411307463 0.00172942480275646
0.0292306499774119 0.508882413325406 0.169818338351 0.594449407387745 0.0448292939721346 0.303877360171951 0.157165879465844 0.174477987431763 0.130717541492139 0.0754162015319325 0.0552035829181265 0.896339098726114 0.0292105642970999 0.0479991943563676 0.295413644357171 0.861749196428473 0.699518516734667 0.515302070474796 0.020323192279754 7.74061531615361e-05
0.890432594148961 0.798572612521688 0.977398888715881 0.865124121311478 0.929597559667166 0.605233960109609 0.647542839748797 0.992257256689038 0.954835243024967 0.982666099325234 0.982772781742727 0.999667768696213 0.846304829134255 0.438669018408367 0.916793383455193 0.999998681575915 0.738557751399387 0.882098752240753 0.0107401519801364 0.999442286667188
0.222894534468845 0.690567899661474 0.912920804235505 0.7159679379651 0.979256996542113 0.112390435809533 0.129063488932368 0.668693081698006 0.933782332622669 0.640578797746855 0.86619468066335 0.885603780100164 0.145579703875514 0.225549245667863 0.874248824681158 0.984785923238227 0.592313748450471 0.635017931652612 0.170769366348516 0.900849765617412
0.128866229230423 0.593540729491207 0.325176547146474 0.426818587416788 0.147195939289064 0.532014143483728 0.124898496121295 0.750560331056333 0.456689919272491 0.292464214295568 0.0640209918300405 0.878598872166034 0.121785015588311 0.0632812997986967 0.35301868723883 0.858137117092392 0.386347928430316 0.425027917902976 7.15096444585549e-05 0.0194339521539796
0.0360879415125929 0.522055053815851 0.113150843130516 0.415272561321306 0.119969754925789 0.494694549047096 0.185851811833697 0.00512856504709516 0.83606263475526 0.188779823533967 0.0161998870159271 0.344715454104554 0.0938568240954652 0.0754655520800037 0.620906607580676 0.986294299644566 0.199513227541596 0.628936425737352 0.00383868853766044 0.378031068231322
0.0756042821153269 0.47312802637394 0.127572315345993 0.478320738210791 0.204679138216968 0.184034013391605 0.0213505595862294 0.0909648000704417 0.0366304588815042 0.0308836609330442 0.152009712889649 0.144392793839386 0.0787814831858393 0.0329648766210805 0.454830082762435 0.973499506007138 0.756795401782805 0.316852387352215 0.510809994870762 0.0209821212664497
0.303412968934218 0.611529653027474 0.290373487088577 0.552485382193658 0.970347594461808 0.449801870336546 0.371089716163096 0.23159351967943 0.995318247467324 0.420783888218958 0.721905443051148 0.986584392370711 0.486739056220073 0.192107628997029 0.667490037836526 0.999026400984113 0.765918248079164 0.666799710428001 0.991428498510712 0.469264308934544
0.290145773458619 0.735542705177883 0.46435152485348 0.647430397042868 0.957002399964955 0.201084929428513 0.473727594035387 0.502010926544599 0.220542923324213 0.810613748164224 0.356074963039259 0.902919319626675 0.137678959201163 0.143276200198191 0.774247344437109 0.499383754261701 0.487487006275696 0.447932909127853 0.0679277013531027 0.721609272306306
0.222392170939505 0.605799976661259 0.808522527160077 0.808839228314674 0.557804889187579 0.398303881975637 0.425685004747724 0.731424683633471 0.199270287045944 0.602199902271591 0.702917318281538 0.988473883705259 0.241282341523101 0.250695309847928 0.725130765176617 0.999098274619263 0.527640649787954 0.558266434760039 0.00491430177061762 0.341261768429367
0.0203896852941943 0.359790224886309 0.226845974446471 0.409347484972301 0.0496718834995578 0.224024145283528 0.0151874873146978 0.0267372055652461 0.451709815520791 0.0222191205100997 0.0128720175750454 0.612911131777316 0.0410765866598592 0.0220897251878374 0.556616285652385 0.166701292001311 0.25851221260665 0.223412299727232 0.00721655849665378 7.38804374562323e-06
0.129084628858487 0.818949638690348 0.260680269262699 0.716521346851974 0.897164884215299 0.398001293276451 0.538767178431903 0.858627131976 0.757115093576021 0.824908194245127 0.342788150509772 0.992453195766031 0.517137648778143 0.38844639115803 0.841934672416783 0.997483276426812 0.678137566986513 0.722220201663145 0.720623118207494 0.00133035631963029
0.110349018269984 0.413443627345279 0.550808403774104 0.61220988986847 0.310746626891125 0.142858948088161 0.0305538129432553 0.0420671431978146 0.291672081051016 0.0640847390569387 0.100964539178622 0.499603742337884 0.0497551667702054 0.0501605443582384 0.096968026487987 0.941481244806744 0.534823625345209 0.322069776514474 0.14205688811451 1.00959126964324e-06
0.141200999569592 0.565909835652752 0.424675224314064 0.681054694048395 0.320202405920403 0.400536527586264 0.209650995376275 0.144106249210971 0.868285244359161 0.276385327290575 0.267709645124922 0.937580427887592 0.166971845003904 0.114099147917435 0.397858767741367 0.396196564836957 0.264029616662324 0.45319296640645 0.0142141614984987 0.00533968266039084
0.279621277556444 0.630325928526696 0.267451362253179 0.603398483410019 0.822758255149606 0.385018507544495 0.14739723552401 0.53941231144024 0.995276434137218 0.303660511529023 0.458557995078702 0.75316432240892 0.3209223376098 0.2054458237104 0.706975896974581 0.548364333841783 0.400949981972091 0.438209632979144 0.221167990818421 0.109393846266355
0.190461022814163 0.538740654631223 0.460794588516503 0.548678030980254 0.677985248656192 0.257134243013669 0.0735381712336617 0.695526388493212 0.982142934393453 0.171211446087224 0.456577375660902 0.982487106365029 0.531122802584477 0.0786810887518248 0.582079961156419 0.973280555242997 0.437217762777096 0.306663023360442 0.00106239916870558 0.942353313968648
0.116046134937373 0.434560313514794 0.27222137162134 0.703907634235684 0.542841886385677 0.0388580737366297 0.383105171346047 0.164795970357525 0.24261252327922 0.118854305780112 0.0644032547582546 0.597367764385416 0.229819292981854 0.170067234759702 0.724977180477135 0.945989699467991 0.567843566154108 0.240786696219672 0.00029274316185942 0.866792996799827
0.0180437611485488 0.422940452537965 0.0243586408437197 0.59500952496462 0.0729985109024965 0.24664081373212 0.00148059174951827 0.0335740164318395 0.0806843120861636 0.0252558579323683 0.00810017541572834 0.942234151648674 0.0302215358968731 0.0181056135365155 0.0777339092668995 0.0636116592689161 0.455853010041929 0.322021527727882 0.0089070734324709 0.0645890029399675
0.0493263709169443 0.652646695733466 0.719491202873971 0.643041491921422 0.103726152188616 0.266201146739923 0.0111896655168651 0.0226451329435514 0.535180922239436 0.0748758706270743 0.187543297968482 0.894667278739746 0.0272425481985938 0.0631660741583709 0.22665263398693 0.993434165889682 0.347753039627044 0.290208634782855 0.123317589512314 0.969258139759596
0.0919216406921672 0.503938366993721 0.317189948702958 0.586690401054005 0.502515245613014 0.358845697205785 0.0839312097230776 0.48726075688168 0.14747938717325 0.127998754699174 0.206412333261635 0.535812193688952 0.0362258344566971 0.0760419565015795 0.557131218187806 0.554333615447379 0.40687580693438 0.373366393514794 0.0137517425964849 0.401703889810433
0.255965753357571 0.476369770265926 0.304793677612165 0.631006245455437 0.19318198018224 0.750525233626918 0.134043772017686 0.879941353496786 0.899998428260257 0.0507669246272419 0.253190291661522 0.991941629176295 0.122947720822833 0.120503777906745 0.430530057850723 0.303261106695922 0.53784869753739 0.530562128026031 0.464747457584258 0.0721652681696615
0.016159183051478 0.544977211419206 0.216004773314684 0.385886902467327 0.0847300729040388 0.118919688417451 0.0606616640545636 0.0132666055968243 0.350568621069494 0.108557097536199 0.0281841888978081 0.645154941058489 0.0714554911856631 0.0337739753180073 0.132225331963643 0.00697913048026692 0.186485906598132 0.287814423840629 0.00619765135113902 2.47870208255085e-06
0.162672556087779 0.704528882069607 0.310125911603144 0.799630827280967 0.711432969424623 0.614909328433938 0.0737391965557371 0.337780102919173 0.840431863612769 0.575562821080758 0.780009814394492 0.992578029392601 0.314350810594787 0.292565355048692 0.880778289844899 0.994521140552542 0.623537423450803 0.573037976070769 0.801571745869541 0.999837016304051
0.12824203632292 0.461041712203949 0.591763554763831 0.71959040902284 0.530804210229351 0.48608017626223 0.0510408544982829 0.884832014051492 0.179431507460901 0.248948604673812 0.702859705536879 0.671552772431216 0.166475722049029 0.0849215042416472 0.238416163639636 0.549963166041336 0.492872777179358 0.537371769976181 0.915084193501677 0.408708421767658
0.379388822522536 0.741006243198831 0.75866918236426 0.589427118641303 0.89386508882397 0.455715383459536 0.424281708017435 0.736216146079459 0.859251657828424 0.643913117593453 0.758350842667253 0.991575272829429 0.502346898736659 0.28647473379514 0.95116520554783 0.997542116944972 0.295503928858337 0.376757564617579 1.25387719408925e-05 0.226528889457908
0.370862492433308 0.72569269398531 0.87522757952304 0.730055203350194 0.897350868753496 0.406654601213343 0.0983668172609006 0.908003697423436 0.406523465631123 0.366979989927403 0.465042041592642 0.900918662362084 0.463090623302445 0.285880033401544 0.977600102943276 0.283366788021355 0.355036540753462 0.467846834019195 0.361128167779466 0.000100774717179839
0.0987523694443366 0.647202072671135 0.774648298117384 0.591520926993411 0.827003846671563 0.909069213612271 0.538769541208671 0.166693539974374 0.217930236282618 0.505526345373254 0.179292031253082 0.999752016634061 0.360994398082821 0.188414431732785 0.825314323364962 0.933726955187389 0.830581346012156 0.597188619027468 0.00521961774843377 0.00140163327246633
0.521180606270734 0.613429212316498 0.862306223258818 0.786787742225704 0.989235694144064 0.790036830184418 0.558788772702602 0.922975043158531 0.316136190964463 0.764073370123853 0.918657820841441 0.986821422475541 0.767101873048174 0.279159773313679 0.880846665814533 0.998435198372755 0.817680119939918 0.668774065902841 0.00412124218741961 0.999757395050959
0.434203343072988 0.701168935742328 0.91609265036398 0.699299592106698 0.977800969792006 0.458918985634944 0.522174653959542 0.986878830662694 0.874007371813728 0.860705209324576 0.931238933186039 0.989712188733926 0.489649686191801 0.171267637682958 0.384088734025811 0.985062335149798 0.452442934178557 0.797730893147226 0.997474679091149 0.0920765154834265
0.350761612086498 0.660737683907874 0.68943607012181 0.657199028116132 0.469538282119544 0.100171822119059 0.0406635309721961 0.038524913017612 0.418297899441446 0.583220929767098 0.705145571004455 0.960228791278716 0.159234996626036 0.0898543703293006 0.370444133844583 0.707422563852926 0.384142260280841 0.532678403610397 0.373006059787334 3.18718928219736e-06
0.134340509757962 0.545112449332609 0.849263098811771 0.348498059262871 0.179848703846884 0.334077072935538 0.0924795765291254 0.255574678923162 0.915716855874965 0.198284783148751 0.217354841186496 0.97819939669129 0.223941237870739 0.147759788892754 0.486730273764057 0.935107551306808 0.359555893404306 0.451175856011187 0.531872128399302 0.0471214246122272
0.374440740194213 0.730199666523326 0.869646720615585 0.57246278029875 0.953356208610134 0.794064749803642 0.647628114695715 0.918500228557569 0.898136333703032 0.800775568876664 0.932051479168089 0.341292461029391 0.665905120235658 0.220348456598925 0.853762732666526 0.999984627086037 0.654339992992413 0.582118171367565 0.724339603601342 0.00877438434899338
0.0696413928998893 0.467997880719556 0.13713606176028 0.431977353377266 0.0335863140378131 0.164623491857108 0.0182139155186781 0.123706596606305 0.0294103095205675 0.0656074597452933 0.0555692795058885 0.578363588276976 0.0547761629418246 0.11066154139941 0.604990005891058 0.405762397785023 0.280762944010068 0.165859142180404 0.00891209203862878 0.997103570878843
0.165845986913286 0.625701792074925 0.816315749081541 0.491973688954986 0.152260096985259 0.352006354537681 0.0563803426094118 0.846693541302707 0.110221245371802 0.494951833828803 0.356966126940917 0.220411073266887 0.288489813568151 0.122640468102756 0.322200676099641 0.991099696869005 0.667774152960268 0.57474465462234 0.26435578801281 5.80709652729188e-05
0.587506689969474 0.703329844732139 0.686950236020588 0.89799713955781 0.928920460895485 0.550802199788224 0.415615368089747 0.990074577605465 0.263603619157962 0.86455987215459 0.975484733485791 0.933521809481601 0.62128739231703 0.39002996355187 0.935686259440539 0.999470318982511 0.615557884282312 0.663634444383726 0.00145529448079636 0.999997524723327
0.0640277023434377 0.497613031741075 0.0867246799515085 0.64353370397542 0.0117417427988167 0.505604970568627 0.0313918625393002 0.00794826229320524 0.360433819471114 0.0760922662102787 0.106595745148745 0.24355449497073 0.054847496955197 0.0439456697292426 0.19885497261588 0.681024769560907 0.58463497398855 0.247003520212124 0.117317408501881 0.722928790912911
0.081872537147095 0.644357311266241 0.686671931590767 0.673293441083018 0.75250472522664 0.486248556317404 0.154344170338812 0.134821748481773 0.155332292437013 0.323813806351286 0.226272894221088 0.980164586187621 0.419878065430618 0.204433654143723 0.501281433712618 0.951752051916554 0.277130433338918 0.594865834718344 0.712239057702284 0.999167185233637
0.465320111026822 0.545085037335305 0.599967877805067 0.747124540280433 0.826362156169618 0.396961917928103 0.107244414943031 0.730581830765498 0.973987974296969 0.751534850784555 0.401493745688336 0.269716621608843 0.587067988919007 0.276527686289474 0.640121512487533 0.582684313773106 0.447116492318329 0.714270654851503 0.000601294253888568 0.998088296850968
0.480608036412081 0.673638402173167 0.886534705121868 0.771562666782297 0.557856793107321 0.130611546151679 0.170738414289596 0.822994664818193 0.972331794518963 0.35416423829895 0.859304867415207 0.984907883170876 0.235183466597019 0.225498678392913 0.941465948084648 0.99768897336884 0.820977424582221 0.710818052320279 0.974538878928525 0.996430863791124
0.40900513880803 0.723424135342934 0.529568559515687 0.89187985543907 0.956077125330425 0.701400874125301 0.0694387978832355 0.982077842801643 0.981252172121943 0.815126607024576 0.78695118720552 0.988594158722603 0.680170206165928 0.385798525066068 0.71601276717141 0.998521651497932 0.779038915327132 0.695279946778346 0.998996365033147 0.940132448507075
0.0527541815558499 0.496208967744707 0.444513077964867 0.583995738837034 0.902271516608629 0.390368824486851 0.0433234432168337 0.130353525565526 0.0332066249230011 0.136509252006996 0.290891057394702 0.674762372810423 0.192423212552138 0.0372823553770373 0.335770780222499 0.316157888960617 0.569853535695735 0.408669039690644 0.00171139489892363 0.971281682974665
0.13981201668426 0.685689866135886 0.660656122523088 0.369311080258108 0.806889016517113 0.267577653129973 0.466331344132359 0.935598855111764 0.235225913499293 0.510075969025327 0.366798904868446 0.651732559491419 0.222122308665567 0.193585210081031 0.669003797042857 0.999849341907238 0.513150287117851 0.300075816514787 0.108346839641848 1.75879460152262e-05
0.709612191670747 0.769105939423985 0.643959430900188 0.863958708467831 0.901181114965978 0.85633779773207 0.496056857499967 0.988385059748142 0.866487396686337 0.89536143804913 0.966829567266197 0.998441771091639 0.66690830694636 0.488016380476875 0.912244140453818 0.99009878218671 0.624159436317482 0.751098466200039 0.971731260920386 0.999761001450726
0.14519078712243 0.477323160449421 0.11642947360207 0.57001136491678 0.613394094254584 0.459599721420523 0.0866451935517519 0.704497386544026 0.718961103358567 0.313285867313344 0.0567931125899923 0.79268583123432 0.218112085812751 0.104884198600268 0.324228469626122 0.816290869699651 0.261338052489526 0.282482341529081 0.000495960103704186 0.999973482050483
0.080886831783147 0.500126572641533 0.586319859748868 0.549218455112041 0.0567372177055826 0.121131836692602 0.0413860658394852 0.230711413374241 0.919352691422784 0.202487023970988 0.182243078463012 0.884763672544754 0.0979740508267061 0.0882427369401342 0.54540290110233 0.534906218714498 0.290537011701482 0.54889244513945 0.151368416022823 0.0109885738382462
0.323713876192228 0.549688187284374 0.900779674252007 0.838784929038839 0.924636757370414 0.111603594203401 0.209209813818945 0.831762711515726 0.999743879736611 0.801160270644553 0.777910601593267 0.944302696277884 0.34547998269858 0.216043984871286 0.965231708225208 0.966646995651351 0.562515524259851 0.797482042944214 0.961876391864671 0.0220757701570454
0.143584923902878 0.53780357497318 0.407038066853211 0.418706698801523 0.503583442292779 0.155060596110549 0.0403488779739952 0.247986546294046 0.172168670878958 0.0467775002712353 0.0620157184394851 0.300912508539872 0.160059599680912 0.0547251187012609 0.287497194183387 0.627571375211597 0.396088547421741 0.345004468834762 0.107773871358557 0.939128076278906
0.686088207824327 0.799230131762088 0.767038531906343 0.471154401310949 0.964142265095119 0.506472071779856 0.81684636511741 0.485267811315608 0.819502570518087 0.901032906081108 0.99410960086097 0.945912111800448 0.77413752389178 0.490292426603862 0.975994153348568 0.999919560870562 0.554155419012938 0.874271977395283 0.168298016579824 0.999179467334993
0.0222074486182744 0.446021637317009 0.290397005089167 0.603768666718766 0.0850382891188079 0.544712599397176 0.00743829739753518 0.047708769990673 0.410241230175744 0.0267719594044725 0.693124245007056 0.0643206375490383 0.0569108070706622 0.0280234650602879 0.306840434801268 0.0657853345741213 0.228304065829841 0.456885503718265 0.000670456016585135 1e-06
0.538086124732882 0.795212580153773 0.475020693882691 0.788178173272679 0.992706646841595 0.535090800698483 0.25803744656267 0.988336884965793 0.285961364505474 0.974450045955042 0.695202879343624 0.82752239257785 0.904703933339335 0.654435340789881 0.880297032447669 0.995189386611113 0.589611325309891 0.645616672129105 0.787005768556888 0.741731642806626
0.193053539773359 0.534282707932644 0.361534972494234 0.385699486043109 0.682945294166167 0.711709970017802 0.353223508916157 0.82624963880269 0.374584316771936 0.364174093510741 0.17559917971639 0.21022401232653 0.132488098445783 0.200330061880766 0.649892207719004 0.720737458069642 0.194612741395143 0.531174961032653 0.0252635034159768 0.999999
0.443393269798033 0.690364542635397 0.602940943499066 0.63927260126745 0.938325884002617 0.125531349675653 0.060608334325535 0.409847707790714 0.371591144322109 0.793709640590412 0.716550925029945 0.96535767534226 0.372182099532222 0.221875026402414 0.859511978667845 0.975424975217104 0.727015260713563 0.479523835138377 0.00677298430567722 0.00613744118555545
0.22270927939858 0.621909233707054 0.64052112476432 0.851534022395065 0.15538662418801 0.63134525728413 0.146105562117216 0.894752819298594 0.153672357147256 0.546656231991794 0.675478056583991 0.979844267669183 0.233979425074239 0.15852069785601 0.820338504302268 0.842494415834439 0.44247551810184 0.326635472686145 0.999033128295294 0.338733337437713
0.735440836353742 0.676224324510017 0.669793728671245 0.771576189482723 0.944311386539989 0.63313210824062 0.58546332072133 0.98024114955223 0.854725289568637 0.853949347386518 0.958543014392143 0.992371558854064 0.481687098682121 0.366041798991705 0.985217874033476 0.999782078742938 0.270144304155169 0.712282592501025 0.6370715587403 0.755239611755142
0.510310297019526 0.680988029524897 0.380267685226419 0.720239282640508 0.886778652463425 0.658148135832949 0.128296652618881 0.927009903360881 0.975634797036544 0.816241162328229 0.822701704772608 0.994872592505374 0.533398782759572 0.386211315190185 0.762981130232507 0.53458480171611 0.618146970748757 0.74418916584497 0.997807249668107 0.4901529529077
0.229580347909876 0.576766292379913 0.62953727927638 0.726481380985651 0.96739524572948 0.44398347707594 0.424972247834498 0.592555954606042 0.605577475700646 0.606455156432916 0.931031131324985 0.195416168033398 0.284115449475574 0.33341858708233 0.807875505469493 0.941670676054901 0.3563559918939 0.433816865470608 0.453111458201877 0.494773216284279
0.214335306709274 0.665962146210242 0.866627820466817 0.815125009496737 0.731939032355536 0.0644150337200689 0.179561195543137 0.714413578352462 0.859915463086436 0.303879324143797 0.420927931263234 0.982411021857653 0.0815420026930797 0.147510992954425 0.806524490073179 0.726831243144381 0.700453834909164 0.77813626840815 0.00693546344107977 0.00264457510153565
0.591139402933481 0.783098818939839 0.973125644399018 0.765645270436674 0.994680411400179 0.163636038963349 0.740367486859197 0.973634733055558 0.983354413891527 0.905628651160356 0.994590905025911 0.990923251729556 0.830569059982545 0.430043209189427 0.957023924050136 0.878161991340181 0.511124523716396 0.668604520361071 0.759282621151642 0.637543707237308
0.132690521733134 0.447758268666808 0.166392369535593 0.598565070192412 0.0419777235477044 0.735162901375797 0.184619445748754 0.286959469733471 0.0784464539759435 0.241197072388374 0.0375986888345232 0.972044104482423 0.13543116701678 0.0473853927154476 0.125111897110466 0.917485386821874 0.399565520340313 0.432049272057709 0.0295896193174119 0.907962764786216
0.0526864305199931 0.367204766472857 0.318293957448193 0.577180990349527 0.199304501243917 0.129167765827805 0.0110741610423216 0.040600593361454 0.0283465110846662 0.0559269791390612 0.00899516848479287 0.506505630440678 0.0928392975885624 0.049106298042843 0.1147750806161 0.0474574780614488 0.372832374447156 0.564323054891082 0.00295387810903891 0.975372743313077
0.0071077189910404 0.308819005877623 0.163071789885149 0.451247359026735 0.000966899648199392 0.513296907324847 0.011332951495479 0.00109144156676374 0.0593976138890732 0.00340566501553729 0.0312331648056225 0.242765148218242 0.0228223139982856 0.00783177769664035 0.0953188722072121 0.991220847072646 0.37979024606821 0.114552951793301 1e-06 3.62261731760684e-06
0.336446806594997 0.657770231237965 0.683904794609352 0.68062796255537 0.249889645406082 0.275575594140175 0.0235056205152712 0.162755880307078 0.327214206460603 0.634863683847273 0.926980135367082 0.86766490551116 0.163832494596978 0.0885536050982249 0.518674165092561 0.759463554190665 0.57059260657637 0.541670432063666 0.984892467508513 0.727152541356156
0.0375101312060959 0.443041647657774 0.307984946861893 0.572181633549363 0.0400014246097877 0.395410007141764 0.00135512075328035 0.00512609480966792 0.00461144365882481 0.00579320537180321 0.0160193681864301 0.665176073142887 0.0415785573249312 0.0288425371209874 0.223794282216876 0.16528266063064 0.419817054646491 0.266557414227515 0.0376151997126777 0.00677402625586194
0.24653478409439 0.586510122890463 0.841055105287294 0.470775246983277 0.435436086954578 0.0960261613891183 0.239330658130669 0.826154986860272 0.309278290453131 0.357591490752102 0.252631932606995 0.381755077946819 0.195647946935545 0.0828211013256205 0.586018823247703 0.937167405095471 0.170022116839009 0.589965364843343 0.502033048334306 0.153778166264023
0.188577507400304 0.536583011131189 0.161760872680156 0.733742024365011 0.643423768171874 0.305185108789631 0.108517681654152 0.536521558424862 0.054320698306938 0.286611386609779 0.539837607996359 0.996788652118757 0.22486225847456 0.0835605555742251 0.831339740587764 0.982013318558755 0.619161462653052 0.733338203315989 0.0952289499620824 0.111210739556061
0.336590557070725 0.653782166837211 0.721120267495016 0.575204317247708 0.470960885735992 0.251379629242758 0.368875442838164 0.810488714905458 0.208578390122053 0.929173833212285 0.675784008530575 0.995925327043312 0.493532470882005 0.147283845200906 0.918115331999347 0.993276097363726 0.505206473959994 0.577924419774254 0.166110335789946 0.994297764446985
0.273853718226429 0.575820698436723 0.878770332180649 0.408367336604667 0.994040650238422 0.317101534376944 0.474283115040782 0.774347340789996 0.0122279548780684 0.793498801812289 0.826299462687774 0.895931780341307 0.23502224368249 0.170576703017327 0.833797624227973 0.967841803265821 0.578280403743601 0.744742990643425 0.0799263194378071 0.344329371806206
0.271541413418861 0.744074129757399 0.916280905344713 0.599598083415831 0.644540428594077 0.167087637630715 0.0404887781310317 0.557495262118561 0.30524170021563 0.506478828481122 0.910871539108765 0.973178577698625 0.241978757698058 0.157737182336509 0.565759148719998 0.998611715943159 0.262616157066972 0.581110803278229 0.145181857400011 0.236514190006504
0.0296914756890905 0.576462502553049 0.605559080895953 0.433393722036598 0.183343016828425 0.24559777476047 0.0504411992302384 0.172932595591296 0.0885204838366614 0.0788262486678794 0.0121178079848336 0.980369153087475 0.152816168779829 0.0678158658561516 0.156637919059113 0.999629897720599 0.326401260384738 0.478607784279215 0.994542188413286 0.991672627947021
0.647006713564514 0.797671011855386 0.989191669234671 0.800388228939539 0.987879077795973 0.956090530254129 0.922259099187498 0.998632022809502 0.999784322741853 0.993323728125132 0.998747819277245 0.99984256154901 0.946701804635152 0.623937088563638 0.979085145374543 0.999815414244592 0.609804049190364 0.682983041174344 0.988903101987167 0.105547744996609
0.270294577574664 0.701882789882701 0.74913985312563 0.61017836402989 0.379016808042139 0.557558644909256 0.0844754356822176 0.621645329163721 0.166024702758606 0.156029581983491 0.386927464258812 0.825487475780507 0.386412596748195 0.109648693182144 0.352164773604762 0.960571886115696 0.285386106467322 0.359142989785181 0.332761903636832 0.999967419560159
0.0936413033890266 0.636202539886872 0.653717638624268 0.676070960402556 0.961130467215133 0.40378202126078 0.310059177336542 0.932813731100353 0.838247926698729 0.265045318102314 0.74286420176536 0.811951433016884 0.231422652642578 0.13543885612626 0.565509434797603 0.987165402256916 0.363062156489885 0.461140705285128 0.103811911306285 0.937772880161249
0.0681146207955722 0.410752614110874 0.124320567121645 0.615307021590735 0.04251149405792 0.267909671888561 0.0466784530070552 0.348695473114804 0.0150742976187831 0.0374742194812402 0.0244572413693904 0.116675063829343 0.0472075284267125 0.045938342740335 0.025104605659057 0.0177942673312089 0.350398894598919 0.273554523062372 0.000163757834417702 0.000184031602406764
0.0418148577423371 0.484450601269516 0.200909905469979 0.2455030715748 0.0991217560144363 0.0958713387962607 0.00618032326487259 0.187164582866259 0.0919737997504673 0.053605294643866 0.03570793572142 0.623932375903042 0.0439182532009232 0.075632699808336 0.274332167087304 0.176561450379708 0.298323691649202 0.198492018094555 0.188434009337786 0.530849039715711
0.0132716880017047 0.335398321612115 0.0697569122727831 0.472699127504947 0.000827338969978593 0.132949898810633 0.0153948293189929 0.00685637765866782 0.0625202665821638 0.0044890356914145 0.00179291396818486 0.0290532597680128 0.0076272517989161 0.0241226678578033 0.19737619358644 0.0220138069341006 0.258442022347572 0.213776230818079 0.00030948270628646 1.05882020762565e-06
0.0199254198158691 0.320432363440179 0.281232428078383 0.565780124732938 0.0697185423483295 0.599249355689938 0.0144244042939042 0.307341519257932 0.0192459949814452 0.055416394344214 0.0205336800079339 0.17412452318933 0.0248155285916954 0.0265835535577849 0.477217974359898 0.96398816100558 0.144589789774309 0.131614536001904 0.00916987247923659 0.086983434357102
0.0467578915128798 0.432631006079716 0.0388265776563545 0.492299523537979 0.00282856162860733 0.285437291664799 0.0433552213156954 0.157887409864668 0.140959930953794 0.0670168787101165 0.0185555041909836 0.0414799040618426 0.0215961291011701 0.0456738719377047 0.337762194262923 0.0419587289812781 0.244654452351886 0.306431114891816 0.000551130375719141 1.08240001620371e-05
0.247109012572742 0.66438744377254 0.662724329930554 0.576028796714824 0.847484007822847 0.884253010916002 0.0791586073029363 0.238160099128085 0.535320398676944 0.765399055273897 0.587360604565804 0.991723997056978 0.296726770792096 0.155925001225291 0.934866228163312 0.954801085133027 0.576469976969632 0.362572806833001 0.0687090932057541 0.0221036620451816
0.305800437615095 0.6597603988809 0.236157488552533 0.759152626340013 0.723384829898324 0.680687360479691 0.0121715736254857 0.392421640284278 0.799430386903971 0.558277359555535 0.485001069500898 0.954407853784662 0.265283304353038 0.0711823412337309 0.607688810793949 0.92963490949833 0.50358587222277 0.316676213666624 0.0237309704960601 0.994447505770149
0.189546633900742 0.409021155059266 0.0977740585050572 0.666975753188643 0.00828364666440152 0.159049207152432 0.0734674509449742 0.414491968096317 0.165180800433375 0.113140537428115 0.158727398010886 0.626416105894232 0.0647897801417949 0.0788449500061778 0.462431529884762 0.165834163257047 0.514006730900097 0.223738816248967 0.00128882531177096 0.00297696371711164
0.0781015441880679 0.576476352889979 0.797515042642418 0.310351724200973 0.166131506722753 0.404171868753893 0.107382969146386 0.620773476731511 0.132211555991956 0.237922288459989 0.236940939158323 0.878391540243496 0.161063211298952 0.0754635058235239 0.735340756779474 0.88395921836169 0.407464070598566 0.604710804199056 0.0309465893092066 0.00826779128067411
0.513595008107234 0.636530044972537 0.940142779355263 0.763324838530034 0.94522268972742 0.652794704845304 0.267834473763163 0.23892034615018 0.921535204757746 0.545450514262426 0.716338298615266 0.896988733831397 0.221252900417522 0.135284815624328 0.858203040518041 0.996360438597903 0.775765646848597 0.776428155419295 0.048520548899937 0.00657522672117386
0.639169965693301 0.698371588426188 0.859742224116034 0.691884860345908 0.990145541034979 0.384028086291575 0.614199724465004 0.99761372415091 0.980600557952834 0.98978015087074 0.994934321614735 0.999929645962575 0.590070796709325 0.64994914159991 0.981587237467174 0.976624047116802 0.673437696869921 0.824200672442535 0.999359156337118 0.93119356364839
0.481798953772655 0.674809695864999 0.666250831729183 0.895708674003859 0.722959468628233 0.233623789056176 0.0765313486332888 0.787527442625085 0.799308431903385 0.720604876382792 0.960692793683364 0.638756111373877 0.399954223679655 0.333828021005323 0.425314002961638 0.997709688530061 0.503520325071326 0.912718500391089 0.587057897490223 0.0122748589938938
0.062959712295863 0.451795868160164 0.239296687114129 0.632220208208505 0.894739556289978 0.0198196341694948 0.0513228668115895 0.728533689880339 0.00197699520703006 0.16950831046549 0.160743636654692 0.246034756020396 0.0661432462990367 0.0735035818820068 0.253362278771584 0.648189734758523 0.287800516875824 0.575313028447307 0.103760092450236 8.81533467327524e-05
0.384676545337191 0.514712246340694 0.205862621356709 0.703979746334764 0.891550952599102 0.423450456035496 0.596372366503489 0.78651079717097 0.102210409180016 0.628011850428346 0.810225447694302 0.953288145017942 0.412680576759928 0.216039223791249 0.945953447583088 0.995393478379692 0.519354268309002 0.804460709440881 0.51422207282661 0.986550224599361
0.757561049829875 0.683191962680961 0.744085779283087 0.746616960726708 0.986523698833604 0.673973450461593 0.178152092335727 0.949220010939074 0.924059620906269 0.763783594798007 0.887740437059244 0.993423005676002 0.469219019362302 0.463746781396662 0.939259852283794 0.999602519354386 0.719178288952264 0.835092381382029 0.969059544177684 0.999960700508389
0.16254935703039 0.593574876081637 0.561849183398648 0.499164637671588 0.471757491127203 0.29108699024903 0.112840210820539 0.24836808903816 0.344266920934846 0.417212113186727 0.768927289277787 0.489807446738817 0.165767263304838 0.14404147080779 0.694508043473916 0.583593799413957 0.515862750456635 0.592116955049608 0.035916617589764 0.458257728245663
0.225802087227215 0.687064856290983 0.437387531245267 0.804628407954044 0.509214243114576 0.293233709446095 0.0893403118338741 0.783743559080844 0.993843785616789 0.28093281984619 0.649618706024762 0.843165951508595 0.327850993300085 0.110099705526716 0.948153618404312 0.997943593795647 0.776117287190171 0.678990227007198 0.0024574913816796 0.748062262801721
0.448760338179144 0.639604334701191 0.201451712287654 0.581404580757054 0.678826547620597 0.641532219466672 0.0673856468696628 0.910447189677062 0.887025432508342 0.228102554065726 0.196410946936975 0.95575314835921 0.268840939256858 0.130022240653762 0.658951917889142 0.350358237422575 0.35389608043473 0.525678933164505 0.00547505230932892 0.982911765253982
0.0560681703741948 0.566592525542658 0.438567359797651 0.547602961668886 0.25614965959555 0.188021221427029 0.0478645801113313 0.420516641668272 0.166563460895418 0.607598215030918 0.328075220253358 0.976668159844157 0.0900973664620642 0.0646055817009918 0.602831180735221 0.982637479532139 0.294363822383802 0.4783596855635 0.000439041229789756 0.119310250259334
0.0562849895598508 0.471643600421854 0.669800399428487 0.433446167007362 0.778197636952524 0.0526144713723294 0.0421216813362161 0.123066186090551 0.447767546073713 0.236731132884199 0.261268313404721 0.700547709270003 0.0514262820984247 0.0632377639884722 0.440157763294415 0.996915119556324 0.606233519736608 0.605206932264295 0.129298619762106 3.31288316360836e-05
0.474942918365119 0.511390548019653 0.341870397460493 0.665629144985319 0.88575757075613 0.178931580240528 0.200886532663944 0.927841108769605 0.559866996781198 0.156511368210504 0.362513542744474 0.828267876883386 0.272059126557369 0.170734024790053 0.847713995340053 0.12056455555542 0.484494293845227 0.57941549043258 0.132780051064854 0.865250174733437
0.417505265146676 0.680632962892689 0.471696869025978 0.796054332138391 0.966184883822979 0.390133697935836 0.61876571025189 0.537616827339856 0.26450256020339 0.85697920758972 0.66484960984742 0.993055927452148 0.676149799260353 0.266384825192404 0.739578496741959 0.735715612417148 0.266935859661379 0.89941571093366 0.911899723467778 0.00762580434977663
0.260226168595063 0.746145464785442 0.56514018333072 0.746656856474061 0.707270728962871 0.619979968417576 0.161179097293556 0.312091938672676 0.363549156317077 0.414068174497968 0.78304903634645 0.37319596592764 0.559425261789968 0.165536437814993 0.868935164854331 0.999826095847538 0.561220783742858 0.88321820229353 0.747112651672163 0.000104581533729046
0.64814385427616 0.748232459980707 0.858396758321534 0.696262661237956 0.753340376472623 0.275781112665296 0.512951793282301 0.732791879768159 0.992985321507554 0.947389563612915 0.942286860433219 0.998545420260648 0.488911597161023 0.273759823228802 0.875191009337418 0.999036332582622 0.653521220519972 0.734342434422106 0.00979542590461814 0.462305231937326
0.0809783114535185 0.442104282251165 0.512976825485239 0.427644831216199 0.286860327703198 0.310200610015768 0.157943560887188 0.0356903668400301 0.159044148512111 0.029261943973505 0.0917056755421481 0.946403951759337 0.0646092988017924 0.0640877572375823 0.309456880054077 0.0754936435191071 0.208717071791304 0.529109068636622 0.0142881326726044 0.00235142874308765
0.442924523705916 0.731029751878157 0.440654408443407 0.544886224038055 0.426646487462141 0.375923523188919 0.0375746817033653 0.952086075830963 0.945868870931536 0.16789325890019 0.492812476803532 0.948686757024707 0.464529002432945 0.384777891424183 0.950193826029671 0.972133961140459 0.740333679610217 0.72914955150076 0.124304792440697 0.99984905320701
0.0619951395340736 0.550103636266138 0.699669269795905 0.538172600264295 0.584867266313883 0.824985923097148 0.322160775835244 0.129079601779071 0.0687857590699814 0.15788568188553 0.203904533934923 0.592754958130923 0.0700377934339719 0.0858258684396355 0.633830162250069 0.62722125976708 0.593194577282532 0.404247945596528 0.00158443922329044 0.803349659120647
0.440844575603869 0.757030070134932 0.79456133594121 0.613276572054119 0.98585725868733 0.158587680110046 0.625925491654481 0.937899040630045 0.39856086557524 0.571846257631569 0.871066382920958 0.94867029127593 0.476451720768628 0.276604251878099 0.921692546203084 0.999120161296004 0.649926286581367 0.680262983652912 0.995113704199061 0.979648149836965
0.187968274310541 0.531876653217863 0.722419051008094 0.62984459012965 0.109604643561836 0.0734714451336902 0.09598257770841 0.0948149650008866 0.945055106768293 0.178892713635265 0.148054508449706 0.993073363107673 0.116042751150218 0.1001920102525 0.421837573018666 0.956915135687817 0.589531262800145 0.733619783247466 0.281306636998717 0.000157552323426126
0.540883132896189 0.729147851731518 0.676397903353913 0.801852944065368 0.733738897514231 0.545258131790138 0.686484982222011 0.975803794928729 0.989837589529092 0.959872430658135 0.986874359488661 0.892648579429027 0.754867542934225 0.339779196268751 0.84760443022421 0.981439790317373 0.56797965633494 0.816785003915394 0.112601432378587 0.99974859317215
0.600083215434852 0.816046137901375 0.897561161636419 0.774477567431771 0.886711218021793 0.302207566030374 0.782089028278578 0.995763650014532 0.841577161333462 0.91883433104742 0.88219636120292 0.97706606690429 0.632244350398251 0.291759363653993 0.696870349358016 0.999073601743625 0.714340299899144 0.868579089106548 0.45441079737942 0.999982717255638
0.153060128126205 0.667460036009461 0.497260340990565 0.475868911492091 0.74860523741253 0.553808202851219 0.061655858001709 0.571589565406882 0.0437825236657107 0.238932670725438 0.226711008592271 0.979313298029203 0.363745646879073 0.0898890043048509 0.512551725497692 0.196900720580123 0.487826155012634 0.790467391836231 0.0318122295061906 5.04056688494763e-05
0.275635395277372 0.653167181198377 0.280144492201088 0.638457885437349 0.891233428673704 0.325983292471819 0.354360264803635 0.582938365868035 0.879606944345965 0.776403948959535 0.190899175785012 0.730354973727225 0.396353982492159 0.307041865536719 0.832631873419839 0.846668979059994 0.572524768343023 0.702974638531412 0.627763148289692 0.861464309503558
0.201312925217905 0.708578744795157 0.76461908700869 0.787634710827542 0.692020449639678 0.321157989722832 0.699432991213836 0.751074678799695 0.939216785645461 0.720952899279298 0.515942900980868 0.826794851988787 0.499032736340114 0.342434988968378 0.59915638433221 0.97931114115758 0.558078266519818 0.695811605637652 0.995646872345671 0.999977294135226
0.121396654404222 0.662487174671128 0.34502250684404 0.675838229384239 0.671120363722 0.39991209504889 0.0170932468924782 0.054673801974097 0.931051255182635 0.49693327592108 0.148364296996396 0.668590724771431 0.0611477630978926 0.167114519455947 0.607578057827567 0.869423555911184 0.397009369045631 0.144945195693298 0.00014444339334718 0.998723688624132
0.0293750042610507 0.458406849579785 0.268548896553007 0.527317655432242 0.0055091380283063 0.0661987311915947 0.0261593613282468 0.0131231192158955 0.132257374660004 0.0625672878173056 0.0620311834059372 0.69868775394186 0.0494880786804824 0.0217376052576025 0.420341786250877 0.359992988142792 0.296758447427847 0.202846022675827 0.712428394862812 0.00506863171156649
0.0845320029332901 0.594725783497968 0.577900242962038 0.685808350367494 0.0842888768793501 0.444068315080798 0.209671620797798 0.371998816881991 0.499605353340125 0.44866911543679 0.0369004780058902 0.890742177517443 0.1750205931654 0.0661718225523504 0.272277780187697 0.977554837841184 0.566147249908425 0.475693930569644 0.07115192948411 0.892268870048665
0.241820056011883 0.655858181516364 0.500659482239231 0.482829240145075 0.602781139630064 0.746505630006556 0.0935563695898993 0.601209153751148 0.98322694263426 0.947088139957938 0.544247265891902 0.897759559121151 0.271002738802279 0.144260822179042 0.653602455439352 0.99993002615698 0.516038407536719 0.668752999988322 0.45719512149196 0.999365167916956
0.0551771444333131 0.303193048840493 0.0656878180531891 0.552356312499528 0.100408075944404 0.65457239446124 0.0196836067803006 0.0761800550197844 0.00190012513162955 0.0125846250260486 0.0185394031759216 0.416950421468081 0.0224728540194851 0.0251744361308351 0.261218605476232 0.0241748889883267 0.12828950783139 0.119930071017431 0.000645894220574269 0.976802527539776
0.200381612218496 0.700618131946675 0.35662460360885 0.509616728373809 0.888956669854381 0.431520193954775 0.404263054424427 0.962966970430795 0.0329041998594443 0.727904454857658 0.359428761103146 0.97374551530998 0.0818724082628802 0.196857403507778 0.872024439672877 0.543857121177033 0.233954683445509 0.524571005361958 0.877140646226525 0.0671536278934728
0.227832512668238 0.548693273638774 0.747922694554616 0.596869500950259 0.272333044407335 0.444425304713341 0.0313072052799103 0.411442631407266 0.813457445438201 0.287179952565423 0.0496399718948152 0.985651094719954 0.148605253296739 0.0935313485092233 0.59680094251641 0.944574341440356 0.665813278010635 0.418026547647453 0.0194322011433472 0.881266134634335
0.0788579906490761 0.571918448688145 0.374023160164367 0.664799866319132 0.482965289711077 0.338861443432093 0.0909185299976104 0.136521556725477 0.532412794608217 0.0979243112205406 0.581823705664951 0.992428100547118 0.331597303677953 0.0948978247791012 0.784228013634089 0.24432649790108 0.377987921298609 0.367932263054705 0.360593023946287 0.930257210561104
0.482797506047204 0.682533796759356 0.955938070476105 0.915189877714983 0.868493691319796 0.626078814077832 0.252825091709733 0.375623756851843 0.938162921130804 0.946190179325036 0.891201319169186 0.980449620475101 0.460253504993508 0.519603032214913 0.857980834859321 0.991943343367078 0.752822146486115 0.902095500330575 0.999555296034855 0.999041545147844
0.384077723155883 0.706271050223901 0.624680233222514 0.914687107815346 0.996094873723953 0.651062124926297 0.250596556706215 0.964628755884363 0.3245808523604 0.981158340266543 0.899699201279737 0.997251176803945 0.74584043318215 0.403453554817958 0.972078714183097 0.983432838511852 0.76296189267635 0.787144803329002 0.0620038927496053 0.99749957831719
0.270004219658737 0.67405410426581 0.344495722979373 0.557423483469222 0.915083388676193 0.846858591801524 0.3585709035632 0.944860266032652 0.87990650835477 0.678931120930843 0.670601706617428 0.905628064482048 0.533999338020361 0.130418766228586 0.872990091584536 0.982859883686846 0.767565236906622 0.601313983666326 0.896687463634512 0.0805350501226639
0.293305294022225 0.553526038433184 0.313811745346946 0.657956917619406 0.293510671229217 0.212167326667243 0.0704746997939185 0.309720610371315 0.0125227649421412 0.655710670650377 0.263555128120596 0.96461570092529 0.218094218165454 0.148079969790933 0.340523527189129 0.864667480139385 0.340797620524538 0.427085137779873 0.0311781579307836 0.517029359179311
0.09512130428249 0.558407408936412 0.803819991636308 0.616857877187922 0.296343452295867 0.0712342347192631 0.0457559211171449 0.878007373253726 0.0503157771054038 0.401738310870266 0.653650184186473 0.692649440875637 0.19392345489689 0.195558652117025 0.771147527349814 0.495567165040219 0.50286080605941 0.455216362982331 0.707890247400533 2.97195588626706e-06
0.206806496351871 0.575541310467316 0.797827247602842 0.703567293848104 0.435324922010871 0.735079485808674 0.393400389272718 0.197832084152977 0.142871497751615 0.114015910047733 0.0943089333022273 0.954680946258122 0.0868190960878566 0.058323475767934 0.689213163040791 0.998394347657688 0.230445361592069 0.771303798222325 0.744687370123242 0.129020906027374
0.129070645029979 0.644214656957736 0.830896221423668 0.598147556318058 0.0245615347888127 0.329886786543351 0.0582158440969568 0.841326126482507 0.882798919222462 0.407558863109756 0.184824767844692 0.97995898404763 0.223794362353421 0.204156866977236 0.321147260948101 0.945924623508036 0.404574457782673 0.746785032298687 0.25071339457531 0.4024916624093
0.178499209300367 0.674805183588693 0.430591764419983 0.575096096167583 0.980571221050235 0.309693360343087 0.146775386195219 0.358317105316796 0.538495511374966 0.252309502991529 0.127983799926978 0.972724405641356 0.140360843763851 0.0849789772936127 0.880668430069288 0.977140787815672 0.242905397034212 0.470356250540198 0.348409364302725 0.78165237040524
0.204134604581845 0.698949913294498 0.817555442837892 0.681941440629394 0.700448822391891 0.324648382993608 0.228595818348742 0.735066490720498 0.991677257424821 0.417463063744681 0.869335088228956 0.918751511457671 0.64666898333805 0.312643690074481 0.714339850230731 0.605633871297864 0.21582583786097 0.762690510805341 0.0288838457086734 0.998854048307811
0.173474049568952 0.701840639864266 0.515566016688288 0.633413719657638 0.0547444779742503 0.797321685670627 0.330027561791208 0.360341033178124 0.121342058528715 0.173416854261932 0.470140123674583 0.931095102708937 0.122668570777049 0.10999897204205 0.738717455149034 0.24492479926974 0.332621999512751 0.761612099905923 0.928893835992601 0.129773316938689
0.122621573438911 0.588462825505596 0.814979433032553 0.71289216080341 0.909040133440533 0.569619381032971 0.0990918182013415 0.596443307521807 0.907339773968608 0.408219552106862 0.626471028302036 0.987466585521594 0.390028278655384 0.15799695930242 0.504103358707261 0.99857421162731 0.55711307573198 0.66685703518793 0.0130448901253509 0.00779833641453116
0.026425681023873 0.560674556601536 0.292141673660472 0.399593044022979 0.225813118204599 0.458798076968228 0.0250343568157752 0.475464658194662 0.241287986305504 0.0149841630303441 0.010939563877067 0.0481033105937341 0.0101510950890862 0.0228922654513012 0.154428637263123 0.130778609943016 0.23604036099733 0.350959171933172 0.175219271849081 0.0104757660916036
0.20205954434528 0.730389036273814 0.587382302974851 0.680016157361603 0.893933686656995 0.437757202950482 0.284019467975657 0.898387139007225 0.922195121998758 0.719248355195997 0.796018085152058 0.993891020007066 0.364380831041042 0.300720166411749 0.646260672738264 0.99953651290537 0.747027234745669 0.6169439487575 0.0546604274013652 0.817821626063533
0.676349706304892 0.699733251226782 0.680280262221594 0.762752894428768 0.998413320035977 0.737634375715596 0.213153756572558 0.984022443818664 0.823426319796962 0.955967531010934 0.931750147292486 0.99839965234301 0.696675732871805 0.262515648817715 0.95544817735076 0.996860655247636 0.414780368695222 0.757975218889054 0.800775810393057 0.359235509156832
0.119080840161839 0.73331036449463 0.729944366005283 0.697151908784708 0.807902669984573 0.523787780014199 0.159276711552529 0.468394960732331 0.81024133617446 0.650883969629681 0.554842414900989 0.999304550639213 0.442942301622583 0.207066222169681 0.902133238724734 0.990467036076392 0.670395884504096 0.655264321600225 0.640435216816464 0.970200978944654
0.482393558583323 0.743109137362924 0.960617905750966 0.783252044398939 0.953359248150085 0.681951816740062 0.512987665340822 0.954770806829487 0.984092642484093 0.963527617743647 0.927648647346734 0.873960377503343 0.785063319637056 0.590394209875638 0.775393352765115 0.999267563080093 0.695107036890135 0.905536082515862 0.998304149530208 0.999891277644445
0.0619271061965121 0.487984186973626 0.437726515337697 0.495011275199797 0.28510445075523 0.309374874207377 0.0505358315019471 0.323192264735818 0.200086730908427 0.0830838249511273 0.0650415772338037 0.838071433835321 0.0407831270003195 0.0777939369750733 0.413237165525157 0.440796083503998 0.340964646393165 0.230060527061767 0.000672057845347011 1.14013914025744e-05
0.0476056003132204 0.623520249793368 0.360651968456136 0.518692066013802 0.372998668648767 0.623026745581996 0.0216466399379616 0.0504835928206468 0.0577304811811066 0.317846236604277 0.0384497647461559 0.998710094286308 0.100196713853295 0.0357504184371034 0.613119961500927 0.152378997678901 0.308281291698121 0.377016787563813 0.364009668248217 0.998295694427867
0.132535405573241 0.532969539722545 0.351012756194105 0.723840075544184 0.0436705774571751 0.098921519722748 0.0052801066857492 0.213299915456575 0.106218081647349 0.0977311033179481 0.259108106092374 0.919173383594231 0.171738129650588 0.0438167494745939 0.66068200441641 0.484137384263608 0.38533102268431 0.176524599957298 0.985747933919549 1.38621426089936e-05
0.758964186757152 0.788511354677261 0.986170458628285 0.515696597946913 0.976103740869199 0.516154123552794 0.658411830684252 0.999861634267859 0.996691057068111 0.991487449069806 0.992333727734717 0.999921119648432 0.8725735245307 0.618931887452419 0.919005647140295 0.999993268741066 0.848833778526908 0.824569968207151 0.998208311084384 0.999293919809277
0.329959355274474 0.668423668072888 0.664277007115834 0.416385717635202 0.848941024836815 0.212102287470592 0.303191165107047 0.991179487166033 0.998110265916635 0.528825791134841 0.62048664315842 0.334278373625995 0.283919741214863 0.311181254326434 0.665752455068993 0.994760982431352 0.557854570080113 0.551688690210402 0.255792907810037 0.999860460871048
0.0185184156862511 0.3980183588951 0.0466675730542217 0.612659473288879 0.00404327704739387 0.177580896096758 0.00897770738659464 0.00712200748463488 0.0114280096533105 0.0118583033730322 0.0256767058723443 0.414601848417911 0.023115353331769 0.0224084844799703 0.185298120878506 0.117699689648347 0.24727623838436 0.275170618488397 1.3730579041459e-05 0.158613121241837
0.667237275834163 0.791563083753664 0.847452412656694 0.571665364219321 0.901919472299804 0.677849087145376 0.498175375703956 0.97811522274001 0.693210262337177 0.935764270637841 0.790124398389724 0.997769931338704 0.562966155200193 0.303765585139069 0.656239692640058 0.907509672332595 0.581172322006465 0.521276458888778 0.992226231763822 0.919807556895658
0.365105683579318 0.67729884734786 0.526353130497167 0.766159751460977 0.997277323788509 0.239957973327293 0.213830060213386 0.912268490316214 0.777465428982576 0.869713699089244 0.994569469796789 0.996540679418163 0.779337339302076 0.402197248577033 0.787074494132312 0.998072525677199 0.51797961189838 0.600098448937365 0.312716732438191 0.999751178012822
0.314595413013554 0.682879485553578 0.464761220288739 0.64624302947954 0.398147155217599 0.82680490072145 0.0902516985735915 0.716536048922745 0.98297085413154 0.396678260847149 0.407873916987697 0.953138551011767 0.194609423003114 0.137450687191805 0.47134756247253 0.0431371642135098 0.562417244446512 0.26059882139123 0.138672350191847 0.0424091653373855
0.341603428422413 0.681928761688789 0.926157596770306 0.734233498548952 0.843645378676481 0.286532847963004 0.196691287183559 0.600225847791239 0.912626642789587 0.780224203897066 0.0932056892672311 0.868960824262535 0.456614799851158 0.140176311639956 0.703714561701105 0.820943764289576 0.523761441046557 0.352438203348049 0.060064000147555 0.748183229602991
0.189470910795964 0.567480572180203 0.458381745403425 0.673204155498784 0.953336782624743 0.509859955370531 0.119793011250253 0.962713772285729 0.244658875542084 0.369657962960876 0.103841029419032 0.626831653093595 0.183616367067594 0.116119874813477 0.720212574861893 0.246512804344554 0.325393531978789 0.758598217584466 0.244927957080188 0.0954310915262135
0.555554393125361 0.703734254226795 0.852885163422933 0.721680995377028 0.982599565206048 0.652687707002853 0.08400308856218 0.702661043071232 0.832888541790678 0.793189119341898 0.362358388650744 0.990074299798954 0.470995739350531 0.363298033994947 0.868249612340028 0.717942259887476 0.738341406302744 0.341933660158738 0.10414119044175 0.187671106679429
0.0132011615833983 0.366833276186085 0.0952549248980515 0.641020733220805 0.0337674404109726 0.117687426821722 0.0161050364519011 0.00541790797707457 0.105162373184256 0.0125832879936361 0.0116013943932628 0.160247693805069 0.0198168088304564 0.010501185266081 0.0639505399755527 0.0928612329609321 0.35006016070768 0.284593741635952 0.0001035361426359 5.00774568735302e-05
0.464066814082875 0.740279123132293 0.799627309555506 0.707253388523191 0.948990377694363 0.223067615950469 0.053368946015298 0.965035239771655 0.971561736022661 0.568713879359438 0.929832813697286 0.978046243599098 0.429625946886262 0.101639824648666 0.825467223929039 0.999799768407754 0.488363011564164 0.467905655607997 0.586624433151633 0.993463494841462
0.740535755831178 0.820095369988868 0.739270730276434 0.590777755882308 0.998564253899393 0.560089130747779 0.674796428568629 0.995397276598529 0.997134317627933 0.919740779812088 0.967320610216749 0.991456142150155 0.783678017757985 0.514270694886083 0.911461994472236 0.998681961059926 0.778835726489618 0.829513260539062 0.956508843503214 0.343589239593214
0.141664055527534 0.669180545325163 0.430353828068391 0.809955500729828 0.0770909832571858 0.422980238984904 0.0643260403949932 0.102653836441353 0.0976002912415882 0.0611381502084008 0.18806698316675 0.621465524239207 0.192268020660214 0.0748905654104391 0.242633035852944 0.825326534733367 0.326732781806647 0.591342386836478 0.0840255410437587 0.000660318392146965
0.274655090489192 0.556512526442764 0.788685194473404 0.730246589513145 0.441358828328712 0.419588282135689 0.093134257127567 0.441313275689062 0.273788070054433 0.550038520688265 0.0678851951512721 0.998593656109428 0.216515223177742 0.12054356451081 0.365316834552399 0.97485027082049 0.621907648581119 0.598000553936793 0.270851716022136 0.00154667066270403
0.304460968022199 0.569546531046605 0.54349983409836 0.829549065033573 0.482252972255753 0.604763298554232 0.146258983142538 0.547402164573729 0.932375893751931 0.511108069737431 0.552252736011864 0.450518990659016 0.266257382705995 0.252509478951453 0.624626723406573 0.92456793797174 0.783134273166032 0.643962431445175 0.0331839241011724 0.998174629803238
0.0353396959009698 0.418444746426593 0.353323927884327 0.648035596231672 0.00862029314436194 0.344892187781655 0.00890842054827923 0.018812253211207 0.0366406427270198 0.0371900069751534 0.0218227481210153 0.4579925792289 0.0374147822436869 0.0549074007416334 0.531068100782574 0.678587831213536 0.367758957621508 0.481049112544797 1.9860569909097e-06 0.992659494076338
0.077091438141033 0.574142826220574 0.146599518558494 0.632261231786605 0.68775139168184 0.249603849916248 0.0660143412493335 0.149682446750292 0.147619944315536 0.0237288217950882 0.0413133905082356 0.540909985459922 0.0918468401259006 0.083425720324603 0.426254180337626 0.763618093956712 0.7051666352786 0.613639063533569 0.0244421337968814 0.331267634309076
0.101018026749448 0.575295724230953 0.661075767805823 0.776930003792442 0.289066405024147 0.162412459979762 0.0364680066496313 0.483665657226523 0.0225687394712053 0.360537524305511 0.164570980053934 0.949810960663163 0.231778630378001 0.0901510435483713 0.202281347669595 0.974149825550366 0.550402794321028 0.652898519409013 0.992168712588538 0.000998277577622347
0.156749836264556 0.732687774594112 0.696642170405813 0.539908425062544 0.989652994480243 0.485945843220513 0.366060584515323 0.844885451240279 0.217632808922145 0.734658108149253 0.575511054579881 0.999543233944217 0.465091380421411 0.110721628408069 0.58920737699702 0.980864262525688 0.399057903406894 0.702305346897003 0.180758347070097 0.302663803240575
0.422539133847669 0.713000802209252 0.607535162760054 0.653522059970944 0.463196840917202 0.763505250893659 0.636407251223923 0.342589360384969 0.183784636312969 0.541398599150882 0.084774752711526 0.996015868665969 0.140753928537627 0.328547621398403 0.811037262248904 0.966367194761853 0.538201130238818 0.706796989003004 0.0103673341287045 0.860310759372789
0.133659458991106 0.43522233156599 0.112900259154829 0.450584466076209 0.422860601088573 0.257625216511577 0.0633782025024583 0.306922374667498 0.455663844209207 0.174743105562785 0.0797635310472493 0.0805121056273905 0.0381903889435281 0.0424984200827497 0.733461467481839 0.410993638412336 0.379827434260691 0.65180419839199 0.0035050958015925 0.714906270828827
0.563704550334229 0.757773165530035 0.625268788893839 0.703288007893376 0.995376693511911 0.609419405703174 0.656022106345258 0.985083012366722 0.93810854234621 0.911856445886246 0.943446058043073 0.988263440537859 0.58040569818248 0.167460044661021 0.99097342395789 0.956781951974075 0.80103602002153 0.82450073242818 0.907441965364276 0.999998365309279
0.073788244332424 0.638180304290111 0.396889293344683 0.6701044770044 0.385540314311013 0.472481438706522 0.0084840175351436 0.127085679186704 0.0159204105578941 0.297146378284307 0.741779373920178 0.532940713464426 0.100766988761845 0.0687935434274403 0.165497373720719 0.872361667880879 0.756463620157314 0.58482148241575 0.101561657773806 4.32280052235229e-05
0.429436506115246 0.675465689635377 0.689042879430773 0.706809581271851 0.863107686511854 0.395913128596185 0.496460361050048 0.944456573467454 0.996574499150713 0.720034095753216 0.418392379004331 0.993179525256024 0.537912880248187 0.220009466476515 0.883803856976743 0.933281491376334 0.668454414167803 0.643823895366265 0.998944144679988 0.0227604884891448
0.22483924244003 0.574313071817261 0.62127689833772 0.57025964058121 0.0868044539123452 0.808349573528425 0.081493410754324 0.766752216044585 0.762147262086556 0.223677539804305 0.197254023277411 0.611154817058097 0.129235190120946 0.125316158797058 0.719117222338317 0.995962080968208 0.517165710525547 0.427392308181992 0.0497180871063462 0.99998981038575
0.315402440718708 0.557731072863319 0.67676820298087 0.456771266032805 0.239654829218462 0.742659136359714 0.261126896043026 0.742621078610708 0.898884741462907 0.203094388238023 0.474320305597007 0.885774183391026 0.207190553811537 0.263938347160644 0.712162759115245 0.205881825243839 0.676029996386237 0.543481405001172 0.0113605864406305 0.999664216786031
0.1371242178464 0.66774437240932 0.816756164694819 0.518050550644068 0.544060097991814 0.339060260629853 0.102274655625684 0.742495767069031 0.787769630637076 0.611482156709531 0.406855525746764 0.998561563348139 0.354406822369352 0.273445541608291 0.890525137454056 0.979859555110123 0.552002061868012 0.679630323944551 0.667008692597549 0.0128665808348407
0.709593618359857 0.677539298707052 0.745693363856755 0.599407971044127 0.981212938249955 0.746454883803021 0.576555255638839 0.996220739630419 0.990236223277641 0.959510308715787 0.979241096726757 0.999902769224184 0.652867847788608 0.448827098247098 0.963369413929396 0.999360212718092 0.756021859945845 0.82222496530782 0.96223614373674 0.507842436606161
0.521860653049878 0.762709025313396 0.415491663144544 0.391266520914273 0.99333102672981 0.147980835349961 0.436932809520369 0.964957405487693 0.994473835373776 0.976649110674912 0.812533773476223 0.996926316694277 0.794981576757787 0.391095110698309 0.932166345245149 0.999870888734443 0.63879737552507 0.777364300232031 0.999773943286622 0.942097302882332
0.473239875507305 0.513050736301308 0.0945058375166203 0.777002203520148 0.90568528317916 0.204540747466401 0.254341456982111 0.411426103454612 0.961686233112217 0.304506066875935 0.0907236510232314 0.924357985103272 0.23287484627545 0.140467331825677 0.224783904059035 0.729954769380722 0.345601573442577 0.566481431719695 0.000171805357305211 0.999247662336756
0.0476091917369024 0.486504070905482 0.126356816329028 0.465845566166189 0.13358213975433 0.389198205999134 0.280815041112408 0.0564532969858549 0.46769402104385 0.227474456434123 0.383882038447136 0.776454712100627 0.19961567347402 0.0638653252810034 0.626236998283787 0.867642968400904 0.528275410827799 0.708129840794225 0.0212335213299007 0.970675869841461
0.420339324946397 0.52879775584419 0.843721487061582 0.814648980507503 0.987947979068317 0.409640319630439 0.399289591919292 0.80895787372603 0.67234233520638 0.577109657326044 0.859759254723018 0.931196998720293 0.381696960426412 0.209632688215724 0.908240084288515 0.848071523128204 0.561301088891802 0.576104563424398 0.285285354013167 0.639368144275767
0.745446991778988 0.773861319874495 0.958924896830097 0.564180034460022 0.823416893492837 0.795523566997183 0.27578481218246 0.971827207902669 0.962392577038699 0.762823764071996 0.969762201699093 0.997376083559391 0.59102534870411 0.483106404545571 0.861610392053017 0.998448908772159 0.833739863913441 0.839531927960114 0.992461534336149 0.999919385457608
0.108270617145907 0.554843933008062 0.487959087589981 0.763897915558451 0.66497669688219 0.190422313013463 0.121491300359928 0.118911353605584 0.326216209516214 0.154165689242735 0.391549955714098 0.997004143911605 0.160636731059227 0.0528051943635489 0.40934847488194 0.960016171263637 0.514341314405796 0.624208053033899 0.00180342990091788 0.878977073123754
0.138584623463993 0.411775685555042 0.432388408028072 0.418219849957695 0.16266842592559 0.102837870859236 0.0349785973804737 0.193448242466787 0.0376204937455446 0.128918815801452 0.110667290775358 0.915002916415741 0.117184862781294 0.109212272639843 0.143748624817329 0.815647204899585 0.308456278161896 0.291924648195709 0.0101907406139741 0.0732079298343987
0.224171327318956 0.561957006451034 0.607305652985287 0.518748489231981 0.913594676134355 0.851819619119123 0.239399961868547 0.781210227010487 0.938040248621745 0.377312247534418 0.617210648915772 0.836688998167034 0.378716243092116 0.17218968282164 0.784325873559931 0.996145664520203 0.637003590674819 0.543381190248884 0.0253582533294627 0.999654371163001
0.0244637910452725 0.468606292653033 0.137836607801491 0.495162093794228 0.434491189583359 0.659595450657775 0.00833750174626781 0.0819606384565005 0.506183224442881 0.06536963984966 0.00905047122241515 0.93005485137236 0.0392427860982116 0.0341949862440597 0.187564487636216 0.807516915200159 0.627052810603182 0.360734536867721 0.0421277628360523 0.656022248377457
0.0446490743121567 0.65027585045787 0.613404341611007 0.563722532239578 0.17715013117837 0.462654900334402 0.091328253513434 0.237968807924026 0.596687086866758 0.281135809816946 0.416518741908075 0.564416331494709 0.109969876918529 0.0660824576425917 0.611847139147384 0.643572131924003 0.139852352618067 0.56682714791906 1.21059457870709e-05 0.80649999724613
0.157420751838398 0.575795286915117 0.629576979200056 0.622429871706451 0.445735715512549 0.0951654223823181 0.176065627101569 0.241313122395267 0.325584456390594 0.227780369446348 0.557146320435467 0.690626088921404 0.172073014219961 0.0485846595176775 0.500545016182246 0.921551236987131 0.314479946234044 0.305858003341748 0.00137740971214291 0.919194035553172
0.0285762056933446 0.445267095472958 0.383259920521808 0.657630400121235 0.283238437709804 0.386692409977228 0.0289002126544569 0.206463600335581 0.0392513878054747 0.146758120088336 0.0423431618016054 0.0851106227431923 0.0430286651262832 0.0256603933631615 0.23648159382528 0.0606202666189921 0.593295527948414 0.300942593537302 0.000518584806071244 0.999858733882065
0.0899466080458203 0.589518036681962 0.272903274120851 0.447597068171128 0.557496402391014 0.607153405227066 0.0544446750420881 0.458729219306356 0.159240866229543 0.126374432686319 0.227465021141259 0.118264175539988 0.173754796174472 0.108353966433874 0.510586813822899 0.92714669055241 0.414488632875655 0.573842353560246 0.000553625777878872 0.306520097136548
0.0220290089224456 0.473223886716385 0.43930764000114 0.394406411263071 0.0511476665485225 0.127739890846388 0.00620911250099155 0.0977726638228066 0.000516963131609104 0.0163425912350198 0.0102434164424348 0.0620529082358603 0.0310497454124892 0.0287132640335236 0.0542067477762997 0.623872559080861 0.454358349220254 0.263710618033776 0.247790201404184 0.957721940132793
0.0392936559373194 0.478239729672434 0.187191956854098 0.484600375459501 0.661454369094302 0.343952913434427 0.0106751418683966 0.00653549972067907 0.547531072377753 0.0610248986638404 0.0581972608952284 0.739237661208211 0.0436111396254299 0.0467287322742429 0.210380941398397 0.149295417935945 0.433446507372069 0.431506305138451 7.27855832258249e-06 4.24248338475722e-06
0.517118461008754 0.70270753030003 0.927422772413757 0.78069717728983 0.980873801938203 0.799062297232529 0.116701296021417 0.995671504594877 0.964750183805537 0.884348439309344 0.907964383182666 0.873644787861255 0.610820486833903 0.185086429964429 0.77250774686775 0.999274673771064 0.576871668383844 0.504285889780113 0.923550825681488 0.000163410405597525
0.221892084515866 0.610309167746208 0.513855014703577 0.719660861853179 0.817370742803557 0.407456036664053 0.411804276596192 0.448911765495848 0.951338483708789 0.738296269100045 0.161243926958421 0.740240354141976 0.57770079509417 0.0709441382662546 0.800177441565524 0.983615494458934 0.570872648167978 0.633086501464155 0.259466024321803 0.644661332443069
0.0417360284706104 0.563362849664659 0.364511085600617 0.516116987293625 0.371945755354197 0.380194355215866 0.0348930266695941 0.103143870206987 0.0232125966654412 0.24767493872015 0.119092665127168 0.0939396796137431 0.131773579826196 0.035057605313349 0.651965666019699 0.637382112418579 0.397800032355342 0.453093261435517 0.126407202244471 1.21247927073215e-05
0.0764381795160428 0.454002591662448 0.914114156496687 0.704631154140023 0.0953737871664849 0.232819308788822 0.0654712197895271 0.0813927688962755 0.413956315055997 0.0547843515066656 0.0327597522034389 0.968776321424906 0.168614882190857 0.0697032179698739 0.431563672531242 0.061015932647985 0.694385833996088 0.339862565009682 0.555647719308537 6.38461003314462e-05
0.403533550089383 0.701049279074564 0.806021783610245 0.746661942877266 0.94559341958112 0.257171102594393 0.688742406833669 0.723001848422794 0.956861600913316 0.791231988844974 0.955148862328004 0.980246265794477 0.61195651038489 0.262240896745126 0.894707353634448 0.986823909939128 0.598059707798952 0.849934520741584 0.127735215595275 0.415635881954335
0.0673997123526982 0.438455478268069 0.367363931807034 0.702657867974526 0.302227053110133 0.317120549181013 0.0206344114199923 0.33878644688201 0.199501000506254 0.325377551335991 0.0604090143982271 0.181152164021939 0.162212367584767 0.135378872202693 0.619506651851183 0.816189837510364 0.338454026922721 0.442581461822045 0.0061474431328773 0.000148808792857642
0.0820534143589379 0.521668489772571 0.270900308810974 0.637894211306459 0.065530342622022 0.39578670473343 0.269399044414861 0.143677201070598 0.372347415505306 0.269164233255479 0.573871405676184 0.967860028050393 0.0626404889169468 0.0682975243215414 0.256176489538547 0.576532115436916 0.168652599114318 0.437438810846388 0.000408558245143366 0.0107781177742477
0.151900705460385 0.676966509618336 0.207707248252494 0.569012403333374 0.0654364366004165 0.884775044242624 0.105622796796521 0.490166969067522 0.407711983462559 0.242423648047532 0.615023334176804 0.970917670789372 0.174270256090706 0.102604514364328 0.613126401304209 0.403425727219881 0.353517935004141 0.740908160701316 0.33520474484955 0.300004360751001
0.0642246127905018 0.516068576158942 0.045892215394892 0.743987487822938 0.900911942734702 0.417269176876396 0.0306264263274361 0.616979813456767 0.0542364167083334 0.168790447058372 0.063112813829638 0.916029996456544 0.201579342547485 0.0350222016719411 0.827092073331281 0.981324721424685 0.402345152451151 0.324814931666038 0.212259186829863 0.00104335008503432
0.583939182450348 0.823510555816186 0.963605265051302 0.776927187277585 0.976247807802181 0.276962859992184 0.146099843961334 0.753608349450027 0.992429559940893 0.841575474874021 0.944069444981794 0.998663570028906 0.750883325768958 0.431746486311617 0.845926076507776 0.947612238162043 0.731165171147902 0.464518701687216 0.983693380722165 0.00327226380151311
