0.208101417446246 0.536501986947678 0.907218557384239 0.790474119697221 0.520852739088962 0.178856493923039 0.36120676057482 0.817559491780788 0.828424836932829 0.416935033502516 0.549203693538429 0.813153740320222 0.421265103548753 0.203273931254536 0.285493797752829 0.896516237508739 0.52196566863725 0.462207969230012 0.0150748903909618 0.04824224137481
0.500931774349713 0.785276458385341 0.84581079032549 0.776364795787474 0.873848766830589 0.564380390005631 0.407435130186802 0.993349298849739 0.772523758419026 0.874050742476647 0.967007291505637 0.996615332803838 0.788410484237943 0.252117889809931 0.903911240434146 0.998351788754554 0.441914624073987 0.797950633441374 0.944063844369865 0.969946058900437
0.0800663710898493 0.533740766382715 0.557621157878239 0.44622737978798 0.00691080866010276 0.453380878965114 0.0267438070633011 0.0180059944977523 0.00955993276880889 0.145875874691776 0.0790994349545353 0.415427604942929 0.0961620509765956 0.0872422111525261 0.364703942012164 0.936931300741067 0.201207663675158 0.159314628162494 0.961787036773482 0.151788268540233
0.332705956928056 0.575474532875831 0.721481506314451 0.518655613486816 0.908461068557492 0.121295786496914 0.211039415769402 0.97608341518169 0.947951798922395 0.783840182402605 0.387506908686644 0.961187629578575 0.564354392986803 0.147647456061338 0.561909636042533 0.998886925021409 0.535990368644792 0.859731643628707 0.920799307693846 0.378744490924326
0.0263643268332558 0.559748169471562 0.00774362497841803 0.51085204485356 0.59895538036173 0.249124850111371 0.0205606943011075 0.0652934980614966 0.340091175290288 0.0429232787635345 0.0259676844034891 0.368132947252366 0.0246305380742553 0.0181783714637557 0.505160368586638 0.0101020709205115 0.605878983904699 0.233074578839153 0.289066964989317 0.00521897858460474
0.181548382572038 0.618222305796727 0.687550348114209 0.748666213327029 0.28112908247401 0.388160059977787 0.136773456797523 0.101722775056873 0.0581964928435462 0.279755171352156 0.0156224158271096 0.911909804263785 0.247017406823266 0.185813731226265 0.740028843734411 0.998312086908403 0.398117068564614 0.428633268082551 0.102083408599532 0.464626065268054
0.10235168220963 0.529387099598335 0.527415416647186 0.691375212846307 0.113996879201874 0.318690783323723 0.044215370671667 0.937414425938772 0.893876387827061 0.176154761195741 0.0734403039599087 0.491992253350302 0.167742599209993 0.115052647333543 0.329443086345782 0.437143475261852 0.470929433259779 0.545727835526855 0.617905995801505 0.0371042434939551
0.0461691279237119 0.509037821187341 0.213877976492299 0.525732190203034 0.458805261007854 0.635348744909049 0.0455184191307885 0.770570054266016 0.00644164086096036 0.0813593170479333 0.0994588734240234 0.93877358704495 0.114467832675669 0.0602119739567682 0.258961651239423 0.677248323156468 0.298860761786827 0.555301404749332 0.959651475140382 0.667433639478254
0.160296844178672 0.696304423808172 0.18345688092912 0.557069881111477 0.723690355392715 0.242589015471396 0.114924125769071 0.385736591438387 0.832469680327466 0.743560188837665 0.845016770236012 0.90122672644021 0.290998172642587 0.257702531925491 0.677121529609885 0.999488894787738 0.781933690116622 0.550444966237911 0.621467560793266 0.999878066208255
0.514887135907535 0.602038799556179 0.880203173306495 0.512651472443173 0.355307784274499 0.594749573068143 0.185255826370756 0.826292907097776 0.579809863214022 0.822054446290289 0.648839752141259 0.993239686546276 0.493815442730129 0.191206967138063 0.866361454040364 0.996123304766928 0.306810374868952 0.426414688521594 0.418826919177402 0.997627282768132
0.0833379048468805 0.657332691594048 0.36220600321024 0.600267008719365 0.442207420175074 0.155540295156336 0.0724787255013893 0.302602821988067 0.047004220153415 0.417489884554805 0.156857596227515 0.931566324268084 0.140140035004247 0.0645200893416433 0.631702686904581 0.510390487190929 0.232917843350107 0.291548488473192 0.234210887317466 0.431880682108584
0.601717827124011 0.724727122463532 0.959558511080892 0.91658673621039 0.993279681626624 0.23185435840555 0.695219057802592 0.950736067674941 0.943058908021742 0.963610423424301 0.989340948367094 0.997474079906902 0.856002748709826 0.438723930351341 0.74658861546712 0.999927016619607 0.445694595369885 0.815663100346994 0.958408305517169 0.997973181558206
0.0713487783160647 0.481008973029994 0.492184670529361 0.513266943427099 0.333722149325285 0.265826027929967 0.0260838825208684 0.387760022010536 0.638425509337817 0.0646303304828815 0.0221062387228722 0.879723898824699 0.0839449495272789 0.0701198294887874 0.439618812187961 0.250103271125542 0.807514456495456 0.593374008544394 0.00089340234573392 0.141283754650956
0.765529118288659 0.792144729410873 0.925804751094358 0.811916023536004 0.993062075122201 0.562274614828049 0.819785653035759 0.994178545122658 0.792959912723265 0.987126425708471 0.974714191362373 0.939132144223241 0.696656687813797 0.454287681884357 0.96913306466032 0.998291805652043 0.665028845019815 0.853255984944013 0.96921310010873 0.919709616625042
0.200526842187793 0.572225465572337 0.675527963474915 0.495059608068107 0.131254828767817 0.0817382178340308 0.0295743404194508 0.31786954550008 0.212208443302637 0.231340635194207 0.757059030370357 0.99479150113136 0.100782016672628 0.145208202800615 0.361378588260409 0.968339982595933 0.730669999524056 0.699551461150308 0.35301780419806 0.358980187637335
0.129628583765684 0.518092127963997 0.209333517717734 0.810386116110667 0.0288781903296982 0.30947237314241 0.217603508493596 0.223849172226982 0.897446483184272 0.2924081944668 0.584018297074927 0.977066136259974 0.2115023508762 0.0676625114440872 0.631367577603879 0.873965501993698 0.482929244520227 0.426810259013045 0.000459292342060028 0.233944458444336
0.320249403072733 0.640737455624346 0.348449866971509 0.421125369304642 0.977410311307438 0.305106462783053 0.255350404263246 0.633161141452261 0.11697722938116 0.821514375546867 0.409021650976797 0.740768875344034 0.365869341522443 0.199835004253163 0.557110464398998 0.990007426424879 0.605445149959175 0.652081007272762 0.928549965770449 0.997163013807276
0.454289404843978 0.723757238852366 0.879402246685601 0.671661584020673 0.976087718592367 0.585409012491736 0.562655402911708 0.982965025883958 0.961235500066572 0.956051736312823 0.919902042183764 0.87796164463075 0.746649810385313 0.580555097569625 0.916766906591762 0.999497201205282 0.490542989230018 0.772524768132394 0.972002573700976 0.99378255435296
0.246481052126009 0.697638247679316 0.772503007798157 0.619800788227018 0.971318952441734 0.168714047205106 0.701447744324777 0.990188693676649 0.299496533251171 0.915436052039313 0.832789057547389 0.974729362466493 0.359716802937523 0.196627530202352 0.926063548601468 0.965701962612006 0.63127567820474 0.55611314028983 0.176560920004344 1e-06
0.101605687933045 0.367035856378369 0.467649646094792 0.450752261177717 0.212661215247 0.262199290668982 0.0131379085025096 0.0795048230357469 0.0608635615799499 0.0275380627094685 0.0519584007821472 0.887385186626216 0.0307086792684995 0.0258293271902047 0.646539545598942 0.890203639682548 0.294147079943111 0.35060785576464 0.0010879928523125 0.588132933237375
0.449309559386345 0.736775560544914 0.861213748486967 0.770167145614597 0.912575528874741 0.537077563710767 0.592832630520042 0.994384504752382 0.865774503605507 0.777703669419704 0.51290870173427 0.991935587455601 0.451861331683858 0.539986963615553 0.965439125784418 0.988831540647434 0.60026580916262 0.771937626031054 0.961557895412541 0.476469182798116
0.367651138847249 0.565233536939896 0.735068294793414 0.794545729869683 0.377383294833712 0.30848193142375 0.133178219126085 0.505698945328808 0.729483460930939 0.471155558060652 0.0863798327642192 0.972718605801537 0.0483937644872158 0.113845968459285 0.89706071967949 0.987030894560384 0.362137223369772 0.442753220027605 0.00802373572404464 0.999425920678071
0.163442365840181 0.566797172302946 0.399921788885003 0.557482051985636 0.184910435705257 0.188508827058898 0.121872550174165 0.0485749668801116 0.107585211067543 0.228945540045737 0.249707636575488 0.728151257627989 0.187705120198658 0.0997417530611604 0.39181766735333 0.820769368515757 0.620480394375021 0.737815883756059 0.00205650182524467 0.863736558453452
0.519240039097702 0.671127833141539 0.65066028807837 0.905959693065089 0.990862523816869 0.405649956063178 0.569985059328717 0.993880485086428 0.985285749860683 0.879389749064583 0.9765095664269 0.95357465387843 0.823567289341692 0.25797234879997 0.92039601746324 0.999856200329189 0.624843254078579 0.830158690738416 0.628977266161562 0.00194512272319191
0.267527394667179 0.488516794438128 0.0971811626569205 0.679004548101143 0.98271952625601 0.461035091711853 0.197921552467924 0.778792422308642 0.84674814941774 0.298666169493392 0.879659051817987 0.985101742605545 0.439103254733566 0.261719606853165 0.53453111793048 0.960271546998394 0.724497952419105 0.57706460494016 0.0408051018389866 0.539521382235734
0.407348392193178 0.696146756418784 0.396019176492127 0.819744299198835 0.956334072488848 0.641667596930603 0.784913670956951 0.508617332652944 0.106030089033478 0.783627151196856 0.955285466077459 0.997085215952175 0.664150237619736 0.199649044719282 0.921442101778696 0.958735430766167 0.410772430062555 0.622429357977423 0.803896787719327 0.797154010074537
0.253647610413167 0.668685088912701 0.130222372211713 0.591368132938886 0.611824906629019 0.198698917208051 0.204041902571967 0.216982079263995 0.776724759284774 0.259338100222662 0.0630630534994662 0.774553992728359 0.377106146217966 0.072701636219426 0.679392073317564 0.354473532726255 0.332783842965469 0.725532437819596 0.848964991288269 0.958025950315105
0.228803112171742 0.658523829728246 0.688205837067155 0.693757668101328 0.941361774828606 0.519164646201747 0.279959676477208 0.89092964157783 0.880476452758642 0.796522046733703 0.720709705037558 0.929816192729706 0.397820250715599 0.307940791015191 0.667948864859694 0.996089113072799 0.20275974714464 0.450674409970575 0.613441083472391 0.99004721913929
0.104317057629802 0.40910728778843 0.112192716246247 0.374132828410542 0.127811895846466 0.184630894259233 0.0557510638511234 0.0175447540957013 0.468696240815022 0.0214711536881431 0.0132341425028887 0.100761320445155 0.0439481328427442 0.0201741065571692 0.342635409248162 0.031073129267127 0.300213727253455 0.270262696820095 1e-06 0.0824517043236072
0.763621920592034 0.754384880647525 0.934882303152333 0.729213982086231 0.998275085547353 0.276757224149887 0.743435985926787 0.992365573020717 0.821923143359231 0.971871246360571 0.987808607465321 0.993672411604051 0.714131111249197 0.749125036078465 0.944899727459123 0.998302346881404 0.526282542181911 0.657706571059266 0.90380075779318 0.00849445361842923
0.217920260257466 0.713629193719204 0.740240706280278 0.802209168285123 0.978335090889391 0.326205874389727 0.211599308238527 0.865863290853526 0.142877869153229 0.565863650103363 0.982366656308511 0.988493270839553 0.422391514888666 0.132760144666824 0.780208937078117 0.683606038482608 0.458213979260391 0.562310283191776 0.0167954980626025 0.997850978415365
0.0639280591033112 0.48108437919707 0.156824704416146 0.6979420843844 0.116130821312951 0.185668060244675 0.0561782254474821 0.075554952299459 0.00326454736112568 0.0631655438071415 0.0108799683537659 0.629468257819047 0.154786435588416 0.0402540073922151 0.324224403237579 0.772606514751873 0.475428506370369 0.357256388987865 0.00884870486010564 0.00178150866723127
0.391531905389749 0.695934303529157 0.920950348925223 0.778284606304237 0.822516701907071 0.463422446556227 0.724670207236356 0.13334609998437 0.623176786911409 0.695902206611937 0.85639052246393 0.782466955264323 0.586447851399332 0.178284755854174 0.96053238166971 0.998187576737196 0.674143151491617 0.759789502990888 0.892350853702287 0.000224525928981092
0.427668233789718 0.69796688017858 0.922203531146706 0.685213449460164 0.918403205622346 0.599394643730416 0.774401158267569 0.965893738257428 0.952795445679443 0.663421901508737 0.935831657968614 0.996167654333068 0.812329066057611 0.265855116685777 0.963722067012036 0.959028494719901 0.375838608596643 0.772827295204658 0.998630471472222 0.998340975285566
0.424733302524761 0.714537518581469 0.792699801188669 0.719277776254152 0.986197940306009 0.616903033367179 0.132110933795996 0.590228266506252 0.949130139734576 0.884913834708179 0.622876633271163 0.998979350563822 0.422109984510304 0.31297403400419 0.789751733049035 0.999855469781816 0.734200199888714 0.865516776787071 0.971746182694421 0.000211567071271285
0.350307828793807 0.613072866313496 0.872357313821943 0.543510482133861 0.654860864768123 0.576299939266471 0.194342291386014 0.585898391908837 0.697734496127636 0.850603242318914 0.871412532087267 0.924994136509374 0.376485449897414 0.200318383863265 0.697734512437176 0.931978523457057 0.448206919698225 0.268943850606007 0.957031661584967 0.878375398053951
0.143516845552004 0.518733201673318 0.520766838772418 0.444072377854515 0.206631652279187 0.465416041677101 0.0441433313945503 0.814814639543593 0.932695420716121 0.185884527701056 0.246499494349983 0.695383881731429 0.172056597303864 0.0778364498752998 0.813160628151642 0.988492498772038 0.375160922487654 0.47083809425188 0.872724352189858 0.000413810262279661
0.0387463826140314 0.360434356333889 0.0421314196633216 0.384999386761888 0.0637803379841089 0.346144561197274 0.00615332794881347 0.0672873673974473 0.8549965764593 0.0228569789317379 0.0182272440904014 0.0122063096736342 0.0840092228873882 0.0432628416939904 0.713779201177719 0.505087249210577 0.279738287014153 0.238371407355216 0.237844557838272 0.015319685843079
0.661703038357086 0.692285326859938 0.443889657692896 0.835878314629505 0.981929527445708 0.702734016809418 0.191037623129291 0.947444360005405 0.9966503529386 0.81744738110231 0.856669789606401 0.955543334599073 0.397718983720024 0.50147876318435 0.924137181405257 0.979750953510438 0.840692453403768 0.945048960754547 0.957096925738386 0.498533342957163
0.1745620085818 0.641420132299253 0.791733467279005 0.69886110495217 0.359523897852384 0.591610133332358 0.0470509840285846 0.880163927853989 0.896706214992073 0.484810412655734 0.0757221003766838 0.974481449010188 0.154724691323094 0.0821072051883394 0.630332872201327 0.526457363242912 0.645843079188856 0.614749870653058 0.481952708209998 0.0272288825151094
0.764211691082585 0.823487837745042 0.80749075590677 0.859419978684416 0.995340192258716 0.835112016187216 0.511922962547956 0.986682994404633 0.999213221559738 0.991023649033641 0.998345015681054 0.954625178694878 0.906472792984603 0.634423621467361 0.980139520499981 0.999821511834869 0.671014495106933 0.852998603752403 0.0732174918202246 0.999926896011234
0.0477397348570358 0.519189309812289 0.319968339918966 0.507321243570937 0.399826255106147 0.660169045335426 0.0257739482866247 0.299010947354544 0.206327780269976 0.154535200448054 0.140402048574289 0.919073423530029 0.088546344804633 0.0927871667287857 0.269914062136746 0.98172572301097 0.497935939544167 0.487816005960027 0.0710211492547739 7.13726871133561e-06
0.271619679814585 0.64155684097608 0.893543520890636 0.632868289143654 0.898980367218355 0.723235997625913 0.559906720257036 0.428868415616875 0.98044198484527 0.887937730322381 0.756190555987597 0.995175581290818 0.427469835816991 0.242664883458921 0.216149566752862 0.999040215972736 0.505330268404539 0.8488379816226 0.657900579397186 0.995884678208182
0.197723620556697 0.549044064461171 0.496786318597999 0.609225115085075 0.161350428083735 0.419048586993795 0.238142127396026 0.456915012483702 0.236324503660077 0.109058861114221 0.272963301837387 0.936939641999672 0.229278752786667 0.0583423238900501 0.70652870287032 0.589968834359157 0.29439381479696 0.558151997105269 0.000297911605098125 0.000142685196460566
0.0353296772548014 0.339026581429234 0.0712048467884979 0.421334519694356 0.00565323414744448 0.32589125572561 0.00682501209048726 0.0054668133188109 0.330687375349705 0.0145828325297138 0.0276939342545154 0.733990817092455 0.0527351318660952 0.0206118331995012 0.0869261305573235 0.90885718712605 0.44368170695891 0.439789963657085 0.0036016777376324 7.81813973510188e-05
0.775540936305086 0.745803538338272 0.849186788542567 0.782494436237412 0.976061463984952 0.841835368665446 0.164331448795804 0.960598890254362 0.767496190436684 0.739760789550064 0.911685528052819 0.99791807941087 0.323276984081617 0.351284005323195 0.951256251204632 0.976756972950459 0.646655610174811 0.703372810614946 0.557281185578709 0.960709471752471
0.248156068820862 0.530565810245892 0.339963593864806 0.719768025909312 0.954631275604797 0.397824799488511 0.0858283789214636 0.821540271756606 0.946912570248189 0.64927853514141 0.515238606075696 0.989172311000329 0.377248457944802 0.122101749417175 0.840706263069322 0.99979276658374 0.43756368647033 0.644037940785933 0.961867322553241 0.788849276970892
0.105485276548974 0.571562689218096 0.783941867301081 0.616303703310749 0.0721043934026349 0.368416043863883 0.534917131617523 0.332631206578513 0.839765623768898 0.116835101188356 0.121107780655101 0.965660577016663 0.316080333357901 0.135097458481453 0.357522848941184 0.961977173387277 0.347296829824375 0.759125391503981 0.00498358391605267 0.99997235153102
0.070305992569359 0.591180643398848 0.131481532207495 0.431682054408649 0.194726238306789 0.246340855157235 0.106524749730823 0.228553488542103 0.931669165041311 0.196834058385648 0.0344730271112921 0.0800723285736988 0.0534975124632039 0.116280959997005 0.670361735979618 0.941870168420447 0.218723221103382 0.330989903152944 0.00168176601502648 0.554923540053427
0.314016748129814 0.735399682603066 0.41713020785614 0.599032557192229 0.694092920959121 0.533773708461931 0.0534872452061292 0.476909631002424 0.751411778946284 0.451849068021279 0.07877160378254 0.983553625039705 0.143617886308356 0.132537532873757 0.868761054700417 0.747003026918737 0.481098982135381 0.562950354553342 0.792260027338252 0.960314982659095
0.221584765797481 0.566250949984857 0.640880993088571 0.707256565504818 0.858958271781258 0.763757318147923 0.095736588707037 0.452805586308937 0.519830245880348 0.0418666236363112 0.712619444640391 0.471996267906723 0.180021456484336 0.0966964149222846 0.810710228254822 0.589445990029909 0.401999485632607 0.547362625733976 3.53569144480154e-05 0.00119981487362392
0.263705218650476 0.612938261601778 0.677958524001812 0.576222727365842 0.478793650554931 0.469431911492605 0.108203493864284 0.130767212048409 0.380005177501881 0.685176068243788 0.442627470477725 0.957266423501645 0.224102474145818 0.196879314969617 0.715666325851237 0.795424012034473 0.416756663008448 0.585953206598769 0.00634509706062042 0.992077426322818
0.271249032223146 0.642474155417803 0.695590539255205 0.742652423843185 0.889124517388622 0.645470997948205 0.782304016616487 0.887622752509456 0.845876017414737 0.653136940410476 0.804392918262234 0.996419199090674 0.509047896385232 0.304423435862425 0.916786998611099 0.917199694798171 0.787328908543056 0.43585847598473 0.0132357853332157 0.149444166412646
0.206086711857622 0.635485834905814 0.86015793114076 0.380232177858045 0.199555768535115 0.709308550445775 0.692582583233904 0.720546543911723 0.20658160025841 0.639989853952682 0.300402431197135 0.942333086072765 0.37441377901842 0.149165735105097 0.41655306772707 0.832162999470154 0.82034896954243 0.772828227380469 0.193725893033448 0.99907712898597
0.547647045090857 0.714353880740836 0.901960700209903 0.786403833539867 0.940199287879347 0.203518679982676 0.681774426673487 0.991037002837875 0.452616218316057 0.95022925299965 0.859013625244937 0.998667253289074 0.598047096345537 0.349139607801738 0.758903029549453 0.999992742932409 0.50418894289079 0.878120277600951 0.90747170471164 0.623123818061827
0.313989872964146 0.766103201726222 0.842832105197429 0.586247819192223 0.993421741529531 0.411336937881288 0.505632835664391 0.996421940598049 0.407576410767206 0.946675209441317 0.89439848528722 0.99913141053221 0.701814097670684 0.305933144778805 0.954713250441368 0.995267172668976 0.678942472107892 0.685597830184256 0.112656283766925 0.999947111170435
0.516965689218852 0.682354398578237 0.0981429978202343 0.600532953720115 0.543022289803351 0.893989042926243 0.160545109725241 0.513669190047029 0.943781483983678 0.718727779865899 0.77213311484957 0.999909279224474 0.211496576531989 0.147830419008997 0.815457952968387 0.991347899510594 0.654629344131318 0.691663123894429 0.994454737527005 0.00162444265277364
0.488685220431626 0.723406584220399 0.716371472281111 0.458955263409933 0.914169456647191 0.742205150584734 0.350064890245291 0.891526302591696 0.793671780919056 0.922905255418783 0.574709592924495 0.990447236109971 0.692377034897041 0.207243119198254 0.670882285726628 0.98489105032471 0.428869567985535 0.648688723870264 0.00574294547728137 0.232250957763028
0.62138635072694 0.707650687896623 0.626573037616112 0.796678964043426 0.976391556972447 0.475994163014454 0.185164783304778 0.975513998120982 0.920010130973581 0.674550475050243 0.640095316296639 0.999701659882647 0.705915629100214 0.216023514323906 0.828349934610946 0.999977942272433 0.607086311141052 0.788976608620289 0.992748834533209 0.999994498168502
0.0958056347787132 0.454494589226191 0.79943145923451 0.519469379970325 0.784722415267578 0.466402802086679 0.0539565912133547 0.0447095361324218 0.430811238801921 0.157605365769616 0.11251749742947 0.863256302469089 0.112699417336977 0.025083240411651 0.643550793522566 0.80345141967431 0.393371489169596 0.485290557825353 5.94121746166954e-05 0.820491144899931
0.0316366254200232 0.380246379189532 0.0393953366433003 0.609402350073935 0.0389747716416839 0.0947105396764638 0.0060046568453077 0.124579630929111 0.00734991301339434 0.0394955933820472 0.0593225761168929 0.309574785560728 0.0674265356796897 0.0368964176193369 0.430132552166812 0.733370372504947 0.452814425828777 0.527089290969369 0.984160279784263 0.031782890090115
0.13741299795312 0.441491711449772 0.581609789306858 0.535678880009601 0.074978907714133 0.24783969988767 0.0426292101542952 0.171770545686411 0.0115643421060541 0.210167607657422 0.182923807949182 0.816287603502894 0.152735906539009 0.0504836916741473 0.607567023344939 0.136505555671038 0.409305559341034 0.577656516161825 0.669489757685872 0.034616923525423
0.347936654017298 0.642766471698583 0.511804992418032 0.765859745027496 0.955867322391803 0.926159417018244 0.650455607493679 0.578731847163901 0.849657586343744 0.615651931004852 0.158890036251833 0.866719543664305 0.273722364484491 0.101935095029974 0.426830209501612 0.410973223359025 0.336137252201932 0.374791698777658 0.0534189080308512 0.963578115417411
0.0101308216084489 0.438788327740979 0.0662561900257579 0.73354074567417 0.0196122259029861 0.114206274934938 0.00297138935504264 0.0492140946799196 0.0016278240336457 0.0111308076355567 0.00538026524904683 0.0694210039647897 0.0126137370778219 0.00958995487281868 0.535032662512803 0.00311860481237244 0.372594276474714 0.226039351181236 0.00193191735385024 8.79741725161573e-06
0.513851812202227 0.682884677521167 0.758840036893892 0.819778144048095 0.795840502909426 0.282817786656926 0.516035505866231 0.935079704516559 0.962401213725845 0.885596692014927 0.73746341601732 0.993097301262318 0.352184013370694 0.295836235732826 0.709423191982156 0.910132459250929 0.827300455201895 0.578022032975263 0.88104510651346 0.630206670828888
0.354020743972086 0.633230976858568 0.817422927321621 0.851440196651156 0.540031979569595 0.327091227978895 0.149332014289505 0.233147180467595 0.991760155906867 0.895367477299355 0.435500196153838 0.981332433184285 0.746186007664563 0.185893833463161 0.76934422348284 0.99981268555716 0.614650965352925 0.544644249286143 0.284061715982647 0.994223776249938
0.0495925249079801 0.345320228295594 0.218831196548041 0.517980290003604 0.0768401279340182 0.751314993943416 0.00261380670998345 0.0394895409856422 0.269000930001704 0.0185492711098697 0.00135206759751901 0.0400193923731985 0.0183909279811848 0.0103966948634012 0.304573949019324 0.936550155526146 0.323305911188862 0.326673437817744 7.87000451985087e-05 0.893018462365988
0.0778643703629696 0.546151987098851 0.448159814989886 0.533320323978427 0.503522411249322 0.367613707421263 0.355886867180335 0.0451513033074841 0.703746008713617 0.180952311292879 0.549265886464884 0.74665543531096 0.0900257253288416 0.0803757793747291 0.532612604743543 0.991030302179971 0.359698944159272 0.316942953000989 0.00433302549988643 0.934135530024768
0.165794330740009 0.574961798128842 0.263126120436658 0.445729166130204 0.178534947041104 0.192034169836029 0.24487247775765 0.209222107365273 0.547863500813928 0.859440570778775 0.569131853841417 0.817128047427076 0.0677943539807151 0.188667833441286 0.701725852404079 0.508525583399109 0.566785783063717 0.51107061281593 0.00939884722964527 0.0473024901615926
0.153795647302076 0.633568205162409 0.56220952092276 0.773293095678468 0.876746882089395 0.659252002043369 0.0958741339809213 0.05693791134449 0.889984878760989 0.618666054917054 0.71048876763763 0.982411370042579 0.420190596280223 0.13184678963547 0.715346097876083 0.996471573662233 0.510958476738003 0.36100338619226 0.00182780541526026 0.999597304810204
0.0937451510349934 0.345069192217203 0.212533512007821 0.510176240347014 0.141221485833911 0.411691251869323 0.00694849716621821 0.16139270169541 0.100953351373418 0.0115744338357323 0.00746784731815455 0.198764572605477 0.0352369009737842 0.0203650803344826 0.328347306643029 0.997310979171799 0.421609883306331 0.184090746091011 0.000460353619787103 0.078256728416705
0.0458078022866369 0.520670383311647 0.508815482285274 0.632006331319097 0.00846766893188059 0.20862767561787 0.0465705828193625 0.064691988234822 0.0181498084491291 0.023950030211255 0.201570277014092 0.0566617883074369 0.031609466509978 0.0781767185905353 0.329078897154099 0.748104320001021 0.248563754670315 0.573848913387456 0.000638067552735571 0.00226935911137048
0.130135803604887 0.579208787248068 0.344233332285332 0.526388342156363 0.383188497705867 0.661202626660528 0.538716441380938 0.59379065780642 0.109877353911138 0.257212064183223 0.264271285106775 0.592355181522075 0.23195533871375 0.286992986121994 0.351099497703437 0.916471783933073 0.396053903206868 0.457202131437579 0.00829250666549546 0.360736769099691
0.0846093428906584 0.533799477776307 0.449054130569945 0.34664997938005 0.105613983841438 0.542886020102969 0.0577482074597599 0.0734615976705223 0.0450022325722181 0.094563105401928 0.0285661752954481 0.0930018377524986 0.0300012181158465 0.0274241119215511 0.515669922712628 0.0405644244783626 0.526645872262758 0.205644693017243 0.00158911284976829 1.71120758497626e-06
0.425063591796226 0.694341911967156 0.7093657606268 0.901872244810974 0.981525751887878 0.623417390059189 0.198099737119116 0.847775316284205 0.047587997524807 0.359126259379226 0.670790381282501 0.991900321605713 0.149017595788563 0.169172176650289 0.573586532884668 0.99807773470128 0.72673319140767 0.510125784517977 0.00683931782990597 0.993935990509896
0.725864976891865 0.709650082924757 0.31787155495003 0.598053342491382 0.886892787950563 0.513664862367414 0.696560205556513 0.560720867934542 0.470324316917686 0.938561437997953 0.587628458732086 0.991932028453852 0.324348563374155 0.252933783540906 0.8135658937499 0.875126765061784 0.452424708542395 0.696716037837261 0.703509770302699 0.999992159716323
0.412235251127994 0.690122009946613 0.752020650353779 0.643657158243699 0.896838846545977 0.7725685150593 0.451915733333997 0.717231681730474 0.999471630096662 0.937138449763588 0.576975757133084 0.986958641385884 0.50344172139476 0.326877327462651 0.662062333066604 0.993097286665174 0.586686565604001 0.585345363321645 0.948400669834613 0.444117914773786
0.423316909706706 0.748846986747388 0.878995168706072 0.922786220189032 0.96364646036811 0.426696036449782 0.164870873135039 0.815795524845803 0.950807647373923 0.794281511079791 0.928363718636713 0.989240772431708 0.629763917242193 0.284413380096166 0.635942002166787 0.999696434246259 0.796978020679066 0.638290420892632 0.180001121984834 0.981620365139289
0.0927826742460715 0.666094038612777 0.11135602407992 0.65849319891188 0.128148913101695 0.406820138962171 0.170087218099619 0.0841249624433974 0.846895886896875 0.189122130865539 0.192970743684989 0.996505676655435 0.277353028208846 0.0843018552285225 0.182968729081155 0.873910315211322 0.399516302214874 0.580695237014317 0.254664248860925 0.399934901736789
0.198525838304548 0.536383994429968 0.139478799082293 0.563349628451258 0.699209688748819 0.62162404198738 0.118562172714639 0.19352055787533 0.898795758255 0.555350117301387 0.155640124676215 0.956705549517577 0.297668570134327 0.116704422495031 0.674266951476181 0.738515143068961 0.379391513430761 0.66502577543912 0.114641762150339 0.99065092857487
0.0872530435990359 0.517749397369921 0.922170304264161 0.674594276401981 0.508811984823351 0.604325910854274 0.256068408588874 0.691128229812017 0.728387607588235 0.33144803960584 0.13986390240174 0.889317728444704 0.135566372978261 0.07177328392126 0.395700192892816 0.130072144365962 0.393314538633916 0.536979992375591 4.99685780740513e-05 0.999899873637334
0.0833143623124036 0.410507757511892 0.117024997673374 0.626555455406408 0.055649240184105 0.610211523508308 0.0147129750083013 0.446410980233808 0.320174955027043 0.163309812968532 0.0094557785505504 0.84154674259487 0.0428360873486276 0.0754212079301575 0.32253556703434 0.856958691941144 0.394056407704905 0.306113636349058 0.384745135760969 0.000454257363368407
0.419044505927694 0.577445419458968 0.899752372827326 0.638448896960723 0.900980586521413 0.557862561741912 0.605264642322483 0.758124450662363 0.98363249062095 0.832852423427117 0.96678221662103 0.99584214364066 0.681867921070984 0.408429178378855 0.979823899876833 0.993225098186896 0.912293423465938 0.774474028804275 0.645648861969708 0.195291177024519
0.483817946257842 0.796127207350148 0.893492197498543 0.790486952472837 0.78006792195748 0.69370156787356 0.509077575111961 0.989187496913533 0.985312889799139 0.89208113239271 0.975079087445462 0.987567995536042 0.8162894780938 0.248191437464302 0.950449186450697 0.991017671181533 0.763216252820396 0.754500462044305 0.168768489605037 0.362835027812883
0.471940417724204 0.743725896545405 0.840657469971107 0.841624263858402 0.631387102814519 0.356327869656851 0.209160595721225 0.963154124160358 0.833522271205946 0.952729122482816 0.939257747556458 0.950693407789133 0.721847094404757 0.333358580311592 0.934697989760945 0.971400930873054 0.761497979666932 0.91100597960348 0.444965623513652 0.999993111366172
0.104001757908099 0.616275758831283 0.161025111700242 0.633076091423495 0.415123609532645 0.721742848459697 0.00740813659466889 0.0378514073262728 0.0700040912284751 0.113252673879792 0.0059108986095362 0.954617752304143 0.154687078405315 0.0540413177966557 0.797501723170649 0.963579839087915 0.542995926899278 0.357970524747047 8.96655183563763e-06 9.75250940237466e-05
0.399691827338529 0.702750755533665 0.740983772007784 0.67124049453824 0.961936793832665 0.481208169883364 0.269488801028019 0.948482543376497 0.99882237887929 0.779834805583221 0.965404407321845 0.99588346420726 0.399259609944579 0.444341850094507 0.783210664746599 0.999290064449233 0.420643864839289 0.589891034910589 0.00896142215187641 0.948817905771609
0.271227982639851 0.686849556188812 0.914696529179948 0.724829292014087 0.932225473965263 0.363199879341607 0.148749071051232 0.577703014691259 0.94074191844363 0.385819010402546 0.240297614224208 0.870776211183193 0.221555822993084 0.11727660169144 0.606588182263176 0.747576162465189 0.663609949286336 0.417813111455966 0.00260030559179599 0.203461026257492
0.362966946455196 0.649304443491084 0.275890264208097 0.431303212838552 0.957549331362001 0.257162284329496 0.155187993416268 0.882555251261873 0.978530787613099 0.335133391495071 0.951538292887956 0.997466149749661 0.390785073504873 0.115453375676362 0.835333101749277 0.695383759898022 0.402089252023221 0.621177214581413 0.11294696280201 0.755256564411396
0.261981150200721 0.673024732329249 0.641176064281095 0.605804938519353 0.867220240133453 0.587823219981179 0.292339786118524 0.72111859799919 0.652410919650264 0.855872159929458 0.781590612044936 0.988814118429573 0.532876065820854 0.151319913668551 0.274494774566855 0.679461865494226 0.769304342275506 0.771246204510729 0.356707605102386 0.000461296823569097
0.214316586750785 0.711068928511031 0.797599289125324 0.427086363458985 0.845014561988927 0.410245532249286 0.288886171391325 0.955574899608505 0.211946616362838 0.699575497298561 0.432021971742774 0.557629539513041 0.549772069675311 0.193977010221442 0.839478665070588 0.807902741804735 0.577965019249944 0.542931764132985 0.0699298495477729 0.721377750490785
0.0271764373414168 0.496955123382106 0.145564521932701 0.34465128636643 0.351318454034003 0.839993291112159 0.0320374816274507 0.00987436299865306 0.0165778945395841 0.129835382398237 0.0104299463877349 0.912961115444322 0.1716427131989 0.0561639062282801 0.563400765928434 0.984126496755078 0.285544806830119 0.185902227240647 0.501590321546643 0.999982171403262
0.0579100236538669 0.553721292845312 0.265523290286034 0.546434358211296 0.0664600690886555 0.181425457665766 0.05187991077184 0.0390901068652655 0.410916485871449 0.363627931520232 0.210887432639133 0.686814570603438 0.106097158959884 0.080715836375656 0.424901995334965 0.173039117185789 0.603664061913309 0.526877007151232 0.017680866413441 0.999421791500349
0.020196123859562 0.386011220159238 0.558596202806325 0.547811185469104 0.009211154020963 0.107530159460438 0.0378921671050104 0.0162742571471283 0.219527800726723 0.00855578267501681 0.0380151175308749 0.977823610258282 0.0462680901957612 0.0484914764096329 0.0970608455550805 0.253062221354249 0.2782859859155 0.0793270308313482 4.59700407225055e-06 0.000723884746463119
0.36025781471062 0.766439357753575 0.278419012159958 0.448183573786347 0.689820990576599 0.909700201060588 0.372392320829401 0.976020644002869 0.954285624604553 0.746665386618917 0.833529598666724 0.9993795421486 0.50862833841805 0.307082196254912 0.803665499516371 0.978085606425746 0.724432119696994 0.611832504194957 0.517095287038472 0.578777517084774
0.525412679488838 0.675193882150193 0.611568927834851 0.443253740098887 0.838151126621262 0.561850924200875 0.0931032061679309 0.644326990391034 0.472981147884462 0.478144468010923 0.472673200212699 0.813151042358459 0.546983612150234 0.118195806423988 0.74486040461682 0.96951778021362 0.363247542375992 0.625751524103874 0.053118272612995 0.985851060235726
0.0205354666537 0.427952186050979 0.207504535939417 0.307340611479687 0.00441318868497124 0.0764656019278406 0.00480209824786063 0.00419440893888314 0.100303967844907 0.00473312616246406 0.0034597184306861 0.172859087289617 0.0188963901199204 0.0159808318097654 0.0504724608558834 0.157359115314133 0.374993818154345 0.144607302534411 0.586032012150084 0.000125470848627004
0.0355005560906263 0.380041387132148 0.340185926247953 0.425516442631393 0.0421468729533581 0.504259373754403 0.15447821678729 0.0220076857272098 0.00190318535395177 0.0721728753825056 0.0797890706550154 0.889670656292051 0.048025914924232 0.0224910073866118 0.313538169938557 0.000180128373953597 0.311783335395988 0.177222407039623 0.310085236743097 0.11344447579048
0.122175373177601 0.578127372132242 0.287620063784293 0.711841202179392 0.716971523439697 0.59018845878121 0.0295329826327054 0.5384549619886 0.0316680563880982 0.264703134667859 0.597697117430243 0.521099816914894 0.204752459135443 0.083691106252172 0.797749946053119 0.960036165546754 0.287979573680332 0.348868806639497 0.420871213536844 0.917943661688353
0.0790403973249198 0.564464779803644 0.325507964068787 0.400192465791641 0.0589786105674521 0.185404870123321 0.119599733545598 0.190286551309113 0.281049351947233 0.13306463627475 0.0190492758268733 0.874476179917892 0.125256983694916 0.0529254895875916 0.235307491895943 0.993277013779511 0.491261680949481 0.33018540062328 0.0154643369495885 0.999619363415204
0.0200307556273749 0.494072748692543 0.485925230882363 0.500440308550203 0.158416512009198 0.0642096935455267 0.0269388570447972 0.100083106670334 0.214909791401217 0.0223243978222196 0.0618729838996143 0.480791525887433 0.128461101759911 0.0262537088023216 0.274174895580315 0.105012493353649 0.49991531730979 0.484345359577643 0.00194979811932579 0.00893828348723281
0.154160513517934 0.623419945117873 0.322978296050836 0.654927018763107 0.850552755874531 0.458778269801694 0.187453997528276 0.817773918640979 0.81558449737875 0.710514490035175 0.833655407627762 0.995743822847034 0.519300719928011 0.262030389056327 0.689998756404205 0.745157577560797 0.283639566018781 0.797657779854124 0.914470457363455 0.993267504713101
0.39996341167008 0.634574081747407 0.254060277700707 0.561956147398681 0.884463950237376 0.616230755294643 0.199926008099299 0.84881421003211 0.998160799774958 0.725402841827713 0.945416683107474 0.872394187737289 0.262467843703299 0.226463861165405 0.684873601222512 0.935814260557914 0.640664111239155 0.5841527450242 0.979103519440112 0.898498734442976
0.239004148397598 0.578581378733238 0.87185616517991 0.570557844164102 0.972836463599099 0.685956632895814 0.106339896622037 0.787321432114226 0.921341311746589 0.675505391115975 0.87078506754605 0.991954855098413 0.429232507290251 0.129462359562938 0.708378999275579 0.997068937769097 0.692231395212289 0.63253240077822 0.00109506069170083 0.000658364158893382
0.185867618324188 0.497927455628445 0.415662284435425 0.805830855805286 0.469696427753809 0.265577181051446 0.351648482713102 0.324377980960252 0.940922327748655 0.567181343632344 0.254210623689527 0.977033914284094 0.247484166190319 0.0919114820204733 0.487843313177676 0.886156298075934 0.526726020250251 0.478073608686328 0.0199900318553808 0.999932655482276
0.489484012344458 0.574524020272532 0.671211784981367 0.773877504655502 0.86865129700983 0.398161674682177 0.491776587708837 0.851070189124834 0.762730656023058 0.763740234438411 0.991305664833709 0.880361835704481 0.586812881328028 0.219947879187958 0.887397744534972 0.999869027564609 0.492687140120773 0.819009026398383 0.620011504249658 2.57806195492306e-06
0.0341648502035322 0.406159552671309 0.655393441875482 0.487578416936567 0.294850428238889 0.504112118272227 0.0288968951726407 0.0282895292019418 0.124000628914767 0.132408844339248 0.0212769102935454 0.60260220395415 0.0542952067215787 0.0274339596023436 0.138103702604691 0.91588874072627 0.0953434162651383 0.44484226281067 0.000111168329512078 0.000985476388134272
0.207494067023291 0.658071729837004 0.853817563116828 0.406692046038676 0.38487855219531 0.37677470349639 0.616347846772278 0.572587705613986 0.197374619072263 0.384507500993866 0.530175234552659 0.996015532401129 0.181054449262653 0.125249927351296 0.497100320840961 0.934302816320573 0.243349418324674 0.489177558438959 0.163510213416146 0.390411127147781
0.25285995054313 0.557503851899265 0.441875235421418 0.363162631148126 0.959151776105137 0.336420768935574 0.609909375373716 0.319863490506749 0.974646635944674 0.922132000830108 0.860896118188119 0.97780298380724 0.428293273017923 0.154766346090222 0.855980276077614 0.949283523180712 0.500031170466447 0.48437548367792 0.746533488575101 0.960935336416954
0.0674507195588781 0.47855634452983 0.582808771789117 0.691146777191174 0.901605081197434 0.24908914094664 0.113841967012442 0.319028019724993 0.750474957889087 0.347700300558853 0.254571873705351 0.948682133322906 0.224994033485597 0.0254828688109419 0.679011137122374 0.757691892702154 0.56917729986724 0.257273395216165 0.00318596430775735 0.9999956793267
0.0522256677416708 0.497472130300964 0.105372428791027 0.60564396473551 0.090848874794194 0.509720686482325 0.00408096219479761 0.114303595094798 0.101436340913396 0.0162819118427548 0.0151222525170967 0.61254272247755 0.0388247387945071 0.0324138245952984 0.336686799497098 0.943269082818092 0.323320676791474 0.229651381574509 2.22451200887334e-06 0.00466538779219105
0.0881502997182043 0.56500533276821 0.807060371922728 0.556193454826302 0.448687264132566 0.39825822942437 0.429887703628362 0.166587695106186 0.081940708042465 0.127917859278291 0.172957201453387 0.713413283506665 0.184903833106778 0.0909566008805699 0.4988075325192 0.97414234422093 0.265220091171779 0.256766799021612 0.311963478227347 0.68253763455953
0.192749847091527 0.412345636368036 0.540845550838266 0.59135035842906 0.13500682940027 0.537000922281854 0.0708984508495638 0.259902469835929 0.540243056018349 0.513945842027233 0.520370353000981 0.927752142659453 0.135022115550241 0.113723468437921 0.900349426074004 0.78033569324594 0.56071298672249 0.268417847499853 0.999277225614807 0.997681172095166
0.445343183881682 0.687604568897856 0.696497780885604 0.472665535994928 0.821621309409837 0.541410492082861 0.145915964356463 0.809066225291582 0.694904955676952 0.905799965482954 0.850029167497659 0.959481795754005 0.422327755411557 0.454176437288006 0.852526597562935 0.974932913513006 0.634710951450437 0.726830248172814 0.92845069059908 0.685564359083181
0.223872342634094 0.51464914010639 0.586608897326294 0.644211397826469 0.887445334600125 0.334839109782533 0.113133252562624 0.973368597647708 0.727123292924337 0.324374329283861 0.281387130587157 0.897989298066211 0.155850353213524 0.139445489184541 0.500820499835267 0.970494763606226 0.426967666434818 0.631754248461974 0.00305195599848477 0.993044915781571
0.109947201076962 0.634189735424325 0.224250244636046 0.769327144983863 0.947513985196326 0.513268889181524 0.361970678346148 0.648922317130189 0.801249436807169 0.590410231326255 0.358672163877893 0.995646529759443 0.263388799418372 0.239643416865734 0.716362255262516 0.961333967007438 0.482262591727382 0.566663599308552 0.120834510322278 0.910356390493658
0.63509925565033 0.670390139549902 0.64367464967129 0.543082759194369 0.968568353905645 0.311639115321683 0.0552319788077566 0.792225250550684 0.975673324288494 0.86627831173851 0.974487844493115 0.999753330558253 0.384028832670521 0.241090385564117 0.256090579595138 0.997047856053973 0.432528703696517 0.530561016710368 0.401382587151269 0.992447847736578
0.296523152524508 0.585885632937412 0.796069540117485 0.602201525454976 0.836610637326703 0.685194538665344 0.517299840250419 0.236577410066492 0.97212558003422 0.855975926086183 0.186999587349463 0.844554883112127 0.276542661110709 0.118363561302454 0.852631143523902 0.996181402727295 0.568960903259937 0.771650910945291 0.764573985409883 0.000425482965775894
0.139118271263793 0.532402053284767 0.354242809538265 0.613036620353034 0.114734477961386 0.212024277604097 0.137502001140628 0.700512856727557 0.108219102221791 0.366038858507887 0.292098776132741 0.961111876033529 0.0822556578129951 0.0626811171869643 0.675035583395946 0.303675353630627 0.397693565109193 0.434551882438875 0.357459037234018 0.956165852158973
0.24153290747035 0.574720147949549 0.314569496673097 0.667207053716887 0.477044668963077 0.503815964122035 0.135899547815062 0.403118345247873 0.742235794803882 0.323761110197645 0.384055923395653 0.99800136854267 0.22723760746275 0.266458537308571 0.247609391302828 0.990386702602819 0.665483749056483 0.621150857368244 0.103064045835861 0.961949236958718
0.0698827671876586 0.58270791775797 0.178637289875603 0.694631988265304 0.42675658266234 0.12792130592969 0.0317362615057518 0.174488322926131 0.146668084017231 0.034504719567711 0.0361453684194738 0.423014437909291 0.0946208940710139 0.0642309846535909 0.540267367683302 0.767451425961235 0.289737896322221 0.503514602769276 0.143399289217705 0.00167355464592247
0.127924279407116 0.575445987109899 0.329027230596694 0.441262514305315 0.0566082184912157 0.273705073825172 0.0233761374807844 0.541071367069865 0.298930650410423 0.0301922211689414 0.192237631700939 0.70383325774736 0.0621075232303564 0.0429700422248269 0.606540141388701 0.0868574100307619 0.322404025373942 0.390771916773367 0.00587183945287606 0.995643924672378
0.0412714082306138 0.401355378342841 0.23844677698226 0.643847523625653 0.3295924373624 0.667055493301847 0.0937315976382083 0.0627948811077227 0.699840043208288 0.0455313942823326 0.539423950213569 0.951301109943395 0.0946635955033412 0.04407409276935 0.60103844258035 0.742285419006578 0.281042837377529 0.549009459660314 0.012722864219747 1.85531221343865e-05
0.351889153352761 0.722551936016119 0.335278075261649 0.863101271458605 0.966283177125407 0.425679387129456 0.576646059791606 0.890540983103405 0.882712182604917 0.608301910707797 0.981828391904232 0.472442941553677 0.660725167339788 0.283243838611143 0.543799625969824 0.999304245004613 0.483626538475304 0.80082712675303 0.00869418268820504 0.990171924476165
0.109107769282022 0.454637038644352 0.169811202108932 0.537577100991288 0.0169947499231763 0.100657357197288 0.0208032752322392 0.0160774663875353 0.896804178235189 0.0163151749506873 0.0179143385730544 0.734727166846508 0.0391043608208545 0.0140279580942647 0.628948576351474 0.172149642477921 0.379509163381328 0.47421550463442 0.015056160095575 0.133981270649436
0.168165381560076 0.579664291998153 0.132810318498752 0.670376079486476 0.031162488062004 0.0436402357954182 0.117625702581903 0.216274673878936 0.677017188825366 0.363911126038007 0.155077472903223 0.771110186007215 0.139953692612747 0.0898678512987043 0.330089897522707 0.989587639050576 0.192946120167989 0.158871641509614 0.0129943098705846 0.0106801384057832
0.0887435998998694 0.590212070789954 0.375784835751136 0.569432381681784 0.00788948040622208 0.640321668765256 0.0653681222114416 0.750099795082882 0.189178282043437 0.164333622736244 0.00972176921981324 0.90792898531493 0.0739798601060595 0.0903234202751007 0.887094556077076 0.526785852446515 0.685019385012372 0.708743995346682 0.289471977118761 0.980634180695436
0.393470747590895 0.739635131608811 0.826822351644953 0.771565758124249 0.626201078696683 0.610653423455503 0.549834715773282 0.438025482687128 0.418915128134594 0.734262658701952 0.374837718010098 0.992163392718797 0.361794584233844 0.161886209030162 0.852898287991754 0.999559477510225 0.587736174487353 0.396696355566664 0.0286727428411408 0.104787223908502
0.54739506862912 0.709827268602309 0.921634030442075 0.80683624748798 0.974697835247382 0.331190893175205 0.163627213205183 0.956098322527637 0.431082416598544 0.894805445648921 0.973569799208239 0.998133951004358 0.813903815647195 0.279320090690532 0.83442298859524 0.999895653873347 0.809735266846892 0.812146099096452 0.250063749435811 0.0228827985471578
0.528826028706383 0.707241992723894 0.910120917518482 0.760220976670937 0.996696130970791 0.937284206270849 0.64508604204682 0.961486342771199 0.514056734852134 0.970928296796417 0.991495145935845 0.972321149770397 0.588905658455597 0.315868931351376 0.950106441398243 0.999911817226432 0.813067567235017 0.485807813598854 0.929163542145228 0.996749665384155
0.0794235680679358 0.559263516917285 0.152277179593996 0.522442194818203 0.638904123854684 0.411863079062221 0.00999946287680426 0.0198777362587623 0.517131580084969 0.113049869636415 0.0383610543991767 0.233600678662096 0.0510881758810617 0.0919290950289185 0.421304849464049 0.451870427692449 0.208717067405808 0.443535656730239 0.39100523637167 2.95931406327318e-06
0.478363108679433 0.774713720509469 0.760450985902326 0.746770028660484 0.99027214712926 0.263421995836332 0.546017920364856 0.991543762468377 0.834526267818845 0.572420608872443 0.657754805799046 0.999810021488808 0.644351516992642 0.263947113599234 0.846730360003232 0.998855867013154 0.638175913808112 0.612953176080272 0.847885330843566 0.00540136572055863
0.192092910230298 0.718852414544496 0.252191382790109 0.522844017591567 0.67431670739363 0.808805009536363 0.603800936312779 0.686428661077041 0.62144196051915 0.798294355163931 0.931796498700833 0.999599869959626 0.369307687505688 0.105325140363066 0.320845566526578 0.996901944015832 0.396011972180347 0.725784121561154 0.76583726159592 0.999965251449109
0.419029820145588 0.666651456737033 0.773953987179061 0.600410512240027 0.977129930412986 0.262878188369465 0.333768894067989 0.997060249433654 0.979030350965375 0.926527234830653 0.943378800264683 0.98410084970317 0.467222945548986 0.326369207876586 0.800311272434102 0.950938638438333 0.655253638371926 0.143061610062963 0.788880003429754 0.0195631619095791
0.114731426543521 0.468695880877363 0.223900531246247 0.599806641071761 0.0769642126791338 0.589905362505818 0.18375234121322 0.609701738863454 0.690846064800227 0.229000870013754 0.178395906702481 0.842786489071124 0.282592088097105 0.136640394282965 0.768995216661478 0.704604319047028 0.387906366523953 0.47514289450199 0.304206276366507 0.999834904206465
0.298453479723561 0.599077946850296 0.946158346035529 0.733858529866191 0.316822544806311 0.696751852595355 0.139367670930322 0.0873253978682063 0.947611484379446 0.670142582487635 0.667468686661611 0.922693500573687 0.477672063768539 0.145226275506143 0.938821206146316 0.668935889569981 0.392651814158226 0.425825599753832 0.83676376228113 0.0161528117700264
0.143884808215167 0.47436209048741 0.391258625914909 0.670833235681069 0.306979562038662 0.343124805885726 0.104756318971663 0.567608923893473 0.505402096912487 0.297998510716075 0.0239834036440689 0.613971683126276 0.220198728039734 0.0860853538368111 0.935301656273026 0.979881515102563 0.421241759415986 0.339024333358715 0.0910655907701963 0.00992110559030545
0.627942335290444 0.70760235898089 0.875181125950033 0.806371243358684 0.65973937163167 0.39072408198017 0.246368169159636 0.972128375312371 0.843808099883603 0.910644921212413 0.968732943061793 0.997374079479535 0.716761800574434 0.260376826706288 0.935407199476602 0.886778910730305 0.357976542860614 0.704701515118403 0.92802558494412 0.999999
0.758219525762043 0.75998364040882 0.96792022343035 0.76301008688359 0.997645805467677 0.219939580322716 0.895087985447775 0.930343912305821 0.969644088212214 0.986956913328033 0.987566870450636 0.999341192533537 0.649914904606982 0.485036601313304 0.967246214122809 0.998767153822212 0.765929862902698 0.779062991489463 0.999622717461415 0.951409239547683
0.0577699089772883 0.493256770807292 0.369402791765594 0.306659203632145 0.248539692446381 0.163592596688085 0.0196981225860619 0.334252211691492 0.391487048300694 0.0246805873482411 0.0225394746913976 0.960627231372936 0.0663808047572215 0.020653259309459 0.448670937738948 0.136658768493451 0.379097149857765 0.306478496045829 0.73238361849495 0.0918699804488684
0.450399001062058 0.677563782328892 0.595480060468002 0.725218485888497 0.964124326160206 0.1373141021495 0.219048882159164 0.949614633466844 0.970394552274171 0.755019982660423 0.807421781863107 0.998285926872801 0.630422481376358 0.29954807030236 0.794534828515414 0.981741688047446 0.330030674840404 0.492159246563769 0.905556312464558 0.999687431231199
0.0615792366862498 0.378247259412189 0.523758111151328 0.694026600201656 0.0401366117059137 0.124594946946055 0.0296394931099348 0.193121208511767 0.080654683230469 0.00884662407083049 0.0334120258064829 0.659218508887469 0.0973999765851627 0.021518448814067 0.237007646067193 0.304932405204145 0.168061072399914 0.307778960998217 0.0575173176494094 0.000156469051348995
0.134157424522634 0.420221931620896 0.352797007316305 0.217226152687783 0.122967571067704 0.0597267153713452 0.192557579111206 0.161198576477598 0.902713002530156 0.34284595111896 0.363122827487646 0.723516176949441 0.227230320549087 0.0828013537519495 0.674427493137712 0.814357252596735 0.276149159213115 0.487521152878236 0.135770290247044 0.168875127006624
0.702318286928514 0.757785231636486 0.853413749096305 0.672306513930051 0.577439463994486 0.817155244063591 0.224176321381471 0.626415262935438 0.964610359974919 0.863043993341268 0.879814518397892 0.993761898052208 0.565962076507055 0.579269842468892 0.971144893014275 0.966706257834969 0.327779130391452 0.825360942948216 0.899175621344197 0.0661522003135259
0.0404281988003794 0.404458353059136 0.116107598789012 0.604925139749819 0.0476944196767596 0.37127604724979 0.0406930414039089 0.520435219754668 0.0428538659734237 0.196804244928497 0.340824500754535 0.580975287990855 0.0531135358467321 0.0657448804064911 0.123686643957554 0.989889734223332 0.339481576452157 0.378541167693626 0.119664740681679 9.8430123812112e-05
0.0312161035470904 0.560858123124906 0.404873160017156 0.647924268349469 0.0736633204894111 0.14437370267573 0.509817893936648 0.13979221139923 0.616767180431661 0.0785780692746067 0.102203954775839 0.705594325453233 0.128598493918759 0.0542753395323033 0.692846038245879 0.754562549720284 0.522550202123302 0.585763686795851 0.498786924488722 3.26704176880559e-05
0.250258653256744 0.525941349746366 0.439889557472367 0.709407581702614 0.517894638412942 0.701882905168739 0.229862266618811 0.366662935879386 0.808389862109682 0.361703148570766 0.391370141756523 0.862861007623727 0.141109224346903 0.105385348747598 0.748775866998539 0.993650350786099 0.425619455998371 0.345700939990762 0.759537413991826 0.49064537390745
0.450828036760588 0.7195891897744 0.830289894066791 0.669766097450918 0.585863894539021 0.666424747789427 0.787454608643138 0.743681685672039 0.961114036251126 0.950753577339003 0.960193745631385 0.996015178760535 0.717430262306035 0.312297781881638 0.63930326024635 0.996953391260321 0.558156861868054 0.743312342216317 0.669683114486273 0.689997082555676
0.19310777846101 0.549147878944126 0.38292774719387 0.658686571938069 0.582073620433223 0.366816138617737 0.272072955725381 0.93863034160034 0.552417575427416 0.786870569830461 0.0821682227504622 0.985749463773116 0.260670527243198 0.256573261574759 0.564934260986422 0.996635884993807 0.385867487659383 0.419939097536537 0.270831363753163 0.134000131711741
0.0789521677199622 0.497884471861532 0.501060743834329 0.802344103169781 0.104924215262684 0.20679925118245 0.0358145607883809 0.292870970865486 0.519234959758357 0.0573430731085663 0.0721417619445938 0.811806732089995 0.0362434116419272 0.189738103290806 0.379238058055213 0.980944312876149 0.499821774167335 0.317961385808797 0.00623179844393754 0.0964032786698306
0.276609637243524 0.714220956336671 0.873125860417459 0.635391081449805 0.729742762870631 0.618847285610684 0.275098367761666 0.855697967098411 0.319056533597463 0.67841350820619 0.901008533725345 0.939522056932515 0.45352841705191 0.243284663398846 0.937448595993497 0.86754576823958 0.496017677836795 0.904441949308624 0.048487839898666 0.99675522237805
0.0298603051271466 0.496286473533705 0.72377845752673 0.710284532890297 0.0437827582614898 0.499691203652736 0.0189602461960526 0.0163318653973342 0.697250759389407 0.156849999683797 0.043066144632946 0.253566422236503 0.223843222731181 0.0914919213747753 0.54382773385966 0.506159859521863 0.454219189557007 0.680852682112416 0.0496150619839174 0.740826927174726
0.266515377894001 0.731844922139437 0.88939647555529 0.538997403950375 0.961362093099576 0.788373871649801 0.843788711689215 0.859182098241508 0.996250851717229 0.916703599600356 0.90765102829699 0.689336017308691 0.536645613318765 0.306384119201639 0.766157936031738 0.999848762855006 0.564843479974432 0.626669881323587 0.970559259890798 1.66046416077635e-06
0.0358138858714347 0.372844417562895 0.233057023891673 0.529056471937512 0.00415172899705109 0.335215555377349 0.0737785681197275 0.0248005236662022 0.0308845173938821 0.0150502244296085 0.00240506034773401 0.0650519665431734 0.0196147975347226 0.016690942648965 0.357037259305185 0.344647768779696 0.415110244513788 0.252028083357083 5.83072559421179e-06 0.523765129248473
0.843699023249751 0.701639016844186 0.907197717607566 0.771341796736124 0.932434514947675 0.231869904203794 0.257723055488244 0.980337749508728 0.9970370124686 0.973797900628392 0.995936176502685 0.994414515241575 0.463185404735161 0.66069029191322 0.897385653610157 0.999521861176822 0.922840147145058 0.775538808516148 0.374452412497461 0.574112807657438
0.0550942760410067 0.297235024966912 0.100276267246166 0.25241973488181 0.00912691150896486 0.0368116142752243 0.219616510709501 0.000468312091077066 0.200913335238135 0.00979599113751592 0.00205652498892598 0.712029555050002 0.016425711187795 0.0175829904425716 0.0930407522202239 0.0297219362840238 0.244419962498052 0.219865239557034 0.000430075739581785 1.12408322659232e-06
0.409432370272207 0.662734184383003 0.370664700952297 0.723787489877378 0.950905812889224 0.419505211182356 0.403532623953397 0.738515744874153 0.907124852988657 0.59987820706075 0.8099861269904 0.815097695753074 0.493106447863162 0.436685640281002 0.67429857108478 0.99894369722661 0.698249584566296 0.519754504695375 0.395657217181982 0.911418812909441
0.16461415706725 0.68679187063558 0.721053270718523 0.521093484611568 0.779616133331178 0.278499656467782 0.0757128870357449 0.943024834970882 0.328404256856773 0.647041489846718 0.50482223052702 0.583959857194816 0.274845036033985 0.1573857923314 0.727933284025995 0.556893085011481 0.456143412460319 0.315265315884304 0.00279630667090895 1e-06
0.605317580869488 0.707808820613151 0.719887824470538 0.686473677972428 0.99030267729086 0.330964435125199 0.33157166910196 0.869753319341912 0.248358631313731 0.664232320764265 0.925514949723863 0.994324859887701 0.864620055796438 0.418410149828817 0.921500988487775 0.971665055226715 0.763201504138919 0.721070167412577 0.704457501397496 0.288984162652038
0.0149290127681835 0.346925010333642 0.102804613581433 0.375867933194577 0.028200402700223 0.0306098527441361 0.00526545609266317 0.00317670312120375 0.0301683793790615 0.00453348004713185 0.00503662056065396 0.139127026043151 0.00556189694876566 0.0186258139766343 0.107822610607604 0.955698465461947 0.22336797582552 0.198489603867351 0.00141784586506994 0.0100781224278183
0.690637862474853 0.782541176303385 0.876714082781195 0.672925254836288 0.989292359283443 0.690440655320921 0.786364667727011 0.971493916640481 0.978293630646194 0.884637074671306 0.915773271458872 0.941723870581708 0.686801500706552 0.421486319567105 0.92313139291814 0.999713677438148 0.704216580549504 0.873252056760882 0.611309148792164 0.999990925836692
0.162561603713356 0.496212712834415 0.84823270852768 0.523950901161129 0.032699803060754 0.155744823067983 0.170978540938101 0.839691664843419 0.0591645849593314 0.0115107677121316 0.0528470700403727 0.94768857859559 0.0629597324394622 0.0756855835584786 0.601905909131761 0.989709511735748 0.229916380564285 0.243893275588323 0.000156192615093308 0.419686949174065
0.335538607452228 0.610428838883505 0.491748281364523 0.835462027188806 0.930191247112069 0.85163152952698 0.143442173751897 0.909378524975719 0.203313308510779 0.851080847571154 0.795527959694182 0.996389621439844 0.77321070679222 0.19474640914636 0.845486597775897 0.996516167670748 0.868091335147397 0.838594364537522 0.942882749448584 0.114272980170972
0.364523479863948 0.682226307871956 0.770992278806508 0.869266781558834 0.629644793365936 0.654444238340704 0.377389161356807 0.891524260919723 0.497883419694547 0.957702027893492 0.536275514029911 0.999526057086515 0.343016617956664 0.489949534429111 0.737160126600424 0.998327091440785 0.681306824035193 0.824703423030352 0.000429638082801269 0.822410601176001
0.154473577458181 0.709571233574267 0.587609985811847 0.508763601830225 0.961137095668734 0.714720630038614 0.0510167384266289 0.7854896290011 0.466400787399456 0.428748416628568 0.194827365119683 0.989816283452977 0.289408321382489 0.129564044008825 0.618958351028963 0.0190801406615378 0.338389560916552 0.632728486957015 0.000508877970979265 0.991663667681301
0.581464588466911 0.541305681248191 0.890174762408898 0.522566157734155 0.876933552228688 0.491064423451233 0.203673799535082 0.841655569101136 0.790915501467544 0.674330745614041 0.916777547649796 0.930984250022955 0.626491788678861 0.110104812569121 0.839759928008609 0.816796784330573 0.400650348929347 0.556281380585875 0.743435250436027 0.158304785647465
0.0432067220390414 0.563292118123246 0.185150706601554 0.751562945651749 0.0994088117688307 0.0877690801090372 0.098614662995578 0.074395581677495 0.594896853956837 0.132545270749893 0.0401566013487993 0.543116531974411 0.176590491251977 0.052651099841961 0.177732853874441 0.800057566025301 0.322643356732854 0.194207241329533 8.46635880407132e-05 0.955962334526442
0.232174909501547 0.674763164625561 0.586771718614989 0.721735470007098 0.745736144829767 0.324493028878665 0.172287240528037 0.738833232415525 0.619510646384726 0.173282004387383 0.389742397579652 0.916658658351122 0.2766300050528 0.198465441078592 0.849211303023654 0.959465182192371 0.412188040193228 0.58306707534119 0.890999882911598 0.522138001976708
0.0554486485824602 0.506333822669758 0.435699848483702 0.705086747969677 0.263238613815184 0.107339587879657 0.201193463128805 0.493441263603109 0.179702743576765 0.3296193821151 0.146564530903536 0.478384350819843 0.186814873434042 0.0904904024656886 0.217572833538132 0.89824905348936 0.506639058201814 0.358384122842053 0.000110027281178217 0.00140776219283151
0.498180271488646 0.702409846816507 0.96445704615456 0.749772045798767 0.981427641080221 0.234388813095369 0.721293220498991 0.969360828329081 0.998250942107752 0.856068466698602 0.942165140479375 0.862915896368706 0.789821503797162 0.363783821772896 0.935704974160874 0.997187640715444 0.699368301023147 0.692040720003331 0.715236245154033 0.574186951626893
0.0239481824430114 0.47865208151272 0.10721333049256 0.48515992372035 0.13838618847566 0.465028734636915 0.0388973751717277 0.0190858074514994 0.0418430884616436 0.0260580302002855 0.0443627400228766 0.663123815237702 0.0246145577138141 0.0294355697059042 0.140796714259739 0.614006867122073 0.278646014328355 0.280475901493448 0.0769588203393347 0.000109170101028103
0.420861964893272 0.678668419439373 0.649281613509495 0.658537137377576 0.941471629170241 0.715926494283586 0.512746766902293 0.818298094026825 0.793028502617469 0.783094343717602 0.934474050581993 0.946731608051765 0.546878056123243 0.302449903082939 0.634138813648805 0.852138543435679 0.655906977160147 0.743087278226823 0.786262166892833 0.9995732923184
0.869701903863311 0.84006042309853 0.802691412320179 0.603203957996316 0.998553906973885 0.82608947220714 0.932642581343932 0.996239934732877 0.971963653449034 0.989314914964382 0.998097119558114 0.996630885716396 0.827910289366396 0.53865165440865 0.984925871201828 0.99920752391535 0.736852592402094 0.933567820881958 0.999887815736391 0.999557071631131
0.305908481330483 0.733662305449397 0.934976539111367 0.470875007421736 0.876727373253437 0.335042593433982 0.530976308090714 0.939826872577185 0.800812669770622 0.824960321074447 0.776958058761987 0.991092343328112 0.553476586389634 0.200043095875171 0.73266190592828 0.993560022080113 0.640911357012752 0.383770194228998 0.439737543382075 0.999981617234642
0.173074699889954 0.496163630305627 0.354262416861333 0.817664423447885 0.508027831757507 0.0934926548743628 0.143462447973354 0.277137316433702 0.962633653283377 0.14217552813039 0.0878013533032847 0.931170606008319 0.184543406907023 0.0744291389280006 0.485723972280536 0.501204569740896 0.505323954562336 0.317908828638149 0.229728900297035 0.0146737889136511
0.0217537769997861 0.449892062185422 0.0693445902246293 0.378992441194556 0.0192207241996262 0.337807857122761 0.00523138544789927 0.293643799532449 0.223920525469485 0.00344147744706298 0.000477183356351237 0.974395018401402 0.0120368956518186 0.0122898171959084 0.125455166557327 0.0651410962442653 0.374935875457002 0.246805585232406 0.000118944999201997 0.91624980897807
0.183615248373701 0.613508811192124 0.492278266483173 0.499979735847557 0.466063298310088 0.392715714421445 0.0254699162664947 0.654561756888355 0.890930052442813 0.171257728058694 0.0721292599559202 0.996793383184088 0.374337884552061 0.143645845562116 0.573995407813551 0.573850542367543 0.374432467973792 0.234603540529497 0.293109848789238 0.244463912437257
0.033749742905718 0.485913403959847 0.337311840782619 0.497991202915996 0.087534661282138 0.472408011031591 0.18062768675759 0.00572544451005541 0.0756625618527356 0.0563949359238475 0.0594749534990429 0.374826892104973 0.132947516632641 0.0184577571290078 0.175712182901345 0.858349392340438 0.24869385820537 0.409762703175754 0.0696170021047858 0.00140915149041039
0.137684351092708 0.490726217405763 0.448675380302073 0.807087054253315 0.747739844038407 0.461729965180551 0.102552865601589 0.0461067489133758 0.990228633720237 0.663987639619868 0.348964244282184 0.94663954151775 0.439092547202242 0.0834595487847152 0.960343060917167 0.991777202204131 0.601572938620536 0.471542703069566 0.029139988793933 0.95728763104506
0.167043091763459 0.683601853477295 0.814603222009677 0.654105216883313 0.413727648433818 0.474057687236643 0.100929692332911 0.248527535128184 0.570017282817554 0.263143131284359 0.626446268224618 0.868051813406489 0.281778136775968 0.162257218177815 0.611892180931754 0.999170075236125 0.538684719811963 0.719777306732506 0.0037339935518064 0.00115217660449214
0.296717681498166 0.560337284007427 0.397033155654032 0.521630804216208 0.937058191266152 0.629420538713439 0.101135838009109 0.896213715446927 0.243309526297437 0.753584492493728 0.764145078305128 0.986968385171037 0.258117086245696 0.153280820634968 0.621641345214524 0.853346647077203 0.664502625292734 0.55428474288158 0.652115199211882 0.208211168330201
0.672165506609903 0.73782457280326 0.889157854040107 0.571018606190441 0.996882887036079 0.869059239839011 0.435685360484489 0.926564422293577 0.999256823018485 0.964691768194074 0.989375944407968 0.996859409570249 0.645395883161882 0.380856614292528 0.967288465830998 0.996458673641014 0.729895938987308 0.743411865500311 0.945914580830545 0.678808558350746
0.730925533392447 0.713125290091451 0.725930961234655 0.506744772669636 0.94800675215172 0.519369026136157 0.663313081950156 0.977972488847832 0.992479417353985 0.819314334845041 0.98734514704238 0.990328379803548 0.210816180191992 0.38667895343818 0.896216451596663 0.971805899290632 0.556271316250908 0.816629682018198 0.981048770329349 0.999994814046294
0.114966216006242 0.472891771145235 0.238813735227 0.545141133127115 0.0855680059103771 0.343308179343001 0.0308036223294083 0.166649381568874 0.358015778611966 0.119125847294027 0.163104100001684 0.820678553309812 0.0334252588128539 0.0629602873165474 0.583819780006829 0.822677877870475 0.300830603544511 0.611844749547181 6.82214265414739e-05 1e-06
0.0293463690672726 0.474829484952092 0.16086749900984 0.786917759743405 0.231153543042201 0.592578922135655 0.359175156146561 0.33654780342182 0.549246484625594 0.261283837544675 0.052100468688686 0.988191872833073 0.0645571415472787 0.0966909972853201 0.652716533125528 0.953882025166647 0.248230808733631 0.274430193417297 0.252929454513718 0.000271768904341932
0.101514724233941 0.698619774462615 0.508038017891937 0.629907486163471 0.0448324960691669 0.508473777516175 0.0534222555453435 0.041756950608846 0.0940442661208873 0.447294156239721 0.30333490271305 0.95349851568725 0.282529950246045 0.0695302785940798 0.667631704371601 0.811852892310976 0.552487015993157 0.601972006858875 0.999339956898303 0.158246064557271
0.0614210613508179 0.466959241773648 0.216880792799177 0.776192172497004 0.0127340682914601 0.534572032462059 0.0837549407604682 0.174809198176042 0.672064354880348 0.0544702962078676 0.030020573742418 0.890390741175077 0.0275984646152065 0.0254069042192876 0.284585596903628 0.520936941863797 0.20367016249979 0.459620207558963 0.735308892773702 0.789302646099862
0.319645424091003 0.647736581218381 0.845717834610201 0.713106068950655 0.68880977524712 0.481321950528379 0.1542995892583 0.264376585099716 0.671815079212224 0.914881352540968 0.747813029779059 0.996184097363888 0.351044919660524 0.237118810207712 0.642242183788584 0.99953230415731 0.747149460746238 0.556879704201192 0.0317528223257953 0.981303244733081
0.813851622292354 0.773418757135316 0.938324633198041 0.72758823403446 0.989477864195392 0.763998734011361 0.684479287293103 0.886889125286632 0.97204350005571 0.991189644800188 0.984289908847138 0.999596797396272 0.915618735074939 0.618800278692475 0.882493077532273 0.997082478808628 0.612329387279921 0.979778346155298 0.377693224517428 0.999916227752193
0.0697321955093244 0.600107587260844 0.841996386095632 0.638506779996911 0.279977481564625 0.66428887714542 0.164459151112842 0.536388868535291 0.483533070235875 0.200558741508843 0.110502611757839 0.575408232698713 0.0684071999630501 0.21177741348779 0.409818820802045 0.456525987360687 0.305212090735427 0.310455618917735 0.444298959832108 0.337491574381956
0.0450572786716757 0.594045084518192 0.376717941317736 0.566170894863186 0.621811540028467 0.173572702623982 0.0212605627153208 0.233039176484469 0.981879911041893 0.190571087838958 0.0542557226066015 0.146046234006522 0.134123432963384 0.0636053906604904 0.230659609665474 0.279488052346116 0.74754392744277 0.474407734905303 0.00126657969091615 0.00108598939293846
0.425806263364141 0.695739234527448 0.410660878757467 0.59457172371348 0.955572887950356 0.248278756491286 0.316472703139165 0.862718616098768 0.919576410262977 0.597321886778081 0.637152953940726 0.810976527423339 0.346741146604719 0.238144277727844 0.90593530311257 0.879379432665155 0.528831521497731 0.563397113694609 0.972488743516729 0.000351093963046514
0.321754110356957 0.648155000984079 0.799323308459766 0.730227229381193 0.933426317751741 0.293258578567991 0.139795091654995 0.847489614517865 0.548084163602074 0.753724899240953 0.539288444816671 0.995769285577536 0.424064480462965 0.284480010407955 0.586862765935309 0.98365186710354 0.873154439168194 0.767366150758131 0.266327959891367 0.000787792756535806
0.84872751314658 0.763340719362566 0.791791145466984 0.775257779224739 0.990330952772221 0.832148604511728 0.896043000316661 0.913491636649082 0.995165070945454 0.994677853260413 0.991258476754387 0.999905266702269 0.901617094042832 0.563557016596408 0.974600309876751 0.99992568982284 0.701567381036331 0.905807628458924 0.731432600091098 0.707488253234728
0.215937243515473 0.635263154071251 0.401350419335421 0.472070551086918 0.844934603845845 0.368830434985845 0.0793301618402587 0.737765317131078 0.839995954563425 0.611505220166501 0.443948578904698 0.997918883848716 0.240387264597361 0.101096961629458 0.595306848354979 0.101499272331305 0.377319526666417 0.515161746843726 0.440295069303085 0.635096492917937
0.0965601661616137 0.617683697697057 0.585067411872568 0.628384213470871 0.892680706432796 0.251119057631846 0.0365160597377361 0.0319500056070839 0.879952875462735 0.261741287308829 0.0486496606281599 0.996459819728378 0.0479148725437611 0.0983746994640228 0.603123130447042 0.610631439927594 0.0908909269763768 0.531592696512989 0.00142950268009648 0.0852305082778188
0.335692280885688 0.578184845622418 0.706375662307269 0.546378968237293 0.611885880909144 0.335087187188698 0.0661143087173693 0.872485973910476 0.925348380445039 0.668871757608101 0.959470805485654 0.934841466177364 0.631957888722239 0.298368709717553 0.447853782028752 0.941340644376023 0.436821741902206 0.916228328798236 0.917225732779756 0.38929546206394
0.263343700730823 0.63374867510044 0.518187560969915 0.780990310664898 0.929329835471453 0.346494811447301 0.530500457765073 0.963456803453397 0.985404349826415 0.747894579879334 0.843245862562086 0.999967493288259 0.425982527841751 0.33688548124568 0.717113174403713 0.998122893122846 0.523545243098187 0.790307322331296 0.0797368996225627 0.620652337040883
0.315265050669622 0.615022463661272 0.874332516843313 0.656807903484158 0.716772288788198 0.483015744889798 0.305787799271002 0.944350014620758 0.377452059057752 0.258962866505405 0.599320966739433 0.990073367081579 0.423609652646673 0.2128145180786 0.866300881418444 0.925754178396345 0.474291730893217 0.390122117814249 0.0408794774741145 0.0729116563822527
0.00963980580913405 0.323893212720529 0.095567951414858 0.315761793217453 0.0187558766148026 0.214825537974276 0.00654013795426636 0.0160116789356548 0.0461464503814614 0.00715549265834441 0.00629242837133219 0.415196734367229 0.0109578441450373 0.018202571923828 0.0684130750594582 0.00311154867025889 0.364692760730677 0.188294357478821 1.39420089301372e-05 0.000204844702783644
0.373386911844961 0.568532956771759 0.578286799372556 0.736853696159296 0.303322106164616 0.804987917227947 0.126243146664064 0.816716333620438 0.851345744938544 0.563379646697694 0.817503962953833 0.977804806359757 0.274677617078411 0.0790381385195699 0.547328115575771 0.827274009708572 0.61405166084552 0.864161105904931 0.00692012201890462 0.999963019733822
0.283578934241391 0.780514589345209 0.470716536943287 0.567986729406297 0.864373244439171 0.455525835153297 0.303205404865741 0.32102957482021 0.998023779761297 0.499502824112746 0.623545038731042 0.999559431851548 0.5856346266208 0.0901044144853192 0.736872527019332 0.99618448617 0.245717237929597 0.204849410223776 0.892840961136131 0.99887439062859
0.0721712328505495 0.492105722018391 0.253827101226389 0.621531642125867 0.0494300108507061 0.0957041411430904 0.155853671797108 0.0151888340754991 0.183748945138743 0.204546402363498 0.0878630779727098 0.801648173737135 0.187291785830282 0.0403719509894584 0.399608902715606 0.319150549487255 0.446052654646711 0.172024638356235 0.000274167202690274 2.6879464621981e-06
0.748989185229829 0.767213192871534 0.866064600058714 0.771996777850909 0.73579657038976 0.807461937831323 0.0950023044775658 0.850034254805575 0.969423043930039 0.925034481458688 0.98016515499879 0.918311531657142 0.792124731099531 0.474931425714353 0.856213689971972 0.999913706475096 0.5688383481897 0.7021890790825 0.000601092445892776 0.764650741464346
0.131758438223102 0.697851260002978 0.68075612372755 0.662038970576846 0.240422364100283 0.672939057096755 0.0320250708309269 0.281683209416114 0.363050725884847 0.458719934398867 0.774816257918981 0.551170372247486 0.181057087091407 0.0311347852044567 0.661875750860869 0.423150020185439 0.420601075115035 0.313758340051522 0.00246898963438501 0.0523490157966591
0.150427983925401 0.469579188854253 0.882505156372972 0.44286201239432 0.407198617638201 0.169065619900504 0.1386338423524 0.706987077481629 0.770459201871271 0.414400582469017 0.643052340902877 0.975365752971516 0.306327907088296 0.175085909152379 0.861397273514536 0.986531323667163 0.424489242959068 0.552326834810305 0.00614656132896118 0.508218722503377
0.376995808129928 0.562556475341753 0.420783190348842 0.799872133629854 0.56730435905962 0.0722187706517464 0.116274946865776 0.884723326606827 0.28705710629443 0.455201896337272 0.650595428685978 0.950688838868671 0.185980691422716 0.0696572101887401 0.545405524735717 0.999213918807315 0.298976790119128 0.242952183139525 8.52328822568298e-06 0.000212991826671375
0.0880261044687951 0.677195746013054 0.474980074218353 0.672762189872999 0.539206044534553 0.320593791178141 0.691382772977081 0.918706711138889 0.979412811466823 0.826249417796211 0.203937184500594 0.999343137076178 0.361991243841358 0.164593533296603 0.817487976795706 0.958542912103809 0.375799722933302 0.510221014795805 0.999523963538405 0.999999
0.225643134689187 0.745704487422069 0.540767182399215 0.728161307950523 0.536106407494987 0.67478286881421 0.195163547428908 0.48978503170129 0.870965722553272 0.471401969197175 0.339330422168913 0.736079230303977 0.298792537858861 0.220015404561848 0.428535460500701 0.281735713401167 0.545669766128581 0.531296629513408 0.900990032764486 0.281062200852314
0.605545460545519 0.793503341012635 0.612236114624787 0.834834741781201 0.651573313421904 0.283996649810497 0.234435692108007 0.724338285858846 0.995654852097184 0.938641523335636 0.981607593174586 0.994781928973551 0.303536167002055 0.633583519538676 0.79032030607569 0.992280213084882 0.697963254053901 0.723346303459291 0.475533895439732 0.00638226122583676
0.523431066009832 0.70347215655443 0.649430344877996 0.765444230583665 0.97945201502071 0.241615638455702 0.341372919844396 0.862047926079303 0.650497030758051 0.921923174601082 0.971168263296962 0.993152707061716 0.463166208019685 0.50138617338312 0.874869344842696 0.99327951171046 0.880133240029776 0.577714742705805 0.726646038941479 0.726362335753185
0.584621706942088 0.591516507143328 0.413826229264399 0.797461467402482 0.907858968787439 0.635451411370164 0.2743530431597 0.976674611336913 0.944765458257565 0.750176090728218 0.684531601056243 0.889752504145876 0.333235067708174 0.412978484302383 0.884734518434261 0.905147905412261 0.535446842918633 0.66413276769989 0.111459086324065 0.163736625407311
0.290238229109457 0.517911996446716 0.674864654330976 0.764140795097495 0.835790354504943 0.556304209644473 0.229042586823352 0.417232331991609 0.363482769476312 0.711154211136918 0.87230413251027 0.867480612024372 0.220807619263243 0.195020678152265 0.421517799457506 0.943189996220077 0.0883130334492558 0.669375798058634 0.00155146080482967 0.0714138425635385
0.213979137047324 0.650964088205619 0.140569179979181 0.524883576482509 0.693662009742715 0.509171751590306 0.380912003793126 0.811733594890273 0.933237587434305 0.802484113955928 0.585163599283097 0.972687204615062 0.854884676776257 0.188046805602274 0.819603097038723 0.999199754734543 0.319735479455049 0.732791065104681 0.0497214107309536 0.0582494073487132
0.261524119665748 0.650640129074186 0.906335038761631 0.314817467612247 0.935476650290461 0.721249382386609 0.319858242554113 0.992793768896776 0.968928792883109 0.971957322790095 0.721185842647828 0.9437736447687 0.534515014113816 0.176604085090374 0.839508061920504 0.864494217370303 0.716767487583263 0.732301567752305 0.929171665759205 0.9995849443615
0.145912790226468 0.715174156053969 0.400594640383543 0.55090017979771 0.726331424240613 0.398312574083463 0.312626974537704 0.396641928167305 0.903263081764473 0.518881057214592 0.550398163927294 0.866483865223476 0.178496124547235 0.117581416487464 0.864801111071481 0.890691744639819 0.390372887827157 0.347111647640818 0.593915473785759 0.00188394800382038
0.297550913783595 0.536572902007978 0.465261919201627 0.460282916848165 0.725945381218348 0.50190991018106 0.0310595871808653 0.363134474703922 0.954613320632237 0.649465939555423 0.0621573389593069 0.28455937431078 0.115264049163323 0.106404983014826 0.472569640094295 0.181362252145806 0.578432394982806 0.514554822043707 0.371448231442642 0.00217720339604889
0.789854538047979 0.835591193696618 0.749674663881724 0.720087706065173 0.998796430863383 0.640819523637251 0.355547919566431 0.981595429439625 0.99319301026569 0.963078695050283 0.996604188077319 0.999991409568679 0.888927366429709 0.555466118330276 0.831081442536763 0.997315743003578 0.719222721262377 0.826917948260559 0.00142835094152157 0.999953027883832
0.294342464711985 0.555682905982828 0.269546462352152 0.61965501376462 0.423376116147184 0.245498518586854 0.0305913405094284 0.220635108728177 0.396176037326773 0.383771258686065 0.131681150648369 0.674449668264361 0.0990539885273567 0.157913646014778 0.443292462494326 0.744606211290364 0.358260729314803 0.729116535740234 0.0251574508175158 0.977546714107379
0.126975783601108 0.720819555274868 0.429443360056909 0.518749650009399 0.470323039043654 0.812512339374797 0.318226266973367 0.646077034630228 0.565505577866663 0.413273328641144 0.260735401165083 0.991701703017611 0.151411700556278 0.15463491354384 0.21317288328317 0.946336181827979 0.714656110438578 0.468066207828635 0.0691580433236407 0.432896733290835
0.18137727352474 0.635607440587389 0.344813593665782 0.799688329709848 0.58233627033977 0.356292152556238 0.0560916522828908 0.135068629300348 0.133804486415439 0.162069791210671 0.803351788727256 0.908591218509348 0.310917976418807 0.127404113522487 0.64009211246038 0.551025929832664 0.877893900906663 0.440526843522032 0.11059629707538 0.180395088993119
0.22594948312905 0.702836614234349 0.408534103491585 0.65188789887031 0.159454231233195 0.505743745769695 0.269036362082882 0.312704048226022 0.420956711333094 0.414185337058871 0.353013378384554 0.684193864796466 0.16060889135233 0.147357335285528 0.697734087066588 0.567158564964981 0.64299427700371 0.515639802885556 0.392179544232127 0.000309799282168027
0.21105840941249 0.63437827802671 0.37895095004596 0.491938440540311 0.634796887565147 0.245406223093339 0.294035156332265 0.160367578164907 0.328712105088123 0.375070862802747 0.279326125050072 0.53460978795516 0.0691825328086679 0.0595340297655598 0.603733097149269 0.720714034850538 0.543999195487344 0.420701735494098 0.411340504091033 4.22542645938403e-05
0.135034342123166 0.528720039746795 0.499634862034479 0.629054408716546 0.295347438620373 0.390203890214058 0.00378799862188249 0.248051818987675 0.072779400699432 0.0775419491833515 0.287929894859606 0.223079096975145 0.112516939059259 0.0925209984451718 0.440815826529416 0.517744099654418 0.428491890578657 0.420781658989678 0.0455921312579563 0.000164830830141082
0.760455836769958 0.76614865967281 0.885184170530466 0.785270091811879 0.983102490408404 0.494263168364667 0.796719094631391 0.95905607141845 0.994691606509531 0.8607862896335 0.992597324791313 0.993152966343533 0.811491521056926 0.521531663069234 0.93549958927641 0.998510473070039 0.699652543074729 0.723080222985868 0.983355530405792 0.998053188890962
0.128130225907066 0.549900181328334 0.177538013939478 0.461564306760302 0.121967199385881 0.194718831924439 0.525388293763441 0.130461845625825 0.328040135930407 0.142360446545498 0.082717148509693 0.946504353515173 0.187467118666405 0.0934680560695953 0.535988465945375 0.878276951666242 0.181095364789064 0.172521208644209 0.00086792160572806 0.0130221455250195
0.049700184168678 0.418785654271664 0.036271982389658 0.418291101399904 0.331634047422113 0.0332471206747771 0.0217380652644218 0.0313107688433897 0.226796454100231 0.0405747115423176 0.00788179575114313 0.831814121935791 0.0474539147730835 0.0922876115178039 0.312838983678298 0.226505635288463 0.148549926642295 0.256893374373833 0.437554578311523 0.083692824232726
0.0623291139066394 0.495650674168086 0.545514184685091 0.410143128856379 0.292038837223305 0.498326414850166 0.0779026755742071 0.0715168893495202 0.881204959086941 0.106925372775235 0.0313616861618654 0.978210738998517 0.04927316134833 0.0991567269913502 0.237128964524325 0.493101015565524 0.718379025873725 0.209001130460688 0.00757107377622441 0.000764006009324685
0.410198748553093 0.683141704198912 0.871453662439891 0.815469758768672 0.789564374464588 0.532377902889642 0.209907208771482 0.689866595669297 0.875302125657739 0.342423616659963 0.617444513165304 0.986912728332139 0.161065199666263 0.242575648659787 0.594531814950573 0.998993894172461 0.447421017905462 0.717292449854672 0.318551246804641 0.986690953595508
0.368698180475443 0.671199944984674 0.552474407946086 0.440113837352186 0.971644195708292 0.388488195811322 0.350972485296289 0.774544410458645 0.771262376101052 0.762636551071759 0.561222154544455 0.993312392244642 0.393908845576387 0.231912341747083 0.638988087896352 0.992670242103548 0.83134190944821 0.591610192824877 0.652496538970185 0.467949058034345
0.74197265479133 0.727388460615364 0.660459815450955 0.597656635956421 0.995442246116168 0.812502798434675 0.131190327672279 0.994989259674053 0.941170652174568 0.971997441953961 0.927555207895365 0.916503805511 0.868499649196761 0.425401484365395 0.852962063134345 0.908007766710167 0.435010386696451 0.922430785601598 0.997027512744448 0.77036140919052
0.0638620372690701 0.647654836227797 0.511807718432574 0.411763876769116 0.220794358051422 0.107336275040566 0.0121110628204647 0.108186501506249 0.232461794033831 0.201270754074565 0.108597711622493 0.383107294102969 0.123877203225948 0.123746043499213 0.493962092760021 0.894244281595458 0.164670058768356 0.424327783987612 0.00819642690184906 0.406344225398565
0.828014627387861 0.754782397810789 0.736811345447036 0.803692181742047 0.995034965875209 0.324166085609978 0.162610351383747 0.98141196394374 0.963636311005312 0.969939782563278 0.998399748262804 0.997735923042292 0.824908121181088 0.494747868492667 0.895972833796718 0.99167087991774 0.621991430175878 0.900260192306498 0.993762129353539 0.954086952162192
0.218851906504885 0.610156834686686 0.83041989995441 0.441306975795843 0.940905350600091 0.342070975932582 0.555108715113501 0.707770195984294 0.988463492373208 0.579577185643014 0.970328260433921 0.998955004172227 0.439813419487546 0.24140862832627 0.829951753542013 0.991111352067908 0.553955797054047 0.637906923269651 0.318094808017676 0.499186592449958
0.12481358096406 0.513168936198313 0.387243625924618 0.416998749795148 0.388174193000123 0.369728982888117 0.0971278914365824 0.0720903091345626 0.243119336676582 0.100292513524979 0.245312651371415 0.311618937189205 0.0387433486173821 0.0933095774694532 0.759159820542991 0.764728888770056 0.107840678419521 0.314501085504346 0.651109124623686 0.301765318025969
0.151760430567982 0.581112120388433 0.215626814244329 0.474194519364835 0.0957010999716367 0.171520881276931 0.236525121344441 0.143674765919637 0.686978879000283 0.702786824923382 0.636099044534072 0.939411183607918 0.17894183239684 0.116134479790414 0.970081503003464 0.899189130407288 0.699447958756932 0.559957355980171 0.632607983535106 0.923916338021552
0.658978363863832 0.792331102550122 0.539304637819844 0.721662578915286 0.997701014809919 0.614112564662378 0.536739735464141 0.984793066477288 0.96011503211596 0.989952804832448 0.936588893707697 0.992326242585678 0.828018801820431 0.348004821473056 0.93181880479935 0.999654499295868 0.686401345494055 0.890677931375225 0.97004240762017 0.876657563648903
0.372126629130622 0.521986262501399 0.495729043125812 0.474646933565492 0.511636249724194 0.766959022242887 0.045799554511272 0.059782123964189 0.0114305004134603 0.539524499226543 0.509436018576239 0.201672959038056 0.590207760397465 0.0885961639326346 0.516755367866737 0.997595690944327 0.367999357095789 0.475844929190078 0.0374694177636053 0.999976087819778
0.58586865327246 0.639555541570035 0.256285185107694 0.625067724375867 0.483497634381884 0.578769683765418 0.322328637512988 0.973116589334371 0.314683293929047 0.857065782310031 0.617489431885381 0.999084767882111 0.52596322565935 0.162840158008232 0.785418945660779 0.989975728980373 0.298128869751509 0.681794681866292 0.315703398671988 0.00334196430655246
0.0709046217489999 0.429260704133864 0.402217352257064 0.673119220435546 0.346438086893325 0.144034077456516 0.00412550194922067 0.38811463740822 0.892318787359757 0.0736810400271761 0.204960199317288 0.468554593617205 0.121334748990844 0.0523465794964414 0.191282704525045 0.550638028453033 0.41721380196122 0.505311190780024 8.11387218617313e-06 1.34081577924976e-06
0.487190356209479 0.707536605594837 0.870522057599861 0.487033866151329 0.981359053143075 0.41000961214407 0.648680738774243 0.810810292276371 0.844639231112187 0.728438102064521 0.785693674240091 0.999592991440471 0.670181683668041 0.313761848469568 0.705144772299337 0.975934301342173 0.610255659918117 0.666919676295909 0.057905398849913 0.994954060075883
0.132418302379492 0.440043825231021 0.0582124915080864 0.734253372482925 0.0640025152228659 0.944748871615387 0.270981518611853 0.389041572294941 0.0904465964353488 0.0215934502624467 0.0361929778299776 0.667615563217062 0.155518313597298 0.0800151238313107 0.152299951047105 0.503234035912777 0.348156050749261 0.230597189912537 0.0565252378239163 0.0565084012247817
0.620963279786915 0.736458782315206 0.685400942292991 0.671991772639079 0.823601149065984 0.655903510022716 0.27668064594427 0.91098813371867 0.373889687843233 0.526077359459926 0.962901762346154 0.996917255846142 0.755595994723114 0.261005926806312 0.872084609850109 0.998181214484524 0.682685287819506 0.934239063719805 0.335713305953229 0.000232466656991085
0.120321901304201 0.445118846770742 0.287541105920787 0.531560970508635 0.341902233990114 0.331948991204741 0.00889574357034164 0.0757922489065717 0.174544563135277 0.119194564864858 0.0736114345497792 0.200468799340917 0.066249741363595 0.0829411847397379 0.322196909339384 0.549470319390701 0.364087637896464 0.484546197472391 0.300711017302388 0.108813567871772
0.0118220934112545 0.417283353100643 0.148210332790282 0.447776694170708 0.158113370351884 0.176310710071163 0.00720774672117709 0.00274353918439623 0.00324155222754703 0.0110249115694269 0.00187509505182336 0.638934657805322 0.041509760757248 0.0197956173871573 0.04116094175501 0.00244968678178292 0.36715654689991 0.210350171602698 0.000141660719253961 0.0207558601480912
0.0855958723662784 0.572754392182709 0.199132054870255 0.561075218772438 0.427795102598064 0.67153208026452 0.257180524873019 0.0335784974763895 0.328043762656336 0.106548203211829 0.0270726283983257 0.324995473573974 0.0701900880713222 0.036041341080628 0.159870657696985 0.942546109540848 0.613263002150776 0.247682585340668 0.00829920467524007 0.982369092941731
0.46670207726863 0.692240329992252 0.902180097881962 0.783516657626062 0.951590630931745 0.843185937361105 0.169872339580258 0.933380773073858 0.690673723891153 0.853799543530362 0.594778462538875 0.995501275126045 0.636516036100585 0.442358271804979 0.935958015441491 0.93058442147717 0.822829139360815 0.448890252616353 0.00356479744976223 0.99878864216574
0.120728913516794 0.521641673243625 0.605338561673398 0.570246788094394 0.681422143401792 0.517524839900367 0.0459137042664363 0.166407644933755 0.779901460924133 0.179206067043994 0.0803208498933327 0.97510495848612 0.13580658082348 0.109324066474866 0.617216540791268 0.595613732140504 0.350569996584792 0.632364135039291 0.0812310178089002 0.946114735006235
0.297947751930931 0.584541405461011 0.595669404285974 0.854348725098613 0.800855414520206 0.452005560253737 0.446649941338852 0.894707786357117 0.972357512094626 0.821988275849489 0.714326737825825 0.992490662252585 0.378674977684531 0.280758347769514 0.894822698866379 0.999901598059298 0.574849432854991 0.586110370456696 0.325732410177635 0.00016256106119
0.0961233901863042 0.52566016782069 0.0517451973554397 0.583461085699688 0.0523277690743145 0.34883915368679 0.099917690095794 0.079580879493398 0.125207992289547 0.0664335677043142 0.0290196774452531 0.843727421083991 0.0319062191314969 0.0484681263883657 0.684590253797492 0.459201529737004 0.217948797996188 0.361908851367119 4.54707230498934e-05 0.997230602875529
0.402775241555608 0.720089274353994 0.693159568277063 0.864113693958482 0.857368002041821 0.3743650111 0.252682472651469 0.891657114642938 0.976319102490764 0.821167934171746 0.95147898893128 0.695282859599254 0.461177314581486 0.364920166843113 0.78934695975173 0.996820769786894 0.322291967482486 0.770968951233467 0.248611659865321 0.0856665170631733
0.104265146852924 0.453164017855691 0.70364679347767 0.657244352398061 0.107780703064263 0.579815579843821 0.0114649897852925 0.0604262392882555 0.529716597093301 0.0169535032034562 0.113495190759853 0.551934152213726 0.112324794065905 0.0293434838989265 0.218410207878343 0.552516545743946 0.510454030742941 0.124531326197951 0.000495686251736134 1.33137837250004e-05
0.026541918673914 0.443662134558436 0.207606792602698 0.3845129260231 0.0287833599029758 0.259964639476594 0.00629866617122348 0.0196459043604999 0.00126501198853942 0.0332748481055429 0.00569546902579611 0.0637201644505742 0.0290580843653971 0.0291412560637608 0.0939485308046032 0.053586140321699 0.20209410045963 0.330799575268104 0.000502910880146659 0.0386111085937521
0.330399121615037 0.637270602881144 0.970624153469096 0.60502158422312 0.971852693802476 0.410641065194424 0.185178739928967 0.59669594536336 0.759005811460051 0.891424227924206 0.530302257912257 0.977676329688123 0.170268941556214 0.210554061835566 0.962296251238749 0.986628092796231 0.569303736726742 0.832571289736713 0.243197475380427 0.983291842520176
0.285679813011555 0.548429706924339 0.572999816095681 0.521539913475089 0.959987048144064 0.233816606379479 0.272738224258649 0.149416854668924 0.538503337845578 0.162902352039866 0.333777298718762 0.942743533915877 0.270119801953028 0.155282688190859 0.61194442929761 0.99734682910691 0.459059107513484 0.502685688710268 0.00796563585482676 0.000169835220571144
0.101629689567506 0.588271445107803 0.483172770829714 0.591365149556173 0.384996997118046 0.253123247629925 0.623356298558077 0.10712585670664 0.190362876812768 0.27594091044646 0.445487428378325 0.534357136619299 0.179408929377715 0.0920960367423115 0.268601004554967 0.925713453799233 0.276598133620846 0.494904698267719 0.0033745471002257 0.648234648067063
0.125019957074242 0.644086624141355 0.775472823594874 0.733646652306978 0.268113403951576 0.466577131006415 0.10932275744482 0.701868707273303 0.552342502399059 0.551748249006869 0.067019047760916 0.477949019944488 0.29709868894151 0.138198942847365 0.559431782262461 0.851705212804767 0.643099091675376 0.509959879562988 0.00362355304932965 0.327026827428666
0.172243144058347 0.573093065287129 0.752698943759543 0.62259789751479 0.966075377037773 0.21565599077728 0.0314852732247679 0.141718970921618 0.744840029864374 0.35291709840938 0.533091764492883 0.838603099607734 0.0649092412911217 0.166466653759722 0.429671849148279 0.419162531129212 0.248684629470971 0.320017372285625 0.00574308495699517 0.0857220783773687
0.212960989262697 0.609488176395825 0.838473831837808 0.492726733357539 0.541612810425357 0.134193643844193 0.125835987474741 0.168952624882248 0.887662075494857 0.522506831150276 0.670264596614757 0.966152089474063 0.420631175258369 0.155677581938452 0.729402182872356 0.863447807058311 0.525666996460734 0.492250873850887 0.00251405630835666 0.993900104358415
0.515643982893032 0.627670524188916 0.95146742303954 0.688925547920366 0.946659783909267 0.809059711643287 0.313778645470961 0.991696926297345 0.985494890725174 0.604607543022226 0.983699205916695 0.860579450277763 0.641157215208304 0.469868079596546 0.82562868332587 0.95830242070617 0.647645140216639 0.869593969569229 0.0592428563119504 0.999999
0.0563826254290749 0.343171914566807 0.647501999922116 0.509245525712459 0.0642485969870673 0.208424471319693 0.0764452044875603 0.0957958830907943 0.0136487358009853 0.0134857119695979 0.00826912146532277 0.288400590358272 0.0712077784897874 0.0281996983640388 0.359858611702537 0.00351556982793359 0.307150491354041 0.196452844418509 0.255564090722574 0.0121875262614891
0.221435084752163 0.666683287251868 0.905595800999299 0.412103557649371 0.159057979389392 0.513132142005979 0.115137143493006 0.151008477197079 0.945735984811841 0.243288293798516 0.766160993551445 0.981027989807744 0.305349953595995 0.306410082891192 0.972273867312778 0.999790896587935 0.510108262179276 0.529371163839647 0.48686486610877 0.224847371628653
0.234878155850178 0.7611864868477 0.851330854819681 0.725512910988995 0.874763161753047 0.223836341634431 0.364985436516433 0.967822887565732 0.844062373599613 0.887354008630952 0.639649322104228 0.963547994822661 0.487489369363007 0.267501104076525 0.88456914010628 0.999830229212632 0.622422615426668 0.846974004130276 0.998670364689144 5.31289724734657e-06
0.186476111388587 0.604011015386521 0.674441400588535 0.636881177952336 0.909682241817996 0.677030661241636 0.367121993429927 0.958893606635581 0.799842019376541 0.637256099557372 0.935615618881568 0.985200009808462 0.41198612074103 0.276918990296658 0.932262447148783 0.998496623281774 0.585668204282019 0.744217851191089 0.421761907939049 0.999530947816475
0.116244470992588 0.715118554251156 0.514287210125639 0.573183284778929 0.374252753573376 0.507919664847573 0.0567111973540133 0.766436035608767 0.225246730216563 0.630827482998996 0.755727491700268 0.971094687895924 0.225280723886551 0.092906717897435 0.779233840958441 0.73377234912907 0.460033536595551 0.418001953592936 0.0564145383950302 0.000254965115539585
0.139816866274138 0.525670793216716 0.480502877639019 0.406909578316467 0.176366749219051 0.291698282247233 0.177950437046745 0.306103715761455 0.31608950136499 0.440945386239651 0.121616397624498 0.942860084629375 0.134300525604149 0.0636585194808592 0.463834810596203 0.802283324735643 0.446823123219144 0.514194483044154 0.0510080497203572 0.000805771206244074
0.331686724309632 0.678082275276582 0.632578314674417 0.703789707493302 0.872310566417722 0.240729738021451 0.565569131944333 0.779175640431013 0.96183820532721 0.459863871220114 0.923354554829885 0.908360473546114 0.52960241049547 0.295341439222855 0.811402399068973 0.653082214387456 0.858324313762797 0.534683856966376 0.999789275298178 0.999975888026986
0.175668711847544 0.607395527627152 0.775245445659851 0.820315384374242 0.926738679284572 0.745249129997914 0.0270956706080911 0.221170273970233 0.745047664784939 0.255654526796205 0.196808779609268 0.919266720661481 0.213787206944786 0.186799112699989 0.761078766118159 0.849524613222979 0.380603364234609 0.48780611939229 0.25069573372228 0.0907613962200874
0.0897623370357505 0.569091429323313 0.43151837201533 0.571941565819667 0.347655364450884 0.252826553002791 0.084888124499814 0.0768193191059044 0.0518474052686897 0.242593777953242 0.0672709460050147 0.571495588844302 0.116153851322797 0.0500682260131098 0.236481010426864 0.0571312361522629 0.876729312751164 0.490856549628104 0.969233827633115 0.573936582472892
0.423521798950275 0.540516537167736 0.428499579585416 0.395101534277979 0.67058229514225 0.465313861439413 0.435397166010846 0.101795040813706 0.0148122586510004 0.424683594669149 0.788727160664202 0.952236056000804 0.215461377426366 0.23310450352621 0.56351967593576 0.470684412579707 0.711168276623784 0.681950548471532 0.0969907102968805 1e-06
0.0209870786269025 0.41402351461618 0.0516770022571791 0.322826408987821 0.0107718616269808 0.469607466598744 0.0197475373755652 0.0570867528718924 0.23803471162859 0.0881286593821519 0.0259567304533012 0.314102493040021 0.0375613212663364 0.0322577008296722 0.0651809192282446 0.170020906177676 0.465507519892045 0.143378450155612 0.00079187170305613 0.0224294110459527
0.0821670424686138 0.628531707525811 0.512743260928989 0.648426782967809 0.316593181180847 0.54629303962118 0.0880549893091312 0.172377547252659 0.940870776256075 0.212689594623045 0.281791551701663 0.997770787431569 0.271663920169503 0.164048889482516 0.48143934660421 0.619292238709209 0.461520030053274 0.666261741656666 0.213397913402607 0.00048709056628659
0.191141763275764 0.662359307980215 0.666188688514895 0.683935528761499 0.911444898118887 0.33701825245576 0.139135807445469 0.450047283505594 0.0193700936314783 0.678493013534326 0.664654071019848 0.989191901888309 0.386907076267014 0.139763588343025 0.614596040653034 0.999068461795008 0.475537540021513 0.5406307870436 0.00650096588052567 0.998700367812816
0.0810396500865631 0.644170957042595 0.883832329091376 0.671583292383661 0.87403226157595 0.772149839127976 0.318276979846642 0.948457749273348 0.547603047449499 0.496284721650637 0.393745403091337 0.98677524944288 0.180720749397278 0.124847205588445 0.89891498984023 0.982988671245959 0.391867009325227 0.687336769531072 0.00192083629636396 0.996986301233927
0.0539026152363151 0.515896693489663 0.131574955009377 0.808819892436227 0.152725088075378 0.151720915916931 0.0980322262586518 0.338308540308382 0.0583050675628257 0.100684549077165 0.0762860701956629 0.970508313949573 0.160028991981306 0.0496380740522569 0.565902894486387 0.715046010406017 0.439791043466392 0.603077721676462 0.000312988620762743 1.10112092901506e-06
0.0422836222919023 0.433500545381331 0.262966298573423 0.719108343957036 0.0941520809982555 0.58215120962636 0.0206144501150728 0.0358830879112858 0.650736120996268 0.0571551732760296 0.0548682572177042 0.0677660440631169 0.0837060283894187 0.0562609076452689 0.425492084215981 0.226783595523117 0.322207907463913 0.616496885779739 0.806123655271711 1.07719267095157e-05
0.468092783526321 0.672286192588074 0.893322355847125 0.728107186756804 0.723830231753429 0.426028489524672 0.117418067372219 0.967080814119728 0.920395570532468 0.587664766697624 0.55577861220697 0.820438302399899 0.19269060277362 0.173627793411796 0.954018962220087 0.993353625750457 0.441100721138429 0.642455548026554 0.701903567195491 0.950183141357956
0.0448082324769014 0.618367693759581 0.532030219261843 0.430438543733935 0.166241836250824 0.067962292644993 0.0165149721605366 0.130336266438738 0.680872953795606 0.11930991342281 0.111348324186211 0.923875960774847 0.092040793886334 0.0667775718435032 0.839005928320898 0.999704802587211 0.143935888265523 0.606515171238966 0.0759289275675316 0.997500826468204
0.510385466477877 0.619730346408929 0.689238726159529 0.814236087229911 0.967351471013393 0.188221358739216 0.0358435163393933 0.644672763771585 0.384909926683237 0.798507995571085 0.602916603875043 0.97998188684851 0.34776286601786 0.217587394134673 0.844138762674446 0.997209852096206 0.384861990544685 0.727010897735239 0.314408912747851 0.993789114841258
0.0980197188773814 0.626078179070578 0.599408243173466 0.793643159579807 0.197385049339481 0.240914268033515 0.0119624760528615 0.511208660323419 0.733207324148712 0.37088377775593 0.912354646356748 0.981476831658592 0.287000883489275 0.111675573287988 0.740341485465386 0.960448075676216 0.633428361379471 0.394972655398084 0.00734712961995054 0.479751740763803
0.106139440448509 0.606989949096532 0.520148349461745 0.609560602193641 0.779661861609351 0.294513653724408 0.242046214672169 0.745457209425848 0.996833997809319 0.141174698341804 0.0616431542105807 0.823571858211526 0.269030332758803 0.101929210950214 0.491762455903681 0.995783505031943 0.242232525206051 0.679262861421696 0.618702871317393 0.455165248031491
0.0773186639919734 0.608779064952236 0.624709045786961 0.456081384855189 0.110912459858157 0.0376179998489219 0.192030753494015 0.0544989003738678 0.0745160821071201 0.099791969298722 0.605927963043927 0.841663468002692 0.159099657785589 0.0781998723389232 0.468809549059992 0.45524613015821 0.473230130234268 0.598629052303001 0.000119039838297253 0.999978840688484
0.0591906684674684 0.578000559899474 0.422155769373234 0.838769465399718 0.692452758302817 0.280962665072073 0.25559941942815 0.54960765826759 0.108125645349351 0.0523997980492805 0.0548631136478081 0.298593209750723 0.248186573963178 0.085341559191013 0.635422421416194 0.938669293902689 0.262035641518229 0.472855542667992 0.250576326064635 0.872224155581803
0.0347979872584133 0.525164332816484 0.221770479983185 0.586846845627092 0.0505515303569817 0.0945489761668026 0.0192506635105956 0.260389804086839 0.00595593301588501 0.160424235796201 0.185003736935863 0.905718185319022 0.0640203575971278 0.034639565006626 0.391421041914247 0.931453003420947 0.52962073909887 0.222265673795542 0.00580187603026412 0.785741244933039
0.584057387997771 0.671975383056466 0.886343987322959 0.840199065932027 0.956259333122586 0.453288356244447 0.529883177087948 0.3212411945276 0.582535281844786 0.862112936419586 0.86459020355563 0.998983284466633 0.59519957553615 0.327742450261875 0.686814722009804 0.986433247969059 0.709087340527815 0.789089599384416 0.838387610082128 0.910147311672481
0.240583792196738 0.644005099780542 0.871052330551481 0.788443708512402 0.844125659897379 0.753283523654074 0.0835879139578131 0.796285465996976 0.614934684209745 0.604166616172504 0.829912935062659 0.916144059175714 0.331975881344864 0.264702476009641 0.592197891681993 0.998517498583554 0.227880466569174 0.707247580677459 0.861899550301027 0.166057245087558
0.325507884157589 0.668333638005092 0.911277439776354 0.510094685328467 0.700996454283052 0.863018708965819 0.209872181548364 0.948929617975338 0.554009984004663 0.357368766994975 0.568623086448992 0.994708410638112 0.202605972878165 0.179579282551653 0.928116234851002 0.9889146886216 0.777450157534056 0.833169841539333 0.0129292403392929 0.959655086986672
0.0308544206285143 0.470789561473149 0.5032547309343 0.682018190231588 0.55597397446989 0.335461785248632 0.048576280527139 0.283502748836068 0.653704684944518 0.163331481605233 0.601106329504347 0.770274342339332 0.0222093815930112 0.08285656015416 0.764905604143556 0.977085584967268 0.377915044286183 0.440404037843444 0.0976591976951323 0.999942717242019
0.0703706864261577 0.576707181037992 0.056013666617216 0.529034468624279 0.107664976399249 0.1712821369404 0.0454734386163352 0.0510057692383993 0.480226597926009 0.0254386374950011 0.319519152136315 0.762560111987493 0.0138234969224109 0.0424683512406619 0.550423264930898 0.608572311519758 0.386751613684678 0.196498365827885 0.679506586763925 0.171647176814405
0.84688255002933 0.826911430047495 0.971237953733815 0.71307308243755 0.97568140932723 0.518970437187134 0.965225842231205 0.999613969408766 0.996544248024654 0.999331887427821 0.999864698229605 0.999775575433594 0.969630778465947 0.769965921531237 0.991353825856245 0.999110187776783 0.793012438278004 0.950237552344961 0.998060406947049 0.999704040041745
0.342750580158708 0.598384122379332 0.66389193817224 0.703245718516999 0.74450459824164 0.292567227032506 0.148328803201281 0.812047613738573 0.820805307640873 0.648653105989325 0.544842038555426 0.985380956419581 0.307796637715852 0.136853083006373 0.88427953484612 0.988649444165962 0.586497824750693 0.597332115851354 0.0897158135243494 0.00225544107718453
0.15365049171207 0.493827968684821 0.655501410990104 0.509390323790275 0.620712310984011 0.525496276886596 0.252325306957429 0.780335787229886 0.0301340161907171 0.626979582825235 0.180344043469173 0.80975367193695 0.0950089879251235 0.0512323675885872 0.0842546819624778 0.404577195387855 0.343790678071424 0.274543585883657 0.777940985836184 0.999588272772691
0.405970550770973 0.628192128542566 0.956151328096371 0.539674649833534 0.835809603723086 0.0814602901464442 0.381961183101734 0.937735706902029 0.974958414575692 0.871880009593051 0.69523991475409 0.996240083008658 0.568528265864219 0.298600864367269 0.273481082968518 0.116748164582258 0.850036451630734 0.687543989819327 3.18103636796658e-05 0.937602887156995
0.759599183868628 0.782251379808629 0.760039835223288 0.754472815872775 0.994845574259354 0.567460829771894 0.62408185954159 0.83098345580756 0.992403160177526 0.975452556172176 0.992722964308676 0.997515466978458 0.714665908270152 0.468245903711117 0.942358367249678 0.998934158190266 0.739611659779656 0.963859741350104 0.983654735100209 0.999872659991847
0.0701375175675153 0.615720297860032 0.29467967619478 0.568704384528175 0.270688739688542 0.594349900904722 0.0345608263321311 0.0553369310877051 0.785071940254316 0.252903147322844 0.0577778406846758 0.510739640653683 0.15819529531437 0.0689829070084896 0.48736221799832 0.996058899082127 0.345216206441317 0.456848795743887 0.179700384632536 0.151248650907136
0.111539173188427 0.614347672217487 0.782033787657276 0.548143643181666 0.75712534770569 0.169177899050027 0.38463150292767 0.748910064519061 0.857617052503869 0.369178821250481 0.154239847807122 0.988279559398802 0.104140562663334 0.0798892658011377 0.73722833997289 0.992627084646052 0.547309129282126 0.585498264039235 0.0821091285266422 0.819662913342578
0.361501480257703 0.5656049794203 0.599053351796525 0.66564790149438 0.583185506063983 0.453847219785764 0.308759783961833 0.404955702613872 0.994510198994407 0.435971649136242 0.37110179344657 0.975315459899446 0.340622825933112 0.139463027517316 0.648677812791319 0.988586270952303 0.480503916807465 0.774814727370475 0.0562138617007118 0.0158631666990517
0.198453738751919 0.617673607690347 0.704522031277337 0.528790410569676 0.180311831467032 0.0695098373522589 0.576424755640931 0.50766894651066 0.324784958349595 0.257345806818373 0.0648811113246971 0.917284992740014 0.407176636282708 0.160636068689835 0.842165302208216 0.973413590251804 0.748153925667415 0.514369218210021 0.0652960088756977 0.998576795956501
0.226603920833901 0.551463991229477 0.5128791428964 0.547176766194469 0.869594784025427 0.300384279798687 0.223884763562075 0.56218076074182 0.167682630589922 0.366615702623436 0.401321251253971 0.715229556419545 0.344453060962006 0.269797164233034 0.775907272947403 0.983200053136492 0.445453025079307 0.693685238122036 0.362094795456813 0.941092754165403
0.251525726419708 0.633777080432743 0.200216148566254 0.629810864588822 0.327456738221438 0.700003425203571 0.408226846848407 0.846066909275844 0.93424649139279 0.198447982694406 0.265195749438572 0.800664998291834 0.27381797296968 0.129362098653537 0.412731008145318 0.97374191809797 0.741148780142834 0.605212947191536 0.0365452681259442 1.50254267408924e-05
0.0521201076245249 0.468978788466115 0.574976887752559 0.760103204438378 0.198584085792888 0.0735886246462252 0.0351193687580101 0.0763355411218944 0.0972856477958469 0.0338465240232239 0.0264087458166947 0.11376402675649 0.0481285586386854 0.0419494021445786 0.243289163084461 0.364278824153973 0.394853449814456 0.393302437408357 0.000279558356384277 0.940950223574038
0.718417656629975 0.705572854033765 0.792215092502669 0.687117463378132 0.982306954664846 0.438124950563148 0.128840446668895 0.97868503895537 0.80120742074491 0.674159637662556 0.959947604310371 0.994487078495417 0.563136523852095 0.286157687209856 0.797285372164899 0.99932482718757 0.722639036274344 0.45741996588834 0.361445274063516 0.881879089474487
0.232632231095502 0.727983149420649 0.713422256211121 0.537463955421507 0.881675245290609 0.146164752626942 0.336467426425988 0.643121677058108 0.872298587477071 0.350477083113161 0.43834133908084 0.996403547688953 0.160585270508368 0.152122499339397 0.755046596288679 0.997438479129212 0.389506835104266 0.51954968992001 0.0351418445564067 0.757270791541595
0.0242588577819425 0.421154663644698 0.119293877900035 0.568366409169828 0.0276240663962114 0.562785690757356 0.0180105889900518 0.0400720448555278 0.671552334724019 0.0416832462220923 0.00654173003833625 0.985664208480605 0.0449693155691663 0.0378972022924502 0.237790907821773 0.207176048852703 0.185987591160145 0.201059993553719 0.999160623319937 0.000100679685988063
0.577258145836993 0.793048742842942 0.891453095744125 0.796405717955752 0.998375513856138 0.91100426114233 0.245149657653905 0.980176211492707 0.334415501038017 0.930491605343218 0.871770787757518 0.983003281562414 0.588179764655097 0.479827706002445 0.951671480870371 0.999645745308512 0.912172698504442 0.729011107094398 0.980982261572635 0.999997160707894
0.0846691587621872 0.628609158939917 0.883091085128031 0.509822526954555 0.0523756776789986 0.749335548588692 0.0849258011035499 0.149861802700839 0.785902733866197 0.0972060157464153 0.174772315320399 0.950103409596396 0.312499228914057 0.0599622735932401 0.396541898245339 0.669040550606252 0.562176417322236 0.666207136204955 0.234882308490946 1.9193698508626e-05
0.175703086219891 0.595380947010671 0.358925748432817 0.727405699911191 0.299654972642935 0.489565707614816 0.0709953945386748 0.614663383407026 0.200756576449825 0.645371627207794 0.924806261392381 0.603139749295218 0.200194430163703 0.204200958620871 0.882487134075909 0.994803970726104 0.601848839192285 0.497997960818126 0.000302744073209727 0.917108799105852
0.0182500994924926 0.492722758717472 0.318721697896347 0.50435942521084 0.112788755101371 0.191085893437715 0.153987942157059 0.0528515916737559 0.140179342221554 0.0373547204112071 0.605819043439092 0.182243358980091 0.035437577646478 0.0413138989476163 0.198029670079721 0.560257282092857 0.432883022155306 0.298891784152409 0.654570757547514 0.873434307709673
0.338888522412614 0.675048748287083 0.885524176816359 0.73317468212245 0.957149436029982 0.682124858228402 0.183811250514058 0.976279347670066 0.988321129999027 0.673081615820984 0.596322020785289 0.985942677583185 0.255523262812182 0.132981952888415 0.609190689208094 0.96517676608398 0.664008863376845 0.720336829323634 0.734705731431794 0.000282143944815126
0.172417058361169 0.674020879119283 0.491858817266016 0.656982642714899 0.965389099040666 0.894921534536799 0.288773846557328 0.1974749029805 0.97665336869372 0.20547842353978 0.180632617529701 0.988784921098363 0.524180474809209 0.112491832048964 0.859957475357803 0.783609565861995 0.628673200333864 0.470540343285207 0.312883109384142 0.999933263593051
0.0692386227165554 0.560162972110412 0.56484161255567 0.363203275403855 0.252327579676361 0.432994503641564 0.110366019034359 0.682168637891913 0.0699061638536363 0.299354233389885 0.134298162796548 0.667527067302873 0.13600110520964 0.0700585851795805 0.6105935333628 0.971786296606065 0.522734859719025 0.383986898077379 0.00324789178705019 0.0500915488858695
0.158571677259729 0.646678173842661 0.448185241904094 0.649729238491093 0.920089246524845 0.245930701553292 0.229739120867794 0.934475926566381 0.56970099582546 0.542112178291071 0.95420434890828 0.829605353900399 0.527234512566328 0.314250115800815 0.757622014465381 0.98444325540493 0.636013453509413 0.28044185479115 0.198060034834691 0.999502037487264
0.228036179997788 0.637804080116978 0.583625441774111 0.799302906070523 0.499404743663322 0.761423022744641 0.174639049207182 0.642969411785922 0.38464024823097 0.604061955879119 0.245742599703249 0.993813132985263 0.465393858795082 0.105801117611363 0.725847118757721 0.744008584345533 0.427630191155134 0.68003885874344 0.586994069904092 1.41956755269927e-05
0.232301728474281 0.601096969703316 0.881433113067293 0.764135075658316 0.866315937048208 0.768043744364507 0.138970370825388 0.744691784748293 0.678509300643186 0.844406364187858 0.139454300076628 0.960205745216143 0.31983603622421 0.193040842735806 0.674166173249977 0.930296493344664 0.587273142152124 0.64863505953428 0.0570366441060787 0.986650443811672
0.0143278560130485 0.347883242789288 0.0599736745062276 0.60129604864266 0.00775206785014162 0.126935058283624 0.00617925658379344 0.000299077617540553 0.00317739725115275 0.00819774249112077 0.000820581177610554 0.39389809036177 0.0083949351400009 0.0205670850957858 0.311232525596103 0.0151346497844805 0.429963854836641 0.111423469183291 2.61128912254758e-06 8.70826752065378e-05
0.0395555515839547 0.484037264493301 0.0971773351798935 0.594282240389988 0.199689656620686 0.367188438083881 0.137682875946855 0.00647654046752099 0.416127916413706 0.0228962645022596 0.0196291332791047 0.847319971134899 0.0308461828660199 0.0602005911900909 0.605742758121553 0.576330856364333 0.364943344789133 0.222912821852665 0.226139370888486 0.98668486697301
0.809301900741644 0.747868477329289 0.961331345579772 0.76594583639312 0.999816544290995 0.64415254204931 0.804104451374142 0.999947755717577 0.94428486745567 0.976007707724153 0.975829047529037 0.999903102538795 0.918097752169264 0.786706555108792 0.993889901384952 0.999920065814866 0.755733561824658 0.78765968252087 0.00210931547392942 0.999998275448622
0.522341745625085 0.703922049470014 0.82138690971822 0.656201383839586 0.93835794917878 0.541328397013732 0.706111210509385 0.626854117195794 0.873092507628893 0.775315368459971 0.79998246727098 0.623275894366607 0.612526503584742 0.214744612747288 0.817546211514927 0.999120451161554 0.705682271794662 0.749816659553416 0.361664325129741 0.0236724511999421
0.128351727854971 0.516457437529297 0.466864466283248 0.708166779210715 0.0152789740912957 0.42862808906661 0.156468332715701 0.235116232482169 0.167180876138669 0.365726896501448 0.16695362485818 0.640178081126521 0.16403822642541 0.044226021391701 0.198541471678155 0.774606854531622 0.760876998409518 0.549055393991238 0.00716165300168895 0.00992018787823467
0.0706709305589587 0.348048399056457 0.531524169138491 0.700410892514229 0.504268828819963 0.339088070130745 0.313675508440598 0.242002546600403 0.106985899188541 0.381553732195561 0.427714781540551 0.987169320729114 0.0993713281695411 0.0478533010579587 0.310334931227591 0.960101427789295 0.515922325340093 0.392362741356305 0.00521843546192901 0.00203556361771539
0.0498174093471113 0.679218396446402 0.0280026254350057 0.486293079609154 0.0385979152644897 0.519206691628285 0.0490870712927241 0.0493393148269868 0.137272735854859 0.0554616601156535 0.412400215197698 0.962188319219694 0.147772662813193 0.045472987637458 0.495893676545277 0.807225823690231 0.242968223207131 0.639426946484926 0.0194897762699399 0.131429576387844
0.19481812554071 0.641871033034389 0.860471379718082 0.584956966808983 0.824797591909132 0.0927030314517387 0.126117985933705 0.553444540241217 0.944609084228944 0.855784706617391 0.703371818653111 0.93787580777942 0.372556898229882 0.085226610832652 0.706798156077131 0.596336007178367 0.386824471524679 0.316915776579722 0.000953193947195191 2.56349962947175e-06
0.428689373102348 0.494164110957916 0.748862052122613 0.682038546883568 0.547455167550267 0.53648905453736 0.465153051339487 0.824380942511059 0.533939741015717 0.85687342809543 0.243401020575593 0.967895583532415 0.42405737346598 0.109165309407623 0.909753209701874 0.999175893838368 0.73989058793627 0.43601586744962 0.997835833558373 0.000265492728225566
0.103625880484567 0.638769184633473 0.800689245129324 0.402277566534291 0.682794777147291 0.134140723584859 0.458607031657913 0.777067499780254 0.225705043818161 0.856955221161389 0.150289685200036 0.997547323812875 0.246822871029085 0.255977981325936 0.885642609508034 0.993251554654692 0.549578859772259 0.527101102429143 0.00832844095961288 0.000280750313149297
0.00956763295643076 0.401267752450881 0.0472521142180752 0.706760020211082 0.0823759339946258 0.193447451707449 0.0299742851280248 0.00267030709133923 0.0396822435971898 0.0475571505916555 0.00482472547682047 0.0974350752815683 0.00933068338585993 0.0408751139840066 0.18548647951253 0.0126089285121155 0.290994163902944 0.110103682540137 0.00789769429019141 0.142363104608171
0.265446322469807 0.752770269119654 0.687449598376481 0.743150364593837 0.984989345825309 0.228347260123186 0.270263444873862 0.889366823686287 0.891550518928136 0.587780177627852 0.703420711696632 0.993088289718596 0.24896591585809 0.227916640443632 0.799509700282127 0.999441746339869 0.395336868279986 0.551568727761235 0.790449093225713 0.99989463839639
0.104032415262264 0.408794349091221 0.756455423801568 0.46860914611852 0.224480000608224 0.341730100700704 0.00802837901933907 0.800525272159141 0.123291338155804 0.0977745366054901 0.0568604853867414 0.951163605095993 0.108697416957853 0.0305246611710961 0.354164353648781 0.793120766504391 0.61377464502623 0.223478472384288 0.00039666382585346 0.00900684925296062
0.242188159372713 0.552610549931443 0.50158058295718 0.568240787459045 0.2463427946406 0.266403249607822 0.292749735169232 0.209118369428774 0.622336437443394 0.314310414989046 0.633022048910736 0.803992866425576 0.221803221696566 0.119669454998522 0.678634080993018 0.811301779292111 0.400843160765652 0.431581548683402 0.00510497411197484 0.999971664805127
0.143019897935823 0.711861522200133 0.466470714260435 0.707174080456387 0.24094143163276 0.453111883833796 0.0311961397828422 0.0634434836983503 0.335865680564709 0.504657400521399 0.80509178867435 0.712599136144798 0.282536944146883 0.125458382990107 0.805957056720934 0.989555910437975 0.433124319329835 0.588572270255292 0.0707863947658399 1.31054412842387e-06
0.22573103000342 0.599548735603442 0.640623746273696 0.600293552061385 0.63058899709255 0.490238065641681 0.160257894519549 0.302868167071974 0.572294701535089 0.099241250586633 0.516849194545285 0.999334734163263 0.250556748140589 0.0839401669643463 0.509688882169368 0.994181089970315 0.199387606758372 0.384412461521892 0.776492006880531 0.531409589684828
0.126672430328747 0.576952023558859 0.224844896107241 0.451317348725379 0.287729498662128 0.669226124074332 0.111040488432641 0.268254177546751 0.125732834433346 0.174454754359192 0.508624372495739 0.805521494984917 0.0791264070520217 0.152535566480888 0.121528898581086 0.0797267282493832 0.338646516822083 0.414520633769959 0.993530587462327 0.195988377832654
0.0148338893540179 0.50986958636866 0.364088378804248 0.511049367423032 0.0164660799308394 0.090744255997515 0.0827749113251372 0.0711128105500766 0.112538269823286 0.0227773732259385 0.0243392783409805 0.610269516186902 0.0181227323065785 0.0312663489454481 0.462000468828988 0.039932001401296 0.156421365724867 0.388044140240076 2.59481235788639e-05 1e-06
0.105527715965845 0.568017404709609 0.22682471836591 0.466910147912956 0.427311402328482 0.784891852472401 0.223067956918512 0.328796000273371 0.331021159395104 0.217576539596387 0.350075383167808 0.77007870974981 0.0913286835680203 0.0862212379258872 0.506694497280838 0.878908864777813 0.104729947960762 0.395682270321672 0.166908193093318 0.0371721883363677
0.057658497365843 0.492129659351795 0.15464737217166 0.506609731874454 0.928888473270314 0.253235747690648 0.0697805100815809 0.0934626841600624 0.891735162425179 0.367677998397701 0.349036150027848 0.0699093748876112 0.2617431932182 0.0901240209838384 0.425639532283784 0.0850859380793201 0.660606968131101 0.588435262531148 0.00202552058977576 0.999990916410444
0.175208737965971 0.596858890359461 0.177219852053039 0.716303796451865 0.687352458697517 0.59675855752496 0.099010924281395 0.660251626645688 0.553303381538675 0.222847931695901 0.126347591966239 0.996812929591932 0.16944763683817 0.126993937460233 0.773021031009873 0.886726277717079 0.420594776803358 0.52155261089322 0.00224614440130691 8.98667658382463e-05
0.0385119534634478 0.437656910181293 0.0642405314373514 0.195274552456742 0.183480869128119 0.203123298489988 0.0377923870537543 0.0476181630634272 0.0194475009234994 0.0147767923012435 0.01987070007265 0.51356994839937 0.146794538928588 0.109606181083324 0.40127692852333 0.20433835683666 0.319941854958782 0.237485943081491 0.00105499828785189 1.37616015520101e-06
0.486221663302875 0.677430866054428 0.497894897053515 0.423846910909006 0.907246636504443 0.452546328177951 0.379806108705066 0.674777851554625 0.623643141574379 0.409749410815123 0.852206244284937 0.965961896301993 0.388102254895992 0.213977346129536 0.789039610775442 0.983051389801532 0.536136770926284 0.713933016108302 4.95463846073394e-05 0.014747776895939
0.0634396092441816 0.56173314038848 0.272081160426228 0.56138410889801 0.79328070287399 0.491176534383052 0.0928265410207538 0.0571091525497411 0.91980349515757 0.630588489162028 0.770779296090251 0.858448083018016 0.301356744220016 0.172816836793466 0.436216733652793 0.953393222336229 0.565180072883471 0.510754908911668 0.628289443093988 0.998779448753772
0.328084581040987 0.585289089506748 0.40549054169662 0.828964913695837 0.431732060409817 0.387111266456381 0.221690585576645 0.840149330090629 0.987489722241069 0.665953128510755 0.691228781159347 0.997260813261282 0.438988438135865 0.32198148180324 0.488660365529563 0.99010678945167 0.610104269193787 0.752244439923143 0.0704990077780173 0.995215745112839
0.370037706084342 0.638670647611641 0.557112865805264 0.572736263418231 0.91181961290465 0.629638284752904 0.316198266259318 0.428175620419773 0.223621615028229 0.540492506304179 0.835848772614627 0.986657210882819 0.461123121021475 0.180872784018208 0.518724321421511 0.926013660858346 0.34246409853204 0.831497660702142 0.953018065882563 0.203477979535123
0.226961208935364 0.574307245099957 0.803469309978832 0.716933882272074 0.770918608234645 0.382689335680484 0.649163619400344 0.881980962818627 0.252805709640828 0.657852040680608 0.580403013490527 0.726420048795526 0.211080638374108 0.144548565861173 0.576283896671969 0.758392501711816 0.680687141932856 0.669135894143654 0.853882025596645 0.991374905309584
0.209451910935437 0.62637618343038 0.902451059269916 0.713528741203294 0.943969904375532 0.622563643657428 0.215472813851113 0.820817851765135 0.98245622087783 0.856992686944097 0.942916545518445 0.996296664213357 0.537373156265708 0.299723373263609 0.929881869546379 0.995994528655746 0.358441594384634 0.603181311913598 0.296160813825998 0.999994549104793
0.61164031312649 0.713764026583862 0.932106229317513 0.737159161922944 0.990662165853937 0.806555407663537 0.530219312373179 0.863827981450998 0.958319290704654 0.956819086957209 0.783421614299042 0.997949973020843 0.509745933845612 0.242224188490829 0.892710756460408 0.990049063906172 0.850836415719837 0.761151401596409 0.395733201750105 0.640516142577713
0.192700560914165 0.554668976648942 0.16941080883736 0.237276434152398 0.627704266014154 0.378586325558071 0.466960155269007 0.429803762379319 0.770673248666533 0.621821211948536 0.224675688834229 0.731114838483633 0.449027976087267 0.211272757278691 0.586595881191566 0.0587955461898174 0.255420677857127 0.466649477831801 0.32536141711294 0.0464027369262216
0.171492030317184 0.651151527045367 0.570685621447512 0.559606261149192 0.807832757350917 0.111735873355979 0.140107600134673 0.302062639106245 0.987049633166789 0.454448387552234 0.832645739071103 0.353559828449002 0.367589517548635 0.181300585606695 0.553603669749599 0.961033313956273 0.307673913973653 0.525174525919062 0.712309521477189 0.171218957613768
0.519656093178193 0.756588586034939 0.59487427746399 0.70685650500504 0.99003148023531 0.798656425877132 0.53878604752162 0.954198856728183 0.905286014753981 0.831372098663683 0.689373073623003 0.991991460242731 0.519399943036744 0.261925446349458 0.918197981946265 0.575342292726473 0.433789710105712 0.662860067926114 0.834621089401964 0.0101211613742109
0.0188246802522999 0.40414405686178 0.149019789538136 0.558673622262036 0.0368063571099225 0.153968154409112 0.225821087728295 0.0309145650783394 0.199661692429808 0.0793393888307506 0.077877755039059 0.350501197422474 0.101543122389699 0.0308290002359595 0.351243694863617 0.562434959273185 0.742262913919153 0.272365878851784 0.00143032297248266 0.000625755652897405
0.217473527292325 0.593205108793437 0.737012287102431 0.329383609612766 0.645392349663369 0.441950453491818 0.423431183389443 0.925204471883416 0.0684896982254591 0.54901286354282 0.290428833281047 0.855694458301961 0.075037680025957 0.0798921828689294 0.70854831129616 0.974223439110005 0.468915653238361 0.556922174623159 0.00193624312873482 0.984113927838219
0.565681158731661 0.774309603823483 0.845160532489343 0.661720043545326 0.933006491709536 0.483841705503944 0.310282058312451 0.956866598901258 0.585762276481415 0.887946898293012 0.848344183623955 0.997777181443728 0.82175756727682 0.340582425147765 0.901782806257953 0.998893516936499 0.332937503760469 0.877773201984962 0.968382542685837 0.995196966855076
0.104505283475085 0.480331246361269 0.14407755148498 0.410949328050579 0.100377737789143 0.216956603470933 0.0760918725052706 0.234176858065653 0.118947323069247 0.0121198143611005 0.00871971816990869 0.972124584871187 0.16629410739533 0.0340832399626375 0.465695852184582 0.863626346545868 0.278924646768537 0.376012039309562 0.799594681897278 0.0181459784535684
0.220063156288015 0.582032552031815 0.804342635852838 0.844713542575817 0.486453660229874 0.492766885622456 0.0651303220435156 0.844814017854899 0.670158759633589 0.843060692394318 0.241602912957438 0.888489918020085 0.376495042913044 0.100517767196462 0.833280219341565 0.85113937378425 0.631791737107179 0.660595256470875 0.000492368088987232 0.760373044154327
0.439464074742603 0.735973086285016 0.855147465938135 0.425071814345727 0.646273972529249 0.41263849330804 0.135588497576145 0.773819666520588 0.851927482960941 0.890440987559806 0.414726997916854 0.99880101870171 0.857704712743063 0.404437244061206 0.848895995435757 0.897998571723971 0.675531127257418 0.686873942190131 0.840744700185478 1.76948924027464e-05
0.336846773695723 0.60595352593728 0.342703169331397 0.532845606638915 0.881888386056304 0.55117987747179 0.221621973970148 0.854722790250785 0.320457019196587 0.379549517974985 0.604108130338392 0.898785820397669 0.203665559043951 0.128409427178793 0.990045708250342 0.997628078948454 0.628465904560633 0.838467209085644 0.0608339828543088 3.67387668046821e-05
0.757387383160968 0.668880271398962 0.742012073626873 0.626558729463692 0.984742821543713 0.466068275684407 0.836207822629547 0.762592839949973 0.673972218516849 0.862007313561605 0.961587514151722 0.723021200495452 0.335019838111069 0.40014158878312 0.873722826641312 0.998548258427109 0.687218164827078 0.563221143989863 0.974993589682182 0.993639836776904
0.116627119065715 0.481674568664846 0.855604716470114 0.545060323508741 0.588782072472857 0.61466340844651 0.0897963116916404 0.213022023647124 0.265721324096642 0.326777273846106 0.0422312593597681 0.963451262972707 0.243871580542745 0.131822780015205 0.807678449495566 0.866077260905067 0.357081208683346 0.457920659965992 0.520788186282071 0.361856739272165
0.133461088302229 0.685305110934648 0.447929429424608 0.580382661792076 0.592044322841863 0.770067512587688 0.323421659158296 0.330958869886928 0.0696259821480876 0.281745746965931 0.130759486006511 0.815411633435046 0.280088949102752 0.15237630033527 0.753414762234822 0.434174811238836 0.1592026964854 0.633165748595187 0.194318595060098 0.00282019152166037
0.608793024871145 0.719018041076394 0.921441320892249 0.577225956092507 0.955190785831963 0.695940793815553 0.379884210028959 0.941736946976543 0.748214446546236 0.919109700332642 0.985365214263 0.999480659872398 0.735700106891094 0.408068673851826 0.969461539910065 0.999977731467228 0.744124426730757 0.855165314194166 0.996676635723836 0.00259843617104634
0.147632807362712 0.615996260111792 0.564442548479758 0.715993390816837 0.627314306333676 0.0819269148206024 0.0911796955656306 0.301602056177566 0.359009357769895 0.0863116672344632 0.0789282529384009 0.7945226271667 0.177934552564268 0.0635498555515686 0.681531825558812 0.391280415659592 0.306063110632856 0.526712444051919 0.00562676805457473 0.00174661582359146
0.105646245103898 0.512444654093854 0.225624170993849 0.648684411996866 0.405946457066192 0.496043541042228 0.0500765535454206 0.127428173083407 0.320306074968933 0.102334807482993 0.0616963017095392 0.0577090475642562 0.0863743779361878 0.135828444983449 0.680727075809115 0.218353850946885 0.59187350592471 0.434001358937162 7.02647101788664e-05 0.0659345778913462
0.26176980737803 0.550211910905123 0.611136931733407 0.705896442054918 0.868673229850781 0.196109722027386 0.6058761413449 0.63445134887249 0.398518224955783 0.318329033728744 0.452394300584959 0.99341955292408 0.352305380744039 0.150988919345912 0.764302093603236 0.998945097312533 0.348735599292483 0.390859889224366 0.0534181784453408 0.998089229659475
0.175290652078546 0.620376816731777 0.764935767162535 0.67623502328617 0.878289776744412 0.0712851820696779 0.0412502154511435 0.524552570827435 0.19338857684712 0.178571245055198 0.292764960776223 0.914408303167581 0.227799031198514 0.0654790366778213 0.674276529584623 0.947715656822847 0.351291304182781 0.256941515981058 0.0301230536291154 0.00254093508834176
0.46403971875773 0.735561806211632 0.964484683053595 0.804756485299506 0.966599602007157 0.643255933466273 0.445273747672347 0.866728945125631 0.775942929662061 0.988800155654691 0.992641858017545 0.94363573541859 0.699608647423623 0.372101983288785 0.924719501128126 0.9949656733204 0.847944248184519 0.656171840387971 0.96103753934014 0.235706618771285
0.0287308121262723 0.433204629331027 0.132473120974633 0.577612804592772 0.183720596220439 0.175304022381776 0.042420393684567 0.0785816844845017 0.20193372612995 0.0342846694164743 0.0282404848714922 0.919524151683176 0.0345879407921047 0.0179208784507238 0.216283724823322 0.0377947119759309 0.424109523868964 0.3295783651669 0.000829627748003623 4.60679365478685e-05
0.682347344026279 0.647034210117404 0.948363653334325 0.651989536468158 0.960631041755393 0.391504244044341 0.204072771519361 0.982400276715072 0.998631434520684 0.969864748093071 0.983462823278408 0.998740681479771 0.789576166902828 0.38715658276147 0.94042754026278 0.999260237446657 0.873742069228203 0.701567610263774 0.90176537578007 0.949021036552128
0.143352255828427 0.689924734796251 0.386150228843564 0.555439405508165 0.61166771963854 0.424142456256298 0.27663146260897 0.291100682492169 0.0021301196076545 0.345520341741784 0.474606202008348 0.991882109820684 0.22793147349912 0.133698898151328 0.419078422557409 0.967574164412224 0.576232843552862 0.70004480287242 0.53063662103588 0.179420247571556
0.37037472086428 0.61172493610128 0.820402808457752 0.52784667670262 0.51100802562306 0.334198341062651 0.530499161485147 0.382135079355595 0.602311256682412 0.595004800508217 0.552447570800108 0.979221106733714 0.60743980632362 0.0824183863399058 0.511299290271263 0.998169469491592 0.538300035389141 0.345721143611188 0.394246566660027 0.996225301124002
0.522658760543173 0.558776234513376 0.454220874571889 0.465774298160372 0.952765282541112 0.390607531455336 0.510886121953731 0.651208296739718 0.84788591494806 0.846173625756841 0.881512380217267 0.996539867688781 0.383811492658242 0.185928391221844 0.501981064274957 0.976064350362835 0.508754150573198 0.672893192950865 0.508914596043603 0.998490518984167
0.519194658437247 0.639848866783549 0.944738164137695 0.552267323179927 0.986469258923553 0.80773465179096 0.419736762332815 0.977998096173916 0.979923333058049 0.964437179917254 0.698743639999717 0.972962934110531 0.37690513524574 0.368219900667322 0.842874417755884 0.946261586599336 0.641896864300783 0.786242554573036 0.531708453938256 0.819850706465205
0.665599583339982 0.744322496482644 0.923463195735718 0.879884819048585 0.921163293911959 0.497187827392723 0.301052784813447 0.837346376220398 0.971979154921215 0.88798508290573 0.954833597623473 0.997134347748689 0.639700900453658 0.485205065061118 0.874614125649776 0.999630723497411 0.317948010569201 0.689664917933949 0.820297641126142 0.0589834880489895
0.274977313663124 0.686030626410106 0.750066877903587 0.678364070832882 0.895091948647584 0.172879379692228 0.0922934517539824 0.778814181786574 0.577284092252126 0.878163600725867 0.478672298323807 0.932128631764515 0.295027649354799 0.123431826512168 0.805619568367195 0.994409288040713 0.355635373420416 0.686390705482964 0.998364386337527 0.049892769065464
0.0871273927923822 0.59532471159303 0.17047186055965 0.556390881414979 0.133822697387789 0.385757059225148 0.17313467015233 0.0916453331561164 0.0704429340191055 0.478880005034968 0.726157867336488 0.996290215729608 0.397418400013665 0.199242631078019 0.707894403023683 0.887245056662446 0.558164910164945 0.503798571459705 0.188746741102472 0.699102546721043
0.692075246461389 0.786052678852667 0.968588388168219 0.606777164859297 0.998135025361855 0.834981088189254 0.403191702660656 0.893652030985958 0.568602401070299 0.954193718267491 0.987299229056033 0.903996604310203 0.787153368112126 0.449817006838326 0.981620485092881 0.999835566570028 0.656564955675994 0.734257991717876 0.0338835046642328 0.0514265659413157
0.0893078823079352 0.540105336837756 0.659958333916958 0.635154241747775 0.0277355404140605 0.263552610852262 0.248016780707131 0.200623609741682 0.377394041358911 0.203792574033983 0.0439986518232929 0.836348600819436 0.162600848130786 0.0963967626026578 0.60352728637442 0.943245521688851 0.745121696248637 0.558752633177932 0.00869061153755995 0.953793129228266
0.0169731210684383 0.515562685190772 0.142869096269195 0.593194233026333 0.00377678733851805 0.146034916146806 0.0105123008880087 0.176557727642788 0.315697185644812 0.0329109336319125 0.00975386039005624 0.292692650299939 0.0224646075984297 0.0649608752531519 0.47283193459579 0.983371581498373 0.502794878729753 0.376043598954594 0.0422729019788635 0.0183412635694211
0.0187693073425363 0.436353977435245 0.271495626680726 0.413447151830149 0.0455188721209933 0.351951629694615 0.0185635521063352 0.00199378269871016 0.136551273970624 0.00994850004957882 0.0261617832195739 0.324249168709427 0.0124535650165293 0.00490478620474304 0.0381963612582846 0.0393451756511839 0.149516650301833 0.0460405622254186 0.00161155257879819 0.000428712242771448
0.162873275398539 0.66118708530999 0.447813063761731 0.650226275028312 0.892681915511236 0.341007997823923 0.225143145544961 0.65185246257499 0.869552384834435 0.77011569207816 0.373438357442376 0.837408426479101 0.243232760526136 0.277642590643561 0.623029614480161 0.997795392687783 0.349763457840652 0.825431967862996 0.526305370993844 5.64777767784072e-06
0.0197323490359041 0.359677640522176 0.469972178360149 0.459231147652302 0.0389422473318876 0.0725895887165011 0.013572264547646 0.0593986629487945 0.119059727743036 0.012376766318402 0.0340746721364446 0.864050391156928 0.0606737352480431 0.033939532348322 0.0931832127724101 0.945751096863024 0.281504730740467 0.398164592866438 0.0170483772923561 0.770409363641505
0.135330545707984 0.566723012521832 0.570346676908503 0.773623625147807 0.965789458742333 0.0545421912207055 0.165010206845299 0.554902629641009 0.0565509743386534 0.542268604141427 0.493458779228084 0.976436967657311 0.404836515754103 0.0790286795685193 0.538213584914917 0.72934909218846 0.372102489670313 0.533186713492826 0.17960997541179 0.00756888204922714
0.231865864679975 0.641545301503329 0.517647251722625 0.831422222727572 0.643431487418677 0.303877977652875 0.113133293431714 0.48320655320718 0.341534235693174 0.773036756168073 0.482162747276785 0.928995867299233 0.304853201404058 0.19311513969132 0.840279573365867 0.994643047327281 0.440838711831324 0.270118631389195 0.0850526511827989 0.809848994754734
0.417286787867219 0.600038864989694 0.700149981258796 0.756345077139518 0.889936484991533 0.329185070972948 0.466207141329474 0.819021361202889 0.968440850349294 0.917659881305077 0.868590572753542 0.640802293410077 0.743702757551007 0.255072784365503 0.692868298234122 0.999936714521165 0.730224461432369 0.807824687020218 0.0126526547993568 0.942209676255253
0.401282092889881 0.613668363688484 0.69052566886135 0.612602716193478 0.250479134423574 0.181500485806854 0.287107802517631 0.93858168993737 0.223162054527526 0.513438126162243 0.832799374608179 0.835931199065061 0.2152500262034 0.23822845558795 0.899170304690661 0.952504177145852 0.505786702563986 0.77657343203062 0.110889923157331 0.777105151153208
0.298569158155957 0.747168688984862 0.575854137315767 0.742411417570439 0.272906224488909 0.334490097280462 0.321608000737513 0.793560776595273 0.514113565265172 0.622304068960211 0.361747498513648 0.997171798251394 0.287348007879983 0.142570461971366 0.7766696146454 0.953434514699527 0.725313282651873 0.631356918140974 0.025138939228928 0.991603317663249
0.0571462192431664 0.658269112804817 0.130558434466634 0.741194464416892 0.0915399208110575 0.775835760373564 0.0142285476304297 0.126123747055185 0.256043101408594 0.0511703386326023 0.0119499246521814 0.808330951419321 0.0569923187238845 0.0351575116823533 0.476502529415485 0.653446472710047 0.20360812592461 0.428144911030545 0.199175756600097 0.033571659593724
0.800032921249101 0.858954867286793 0.861993650637068 0.834615840581543 0.992888944722825 0.525922166257123 0.93119246153087 0.954558724269886 0.969556647972738 0.993591626494311 0.998082244610116 0.999737028411432 0.928809241379887 0.662560633558048 0.991773012616023 0.998934669565166 0.90827037459059 0.802593294546323 0.999127054932963 0.999998079884451
0.236827022297646 0.465378584533796 0.718357062980174 0.583048756373806 0.80988118121344 0.359240341375084 0.302581225485472 0.141595722752706 0.364516713013982 0.260117930847603 0.499495094042081 0.950974086319321 0.179076131597338 0.0573668923121435 0.446415682432437 0.985186447324988 0.410497131481581 0.469509817697845 0.0150973965718923 0.936863454509947
0.262250848483297 0.616573044074967 0.832623163819041 0.734944980825029 0.574962634589201 0.196911880480197 0.064925622604006 0.272828270315931 0.800783889374251 0.71646419969153 0.120040275660791 0.991474244117459 0.140240013190833 0.0440052646547396 0.279702541276711 0.982988140569606 0.332521806341627 0.61965972086154 0.00928087358711071 0.999297553480328
0.0414631665174127 0.550241307462245 0.0312105255442612 0.56980846277274 0.00667385889742108 0.410869077964341 0.0129569448466164 0.0939387333403657 0.832091497914638 0.0384325883069248 0.0300143537844043 0.0130647130326115 0.0509589160205465 0.0361104095925808 0.109060297559187 0.0101926098715183 0.281829236159213 0.421532152347381 0.106637777890189 0.877819915364914
0.025862803373305 0.556991476064664 0.543744249668104 0.577919270987319 0.221271527457709 0.130620661774236 0.0317567051264606 0.0305307003524557 0.00389379032171899 0.125408151410015 0.0266179080741396 0.828637638394591 0.0724079318111432 0.0228675586633741 0.551766506680108 0.451566640275775 0.385170075252634 0.377636921509176 0.00173075776458584 0.000437228254574959
0.0127331380843516 0.348995615452425 0.22007095400508 0.696340836772119 0.00123126951259031 0.0921530325600458 0.0437563067666955 0.00072012143650247 0.0128282197624982 0.00735166464125955 0.0788915356809127 0.0408189804885611 0.027978981877752 0.0231474281537764 0.113976889225832 0.725859943229032 0.195274945783136 0.230106702739429 0.00300007249978067 0.444506595801884
0.0844457927562117 0.417932675985457 0.146378484281805 0.383547042994004 0.205838475607345 0.141490921553466 0.0295156094598649 0.00285618565386771 0.810778351694223 0.0280044468153859 0.0160921201638556 0.368150666009927 0.148151328287276 0.0578580142715077 0.0802885663481835 0.752984450026234 0.309350199635492 0.148461925421059 0.00271185027289355 0.99889662769827
0.0546484109657758 0.449032209287448 0.398157082291426 0.59099717386897 0.0698151786507064 0.101889423578019 0.00392289477835299 0.00777783244731386 0.0667511508753363 0.0191429218904903 0.0117058763645848 0.966908378973542 0.0247347620460851 0.0294829477458292 0.337055699302799 0.0848815998007915 0.35702031425866 0.389358637627797 0.00575591195976596 0.999970731362354
0.149289897590118 0.614718715701217 0.86004431924711 0.767335677112979 0.444699772238533 0.692192261539968 0.130718355341866 0.214703688837267 0.103943529839094 0.610828502898469 0.320314988548278 0.827186095150291 0.606858565728452 0.0848330839947843 0.523385903175349 0.997697637471362 0.257221688522291 0.630945548320594 0.842777432243706 0.362223936695458
0.124617148656768 0.670959975795224 0.197481929033191 0.544786144736495 0.958750362115437 0.197895868065853 0.128027792156239 0.479554066765699 0.670912757733868 0.648024944491781 0.945316942974835 0.644926644793673 0.096245653792359 0.130524287382579 0.508760593846064 0.99699255612122 0.696848050025581 0.568681688140693 0.315617382613753 1e-06
0.155847820032699 0.496874951453393 0.569506244150619 0.59668176169982 0.330394631113351 0.676506963391814 0.114618060731681 0.226436732021166 0.184598564799501 0.0603145517325455 0.113317473621746 0.963097972388266 0.121749434909738 0.0254867757312591 0.536289879535903 0.521699595360391 0.25614887314191 0.407087782777886 0.00512394544761293 0.220377058770893
0.122189988364932 0.454119144868811 0.584781564681005 0.652939286895562 0.910391619270508 0.395450361630457 0.0915639418495848 0.407634449778805 0.584580522252726 0.287411710731944 0.0524735743269304 0.969501851115594 0.0733550668259692 0.0826102073674323 0.432096645083455 0.949552534667157 0.263408734599309 0.239350820603214 0.864152160018022 0.832019953536415
0.297161291469345 0.616395740406837 0.514117662923773 0.72163343649321 0.933600991622259 0.273597324138555 0.378268649471201 0.538868983866101 0.686414255990476 0.830183324285312 0.673413219350894 0.985456829729333 0.344295498292792 0.25643174324356 0.444451293381426 0.704533637627263 0.333338366894812 0.752708065693931 0.0041156669099336 0.790713710696224
0.753419845091534 0.77540907078304 0.783283669588843 0.704639348419499 0.989187624389301 0.857498365606067 0.498338355514891 0.980266860982159 0.997864543380141 0.984168271865552 0.975348194000352 0.999966875500119 0.932459618723917 0.663341010406045 0.898822445204467 0.999955345926136 0.642482501554892 0.864986128999975 0.98456753123989 0.995287560578519
0.567892645689855 0.618535020218806 0.697824170733973 0.818540887432561 0.948130221924313 0.748133848046415 0.264760810253056 0.542373571652235 0.531039522778784 0.925075917141828 0.828949820528944 0.909961144585997 0.646903513770511 0.274344771467369 0.91600539510749 0.956757888589173 0.576985947761068 0.583740646663822 0.0462942386226912 0.983262273398237
0.0755492046012364 0.64222043491023 0.285485616273601 0.482454650859057 0.157100305855319 0.0774111070705923 0.107354618627969 0.0557399076891155 0.770408098717861 0.102996230473513 0.12490484806057 0.754669057770215 0.35204934076737 0.0130959049803663 0.364188568004546 0.734737596298611 0.38201731674231 0.266393798388287 0.1389819249589 0.0106792975948534
0.2850507740751 0.631749619851459 0.393702802725995 0.464547166419931 0.941812747399611 0.193256127117032 0.0282218714192028 0.87497500874805 0.973918782365511 0.749449130388213 0.78529336057408 0.977931441397891 0.312384604385184 0.229984116606928 0.897347071811294 0.994247940358073 0.223560286413317 0.546788031462895 0.0338005037203209 0.0316393621547379
0.412404940449725 0.762414920774732 0.917431654631773 0.729696351451719 0.989075213791834 0.787112315311836 0.182964032717856 0.524698621452487 0.872522318820816 0.755906774885203 0.936004911459368 0.992641026667172 0.677879871781182 0.354510455616542 0.824835029507958 0.315786633833826 0.681692623200124 0.790108867501545 0.998341410806565 0.999997953469436
0.147904904624089 0.556551492321354 0.757953126402759 0.31231305493416 0.729810859353346 0.328526156625397 0.222453273324796 0.558340764593556 0.336857535652024 0.438095079800283 0.778351953640481 0.857975121067425 0.540826215869161 0.135807263632313 0.428878213938245 0.976754456492678 0.706057357076826 0.726939013887944 0.0810755852612141 0.182199811875723
0.326816941088978 0.620288637521492 0.946203191272153 0.406489834276466 0.611809268457633 0.0903927974740744 0.468999512818435 0.714664567841761 0.781119964133603 0.205874957054447 0.683929640479834 0.998918393319165 0.20625068708587 0.256589148535 0.585782146484278 0.679438119589754 0.519997862887368 0.326487824803175 0.895343952939913 7.80375301118659e-05
0.260152734460968 0.615302007453712 0.47920893737511 0.704943080886 0.835647568957178 0.479133457251912 0.318503615244861 0.582704327958971 0.911202567346458 0.633718706579052 0.498377584210103 0.931062800448912 0.193136149586657 0.196442731383022 0.515169057063805 0.995189781715674 0.485695351416287 0.484571033216194 0.918186232921178 1.40688964813374e-06
0.133175956590553 0.663353714029821 0.882299517782769 0.641446423193228 0.386457028074047 0.104915862153069 0.0209797490169837 0.200198015518047 0.3342875114195 0.143579056261926 0.213149070290431 0.961626645647967 0.0931283856397363 0.0830078649003673 0.191332549650952 0.42224078363209 0.753845005279238 0.287638704235929 0.374910324697641 0.031222782644
0.03324264881398 0.58986576083522 0.30929327352556 0.483912344659156 0.626437452927104 0.4092521569204 0.188882329828672 0.0725932604467184 0.0645643791807756 0.414232525712087 0.171375010200785 0.306858757672785 0.162353426064175 0.110610640988133 0.137654410913376 0.372608584393802 0.187859837042926 0.191332991938528 0.000478319394674704 0.999710048010029
0.0564717760641577 0.618301708246898 0.88501791480978 0.577225946385352 0.592501413711952 0.549495004823711 0.310431704104828 0.178080049281579 0.119787369211377 0.343687399618751 0.224780940219869 0.992696436956591 0.0932182427864281 0.0912733953437134 0.741825283991315 0.997424792843286 0.391139562696693 0.393185842977773 0.0228573302805139 0.999475195874785
0.50864097125424 0.665817641891748 0.850233020343476 0.749143747579292 0.990851747707427 0.307283987867787 0.380086220245639 0.885421315970232 0.999184862864836 0.919251872565575 0.825451442304314 0.999431405662663 0.779170445543833 0.297369717612999 0.9413754253554 0.992822875859144 0.618207234568491 0.905422828378991 0.00541117711089275 0.043780370707017
0.114794165946589 0.693740440286141 0.423709046106114 0.709876403749342 0.902819434291541 0.250782614782657 0.659090760431513 0.951008081663118 0.869378939771561 0.265921582050055 0.705970526139824 0.979387477588128 0.312772937824893 0.241322659872156 0.400549702219281 0.99978593812606 0.677698415320993 0.549111086326159 0.00091746757469834 0.141704450171569
0.75381390211755 0.796537334292405 0.446152273764534 0.759249739938906 0.666979187321632 0.507963936295774 0.736859367479209 0.977447116394973 0.752116427370456 0.775538856756856 0.739687364674382 0.983233453538049 0.62382933403244 0.181166913731618 0.949898084151189 0.993278013500187 0.909171608338747 0.669010944736804 0.980022873274827 0.299390204682861
0.118344055640382 0.619249135056765 0.158599699694587 0.606137059664188 0.268220279939332 0.340837434613911 0.0430544180518957 0.265433623819961 0.751837821699467 0.039539056209201 0.0405743206465926 0.221168711900253 0.0458977908668269 0.0510225014290611 0.722340955962344 0.136771263076235 0.38698674692831 0.554856332419301 0.0482297120290036 0.571692617866598
0.34869630157904 0.600785793553733 0.581734367717837 0.739973195550524 0.910137579217161 0.445394623917552 0.332124370743574 0.782795660456702 0.355901454728876 0.812797826687385 0.753637764072393 0.979335747901096 0.441982405449671 0.237340685022298 0.875935849551058 0.869428918331801 0.714000468392117 0.7366169997628 0.184298638973874 0.895719286922867
0.103016257706029 0.508619169412598 0.558771600097714 0.768486488020162 0.857561665269435 0.528224573759275 0.126973902775464 0.405190810104204 0.676213473301789 0.47216306224014 0.604702406773201 0.896102936583675 0.227206904478785 0.128676652687247 0.52947080098442 0.987480154809988 0.638222367653569 0.662926046138356 0.000567257316542015 0.993191020269617
0.484912670948676 0.668144556458696 0.777672669612953 0.565046387905734 0.884503214162042 0.786676913393004 0.42728702313394 0.933796094976199 0.409085011210926 0.922251478289697 0.948219720933183 0.92446405798294 0.336453110604637 0.28129095433372 0.696974118302245 0.997339210645805 0.436899256162789 0.602094135412774 0.820617529172442 0.00318235747941924
0.0843975985679305 0.578426305546706 0.0821814819378126 0.519805981946981 0.550064023084543 0.168636909385113 0.062995041585102 0.0681223451707209 0.813121086173349 0.567678808425344 0.120972721035404 0.933481660731035 0.164920061415544 0.0898194465916744 0.786065598257735 0.688380843890938 0.728502648733058 0.475350523066514 0.00458425589543101 0.999976613707394
0.557581223136147 0.808485539469266 0.851374145300774 0.924218897998797 0.971706757944364 0.199131581961938 0.677513798836659 0.977208775759741 0.870804169398749 0.947942555382733 0.989654562712197 0.997853517387145 0.684987283601207 0.63637344552631 0.786782580328323 0.997126401227605 0.57661671636957 0.845019908050456 0.432616350918133 0.0124233280914217
0.470836450092786 0.751112376101164 0.864624707849356 0.590960227397385 0.976198751543222 0.337781374688563 0.354072151515307 0.693418241368986 0.974377664887426 0.928170287998957 0.970232617302624 0.792493067077138 0.608715911929417 0.321951109523785 0.982443432697406 0.999812871878386 0.699484255877685 0.740533056181636 0.704358498207499 0.0391596839871676
0.191462058871622 0.535715268540973 0.78111947770251 0.836919970836954 0.739343694565345 0.306574699845056 0.528735654833413 0.176436355542815 0.0546368731948032 0.702435083372919 0.227000582267341 0.995560560142942 0.232085300185011 0.124624737873638 0.409822420500505 0.459816490379061 0.587323966290256 0.721931817235927 0.18390052666114 0.966224696744805
0.206920748228864 0.638809860659832 0.468170026542944 0.731681908142791 0.887250776339032 0.343351110834281 0.566751027225673 0.750321904050907 0.152702242564077 0.692790127971476 0.28366355373702 0.995067363794522 0.725063381111949 0.233134227973587 0.882507038277057 0.996085432169726 0.570240507083067 0.839287304576047 0.999552664310036 0.968145854241745
0.510671718355418 0.774364889050719 0.182820453484418 0.756595075243246 0.624647937617471 0.445345177959383 0.549844553101516 0.902115662378442 0.59094301776736 0.720518974221394 0.86470653234863 0.962283450413883 0.255094660113109 0.207773862345233 0.598584855848434 0.865135355895257 0.646587970520164 0.649926542811768 0.477663209160635 0.995313216376856
0.086111200273216 0.592990110526699 0.630526797661924 0.591264825941577 0.0947303917480507 0.210655151115348 0.0536907417024345 0.25234775498401 0.374117490786838 0.13699841185141 0.0214128417239814 0.756942582688827 0.0414105598005916 0.0741218805458527 0.644713160739431 0.206610288369276 0.453531148862849 0.47912003783178 0.00384513784902871 0.000323588804560386
0.0257752525217231 0.510483398506121 0.122858222638543 0.472058223942143 0.0372133335817415 0.288451807197818 0.0170452577544621 0.0069784173677965 0.00797285603987893 0.0379148116521406 0.0230321932180935 0.365348489851792 0.0201688590010975 0.0171437235458456 0.113792190973838 0.585844520720078 0.288347146745042 0.34286583261236 0.0306681603712147 0.902950468113414
0.0880020396338315 0.562250818002026 0.736835090920915 0.411213520845963 0.216685231386613 0.449300293907016 0.0260671189808233 0.394518428911942 0.0190966723080882 0.238015831053536 0.0778474831687812 0.892050602313589 0.07813361312299 0.15310190431963 0.463474858004619 0.991842338398082 0.224658014296123 0.338515665383854 0.00104927794558774 0.00592446997173574
0.36489554664076 0.559874843598618 0.645350967846746 0.79757646521056 0.616139784064885 0.621183546350398 0.225686003166951 0.466467004521505 0.486147194029918 0.623882008001772 0.221024046367732 0.991850981419221 0.197901683055632 0.125388533078817 0.427567452989837 0.9374617231282 0.467271208348436 0.784836771776028 0.596681519334467 0.00138930332459044
0.0290137238486839 0.503267348808913 0.229601034178463 0.268560497088233 0.0612917968114018 0.0227004819061775 0.0108085785118627 0.0822216863270551 0.0459397531890171 0.00355617769641829 0.00619432436721266 0.0460809450289038 0.0141924277025094 0.0153550231107678 0.226467807714144 0.0408850310729562 0.222704512269909 0.128565318592944 0.000764463598597029 0.0963517571968424
0.251441968598813 0.628505382079338 0.59669775459978 0.619519073032499 0.534903294519955 0.120619721181201 0.488729540281189 0.207142344224326 0.606363269717333 0.642642674245485 0.0912826218910854 0.997080905209894 0.448775796995662 0.108515525767518 0.641304960962842 0.103208977528674 0.630688989790061 0.546797925553286 0.0111117401941299 0.922181486652717
0.143606529424919 0.660543572294228 0.880589376219763 0.431170354612968 0.525474069075677 0.363215008523402 0.0653015933058861 0.959665739612165 0.528575606214221 0.376556784923008 0.168212400681407 0.882386164518185 0.209828236145891 0.245526559874268 0.736355447162224 0.959938133351005 0.422445168147762 0.416565923222468 0.0169187215569046 0.459573158283756
0.0933414307203495 0.555062695391817 0.252609568489074 0.624640753142114 0.104869701371025 0.653665527872572 0.149365869774838 0.443673577269537 0.53906309212803 0.121877005077669 0.251672971282531 0.610328532633585 0.243275935338285 0.124921509560846 0.643655395000948 0.975280372647095 0.399262666206429 0.634317479605098 0.995446245546891 0.021183710066512
0.642785179585579 0.738345031809978 0.778840774101179 0.70974487234233 0.84028513315386 0.65026834018309 0.413105055463835 0.783454092682297 0.912192154675161 0.923000843001462 0.90211904044212 0.996602395451605 0.42068407101316 0.364134897345168 0.84484035656802 0.975678043828527 0.77585635527924 0.601958910751295 0.0455497532615884 0.0071068462914991
0.605644623420862 0.753513797756571 0.871918277393972 0.779184141257447 0.990429933166313 0.657018661385979 0.942573782438041 0.990989735112698 0.923207736648913 0.986836902720707 0.981125715256295 0.9944534026411 0.749483860811644 0.545000955453928 0.966673622767061 0.969709112159176 0.532710641415053 0.703801120432061 0.719757698458608 0.00553886184251174
0.339145599692366 0.717149056450533 0.65105037817924 0.606315023125766 0.448131131687656 0.793457730766634 0.445965640637122 0.83254368382386 0.988070094653067 0.851959169265059 0.827702929214159 0.896253555612303 0.234531677622813 0.313180596372295 0.776800485208983 0.97094315934458 0.274641238218413 0.661346641547087 0.095693338081922 0.0232249171227893
0.203920955847202 0.606303024907966 0.649725694958871 0.724810425072804 0.803462105503874 0.627125028187373 0.132622742656786 0.575422082332934 0.946425841024286 0.473560194317892 0.321602834609793 0.729614806455067 0.24675827012029 0.0685900755704789 0.717781555175212 0.502861474490421 0.545658331417505 0.618525945397596 0.00197224368482436 0.171095484406488
0.139284708786762 0.598534816650867 0.204194342858616 0.708004068802605 0.552821271542838 0.429026554048833 0.558808510316341 0.129548741980141 0.214813352073556 0.515664485607726 0.177728293182489 0.962688165437456 0.155882051125574 0.0587650127288072 0.356927569199371 0.973161641604025 0.434078094385921 0.408784987189036 0.190879475247366 0.0328227337080265
0.295446180937208 0.61980275252232 0.380120089644166 0.696245212797133 0.784402319531043 0.766934328984626 0.156245890347296 0.885428989985564 0.632121933416299 0.330186538248 0.794538881819308 0.999177589830516 0.38884902573808 0.0723893038978846 0.435712621778442 0.783145994615862 0.498694051913865 0.603942053183593 0.186564225511255 0.133279329491943
0.304178443495288 0.509075266282346 0.35337687091035 0.563224201682294 0.26510612104298 0.530184379680846 0.0315968544289338 0.439050855267555 0.236257067740785 0.137122675887461 0.367768875895535 0.705207799071943 0.216790484107075 0.0932750517750028 0.541779033028194 0.699824927297552 0.746728231254625 0.282870680785259 0.0342502521116225 0.915999025818668
0.274769103400382 0.675262555757047 0.841481489579749 0.511948042041541 0.954395665644804 0.19028053224733 0.188579782598985 0.628223249447156 0.460822212688284 0.778933187994728 0.861802162043289 0.965027041850781 0.443169643029201 0.116502985913859 0.843376149955622 0.505182412714082 0.572433702262449 0.514932362997036 0.00225125341716247 0.999893322731494
0.368166481257401 0.63429849264201 0.756865359245514 0.454239874719029 0.529727839826664 0.250430208452121 0.456521269329268 0.983569499751786 0.996939007834281 0.735182907931404 0.72626542119018 0.984502513653076 0.466831155349537 0.0961194702386174 0.898024935554486 0.972845583370513 0.326117455302925 0.683343018792173 0.286745424272945 0.869630657476413
0.211031879773859 0.604178232203618 0.402746600753106 0.489686901738095 0.537470014226999 0.26015457243888 0.205476518799466 0.288889207024126 0.831382971617684 0.493605446803958 0.596166132229827 0.468721231400764 0.258994947094857 0.111386936296807 0.627030169108513 0.932662556519764 0.3142159642104 0.505380983449344 0.00664010410714293 0.109892915575798
0.167639380110377 0.631155649033062 0.800567326164819 0.607090468817628 0.753293475706547 0.0847523736933895 0.121743206926852 0.917988684076295 0.681013639784296 0.572261145785836 0.389321881113304 0.97435822480415 0.301603048736188 0.14812729910188 0.76322914785949 0.990576493125844 0.549583850352407 0.622355887469134 0.808358245349609 0.982739328009705
0.0726442707426061 0.455742118383016 0.0848065918387037 0.403512978485489 0.358365522990297 0.404917062491844 0.0294300275329376 0.0741393069854048 0.000863613511090559 0.194563540573215 0.0226570084632497 0.912047487866958 0.0308218521472687 0.033352106047656 0.663915118545392 0.784680174781008 0.482448196608798 0.382264562145486 0.0179599407018772 4.24257167112454e-06
0.278060711163928 0.628661962401468 0.920741470076676 0.715541419277658 0.981951640571442 0.16555230858746 0.526682781330479 0.491298788628167 0.224356352361569 0.680875556334586 0.476160531135513 0.962144620783898 0.400021344207576 0.285434386192321 0.707203489052271 0.98451420352583 0.567219815728986 0.74483377878848 0.0115394869105989 0.110984924225604
0.67754589290617 0.763786372892007 0.939512694559197 0.614269693051703 0.913189564610729 0.935152772235298 0.493124443105339 0.994369864178453 0.896659227781927 0.974877304682958 0.983052984805178 0.788558790612018 0.718455128188325 0.524808396201744 0.870478677809787 0.906564330312251 0.511076837297885 0.519485691151449 0.0399717954349203 0.18255113959533
0.247013071168095 0.592545852956724 0.948479404962241 0.941784894045567 0.976962995236894 0.682378851695914 0.23352591402579 0.920568380136671 0.0324243061028862 0.716213908968447 0.370597240223351 0.901063807345356 0.298088489999075 0.155764114921481 0.831524717756947 0.996279932011306 0.549290678151394 0.498259539062335 0.2459292863313 0.00188709115175879
0.653729761731349 0.682593385438543 0.950477950788584 0.619261797451036 0.988214073677442 0.215295953339422 0.129323773564079 0.991256202526207 0.985471391385536 0.981266266105633 0.215911321685956 0.916517926052654 0.672455559687498 0.371180274164348 0.960734271637225 0.998441902583619 0.790320174685238 0.73205064195308 0.990887294018571 0.980197310937955
0.111463144584056 0.455421203696789 0.15361078890244 0.744468160519725 0.00161170566082488 0.597260317431914 0.0343637724939832 0.471598739539124 0.057450602818477 0.0685999184080875 0.0126618585844711 0.869812778921926 0.0600626477514888 0.0546352869175461 0.243212818946003 0.994414609821689 0.38527183506038 0.493665880765199 0.00489764840118035 0.00203965877860276
0.110452499317604 0.495974799963506 0.548414513968521 0.815836706273081 0.00429726040639995 0.370324611000409 0.046993951230242 0.0130913725771597 0.140458859138846 0.0571738990715815 0.306093953977492 0.943635526418777 0.0816543297586333 0.0544821796232492 0.408955965896318 0.62718014724668 0.360584391909156 0.371418621448868 0.0726400900700542 0.00225506397581992
0.117119391727345 0.454623169426827 0.328143331590178 0.489804878919573 0.0576507304637529 0.458272006096841 0.0872923490810649 0.262820706884159 0.355971808794864 0.578718351410954 0.391460060672145 0.100008997235966 0.0587779556887886 0.0458095282511718 0.560427320698208 0.760748814999946 0.492592835168219 0.255743184449228 0.000168303325672497 0.640839665446121
0.830664521739883 0.808197170589276 0.870219360400495 0.670156662441599 0.99886249309142 0.827376884449437 0.82146871229005 0.998739911851683 0.942702984519232 0.991557791741037 0.999639163623272 0.999995087782461 0.945268380447237 0.715035915941971 0.949449187056934 0.999105704097826 0.829431479203559 0.962466766156311 0.776093826996964 0.0640048072372383
0.256972318128391 0.724198284491487 0.362746684829789 0.7012529855902 0.982315273329746 0.383400100293646 0.365557473939131 0.592615272585092 0.406763842690831 0.523906611461817 0.736176920042359 0.975675621243697 0.242766997649898 0.215396468348947 0.733859396995149 0.87773672706875 0.647399938842128 0.687173290303478 0.58389402319733 0.112026565414815
0.0232395366826079 0.429738109616793 0.0628040477322105 0.576295940721781 0.0127979318187043 0.240977563928365 0.0238143850146096 0.00399065897640256 0.0215060925553562 0.0120425589032889 0.00676223831781662 0.165501080442953 0.00632558337518059 0.0195548583720154 0.102128795128608 0.575362522823017 0.506653695307095 0.238442496094628 0.0011565682497568 0.153445928353672
0.673119471086057 0.731631028264378 0.760188667616123 0.590906351771506 0.970946051403904 0.520793375836735 0.103208466732618 0.485306698154113 0.456770873916161 0.868914105443959 0.96630879423531 0.996603592699553 0.541742345075976 0.244371374040933 0.95149339863679 0.999956140233857 0.529515166127649 0.842517351127878 0.977167412772633 0.148973145465803
0.547128219691507 0.722578788043621 0.746633377184009 0.828866892529383 0.982063868030167 0.290932643479008 0.680249778940088 0.840124318562853 0.992494679474009 0.94769701400452 0.948748780870699 0.996087185384808 0.28166606609708 0.323035376681181 0.675037929159125 0.999844305909641 0.562353220700184 0.946759226298315 0.970343864095386 0.01252594577019
0.339661879418021 0.728023808101791 0.348391125356825 0.759215667758125 0.945790939178287 0.229642375898184 0.0351734117915095 0.651270073736137 0.823624225424189 0.606529397752382 0.553668713150639 0.827159986209678 0.150566120316688 0.178043607569808 0.301867016063456 0.336903206524227 0.245937352005968 0.69176998117854 0.981926683271205 0.982104265552573
0.220299215165315 0.590846804165587 0.437544076547076 0.47335926422337 0.745424016694541 0.279020113298304 0.0812362938998713 0.375426955028919 0.513929002148496 0.158753281471986 0.630720604306836 0.964208194229083 0.266013727456876 0.130007706528465 0.923695599941908 0.97716874162001 0.570991481845283 0.753570214145932 0.667798403719877 0.0246917345884959
0.277144257857894 0.648966748704974 0.587522772453835 0.795759957829477 0.0848629407632689 0.0973346742744058 0.172205457310517 0.143652414915019 0.721194295249445 0.431580756189219 0.317907637766724 0.994343468349765 0.226208985643354 0.130013205626881 0.854647086578656 0.64421757680159 0.652708023929585 0.605734137790324 0.0264802876196101 0.998494616427685
0.312884430411964 0.600849558830919 0.343215467058735 0.799816837109989 0.935004600744623 0.45826594853951 0.0563054360687863 0.791468350754177 0.438761878757289 0.486502498850714 0.750653705326638 0.950087823644118 0.524643451383894 0.321262904152952 0.935641476816831 0.9521541377503 0.630974363841252 0.652648632366329 0.789018640539094 0.91679065700604
0.0272677408614173 0.266417092702634 0.216332497492315 0.288476673910916 0.00647740210748041 0.0688336009334199 0.0579377822511463 0.00639470379833625 0.0601195925422711 0.0297321442080798 0.0131425134008185 0.0633972817614264 0.016480449101179 0.00821856968316848 0.105431678117014 0.0977736049130517 0.582409346684397 0.418648291789413 0.000286085413697365 8.4727966764864e-06
0.338003429610706 0.667186609171272 0.377591464103687 0.749409397882459 0.6237946453979 0.782646750447881 0.434948118526828 0.495525941135488 0.990336529759246 0.489690249263079 0.459008970887077 0.995819259101347 0.288653794441027 0.287786732229907 0.875095578317895 0.998268695751215 0.328042997139316 0.470627982291914 0.110218437542726 0.999986063988979
0.804376204849235 0.802142351260948 0.610449656301163 0.694864511636303 0.90629931824349 0.58707548707336 0.938298134415025 0.905001138056752 0.913358845159595 0.962653929498114 0.982571526004176 0.982086823759751 0.836444623891217 0.467133795032103 0.887185841871312 0.992364029164566 0.349379627164733 0.861326095405151 0.793860009549929 0.999989481515408
0.120825163879639 0.491124267116407 0.802349037513075 0.519405036118316 0.0174674442290295 0.32886078572223 0.0229251122534206 0.0540272019351568 0.729527545293803 0.151069137491295 0.0669053248469221 0.968868554150334 0.193891537380896 0.118752550109585 0.403091836163189 0.896897280721863 0.365207019319186 0.517095685530757 0.386559885340381 0.944261496179833
0.165868580855212 0.512576712314112 0.570172047922214 0.746558107093822 0.700238756293378 0.715869623476345 0.0972411900836951 0.726231947579127 0.51390930668893 0.344986345730399 0.286619575960522 0.964236154944624 0.156637193962381 0.164896215538443 0.664216603325165 0.99203848122819 0.611007236155239 0.61617471401028 0.763986177604286 0.999313565343133
0.455965133677567 0.577544030659934 0.56316820635259 0.544134945947941 0.0333156418351661 0.354311543298461 0.14564086194483 0.805900697624666 0.985769302686532 0.626629445795334 0.837956113996414 0.919538451878689 0.456115958153183 0.0748631215582148 0.63325808932808 0.925856746818274 0.459075167347142 0.743841612365843 0.974318559652341 0.713421951507594
0.015401116379943 0.476979032969473 0.114781702952433 0.744046314864059 0.222538961216313 0.195645833805833 0.0104935735400637 0.0894202683273649 0.164460246069022 0.021761376045901 0.0887462307809501 0.701754297990362 0.0638363597749147 0.0494659906269902 0.180598296772025 0.288860754715671 0.247542056205056 0.272702444469559 0.0567389447404897 3.44731465564423e-06
0.102931104351334 0.461699121411812 0.0709688100099451 0.591447565468088 0.517037082823966 0.17087635387581 0.117480463432573 0.583575219561855 0.21557630846588 0.0959852266815441 0.00354398871160112 0.980956580591042 0.0738827207926206 0.0451665459444039 0.544020932989819 0.593162549219372 0.228830573650338 0.503953921170991 0.000691659314398643 3.15855366242295e-06
0.172034022963687 0.572459471745856 0.648177310348874 0.476969408790869 0.375550211150743 0.0973439222025857 0.143491499278635 0.764156558465521 0.346435847755459 0.134351437405444 0.252658860628829 0.994858204804093 0.115902886780308 0.0420619272024151 0.772951608748751 0.0361339329717923 0.523887592812616 0.507717430404212 0.0418806350403737 1.65217860209712e-06
0.442225236277658 0.565385828030678 0.875248777986327 0.628987953197565 0.44318824347767 0.206188306447102 0.17030114438906 0.611280344431323 0.0106606536499977 0.378952724210952 0.699633141215065 0.97471417423401 0.308919310190418 0.208360218473516 0.771257787811902 0.999039660085382 0.567060115922924 0.763012101920881 0.65743445217539 3.70232888023448e-05
0.244979391570022 0.633677057361448 0.460587261874546 0.553525494768247 0.179346626792168 0.450525353768431 0.451047968344011 0.93356507054428 0.94457374707623 0.725663947302775 0.33505298750259 0.944958185406146 0.269533575489966 0.13059435879871 0.801659486264528 0.987642468448463 0.198111384887844 0.779824129464499 0.742038396079544 0.488083532966984
0.0811631100515166 0.439540524349522 0.781620036144924 0.41525280400109 0.396741872936434 0.627217968745344 0.0319408903082171 0.317872830470616 0.0704639476880448 0.181765675164442 0.430319108234268 0.211005265131422 0.0780911435213013 0.0678232360116879 0.159621154242785 0.251315550240579 0.217097474711477 0.519804332322966 0.00421887379155943 1e-06
0.709272598779162 0.684800137100468 0.882703757190008 0.495573708488892 0.864391496517805 0.425004005019731 0.223031714938698 0.991136357307155 0.805782785707624 0.946198624984432 0.879877695845541 0.996823289174557 0.56552239005872 0.431332580315317 0.97357964852519 0.998310091067786 0.82442840156667 0.819165189485612 0.989279459677986 0.999859933369207
0.174255363870817 0.517416937931707 0.909519519908997 0.784071502469174 0.577326399221153 0.574992823484906 0.0486209791450854 0.165838322556989 0.0479564613734638 0.303053005939835 0.0559362222168365 0.734709573206095 0.0910148287190643 0.0749512164792869 0.181898234605191 0.131883533807576 0.372384397246043 0.340945596569726 0.00114630105444587 0.00700792709507016
0.459904787657277 0.730247748750175 0.892407121318231 0.56851832638256 0.94808764804985 0.317377795285781 0.248241774702377 0.81259484489502 0.975435047848754 0.93340541714022 0.859649824330924 0.860607186085852 0.50218183716266 0.272085564741681 0.78876543783648 0.963406766530337 0.438843354318732 0.589829598036653 0.505670978978137 0.999988688667492
0.0797491351391816 0.710477093299564 0.486808577167164 0.642881462361031 0.378035313555087 0.24937173351395 0.0279326065298574 0.662452838842932 0.266838051390392 0.544968771896769 0.324002027421809 0.314885986220271 0.185177885737766 0.105955907551531 0.681806079992843 0.962196340604855 0.618811449821891 0.691473850865852 0.00247372597296425 7.65319319912837e-05
0.111903166649128 0.778863807399075 0.428708779438306 0.606548602133653 0.787310251933084 0.618495917814866 0.0979633788371179 0.321908563054408 0.0896272180572648 0.254476671438645 0.277618432006317 0.907899226810109 0.142228548777394 0.20848798446715 0.635145522835015 0.947267069121555 0.332331079566349 0.578727432404125 0.0205452904434063 0.945402688703858
0.28795722419138 0.717823024544639 0.754746979155428 0.734837022077581 0.924034058396232 0.435626574337229 0.114325388091467 0.801842922748408 0.653534000195673 0.34112857648003 0.480231831788591 0.94303128954975 0.378879437066716 0.329107150041138 0.572650637423422 0.991350287829716 0.64168449172818 0.579476971092312 0.344534253206286 0.0353027242928622
0.685887088313216 0.769357464073565 0.827060693082045 0.868366638035007 0.965236592469034 0.154182608513979 0.662155019826505 0.941329385152278 0.910381271860247 0.969666206147204 0.942993772558171 0.877746909553944 0.730812165399465 0.317430570839749 0.879338544862419 0.99443705806545 0.638865257747392 0.597381072915556 0.996678943504939 0.99969130951004
0.747354716671116 0.768701403561599 0.859409682038988 0.841575229450732 0.992107565591461 0.310002035627298 0.364204731185605 0.971136177793075 0.955637534114191 0.967563039489552 0.937187192909573 0.999496725696372 0.700465319932951 0.716941369325699 0.974685235066374 0.999998604609727 0.663044741685082 0.75472009459168 0.997605150722143 0.98168148261206
0.0829020841814379 0.609534088426453 0.855111751283504 0.720470070405916 0.181368485464228 0.347732636836028 0.133817225672399 0.428127974594292 0.771961084610081 0.146716672349283 0.368747000140496 0.956929256750521 0.344643927399609 0.218498316853576 0.863830122391079 0.746740803972105 0.521215307254221 0.454382444920019 0.00224778116382008 0.950529000786778
0.0648493452441626 0.459086302678123 0.318104319942644 0.473682204373894 0.0283976183482147 0.318313822924223 0.0247225550636078 0.364447872850756 0.00154156877114262 0.0523776163341686 0.0124171962222426 0.233190143078141 0.147348281813404 0.0999496884487533 0.363416758291823 0.293482824777668 0.196344815499215 0.37697998650384 0.0137342610257421 0.000317979270168706
0.436729665002342 0.682438114487299 0.571202092788886 0.914390014525874 0.651880344478473 0.257648177435638 0.200640658110179 0.940561461183116 0.555552140573717 0.467270205048339 0.486466547922497 0.95615470491533 0.591535274816125 0.189517611903389 0.92447642619054 0.994284318999858 0.508717399185927 0.715521358208441 0.770904581484862 0.93441071144592
0.474421517294626 0.703215368414217 0.723066644072777 0.580888778872323 0.952978319076627 0.146976965424027 0.563187218784153 0.195014360581646 0.57880285131979 0.968936794911373 0.810373894721344 0.999926003426285 0.716073668237894 0.379115842911023 0.935721233389601 0.999805838746353 0.593873679266271 0.628102389392118 0.136623387810736 0.0124173248841046
0.17546243146806 0.560535996724505 0.677421586454498 0.690645015270473 0.593406321639656 0.737274149704619 0.188602890530859 0.463266348635367 0.364869055801391 0.180478406105202 0.653913700024815 0.950111355529783 0.123275565905413 0.0707553205845351 0.326916303597485 0.949621787921673 0.580525669431678 0.407221836925964 0.214666260318211 0.936025546931345
0.0566379385525379 0.552652732368652 0.555588368332612 0.534683473938289 0.216838604385816 0.328908275852996 0.0587257212471049 0.536111783048859 0.834434684493271 0.239248394834306 0.0951940076735848 0.522444739960267 0.144750420330883 0.0719262164368708 0.38714756816935 0.962729579169546 0.588579066874031 0.430319893761636 0.000344142979913512 0.982550125926563
0.166929143032437 0.670727069287554 0.220043901720315 0.620617844792511 0.966209350891707 0.703781698702623 0.0749158686566393 0.916413747300098 0.882060466653503 0.464958444755117 0.407118074597325 0.971039019963779 0.374436060031903 0.0790858865780358 0.797543530672563 0.965893170187229 0.399938006296739 0.530792650326068 0.394960499710268 0.0283405446795688
0.0337331470615508 0.474276845828601 0.377095426802157 0.553881179526523 0.270181836825752 0.353912399176706 0.0115336607382445 0.135416888082948 0.493779110435609 0.0568020084415397 0.11875605206493 0.910012326617992 0.0245917897171186 0.0561073243150755 0.244707858287092 0.0121493283068385 0.362556649674449 0.494481949156128 0.00375437357703294 0.000120192026453055
0.208311579862908 0.578696322801053 0.261553079357769 0.621456390936963 0.185930329333877 0.470299968552425 0.0565182967334402 0.179158029880671 0.752413556748497 0.0510388077876621 0.125041299989951 0.763763166645291 0.0292779120683667 0.0405320082189154 0.487007683374824 0.99497973247336 0.612057177492848 0.352435147034135 0.674489278061386 0.999999
0.158482302019703 0.638473513822346 0.763530694522805 0.616431913843851 0.530510666600928 0.34961954040758 0.127856821786296 0.358144879535529 0.171914534976757 0.381411080825277 0.847444739357564 0.841407919190365 0.177391837494552 0.196079008847673 0.551288206959078 0.0420000916353705 0.587798189245651 0.502402443324162 0.0204689323158026 0.000277156591024991
0.0473212991925485 0.472681902842959 0.0993051175107286 0.303467665815329 0.064319020434416 0.624604636939487 0.0127492780635528 0.0104488618331224 0.00785632861076641 0.00915450156966993 0.0039417595434382 0.731286589386014 0.0447314171741264 0.0574960054535289 0.342820220220536 0.886454488152053 0.175606179527548 0.407623257422013 0.20244716126529 0.000126845646422657
0.092268263372202 0.48208035708162 0.139403047581865 0.691078401474935 0.277222581559682 0.321067186518375 0.0715903518166819 0.210299979417225 0.620237562714131 0.164865824703742 0.0522801752236376 0.917976250096736 0.169081426324096 0.0633034623350492 0.75060762391789 0.616866940578649 0.754340999947796 0.705873528954193 0.00637470681771054 0.00207758339674565
0.038520262059264 0.402539227367559 0.0959049358328043 0.391559790902921 0.0262885781039939 0.212227050954612 0.0822669628849155 0.148999530360054 0.0197002595957359 0.0260870224531904 0.00668101410084625 0.66659449469866 0.0272465418561033 0.0218651540143445 0.209625700575028 0.787836813692757 0.306082920674161 0.236220754025256 0.000409327529419594 0.00735356144932989
0.0403150086319335 0.531305988217218 0.680299457033233 0.528634952395254 0.00794933901144612 0.330553761988923 0.0138748198412941 0.028907512825107 0.594093234536527 0.0433405302965166 0.0451764567839642 0.682456197075561 0.0342336983655496 0.0302058018947242 0.228292912823339 0.560226596319375 0.561974364272174 0.401088453579495 0.417258918598043 0.019455553775177
0.464966185533979 0.759660665218389 0.867096185044128 0.850686210326103 0.97600172958841 0.741168818807602 0.351464422440086 0.967853201977951 0.670855001310907 0.810872740674819 0.581767514444357 0.995154128383063 0.634561636930928 0.360605365904474 0.904467036092497 0.999711718196393 0.609179671631228 0.77545060455049 0.0998254209372734 0.238975612005749
0.206032560029528 0.545964906206347 0.250517093253005 0.531741242902157 0.36134950320819 0.160682314578576 0.292493371918347 0.617514448324866 0.154340158850902 0.395242013738167 0.573914113910893 0.981565442173859 0.122003415376392 0.145973794780709 0.501815353985513 0.951695121476134 0.616308718041695 0.412437136269018 0.993730058988917 0.00701884682330423
0.0548504389067821 0.580916643824372 0.389541681665174 0.563469513176693 0.376038946342533 0.377734233342955 0.090465083252467 0.023079130901142 0.128528099706928 0.0778905000122263 0.116899642585938 0.537531142121743 0.153345902348769 0.0777361107276673 0.297232832733517 0.97950842753952 0.543594310440918 0.430515776121492 0.374577379255059 0.00230003728818634
0.0177775480605305 0.562237904959383 0.494786974672374 0.595804297514394 0.0339217662899106 0.406210525535447 0.143095141002097 0.0411359018927057 0.209311349661298 0.260286282250403 0.0378188885422481 0.997634333377532 0.156467489755458 0.081384080699928 0.0966800895377987 0.890995955277809 0.260542340066014 0.326939292345206 0.74105980679015 0.0145638910726619
0.406041925427203 0.714445126590224 0.960572091053778 0.902252090958162 0.884228596744377 0.0615552319324656 0.619326188053305 0.968397380548423 0.980078998127846 0.751629102981795 0.934024993677541 0.999124901498634 0.559697076196271 0.228853605146792 0.804359369545555 0.588839137870457 0.452785782488343 0.803257843998018 0.382935559913082 0.999999
0.0940212443703343 0.643430466980207 0.769344422504924 0.649277583256235 0.232561239327651 0.304975976982513 0.0492125410911595 0.876343272821038 0.458579384566518 0.356186584776632 0.113989687978527 0.532215161559046 0.137601983470464 0.0745192750392704 0.261967578858485 0.977706718206864 0.259671529889664 0.290567794831709 0.0689076790329401 0.000753400758388389
0.11558697509306 0.563605673610835 0.168109912895961 0.483889409169184 0.840367865025016 0.522582439680312 0.33764227663377 0.120977217319554 0.858315610630943 0.139631776485792 0.0674729742056273 0.9368618207371 0.144309971275802 0.051370700773699 0.781518518311597 0.890030215987624 0.428998423405229 0.181477197961428 0.0341162343278549 0.997841307252555
0.123511969354506 0.602274016158463 0.146760795969273 0.428677582524419 0.720910025084986 0.163864971427043 0.121161557614727 0.357576447728507 0.363352142019816 0.70577576227745 0.263572026938158 0.969291660574492 0.317808332176819 0.106389306491722 0.68408160914048 0.91143450094399 0.587383319766119 0.69388071111792 0.0763378986021192 0.0931315064424106
0.0940673505028068 0.497383285455914 0.716726321041768 0.758633456409308 0.484797519584993 0.193153916001558 0.336408590759139 0.389392890408905 0.89145957738929 0.199814822304264 0.07798316066022 0.0855934659702095 0.168741524971354 0.0657247565504619 0.391109990082926 0.744115743589951 0.482999563632692 0.461543734733445 0.268323700686785 0.00415643464081051
0.622099468026043 0.578328996864493 0.697912634654851 0.459152909056307 0.95423625481695 0.352073203919017 0.691111783730261 0.986982276121774 0.774940335678754 0.931770042032867 0.985017612388396 0.985215875192881 0.618894054040657 0.3145075781535 0.894626707258413 0.383525583167426 0.716471525171569 0.861214352341006 0.641139434626964 0.967851819810685
