0.888791576034093 0.401006953125934 0.168492829941721 0.926160612128371 0.99534225998377 0.214221173461077 0.60740640063326 0.415710167864875 0.980577495414012 0.481974827903218
0.384831776737993 0.903874141996062 0.14042130106084 0.350311928027536 0.962018464769163 0.0411650042003044 0.360397423971595 0.319277578591464 0.61630274220441 0.460438210595812
0.067764737739703 0.549285252031345 0.258477388799437 0.0883109514724685 0.899172450142923 0.0193780658650404 0.232885174861239 0.308002210582378 0.00361409143641342 0.360512938421727
0.968640639185099 0.971283868524288 0.159614094646867 0.863549324839928 0.993152302054851 0.11753414490782 0.546435701428959 0.404636531328822 0.965173922519235 0.665389368343546
0.902395789390741 0.943808391022431 0.351283458689718 0.854697284438562 0.991215284482867 0.126786907387125 0.549249308946128 0.414284761172603 0.954953762187767 0.697258806523245
0.17626376084739 0.282502992085683 0.0908346911859572 0.401243551202897 0.849996679353234 0.00919544795950743 0.276615682772244 0.217757397014402 0.0554546200813598 0.370356446112225
0.489944737145439 0.668609705558691 0.141572873751821 0.526809669727973 0.995701028158031 0.21611184811216 0.617894268456457 0.450229866807084 0.510829529979161 0.657263156587654
0.967000803441626 0.238077288061484 0.160698282076501 0.859503974571236 0.999083679568378 0.269984382970316 0.684332510614974 0.48647277027181 0.988687685233838 0.739555033535494
0.719077478583242 0.699866189325321 0.054061143509621 0.589588484240403 0.99217302743707 0.207615747551661 0.424659933644954 0.349532248220642 0.513196474450003 0.557472071747803
0.472052994350685 0.769800980341244 0.10823194913629 0.772195830101402 0.980869697689061 0.0905662421204621 0.417201620682419 0.340007187149704 0.0932644688206864 0.539446592315619
0.530660489376587 0.772798525866814 0.0771687748264284 0.488603757419919 0.982447713335786 0.0653431608024814 0.479504535726843 0.310042150871523 0.676063832012186 0.50896564533195
0.196033852340018 0.187016829225579 0.0455836371207702 0.782095157881478 0.980925431091269 0.0137926516580279 0.283398609852471 0.269682593352114 0.290578695089619 0.393080138970984
0.101765170631738 0.0773248903093116 0.12049354689567 0.694378860020628 0.952889989286043 0.0172962126907513 0.191039305152671 0.294710146222001 0.236203917993979 0.541370740375751
0.497459800867831 0.0109339704071128 0.0409410478960297 0.831425881571436 0.977041111957594 0.0299497754006763 0.33018917425305 0.421538110179553 0.0891070673553292 0.625211667885819
0.207884971419325 0.300491914532195 0.18262856341302 0.454118553667559 0.933139830098066 0.0803140291552628 0.319285104168414 0.363268418781048 0.22192134712209 0.38378195768054
0.811459355691008 0.633238403926713 0.121799917114569 0.917988797533385 0.995838666038422 0.394649643585185 0.686737406702195 0.500638658563105 0.972942030179423 0.69780110591952
0.51095734944762 0.746596763776369 0.20417285510745 0.706901081127872 0.921001054000763 0.116131112978611 0.360360023009606 0.305486435013485 0.274006847189015 0.512377589850679
0.455183705759596 0.185364661774942 0.225875636183515 0.770326013788801 0.996062151682833 0.66921311962302 0.663691649213234 0.453455975697208 0.981170413542808 0.770695600115464
0.552307949972214 0.283824164703686 0.332424405142256 0.709725161090393 0.983675663560487 0.0633936289584341 0.423111636977255 0.374961338224858 0.869944599664187 0.601629148253793
0.112903430422809 0.571393346403299 0.324810902427361 0.886025506626729 0.996531520905538 0.0601923595062888 0.459908698255837 0.274898704604654 0.480745569361848 0.541070279229632
0.502238473633788 0.325030314232731 0.237934868509983 0.962465201836198 0.998783212728428 0.134805616576078 0.376324177979081 0.474597995646394 0.743690688858778 0.594659646524034
0.103057641916829 0.458780095999906 0.245198788100065 0.405975058105242 0.957517945057283 0.0344264806751611 0.279040482974975 0.298195090730399 0.0965623694172575 0.609616640202167
0.551722764971579 0.52083021951237 0.0907983215018469 0.280033772215237 0.936125591355415 0.0366412353426171 0.348453803761306 0.288698774795976 0.0355549592972924 0.444816040565966
0.888969945255426 0.672718625533743 0.0767779484731601 0.660958143405132 0.976449110237605 0.0597787827942241 0.457034772893659 0.422975320240062 0.901987540041237 0.706369310208893
0.573670696410558 0.773893396871483 0.0809880979089006 0.429077649010766 0.996450268079216 0.320626223319685 0.51083419820935 0.386877389178313 0.971457488054766 0.55157133493669
0.364688381730769 0.74701122438694 0.159927248264876 0.839379806954822 0.986912147195821 0.135445009220836 0.26616070598256 0.369745847172551 0.731713786890094 0.502060355779335
0.831019631335882 0.985199437977667 0.256351025000453 0.884462287124164 0.999881347399646 0.539530201624347 0.796245982009935 0.530367033951945 0.998031818786157 0.789702771181664
0.057915506701944 0.391761376131654 0.127807799724899 0.412152914682599 0.844730530659055 0.0570479034383449 0.323131956774498 0.251918863628413 0.416046789157488 0.421809133017777
0.932283800162682 0.857079833726317 0.327514089514999 0.971240320463399 0.998920869788146 0.631869854917407 0.706554395970317 0.50615369078736 0.989302047970577 0.69262056160518
0.446878605309324 0.362993853133025 0.18042001758615 0.891486541857365 0.979506166056017 0.0600155267017205 0.396945646168942 0.400667886330859 0.286621079818832 0.545083503361002
0.0862348291821937 0.63250211890188 0.0746328389763849 0.25071464999837 0.542706059700032 0.00358444537359768 0.261691557396803 0.230771314837499 0.027229767808686 0.529076610784171
0.00806698776253002 0.109291116300804 0.0954136974492411 0.186143261687675 0.694999244133128 0.00638143720432327 0.114153520435007 0.18242567658156 0.00355949464325586 0.322579295176127
0.93181176297603 0.885885644108961 0.154339660445139 0.958170432740359 0.994514159437193 0.107325338109644 0.535850202841016 0.423267849865637 0.872599451979759 0.645658821634722
0.121716955227739 0.133526012758604 0.120296749905465 0.209525321861763 0.951369405874747 0.0321854908752951 0.291898256712036 0.410228071903502 0.0477505615039773 0.594762639474953
0.0473872542944554 0.0613043683973408 0.218026090801569 0.619866242686146 0.888708409730639 0.0194609559404928 0.16701365180909 0.222583811682307 0.0102644835629676 0.320479360261631
0.689746717638739 0.382103626083707 0.241995706197402 0.720091131621947 0.994009920981388 0.0532359294755572 0.370544589417164 0.387435410738997 0.862977811387369 0.55082922403566
0.65355893174 0.220806921412034 0.0703034113518336 0.849262484700997 0.993966685937712 0.206874674514114 0.407089643542264 0.410470350950756 0.868790643237821 0.656034849071197
0.707154153389974 0.870103765533531 0.186609777030099 0.844048177677738 0.986572018509928 0.156786628116924 0.566129856605415 0.412971761465955 0.937904618044183 0.601848587227394
0.360192489574156 0.256740484416512 0.142676806030278 0.414693208033877 0.88919353213473 0.020780311191118 0.214088234853741 0.234591068279963 0.18005072238665 0.507726131527227
0.451052163920406 0.140880710173517 0.0553534671864944 0.470206619722114 0.920741894402552 0.0110184684431485 0.44263221457264 0.400234008979722 0.265340850002126 0.510653517942173
0.835030895902069 0.943538916630999 0.347915000404935 0.975377079016103 0.992181068123497 0.260582889573465 0.670986012081726 0.435983307441011 0.994638814439918 0.75728374132514
0.168175424385038 0.522904306592981 0.0533717215861408 0.427081822979278 0.911569828822575 0.0142622987522449 0.228698357889864 0.263328737155487 0.0292399292036501 0.436069176962783
0.345235860128088 0.127671467868398 0.12218907239235 0.902826415239634 0.981952999749264 0.192193335857142 0.503893231079122 0.427664468174625 0.826003088544617 0.596946015311346
0.506225457704463 0.304068495384151 0.50959603023224 0.85919650232739 0.992324087436045 0.214297556312059 0.295694119412161 0.42637088377141 0.231317120848295 0.648104164648898
0.173068624576156 0.0839589675825803 0.0283496459557133 0.483856716825984 0.957905639175874 0.0222249406616738 0.358769416477603 0.320535463809319 0.0863034026642429 0.444593252718526
0.959721497023569 0.162014671669548 0.256913402080078 0.985265120828632 0.999223849150535 0.140082262043686 0.574674817596139 0.509641153168453 0.981157795760539 0.578255405528862
0.332600161605087 0.746191585728117 0.117054766087553 0.769524827415988 0.981859985540706 0.0622821682770926 0.538821643041894 0.348442293400462 0.91002828774088 0.680836756276947
0.124986514829053 0.16046707038467 0.207771795021156 0.415170561169642 0.707713315560897 0.0161422347524487 0.206698946345288 0.206368251051859 0.00278012228932076 0.366746685559945
0.684098533330129 0.640344072648019 0.258649228416914 0.785332251052252 0.99046905627214 0.0368679820744883 0.557682959074282 0.35243876971199 0.906015234484752 0.654555341648561
0.825064602921824 0.800309527845204 0.226470863442987 0.651934845148416 0.998694151969672 0.11347265695017 0.706319526432628 0.486284507503312 0.945945450426526 0.587384785291006
0.662080333321671 0.93088337170235 0.139543760695805 0.62415543845042 0.977480295212044 0.146482167755375 0.487555884847461 0.382070102658513 0.948788869255624 0.557914395778492
0.929623202686076 0.0276385916693322 0.194801822273372 0.780448485280692 0.996563382599956 0.0902008804027532 0.374251081007639 0.405266409453234 0.616195811080738 0.481885951661682
0.388485978624688 0.222044766065938 0.0957809468623693 0.311425981668634 0.974662673337142 0.0155875730013425 0.347244732383644 0.291612710683257 0.0541512121686668 0.594374763608693
0.317121972317817 0.100827312601532 0.254685793602962 0.773353552432033 0.96851730830741 0.0217478078681409 0.288949804553615 0.290162630484944 0.262988220534624 0.577624563972535
0.296036323108292 0.160457150104081 0.0780384532085918 0.249231641637086 0.362379520899136 0.00781104950540211 0.171553974085949 0.184304002439361 0.00486131670649583 0.339383092892438
0.544645411586533 0.438177775728518 0.22450442547223 0.826396270236801 0.996821065999258 0.144454083254734 0.566226208030052 0.305455449678299 0.817890667138696 0.624499162932091
0.758494878769681 0.830241812458157 0.257149685121363 0.70406526650284 0.991369047032797 0.229902067469234 0.551461390811919 0.408783263115036 0.957967367690352 0.652428129383009
0.251323278871743 0.150007478512551 0.0388997782347491 0.279342108244126 0.862304919467626 0.00661616800405005 0.219716432239848 0.242039320804266 0.115026271229144 0.458624257794971
0.701585926142164 0.0226340568410834 0.09716417660246 0.0479833754388722 0.745638446918129 0.0106657866383343 0.368215694921225 0.240138904207581 0.0620207077521714 0.434568668541549
0.520249330090928 0.884300817153955 0.339411990711283 0.925286107742432 0.999018636052075 0.383583149875217 0.544967886832165 0.460667834968756 0.95935534522396 0.603462640225821
0.288903186270596 0.852494171704498 0.0481795500337295 0.680335671240151 0.972718722347754 0.108430877581228 0.351955432311164 0.247794817913156 0.115952051925497 0.514878065509729
0.14827424805157 0.151430060894402 0.0204424831190606 0.637704557404542 0.956272165399886 0.0218486792656049 0.314148529541219 0.381116880154834 0.340292131036395 0.510148199635026
0.258666066996345 0.203777798524216 0.166765624153891 0.715487681499839 0.977319576786841 0.0230714789787729 0.367132732599991 0.292910309302656 0.436987435456745 0.565561459497713
0.600249975779666 0.818105455503882 0.425327542674734 0.747908884252129 0.879152008470643 0.0381252588634397 0.434795253256797 0.260783105748679 0.434232396005638 0.440383483265461
0.0810449289119256 0.00607568267084027 0.151573812802617 0.709720883168464 0.979491421207897 0.0237321251703949 0.233820402521868 0.244730828892646 0.263986589371215 0.351335156637788
0.0844129973567599 0.6924757163645 0.360741549499779 0.245722989301917 0.936954694975904 0.0683697738436638 0.309891217800488 0.339661453733073 0.71397089822712 0.559913581422177
0.204116388921019 0.726050681626153 0.26007855314387 0.634000683707848 0.910046562164011 0.0365763786900168 0.401226172265275 0.362135293934522 0.346331326417277 0.516280079603284
0.98778060835101 0.693720398717042 0.311056831648813 0.975080837866695 0.998739735008264 0.523391311233482 0.670262508984651 0.579700092298667 0.871017281446077 0.599861575887719
0.137402405246039 0.0854299962557359 0.0350643087795024 0.312580831378822 0.859940163242791 0.00351856420157124 0.135484265707216 0.275813786211765 0.00760911122241439 0.52692252151853
0.344863579555671 0.86412404145596 0.208410401009884 0.984427117003358 0.988031058961562 0.067550756168869 0.47143156215751 0.318344969897144 0.645449434677892 0.567157742846604
0.495983083448679 0.56884884620171 0.0959072990367165 0.50457401887635 0.973517649785522 0.0202143437679761 0.388154419233227 0.330464665731019 0.0938654047187542 0.4959585169775
0.165157346224789 0.745707226475861 0.14295401106016 0.41924547961527 0.956427354077154 0.031182957155255 0.515549075995492 0.315496709568907 0.387602013672864 0.524205080484516
0.86771490054485 0.491609356425623 0.292909081376127 0.619379853274635 0.970118297605364 0.027285672939287 0.327573572238422 0.299858166436606 0.500699122536236 0.450312234383359
0.212587178918805 0.363088656422705 0.236060378044929 0.601571369321893 0.923546835909435 0.074913620339702 0.349665126393075 0.311611151666202 0.0475781455135536 0.487799622502589
0.509085092321308 0.215495039407775 0.169652050343193 0.911568770832709 0.985590675928861 0.170649104549463 0.423378062119479 0.398626765068225 0.967733211575128 0.473206825829672
0.730027308623118 0.873393495100966 0.370329145269174 0.844246066816936 0.994832800653628 0.17152511948454 0.629019488094098 0.432769517735546 0.903654784685697 0.682321262751238
0.168749267215952 0.279138635458151 0.0729744630994768 0.205677087409959 0.836974881515839 0.00435566529523182 0.231952567906408 0.261277203268094 0.480182113555564 0.376349932705934
0.271876860482601 0.738462519826441 0.158058403953663 0.691766373590342 0.958306398915078 0.0117793903158926 0.27214093203136 0.376988482110286 0.13624316995827 0.488309580442674
0.46970744189721 0.854816955875149 0.226401102139342 0.902147114539378 0.982497118139392 0.0648287903144623 0.506497662707091 0.349696019862352 0.839424195548703 0.654603259939587
0.218201963644113 0.0731042522327604 0.167383739057019 0.486740788837397 0.86840382957706 0.00682498849041703 0.215089543352215 0.280088546568782 0.128526102800947 0.432137679640206
0.413998405607804 0.646791212458748 0.164030555593669 0.865018417191724 0.975388868744925 0.182483402577895 0.273434905960077 0.35429501126898 0.181686868018865 0.441168157381535
0.52306080551431 0.207414131406663 0.135845770691436 0.739962653689176 0.970127770433546 0.0978737644400437 0.292086144263497 0.297828307381658 0.50020447144054 0.592592816029584
0.311627898277777 0.597288468614832 0.187315791954089 0.57610494410938 0.972526139775397 0.0350735355808229 0.327923989318487 0.313869655802781 0.686025909528142 0.514553608536151
0.793241185349017 0.635157955521088 0.391224868098572 0.864357890827825 0.992348675993322 0.173049557187877 0.477343360179375 0.445086050202295 0.523685218635787 0.578183864053537
0.402789599245892 0.585209808807219 0.0886848701822855 0.558030532942987 0.994542710002361 0.0820996471092591 0.260537709538414 0.246718863588512 0.0391448158572757 0.452270618185792
0.451142565465891 0.199618385289861 0.0353005130792551 0.374233772989759 0.949778600810083 0.0248191721310205 0.346838845322564 0.276865371308756 0.43502305454281 0.473800319091882
0.45081393990984 0.828025453058963 0.235017815071787 0.772244239470792 0.997344632391357 0.199238061498149 0.617090456141717 0.459715142523875 0.737704613482646 0.653764683818205
0.9654953327711 0.957879010333707 0.255287080659498 0.920737851625355 0.99731129917636 0.220216881582459 0.59163723269219 0.449081662307058 0.992300952587607 0.621995232242729
0.385377039635472 0.252982173799439 0.104431786693583 0.647738950249348 0.980113073346775 0.0576410471020979 0.315219577531737 0.265666374281921 0.0220146512319553 0.491780576583223
0.336483728854977 0.662022421621446 0.366800124397622 0.807868764794619 0.990125168625386 0.163463986372673 0.434669764664925 0.405178842749907 0.0561497943445202 0.504869985324373
0.0912407014340883 0.370240830255249 0.305151738978069 0.802193910273457 0.998477142512218 0.281238340597821 0.48376062429328 0.403937019190294 0.905959034630947 0.530147471013967
0.959775591934336 0.262723329704608 0.362649680414662 0.964108315114601 0.998583244927427 0.535319293693594 0.701288747661067 0.599710376497611 0.997257798652058 0.707824888438468
0.378331936408327 0.285236870881578 0.0745451256337431 0.604650189418121 0.987759198547811 0.0383926286765048 0.472035047812347 0.3628102755252 0.941156327011587 0.546980664121714
0.914639967048731 0.530237068312808 0.247538429747322 0.974222322289068 0.990388587147846 0.179601495767058 0.607366275886216 0.349592267979011 0.909044775234136 0.66564176197213
0.267047824436194 0.35237823372511 0.0734462314672476 0.213072783799102 0.955283741505209 0.0244581780968187 0.36460527214715 0.319715260051041 0.607201188262783 0.501692047751386
0.794841385349413 0.467764685586001 0.386775416381896 0.984069936040294 0.992076478372392 0.222428256819902 0.603684454552513 0.319320107223036 0.785272936301583 0.630843445585056
0.239266500498299 0.2098465798664 0.0570621565301232 0.598813203359715 0.928416731469172 0.0212336101068814 0.329124725632588 0.291388510739648 0.066117679246839 0.482511874672427
0.244777886169202 0.901862581324288 0.149865950069713 0.207461119780422 0.847039225461711 0.0262430354071982 0.34132454642348 0.317188951688461 0.447351170058926 0.585172818766455
0.163448289182178 0.447668295490113 0.109004686812904 0.779097468243453 0.772028800841655 0.0038331806600815 0.254214367905195 0.238871604251944 0.00877800837242092 0.482323859894029
0.0909719273854765 0.671683347792715 0.0714200853214372 0.495761220811498 0.945384388110942 0.0087953892691689 0.230474181838542 0.248306627492701 0.110809647179319 0.476887303288264
0.673434179647314 0.253892642773703 0.198183125724399 0.956071319945158 0.99785017116044 0.65513684030393 0.694355773614086 0.404279468729563 0.988067266703978 0.654533753074976
0.137830343822025 0.640376698212554 0.241498218704832 0.41495289257532 0.893009515406659 0.0137319436765662 0.257333711999783 0.261156224096602 0.0470102887077673 0.357066008434026
0.944257027368136 0.935719886035215 0.139911503647097 0.946686336751809 0.998968572463371 0.618270644416306 0.654470710823129 0.456938944204758 0.95300035723984 0.669704635267981
0.121242655776048 0.392134831893687 0.546868603516898 0.769352338557726 0.987775843533278 0.0603293853591309 0.319982957916304 0.400764637661522 0.584302101931363 0.663096898240491
0.196740883638676 0.699343482534832 0.248368667021032 0.704640418646997 0.963556372144715 0.013579525805194 0.303366863512464 0.262988125596063 0.183161392104305 0.513272166388487
0.132668354018416 0.117981056494049 0.0662147668414706 0.903309219021157 0.842800530336377 0.0187839457238153 0.266982191520198 0.187785949312037 0.0107017331660443 0.425351453097703
0.214651300692044 0.204933588334765 0.0526367602821006 0.78352617253856 0.990816771550773 0.11972264602079 0.475700378433705 0.482598729738469 0.270694602448263 0.517115637473915
0.780429451359561 0.982833548157169 0.189395409132973 0.9624504342988 0.991177817282526 0.155241376287852 0.621332071783636 0.398853943328953 0.968640983515413 0.64131140388485
0.33533841659292 0.530229300600389 0.403375528689998 0.6968645002941 0.992149945335066 0.10265420425477 0.38106577095815 0.371058899743295 0.964461481637891 0.540037650729635
0.180869996064035 0.836521679779506 0.134191476580072 0.534945954586766 0.978151702202538 0.225601027548193 0.492475889295795 0.399958510406354 0.855324157242573 0.601727576531044
0.321245634238125 0.195327543130934 0.0294329640200308 0.305804157439473 0.952772535146233 0.0519521640473955 0.319784951999946 0.309642763295263 0.166216763660305 0.431575539772828
0.448100753895102 0.135748546800428 0.154964299966948 0.694059322116983 0.985597032545669 0.0429744556400241 0.552189688130234 0.402807035378303 0.238236883624729 0.567832236999127
0.572028265013981 0.764281982567424 0.146917476143641 0.642498205947128 0.834044363853006 0.00787457819644699 0.305535122638027 0.251584062144506 0.423673351276299 0.514410127787154
0.191594866684241 0.861586878218314 0.302497948077604 0.713152054669232 0.95111859579953 0.0819777622694785 0.393972921476648 0.275811313811973 0.0595205868163043 0.435221499963584
0.414402642285986 0.767581933492471 0.0735389175383998 0.728057492141011 0.988635855258237 0.0165063201375454 0.416755858679045 0.296082460560439 0.111240993538589 0.512074241418684
0.733418718278998 0.377637976923477 0.0217731276098291 0.908764496719716 0.934808375132311 0.0877891199516419 0.367594092446046 0.256087059941358 0.365658093483837 0.576069128088636
0.826819191107315 0.803842050271863 0.0876344760742161 0.926159119752684 0.998854376724725 0.396894578347988 0.562905378903925 0.37129098199842 0.979207775662468 0.754395319465469
0.702745307917605 0.947699360253827 0.117995835342686 0.975442835043385 0.997880338713856 0.29554254020889 0.733239323008086 0.479058701550937 0.95300079927859 0.706156802385973
0.56979489650589 0.312373040482416 0.202981517954234 0.386056438128835 0.832381094149969 0.0261045739786659 0.232927537703637 0.262145419659648 0.0706198758791504 0.508218388379964
0.507444737683078 0.335310577332924 0.177036367286659 0.81482570650518 0.992147564647281 0.0094035401035654 0.471526067568869 0.280900468388283 0.214150669896584 0.50236782673674
0.896383362729483 0.933714300654996 0.324004058860053 0.983044407254473 0.99744938693681 0.332474032901132 0.736718591875607 0.522531369906696 0.983132301611786 0.698766701165391
0.360232976402702 0.0677129741551399 0.397406775168392 0.724917441337242 0.974735826409094 0.0271000883237986 0.541764086732323 0.346054342163587 0.705467027664187 0.418508262857378
0.221199218296436 0.813990228694347 0.148257965606379 0.75146120542225 0.993359234526429 0.0909264866545521 0.353404425771566 0.364167940260633 0.594232244978231 0.69410570768403
0.159491276582483 0.118242645058919 0.155119280758591 0.525892836399514 0.954263324278306 0.0428517084887761 0.34978231565384 0.240035682117161 0.179573990303429 0.573131532318004
0.528412159849776 0.0734110761878647 0.170519526447252 0.85265919289621 0.98192354356201 0.0726769024452419 0.463784240189383 0.32958054089988 0.724890462187199 0.398287129147199
0.713585369184954 0.478405722492705 0.148572108127201 0.55162851945809 0.986348670995833 0.057700741325426 0.408822126569886 0.23490441361637 0.802119101414778 0.554358527791662
0.743260560340728 0.576316096538497 0.135427811847925 0.817501678122567 0.996161159434672 0.272286880254937 0.59723133732663 0.453388546771382 0.979485492133663 0.684872160523089
0.116615429383885 0.731989054883614 0.293337292730229 0.622806319091806 0.970932462006902 0.0073094235470219 0.313882389253507 0.338081285885503 0.0910776974945234 0.504646463191734
0.389245259491517 0.039181339118962 0.051697620607463 0.696488995460662 0.986001288985925 0.0277942265659358 0.296973187232756 0.268402477804238 0.384472520757319 0.512743842637519
0.896439522911092 0.80860785367771 0.124335015883062 0.922676481841011 0.998952790078423 0.346482842250184 0.673155190283682 0.511111050261533 0.856975448520222 0.627966033165161
0.437252156606598 0.884763693189715 0.259912260891902 0.585041067611784 0.921969803106577 0.0298470612207228 0.301528605104943 0.326239181371467 0.159586876696409 0.501105389094089
0.0832465988179573 0.0219358051156985 0.0246503536019826 0.275545298246728 0.900383251185668 0.00315407952125106 0.192663723263886 0.165800613925707 0.00106791436279043 0.295433545219894
0.652528307072886 0.391954301292295 0.480360399392745 0.834790698100208 0.997358481131195 0.27411426633415 0.735586412242255 0.477916876186613 0.934816052864223 0.694507547008048
0.981603379457422 0.59789639806586 0.495083536084794 0.984685740848996 0.999665776341766 0.895560017930294 0.794642236575028 0.638571179413281 0.991420036126224 0.733245871385002
0.31433607154201 0.41707438562751 0.335312790793767 0.736998708278255 0.988260716992966 0.0193130532148569 0.441720749311415 0.280287676286353 0.118578076574915 0.473008149811708
0.942596709416553 0.784224774050505 0.394377190523373 0.916652111252877 0.996419137634591 0.162553628360732 0.585462333424764 0.360974007435285 0.932628206830669 0.680608534210064
0.959173724042269 0.844658245237145 0.577901602635205 0.838482223894424 0.997952439659605 0.252081451849317 0.578539166721937 0.499518516505752 0.957153504960689 0.726032383787509
0.229958802816891 0.738799611620254 0.112412706778933 0.236127640717976 0.872460523852508 0.0195858689927603 0.323449420419784 0.274232555262867 0.175669004856726 0.404975527505447
0.142397876279185 0.258997636912965 0.0976650324516886 0.830405948362954 0.791132715481006 0.0192483530303186 0.246588628451984 0.18031076564492 0.0871419621178505 0.497324468873511
0.448135584779167 0.253811298918727 0.216369791805377 0.935839935465475 0.996042291593933 0.184307381969283 0.620344587478252 0.455111951462085 0.992813984371137 0.604965816753764
0.791778585705681 0.910840883442828 0.508508171993397 0.893891756720137 0.998746491702305 0.253902034597299 0.576670881990497 0.417421073956836 0.818613508380412 0.689118565189968
0.477126262773306 0.933724353994537 0.148425884962576 0.498256245842179 0.960779469432926 0.0407580449809423 0.313025130693179 0.2855881976776 0.0704623413899359 0.535521907029155
0.540285786401358 0.967315074116961 0.11430312928268 0.633624361731469 0.990646948077847 0.135426691248243 0.339212645964894 0.247032737905763 0.399626742316226 0.500431629440656
0.377617365024981 0.226730218990838 0.24071522598877 0.720960733385516 0.994790390603053 0.12797279032524 0.565655500553814 0.486174835335641 0.844672029582141 0.611221905101122
0.655115003056142 0.867802680593653 0.101695969982611 0.176107226426419 0.898486946345338 0.0139811040433042 0.196163356181497 0.301097764565496 0.0321314616372044 0.461318724815649
0.941628247607193 0.523874754643291 0.287092984240956 0.988331534769792 0.999381762467146 0.337373895234298 0.790855750581671 0.615191474472908 0.996166681790628 0.743303557533043
0.934170513598536 0.900400467148212 0.189787605171568 0.947613566252241 0.999204226761481 0.686758451243073 0.743143744653215 0.53178708148702 0.987285519525521 0.703163748442369
0.722864296408904 0.149854201491264 0.167154547669111 0.762757460398383 0.984303601392306 0.0657573216904734 0.333630492108277 0.348025231075629 0.790510077516059 0.490308429574707
0.700803231242001 0.725486829961699 0.265790164682395 0.565419923670416 0.80221335721537 0.0813111281973846 0.361561588445964 0.352079690298298 0.299094820341163 0.439900677085534
0.663976302591982 0.587734642386198 0.280189306033302 0.620550227443615 0.995180703366307 0.0866993221055612 0.435828833504175 0.351966636717518 0.144214305662014 0.638675562658688
0.382995877814548 0.627039006249748 0.20265470714069 0.931082117866281 0.989865399370388 0.184469527051243 0.643217916863086 0.408377352838121 0.94452374231005 0.545975005861223
0.562099288739301 0.582775963519447 0.0960470628428224 0.50548642666178 0.967863886498807 0.0310741419560174 0.371443095226639 0.358470096629154 0.232900058734512 0.535909612833592
0.899436996449709 0.876825282719885 0.209147449978538 0.939719862390805 0.99197556963049 0.156048456698709 0.58563157220005 0.395364213985632 0.806191351493414 0.619660377876657
0.189651514479221 0.165860038717937 0.0954147890180939 0.8610531625439 0.996791784351198 0.54801474770659 0.693352202531466 0.446419208085387 0.922103243821183 0.700084349586742
0.788179545682461 0.920229207180075 0.110071303659416 0.495172507685565 0.996734526843336 0.18261113099632 0.650576258757033 0.488512313715869 0.930799091824179 0.6135287319909
0.529697182195348 0.43488703324763 0.328165750957229 0.846262019721533 0.992937317362203 0.124562456635659 0.484359571087567 0.340713341568118 0.528285221475598 0.562116308955606
0.0651235517718916 0.813956979007228 0.0921814970803881 0.699622411373726 0.974613502162259 0.12828679251786 0.31351995668937 0.250784008701389 0.185121113710062 0.527349423086448
0.575240822651136 0.720464229659243 0.257223569011672 0.87988043362201 0.994049147603982 0.03366281915381 0.491111117103789 0.440298250558242 0.91439079739953 0.44712466754017
0.164965372301629 0.780262342765109 0.103173400955134 0.659086395253122 0.985139521771698 0.0353510496849645 0.397337467224344 0.318497398644926 0.0570302118550587 0.464868613283004
0.720225381544136 0.0101961941326679 0.145127404770488 0.739430608309135 0.963672754132402 0.0150545350354704 0.207522734338501 0.297587801940861 0.0135683456495185 0.406202990288348
0.684602119370131 0.741543323055483 0.288848950741479 0.760956746858851 0.87553503597026 0.136510219011326 0.406297758477913 0.406812121803655 0.770382352402642 0.578619574538482
0.352566191576433 0.346252051023501 0.226147038717844 0.644992788873744 0.998622996138347 0.0409043723022146 0.541540481437101 0.379844318698116 0.487899219556223 0.617717103120199
0.430059419294791 0.533871880560064 0.229081282665906 0.965245701039157 0.991557507505568 0.310288498307816 0.580132715543038 0.337534959847851 0.877362048821514 0.728653982933524
0.600458113034417 0.244931297907287 0.23245623187777 0.945153591851434 0.992892767946582 0.487938202308576 0.526937472231129 0.454938661902483 0.895895521878264 0.583665799419534
0.576836817643968 0.809981538200065 0.164588453412603 0.612371480646174 0.996415791756637 0.32471557259894 0.465328714131164 0.430353529896031 0.99471227036569 0.679479733814764
0.195168594797437 0.240167363249946 0.0918760218354721 0.676346046846634 0.95430654311209 0.0554992386987888 0.407632992235888 0.262819538718962 0.0957963512838753 0.525883251735156
0.16171460208471 0.491881478035766 0.167991502379049 0.814868619715437 0.971602187401282 0.0851087472599183 0.360629879110874 0.306010811501967 0.516661068334622 0.440974747509389
0.589951840655109 0.711544302965757 0.314406481761396 0.841305248492599 0.984062671185268 0.197507132392868 0.471851144758026 0.377468139460867 0.457960509927619 0.670697874593622
0.166771222551223 0.388419044386945 0.0414538048968898 0.219646198044537 0.964933754654603 0.0449161060067273 0.507050597329966 0.288997353866664 0.355086542786859 0.383341388484295
0.341401912421151 0.357703449783414 0.0560654587076173 0.57143766406003 0.914675358299425 0.0199298402283991 0.272804398474603 0.212634490434831 0.0257320398924484 0.465919955595719
0.840898319043748 0.279079446725355 0.101249948470726 0.801888355432869 0.976754940966312 0.0370394741410612 0.38873030473841 0.322254118433397 0.565464005568995 0.608851959385432
0.946714447104349 0.83982459051354 0.177733088513927 0.978390716054466 0.994272392514729 0.374359704294338 0.648477169243113 0.373869102720069 0.983963355787951 0.652748268023796
0.105768679778 0.680242248163517 0.117579327246585 0.484788446912825 0.92699478574815 0.0530594890058375 0.277855099931949 0.290190278656083 0.0553790659788655 0.498549716718947
0.246714645575215 0.431926687140363 0.0590968522577131 0.634296304525393 0.91806739039012 0.0926528352674535 0.417043436150296 0.394184433948058 0.406133514994824 0.619118913603587
0.887916418665164 0.395641337916141 0.306697426770636 0.968538790887105 0.991226439713676 0.148088001542885 0.58601926946947 0.356391580044203 0.679333753715305 0.577172694604464
0.784643201060086 0.119106294902462 0.0716237795798059 0.466118821685719 0.963267958863737 0.0340481361575833 0.314089213290621 0.234349436859602 0.250838510138945 0.574609347334108
0.933353236480389 0.945970678496359 0.151688109914578 0.861422476401225 0.999363275914783 0.412907789188482 0.738737289173941 0.565748694609343 0.985236125120504 0.680734726833236
0.443574761708794 0.653568754930543 0.112519029638505 0.572816088857096 0.886077294992479 0.0293656048006683 0.236992697854086 0.277628893144743 0.201228385151664 0.545917869713225
0.25248622694569 0.14662858362042 0.16005204177773 0.220516931309396 0.792959952945217 0.00254641855990747 0.1704648342509 0.270869798332618 0.255247707265453 0.405160232860732
0.254819617362719 0.0697073931234361 0.430713369372761 0.940450145805577 0.98781347510015 0.147278045853367 0.533569746679058 0.304206050792498 0.689748858478278 0.53501219142077
0.744394935543234 0.926250014177544 0.246098686989936 0.902560137862959 0.993623292077193 0.0730157919189922 0.448568443410408 0.382526130292036 0.486878562768589 0.689466594474312
0.867034551324473 0.895466307214623 0.231145638768404 0.841781606088018 0.99420329272192 0.0862813448534085 0.570393035190975 0.479904005903355 0.6904585976773 0.481002240381534
0.423952201759414 0.42979911582175 0.14033928577853 0.507137787696336 0.994541183730298 0.04335155365164 0.375542137352806 0.339165671979967 0.123224105263111 0.442480596396547
0.362580927545068 0.726401059196316 0.236351360121849 0.71204002878521 0.948753766719587 0.0341111230045848 0.279639080041761 0.209057574669548 0.168603859150429 0.44644916227634
0.0436061369597588 0.399342649804885 0.153659720431528 0.752205057278374 0.883175607536222 0.047010300142339 0.200963220801619 0.220859235208578 0.0266440797765935 0.439779154925043
0.801078609974649 0.963230215893509 0.531022243314563 0.977546094668955 0.996299370794011 0.0792464386864526 0.587592173152185 0.374969505670177 0.960643425424821 0.619674161638569
0.463643654138077 0.815849580989522 0.180506912267113 0.90894749036671 0.976631964967528 0.156246223106237 0.467118527520416 0.38430950349979 0.697682604000992 0.625881906992241
0.611663663059869 0.511666617984426 0.434318016460784 0.758372986186164 0.939007470443792 0.0118403036839334 0.255633873172337 0.249346432228754 0.768040556728658 0.419453739454878
0.744681560770053 0.344042222667921 0.143402198368429 0.805274098519152 0.964802995992545 0.102306296288 0.396418805690146 0.43272939138827 0.527232166491858 0.511426736496626
0.8759100924131 0.166406196941474 0.203073998481952 0.73803124083684 0.991355238273838 0.132678403804176 0.621015904574412 0.323469005435032 0.846622375137727 0.584558904804655
0.481881315226569 0.658325694508852 0.351542420068787 0.930936514593483 0.991867128926419 0.072455012507388 0.485456068876559 0.370271421435805 0.568080785132945 0.423347057001099
0.714990335236835 0.245425635107671 0.24880544569698 0.591097802602877 0.989754844181114 0.10189621523845 0.475627614856101 0.264960821511081 0.278620338781272 0.476233398235643
0.0401319015281698 0.789311134860455 0.498475520658592 0.688631076808344 0.919404169961059 0.0194247975929165 0.207540001736088 0.323975420225518 0.0196421834595043 0.479676540425299
0.571566602489194 0.329919374504228 0.0200724556554905 0.346700971021919 0.9397148114362 0.00986841768778515 0.239277696346948 0.250732132860978 0.00886956366261917 0.426212024997326
0.858937633264147 0.510314648010936 0.0393392804002228 0.928440947112769 0.993201594634979 0.142880161625232 0.624290401852744 0.315236794777888 0.98882509427394 0.633057349792126
0.832442422139669 0.73814176202394 0.138138608902867 0.887935052110037 0.996484262499062 0.384274237445223 0.695717941645379 0.475141527217096 0.984338018833536 0.720396638110603
0.690265049075251 0.747147462024297 0.138747129915534 0.950523970476186 0.993682080795043 0.0349233741363932 0.508155847152161 0.415578800868079 0.742604249408169 0.595767710538747
0.914400015829449 0.39312854889289 0.0776404381167665 0.802311656132368 0.998597380743125 0.18539380097198 0.52918678750626 0.357447350177429 0.901521805320617 0.581106021728306
0.674843205216933 0.791036426590205 0.337437060434776 0.919767465359316 0.997904697229985 0.20220403082719 0.585614304638479 0.494243867391623 0.863205656275214 0.657051969275607
0.511628975766991 0.95910797337046 0.118514872036547 0.772947405094638 0.98928242701042 0.055482464054387 0.519987416430452 0.314921451510133 0.717378034593707 0.536198009188263
0.313814379853528 0.137842944180384 0.140046138202827 0.629624123601493 0.983555429306987 0.156248605301486 0.427593957703808 0.442486521584684 0.404565130081828 0.513900421970182
0.251730329544466 0.113378311599367 0.105964859335758 0.382067679234035 0.939695413357189 0.0438881586175883 0.29141491349069 0.240336855769427 0.175990607897237 0.313120473034733
0.781665384005295 0.620690287523824 0.269797230268679 0.739255591909753 0.989707211950855 0.112973741756614 0.339708624482296 0.252879676035504 0.328663547501656 0.554325153192616
0.629278767527798 0.79339671175808 0.0654264388099314 0.839089029357739 0.998416843507122 0.361955265540582 0.537815592321924 0.480067729230186 0.894208686037115 0.501590260311394
0.971067349434762 0.236535486250384 0.0643805313650665 0.991705615544807 0.9996886466939 0.462131227366456 0.630647003025056 0.451501018100836 0.970868516618397 0.747659591680281
0.73124648417304 0.506834142792342 0.419320490981837 0.877035898149842 0.980530605774153 0.0910350799353908 0.570960307244018 0.411353183371693 0.839230079325173 0.576157004875224
0.842220169520011 0.797508804285606 0.0843111263187169 0.450456649767845 0.998024711977569 0.157915197727644 0.586216611684856 0.254415171863404 0.50925633830641 0.613798074637822
0.730527705216013 0.760854484288717 0.329964354413121 0.43688946223938 0.980282364142629 0.0945593487063813 0.467000775279927 0.337413441968593 0.15366618990086 0.514533982532508
0.183798428031739 0.0555322998741406 0.101559113923978 0.837746442381523 0.991516379681161 0.0485546664457797 0.474110397535355 0.361131568696984 0.210960865982161 0.593810394473717
0.506947990841348 0.322017205230162 0.14940022599951 0.860550734000494 0.963941694894016 0.0445027308600649 0.478175877608093 0.335211394515204 0.208746372219481 0.469619398414546
0.779416505596893 0.0376940349561446 0.060276015498875 0.545637734064829 0.897903182468674 0.0259828122366186 0.244950882539767 0.276748297329946 0.0972134176289593 0.437019453833282
0.0898572961153524 0.0147807510406528 0.0797491635777137 0.295138493679639 0.897906705933569 0.00401532271006779 0.269426724742671 0.188583897402528 0.00495358738224266 0.456250968460067
0.394158309386889 0.968156136106862 0.130540202015447 0.865534969395986 0.981953392398811 0.0364230569002833 0.471691835389577 0.396979188142207 0.586096668347031 0.58103590078886
0.983340531752232 0.884853223929966 0.221139933605635 0.946102081094025 0.999313630914548 0.485328102611019 0.58595700652006 0.451988846036632 0.964138244319989 0.671840980603829
0.879801448051301 0.915118357636232 0.424901876237795 0.626830682294354 0.971060958792049 0.112067748815168 0.410133865768145 0.410600802187621 0.905818366843373 0.517698646145307
0.460565002664903 0.170030698625297 0.169787790942595 0.675192241293477 0.944711161208704 0.0195899946190301 0.213784312535834 0.284115862771228 0.522080157079228 0.505724557295764
0.704892195001212 0.896855018145471 0.121934213965702 0.954760756626725 0.995154395903346 0.314914054313218 0.686486812347691 0.419825323065309 0.865819379518359 0.595059949637669
0.350637005079827 0.63127069276083 0.179453776390128 0.901316261245244 0.958273166874153 0.0287628752635755 0.314275259923391 0.243650174799415 0.160863999823505 0.514853372720784
0.139802672455418 0.111839522558517 0.390887236648333 0.785690982726907 0.974526598705484 0.0387494430081839 0.349648365758168 0.231109243493035 0.0571370132410765 0.484833152542035
0.0293046966620729 0.0762764091402264 0.0206386799212147 0.334629320538721 0.343709065367933 0.00388736992982025 0.135403168320878 0.305624266852355 0.00207092662757508 0.297999528394577
0.795871456633267 0.889103787379609 0.226908418781601 0.791459353187408 0.992097381511171 0.0602299693495485 0.479320449507909 0.342687528560918 0.672297565442002 0.521393412179958
0.186247286050073 0.222366428958782 0.266589383155068 0.868937804789267 0.969844387853634 0.0957383034226876 0.413678612759772 0.324697365903239 0.373095890277301 0.491576080143743
0.269444743150298 0.179545908640199 0.206718381337759 0.49836189065745 0.97279246594654 0.0114217488776928 0.276302345559388 0.222321284902955 0.0449585588868231 0.452255932961152
0.670022956140274 0.0739770761524421 0.12911956885466 0.569627635700979 0.969976651042315 0.0455464329444633 0.409173115876922 0.246635932690447 0.428120039594037 0.538406596759825
0.6919754274307 0.768257706171605 0.316248681564006 0.968102854361228 0.998653073893453 0.57168915334821 0.683291853036461 0.523354423399174 0.989946721253634 0.662397172848016
0.623455754988133 0.71862547504795 0.100619495888534 0.899653260685026 0.995688347925775 0.377646237412809 0.481690847146311 0.477255451113401 0.935490035190056 0.671644962722579
0.549068738816132 0.83146695836005 0.47188950271135 0.637397616197252 0.994770360658672 0.224753032372214 0.586782227322672 0.362196260747604 0.596415840675942 0.496772933643122
0.785689853082267 0.349723926261374 0.342698822104358 0.765239661375015 0.990313543759449 0.11210183007942 0.551305478467149 0.340997370022259 0.975301698758894 0.570133499188002
0.517865047115135 0.352759790471592 0.302812126427008 0.975371290214934 0.988293274699868 0.0208616757594096 0.3916839326927 0.393950150457251 0.839799965978231 0.546663744038026
0.853673010435385 0.733731304604261 0.164884073352457 0.913578243924473 0.991638374198964 0.193298638541327 0.398631693778226 0.427485670910176 0.918333246673529 0.599023523552769
0.435495569608091 0.080274242673014 0.179651424665155 0.271279056212896 0.889468980062561 0.0166772214208284 0.303347055111337 0.249148246073204 0.0892847873569545 0.598527860306308
0.694992064535946 0.490576100340963 0.0988373267992338 0.944631534763439 0.981876917536094 0.149828675889038 0.500435142215733 0.408707048252539 0.788520879375655 0.618281703936208
0.812133556356634 0.486936559940791 0.142116824335422 0.89738983056827 0.990946447467529 0.0504334625400876 0.453860364143326 0.380804486001141 0.718237146503399 0.535602959211308
0.686743098074299 0.793101230553706 0.299328247993248 0.599213796265023 0.989951178467214 0.284718764089555 0.608872281222951 0.433933562786581 0.868230198901304 0.644337478558794
0.223559395340688 0.619920951642335 0.144623636728772 0.612779513102742 0.944775989944303 0.0100158349484084 0.144090726301504 0.211760456783576 0.148966001113936 0.409859538360721
0.66773306600037 0.776054035170224 0.290155995742022 0.767486142280666 0.998146514166366 0.415989331249536 0.689268918290447 0.442307525111994 0.985331734246017 0.632976064878945
0.493183935277832 0.760196710784302 0.433973453310289 0.798627718670054 0.996151025770667 0.0764916806933827 0.458706471890102 0.413734070656905 0.639775092244967 0.5537334005765
0.50915547309421 0.107736021890345 0.111788303311651 0.653415415546814 0.9303098495445 0.0388593462178148 0.512054019651861 0.227337694615116 0.633556414587081 0.532997271601324
0.875889645836286 0.909368247951428 0.189172602694134 0.70681366189962 0.993766751572083 0.0900766336306145 0.468810532579176 0.468983793575412 0.973156367830123 0.628983650663108
0.734737201063379 0.151685330386178 0.346161112437464 0.76889200938226 0.976777369681253 0.0352586472955173 0.397049332491962 0.312217822633358 0.879581807161227 0.622658000895241
0.146164826093822 0.39384269186821 0.0419217624947593 0.42047060472686 0.956850689292845 0.0691913468943914 0.397597771984937 0.230289779729357 0.257521242239145 0.635391821662403
0.697973870250952 0.758203527814487 0.111679728125474 0.625627607987473 0.967379909582903 0.0481617529175356 0.266429675488711 0.327375106720193 0.425784043416169 0.520326867809746
0.698118896354311 0.486452269889593 0.104271627854318 0.75540076138936 0.975389782941721 0.068010613739048 0.444647005843543 0.442357000324577 0.423702066985849 0.640908565237446
0.346419842877834 0.888332835319456 0.190727333868241 0.760956826681011 0.98611067560732 0.049091703079942 0.466785713965207 0.394830892048724 0.359114341856634 0.554960478028687
0.164672133980787 0.358306347785412 0.136578688865023 0.642253824149604 0.967705435128292 0.153490520832744 0.245017581566404 0.319617501505369 0.0576451423219464 0.52607549320316
0.153391376812764 0.700484947585711 0.0632950287837474 0.276388718849177 0.912220149831441 0.0549176869335348 0.357132106489316 0.206908511664137 0.0320159519577036 0.453622927742059
0.19406913904068 0.610443374222928 0.0602084005161514 0.303992851339645 0.994653311483794 0.0605183812690394 0.470522771885347 0.353247090687638 0.378288013911665 0.560960925004754
0.716645240934952 0.696430152678667 0.238606829026389 0.71132621808505 0.997069151941988 0.195975105038729 0.541167637076648 0.521747214981283 0.806366673132717 0.548942281994688
0.991947415010675 0.889401366491005 0.323562471081285 0.992013085372955 0.999898375977682 0.854833671403376 0.850049161276614 0.519774326270901 0.999671145907574 0.779278730232594
0.573090476271236 0.247658238804532 0.0588923851072316 0.674334967251358 0.959172349619949 0.0145974469756463 0.223182997897839 0.287375858539209 0.121637507494064 0.435463843398464
0.952348047184529 0.980027183666402 0.56185564569774 0.846627508196066 0.997161517879133 0.399760460107165 0.604678051147441 0.646728807999683 0.997496197727603 0.6338064081875
0.692801148801775 0.635274420361028 0.076005771244591 0.662194106059876 0.982400500011598 0.129007353917045 0.405448700084521 0.308172401540109 0.33367567007705 0.53141707670885
0.152538574277564 0.823161533640467 0.0782951651311281 0.324946097674105 0.976563357219351 0.00936176700214053 0.249335223827771 0.288415867737155 0.0401544539448239 0.504191337148207
0.580033814871485 0.905231439302749 0.142456916407226 0.626672169794722 0.931103696722296 0.0247930946099368 0.300523026310443 0.298581063862932 0.134906317270021 0.61980086736803
0.424385883351097 0.127801249995684 0.151236001250485 0.900873735311046 0.98564058598454 0.179270813324602 0.364084688383811 0.381390608113739 0.622471474851831 0.570986753682523
0.943023709159736 0.806383689331048 0.21762378486022 0.785678514711518 0.996932695910185 0.135548541222532 0.663905694366256 0.469883062072967 0.985023098071605 0.713281375843405
0.421019207408963 0.387943067420701 0.0410852455171259 0.643453308505362 0.986122968910479 0.11629537415769 0.501906699501452 0.29484887128801 0.434192498249105 0.555372568110354
0.601714215769212 0.101518085973585 0.326806282365537 0.896832444074157 0.997372451053276 0.309877903750382 0.515388979949562 0.388187524183858 0.852889239750053 0.675379829435516
0.956719601683563 0.976743259016541 0.558020166276031 0.996887669112387 0.999951079889613 0.845443321841478 0.864755781362485 0.537746182135057 0.999659353488802 0.774975111909347
0.852349578393426 0.702283290069259 0.149753988653779 0.792624473904533 0.996929321805694 0.316166327149838 0.625280239089716 0.386470412963261 0.876876707059939 0.610456247544794
0.784643135897287 0.780151143021768 0.287943019195096 0.724794942619278 0.996726971935774 0.285973554390141 0.666325913225967 0.497189435448463 0.881586313615197 0.560658375941571
0.98257127851048 0.969125834306133 0.3644088035734 0.975715039179336 0.998321277627179 0.225664278171395 0.687743462765115 0.509808822592389 0.918201606799837 0.647425249065109
0.140705243109911 0.272466421900396 0.179834989528929 0.640129553590828 0.822787168418623 0.00766708053804544 0.282160883189743 0.286176336819887 0.255126955471069 0.578472146383464
0.171575240547275 0.733054941178376 0.139161095962357 0.677938707539405 0.953977077243275 0.0206589998056889 0.254005405135338 0.247718415241696 0.391010198201641 0.457392614740525
0.538840744267594 0.237414790124062 0.0666125533965008 0.729520309184801 0.92684901078007 0.0117755157660903 0.301390702061293 0.299477850864774 0.379839748685742 0.566518256786589
0.627353265956697 0.670107410727302 0.266796981891459 0.806968868439983 0.944635537159955 0.157323634302177 0.334044799719269 0.341574423759617 0.484062351494699 0.526128312407047
0.714962026188926 0.854542216385651 0.154558940077973 0.876653076785078 0.985074343325467 0.0697935110002795 0.460598825650664 0.250090092569547 0.511933182493487 0.520969592413042
0.681990611250301 0.165076193442915 0.120684553426509 0.572196468236438 0.985121980338834 0.0219760843067365 0.322642311194435 0.323947308041708 0.527761932547907 0.597842851011992
0.551922166657414 0.151288160755862 0.138171794699444 0.900652236957174 0.967543899182829 0.0299213825192967 0.390202379871582 0.335692139878948 0.675213825793301 0.555643281700837
0.350475039746103 0.860440264419383 0.0945686114383633 0.786736798126014 0.964575497402359 0.0980057967063771 0.369567284862721 0.47495252433175 0.496691446251715 0.552017581357539
0.261386972132117 0.567285873993807 0.120472532152391 0.941182951601075 0.989144154856394 0.047988101715236 0.370533485987364 0.268817193466648 0.499452092200281 0.53470261519365
0.448028161883455 0.549154498358814 0.0977104632276125 0.977512823376001 0.991716825156399 0.112664535260594 0.475374270487037 0.401197978500215 0.950307744100192 0.539507982591739
0.225450726747369 0.192547554528789 0.349382641654657 0.586243471969137 0.982819658584021 0.108496537299315 0.536088719356649 0.334841946841381 0.559991925526084 0.613898860945945
0.431681117211152 0.761171533408209 0.329834837986817 0.857128466584415 0.998986915490893 0.238367258391841 0.648021658024 0.489364343737842 0.995645504719867 0.677603760583487
0.720825506139441 0.866442831110577 0.489248351678358 0.990785952833724 0.998952409726784 0.524437739704076 0.756095140328588 0.448736754195323 0.992878489601509 0.572237051849377
0.77421794564088 0.339763869304464 0.254531885066155 0.882584346088162 0.993480670330126 0.109772520214736 0.491981720021592 0.419649851658026 0.304184813692606 0.596019530562758
0.41048086954553 0.697335279800944 0.575399617990127 0.985425541418687 0.997457926195405 0.427388100719212 0.553917416056959 0.402923522172942 0.983380313570592 0.718102617639415
0.861359500724496 0.912770283887784 0.303241777885263 0.81519691578602 0.998414954226509 0.102376185808334 0.692549260364734 0.451440238061503 0.953490848205902 0.6955952272443
0.44372373717207 0.517613746720843 0.292441798126038 0.852601558571154 0.984044227776129 0.0647603712712548 0.6550562978801 0.353483110331706 0.406086879965988 0.546011727008239
0.426571837921619 0.183798035950289 0.0390610510280995 0.718041250886146 0.979192546442107 0.123369559104574 0.345634649723607 0.258780068863039 0.094768487116479 0.554405585012637
0.935400924013018 0.533642616277423 0.532752953879583 0.955658937627951 0.992077745371751 0.195846222667298 0.609575990845743 0.413374282417731 0.969820593165146 0.626485839859781
0.618111607430376 0.4861730814853 0.149555126930923 0.91072869068911 0.989274999888703 0.107743763699217 0.394271374346401 0.364352342501853 0.72185934076369 0.438544642802861
0.506684911196867 0.870545906164796 0.164250648936996 0.977094031228363 0.995595416346186 0.257361438627582 0.623791472227329 0.46733307335742 0.948151135797591 0.676604770221178
0.0635006960799057 0.00981070009327259 0.270785040644211 0.791863918708308 0.816294048054525 0.00813199914999422 0.142396614158144 0.224955014778591 0.00634129228510261 0.266256123671329
0.582072631416487 0.598217021468759 0.388696262716722 0.886404765325141 0.992282255631068 0.25375837125749 0.698582687243413 0.331105758755631 0.931649210706463 0.537482257691086
0.951435506555222 0.854838993255785 0.140079914334904 0.941067132021926 0.996408213252547 0.744589234947338 0.740425284727353 0.525172035265596 0.994302825597104 0.716164733986615
0.00925225614004593 0.316687303528063 0.0371155823753258 0.363907193256678 0.705943879658407 0.00524053672632788 0.153993088898743 0.195073854154921 0.00706534603503913 0.409061924266882
0.480761250411836 0.456232366274563 0.136523729373103 0.386046537397154 0.982076160773173 0.0910776544688579 0.511062183937309 0.297576700803506 0.188673430387708 0.48233050472918
0.608715422193014 0.978437557323815 0.118456232376897 0.809655375116257 0.995953665128903 0.0622117112313901 0.580040714902016 0.50848970823534 0.50918409286914 0.592742747615408
0.928331438756906 0.282079100926009 0.124219298370692 0.881854190430653 0.933117286844494 0.0262622048690045 0.505493628661526 0.32052906281822 0.868480268197124 0.668721132423873
0.0892685782867232 0.201812462037405 0.0701005078409723 0.418388400840718 0.927024688549617 0.0075977819174079 0.156040217019218 0.279356903131337 0.00332174537680212 0.412820091508313
0.9779790430675 0.592062658617535 0.172638535792472 0.621396803451607 0.986546937016536 0.266126370049697 0.642187768004629 0.354100433206266 0.849204313267431 0.70244197780796
0.741972686411196 0.894375128249086 0.122636095288342 0.909729692326402 0.996952454900715 0.382323263185595 0.601063662224201 0.386725167769707 0.98688003774612 0.621811315933844
0.264527405345705 0.151742867527546 0.0577094826493458 0.611337192441928 0.986072338637632 0.0761226482623731 0.530582518934192 0.310962725569105 0.246288306473809 0.451501190755757
0.961945092035282 0.960519040660634 0.342059904151658 0.983377999233338 0.998994170593254 0.354220009597841 0.668988351646239 0.363533142258473 0.993413842018268 0.616355335369201
0.338056749854541 0.700279313830908 0.0565862271220101 0.798575827381908 0.983821874872036 0.0706482840862327 0.486261249039948 0.404320498459412 0.67015691233693 0.566434219315895
0.85640708764846 0.397742542303474 0.384349012264091 0.761745146109349 0.999268690078264 0.350074926768038 0.725874904060524 0.506283388531534 0.975574365562538 0.716757838122955
0.864337444999128 0.922177849925787 0.322657364172517 0.962847268012781 0.999347182863307 0.208790371930799 0.56154072036326 0.453221152291427 0.992192044811836 0.641489788427635
0.749146087651812 0.784757756791103 0.216859736898768 0.942524718871956 0.997000631158934 0.679116376546493 0.628631248482939 0.386788204291005 0.996075737035187 0.652076222855802
0.607723002235171 0.67669960631541 0.33285663858512 0.977702549554661 0.992818370004103 0.104244579269893 0.428367844000521 0.366085218653286 0.8045596292855 0.561093943514022
0.617529534197745 0.542196149270544 0.412109143513661 0.858920348748876 0.998235371601312 0.592176231229953 0.59659204941066 0.444933684304542 0.915458700881891 0.574693098791362
0.639156798974252 0.308182488335847 0.100016323950239 0.670793340551108 0.964068081635127 0.0387546200973867 0.365576290561505 0.365250488871835 0.564406405822299 0.59127869214242
0.396120968241679 0.499635779673929 0.256319778556043 0.49450156169063 0.898644180527898 0.0484488241573435 0.362700353943247 0.211246891915831 0.216724209905181 0.490266805598878
0.468157116842243 0.526242234703371 0.337174697558482 0.827651090123265 0.987267633281359 0.0906455178214139 0.469047444812422 0.365248210856301 0.581412246728788 0.495449876623964
0.268988240418746 0.421753039134031 0.113089721478339 0.265418891155243 0.984098836695656 0.134391784060841 0.348421736944106 0.308043520081386 0.117660222301616 0.552773682276181
0.924000140720553 0.525036097746924 0.11422880713646 0.97621576717476 0.98892355442469 0.136930389544478 0.617113973208891 0.395931587452508 0.674561071472117 0.595614328283315
0.31042738607688 0.0508799222919041 0.0714107098664741 0.606625019022076 0.936336022803207 0.0241950325141844 0.335404027801644 0.306222484681448 0.406690288917381 0.562934846109728
0.889497190700713 0.919962236293481 0.19655185945347 0.931866764049755 0.9758943624333 0.160131105332208 0.700496431919307 0.445495073287527 0.910432299471246 0.613002994596268
0.830370655545868 0.54951613637812 0.185203105202457 0.941754296900854 0.995874342901765 0.160883556595995 0.521801661500447 0.441397537999464 0.886197088385121 0.687064134662681
0.609183267753355 0.88736474387534 0.298476217969239 0.965921068164929 0.996514872298141 0.524180942597929 0.636756112585609 0.500656336329196 0.964893846799688 0.697784881358692
0.820095764035452 0.385391447564915 0.216998967162964 0.964061424034921 0.998450103581493 0.374174606493244 0.659168584731042 0.371047733601093 0.913035760970905 0.648318431337646
0.472346685369988 0.567986419239271 0.113730845260753 0.845255830243706 0.970803190590499 0.0246160824819004 0.280887107346043 0.36845806321088 0.532503811460623 0.563781119322267
0.648304121409218 0.670932786005293 0.0658775504186525 0.817330702956527 0.966467349096073 0.168690691436323 0.534660104241665 0.300916673479519 0.473548279369131 0.649138369804998
0.0384505299313543 0.220828143461251 0.126084098106412 0.585945476122913 0.918172305721107 0.0277939458097903 0.191145421303157 0.239314673976954 0.043254684665475 0.449787626138764
0.221219266886486 0.529305174171264 0.0672587773087445 0.505432440239059 0.971386984332355 0.0600857917780989 0.427604489584851 0.289069010844741 0.399204258584397 0.601020888146905
0.711947344735127 0.833172416422524 0.215038818472522 0.91235360396631 0.997847929783849 0.169584650695703 0.739403241718443 0.392422250064906 0.975714847318333 0.683154039265267
0.161383209318436 0.0698168598180938 0.0916312245422568 0.33416682089465 0.978005834312187 0.0335391890244804 0.335916688747765 0.384546601355048 0.767210173085145 0.588972549416401
0.54765272546413 0.219534578506583 0.183250010521004 0.748751576453383 0.992145842676692 0.0378258993769342 0.457695024262401 0.317974709630463 0.476813985097578 0.66942915171335
0.381333034457722 0.920930065138015 0.327087324767208 0.566866049824989 0.964520892337752 0.0170526780832831 0.338455022103389 0.40777847728642 0.11957168896153 0.448144277836795
0.655116666183628 0.408035937412033 0.311626017696109 0.981557495352096 0.984751639398134 0.244865220546082 0.703279781558326 0.456610851774365 0.995672469882356 0.616052270768907
0.962905557036095 0.350758508505044 0.337660810818283 0.934406624342551 0.99854602283514 0.428357662125923 0.602038715309953 0.459273898695998 0.985563610946466 0.659448148353557
0.965344589125134 0.437988077173643 0.210417464155728 0.96962721121115 0.998082038023059 0.236277688736236 0.699618963286908 0.461672730674359 0.993301261751886 0.706491326569029
0.939889197836815 0.782038620970215 0.298263021189785 0.691242816620577 0.995746875186808 0.21958669046246 0.491991587292203 0.385692858906501 0.349935835449078 0.579752211260335
0.881540858759197 0.379160657647823 0.393376849790627 0.974468471229692 0.976782316234691 0.166630202059793 0.498411768244006 0.477749587079042 0.975570947953372 0.674558715152609
0.633530097042736 0.28819572064804 0.210754698307483 0.632003679516229 0.984148771257795 0.162639539107054 0.425908082186643 0.381754747106766 0.729026842439142 0.557713049201833
0.280622478399865 0.390348631987508 0.25531827749502 0.593595989710938 0.930229085967441 0.0183522972536283 0.332329814627154 0.196449542237977 0.0660368092247165 0.408201256824909
0.765806858723278 0.25285166242643 0.432694174930856 0.776533663114788 0.998816738062426 0.396079432436173 0.747280957310194 0.479381546613781 0.997857687081629 0.742616922612225
0.770955395255785 0.830313936092624 0.054287546595405 0.90002663868311 0.998750154247533 0.378256158041935 0.711991489965354 0.429369660317023 0.986561988794717 0.62759278658454
0.964918255068498 0.277211402580144 0.108644071042516 0.976039809228455 0.976444112353216 0.330662706777559 0.542596767166621 0.500164594495803 0.986030625956887 0.585200079794293
0.351259648489672 0.834371673772202 0.241980994603761 0.726522506612892 0.993941260969256 0.122244762802249 0.348763054990978 0.329434933663935 0.455425016147387 0.586137658912659
0.582783875488666 0.439674215453279 0.216155926746188 0.683092301006214 0.988698430236298 0.0495214921136867 0.407657959094653 0.256848101717166 0.395184745233293 0.460312345481976
0.529003136338439 0.685725807550322 0.150519658965743 0.833213106080051 0.972603431970831 0.0479510849597836 0.499398854722208 0.357440514432406 0.703574040000386 0.525577246074053
0.237637440003715 0.01791425207276 0.107167238448502 0.35443719489256 0.895885931473604 0.0462978013310071 0.390985138281669 0.305702390045163 0.371081275561324 0.533246615819829
0.861255698696938 0.482588018602107 0.14281742689332 0.678993574878271 0.96802314043729 0.0184967146114581 0.470237903491263 0.402853138456532 0.574952734200104 0.555805861038586
0.909602838617161 0.202696906091508 0.0911377421290303 0.843322459269214 0.972589170752313 0.0828524433208878 0.500645336913925 0.316920765245129 0.203007518885633 0.508266555628703
0.526624359186965 0.442129699852323 0.0682331358709846 0.640910343816165 0.954888882166883 0.0213796183731396 0.472928598412975 0.382984786303147 0.383094409026192 0.460514255011646
0.0674685958223694 0.797242867406674 0.101919660068289 0.199733397625343 0.923495268842787 0.0152210931065106 0.324074522868797 0.21235469193342 0.0397442623381912 0.54474318002664
0.184792114473642 0.304569149508499 0.0341354127007829 0.742829208989221 0.942867045214148 0.0385195061664358 0.376225044925145 0.292556850631557 0.265098477023326 0.48222568153971
0.640285023574128 0.859575781278583 0.208335024104068 0.976816620727718 0.994662753169083 0.173812044626808 0.662371524072901 0.465077798148701 0.977106864907995 0.635867109281336
0.960567335020125 0.844228548294612 0.783078793767449 0.993825645894402 0.998991150682023 0.51051788400183 0.740362541694733 0.52820431859526 0.997763056121403 0.732608138772963
0.381555928386683 0.076490921577799 0.137147067642785 0.456275130487907 0.870362144655293 0.037410902626411 0.297177022813175 0.213448398048682 0.0682222081434356 0.465947237167348
0.630841539739434 0.798702571731236 0.215733492120982 0.975671979636584 0.997392788255247 0.16880192084583 0.578666444064377 0.392653344790653 0.827178894124568 0.732156947656853
0.749387389319439 0.704313971408144 0.367243398167661 0.847122915790788 0.995360959278601 0.221873606080804 0.596218296744665 0.305499533958493 0.951192341559021 0.708929845328696
0.598910335235418 0.303680031149011 0.150606715017001 0.924540169188618 0.998796027552779 0.350057367394928 0.583285621002255 0.37433150741635 0.911361796173927 0.648039294345677
0.904337282971091 0.88742398012687 0.622151244322145 0.987306692240176 0.998092927280414 0.704153171553146 0.699553213721025 0.503595142196772 0.998537386508775 0.681422552549184
0.437897206242349 0.427284530445183 0.324584501607628 0.941768471338598 0.992312106521024 0.0789464317356455 0.417798907154936 0.367725202268139 0.588653412558466 0.525604283668753
0.423025698460494 0.5889832626038 0.297718369297038 0.843239131204324 0.990593538618817 0.117008153732734 0.509243671479959 0.36709509170902 0.901795947176271 0.603658506032638
0.634752002439078 0.177557995446775 0.0298110275228727 0.687266430888117 0.912931294503584 0.013270030861141 0.384257047813824 0.311728489822312 0.0350614896416584 0.483192109980716
0.968407866689655 0.660030948356165 0.229589694515842 0.970454272833579 0.996694981085226 0.0737812305757402 0.61518780478738 0.350785715709717 0.966573498803345 0.712144001360851
0.512260173161468 0.418384240778147 0.433977981947765 0.789153370047372 0.990222692548508 0.130194833776729 0.411398191076754 0.481121686348724 0.952469477309348 0.578730150472649
0.732747238289173 0.0462583132515378 0.1177350582176 0.956226715842547 0.992751884019875 0.067048895182279 0.608343769581789 0.317044322735798 0.691706971722084 0.601961068487483
0.319534823173117 0.968865901828609 0.22886282770327 0.950485734926567 0.938644670496503 0.0231422972097053 0.257950542994405 0.323849797265012 0.224511854427127 0.476986960364363
0.672453638337229 0.626390827787014 0.253074140492585 0.447446274685049 0.938104686681707 0.0757058789585986 0.375899555754747 0.295671114092685 0.111136360136995 0.409022572604092
0.931218837646814 0.684425081881069 0.194800665703128 0.808693040799687 0.996159680095713 0.286168880047032 0.57970174209397 0.380019245851901 0.704897629637356 0.594357844381539
0.90674979333138 0.613838910539019 0.281197166073692 0.792070035798453 0.988476431866719 0.128836761725787 0.59445901909227 0.331653597924397 0.71011205335962 0.632831341845143
0.209740910728484 0.358860599796101 0.111575733030037 0.830265818406155 0.979963650762596 0.0198223649886431 0.23178410292061 0.207275225446345 0.0407583266680127 0.431537166312139
0.990466890131153 0.82831863637199 0.54769632298207 0.994431576097814 0.999605055475718 0.713407718532322 0.737151626120004 0.388670755132256 0.985254035439652 0.704077242148313
0.518660435460199 0.255422318335781 0.243301444261944 0.700696442396184 0.980485890504633 0.0523198600603851 0.332006177555313 0.319747065120047 0.688378878492239 0.603866297179268
0.668684124827244 0.605465074481632 0.279502798849438 0.714337085672775 0.994739995494655 0.075018558029091 0.470158866833115 0.375391950497745 0.824028129906854 0.530987593440391
0.232820057146167 0.184791815273146 0.145939310103417 0.533355697865919 0.970129143934358 0.0583976002602688 0.343393101326061 0.356405511750135 0.454494960571069 0.603556954059289
0.223654942148126 0.509711415912624 0.142104267297365 0.841160574299875 0.98226073899262 0.0392165160738813 0.479932552834183 0.329490691157766 0.194540852967751 0.489034887657083
0.264951939605474 0.954241301874342 0.0635118399687062 0.548380927041609 0.989806822895002 0.0140572964534798 0.316044027852265 0.371912863746123 0.0488606403304464 0.591922881344686
0.578991846321148 0.908026528497401 0.201872477770042 0.492266778809769 0.963804870650494 0.110904216333094 0.36657200467852 0.258177970217292 0.584227394053046 0.524374323375676
0.425444492647688 0.789238981626803 0.0988497750643055 0.942435837176102 0.979610262327379 0.153316227171264 0.56364427495018 0.348092507379351 0.783827525017429 0.639569695266698
0.469530858264957 0.15482339293097 0.127076990940521 0.770321544628757 0.870451275917385 0.0166835530538684 0.345770824155693 0.294987295740939 0.0891597381797898 0.536508026917526
0.52938283404702 0.604017539853516 0.315849144523152 0.853885011380544 0.993214204370581 0.380475397577119 0.649764756325558 0.390940617135803 0.93824789794459 0.677041615117886
0.801477267362908 0.661636473916116 0.627370569135712 0.85399238447345 0.996496809377145 0.289849940429594 0.637407866757978 0.432091885801605 0.696043047289751 0.637867502416475
0.25136586773372 0.471329415036028 0.0737148865171537 0.425766302018561 0.889258620722412 0.0260364189320715 0.243518890039326 0.229995631013923 0.0413879014612781 0.456250042448008
0.667137891768677 0.850344136754163 0.543158085716121 0.880042069452911 0.997171231449797 0.408691166499399 0.675492748124127 0.471240562827302 0.996544538014905 0.736588111744518
0.685400421231491 0.0707846552609577 0.146573666540247 0.837676204681637 0.985797615201682 0.131677759238687 0.555457727849757 0.339767441291805 0.481175324242294 0.585141352014189
0.843551943216622 0.285264666269397 0.426507626858718 0.89821243164249 0.990565885831318 0.125872893458853 0.55119378353528 0.441712814881886 0.868234369335837 0.597152500824735
0.188648060237038 0.104870513863905 0.085634526520504 0.581216783726732 0.986884883573237 0.0302779123905495 0.211472177793274 0.20415704775808 0.158274339274601 0.482750908570352
0.0517928899068359 0.357336844000322 0.103385357641627 0.133009100017436 0.962364087376973 0.00468567998486004 0.225907101813628 0.233869480113823 0.0389512107484876 0.457130614974348
0.895064884626009 0.854985078082414 0.116413250863691 0.919195571634194 0.997338715632062 0.146019434078611 0.590766920053032 0.451549231061423 0.782258497036991 0.632402347996181
0.655345341718244 0.384947933392966 0.0695320296635434 0.48458674620149 0.865812499180555 0.00439216378904603 0.364110610330029 0.273103365904218 0.029081129641807 0.472575326714675
0.397445163671732 0.130191989608765 0.071135786531625 0.238905250710422 0.945578644300193 0.034568779662495 0.261831910431818 0.299840945667292 0.241013127854001 0.560739919758546
0.742736652899789 0.75571777033351 0.327184428633234 0.841601489523847 0.996252141644623 0.120902750478826 0.583816011969416 0.462546634608068 0.88540625612358 0.593455280176287
0.169078731127444 0.404127552794753 0.0886607087806522 0.679725243170463 0.986890678345423 0.0215915994196971 0.22227288241934 0.288942716390659 0.16254653428597 0.565150427692833
0.791494186073669 0.890388746650945 0.107853549797508 0.570764840766813 0.892725963050189 0.0481303290806841 0.313945289652016 0.285187114463041 0.0517390312743265 0.482268163892368
0.906481238511027 0.894155470721421 0.527142616703961 0.962723106961069 0.999372464024003 0.195230461029639 0.742872096137292 0.508505493760201 0.999309601323055 0.717783945850915
0.239915679731368 0.0740941950296002 0.0967788105603582 0.667534381683786 0.965533750438804 0.0194970872025487 0.21644262771245 0.284776861896644 0.104529550115819 0.517259772341203
0.81201044052845 0.0957612497195373 0.157076641629913 0.48147942901933 0.978936251241015 0.0824817056625501 0.377814584890792 0.347734790946237 0.110521140503131 0.453472727254285
0.142452658430247 0.0718919856060826 0.0991928415381923 0.880653951467902 0.992987919995334 0.0190178305315968 0.360030223411507 0.30844883474197 0.0380691631891255 0.664578445107424
0.554317419359184 0.1203881124719 0.0850135308796828 0.304871074877207 0.976391967514559 0.01943182397252 0.361724217731855 0.302010445588818 0.0843315794733101 0.4686179603992
0.218391630861056 0.525984120884865 0.0973678773015195 0.980557028224294 0.992596150389016 0.150690070485921 0.457238145769975 0.373710023194329 0.111484609185539 0.545044192997421
0.058149866337023 0.335957264766884 0.0247096212857458 0.18373183375866 0.775100247582092 0.0100383076736547 0.183458767713984 0.223362918402318 0.019803519732798 0.476795114228286
0.766974251673744 0.0980165039975338 0.141038292716852 0.945992961145052 0.998606505596808 0.175076121580675 0.647468678244377 0.481859862905706 0.935449288025945 0.656061058872855
0.60181694422457 0.0161437955182709 0.203968583018849 0.877216709391298 0.964654024964295 0.00962607166283817 0.458047823485561 0.351405631522768 0.540040186171067 0.530132905679324
0.349782370450846 0.0374666235438746 0.0803014499093965 0.655943614665371 0.540236748330222 0.0136310619387322 0.313648392493577 0.265215974375584 0.0045648194399208 0.439055611776699
0.845337750047737 0.686291365164871 0.169601671859993 0.749253778446233 0.997494423043923 0.0842034179172039 0.49354818756313 0.391917377542608 0.666667806433779 0.533566652690731
0.645953408381255 0.633348250846621 0.0705277583139236 0.483980848016015 0.896646586866366 0.0433993096802708 0.342410969251082 0.261490748496171 0.0444826364479927 0.432220971749948
0.27349427852451 0.586578603678111 0.090985103295858 0.892759340755692 0.995275038850877 0.435892388660331 0.47658865457433 0.292328785421258 0.846483010044834 0.620642728179642
0.91587516174546 0.472084074932174 0.315132137271119 0.991814352212301 0.998895224271772 0.279612141354122 0.625893513835889 0.539150720796507 0.893659481208513 0.700514388387927
0.792925787543276 0.807690182380657 0.266924100027857 0.717955059554135 0.997232967673669 0.043519540448259 0.457994634625876 0.405498581141752 0.746740923210527 0.583022976495396
0.231736935867693 0.121399494200854 0.37798028139446 0.695126960870236 0.970630755138441 0.0993364202398169 0.33013703975076 0.277785499126355 0.0651058813073402 0.469004834580952
0.784512576920569 0.782013202359517 0.290398530867088 0.886015732270356 0.992463023819265 0.279293699303524 0.6278497054916 0.447478012501161 0.939106819112329 0.620591593201428
0.843552548041603 0.599277088685526 0.147562393099217 0.885667693249629 0.99932394378724 0.27290427842638 0.725931955032433 0.407636422689787 0.835847646933506 0.677449635571004
0.52007626556957 0.805282371531644 0.152004692766399 0.728809306721545 0.948318333362618 0.0436264857015223 0.394626517211188 0.367958376437536 0.376762374261247 0.491506812325686
0.617243195923798 0.616197699523502 0.126123229234392 0.971516503420908 0.9799679928296 0.0091511601318159 0.285672729554584 0.305290904222628 0.0735127293381088 0.44990719521551
0.894029975064232 0.704741214823433 0.364018440843067 0.947516243087232 0.993244272324974 0.328610118875856 0.534135933450771 0.440672234565647 0.966105784184518 0.612003223296123
0.602416536117738 0.698507831246686 0.166534220355475 0.757311272968218 0.971546534678873 0.0418576328168846 0.509146873650955 0.309896426682626 0.333426833895728 0.536026903496014
0.687466822474581 0.935853396378698 0.178651876282499 0.834139825143885 0.983537191250529 0.189653638164581 0.572066051198308 0.357853210790804 0.936622460822885 0.702417306348591
0.616632020153994 0.0293169455104149 0.0922465222527272 0.656186154262464 0.986899869231022 0.0596639241704374 0.436738935938678 0.406372275043483 0.92378498137022 0.540724069665856
0.834367894404721 0.742104452650603 0.0699627486285513 0.70625016177553 0.998590649188959 0.147865411792009 0.624153386480873 0.410394868692317 0.788715762594043 0.543780465358927
0.613850487869027 0.163402590358526 0.180521163764476 0.688373211207933 0.95327709185907 0.0211393842086386 0.375812690719105 0.222040967016443 0.0490322488339652 0.547234248067032
0.584555880024153 0.445807407821755 0.381254900588904 0.485192977346634 0.99326396430932 0.181776246400207 0.549371987403837 0.361866996317474 0.837736233281644 0.708145411377826
0.234094645645801 0.270986091135443 0.1600670319334 0.288370705970536 0.841153186385092 0.0245804157237317 0.3304675608231 0.257790281693794 0.0440491660983126 0.508830205792313
0.750967750790046 0.160614180654199 0.0796485426413337 0.91244376549479 0.982541730487292 0.115589187574782 0.42818807348846 0.272805872918732 0.939304904076494 0.580109527151898
0.934668948336084 0.876124996955033 0.283140311944628 0.963786877884506 0.999547595128968 0.674437970530897 0.661064727858971 0.43370583010029 0.997237271266783 0.537479237235454
0.876856677604038 0.527549158693053 0.178071584873746 0.899253874977404 0.99498274804073 0.328590054275992 0.600226014484678 0.460679930399021 0.743921017508725 0.633953550135188
0.412233376822524 0.847251000723723 0.107076018095338 0.487458602714983 0.928709198792132 0.154231393513032 0.54975297785508 0.32731223215162 0.670525785906942 0.514780882391719
0.67106362649423 0.510829128810372 0.260545649383014 0.91103259775963 0.99299994658004 0.299916422112641 0.579991615676472 0.411194717494297 0.980957859822936 0.596481959446363
0.872219420701587 0.576746130140199 0.332285253906834 0.991257145454567 0.997949589924933 0.230737583178026 0.636543046732236 0.515390412346494 0.97090570358937 0.627335019716661
0.109778055820161 0.59055129881407 0.066645167589823 0.393377836649975 0.871710612875934 0.00638273474321017 0.237561558752453 0.237149708057498 0.113474917194115 0.529278910329941
0.117464153243103 0.69648673211162 0.106808067236155 0.927191570922474 0.929702449386691 0.0527543239481915 0.382502354769779 0.307897343004216 0.230622178132665 0.625410268639691
0.484502424098279 0.772695837318487 0.228451463796547 0.809976826225722 0.984926063670569 0.170615602667368 0.498498736164742 0.493126447789268 0.711180313806343 0.651406784031818
0.930299654274924 0.448784995032953 0.370321774617855 0.96902034939278 0.997027556558714 0.533935360414247 0.708954687453324 0.496504691309285 0.991367982124605 0.696879113935843
0.69593561860528 0.55036051594923 0.507702519845147 0.891458019958143 0.995352878661801 0.538825481852663 0.590884223165509 0.380721190888981 0.729736174897906 0.711534939111538
0.406938234001201 0.535742764479907 0.401606771150342 0.643978238103609 0.994652800147089 0.0296198457228053 0.427511943240403 0.294792992107779 0.30683199575062 0.539385143199709
0.331251961853927 0.261737037476392 0.0975402978221928 0.812823103331621 0.871490718354811 0.0156768321086241 0.259378402512978 0.265895833922568 0.0539894078408263 0.467934425926867
0.104566801470604 0.47522021253937 0.487793665377774 0.639674170071344 0.987110037808631 0.0254942341159118 0.266429586370377 0.305705598873952 0.204728631724759 0.496025373889523
0.505339330818357 0.403023142086646 0.101794089164498 0.895703294435544 0.995311034400461 0.0575527147017265 0.422977059461263 0.364179284427801 0.174689385652115 0.460924318942958
0.828267537367442 0.82283582302601 0.207176567840164 0.841763890215674 0.994824026079129 0.462064769487272 0.677318883897573 0.483436938956759 0.959328575923007 0.637959289656298
0.562131409879345 0.943395580842238 0.197225065949075 0.697195923104721 0.998755253265709 0.127295708167396 0.549878751503632 0.417555203337915 0.887725211708146 0.670959797163311
0.517911941828441 0.0346489051097037 0.283589187824855 0.924409100987962 0.973085630677338 0.0421777566085613 0.442557417140573 0.410245345466706 0.926357317156056 0.580555560439239
0.229777253612631 0.50394123233676 0.0448653640043498 0.778246756937898 0.960227370285389 0.130996379145126 0.326347630844977 0.30758379165405 0.227530081745724 0.512749804598921
0.144126788516822 0.533005499101299 0.0368516480502606 0.928082908700522 0.931017626231405 0.024318629816879 0.236858621984218 0.337940945459894 0.198793076876651 0.46994569261083
0.832667466867458 0.639581006279288 0.352490132042868 0.981244671776364 0.998934851889696 0.601200520861569 0.768312524279259 0.464049509653721 0.986922471168978 0.687968473953705
0.982925492065644 0.532491385407344 0.21365915075388 0.960394353560507 0.995855405026967 0.279576814464806 0.654129776010755 0.426225760787349 0.866350345909951 0.678639882907616
0.733546933807697 0.28429203009458 0.205923730796393 0.772321848146874 0.997470643806127 0.175843788208398 0.4711378071808 0.404695577276563 0.619881582867614 0.6742032596791
0.613542584623718 0.808661886742446 0.16245389506485 0.773579000225453 0.915922420522153 0.0392046575748202 0.415185878740007 0.374273521814105 0.398316103520724 0.553256452364822
0.931396754177079 0.886444852128619 0.130646553819004 0.796455837519403 0.997575248771644 0.151402519050112 0.554543057397099 0.318584327691006 0.702329771930966 0.541543284815406
0.945267960551616 0.986300541333674 0.420833999138302 0.925894359097701 0.998435132076285 0.417544433867882 0.725314601467713 0.479883791713349 0.999203502860657 0.696597439723773
0.876523876996336 0.527917923573277 0.163546111519936 0.600491796082237 0.995162415754762 0.118889868723133 0.568197973248191 0.387627995380087 0.919148500017556 0.620861315400135
0.359169649657588 0.341458509779113 0.0299395456854209 0.911018374031792 0.972577285534293 0.0593489933620766 0.516906544856619 0.303759982447603 0.693645761741096 0.620337043398989
0.380407075104364 0.886009890898352 0.0445538320544955 0.845815584036463 0.988518907972144 0.0835003888968547 0.600706581447316 0.467164003582662 0.817893295806152 0.57689257216279
0.993844972768757 0.996045234592855 0.456862343794159 0.985530124111034 0.999947126464837 0.794097650368584 0.902945821115605 0.63958440828321 0.999727219270412 0.728151561938987
0.690900003921635 0.620271787330225 0.402982849876059 0.94615581880022 0.993159383330628 0.144387809368447 0.570379664878263 0.361386454394659 0.701083868981219 0.572646921996743
0.957378285606987 0.525462281904799 0.183361674011588 0.902956430286902 0.997683584980366 0.413113714016379 0.616663539255535 0.462026304281336 0.959447798045324 0.721490216652595
0.438999252557037 0.72817185289383 0.163267192071536 0.929538629740118 0.990412902069275 0.152781180738708 0.631003895611907 0.524340029492789 0.773855065214473 0.661304166081395
0.451150135009557 0.305671786716297 0.222124276108121 0.927221419687764 0.997925732310677 0.177846997088447 0.613077945280316 0.493116262362201 0.995042988292722 0.740002353780676
0.133242036551693 0.269345870348433 0.122773212430353 0.390019742805082 0.936768668743017 0.0325115266607759 0.389615596664441 0.259944383197221 0.0690303359563649 0.540108638331003
0.466687446349969 0.540959105215915 0.151744253900206 0.637424002141538 0.990771618182987 0.109114590875637 0.294922289463233 0.268769926190823 0.535383779223432 0.606945935161129
0.100388674302138 0.081999692743087 0.102175756255801 0.652644711855921 0.865386229511706 0.0357930438741866 0.31628854874624 0.261233569296427 0.0347722029041731 0.463134283296512
0.568215310922891 0.969384973854543 0.628514840726004 0.939547185267796 0.99653892997583 0.137385686756504 0.586715531030448 0.435390037982267 0.778049447396853 0.676681726729051
0.142191544147234 0.974966381492068 0.198016740086896 0.831524855528642 0.985215406874116 0.119535789244669 0.541727047024403 0.44681124287748 0.684301008925096 0.580439186740208
0.543950813666505 0.378495534865307 0.178894292171118 0.86132720410483 0.997612306733472 0.0922121076940174 0.543559752842412 0.43380297715534 0.940053221272655 0.533846848571353
0.199700008516292 0.0656521689196751 0.137787466840039 0.511796480122123 0.982246537102305 0.0377381588824729 0.517021402350604 0.303189644279589 0.186245875093792 0.539179098305867
0.353229059563708 0.806400993398609 0.122665709962237 0.82890524989635 0.997768032910283 0.068988035869348 0.576106449443759 0.410383606828553 0.855424850670986 0.711971556211794
0.249712908516064 0.940336521211752 0.146377447582957 0.633157152976024 0.979402087774408 0.0194176511367781 0.44546863292475 0.300214214027392 0.0618331675935979 0.632024465493878
0.581127470866231 0.529579675831015 0.670336761246286 0.962640704009961 0.993526576901267 0.30481091095175 0.607498059122477 0.481875249613108 0.593895339668726 0.731876164429922
0.598463367467316 0.910955419142128 0.133190303133895 0.95837322451443 0.99716793294017 0.251267450278979 0.455464180676765 0.407855611160413 0.720678569051583 0.563517175298942
0.425780519175214 0.927620701963868 0.172079230350696 0.882015139426524 0.992230146801268 0.0849847107701111 0.497999304711417 0.397240910708868 0.963776648396243 0.604071499524774
0.450606917340072 0.0934773180467399 0.214141345256625 0.916159472399416 0.989125951297547 0.356979402784656 0.586867981700608 0.33026082012205 0.926222797985698 0.560887262581462
0.233703295582862 0.0180435668682351 0.140787562890856 0.221605496470882 0.977597104784866 0.0294502609551523 0.23574469753714 0.229771255338942 0.0591136110239473 0.387087635441521
0.256419413258563 0.337091251875697 0.0637639841618242 0.87499744884729 0.942918729909695 0.0196689013911025 0.404340521066344 0.319891037873387 0.0969758234829565 0.402297267428032
0.26911131771639 0.915510372461259 0.132131955806218 0.911085932959181 0.825582596229829 0.00602169621296997 0.233334736803114 0.260372853095386 0.231604262057634 0.411667415600056
0.310265440824822 0.575817608605903 0.135156854753111 0.898717405044583 0.953235889709269 0.0608782265721218 0.362760150814712 0.384540440993561 0.387676160684203 0.508549502541465
0.830979292369767 0.405604667377866 0.176177532728662 0.580842584097105 0.994331527106975 0.128390077037233 0.560371041809511 0.416139509974496 0.807212998936505 0.583464296548714
0.947476509944344 0.843504470658275 0.31106700056827 0.930469630463553 0.999745789206053 0.667205145108485 0.762784521337971 0.554762420152715 0.988165012043946 0.751452386074747
0.0672578668681774 0.239498368704603 0.198775373760362 0.576034233946262 0.927590108262354 0.0342966410482549 0.288861623269042 0.279825791437555 0.0617346586137611 0.445061843889888
0.340235019313073 0.381668833081579 0.115810424584207 0.363726305030087 0.692526213329153 0.0117707221687837 0.156617530799616 0.208323431169487 0.0626500657202666 0.52525596209361
0.660858327401773 0.526762027300655 0.201112579586812 0.870164443805452 0.995461972878377 0.123424124332636 0.58756276999842 0.395481462380932 0.926885119305385 0.706847457245185
0.648518787412018 0.8299005837136 0.284135769305454 0.914838493485303 0.999146387514044 0.301717119483761 0.709793235834007 0.480042646215345 0.84597069558962 0.669060401679826
0.192308518728046 0.0488149530308779 0.100775090073128 0.108645065095426 0.488416909413364 0.0059370937555245 0.267282807436171 0.22081332781237 0.0330637614101565 0.479659146175758
0.0741011297326093 0.0640569242944076 0.0719995114800365 0.438949702536618 0.883763488256021 0.00446281729079633 0.226793565535142 0.226704350606528 0.0418998941357483 0.473285871970747
0.838286371378573 0.877686497248643 0.0691054964349232 0.473567674682217 0.985651333889123 0.0698159154971797 0.404965246651629 0.346924136195313 0.566164744528205 0.543231830182233
0.791400914103635 0.634883337808812 0.0635823938239267 0.83453178760396 0.921443068705674 0.0435624525903052 0.531505816665052 0.288896467513655 0.22626059106321 0.554037351573288
0.284743695553244 0.295240087353302 0.259561151335306 0.168294106518506 0.983068627164186 0.0196220239716127 0.409072701125374 0.270865817377204 0.338975443911945 0.574024347111156
0.759463325541851 0.879646587691564 0.398603909475059 0.944296762683648 0.998473014482187 0.334658468995719 0.638303629669799 0.450626729610323 0.978742451430609 0.654245432506597
0.519102395171134 0.600142073428418 0.339440755582663 0.872134785541469 0.99436358454558 0.0387399928220815 0.543751000735991 0.411217451497771 0.929485907406969 0.666342687002502
0.354205981601799 0.569261676291448 0.137312206188117 0.92050089035609 0.994134108949942 0.11528029117019 0.558432107330472 0.332518885032759 0.617294869723622 0.598706913468891
0.594171359666153 0.936308484049262 0.0903683086640127 0.864512107186283 0.997512227302891 0.161987857868399 0.48853063806191 0.416782322548707 0.674629105528513 0.534029447619828
0.646679382144518 0.690679216630625 0.158115879257522 0.924786057023817 0.983238928901462 0.124995778245399 0.415360168861773 0.364971400735859 0.96713794136447 0.488566753418046
0.842714252125416 0.945036956129584 0.176525246636551 0.932024893365165 0.995988565804382 0.0914376945582589 0.567330958573603 0.313150235482758 0.61924788910233 0.562673876372906
0.789557228226205 0.349393499323864 0.277129951255065 0.788327269137528 0.993823669657594 0.153455659893514 0.372630827469539 0.284966285495507 0.581781583788582 0.570669166736861
0.219713715863821 0.0595399897000256 0.0546987069285747 0.707443622750997 0.957368677411553 0.0114862756598262 0.305511991518171 0.359590420974039 0.214275820733827 0.476366538765143
0.326465295992141 0.839469115292207 0.39085075599574 0.70641588414103 0.99313415862154 0.124231044045395 0.630104008125387 0.371821586393881 0.893265715879488 0.577162708438198
0.384483610672306 0.0258197833856365 0.108014465151858 0.391106033099898 0.81952545814262 0.0128073097549323 0.2828646161567 0.260943063458518 0.0695257153099448 0.373648680554964
0.0909870615261499 0.140037087049472 0.112168477652897 0.2395316128888 0.960535014221078 0.0147332114473413 0.228520250044672 0.310597854279434 0.0952118960322447 0.528722850910344
0.156434770057441 0.422570927948505 0.0712107376414922 0.485323510517892 0.979286065019809 0.0302730942239891 0.328879129509733 0.247132494236398 0.0824620208297289 0.50401879849381
0.629318554320439 0.342764179062692 0.0380065355954518 0.801232181042822 0.94132314155367 0.0249140085541316 0.325657552132764 0.279605210825813 0.119369642515181 0.514854242468216
0.863726822168542 0.273118385972301 0.174578445248554 0.301160214944432 0.995088022207613 0.104123146337389 0.309675185014756 0.334802215466207 0.262375500613315 0.503778161818178
0.561390460312308 0.410777195569513 0.202595502544146 0.881824773271083 0.974982954033835 0.135608205049306 0.399625376781535 0.398135626986013 0.783809919924998 0.550838014626561
0.995179438847422 0.828684450116172 0.410299526632706 0.913786913601685 0.999826909094041 0.466431612348838 0.785083423923904 0.491873391942359 0.995247351511977 0.808669029972714
0.732662127987285 0.836029035574844 0.119040743018731 0.794017539680354 0.990784838305125 0.150498846940041 0.496069960806178 0.399819657826033 0.768226269348555 0.511319898569621
0.973560686169884 0.898308390094022 0.15766458393555 0.972751750202495 0.997491394178742 0.576492031197106 0.578385664138236 0.446346880041008 0.993156029569014 0.602852974597663
0.476336669202429 0.660276643928395 0.0584321167292533 0.395386029472219 0.963472418074798 0.0574544928832997 0.456494927835303 0.354433708639904 0.806531772655331 0.553739097989976
0.619964777348768 0.728935427116843 0.0511380902078674 0.880602629260695 0.990972508272939 0.0501083839253435 0.56195915099544 0.354065555444401 0.708353901346523 0.576455700025509
0.563153777383626 0.429778073188279 0.120075643805076 0.295760837029713 0.968575226826948 0.0324979771654892 0.309592973255941 0.25124828024822 0.037888959152612 0.500382691150321
0.231376644671117 0.301488511423652 0.104199062322153 0.621547202587461 0.97111046403888 0.0258063454709196 0.519442898181106 0.286151798601123 0.757639672866612 0.544304419200129
0.207180617537172 0.824938254172459 0.344199402963706 0.641277279058068 0.961758273941968 0.0187139743580244 0.404711676538812 0.317167882496995 0.126845737729183 0.470303533446818
0.593249842500779 0.535995947367569 0.282700213981639 0.921864570718895 0.998641179979136 0.261785377191688 0.609161592313958 0.400464642148104 0.970741323318881 0.684656520095455
0.972116156015775 0.846883103254445 0.322944199793551 0.972450235137106 0.997985413970623 0.274586461790123 0.731008099029973 0.478531917247252 0.967568105957534 0.701244790574249
0.454302780013254 0.828324555554198 0.241033523326995 0.765931740155471 0.994062675436616 0.208394685998117 0.511447877102168 0.440285917879929 0.917271570447084 0.717661503163434
0.818272356106025 0.585320457543452 0.0280938637038796 0.846756780381395 0.99050488773918 0.0627724798016793 0.289212441890696 0.351097319709447 0.296111478388134 0.526327137961722
0.632685725509389 0.252261849442158 0.170589142458563 0.532125751473027 0.992850956836268 0.0382181448606564 0.370521066241486 0.309949099850149 0.930195307009116 0.490715968704549
0.503655724044297 0.371999398907438 0.429327610047415 0.848852336542411 0.970794235014959 0.0222129673679701 0.476419298999048 0.354585442030562 0.192022553323143 0.589131935639787
0.820690902043477 0.0329334859115077 0.224066160560408 0.843207008444802 0.977017615150702 0.0852714850884929 0.418768183404327 0.382930858674482 0.0579040053044839 0.602915300806718
0.477521577633984 0.635414522088599 0.0836639313593411 0.715023057496322 0.96780402482986 0.0772567760838612 0.463478176907043 0.405900305523455 0.639249860044966 0.597080141357627
0.381454264408635 0.919484120076016 0.0983043370928426 0.840050194128855 0.994957512543854 0.131519759958006 0.560141579937105 0.372461776735678 0.695057926268083 0.514080666892779
0.184985959054053 0.940871261010831 0.144562398318262 0.797783476107257 0.979453141169299 0.0634954411872378 0.535258854825288 0.396953156507122 0.914461157745381 0.577612352842111
0.742841798642712 0.961713162289219 0.160245117941176 0.933585223386262 0.987453340728831 0.272959647604147 0.609605474335129 0.43088322947941 0.99438730133892 0.658205697465316
0.764992219226022 0.67098396482153 0.303661893875781 0.788468207927404 0.9802047730455 0.0431982708787435 0.430967479917075 0.44187481920367 0.225099835634493 0.634187834098447
0.811602760146784 0.925278298450432 0.217213227800762 0.823319100224755 0.992532257188717 0.129770972976653 0.537611547875333 0.340782385921305 0.85849243921543 0.545592992194008
0.90119898900207 0.921642222560713 0.266914874145686 0.751296038708033 0.997017516219482 0.376968230330907 0.599600067550668 0.390413315029477 0.818437049093805 0.616252196010719
0.968092556665798 0.978853730631567 0.621876181041237 0.994489628823502 0.997495986609671 0.296542100853716 0.807707277354335 0.453454438179828 0.999554949528158 0.70189739856697
0.719397538491736 0.357152308323899 0.217189680724491 0.763034248264302 0.997460369579214 0.132461334614642 0.605325457909305 0.481313532685158 0.751706283404168 0.612511411700598
0.0504805988962178 0.276136296165547 0.0716415414788184 0.595196662154621 0.734543278869262 0.0185470057262098 0.261690674328357 0.163143406718262 0.0677897774827412 0.464073656824117
0.665204641029713 0.0685994462085624 0.0965056750777495 0.136503531180594 0.978798369063756 0.0254490356474152 0.424408817276618 0.5138950062569 0.566368174702063 0.531515337404262
0.627388042049337 0.711173645274348 0.32825412476998 0.732248380078371 0.993377591515775 0.0370041752036353 0.516662828375592 0.427902693954923 0.827114228484584 0.55716974613483
0.458909254155509 0.834769178486512 0.116293396941052 0.300019487010963 0.988075212278494 0.129382656796899 0.391856703051919 0.421757703341958 0.149551286401418 0.520971572652368
0.214507523754957 0.838339697348656 0.11655160531748 0.309027597865108 0.909592392680028 0.0105707742215078 0.315437087503138 0.259564369469957 0.178910179892102 0.461499042004711
0.108117212701072 0.102604838604606 0.107045578236675 0.167377731516975 0.931588976449376 0.00251713737485876 0.247179438888807 0.288860155120684 0.0059652551378588 0.462549323284313
0.981918196056148 0.845872852817393 0.273234661649906 0.971773161853801 0.999574281151399 0.602228451788433 0.730417643018095 0.391646278201751 0.987058719264212 0.722693605561441
0.389395533022288 0.925365892106822 0.477485516075803 0.974307472423191 0.996088605373888 0.255762959965068 0.622454240507192 0.376763226049363 0.966368108789958 0.632794044604691
0.477888739350618 0.915304694196362 0.102448650052572 0.858956198712404 0.977917839231248 0.0343392349073967 0.439112443441799 0.363941600281024 0.30141805804577 0.532002266569128
0.293588365830182 0.733659739906855 0.148387620510448 0.934695328391552 0.994848628999577 0.160456380922782 0.607436403221797 0.353433200044901 0.979266496115948 0.671683395282376
0.426588442437339 0.576452201270365 0.225571181053795 0.531808705555697 0.952837047264257 0.0292936281085581 0.403847101931464 0.292682886144835 0.34454296106474 0.581097707933279
0.0720841509583836 0.294933229352431 0.0849934473955914 0.370605480342254 0.951585506121621 0.0203798191719888 0.224622547865074 0.313763891272458 0.0759400996808214 0.343216852560532
0.51902142167587 0.212440580364937 0.108777929497829 0.742317024988518 0.953276328171457 0.100403222935199 0.290571785503312 0.256408499092124 0.0677918938373037 0.456611114333557
0.0510809382920679 0.210986582155089 0.0662903121432966 0.387093457291934 0.979778305591048 0.0776840139073409 0.414219370749713 0.312470529188584 0.659297598476872 0.452253927084929
0.137150472583794 0.554050204033707 0.408333453083067 0.923000001666795 0.999304732110185 0.743752039624344 0.735718254823603 0.495583881783235 0.971508272176062 0.69936015372499
0.948920617953888 0.27705051103307 0.45960489218894 0.959016056931408 0.997531362363467 0.147843546762751 0.687486642037868 0.550581259548045 0.956890616184266 0.54768702364859
0.700542971468673 0.103811133179752 0.0958747592940436 0.808377882256135 0.989145566402659 0.0171686967602467 0.269418166319722 0.364778842953797 0.156584492304225 0.554751746801243
0.835656944016051 0.62694020983719 0.147135100882721 0.667183314411352 0.993041558614239 0.0807619015651441 0.454035569432328 0.362982058508016 0.970511333995661 0.573231358934963
0.662008941001113 0.522321150064134 0.447436859390207 0.947360178387422 0.93303570602421 0.170377682689699 0.491942698995273 0.348151683564799 0.889816443978653 0.699981582004889
0.710636606733165 0.125033423715174 0.130608790070601 0.623381220841823 0.992265442157478 0.186157339829979 0.428748919514454 0.402161688722864 0.700092170118627 0.602376419131467
0.379688368486097 0.583719697499544 0.100373449012512 0.608701930976051 0.995287032157008 0.0808373642706973 0.566962496059932 0.405997819242328 0.781628779746971 0.52581325952792
0.112153568082619 0.20584756516388 0.0827394234422014 0.609128037554282 0.886568623168409 0.00422965415987553 0.236470639730836 0.268799206607 0.0179208588386419 0.530797964145041
0.924530024324216 0.684828905186992 0.275302975893452 0.957456250103352 0.993954999540432 0.312977738846147 0.611032697625065 0.428473974031656 0.930415973548391 0.638952672183172
0.32764467497204 0.341498656450417 0.0447608120274619 0.28731171373948 0.777836350542796 0.0371178452492261 0.166472801451337 0.210069268255249 0.129977814899024 0.511380777075304
0.850242062852261 0.561289958223909 0.130959776372112 0.595751737370561 0.998812463348652 0.137155719570809 0.652771699536615 0.440137826467496 0.737815923804247 0.63978873048536
0.852295836268065 0.386352492709311 0.496488670700007 0.815704698725373 0.993300618829747 0.0819564400430143 0.383650708013413 0.347846336800687 0.945208731893048 0.594737285871347
0.43891058003908 0.190328407984213 0.125250889498156 0.78348835570931 0.945403098956776 0.015447809166108 0.289696800012678 0.314857281888526 0.0833635821664092 0.418492509673297
0.913722730090536 0.805534013132291 0.231145451121706 0.954025008527528 0.99754956511814 0.153584197565147 0.552784131156269 0.390561868194682 0.808639144021455 0.652001533194939
0.749904586683143 0.0196922245058617 0.176861534954399 0.922095606706243 0.987507448377274 0.267172026934695 0.599739480575084 0.416909117017949 0.9261289751835 0.656446754321983
0.684526591346888 0.255981183386962 0.0512581977811361 0.859861799956085 0.912502669602705 0.0208166856430555 0.337108137950308 0.365098051284755 0.0201490463536189 0.428085273602288
0.388932545630827 0.115161903708357 0.142558660498267 0.707944673590357 0.998205972045788 0.192207744698886 0.609446639165913 0.393799992709129 0.851767374279446 0.562533369914514
0.362366668414644 0.634809303457986 0.0628291234953076 0.834651418002002 0.984231514411041 0.126294738533508 0.541568203810669 0.529928017004459 0.437935361910512 0.540043238128961
0.612038037367245 0.850077949740026 0.101883005211577 0.736516220218473 0.990650857589812 0.134412915132638 0.566296091383138 0.552097473300108 0.893129451257389 0.603488460393523
0.669628804081942 0.1718884401226 0.255831315085703 0.805385467815426 0.993024964772598 0.349597614718917 0.52305207969002 0.448361518384301 0.933148419651879 0.640282728461952
0.566045744859498 0.46597403117927 0.298899650153743 0.447207659497554 0.97602813838721 0.255369314009109 0.593165797643516 0.38027638994142 0.903419017452801 0.660180917879261
0.255249228664279 0.955358103002895 0.191432771134398 0.314080520835247 0.971581243455105 0.0242780842986353 0.353546676173072 0.386890924445979 0.542257437223273 0.578340856099544
0.822131093501855 0.536152305236079 0.354754199782375 0.603873217918492 0.995303139591089 0.17636060053427 0.53905165411626 0.363684531428204 0.940622435746285 0.591546192282636
0.362692346093138 0.128456425226898 0.371249747962498 0.811551824151923 0.99238145782276 0.0937005754552283 0.435107714305204 0.392142246565353 0.751448340930776 0.505465392471715
0.820324128645025 0.718931763896783 0.126625475157375 0.755171221173022 0.956659917236544 0.0373422408382317 0.438406137010895 0.284592270838274 0.294956762887374 0.514484388913871
0.777613818201644 0.92556210801876 0.552485580478131 0.923633198217071 0.975803272410638 0.185330842803312 0.456213461657734 0.378464163750819 0.257429983580625 0.638162822184149
0.632178871896517 0.625332910848344 0.32657330887631 0.91460303731416 0.977279113049948 0.132073063477753 0.545658131027365 0.412771924925558 0.35119083049902 0.501770235451691
0.468805752591723 0.747415426160069 0.107311142685116 0.692255872525887 0.995048043684403 0.141216397661535 0.382342587053858 0.418278694449358 0.42237416687978 0.577284509372694
0.359930571244971 0.508064476304979 0.380698623779349 0.837438992310807 0.993547380929993 0.159249393265401 0.581827712878594 0.459725102102892 0.338538468446877 0.562434330270538
0.627752850837677 0.521116183495078 0.0990744917766311 0.462795388444957 0.93831389632234 0.114804485627857 0.441061106564316 0.323292445621844 0.8102978398355 0.563390637827888
0.336628422963564 0.184810238627567 0.304983586212262 0.679137139864759 0.978773600521288 0.0230521168089703 0.273858421322672 0.361825687943568 0.221492699092365 0.530665028174593
0.272991216435615 0.743296751275111 0.358467915856094 0.490642794617922 0.997315505486622 0.114316502101907 0.41232590174727 0.396225800457813 0.624540887331574 0.646142990827325
0.780871707853579 0.912224543635595 0.256010124234403 0.8951924110676 0.996921455945148 0.420596987407678 0.561171194131307 0.400098521281483 0.855313533821473 0.690330558581458
0.901376633765727 0.276969898073986 0.263279586251984 0.900055454004874 0.998783913526206 0.0753310655942449 0.697979287655559 0.481100262370629 0.96540642633762 0.599214937101985
0.702906158289164 0.144662310870556 0.158590003139645 0.941492376825251 0.996165652070879 0.176150796031682 0.498599365521976 0.425635189635727 0.639561969170799 0.476830950610651
0.661834901160654 0.960306986122275 0.342258423704915 0.56257035894383 0.999201762618005 0.254725033889998 0.66034891003466 0.438415826827183 0.642208485885839 0.736031041351687
0.837324577444989 0.732523532411841 0.0708061530264985 0.733937152732688 0.993021542618656 0.0403829816791213 0.395148865809029 0.313106277106643 0.516159781804932 0.568979144195603
0.111723384617884 0.296043790846923 0.265385532808609 0.292172783223278 0.891068368619104 0.0154777327600842 0.185346440802932 0.206816652391368 0.0937355931751796 0.500532849730974
0.505879430811212 0.263127657409531 0.41707552464414 0.777889608652114 0.993091280080524 0.130204638855719 0.441530759768942 0.402800768639585 0.92852052613039 0.616839917854546
0.0646719454840034 0.145247860516734 0.0535233657638481 0.102624176347286 0.917787877066506 0.00526630229090869 0.214938601914923 0.216668771098108 0.00405237372946622 0.556250650827436
0.398262105455684 0.394663989380503 0.214032938452417 0.674298114261464 0.994988568661221 0.151131845252616 0.409470034113455 0.355553884605899 0.603060846503726 0.566262801871894
0.971354811700598 0.861675963983318 0.421273907040606 0.886322901412776 0.999477358673753 0.389774201992889 0.699351989053355 0.564930749691695 0.995972647059579 0.723927148588284
0.0377740920898967 0.352877434032117 0.0405516877962677 0.363586726260654 0.944284894966518 0.00503703402706503 0.205709736100278 0.228366092442185 0.172894073832067 0.383480224207421
0.122963810382585 0.113758885238935 0.160588505508684 0.657637707134087 0.915792642490363 0.0145957028335912 0.309890132382253 0.334337407866281 0.0228548198864397 0.572291199230779
0.138613811465159 0.367907476643054 0.129315661275092 0.252621338805448 0.969619813749682 0.0500821755750295 0.555103736809537 0.397861321199141 0.945983518844338 0.5486875330799
0.413767905177703 0.723049400402625 0.244438383876253 0.970313108072591 0.968944192341005 0.216312269818537 0.545914628335564 0.294536511178156 0.476101093954105 0.531706119394728
0.165181197145963 0.0560780735691806 0.0736196095891491 0.963473385608273 0.960680478354713 0.0918856089097644 0.337649095703279 0.376771111853911 0.559917611821707 0.504411766595285
0.410177522086073 0.690310358668554 0.14482918485535 0.771149409201585 0.998939733219262 0.0289789321565572 0.417443155492862 0.358505489043838 0.844526471325081 0.629274955596764
0.262769703262147 0.20886855431737 0.149217417833311 0.93691787421428 0.992358025814509 0.214550534090341 0.326718112201729 0.371361153416363 0.725536193726695 0.622897770590995
0.912349800496149 0.0180044687767565 0.186567341409723 0.461104324458212 0.991823599351507 0.0237007840442713 0.448349995028518 0.223430338607555 0.0151178637155254 0.511154144970483
0.433190303588561 0.47637380572039 0.271774713512035 0.222284601290296 0.972563106759957 0.0146720489341212 0.380536862748342 0.344282077843465 0.516211089239013 0.52963079989142
0.808546904480487 0.537616611283533 0.341655094993561 0.795662570086401 0.994450497518121 0.166241565323369 0.556678541448875 0.467528919216757 0.24393123565503 0.633317847480607
0.13164848337468 0.286090008363901 0.041766719537534 0.630603531156691 0.880706869927146 0.0517256648308469 0.248921249028412 0.355587947131265 0.0880440098172663 0.470754548000589
0.449417356398182 0.139354927234276 0.0586602499702668 0.804225791442589 0.950058579433206 0.0185434709208074 0.398553458570691 0.235085349161619 0.00378205127531984 0.435698503483078
0.712734172185305 0.312714238546521 0.104851547816875 0.565503619598622 0.988013639033536 0.0836070541326052 0.333256552900683 0.315912396773119 0.513684477848034 0.616862710539516
0.817301717514807 0.671601218727744 0.274169811173701 0.787866948765131 0.984950550906998 0.15741953160672 0.582011077182389 0.459881768561249 0.809681398495812 0.651923569517983
0.935586747378603 0.317502316873059 0.428772117583974 0.892731758639999 0.985605560809369 0.36767261408258 0.586726509458682 0.425026020060645 0.92098704895413 0.522996228488575
0.770978695476474 0.927524758286486 0.263998631350792 0.865803942098386 0.985796223916962 0.311285352905288 0.636929793360916 0.447816992355549 0.870899483516044 0.628120641667874
0.493605149696173 0.193480723983942 0.0937501675867075 0.895093421983672 0.993345504322891 0.11877920609932 0.337142330890678 0.320383183091313 0.714642910737751 0.565611328148516
0.738680545610949 0.805320866781797 0.129222589183409 0.785913257241923 0.995087587292107 0.101737061855718 0.630510998038771 0.487606985275966 0.980323388068324 0.616541984732012
0.430534174538338 0.652395843087141 0.0806140489508531 0.534129330965447 0.987717078698298 0.0284406128430865 0.391116404371386 0.304378641321669 0.466262926700876 0.552890276262039
0.525575093991933 0.418996807083411 0.0728265396306061 0.335096061381544 0.984081336873049 0.0528802353396964 0.43075997467672 0.311610626942541 0.740472900879014 0.488440678523944
0.899459875718063 0.544576171920655 0.494984436979888 0.672102720390415 0.987249626382717 0.197571676559433 0.45245883897707 0.424625991730522 0.898488391761797 0.657341045792077
0.423852669801193 0.642507397882516 0.172204793775715 0.84541055283054 0.996927349334295 0.127707480795935 0.538532600129697 0.337204518971423 0.877583056414562 0.643413676855373
0.955359010567965 0.510341315951476 0.442726569061169 0.329128367915553 0.982329113432172 0.0739032625216348 0.530556000603286 0.393772770613866 0.735033798120807 0.640400087171279
0.737454049419395 0.391012289247717 0.245558913283525 0.907512452719489 0.998821841950914 0.165477434017971 0.519597597427262 0.493439889121308 0.880261434939112 0.563091553171204
0.683031104886804 0.655536570867752 0.160303082677824 0.779720434604553 0.997775955039208 0.0682465787462002 0.64380082877021 0.500097602239891 0.885905592897628 0.65569991353648
0.545935727001626 0.0552952108530468 0.0732477914343816 0.700994025571393 0.956202264063729 0.0488799911417402 0.45832509514717 0.357621372494771 0.181185133699775 0.609959966828301
0.0488587447222176 0.216754978620422 0.11987628721864 0.49265881781306 0.978501024743354 0.0169950972495453 0.385181350856596 0.338734871370607 0.281919626762929 0.488915577858887
0.639796294876706 0.861437575394045 0.237083121959128 0.978441314770498 0.997666164236155 0.27526839898101 0.538722829424229 0.398529757361307 0.912232671042745 0.613112374711158
0.472358820368174 0.31403319201426 0.241787456492158 0.865243567521989 0.996953285367655 0.335029285384462 0.596408495224224 0.311779086447781 0.423306668553611 0.496213431127612
0.382052183627046 0.327150446186048 0.0469574017201267 0.490603235085057 0.630701105385233 0.0186509480486021 0.285127731421233 0.275271684880381 0.0557220822305398 0.435584673701614
0.122770194953159 0.0654949265782346 0.0290913172523321 0.419747756462991 0.96380393456834 0.0104045074436811 0.134112088577642 0.288010226144039 0.00852548683110745 0.372129772269661
0.63242907855973 0.559749867400264 0.643154033573399 0.753136100021179 0.997297946390526 0.160054023697291 0.600605795536357 0.516192731634023 0.813106321291862 0.587485768819025
0.862568723396019 0.634744029442516 0.418629318660814 0.8742835028516 0.99467001495751 0.268139169952094 0.638272694150583 0.510080005963859 0.925776529249967 0.662621099033151
0.569186816617917 0.63178478789737 0.494493530845204 0.830158062848225 0.998032445279645 0.322112616957254 0.514277042092972 0.374046799047481 0.680473443259764 0.663659975834354
0.566456979959263 0.402157900573603 0.460659215816489 0.956116187244586 0.990961286394528 0.260374635178286 0.501395095042318 0.456676977939488 0.612508177915349 0.595077089874756
0.736813661547919 0.123763357912419 0.0964573355861132 0.799514395203325 0.927285732770748 0.0261123995179605 0.404808338450244 0.29772886731988 0.108079644532606 0.516972768427446
0.324469103594904 0.342217707525103 0.139031907893922 0.79771131858261 0.991558153526738 0.0226004965337895 0.315435412131053 0.384667142184366 0.729997133726567 0.545344135147886
0.85887491343541 0.0713447524011613 0.116731010519391 0.905089681006813 0.997038918826344 0.147216948974506 0.618559641844904 0.316255469869025 0.849400280000581 0.545408482731969
0.919700504174766 0.729240575217165 0.218652099210003 0.973151445094722 0.992438399323009 0.33959053236933 0.575899334593664 0.520075390060611 0.984081075801138 0.784584736393037
0.695971492910386 0.106764491761414 0.114471807226694 0.977568086142045 0.982585627781887 0.0845655796130519 0.318651098746339 0.424994617145878 0.782783477489461 0.594426763641199
0.27557267905046 0.877906562489796 0.275915607606153 0.704258441417342 0.993199985734969 0.111253622372127 0.548018438923122 0.423828287998702 0.410824390111798 0.588374548477148
0.0413439892980705 0.103447564827582 0.152447521906985 0.35070395038217 0.806611669627783 0.00557303709349485 0.172263345687482 0.232110854260899 0.0245256437800718 0.486603418202468
0.491332581562352 0.103394577084337 0.117982757782315 0.438624293985374 0.691787235846244 0.00289210782124939 0.207223550647639 0.257646854299863 0.0185356846382824 0.401618220639363
0.608819567450421 0.621696450416099 0.141373133146911 0.75383623512593 0.752023464393213 0.100491326337538 0.372771933602164 0.22836620706517 0.202989518255599 0.582213931193001
0.718989586463864 0.0399153723528077 0.0896131623456658 0.921300100669376 0.980685857616488 0.047468046063951 0.406435458674176 0.292923378196857 0.541677019357115 0.610434475978437
0.129052463904573 0.0433998276234032 0.184719916644654 0.835616402931128 0.982313557966106 0.0551757651844327 0.505762743966269 0.297656559710895 0.793588201201367 0.564902634411394
0.956639299937177 0.391370174484721 0.229442845242624 0.839519926314264 0.998960170431972 0.10128950438983 0.509497667400298 0.289167838390778 0.661500711912415 0.636963387854207
0.838699584860154 0.128345244968057 0.0949340183520101 0.912373959544239 0.964150654447517 0.0329507138946383 0.37595910836804 0.309799844096642 0.259903095722491 0.524803242774263
0.871220458929512 0.731826392640429 0.192061080455118 0.49761174952293 0.99057789839468 0.0695809358770086 0.489710327516335 0.308490831847395 0.645759663766836 0.627955168681966
0.601595297451064 0.880839189974995 0.221387158594709 0.831834720118898 0.996308920178599 0.157221236763128 0.668945940450055 0.343730496022116 0.873206839019868 0.574415369888381
0.489032418151411 0.0244892540131914 0.148316873548307 0.780392260275148 0.99193369356851 0.0639873232126983 0.36666495825867 0.354125316082319 0.383692376097578 0.5013454894167
0.137162949570442 0.0938652620589268 0.113226081373392 0.446968233315256 0.927669990074283 0.0426247311025292 0.321504591087113 0.280531048074646 0.331161717745545 0.621587749863546
0.945542060608375 0.0815751930997612 0.453164681846772 0.989291737943914 0.995288749768833 0.467778743167004 0.542748691481048 0.506086672033299 0.897085095629893 0.670431625091621
0.888694249264229 0.921213766636982 0.545292283136345 0.842514540181222 0.999754122405782 0.770179585665682 0.627566829490118 0.464310190793933 0.995216692684782 0.710017474828944
0.402237960408517 0.267229134539148 0.13316155356101 0.486394462797769 0.690073277860282 0.0123519032445035 0.326789460881812 0.207137453293655 0.050297604118312 0.406819232452628
0.77590217710264 0.684241608742701 0.289484202983778 0.769747445950321 0.991777980115148 0.218732734850987 0.554025811503246 0.359948602899559 0.810511261639049 0.592550215791823
0.477018083352158 0.924797178390115 0.110411480762366 0.819548384114169 0.999108340174534 0.271298612585651 0.467247503640091 0.386690395879466 0.968378734673677 0.628585136693942
0.23754862850914 0.307794645091048 0.0890949150164067 0.140449608563309 0.970301923186581 0.0215960539987752 0.380823901000302 0.269150900917217 0.318584685623997 0.550438254929796
0.468104228065645 0.956091397405624 0.0530841990119793 0.472762396218419 0.985776872289819 0.254005946708329 0.456064030582103 0.291459163831338 0.900768092397386 0.618889179243128
0.0661099281170996 0.692672453463611 0.0476861858166506 0.347834424641614 0.930660035826476 0.0135988940927763 0.281821268352479 0.28016495570385 0.106672661268396 0.484829917030702
0.637854738875824 0.565050695551068 0.306737387022031 0.775038139130794 0.980034027639805 0.341177339841057 0.442996068698268 0.350978355886771 0.873610005984395 0.64913509162881
0.165004331925287 0.607303071256446 0.0685305673146067 0.709446354331081 0.971947987176858 0.00747154938954471 0.248623690734739 0.322768744756017 0.100559142645298 0.422278337721934
0.229119466173344 0.412843984702329 0.113839171676348 0.870015797467883 0.997257770903713 0.059038227110354 0.500834508684488 0.406298371929743 0.590908922109304 0.612075115159132
0.859975456966196 0.844702329482073 0.476533944715872 0.972208348988408 0.99971713251873 0.45057561947196 0.721154053438199 0.540122912767242 0.999196006038203 0.71094599864554
0.357706061247393 0.0697039535753867 0.319774674959846 0.898294240917467 0.978877107713719 0.0739537588427761 0.403788329204242 0.371739475855 0.107554424000013 0.482536801974881
0.743181848170721 0.676713016864431 0.225663844569798 0.87024174965394 0.995001528845148 0.15876542968097 0.53695433888764 0.39129974309563 0.863582462351217 0.48280105653766
0.416584424054051 0.879551427986639 0.128462820633928 0.717940858838917 0.960809473697187 0.0241937271131631 0.494139765785575 0.367852571697766 0.111583352383912 0.530331928579105
0.11089082899034 0.122482488950532 0.061516742937647 0.839155391900917 0.913619312201988 0.00980327517576161 0.215582048950214 0.251955122335077 0.0962869855043698 0.543908544074039
0.17700006088219 0.0391217684537588 0.045472167635303 0.276121481698759 0.926423231911388 0.030255699191696 0.35459568109424 0.315052218445873 0.0600088610363953 0.426901947287076
0.514275527425715 0.753137919197016 0.128657429804584 0.522591076655658 0.974513882075908 0.0917845279151541 0.331043248880431 0.352403979596526 0.0734296324385143 0.551342825805022
0.341202803577697 0.200667965573823 0.0970144532109256 0.409283823884183 0.925702386878862 0.0400069669808471 0.455826630896761 0.334138814706048 0.136399421303865 0.605466055150793
0.593947236495457 0.840041960636627 0.153960412117258 0.94781971666926 0.989287244394204 0.168140080043659 0.418225053563938 0.341776459872772 0.539505269152028 0.561626833731037
0.806325297884424 0.875197486863836 0.079280021214922 0.81099006640319 0.997762040784827 0.179939336029588 0.739526490292699 0.414664838905672 0.958329919875388 0.652261228776889
0.151063904272321 0.175408302067655 0.0933758787463722 0.419016216656865 0.885606416189965 0.00318358706566032 0.158595767918633 0.169376557032158 0.547058684892826 0.377214684697741
0.602687844503174 0.894165669783787 0.500817621336003 0.845662354920434 0.97793334065048 0.199698743558219 0.645818824802589 0.370549993850255 0.9371655176217 0.639904127757465
0.199709308075175 0.101470828056761 0.213590530242472 0.854092634286752 0.945701431901016 0.017633296920639 0.328149761621109 0.263253983581759 0.75091583150183 0.404054977084242
0.574411783150662 0.753374677077792 0.0439131787202603 0.735863573332357 0.968689439811784 0.0526479375191597 0.413892896485733 0.312081441319713 0.322805798755372 0.620388921996354
0.201630613020148 0.193262305277455 0.139556743079022 0.639585209271758 0.952592670077328 0.017663949079479 0.236727742778649 0.290986718984485 0.0790711155399601 0.387287836877898
0.603266871588661 0.850392513563186 0.302857825492636 0.829751972422106 0.925509123921968 0.106417882056743 0.480004246163149 0.299720179889497 0.217118370099222 0.555391113717687
0.610621738102668 0.254812732416611 0.498405884923952 0.866085495063764 0.992176910241254 0.112968916310221 0.551477264604271 0.415840249710326 0.567363727950748 0.568872936427061
0.236363332606459 0.080230574277674 0.0897983322983843 0.350629495749144 0.86782502908705 0.0123817535994721 0.199137794516608 0.239863298674572 0.0627713336119861 0.460274071870072
0.754846763896481 0.434946538185779 0.405429382180489 0.810070392259834 0.989131240441393 0.0741179060161141 0.40304876127069 0.368188962554163 0.242213276697487 0.523804581304778
0.87815418767947 0.0169346144145729 0.515623623952715 0.855654573378949 0.982271050937527 0.0549720339067206 0.399310240314341 0.302624307503016 0.419856893705005 0.487702092238327
0.789322720607415 0.349063439290925 0.40957582536469 0.33178897960545 0.992312335352523 0.128422024132419 0.470402191600349 0.405989785669542 0.193347124750322 0.670106750805212
0.290450144318504 0.236241871199454 0.0276388609795159 0.440142181749974 0.946370894679593 0.0189208814290954 0.37054927564346 0.280300590218934 0.21992540084097 0.564970005581516
0.191811341258195 0.172571722867262 0.113619715750606 0.350223376912783 0.928267140243256 0.00866648458171101 0.311914454845068 0.216562129341819 0.0961731140988548 0.359116477001072
0.839574958895363 0.453935290879194 0.38404642547161 0.757857873192472 0.998556752627361 0.415014379030439 0.573645713701323 0.391933692113068 0.956995367083927 0.66858590611013
0.659998527936031 0.522677356672458 0.398209306779098 0.895538474726455 0.993992777082344 0.162267569484295 0.606313619318229 0.440240928512408 0.925091463809034 0.643244564588521
0.34023747147209 0.0493408783202785 0.127004129317728 0.232242645753793 0.661986492879449 0.0128103633096406 0.267799938482127 0.213633914073871 0.00919117861365017 0.509906106037057
0.278089886898869 0.380888254695378 0.241483558597301 0.610425480093812 0.955529437867371 0.0336339842606189 0.247350719405529 0.222948496453797 0.0311486502741276 0.533219869000689
0.8446768466781 0.948249606331174 0.226596298214913 0.869378570200658 0.993808812172153 0.130703104374824 0.557803759288628 0.385137443563519 0.752247950928838 0.542777172150087
0.702324686229174 0.770062235651126 0.0531272854779188 0.587052385017107 0.866295387168485 0.0102077043018983 0.245782937372404 0.235490232442617 0.0127439961001295 0.415101571409949
0.719536492058104 0.392290526073065 0.238131784654419 0.975391962540101 0.997841506977341 0.281241178700393 0.470933135791094 0.440371563535542 0.929221181083375 0.509419508007073
0.303328915382787 0.412547231135478 0.105290324059646 0.502940324811662 0.91405610949292 0.0139717102142934 0.312272562607117 0.229552595865204 0.0318187277069417 0.476192696653648
0.958242326828165 0.194208736552248 0.206055289843885 0.931425559211805 0.947940072398359 0.0827215466807281 0.630417202151892 0.464060375087219 0.908631135558931 0.610135362664682
0.773612660843553 0.250682527297003 0.0732030370020935 0.879541734646401 0.99329137374854 0.0258937427486203 0.397953911095312 0.383520391899606 0.649775759494247 0.500686051607677
0.599225062865636 0.88974671603771 0.0497444825982938 0.827902197870881 0.952100146383327 0.026127112057463 0.347260148799735 0.243891443829141 0.361461319477751 0.472659357026362
0.133276723965827 0.2432612092203 0.0679917500024758 0.738696132611941 0.797703585424289 0.00600695087338778 0.254256735774038 0.300971522657587 0.194594594838263 0.385598058056769
0.490143605172926 0.811468179847685 0.0530180822153262 0.95317338740133 0.980644617763101 0.0771187809845074 0.379138773226665 0.35797408968358 0.246018052309464 0.526177847195636
0.844011734385525 0.101145942971644 0.270911498354447 0.331965977429882 0.865095263012642 0.022355571498423 0.315562440745343 0.239669474871313 0.0360230082430675 0.468432086855357
0.832505833828453 0.886337505359662 0.331866097607524 0.987786605484299 0.998875716779246 0.458491846033103 0.754661893700699 0.436156207025964 0.95825066046977 0.645350110659469
0.924459610546299 0.232515237936337 0.0662859363441997 0.813730344771325 0.977633141839393 0.111968316167585 0.550642673690822 0.429536349623135 0.403857193382528 0.550069702376204
0.624604574840653 0.162404920979248 0.164886322159986 0.83895122606658 0.997893045905643 0.238966916297258 0.463818756503345 0.267117414073566 0.497057124423592 0.512407508667425
0.333953117469894 0.0543417093945625 0.0652896727192994 0.255817167366026 0.986183388149406 0.0654860297489698 0.336425102932332 0.348167711971972 0.113533873494967 0.550442988701579
0.257816941641663 0.338344503763746 0.0702424128315442 0.252508203539085 0.915859295135356 0.0122246658921022 0.343234175246138 0.236158161017643 0.27210559063328 0.584292900867451
0.899010185162982 0.61083451740332 0.0450987107324022 0.865441644396365 0.930458172743747 0.0609061605153281 0.473536504428149 0.388459809637246 0.325771921591795 0.490071683613541
0.328977949090009 0.212049367128387 0.113106158157377 0.931693550918847 0.970186375526332 0.14609658927143 0.495380662811193 0.388728321434611 0.830648312934209 0.64484448559096
0.733699553627697 0.490984168835487 0.407659788028794 0.902032194611858 0.958842511828529 0.212672900020842 0.41559588417893 0.456270051183364 0.49291948586642 0.552000799754178
0.93823747224949 0.631775153690375 0.130868989738457 0.859070587120048 0.992632294258373 0.171129013598211 0.481395607864959 0.352704443358007 0.801390508365464 0.501264798964826
0.750242025181496 0.49896942229627 0.208781951706188 0.562057350990729 0.826176235528304 0.0933449829460277 0.361459421539609 0.353609452040182 0.414102643427161 0.555073395669112
0.928907686135165 0.21696816437696 0.445478464663295 0.935312824515183 0.998118165948072 0.417554500421028 0.637513744824434 0.363126733949253 0.941544937178228 0.67353168101835
0.922067935524012 0.857537953308562 0.0572331890528293 0.369789404700698 0.992875074095726 0.124029663257611 0.397749750253422 0.447502447546167 0.951366724092278 0.51837922811532
0.848190938396419 0.626495558463626 0.309023201807497 0.942062819485406 0.996683444770488 0.201736973951735 0.548490285402826 0.367638816017889 0.483414491636549 0.686677128896937
0.368306961954231 0.445813173602998 0.103542436440166 0.467197055430745 0.99502011747273 0.091901217216573 0.326003347076154 0.298386507650368 0.840054374559417 0.551287798722047
0.366355342207967 0.597306585987932 0.183979499771927 0.84698108524126 0.997863266122465 0.281739156355525 0.516439553390947 0.371622338366048 0.862674818570524 0.505337195272293
0.599853678695006 0.286412863979946 0.388102648959142 0.790472402117752 0.997061687541064 0.162937969002205 0.58875389980352 0.347607159284697 0.782477749557468 0.557970567700513
0.747909445221541 0.984494343895303 0.0900856093500124 0.818476256715752 0.994973489815841 0.184383845124733 0.596822854263345 0.388018691395956 0.896355141668241 0.699666329246322
0.281011607476866 0.480668989208974 0.0345210380431834 0.521682756216018 0.938046075960998 0.0640265165959331 0.404729595472156 0.323938510289604 0.106401914449286 0.465771145869453
0.88946916367112 0.603145494513685 0.58030817382793 0.950285609040783 0.99879077134154 0.623012604278233 0.572808114723411 0.489025206435957 0.951196808993683 0.684428231584112
0.110335359079875 0.0126524944453607 0.0948176562526662 0.559450492905034 0.865553622595779 0.0129418622473606 0.306670035611103 0.314167374251445 0.381193360241776 0.490884734455059
0.610599484771646 0.895552449015924 0.382374141933174 0.482947966665059 0.994126258720566 0.239877280202901 0.534517391607098 0.353684932946961 0.961639653452712 0.59285998329638
0.562372487185963 0.434733693168514 0.133576413935168 0.670627327354148 0.978765555052086 0.0467869181119867 0.527933246025594 0.257120915151043 0.66533112389037 0.546385490028803
0.23901306581591 0.307488606538262 0.185814915379106 0.658984916359954 0.988256425082549 0.0738907280142331 0.420004453899233 0.429906943727551 0.790050986760185 0.592101348786001
0.894760297848335 0.686961276674663 0.073306511708735 0.953269046367596 0.999044052305296 0.500963545184541 0.754670006999522 0.49515281881768 0.875839833095816 0.543382550824217
0.401163755581139 0.222618655613893 0.13415556143285 0.46462905895361 0.927852509850816 0.0227022470077596 0.340002328086865 0.33955491289822 0.250660042107306 0.616566398407518
0.721255123535918 0.970055486658819 0.20811402219297 0.983016315266059 0.999493669812981 0.374953667041268 0.586637381334998 0.493061451627586 0.829446473924985 0.654485864969363
0.833598227030188 0.653883979714984 0.108481903285148 0.922636371345325 0.995180327878655 0.0187863498072579 0.437249835397723 0.31257803812127 0.21625229031887 0.586389405589885
0.734267938273611 0.58346391674932 0.326205913667586 0.815910273331607 0.984394197518443 0.299182594792887 0.637891831616262 0.453816076965249 0.91684740344406 0.528167356645256
0.245639217594158 0.0762553887595737 0.122262482524789 0.718446502991572 0.932399912158669 0.00761214917579906 0.231212750702362 0.256735445374578 0.0134397827918476 0.427664610208826
0.0447554937031065 0.518929646665894 0.156976339126294 0.844913859603234 0.871420065775436 0.05538837576307 0.265169736320755 0.34998136334486 0.21022521497204 0.459160488215957
0.270811619747976 0.721401101694569 0.270415041624668 0.742992199683692 0.99342932204925 0.0625355931977673 0.449487842295356 0.319562051820038 0.63461812829595 0.60568330409375
0.737745383202624 0.457272305086579 0.158959155491575 0.869587759439339 0.962851418806626 0.0224915243208034 0.226356232889643 0.265047884319371 0.041814895311424 0.523538510701859
0.833255056232059 0.797495416086601 0.485175705062793 0.96950469039563 0.998650662224854 0.525935258981848 0.750646712637031 0.552542528480972 0.995785671999955 0.697722377929311
0.294228275353284 0.0742958295961601 0.0679168839233544 0.511562732198323 0.992505499482622 0.0843856382148643 0.374240540639792 0.34050945470974 0.344100804237126 0.543221388051074
0.117789586720453 0.505320067148477 0.0899405037350119 0.41538704850679 0.904906989270329 0.0532367144840049 0.236581614474333 0.249649490587958 0.230335547324287 0.546590910553077
0.620500796903072 0.748469893148988 0.285915342886427 0.683962428550987 0.987965921012982 0.133349633760424 0.451121150209451 0.442668176850229 0.697579218451501 0.678730394069466
0.687456632683062 0.898603594357751 0.247551375384587 0.903940513771665 0.995584952566965 0.0712998656358668 0.571835679326889 0.376484769020888 0.695573342540561 0.607874744241035
0.824841703104649 0.508785699499093 0.4760876695764 0.925965132863573 0.99716788464546 0.553022828271212 0.687779555043128 0.486746504851264 0.933947575892277 0.610414373645391
0.919727601361035 0.310151740447326 0.335658336464304 0.958321261631688 0.994414027104457 0.141396432734407 0.627721344241629 0.377364183151382 0.846462875388307 0.572463788102886
0.524083016318047 0.29434334475723 0.100107175124428 0.713042877237005 0.976874272631118 0.00532500653659159 0.191681248649492 0.207439360639328 0.156084974064114 0.498035497658274
0.197631678443724 0.533854458255431 0.215476852431291 0.690394930988057 0.98710024744918 0.115400064917541 0.535610401901495 0.463242376124074 0.895319649726792 0.488913684719649
0.206137105151698 0.446364070693838 0.129468889583882 0.653080820828922 0.967973825024892 0.134556835590466 0.32497658137567 0.269440273694834 0.103262350456509 0.47094498962705
0.227718140734491 0.0207469683784715 0.223797548555431 0.540309456043858 0.936242711749017 0.0459342986402515 0.28092824630544 0.366734108565428 0.187920247263306 0.393920846155057
0.884789574247985 0.275461397258061 0.785630319672861 0.808930656493538 0.999445045146309 0.183814454246416 0.694457776673134 0.498164714408684 0.951864655852398 0.732537820295251
0.712917089724108 0.658561333899406 0.161460524523208 0.429589346085494 0.963281821799463 0.0954320973856393 0.466110720498282 0.355964367414259 0.619052271185479 0.615973528887931
0.604599090348123 0.844410724697815 0.150340423399716 0.71770834322044 0.986680098157991 0.108442087444082 0.305911337609887 0.383760118610253 0.26201909209599 0.603173117701169
0.114242065367307 0.326403893921673 0.0249631094472063 0.396561179906736 0.961648002579582 0.00747935690847037 0.290233611297847 0.24157543924444 0.117803519779013 0.485251745287399
0.0235221425369888 0.321255594972206 0.0115765154735957 0.235502509707676 0.600878304053513 0.00984363254358179 0.261719686518754 0.246502117592714 0.0186196822668196 0.42540733865205
0.548580006022163 0.0812205004273313 0.124882794461358 0.493701485355335 0.98659134024111 0.0391476684681919 0.312921337709947 0.332026876541529 0.209333664209231 0.595049924702441
0.0355259969424985 0.170697502142337 0.142067434902561 0.575724732485874 0.603932392942268 0.00373749983985614 0.118699552834018 0.179163268629838 0.0314919763339346 0.300695398501058
0.13583094487077 0.423219252841049 0.116144551498706 0.456783281939257 0.985695291477066 0.0583086824009497 0.490095259828819 0.387638133709658 0.867609888049306 0.551940426359428
0.702554258679635 0.735352852630383 0.15765797377638 0.911789431303718 0.993895786141396 0.125662569458745 0.492577936497611 0.43770682869584 0.580024957460864 0.627928302649799
0.730048944806991 0.267569839896209 0.0824856735705844 0.927286237342136 0.989214226869961 0.0380138650501915 0.508187058954041 0.324697006266546 0.95186785201279 0.595379250956653
0.378993562240287 0.215314741558688 0.207008694394324 0.793197481379697 0.976512617702642 0.0758115161773252 0.453452360069952 0.297569391791548 0.845913409830944 0.687282170770454
0.603596982426165 0.827157050418338 0.125281335915158 0.431300435182422 0.921353370317756 0.090013625121109 0.396702155989843 0.333939738087229 0.329364636660876 0.526559234512125
0.862454233480517 0.558967463902142 0.186465958713028 0.820170744170305 0.960261884988796 0.0265437696617085 0.368516880997832 0.302424624972904 0.440534424840061 0.57508061900476
0.799771989083776 0.447103817712366 0.207480132301936 0.966119143609739 0.997509648242487 0.118472784507326 0.701858425760435 0.502388898588571 0.988593389493281 0.624515414945588
0.880733470138243 0.138633834354185 0.657604679258272 0.886884125072616 0.999253740876757 0.661589503107156 0.726576394121116 0.496781462327184 0.988805991064204 0.722039515112889
0.685225572637847 0.536430011920871 0.117020778175031 0.932147770671461 0.997410680176105 0.377448117580147 0.638282256379028 0.47250822315848 0.775411328999659 0.61936508336218
0.728996510773781 0.159206637399353 0.392216932045569 0.877078864852038 0.998323347953061 0.164859169883626 0.603389229407148 0.456538982436677 0.81108680632427 0.644759486114551
0.580867885843792 0.571510732522225 0.213400461346744 0.879011941686016 0.962049253354389 0.0553164213715806 0.400432126963229 0.288729021596257 0.442422917867107 0.474090681566357
0.131798774384903 0.0654202223173801 0.0551889103903622 0.283349191434825 0.822657698656864 0.00241791381472792 0.130122679031318 0.128633831028587 0.000311657518797873 0.375278589428663
0.380373205684627 0.114613393569352 0.269441323982386 0.567111207258615 0.946976831672815 0.0926734233993854 0.366625854252084 0.391585201131296 0.250230537934863 0.496369249992403
0.175062305357621 0.745536843877609 0.128508745865465 0.790968775279538 0.65409345600473 0.00815401278990049 0.262375899164972 0.329594500729365 0.0219663786578645 0.429516483122677
0.799187201199116 0.106474663609853 0.502114127258213 0.600865105837401 0.982829554645707 0.181384637988884 0.48130946010964 0.382543524539802 0.841091106864528 0.520913056106415
0.777883356009451 0.169298853140458 0.162596946171395 0.93913110706099 0.993848612139788 0.204692975100678 0.555060734381193 0.418743085922835 0.857526830982805 0.557923371937327
0.896033641942444 0.92246747272068 0.185861735917309 0.963044826069212 0.999471066241966 0.61839883274191 0.691999180356347 0.588776791137177 0.994522779617472 0.753684701462807
0.797581063982342 0.102229185184798 0.227378561966534 0.667105939041128 0.979151935058941 0.0302358387895328 0.420531356294936 0.320869396117684 0.779339144439476 0.556401590360568
0.743630229307205 0.232642802193572 0.322971718925605 0.854907302170827 0.99335922112416 0.0847473718870479 0.325725398445088 0.366781957314462 0.839425460664575 0.616083808569258
0.069766965570283 0.0677104193599679 0.0836620956331826 0.670741613656977 0.883805447209062 0.00399246929487863 0.124525803457106 0.186561943507159 0.00350368694929524 0.491863151733302
0.639148139543577 0.501197932368648 0.277529398603358 0.872503799388089 0.989391601374629 0.170492088341109 0.583623734835328 0.380592826513316 0.774551834844112 0.626510583523345
0.923473460874912 0.497648302629595 0.102280528228575 0.930142286928917 0.998981785537144 0.567040666629194 0.661611836031067 0.52159674414297 0.974353025268565 0.713541890143674
0.207086184724041 0.381073900608613 0.0844032131298819 0.71145061315478 0.960575395499429 0.0273068634287285 0.295544168813033 0.334545272660009 0.352717907110924 0.430015862570809
0.0703661827322896 0.372836482064111 0.222640165847692 0.254811407453463 0.979474053664272 0.0183872282317455 0.390013782531629 0.310243998671183 0.00853471828025872 0.526009296900906
0.417175253951344 0.343540942895706 0.246984541648503 0.842050153753322 0.955773138555994 0.0478588147933851 0.451571453941391 0.343769708577508 0.14140363041557 0.58788548116862
0.18774129128222 0.821108382030222 0.0491174635149099 0.441746295777794 0.93902958233044 0.0189810079027977 0.335514224537705 0.279991371410987 0.0774370621584977 0.425342430739804
0.935976079599135 0.459823170510539 0.351019861326857 0.973175113122842 0.999641184266879 0.190511687427983 0.649036268805837 0.401211016536046 0.859105012406675 0.726034777801421
0.455894306657162 0.878017035243201 0.112575498455475 0.857790445327744 0.982564887073839 0.221942504515725 0.479944972686044 0.302660334286504 0.604723039183235 0.60509641104609
0.682327642872575 0.860164847749426 0.325356943908219 0.992638322066796 0.999199852216804 0.604266983068574 0.788842206847129 0.561757533603576 0.996429259060877 0.698535770219898
0.97165171039919 0.384494768514844 0.40825579640204 0.9833520966758 0.997793314213642 0.083400240495624 0.655163004005325 0.372576830152863 0.829805026554306 0.641502324306639
0.871568372175575 0.781697752552374 0.102297846735807 0.9522669479827 0.998113496969299 0.174077858802263 0.657347932565502 0.438189522559681 0.631367635746542 0.637932744893591
0.795580672681974 0.733671509096074 0.229151583530208 0.710169633589169 0.994740611214913 0.203399079979477 0.600647302711207 0.549605128804503 0.856812726961188 0.639284630403795
0.564574630073858 0.277562649248534 0.0278607805037669 0.262756327259165 0.947114165815102 0.0327313285867213 0.430895690066602 0.34628267320901 0.716188059454275 0.54104287683015
0.580462201762847 0.791380266086423 0.497790021711596 0.980131625240595 0.998067864162703 0.537816392574839 0.474935261434177 0.450672615553893 0.726795142001234 0.568998148855034
0.964926063019324 0.556532318666424 0.379005355441745 0.76722604481815 0.998583017093656 0.245448471143422 0.753986628685791 0.466179863803046 0.953764075093556 0.645448543657241
0.605670813936626 0.19057138436838 0.191950204407376 0.769850969458784 0.985830596378207 0.0520055215092671 0.333320457938337 0.442959093657636 0.675679398556733 0.511803971609466
0.527853958744425 0.793621179368673 0.161758184420451 0.582788417540407 0.967486333602497 0.0231166888483912 0.399016172594011 0.346241822242874 0.195516181962529 0.593436573984615
0.408114000996123 0.113277907851551 0.0611450659996217 0.371227377601225 0.959736042920688 0.0125389918799466 0.205566281966633 0.207647926318391 0.00284265404422472 0.535623572187025
0.7347468222363 0.483375475382321 0.420709640888085 0.809418156093869 0.997163804379538 0.182280532541425 0.610540118015352 0.551741501725113 0.934046103107768 0.664306665922493
0.82509203269531 0.226827632106228 0.218831041748292 0.391338284175522 0.994755387525909 0.0435383418303433 0.624777654555488 0.289005833741457 0.960210189688567 0.639100358220829
0.587109698544144 0.29617455143725 0.350079044448938 0.984425703030902 0.958182132623238 0.0183939222572014 0.4547014139865 0.295497215617993 0.683916662198297 0.705227091685213
0.450399821227146 0.983460504905629 0.415166448351903 0.784257960880371 0.994037715584649 0.190570325609227 0.467650930369948 0.376505753340274 0.899123591211491 0.705050531829491
0.736851124624435 0.516328196411638 0.0572782998324644 0.832001456842392 0.979558626798704 0.0311939333504174 0.411688743482624 0.388801068961188 0.273730380251922 0.567223383272327
0.836966319690511 0.755411762774163 0.262161597249008 0.903433880124105 0.996370671050733 0.220190667522091 0.664538628556608 0.429140304799877 0.979448106152572 0.55270042329839
0.809175493905289 0.916863382476887 0.109902429618225 0.943106780233156 0.991051345752826 0.202782268837957 0.570197237259008 0.422304193251296 0.944866846910698 0.628099847706328
0.0912059556318514 0.672362948438478 0.0886879477630285 0.283478269103482 0.873955807666027 0.0277959605063022 0.357035249642964 0.284816375185219 0.0563842738141967 0.460290497869058
0.738718688831525 0.41584334412007 0.288925288837846 0.722440184468115 0.967861154133175 0.0602355049250963 0.438786213061281 0.304111927113115 0.680980331021542 0.5503769375702
0.613425421228867 0.570224281276805 0.115352649118357 0.530904980170033 0.950642894209976 0.102442733176148 0.471649100782035 0.340449197698934 0.115141849722719 0.569274401647908
0.937827838054197 0.965199905607851 0.381581706361775 0.973549099022711 0.999438516096063 0.844422379077946 0.800572211665629 0.566375617492379 0.969959685493183 0.758100762376171
0.828007691089398 0.758304257437563 0.218610332837187 0.935362267822703 0.9829877744521 0.11614501666528 0.400949599421237 0.258200935937888 0.743475500222251 0.516161715358438
0.833527587384916 0.493857385828421 0.42198696809117 0.6797571906828 0.996892173337681 0.223551074090107 0.569400134941866 0.426134752333702 0.618933626182052 0.644338570899309
0.0261358684543613 0.0662642347633156 0.0885237215042142 0.198044533660946 0.767453745808909 0.0237446841030379 0.253253654132642 0.186124234324917 0.023712324868195 0.415065572629044
0.756272778493147 0.107978442501937 0.475034875557644 0.849404409077593 0.95646712045508 0.0179212541120984 0.328337996240929 0.315593526602409 0.252778727088489 0.551781580931803
0.61014936621499 0.425138031915962 0.0558580370521647 0.560351468412793 0.979939765854974 0.100290125786099 0.376951729193567 0.252135332925021 0.379883473546834 0.487931289086101
0.597198879487016 0.628657903820935 0.0728005130217362 0.466981901408392 0.945654914895966 0.055549659281763 0.397236259194313 0.264786995466669 0.0542376128202663 0.379750248512797
0.852045362298285 0.576831138555292 0.102669278030062 0.826515061808458 0.979296314001414 0.0410979120149331 0.428857618069155 0.358577383912072 0.64511673250273 0.601963245732383
0.212070476404883 0.186044596657863 0.0304060207322802 0.203263823261344 0.927790839006197 0.0239216242189967 0.270895045639511 0.241757594268285 0.0812632204893566 0.341751475025604
0.952646572703899 0.189978474722146 0.248955856199794 0.985561969578538 0.999452457151694 0.455860063280355 0.751754099793624 0.428342770399469 0.998395346368872 0.761411064974983
0.755265087525101 0.86344088212724 0.335833508899422 0.833936894536859 0.997685563940996 0.509378252438942 0.80475321263055 0.465141949738996 0.983751357658762 0.710157726810762
0.166747350097918 0.406239015087397 0.0945558669539524 0.152967368760962 0.490602348073326 0.0111584537275471 0.15624635603241 0.189589947121271 0.00490516859776968 0.40081507875719
0.669557880413311 0.457324447401882 0.489490674605931 0.962726742049318 0.994121619474181 0.11358310631342 0.680842594623822 0.425182865467394 0.850043466525032 0.668199100360169
0.148861116575087 0.535539319957015 0.138740442831986 0.0640087956076798 0.900751769548729 0.00401317051035646 0.227202303752303 0.243523875738614 0.13716860436472 0.414490011415396
0.289288318751424 0.343873514397963 0.0455993440523614 0.255903539375134 0.83235175614726 0.0244928691274271 0.367873063151631 0.269789582271415 0.0929797331117382 0.451650029859748
0.0496698801897172 0.192944500515937 0.142379448243745 0.433982743110447 0.819604955337027 0.026083479622655 0.250800771664867 0.290337475095134 0.0379991641531893 0.520648942612599
0.917151660825862 0.931050212821538 0.399570232264011 0.943797474557258 0.99948511855944 0.453759783070972 0.626998819174246 0.529968804375656 0.964021476752626 0.721943451148435
0.500045716434166 0.202030245366459 0.184003139374372 0.910218229692242 0.992220530517666 0.101364703557951 0.315779658864371 0.333719775021408 0.11251710672038 0.463582243467525
0.908872894312975 0.977382098356335 0.0985858208741332 0.969564581464146 0.999449070813393 0.257235382438159 0.669404748452604 0.3633833636133 0.986649643475916 0.572735713591364
0.70728774751638 0.216319611319861 0.154710500313304 0.447189105369246 0.960395398719263 0.0123558328964019 0.293602166012686 0.231547223908721 0.0191547763345038 0.443576777635974
0.0946219709285146 0.144095948305679 0.160212400617793 0.589730300504046 0.949344112611703 0.0362081075539239 0.471030725508345 0.276387612506175 0.0324071809931325 0.630539665575327
0.920316560659096 0.595044902056348 0.345272936922657 0.958573363133453 0.995882358207785 0.33043522572633 0.738629280639598 0.526629941535322 0.982692935022614 0.684473157558407
0.334327569952382 0.902248149210196 0.25821044215659 0.854279617696828 0.98348775091101 0.086983780368033 0.484162943370259 0.340314643166882 0.146805510105397 0.434606652751556
0.47154372445048 0.484618131313728 0.126655067627658 0.909233772511501 0.994710060850598 0.0362238456502444 0.404633895063279 0.356717833603886 0.0674444423818636 0.581396732230234
0.859870788774696 0.326164212140276 0.388993552219114 0.818723617335878 0.986820957280324 0.0647435863250703 0.449046765838112 0.389371356368707 0.714361488205901 0.52638371191765
0.510864555319108 0.49869141428714 0.103690513589464 0.794564949895774 0.930090135711774 0.0358491239923101 0.256280976927667 0.273493331043039 0.217158110710587 0.560017297247429
0.13105895632941 0.920604590829643 0.0515700178063276 0.482396181277663 0.810350904067127 0.00321184844191329 0.228940562824126 0.223973723227489 0.0268001384893645 0.405095963421898
0.319901314033727 0.298267011033448 0.451499344161042 0.961395366939893 0.990222639595515 0.0877888716589857 0.543057736069238 0.411125268254556 0.591192824799661 0.553519773748466
0.317584243822342 0.354251329836536 0.151397694937047 0.712384810075898 0.872908404856029 0.0211982735677086 0.274060179164844 0.318018841572885 0.136171474451884 0.455662388250739
0.340089857225333 0.0898809242142484 0.110660348164971 0.735952008973604 0.963333480790722 0.132264933167485 0.558017932073527 0.416698067853676 0.867912066304154 0.46607868549254
0.632741557657127 0.065454945137534 0.268457880152596 0.774063091479951 0.991934497679366 0.204022188379234 0.558401220839002 0.278571030238217 0.734247631210732 0.58469298276025
0.0549118705759426 0.619335063740631 0.12926152429444 0.385339421219234 0.791285519402694 0.00890533594344294 0.213000034472039 0.221417094317979 0.444362062868088 0.399042696613672
0.149870282442003 0.731502854836734 0.172067505750727 0.947645876560548 0.957027849643023 0.119708378143528 0.434571696788876 0.302636523761698 0.21055990459558 0.486251916749508
0.294228393410872 0.0377345277902578 0.0193162857810799 0.668769149708011 0.801113131974048 0.0111519189510331 0.212308689472301 0.246422668783871 0.170325793916093 0.317397347945698
0.367577227636391 0.911107454725297 0.0380617628278134 0.794792547931582 0.982685449363772 0.0260131998952794 0.514879054834233 0.494197144416529 0.647521625937339 0.614765787039486
0.367951848388336 0.607717672748239 0.221123521925858 0.875151314220869 0.995284818918874 0.0221610704759268 0.414971135595049 0.348780249827721 0.262202308336837 0.459872850661055
0.835861747245268 0.858634385173281 0.154279267068755 0.965194193708933 0.998969288289142 0.166330609176597 0.635297754213982 0.447835736367688 0.968059254751645 0.678493173130303
0.855942927050865 0.560646252750376 0.217599067642432 0.306137583950887 0.988371817794519 0.21260235389996 0.581933754658985 0.379510746766542 0.528383379740583 0.498566739757008
0.959723157217896 0.69665344368455 0.144207468974535 0.969595103729706 0.998465558707714 0.247917397168212 0.618278195781457 0.415218667081862 0.875777612757217 0.642021508467217
0.262933520499801 0.806466799722012 0.118083707511187 0.938091818808086 0.984615450582797 0.0564999537990641 0.464961122073591 0.315899294389499 0.751373104572763 0.589425115819689
0.959053385583913 0.953876060952391 0.279520918601117 0.909526140622313 0.997722318342313 0.356768983783208 0.685106258984382 0.484529653136064 0.99725729209359 0.606360250529442
0.524949155055223 0.112696858022773 0.20975474254595 0.95943756521739 0.942465234555615 0.0861481357004143 0.403505698702512 0.32939668131533 0.727390264863866 0.58593040389469
0.934279344097819 0.190400213683888 0.138073774145348 0.841820777251825 0.993582420162981 0.313008210639403 0.689006919777933 0.41149393045241 0.98980398534619 0.638130785575467
0.0741061979316267 0.757216500569366 0.0527605777690825 0.106948695726688 0.898779362661954 0.00619461526845184 0.192014336908668 0.210375799186258 0.00679994540204103 0.406721722109865
0.646057353712229 0.63591989386295 0.256471561570445 0.676766488241064 0.971261697442134 0.0953696230983153 0.410754041631632 0.352835499256452 0.518489898606715 0.618456195289794
0.82791460972746 0.725754020998783 0.158422466247569 0.945883121613465 0.998726511581137 0.0794609584321683 0.527517347812128 0.371692755862908 0.907421710010366 0.585130871855701
0.505442995272094 0.791508959338299 0.250593604138376 0.376925488224576 0.95613578482305 0.0182643999458439 0.37842590550089 0.266543257771227 0.0474148052522076 0.492248531111855
0.766148202664544 0.171824619862546 0.355403710096546 0.91594809850729 0.9987653342792 0.170329702885999 0.560264253517111 0.437608338939969 0.996066828875957 0.668061036968934
0.488005437846028 0.740660358786795 0.317483525550199 0.887517192832988 0.985259685697167 0.0963857068930072 0.441762545118969 0.39761807526982 0.625897192269616 0.56754635467216
0.898526936082235 0.711857510252933 0.232602774261243 0.804730270617641 0.997836271812672 0.176502978377607 0.596640632558279 0.333787793538827 0.963721399449617 0.65185403380266
0.37797328344638 0.755198255776803 0.104616464383051 0.742993264030347 0.867864129733072 0.0166835547701718 0.297797207183477 0.261292945509076 0.19492232901036 0.546288372347913
0.759829257145458 0.488311503613563 0.174763012711815 0.909241840085419 0.994342654450617 0.388179582118948 0.572511599830522 0.510940218877238 0.986676780708939 0.675343607338992
0.181751758128144 0.0430068212707963 0.155991181140875 0.560587469278548 0.698682436264935 0.0579610833607339 0.347920884769845 0.210722591352035 0.0562454501257216 0.552240048917648
0.525006180137981 0.54470785629475 0.0791186073079297 0.42271500522754 0.95710459046882 0.074062384990024 0.418261953903872 0.271115786443672 0.203172409878701 0.514101491251504
0.915786715947226 0.732223962914695 0.290776132453238 0.967863516235873 0.999800039350191 0.678477092916676 0.823580980788231 0.514108708285076 0.998148169610379 0.778866252090997
0.747587880288353 0.514039987506066 0.296442200601028 0.87166224521552 0.998257421792224 0.377538079907005 0.621190264314569 0.489054711491807 0.98803801223946 0.607132135610229
0.824754890190188 0.981488509481828 0.587232564627914 0.936920956188211 0.999243419560286 0.370789068338858 0.61008822294716 0.460492310746013 0.984175473661996 0.681738991041442
0.84052590911706 0.461084635779001 0.106203627124194 0.406188638608936 0.997322187899955 0.179752255782461 0.510528236935083 0.429226525233163 0.966747247661989 0.51164558387352
0.216778810224511 0.0398254797094429 0.0857860387561745 0.484152887574671 0.89025388590634 0.0207216076965353 0.258177607014445 0.254899646498496 0.0542391841754402 0.473546328797615
0.605658972626462 0.674069340958506 0.0989998800235856 0.799970615421506 0.992709085790009 0.351963359185063 0.639461195978037 0.453114775638956 0.951111213160974 0.494216603974486
0.643160641782435 0.848907575662825 0.113570054435091 0.826319156141297 0.987646229843473 0.0657754467168481 0.480455795348583 0.434874578727415 0.617373117098308 0.514256807583666
0.445963480768751 0.149211976605099 0.253908357170681 0.788394050703485 0.974750872446194 0.0748939535560062 0.437646806746346 0.363968070009159 0.56750927466453 0.577608610584489
0.414564241264599 0.218506170909466 0.344836117797127 0.902091634809844 0.991597706077616 0.0670525135037766 0.386934421751831 0.363866253679165 0.591962315566192 0.68160880001744
0.871473208280293 0.516978670774547 0.171888129508045 0.934731923101436 0.99829659764482 0.259037324329134 0.616853389883662 0.535066761995794 0.86528147736146 0.67960591860042
0.626161969100714 0.881717199604195 0.0660225276287096 0.747855880660514 0.989887258495838 0.118179659323997 0.355031473856497 0.384689502592935 0.195990017513774 0.452862556341235
0.10160516728672 0.658730764222683 0.266796831429901 0.542811120742593 0.939896478481323 0.0134447567205789 0.207559050487974 0.303744146589551 0.00914457269394722 0.422528794903535
0.0993107888363583 0.241388458555988 0.0919877955588723 0.464298109968041 0.954491999974429 0.01041289251515 0.21437377014622 0.297580234148791 0.22108570024905 0.388636175305033
0.821362031076311 0.809301421978488 0.205758579592026 0.866479298550949 0.993792730120466 0.0519512018533958 0.421630836443978 0.440687889890553 0.883262560646044 0.609770781737224
0.484035043144352 0.480259428728615 0.346430300403391 0.759967174390674 0.989929122377968 0.0536773276100387 0.47618676293188 0.348261630233024 0.244093125247134 0.475916621094485
0.699162276680574 0.843123352103831 0.209411524231026 0.924561007596989 0.982925168334048 0.0653655981827238 0.373872795504252 0.293500771046174 0.534097044447152 0.53745018515457
0.538874750852724 0.637028893103529 0.0520550082717565 0.678183851977572 0.961584331865599 0.0736254828437879 0.475704669381155 0.284999459955289 0.258437146833565 0.474286845271908
0.219541767798831 0.587729926909244 0.196215302012722 0.437751144442315 0.972040774682474 0.0677776157720373 0.250145109580272 0.364889112686257 0.487220935245028 0.54763525061679
0.505754549353908 0.37178577108511 0.0657074436274683 0.694113120188623 0.956482212996804 0.0122363133127378 0.36035345731552 0.354529643499404 0.150503772556467 0.469910569747031
0.447049113918462 0.513755674400013 0.0808530481707835 0.939549984769481 0.981237211577359 0.0968595550495117 0.40587398533557 0.296498946778254 0.173050842638781 0.516647697320537
0.838896698500196 0.656898222389572 0.120531974406675 0.645165039140706 0.978120678543234 0.149951321594493 0.524478095951006 0.423164869771518 0.633698539176892 0.68582059197417
0.559063043280957 0.0690972802301185 0.3185652035815 0.711597821502152 0.986887752302807 0.0337776308694927 0.431743948862037 0.314313651709154 0.129513510338944 0.416250594739448
0.572150872802905 0.0885104801663563 0.167805557655235 0.821600404487148 0.976103357466468 0.0916636206596694 0.406560482679918 0.37710133003356 0.90147402127482 0.520695026751547
0.471186561763783 0.340079006810736 0.0189842595303593 0.348638589991821 0.966869383610155 0.141882027233312 0.448693687344913 0.343136163313197 0.343796741933281 0.584894926311645
0.602732528432135 0.15305364904837 0.187481940607459 0.524787642319012 0.994729518787478 0.0390790691548566 0.359630504084729 0.400013908991248 0.708314312780571 0.475045967373373
0.548095087222541 0.218750801883691 0.15557930858069 0.829358515276768 0.998097187209964 0.212557627327563 0.692417461432103 0.375455853149282 0.950706822203061 0.720644720562066
0.180203731338962 0.358993214065485 0.0765870572808327 0.628239318251601 0.804821224902727 0.00588265688652901 0.225197810348384 0.170430192628421 0.0517931472275951 0.489771992503649
0.481792258006333 0.338928765560666 0.0827573432355917 0.18246983362915 0.94563654580113 0.0292624342667795 0.392934970730919 0.260947786732811 0.113446425224592 0.435247838853835
0.410691821987916 0.31206370536541 0.233907247906788 0.55503311703761 0.902825271353748 0.0245839018742031 0.318693128246565 0.33583892895679 0.0612560734828841 0.383503040144692
0.450398778096926 0.381801193192207 0.20215129357108 0.305991589063071 0.990813308845483 0.0756280480273411 0.323574997711829 0.224917418408621 0.760957253761571 0.495671864930186
0.345416322962846 0.468208724452863 0.0878894229096432 0.768881671080613 0.986064576343013 0.0715614371419943 0.483954023560581 0.372345228798924 0.167679282614772 0.452417159910218
0.919425918806711 0.92892334487377 0.114681449232247 0.97125828090696 0.965403050178719 0.167110664636239 0.563316336068502 0.36575757677294 0.857486407197739 0.703109272021118
0.914361977055299 0.111164656921897 0.365007571939066 0.80436136787356 0.988668853303612 0.385938474959149 0.590173533007408 0.507806802929293 0.976345510658937 0.708676402293726
0.358484492558536 0.427208498423306 0.101204691108621 0.963797492592611 0.989557618830286 0.0323332838646401 0.393889196860232 0.273569503755251 0.688779550715963 0.440750248768869
0.209031006565129 0.0719167599640488 0.173485409653988 0.54154961803283 0.975811097475531 0.0254457009108368 0.232924213256102 0.372366563470643 0.020250018775251 0.457684491084505
0.341623566296455 0.153158517242093 0.37827449343494 0.683920399133605 0.956073730046787 0.0582395230612898 0.375038450228916 0.301423235992692 0.0535286743058926 0.485260707562047
0.0997681748408845 0.0495008251818008 0.103006857582169 0.606207070626113 0.962893796249573 0.0259566352330591 0.40758676602625 0.313396809739742 0.480567852576214 0.574754472407348
0.732276059686994 0.94461779984732 0.174014894561641 0.905172557038506 0.996356848938342 0.213700617877095 0.47652494230156 0.324668209456345 0.961943094278291 0.594218135377333
0.627310608151095 0.93894723111166 0.35486329270927 0.970776729748278 0.995165938268052 0.366666203472748 0.453791159704163 0.383575493219381 0.76255870241395 0.669331523003198
0.414770057201385 0.159322599510894 0.172803102791906 0.781723201841227 0.980468617083536 0.638364546099431 0.574817979689302 0.35909407372742 0.912374379940397 0.547337477210975
0.142904615425863 0.295336995992043 0.0306446204826978 0.697337888276644 0.919796913777745 0.0218422799404691 0.311914818499529 0.181730846855482 0.136782323211684 0.442111228974546
0.299331780896053 0.59293874201099 0.102835392337345 0.361200706372849 0.953396863980613 0.0763987904562882 0.311198397799589 0.196664725980256 0.0538721478095081 0.425363180505525
0.788462217564525 0.813699070138644 0.317831233050005 0.874778967877085 0.997601606512877 0.312155076932306 0.549293867159905 0.376506883656736 0.698341182841578 0.71718817781818
0.278261051100854 0.268690615265239 0.1403878992375 0.537364880671668 0.997323249063434 0.0493301447301436 0.329904598097718 0.266076629441057 0.390281221405546 0.50971655028683
0.920540667036743 0.624959642618936 0.231753809562528 0.732777228662051 0.968920354896667 0.111626156056455 0.405094424625033 0.353528633865304 0.194150699998514 0.556170755625186
0.851324663396737 0.804966809441612 0.264802957080243 0.837975331166315 0.927859707819967 0.0558807650160125 0.423441523734423 0.286623124405683 0.519620480688986 0.570443668057426
0.130899831718561 0.720872290620542 0.165256561908259 0.636518804157306 0.936812586006053 0.018760847003463 0.45501958532747 0.302617155594526 0.259184143494325 0.476484227083043
0.831680977152885 0.510625677773706 0.427504941089421 0.532502861928463 0.996572549207668 0.365269643232422 0.641413050588022 0.410758957546415 0.991635390689192 0.681943597212076
0.700847384722829 0.376362326741712 0.0941093680846723 0.723299182581485 0.944639668636738 0.0425866193912798 0.284752587470607 0.227748324465751 0.619795743708165 0.442664932145037
0.974425445587633 0.550131918418956 0.410013406110143 0.983713924823552 0.999055540665253 0.618337001152205 0.697412347757122 0.484703584295295 0.996176490388003 0.689363710849729
0.414665925718752 0.386887381291363 0.122977159499619 0.866837328457035 0.921607614222991 0.0112133872707623 0.276537047380325 0.361085225208475 0.0526093653427451 0.571151931845082
0.80985680352511 0.847711425756728 0.294781575518768 0.966653523173582 0.988862425533791 0.363081044399746 0.467722072226349 0.469484327366465 0.904250000109917 0.58922992724958
0.906042726941002 0.585468833051633 0.263218052491042 0.974836978564957 0.997001594121536 0.121312661055647 0.604473181168957 0.438125425429083 0.949499105342708 0.558479702650931
0.762615679105767 0.872013075942818 0.268937688629678 0.929351795558501 0.997313779925194 0.225469557206027 0.534499995319263 0.455026038342217 0.896210849591627 0.541192461543392
0.48028665452618 0.811518680764058 0.276982973571306 0.730815876534371 0.982736127928389 0.0217849581649608 0.319734419555913 0.306219249521741 0.0789082239284106 0.560975528696563
0.70555601424886 0.903305668890609 0.213485645519011 0.954069426715697 0.988713794607886 0.0886412967144358 0.60336512064132 0.369952303085625 0.391651257492098 0.615138403281962
0.0876591935123915 0.10245401362633 0.0645982200457555 0.223153624454085 0.881909249998213 0.00257483653926815 0.259825106385648 0.226413576461179 0.00463456384465717 0.383325947594941
0.755880622838883 0.665258849307323 0.0600470411439666 0.859460588512099 0.987623648438848 0.0562898366831391 0.418584118137601 0.240579830189733 0.140882456999852 0.626887097138139
0.933087296447688 0.560072458317491 0.364000389878172 0.786164274586663 0.992218017751068 0.222777913397578 0.672103894140941 0.5107370606546 0.826136154778226 0.633106698426795
0.352421284352624 0.0794129966802718 0.157123449135366 0.389982631828859 0.901039983117538 0.0092682965837611 0.253975342899772 0.227234588004597 0.00604440432740597 0.575900275557509
0.979594422011686 0.990570969422013 0.375011590708935 0.987296456256615 0.999952335721565 0.899100789097157 0.809128178095944 0.542059785204101 0.999613354145328 0.770380370831662
0.803125236012788 0.725957949930065 0.125288231672903 0.883330900529702 0.997473816921599 0.110595295661309 0.476099467396479 0.348955724542529 0.706143474724468 0.530613993942933
0.870582651927268 0.455270621031271 0.325236030810781 0.973800363633318 0.994184650652775 0.261543638508958 0.566940034297003 0.411902584398232 0.955194887083426 0.633859829670576
0.920738004916374 0.802028512072816 0.283918499754477 0.785882852905874 0.994929699279329 0.0510797682760061 0.433572657676942 0.375100931605755 0.658774536907955 0.541323593452603
0.674561805603779 0.366115367501776 0.0685282480862619 0.55195509128605 0.99221589798606 0.0374663752134825 0.508249854913166 0.302128608031149 0.778658016176631 0.576180282051241
0.890978328553025 0.639346677924183 0.159388722662835 0.688909280978736 0.999614443324684 0.419361925484416 0.646167098395229 0.51069688679934 0.922431231547385 0.764550233369365
0.128251626819951 0.250053148137536 0.105196300592716 0.179765827544159 0.908079331738966 0.0248447061727333 0.334060921359611 0.354347600371965 0.0602098961174043 0.459433142202669
0.300478502589748 0.0905583619772293 0.0949025941371417 0.408048686210816 0.907131893622239 0.049806780809218 0.423802286314894 0.303720844133822 0.172538684984541 0.564206571170463
0.13396446570071 0.12648570996708 0.138293347443699 0.418475336118694 0.795100667953741 0.0139936818241468 0.267487131974108 0.314893750671352 0.021214288559034 0.360748622410051
0.62377856967832 0.477731529905255 0.181202167088514 0.683058869338123 0.911095140913333 0.0257091827975363 0.308590803879963 0.316953159478272 0.293911890117899 0.57965427810847
0.806329047326359 0.86892104815641 0.162634027094179 0.410948951072668 0.993293164814652 0.212579915679999 0.574745798821933 0.47503723664374 0.357689238544534 0.621860074750614
0.328213336906357 0.0648255294795391 0.223976609494952 0.586263812780218 0.94611628093116 0.00942177691696372 0.339946254418879 0.22960068985744 0.0439190719338742 0.512924896472235
0.535858572366624 0.598967422608737 0.0463434724482325 0.368071539494748 0.988363658637632 0.0327483082584441 0.322073741048059 0.35940180460716 0.490194541248773 0.567591463298594
0.794169954331517 0.592201629098486 0.262301312062191 0.892810007009748 0.995851680214456 0.281686383567725 0.585668610124264 0.378513254678072 0.928943543644794 0.722292600897182
0.30077451597945 0.291930417546863 0.0464156255663218 0.96202732302108 0.959446206019359 0.0768832336531709 0.480786448560878 0.391543818628059 0.260719124543237 0.597524841955409
0.643121390208184 0.330777267497736 0.163025792299139 0.290075532353333 0.949372037211901 0.0415275134077488 0.312470479925071 0.286078040083305 0.067358881904786 0.527918913987489
0.376685715351138 0.113535890980271 0.37597532229432 0.447061636511516 0.951388511130316 0.0312092603488021 0.341997063124095 0.379051031895708 0.785127782792073 0.565883480480137
0.720480305194736 0.0442625415668402 0.222926369911923 0.809195780641673 0.992168642347522 0.132325849870267 0.430434139815656 0.460946905912573 0.793585353073584 0.587587919623196
0.144143570207272 0.00317683107160642 0.175511609642052 0.719890574827882 0.954000346610543 0.0832916282709663 0.319406246158333 0.264094682632432 0.178299736283285 0.467170006100397
0.755772974573687 0.451201990960559 0.236975187676527 0.918004288863977 0.993876346077671 0.0769172122936332 0.604440620231357 0.393773728154211 0.854342370681968 0.580521139513589
0.49987168344116 0.303848889611247 0.547321847313227 0.908225129010334 0.997470122855402 0.524659616705203 0.70795538372572 0.538604697294666 0.997892390204758 0.715134925618273
0.735383780550911 0.963477905951288 0.462732798576163 0.593555158595344 0.979416428187642 0.162173821931953 0.496374404463843 0.413936207235721 0.777086436966465 0.561627546547611
0.230264971615329 0.881010491334814 0.272721848764569 0.449904450524337 0.964227552410498 0.0721184423487715 0.499295880654866 0.265818160240994 0.293146940194173 0.55685143790627
0.219822218762195 0.13738453941768 0.0846971775290394 0.65697175329187 0.815827063309118 0.0411495390692107 0.308576363364301 0.419916991726625 0.450198447192001 0.555686262467881
0.264995774641444 0.303376249266967 0.325715014567599 0.751192974912561 0.955663627429031 0.100674422602066 0.356388943409348 0.363614094131386 0.277555109373857 0.561361522852802
0.193918102232401 0.716033162125573 0.174133907037418 0.773272587060333 0.967345752233274 0.0197203624733198 0.293229469728003 0.277531698632274 0.0614504200761721 0.630819686079823
0.924631163613669 0.256919499881631 0.375326750835839 0.782650745421495 0.998776333197191 0.0692952675223113 0.500500407941217 0.419229067106836 0.885302749237961 0.730065616074617
0.80602267772111 0.668073066529694 0.144401663402899 0.735220975133883 0.998238112139786 0.151678320385856 0.617367779729473 0.47124291295858 0.914470081474807 0.605974065632992
0.316793823092334 0.557155817454302 0.368192723146605 0.678553979771423 0.824662269717338 0.0317536116608921 0.461560474117151 0.348223566964655 0.51408142232997 0.596184618491421
0.342159198765264 0.151848771067308 0.104142812225929 0.370960289660668 0.920674856949937 0.0100042890986812 0.262569415764592 0.269552612247942 0.319492124087316 0.479967207880283
0.580669125305586 0.393848553862753 0.124432766477493 0.82070727068903 0.992919435198727 0.0678145667525057 0.469634439885618 0.343156771050623 0.633177892000103 0.660545758286764
0.299940407595228 0.327474079245228 0.0611428453434402 0.857073565573111 0.986768139713847 0.0182900286637424 0.230125551116702 0.334428523642945 0.123550939823494 0.43050997230106
0.842217219016726 0.885501961680889 0.331525914271192 0.846652118366918 0.99906184100597 0.559246772375884 0.783308251134083 0.42773684768092 0.983001352209126 0.678470942592299
0.437752541301874 0.117833247215583 0.0384579307415462 0.610013553129411 0.932336756754168 0.014666432448582 0.301034191928365 0.332855842456452 0.0224120910830698 0.476094719171534
0.758224630717642 0.825662882291359 0.357692319923399 0.821292302700306 0.996109372366354 0.122941107906511 0.502366077153967 0.319521102804161 0.554495784539567 0.569616436407275
0.352460494459413 0.915541249627489 0.0772811133278746 0.938354783910193 0.960799364947821 0.0743653532174327 0.497375423190089 0.285745350253474 0.443866828813474 0.710479910257424
0.311822134141848 0.71620700176413 0.05745220626238 0.719489830961619 0.978066734754677 0.0293055778664341 0.364111640586104 0.358296819268479 0.453875937403978 0.491449533421456
0.204932895200738 0.733792592424724 0.149429312655654 0.587222287717232 0.979707529754452 0.0236570206335312 0.333070189886707 0.440124267369046 0.181705049052926 0.539607878439065
0.738601762159756 0.24492575525246 0.356642499537006 0.269273595461481 0.996423206560767 0.11007180550334 0.490447275370859 0.340798011097579 0.926905759945783 0.579001957503232
0.834822791820652 0.807985105140101 0.401853982864895 0.926043208873693 0.999662647172637 0.159078248399066 0.567839042450037 0.552668162736788 0.982810733364496 0.691730743286785
0.845674770690641 0.714511062448299 0.355663389871008 0.957460574218468 0.99364785385884 0.0923630048867563 0.552126027131519 0.448763949874208 0.849934913578462 0.517216823876151
0.601094630668744 0.403531577071782 0.161499183007441 0.25461429435052 0.985010474430562 0.0115663793664239 0.290885099589844 0.259867881844427 0.232343189655245 0.568209650147347
0.81607001935002 0.157558580793439 0.0752597402035717 0.752390201617389 0.980465844453508 0.0455385895671594 0.473677831445954 0.289676735535788 0.711719843578508 0.505250384176254
0.992195295220991 0.899619687274181 0.429461197182263 0.962745054636369 0.999312938737098 0.487287200467713 0.721734221310532 0.540700917434031 0.998872209026348 0.654789588978745
0.544160030969392 0.269961593899508 0.369071954167523 0.623159132106128 0.995872142997428 0.0514135136157631 0.347630789739508 0.223200885880641 0.799840253109421 0.541794293444405
0.631163455421005 0.502496302090289 0.140215401224344 0.776425680989757 0.959167115499268 0.0224854142449165 0.206999791332645 0.313799089832132 0.287341651152849 0.56711458810067
0.5921950166527 0.438020832230252 0.386219321912951 0.887742927804223 0.994794234835347 0.090857240840731 0.587304725214026 0.313278107251784 0.575966713360084 0.613774788453394
0.164293432996978 0.177315173314705 0.067011724954626 0.425154211367424 0.749417234330155 0.00382451773487281 0.170661691318483 0.289739484480266 0.00591337785826511 0.480957867154122
0.47748854015437 0.931344370695946 0.1510033957477 0.922842730056582 0.994544040725157 0.0888694465929413 0.356487997226096 0.387483798467526 0.122240564958359 0.605127329539988
0.506459498772023 0.140907034116184 0.180941802566726 0.811153868035575 0.997573684595824 0.0807754280411376 0.475248116701217 0.379464024563122 0.820444466219797 0.561471192141493
0.769882068179759 0.503601493287352 0.397760116729761 0.942841861045297 0.994577109314972 0.1924227494351 0.572043487159401 0.48263743211727 0.966307590159521 0.712560724626229
0.141765834903329 0.657126156034003 0.171090800336908 0.72904738938612 0.983228129203941 0.101250878817221 0.360677266228114 0.364389727035111 0.538163846654739 0.48167896223921
0.100914764124427 0.826690179611371 0.0221000685193356 0.202818879432744 0.849538707695238 0.00319716857198085 0.164661309081183 0.201887187995489 0.022198517888349 0.451549588417204
0.471472499050662 0.301431685670411 0.383930655453445 0.900309783002307 0.998389702980816 0.0580355020061427 0.543554398983187 0.436522166821817 0.685844089090997 0.665816192000577
0.310088682350819 0.0717348630839222 0.182663649312718 0.301081659587413 0.982576443869846 0.0190301044164527 0.228290770505002 0.288411179999349 0.0522800430882221 0.411198013267953
0.639973210911058 0.69151634123705 0.139810755071788 0.931482951047719 0.994221052605742 0.121504805778615 0.521505812587604 0.353413654648807 0.974010888980975 0.606127118910474
0.943270918464035 0.918010064549417 0.294198362953267 0.947882345813947 0.999345498612746 0.676424808221975 0.790927059973931 0.633257563510863 0.998085946947182 0.789077940085778
0.890530337930947 0.794659988069054 0.404644513056114 0.868910315409332 0.957447640869247 0.181892104728432 0.553270493388408 0.513156641335361 0.960799756476717 0.565866376446394
0.582549964681126 0.363166482467941 0.250410224771151 0.395226743285306 0.919180254587957 0.0298549423707936 0.5433080511029 0.272854674116653 0.45806321907825 0.43128254364317
0.963341134045783 0.474382925999927 0.113346740738168 0.682635668633379 0.912405175333558 0.0434029510406699 0.476759442972256 0.355846892954758 0.511280644977223 0.49330015958329
0.0801507910377785 0.0750069158451347 0.0592766906293768 0.730627536845768 0.870788174710178 0.0159501311137046 0.194750019181564 0.238788566202375 0.0381939961402832 0.464853230827694
0.697013016025831 0.28216713761421 0.304687441228802 0.488729531520897 0.951609284517429 0.0123966638488825 0.261434316223188 0.301959097682921 0.0327449824113358 0.42453180295962
0.472596937136473 0.505558327567222 0.114655926710413 0.926135829667809 0.906409623587478 0.0141558262594119 0.245684450314842 0.309325732322483 0.160705812299433 0.43831344050314
0.137224170410174 0.600498103894892 0.0685447598050708 0.187395920441278 0.697391213443415 0.00426390739594579 0.197144285771128 0.206214286360196 0.00213307907851485 0.396959705679984
0.604208413054944 0.860552576551853 0.0429357823815597 0.598539852751838 0.968051928803249 0.042343008698514 0.402299710782315 0.345839977569765 0.5808342091475 0.502663390947348
0.743696598205028 0.0892130020744195 0.223187828525996 0.765274949117883 0.944038343735678 0.160376965152265 0.536132136163104 0.455076711603277 0.31303421733455 0.589185234499877
0.891799357338843 0.668403009844757 0.257455151607915 0.780634863992376 0.999494055192981 0.355707403108572 0.68842242565528 0.453746006684866 0.993342686928449 0.547735093286788
0.14022058013923 0.649172424475499 0.0924106852751922 0.29408539980872 0.509491567081968 0.00174270008335373 0.171053142844814 0.186307550587589 0.00274749804056009 0.380328308508075
0.806372391842251 0.234015524234349 0.205431304206694 0.969370690713177 0.995969145373551 0.376929653059286 0.688621859278711 0.435834711165367 0.990942770700744 0.568454249877519
0.50903157522194 0.357679896176313 0.142926697834223 0.514042341191195 0.991116510418608 0.116580294042147 0.48342766525656 0.332040216430515 0.448490330747172 0.589540928425626
0.45135543030033 0.101823894953608 0.0848811664333663 0.870693870704617 0.976238653434845 0.0828350643008793 0.569754764200001 0.396853172395548 0.388675894999464 0.581649298045248
0.888191370158187 0.823329449953032 0.213340814684826 0.650867343472727 0.967795769783743 0.153331328930033 0.405418559828738 0.306096398497105 0.236233011374473 0.482870396209206
0.445083855014129 0.927503432760342 0.357513825325902 0.95842337332683 0.982054179805277 0.38354330695034 0.612458981166154 0.366914282291634 0.470193389888687 0.507913962443784
0.503879251694626 0.45303304829453 0.150525947053206 0.411547705522879 0.943919921307679 0.014013648628492 0.178586805136975 0.257358304902502 0.0268339867118681 0.428925295628012
0.893520697640063 0.807427097548868 0.305032001086053 0.984091712825413 0.999761106069774 0.289675370109974 0.749285192181113 0.475734573711805 0.992032573738427 0.55988759560362
0.485361665555333 0.313048631362471 0.0798115854606489 0.504201766429975 0.969949671808176 0.041639446516724 0.258916001719127 0.244395830199203 0.030191607611483 0.494555359380318
0.128752147283374 0.0775070968999404 0.0576134414185971 0.346807234255825 0.705259768089394 0.00293865588012571 0.234933004706602 0.277268927667795 0.00368932369273313 0.442586659966189
0.778547402955639 0.0979470668385929 0.100622302295859 0.791504334224046 0.986644567443242 0.00699668389202157 0.210981290572767 0.260828358622998 0.0187635848588735 0.36624316929572
0.226096883233301 0.47018253065832 0.0772371821328622 0.58422603434317 0.826231204493817 0.0159371246493034 0.283300294038813 0.197413656154213 0.0980246410062481 0.489291662879544
0.748939256289171 0.168015627514565 0.144576944290088 0.943360966915335 0.996144451554725 0.129042323094932 0.621547303759665 0.435220199650032 0.969913372548184 0.651290247888994
0.424575411184695 0.315494523182113 0.116036554800461 0.296799055789447 0.871928677978229 0.0147494739126298 0.269173299402285 0.309781260453148 0.506906048991445 0.599405486948469
0.716172739364652 0.775030138063326 0.114738292435346 0.519616752338984 0.979348612988172 0.0204565244755808 0.357348200266344 0.311718989938121 0.803838373816938 0.601245910707209
0.560760824928567 0.195912569787666 0.176689532735281 0.862913166419482 0.884778444783546 0.0434030140342478 0.440480411087646 0.251264470197468 0.282419931264775 0.528546237946103
0.28514773895842 0.849639224928117 0.577993302026021 0.374694268731482 0.991429873266132 0.0479716247447462 0.519971542283244 0.434359207304838 0.318674731845482 0.571726001897287
0.786074460908741 0.735361461817417 0.231227760290179 0.762931144283621 0.993225110496972 0.353160623855988 0.769709188589212 0.347575816258942 0.98605750958119 0.730645567849371
0.151941119638646 0.218480944898017 0.0872196513439839 0.757869167514159 0.9873027720851 0.0718723209671496 0.488492262266206 0.315712417249041 0.519574076931138 0.573357175701634
0.631132575796051 0.264093070945029 0.102453360646375 0.950539356897834 0.979134534955634 0.136059237742251 0.538640053360991 0.318680861586557 0.81468611025538 0.612248691218673
0.249522986835162 0.919179862480373 0.317398669060623 0.775896212812409 0.98958926191381 0.0896187919879112 0.420682363217477 0.308992405798688 0.185181113581296 0.672908804387946
0.935915290879389 0.804698458164072 0.240214260231498 0.979138663309799 0.99944930312433 0.455869347345034 0.697110881581107 0.542815385212881 0.995452451737924 0.682409019260093
0.856531568144666 0.83652451840175 0.124807203500222 0.894628670708083 0.994690085439252 0.287898762839282 0.57347989985593 0.420637024933575 0.911147912872303 0.682692093488938
0.668830947144222 0.252140936965379 0.288004421259666 0.930455168906544 0.987064858098058 0.329116330546062 0.65158507834136 0.44452127370079 0.94037124174947 0.60408555438118
0.424481971579715 0.923163242323838 0.0672623536913112 0.801435889985212 0.952175792265732 0.0920890593640577 0.492123317539873 0.35938326185615 0.469531263481347 0.589352875063473
0.95217286321927 0.606800739881436 0.0776040029724685 0.971070200940739 0.989657690445362 0.0543353388751573 0.452700770208718 0.379968971121751 0.262014967835032 0.473723539254383
0.951579078730486 0.715275992349437 0.531349119356747 0.987041025558515 0.998634278362025 0.725241520561271 0.827938048285663 0.585192174049816 0.999682166557293 0.812542618662094
0.142513844629684 0.886131341184927 0.0586854289766261 0.739141403870535 0.91913403035124 0.0500444652190162 0.247912844330876 0.325268071998639 0.129188104715454 0.427678413696148
0.246753157942083 0.757469752144084 0.326683003151713 0.922052990597895 0.981920315940067 0.0649807067784749 0.395292973243747 0.347086596695998 0.349070599711307 0.477199371407324
0.900210044932033 0.416209296908283 0.260238495114269 0.694649866866375 0.990375387233825 0.0552490524247904 0.607030788957461 0.440064854630462 0.863125869381727 0.4808250068784
0.837222087324268 0.76578332156352 0.0943247781491576 0.841474124769378 0.995448277555182 0.100872793111742 0.426580632573713 0.34135131767687 0.932928185678064 0.589740028860227
0.356456426086963 0.139689592620482 0.0260651104304455 0.249469294732293 0.94786573239801 0.016531227358623 0.232051010488079 0.226077357121688 0.0568931735219075 0.417265927415007
0.120535459277878 0.383846331099582 0.0836342404104865 0.428924279458112 0.941486434481155 0.0167132528836234 0.344942037122192 0.322938604494694 0.175892641707866 0.561685011911951
0.422556206737635 0.904152025510561 0.462179374302712 0.958464125073183 0.993913505077063 0.209477579332141 0.508793291075233 0.4734911278924 0.893869305144066 0.654917502226275
0.936811425238107 0.944212717645264 0.147184686466005 0.820586221545247 0.991403293888562 0.20385491269823 0.482279979644507 0.369340147716975 0.655474808932219 0.593521647215807
0.504932179776032 0.76833113361406 0.331626081465446 0.764553812098245 0.990189315405359 0.0338582731478605 0.500125929887552 0.313638626948252 0.515625164501221 0.523564063489914
0.433470083649049 0.749465681643603 0.190271278629512 0.942918413787809 0.995205047739632 0.214788261782458 0.685295768170344 0.488771988010294 0.695081757187433 0.583284870331485
0.584458596242082 0.0414396069855044 0.278190693239225 0.434845229222366 0.957562290683053 0.00874169348990668 0.394248567501647 0.215871338959952 0.14063872414821 0.481530875121711
0.455627996118166 0.00950980162731765 0.0730177184386036 0.818868643149142 0.986861775577787 0.0561064025649119 0.419525346854401 0.393320824963434 0.378581058490222 0.656744917905293
0.0348550340281481 0.90901205096776 0.0568459676976204 0.162940800075161 0.869605496223041 0.0218681174917051 0.25589227283651 0.208783390839516 0.0216635021139043 0.487412356236635
0.167502461958794 0.238539739964853 0.0862067126375863 0.691628240780635 0.960208610848855 0.0921648658418722 0.294260357864037 0.319854071807385 0.156418462015903 0.397106793080989
0.845308285109165 0.915954344493995 0.366385614616489 0.991286897318635 0.999807235264804 0.300707253177348 0.727338069155734 0.51454986887469 0.959201431551626 0.701119639453158
0.987138564497836 0.624922518742705 0.41639638141899 0.995754927698671 0.999704358016819 0.799756161994373 0.823616894959351 0.645486898332126 0.999679369833971 0.749438716848536
0.62977263995142 0.980414410861378 0.152671975286558 0.34013035981514 0.977587709426524 0.0323618658554372 0.236538117998472 0.266152334123938 0.299145884523484 0.384323750793957
0.428108797214075 0.986218754278599 0.0850214853374864 0.904966849541031 0.97497926295806 0.0438369985106299 0.361360397006952 0.257348504015017 0.0687789436750386 0.503806236038885
0.763525150972409 0.482074175263566 0.399754166036846 0.968455518961371 0.996880647988953 0.24827546345454 0.581949090614647 0.433148226194796 0.970356258500548 0.689123108533119
0.161140327331381 0.602145130604537 0.116207137791711 0.733074490442942 0.887784949179171 0.0145121218305131 0.251158555895789 0.211285303558194 0.0872403318011013 0.488109860448217
0.622526064076496 0.720008570735479 0.162603287828875 0.671980050545821 0.95887625696014 0.104664501552912 0.488392016908927 0.476834416362911 0.858966970936396 0.592204521152737
0.91700666768708 0.642361076631376 0.224543421156574 0.370536103470269 0.993309061745437 0.25048681932153 0.474857069806822 0.428407153577198 0.350387052596232 0.576305209635829
0.297807283505415 0.591477583993166 0.345347917410106 0.779494969082749 0.983013234470406 0.015219068929868 0.394784660583842 0.307942636617936 0.732873342300621 0.559812954545767
0.70245533440648 0.723914000391435 0.17505647965987 0.688241817785382 0.994108272295529 0.0710050509099255 0.537224110767385 0.334341621032392 0.586998296849816 0.669104010104807
0.886591188056631 0.348966006062226 0.485026790465201 0.888267237238578 0.975388430464927 0.197946561992901 0.505964511602671 0.354308386916511 0.593758004884778 0.486422766830475
0.241499719102483 0.387515885230788 0.0799279705516923 0.604762546332599 0.988150801659879 0.0446816563832093 0.360189814981997 0.384213672722104 0.344696154291729 0.614325297011853
0.642586852838179 0.692083414688811 0.222162814378937 0.772946866695683 0.992329239752215 0.0884618503684035 0.54825885192177 0.312828619322038 0.684104836284946 0.506231493015438
0.954802528628948 0.90265251986602 0.268879145632713 0.910612590471134 0.999621336696658 0.47142647897848 0.732531942423641 0.517999288263326 0.895518444177688 0.618653863614416
0.368333085688602 0.478919031175962 0.126757991361236 0.713176752026138 0.979714573169135 0.148805736935799 0.317683209210177 0.327157912233349 0.410433793443001 0.497720334104536
0.51358720032144 0.203043468244915 0.309494385946287 0.81462699869609 0.960313306121466 0.0479629102478058 0.383648458572401 0.296363535059992 0.20886888300557 0.545356062486271
