"n","method","individual","true_theta","mean_theta_estimate"
100,"Two-step",1,-0.843014165132557,-0.818619780831178
100,"Two-step",2,0.300399222901205,0.275854987235089
100,"Two-step",3,-2.04282862660513,-1.97583315678983
100,"Two-step",4,-0.0762329030938567,-0.0964498089687638
100,"Two-step",5,-0.388862185187266,-0.394188072340632
100,"Two-step",6,-0.00954176289996485,-0.0135278355696944
100,"Two-step",7,-0.56715721344667,-0.547803880154005
100,"Two-step",8,-0.0102057247832484,-0.0162487724220634
100,"Two-step",9,1.2680505169343,1.20777031969516
100,"Two-step",10,-0.642161537993048,-0.626409908299252
100,"Two-step",11,0.11651296011184,0.0906994600556768
100,"Two-step",12,-0.198498200717238,-0.221910370528978
100,"Two-step",13,-0.535581110455613,-0.539204219637607
100,"Two-step",14,0.410420651107319,0.379094897470189
100,"Two-step",15,0.985346982024562,0.933802672401325
100,"Two-step",16,1.06071477519449,1.00996680702113
100,"Two-step",17,0.17431586868144,0.148833924954797
100,"Two-step",18,-1.3648971854096,-1.32679498377555
100,"Two-step",19,-0.844084678025859,-0.819216310125789
100,"Two-step",20,0.424621185925982,0.394513544111706
100,"Two-step",21,0.527830237633247,0.492538237814547
100,"Two-step",22,0.401291199433092,0.384622848415735
100,"Two-step",23,-0.0746079144554319,-0.0870319963829939
100,"Two-step",24,1.52978733524574,1.44510831743359
100,"Two-step",25,0.218138712937748,0.203103311194181
100,"Two-step",26,1.2459537134432,1.18893948069087
100,"Two-step",27,-1.87074797100725,-1.81712986861029
100,"Two-step",28,1.90922576101535,1.82625624246877
100,"Two-step",29,-1.21614745044057,-1.17896534482829
100,"Two-step",30,0.123821564638671,0.104137860952401
100,"Two-step",31,0.667110190274194,0.629903901375691
100,"Two-step",32,0.508992829324106,0.479470426878941
100,"Two-step",33,-1.0325931263971,-1.00199866649839
100,"Two-step",34,0.898588846790936,0.853121554408406
100,"Two-step",35,-1.70753572724528,-1.65496261425563
100,"Two-step",36,0.66284778481632,0.616539638153307
100,"Two-step",37,-1.67153094896217,-1.61194707553242
100,"Two-step",38,-0.59694605153177,-0.586661030124243
100,"Two-step",39,-0.69625832112311,-0.680997877012448
100,"Two-step",40,-1.39945638651491,-1.34116901613718
100,"Two-step",41,1.63675143143996,1.56512540410787
100,"Two-step",42,0.757462499460725,0.716311042818988
100,"Two-step",43,-0.156683338262686,-0.164499525232568
100,"Two-step",44,-1.02890230054204,-0.999876751288299
100,"Two-step",45,1.74769450926955,1.66978922365517
100,"Two-step",46,0.662054646958383,0.620804156072024
100,"Two-step",47,-1.40011542239158,-1.35816857475318
100,"Two-step",48,0.248748120060372,0.229919478891797
100,"Two-step",49,0.707700699214084,0.672561320078622
100,"Two-step",50,0.211920791259143,0.182146160942838
100,"Two-step",51,-0.192700907293117,-0.202663348943289
100,"Two-step",52,1.17772851470914,1.12440239627616
100,"Two-step",53,1.09681849747458,1.05053837114887
100,"Two-step",54,0.846821350989764,0.805320168051962
100,"Two-step",55,0.515853100462659,0.486171759937466
100,"Two-step",56,0.498026044003269,0.472235401200175
100,"Two-step",57,0.497746318343694,0.466519788338776
100,"Two-step",58,-1.37995011128583,-1.34035128108106
100,"Two-step",59,1.35327039995605,1.28276347062175
100,"Two-step",60,1.63675811629691,1.56296436866905
100,"Two-step",61,-0.313352044148461,-0.30943288611786
100,"Two-step",62,0.449498288428729,0.417440708904733
100,"Two-step",63,0.528535760101188,0.490202721294704
100,"Two-step",64,0.955415021952664,0.906180819574091
100,"Two-step",65,0.0152344401803071,-0.00377297920377785
100,"Two-step",66,-0.250287507013132,-0.247086510993747
100,"Two-step",67,-1.58229859722078,-1.5314942705132
100,"Two-step",68,-0.392477952844591,-0.389876325155782
100,"Two-step",69,-1.49724077535367,-1.45490907096451
100,"Two-step",70,0.244104577829951,0.227196502898459
100,"Two-step",71,-1.60457392021278,-1.55465278985975
100,"Two-step",72,0.677931035066291,0.64634684046976
100,"Two-step",73,0.877928735592623,0.834718707479832
100,"Two-step",74,0.363369438769863,0.340194447849842
100,"Two-step",75,0.499714087761641,0.469010697899913
100,"Two-step",76,-1.80493239153836,-1.75420666397728
100,"Two-step",77,-1.36211098806805,-1.31335734426208
100,"Two-step",78,-1.24065555019088,-1.21890742090081
100,"Two-step",79,-1.61721475174036,-1.57601270837511
100,"Two-step",80,-1.11321657048531,-1.08662562363369
100,"Two-step",81,1.24994970075761,1.18589530317355
100,"Two-step",82,-0.681514267251639,-0.666494053635303
100,"Two-step",83,0.783402255066399,0.739742257145669
100,"Two-step",84,-0.14022200486879,-0.137982154687519
100,"Two-step",85,-0.0546039999469968,-0.0603043342104229
100,"Two-step",86,-1.29042662465401,-1.26025809963201
100,"Two-step",87,-1.65501871494926,-1.60046237506625
100,"Two-step",88,-0.898967986875717,-0.872181379224538
100,"Two-step",89,2.0835878318922,1.98721213836725
100,"Two-step",90,0.374025512475976,0.346236472815647
100,"Two-step",91,-0.545639330681399,-0.536110199373491
100,"Two-step",92,-1.09157108666223,-1.0625559783922
100,"Two-step",93,1.39618190432461,1.33025187823775
100,"Two-step",94,1.43326338279754,1.3667323562748
100,"Two-step",95,0.456055024500448,0.427725247146196
100,"Two-step",96,1.43112687962594,1.35855748955073
100,"Two-step",97,-0.30372775713057,-0.289540585441938
100,"Two-step",98,-0.57648002853224,-0.568707292695491
100,"Two-step",99,1.08134222737145,1.01459617471895
100,"Two-step",100,1.3325531540183,1.25746940909547
100,"Joint",1,-0.843014165132557,-0.755827208533372
100,"Joint",2,0.300399222901205,0.253783510607025
100,"Joint",3,-2.04282862660513,-1.8232229126582
100,"Joint",4,-0.0762329030938567,-0.091412725076286
100,"Joint",5,-0.388862185187266,-0.362372079641596
100,"Joint",6,-0.00954176289996485,-0.0131896152278008
100,"Joint",7,-0.56715721344667,-0.505858056678122
100,"Joint",8,-0.0102057247832484,-0.0151232075219603
100,"Joint",9,1.2680505169343,1.1146983387327
100,"Joint",10,-0.642161537993048,-0.577653464909082
100,"Joint",11,0.11651296011184,0.0837546093579804
100,"Joint",12,-0.198498200717238,-0.203602851201007
100,"Joint",13,-0.535581110455613,-0.494687670863033
100,"Joint",14,0.410420651107319,0.351289838637992
100,"Joint",15,0.985346982024562,0.861395175390323
100,"Joint",16,1.06071477519449,0.932142565644088
100,"Joint",17,0.17431586868144,0.137754648176979
100,"Joint",18,-1.3648971854096,-1.22437137695974
100,"Joint",19,-0.844084678025859,-0.756670771101367
100,"Joint",20,0.424621185925982,0.36641639658663
100,"Joint",21,0.527830237633247,0.454943543898366
100,"Joint",22,0.401291199433092,0.355598120836458
100,"Joint",23,-0.0746079144554319,-0.0801935605862093
100,"Joint",24,1.52978733524574,1.33402140538867
100,"Joint",25,0.218138712937748,0.186552398607189
100,"Joint",26,1.2459537134432,1.09745960688921
100,"Joint",27,-1.87074797100725,-1.67673767184825
100,"Joint",28,1.90922576101535,1.68614884595553
100,"Joint",29,-1.21614745044057,-1.08901716631182
100,"Joint",30,0.123821564638671,0.0970269339675675
100,"Joint",31,0.667110190274194,0.582584402690489
100,"Joint",32,0.508992829324106,0.442101841599076
100,"Joint",33,-1.0325931263971,-0.924651412989659
100,"Joint",34,0.898588846790936,0.788532695221185
100,"Joint",35,-1.70753572724528,-1.5272906542255
100,"Joint",36,0.66284778481632,0.570235635651387
100,"Joint",37,-1.67153094896217,-1.48829788164968
100,"Joint",38,-0.59694605153177,-0.541457793658432
100,"Joint",39,-0.69625832112311,-0.629113046556486
100,"Joint",40,-1.39945638651491,-1.23733473580513
100,"Joint",41,1.63675143143996,1.4455601646438
100,"Joint",42,0.757462499460725,0.661524296103052
100,"Joint",43,-0.156683338262686,-0.151637366103972
100,"Joint",44,-1.02890230054204,-0.921674603234396
100,"Joint",45,1.74769450926955,1.54180509513701
100,"Joint",46,0.662054646958383,0.573515942431095
100,"Joint",47,-1.40011542239158,-1.25317500404383
100,"Joint",48,0.248748120060372,0.210898014204434
100,"Joint",49,0.707700699214084,0.619995357226737
100,"Joint",50,0.211920791259143,0.167448601906576
100,"Joint",51,-0.192700907293117,-0.187534342695489
100,"Joint",52,1.17772851470914,1.0380797232277
100,"Joint",53,1.09681849747458,0.970002330925732
100,"Joint",54,0.846821350989764,0.744578082000733
100,"Joint",55,0.515853100462659,0.447782325959102
100,"Joint",56,0.498026044003269,0.435581816615972
100,"Joint",57,0.497746318343694,0.43041099004595
100,"Joint",58,-1.37995011128583,-1.2371735475745
100,"Joint",59,1.35327039995605,1.18418128635934
100,"Joint",60,1.63675811629691,1.44302012559461
100,"Joint",61,-0.313352044148461,-0.285644157250332
100,"Joint",62,0.449498288428729,0.384983925343919
100,"Joint",63,0.528535760101188,0.453350810029585
100,"Joint",64,0.955415021952664,0.836370158820268
100,"Joint",65,0.0152344401803071,-0.00279533423788679
100,"Joint",66,-0.250287507013132,-0.227062357593372
100,"Joint",67,-1.58229859722078,-1.41320481249613
100,"Joint",68,-0.392477952844591,-0.358117798327472
100,"Joint",69,-1.49724077535367,-1.34270092224065
100,"Joint",70,0.244104577829951,0.208924474585488
100,"Joint",71,-1.60457392021278,-1.43525710672611
100,"Joint",72,0.677931035066291,0.595598664829444
100,"Joint",73,0.877928735592623,0.769855744321215
100,"Joint",74,0.363369438769863,0.314425620887586
100,"Joint",75,0.499714087761641,0.4330591644379
100,"Joint",76,-1.80493239153836,-1.61928268068671
100,"Joint",77,-1.36211098806805,-1.21259065242775
100,"Joint",78,-1.24065555019088,-1.12583477883805
100,"Joint",79,-1.61721475174036,-1.45433887911513
100,"Joint",80,-1.11321657048531,-1.0025014760467
100,"Joint",81,1.24994970075761,1.09579864493065
100,"Joint",82,-0.681514267251639,-0.614067204683601
100,"Joint",83,0.783402255066399,0.683780117979045
100,"Joint",84,-0.14022200486879,-0.128103729106718
100,"Joint",85,-0.0546039999469968,-0.055259596930666
100,"Joint",86,-1.29042662465401,-1.1619045569342
100,"Joint",87,-1.65501871494926,-1.47760832046254
100,"Joint",88,-0.898967986875717,-0.803745970896833
100,"Joint",89,2.0835878318922,1.83341126653409
100,"Joint",90,0.374025512475976,0.320682032960443
100,"Joint",91,-0.545639330681399,-0.495334860405948
100,"Joint",92,-1.09157108666223,-0.982429641472254
100,"Joint",93,1.39618190432461,1.22764148514092
100,"Joint",94,1.43326338279754,1.26204811304777
100,"Joint",95,0.456055024500448,0.395657297604232
100,"Joint",96,1.43112687962594,1.25394626118356
100,"Joint",97,-0.30372775713057,-0.268505293239367
100,"Joint",98,-0.57648002853224,-0.524465025446546
100,"Joint",99,1.08134222737145,0.936820425462337
100,"Joint",100,1.3325531540183,1.1611770112978
250,"Two-step",1,-0.530974793405227,-0.553847853021083
250,"Two-step",2,0.078701289424493,0.0358081666004977
250,"Two-step",3,2.57797360409337,2.42947976784148
250,"Two-step",4,0.517030455860629,0.467084606484199
250,"Two-step",5,-0.0393167849805894,-0.082401962254775
250,"Two-step",6,-0.807997215945413,-0.811160353799375
250,"Two-step",7,0.854568875048804,0.784644985851103
250,"Two-step",8,0.267213867821109,0.220694297307949
250,"Two-step",9,-0.999885096104557,-1.01390268301034
250,"Two-step",10,-0.315097698317374,-0.345895109822925
250,"Two-step",11,1.1867818107222,1.10249637783651
250,"Two-step",12,-0.685803188176558,-0.703604613034518
250,"Two-step",13,1.43500957696728,1.32614879866127
250,"Two-step",14,-0.126108280946269,-0.159861209881923
250,"Two-step",15,-0.329860576084776,-0.347301196485909
250,"Two-step",16,0.436067655941652,0.381327024702322
250,"Two-step",17,-0.920950903265458,-0.914585092986202
250,"Two-step",18,-0.409436451728409,-0.43749023535893
250,"Two-step",19,-0.0049910254238281,-0.0331065244462082
250,"Two-step",20,-1.83943185793562,-1.81676870405421
250,"Two-step",21,0.100153021116416,0.0532029723891688
250,"Two-step",22,1.19708638894683,1.11211361688182
250,"Two-step",23,-1.02691900407778,-1.01878589917004
250,"Two-step",24,-1.84913434491339,-1.80461038448799
250,"Two-step",25,-1.69606432238544,-1.65763245854635
250,"Two-step",26,-1.26414311195628,-1.25774456195122
250,"Two-step",27,1.08372873807061,0.994992476043661
250,"Two-step",28,-1.91253606753507,-1.86607183116371
250,"Two-step",29,-2.02372657207698,-1.98431658300601
250,"Two-step",30,-0.144410854080117,-0.17824201867459
250,"Two-step",31,-0.0616681842404689,-0.106259746924421
250,"Two-step",32,0.322747475298192,0.26929452126258
250,"Two-step",33,-1.71376853624414,-1.68313000136034
250,"Two-step",34,-1.08997814666632,-1.08354597946437
250,"Two-step",35,1.86659207449271,1.75533016643387
250,"Two-step",36,-1.10707216689134,-1.11300122826414
250,"Two-step",37,-1.06368901952037,-1.063458147987
250,"Two-step",38,0.453497983442279,0.405996149550714
250,"Two-step",39,-0.794592440363768,-0.800103981240122
250,"Two-step",40,-0.517598580533114,-0.544042740975602
250,"Two-step",41,-0.165255357566708,-0.193962384901834
250,"Two-step",42,0.429639117854098,0.379347734462837
250,"Two-step",43,0.908625780068067,0.836514551291418
250,"Two-step",44,0.225889330850301,0.17773008019127
250,"Two-step",45,-0.435446859393556,-0.456937485848884
250,"Two-step",46,-0.0758482454876877,-0.106861434743547
250,"Two-step",47,-0.951438987911442,-0.962784049677167
250,"Two-step",48,0.537976952550143,0.475952355294227
250,"Two-step",49,-0.381162221354468,-0.401493281808992
250,"Two-step",50,0.986439584577545,0.912663492666883
250,"Two-step",51,0.254496129509287,0.222988853264473
250,"Two-step",52,0.0776474616404438,0.0287540368676515
250,"Two-step",53,0.541172453790352,0.478491731998869
250,"Two-step",54,-0.589805649690899,-0.604918885639851
250,"Two-step",55,-0.506812345285106,-0.528795648060914
250,"Two-step",56,-1.15929723155353,-1.15017345145032
250,"Two-step",57,-1.74500338188268,-1.7244046333088
250,"Two-step",58,-0.359966111145914,-0.379810894846101
250,"Two-step",59,-0.323882722677526,-0.3588088349772
250,"Two-step",60,1.59019066305185,1.50035915481705
250,"Two-step",61,-1.47324589974923,-1.45316022087169
250,"Two-step",62,0.328275207271838,0.269836992725645
250,"Two-step",63,-1.0469704015311,-1.05516447281991
250,"Two-step",64,-0.731011699043878,-0.743702116154078
250,"Two-step",65,-1.58854210150439,-1.57445958557689
250,"Two-step",66,0.889091104193875,0.814129373717641
250,"Two-step",67,-2.19070699862308,-2.14803905117443
250,"Two-step",68,0.644963858594164,0.571024841812597
250,"Two-step",69,-1.28626371760427,-1.27050020182072
250,"Two-step",70,-1.26174239521615,-1.24712263669277
250,"Two-step",71,0.761364869502239,0.694466244131232
250,"Two-step",72,1.01093569865502,0.935096570142447
250,"Two-step",73,2.52037222921448,2.37828628961816
250,"Two-step",74,-0.26894373989809,-0.296357728386515
250,"Two-step",75,-1.25934851407767,-1.24869373241024
250,"Two-step",76,0.923204476574817,0.861688450943455
250,"Two-step",77,-0.553837851685927,-0.572662081564611
250,"Two-step",78,-0.0963598487498984,-0.134101871946569
250,"Two-step",79,-1.41308249129818,-1.38917667205951
250,"Two-step",80,-0.340533548031722,-0.356086054511075
250,"Two-step",81,1.3566979504685,1.25310374607984
250,"Two-step",82,1.14673193720323,1.06877769596266
250,"Two-step",83,0.420644480826199,0.363153113528677
250,"Two-step",84,-0.518241936260004,-0.546086807473683
250,"Two-step",85,-0.0853832856088157,-0.112649230893069
250,"Two-step",86,-0.766869770655369,-0.773958293197676
250,"Two-step",87,-0.678475711146632,-0.694729759217914
250,"Two-step",88,2.31061221579705,2.17287438129866
250,"Two-step",89,0.424747307872952,0.365728405257478
250,"Two-step",90,0.490527879536105,0.437561509323507
250,"Two-step",91,0.0125810693278383,-0.0293756376405913
250,"Two-step",92,1.4449662445023,1.3409814346749
250,"Two-step",93,-1.56295952934873,-1.54511286415737
250,"Two-step",94,0.127399062967602,0.0857302958266045
250,"Two-step",95,0.706532296111213,0.639189071091433
250,"Two-step",96,0.364551718618239,0.313011578358354
250,"Two-step",97,-0.445255244496745,-0.459114870303544
250,"Two-step",98,-0.326054114941688,-0.349957553231681
250,"Two-step",99,0.716953276319551,0.647054807625
250,"Two-step",100,-1.45437956199089,-1.44115021320192
250,"Two-step",101,1.00108107656037,0.932841386648443
250,"Two-step",102,1.05474329675532,0.974450093403284
250,"Two-step",103,-0.820655291830779,-0.828448410591884
250,"Two-step",104,-0.38354627328541,-0.403492782623911
250,"Two-step",105,0.122110920918142,0.0823561213571051
250,"Two-step",106,1.27207248652569,1.16714895087635
250,"Two-step",107,0.169718396291635,0.132971159397571
250,"Two-step",108,0.57763116839458,0.516870764228002
250,"Two-step",109,-0.489568492951194,-0.51054771405869
250,"Two-step",110,0.639019428006044,0.578095744022086
250,"Two-step",111,-0.985090541358659,-0.988092377477121
250,"Two-step",112,0.480160015615647,0.411993047660078
250,"Two-step",113,-0.869491192161722,-0.864440757297335
250,"Two-step",114,0.285359508917076,0.247186950547209
250,"Two-step",115,2.08296535847641,1.97220152602948
250,"Two-step",116,0.89686312775015,0.811586158411455
250,"Two-step",117,-1.32581853409343,-1.31464788499465
250,"Two-step",118,-1.37656036700126,-1.36550639590319
250,"Two-step",119,-0.740735828430593,-0.76456258862337
250,"Two-step",120,-0.443728816586336,-0.467368050645575
250,"Two-step",121,-1.2123202764586,-1.2084118998699
250,"Two-step",122,-0.353774216818635,-0.378641488689989
250,"Two-step",123,0.141524426830927,0.104979926126797
250,"Two-step",124,0.932730175408533,0.864461240646248
250,"Two-step",125,-0.0774658310754735,-0.117580934023635
250,"Two-step",126,-2.16874745332845,-2.12250914717003
250,"Two-step",127,-0.671018972636405,-0.678434574359818
250,"Two-step",128,0.868725780357559,0.794677510061382
250,"Two-step",129,1.69933669089961,1.59748570923344
250,"Two-step",130,-0.636961617683587,-0.662305266250685
250,"Two-step",131,-1.95506459772835,-1.91744532704933
250,"Two-step",132,1.16791292820042,1.07939691330766
250,"Two-step",133,-1.66700830296821,-1.64782246456693
250,"Two-step",134,0.29039510698406,0.233080352996454
250,"Two-step",135,-0.945447386462035,-0.943079719969512
250,"Two-step",136,0.186832359463771,0.132570410476077
250,"Two-step",137,0.366084040964864,0.310951859742802
250,"Two-step",138,-0.212154025198237,-0.242585823822688
250,"Two-step",139,0.141845209987892,0.0947593907236186
250,"Two-step",140,1.21339158208487,1.12122713756109
250,"Two-step",141,-0.239402642126084,-0.273991748386064
250,"Two-step",142,0.130173122633388,0.0887844178122963
250,"Two-step",143,0.0625603350798023,0.0199422850642885
250,"Two-step",144,-0.0662060599716901,-0.102406033135709
250,"Two-step",145,0.177063165862229,0.134972136707843
250,"Two-step",146,-0.974377490777987,-0.984143854973341
250,"Two-step",147,1.44862247348713,1.34341030785187
250,"Two-step",148,1.31006494157606,1.22932882231177
250,"Two-step",149,2.29913813396353,2.16843350545099
250,"Two-step",150,-0.0939150000876232,-0.130007688160012
250,"Two-step",151,-0.353861115951766,-0.370342828317605
250,"Two-step",152,0.110150994779555,0.0705343801357039
250,"Two-step",153,0.135520445448317,0.0975489832204551
250,"Two-step",154,1.32750376431087,1.22719391766251
250,"Two-step",155,-0.655672123870883,-0.659038801514899
250,"Two-step",156,-0.0658464042687878,-0.0984961644764817
250,"Two-step",157,-0.101003221739932,-0.128649683026814
250,"Two-step",158,-0.178339521371178,-0.215998313783403
250,"Two-step",159,1.00368782674954,0.932912448034975
250,"Two-step",160,3.07826523545436,2.92140004196489
250,"Two-step",161,1.95652173169222,1.83593174234748
250,"Two-step",162,1.36755950253134,1.27001707310384
250,"Two-step",163,0.696081581315001,0.635740619354973
250,"Two-step",164,0.315859309192956,0.259613212439419
250,"Two-step",165,1.88078073920398,1.74736867632736
250,"Two-step",166,-0.336102008119566,-0.364893649241432
250,"Two-step",167,-0.319791313454953,-0.335125533867854
250,"Two-step",168,-0.138672690528633,-0.171292051957376
250,"Two-step",169,-1.28516346226695,-1.27169733932412
250,"Two-step",170,-0.140380259806399,-0.17133654010281
250,"Two-step",171,0.475190017019127,0.413796828416019
250,"Two-step",172,0.724095049548798,0.653886476335094
250,"Two-step",173,-0.445673189621232,-0.471524240768885
250,"Two-step",174,1.04460632867886,0.96140434927288
250,"Two-step",175,0.716272116630614,0.658629906464455
250,"Two-step",176,0.58891165311058,0.519883983462352
250,"Two-step",177,0.539790471112159,0.476344882912419
250,"Two-step",178,0.526844979904595,0.471494920380576
250,"Two-step",179,1.31014478229541,1.21777648418299
250,"Two-step",180,-0.279709297674241,-0.295346705570937
250,"Two-step",181,2.73943488528088,2.59932763534865
250,"Two-step",182,1.04617509645055,0.966139248679424
250,"Two-step",183,0.563459944142541,0.499537012306449
250,"Two-step",184,0.0615272787605195,0.0206855476066963
250,"Two-step",185,-1.31491165356387,-1.29632981889931
250,"Two-step",186,1.30102421979057,1.21897976160675
250,"Two-step",187,1.30030188889676,1.21288995748566
250,"Two-step",188,1.41183877325828,1.33099178560569
250,"Two-step",189,-0.197849749578115,-0.233574532764471
250,"Two-step",190,-0.884170772881409,-0.887269212633239
250,"Two-step",191,-0.171522840031835,-0.198150426538659
250,"Two-step",192,0.443643389004123,0.38964752184087
250,"Two-step",193,1.65972712954965,1.55712835619352
250,"Two-step",194,-0.0917209808486194,-0.130331323766254
250,"Two-step",195,-1.05202593791329,-1.04794135808023
250,"Two-step",196,-0.508875593660915,-0.539937556117791
250,"Two-step",197,-1.1837872185407,-1.17231099251584
250,"Two-step",198,0.0565411850216657,0.00399189023714184
250,"Two-step",199,1.51013144245911,1.40988434162169
250,"Two-step",200,0.548607512976122,0.479849781403415
250,"Two-step",201,-0.152268258445629,-0.180600997785073
250,"Two-step",202,-1.38419936456793,-1.36680625393922
250,"Two-step",203,0.228068321379917,0.181622050878234
250,"Two-step",204,0.0139094172742899,-0.0379052669381393
250,"Two-step",205,0.675644109163337,0.605235605214951
250,"Two-step",206,-1.70471255763805,-1.67116327060962
250,"Two-step",207,-1.20136682395498,-1.19167982570184
250,"Two-step",208,-1.21445232502624,-1.21373351485127
250,"Two-step",209,0.297620708883824,0.253312573227744
250,"Two-step",210,0.885390708741356,0.806990983801424
250,"Two-step",211,1.45710310824161,1.36165341824284
250,"Two-step",212,1.15516704043897,1.06361216968822
250,"Two-step",213,0.339712510321569,0.285114245430049
250,"Two-step",214,0.339820120712665,0.286162457944185
250,"Two-step",215,-0.597938970423303,-0.607540221973104
250,"Two-step",216,0.840088420502931,0.759409484708816
250,"Two-step",217,0.901680361646163,0.818127542464368
250,"Two-step",218,0.502373772124382,0.436319814545253
250,"Two-step",219,-1.46199468624472,-1.43808416730658
250,"Two-step",220,-2.04470801782638,-1.99978491844185
250,"Two-step",221,1.76000491453777,1.65400113780119
250,"Two-step",222,0.980772211723992,0.894068670715844
250,"Two-step",223,0.622720051615614,0.549685484078178
250,"Two-step",224,0.83853631968861,0.764519524157185
250,"Two-step",225,-0.0351301604774374,-0.0808660500316174
250,"Two-step",226,0.838547252442013,0.756307564591445
250,"Two-step",227,-0.519977712482911,-0.53773380906656
250,"Two-step",228,-1.48512484579056,-1.46271440479573
250,"Two-step",229,1.28578082193632,1.19555889838652
250,"Two-step",230,0.149190394667387,0.0948332747842791
250,"Two-step",231,-1.38576275625955,-1.37173689666263
250,"Two-step",232,0.544512406700189,0.485044947427665
250,"Two-step",233,-0.261664233478873,-0.289514822764883
250,"Two-step",234,0.814126957191228,0.736822181661055
250,"Two-step",235,-1.0643775142066,-1.06641865151637
250,"Two-step",236,-1.17852790202891,-1.16060083470221
250,"Two-step",237,1.11860412266075,1.03472612739954
250,"Two-step",238,1.60540015735144,1.50046961020376
250,"Two-step",239,0.479361051111239,0.41621721222894
250,"Two-step",240,-0.360506783412709,-0.373314020437055
250,"Two-step",241,-1.15985064945634,-1.15280742927385
250,"Two-step",242,0.150859580012232,0.110881129526393
250,"Two-step",243,-0.564049192736329,-0.585886505445393
250,"Two-step",244,0.493519629192079,0.434991569274069
250,"Two-step",245,-1.75962179308508,-1.7235003086298
250,"Two-step",246,1.15403379146102,1.07247363181171
250,"Two-step",247,0.272969843566778,0.215546281050725
250,"Two-step",248,0.0949184463940393,0.0512461193568821
250,"Two-step",249,0.196890952924217,0.154539073001716
250,"Two-step",250,0.486163835917142,0.430336819693623
250,"Joint",1,-0.530974793405227,-0.529214404709471
250,"Joint",2,0.078701289424493,0.0334716529158499
250,"Joint",3,2.57797360409337,2.32840797856462
250,"Joint",4,0.517030455860629,0.448630403131619
250,"Joint",5,-0.0393167849805894,-0.0799654644820547
250,"Joint",6,-0.807997215945413,-0.779091241590506
250,"Joint",7,0.854568875048804,0.752881946800497
250,"Joint",8,0.267213867821109,0.211442660814209
250,"Joint",9,-0.999885096104557,-0.972136945433983
250,"Joint",10,-0.315097698317374,-0.330173878585522
250,"Joint",11,1.1867818107222,1.05763176791809
250,"Joint",12,-0.685803188176558,-0.673834235087158
250,"Joint",13,1.43500957696728,1.27073155337902
250,"Joint",14,-0.126108280946269,-0.154422713223989
250,"Joint",15,-0.329860576084776,-0.331461246736948
250,"Joint",16,0.436067655941652,0.364731864194827
250,"Joint",17,-0.920950903265458,-0.878430452025552
250,"Joint",18,-0.409436451728409,-0.41879994389016
250,"Joint",19,-0.0049910254238281,-0.0311554703682273
250,"Joint",20,-1.83943185793562,-1.74144239060524
250,"Joint",21,0.100153021116416,0.0512680432610454
250,"Joint",22,1.19708638894683,1.06614052675212
250,"Joint",23,-1.02691900407778,-0.976481184217616
250,"Joint",24,-1.84913434491339,-1.73045299330903
250,"Joint",25,-1.69606432238544,-1.58892662383679
250,"Joint",26,-1.26414311195628,-1.20491023124487
250,"Joint",27,1.08372873807061,0.953060626589608
250,"Joint",28,-1.91253606753507,-1.78857341968138
250,"Joint",29,-2.02372657207698,-1.90222704818653
250,"Joint",30,-0.144410854080117,-0.171049323873365
250,"Joint",31,-0.0616681842404689,-0.102181057444163
250,"Joint",32,0.322747475298192,0.258871191415835
250,"Joint",33,-1.71376853624414,-1.61363875656484
250,"Joint",34,-1.08997814666632,-1.04102500376699
250,"Joint",35,1.86659207449271,1.68284639665063
250,"Joint",36,-1.10707216689134,-1.06723830869525
250,"Joint",37,-1.06368901952037,-1.02025965393585
250,"Joint",38,0.453497983442279,0.389296361728978
250,"Joint",39,-0.794592440363768,-0.767602479906537
250,"Joint",40,-0.517598580533114,-0.520704556729722
250,"Joint",41,-0.165255357566708,-0.18769627479583
250,"Joint",42,0.429639117854098,0.363591233728065
250,"Joint",43,0.908625780068067,0.803032447972958
250,"Joint",44,0.225889330850301,0.170950464628901
250,"Joint",45,-0.435446859393556,-0.438245979336551
250,"Joint",46,-0.0758482454876877,-0.102869130299939
250,"Joint",47,-0.951438987911442,-0.923229679828563
250,"Joint",48,0.537976952550143,0.455320904751052
250,"Joint",49,-0.381162221354468,-0.383267977475605
250,"Joint",50,0.986439584577545,0.87545618234531
250,"Joint",51,0.254496129509287,0.212898925084233
250,"Joint",52,0.0776474616404438,0.0274652760544295
250,"Joint",53,0.541172453790352,0.458893266390026
250,"Joint",54,-0.589805649690899,-0.58034773084665
250,"Joint",55,-0.506812345285106,-0.506815348956921
250,"Joint",56,-1.15929723155353,-1.10375569752999
250,"Joint",57,-1.74500338188268,-1.65296279247
250,"Joint",58,-0.359966111145914,-0.365369959813982
250,"Joint",59,-0.323882722677526,-0.34342919445143
250,"Joint",60,1.59019066305185,1.43781833935926
250,"Joint",61,-1.47324589974923,-1.39454641191065
250,"Joint",62,0.328275207271838,0.260409780183908
250,"Joint",63,-1.0469704015311,-1.01118355082506
250,"Joint",64,-0.731011699043878,-0.71421902922387
250,"Joint",65,-1.58854210150439,-1.50892775818817
250,"Joint",66,0.889091104193875,0.780772800052823
250,"Joint",67,-2.19070699862308,-2.05922111160691
250,"Joint",68,0.644963858594164,0.547617146630923
250,"Joint",69,-1.28626371760427,-1.21824101026193
250,"Joint",70,-1.26174239521615,-1.1969214329937
250,"Joint",71,0.761364869502239,0.666412492739267
250,"Joint",72,1.01093569865502,0.896504617198285
250,"Joint",73,2.52037222921448,2.27966550627707
250,"Joint",74,-0.26894373989809,-0.283515896786787
250,"Joint",75,-1.25934851407767,-1.19750308981362
250,"Joint",76,0.923204476574817,0.826779337900552
250,"Joint",77,-0.553837851685927,-0.549393005997453
250,"Joint",78,-0.0963598487498984,-0.128646717614022
250,"Joint",79,-1.41308249129818,-1.33237637120976
250,"Joint",80,-0.340533548031722,-0.340505112437604
250,"Joint",81,1.3566979504685,1.20172238011943
250,"Joint",82,1.14673193720323,1.02396184327539
250,"Joint",83,0.420644480826199,0.349092134783218
250,"Joint",84,-0.518241936260004,-0.523195909418447
250,"Joint",85,-0.0853832856088157,-0.10833084270433
250,"Joint",86,-0.766869770655369,-0.74182110932513
250,"Joint",87,-0.678475711146632,-0.665950965182559
250,"Joint",88,2.31061221579705,2.08273846527163
250,"Joint",89,0.424747307872952,0.351163113316746
250,"Joint",90,0.490527879536105,0.419910706576686
250,"Joint",91,0.0125810693278383,-0.0286149619583548
250,"Joint",92,1.4449662445023,1.28504650998019
250,"Joint",93,-1.56295952934873,-1.48173871914531
250,"Joint",94,0.127399062967602,0.0814423610813698
250,"Joint",95,0.706532296111213,0.613370016743627
250,"Joint",96,0.364551718618239,0.300938473635183
250,"Joint",97,-0.445255244496745,-0.440452451643175
250,"Joint",98,-0.326054114941688,-0.336217671492542
250,"Joint",99,0.716953276319551,0.620380677963882
250,"Joint",100,-1.45437956199089,-1.38255835298247
250,"Joint",101,1.00108107656037,0.893870203806681
250,"Joint",102,1.05474329675532,0.934641862317902
250,"Joint",103,-0.820655291830779,-0.793584475906678
250,"Joint",104,-0.38354627328541,-0.387371025881001
250,"Joint",105,0.122110920918142,0.0788681656954622
250,"Joint",106,1.27207248652569,1.11932965859944
250,"Joint",107,0.169718396291635,0.126724483896531
250,"Joint",108,0.57763116839458,0.496173031202608
250,"Joint",109,-0.489568492951194,-0.490244265316137
250,"Joint",110,0.639019428006044,0.554696616671768
250,"Joint",111,-0.985090541358659,-0.947879881582438
250,"Joint",112,0.480160015615647,0.396198065431812
250,"Joint",113,-0.869491192161722,-0.826476721554172
250,"Joint",114,0.285359508917076,0.237045607560101
250,"Joint",115,2.08296535847641,1.8903449996422
250,"Joint",116,0.89686312775015,0.779386028299779
250,"Joint",117,-1.32581853409343,-1.26139305793896
250,"Joint",118,-1.37656036700126,-1.3097859948047
250,"Joint",119,-0.740735828430593,-0.732742818800556
250,"Joint",120,-0.443728816586336,-0.448015963072239
250,"Joint",121,-1.2123202764586,-1.15774560262806
250,"Joint",122,-0.353774216818635,-0.36322782738122
250,"Joint",123,0.141524426830927,0.100681017885921
250,"Joint",124,0.932730175408533,0.827964405026184
250,"Joint",125,-0.0774658310754735,-0.112473753120917
250,"Joint",126,-2.16874745332845,-2.03507342883186
250,"Joint",127,-0.671018972636405,-0.652339194909199
250,"Joint",128,0.868725780357559,0.762138864131639
250,"Joint",129,1.69933669089961,1.53126424795421
250,"Joint",130,-0.636961617683587,-0.633545707188336
250,"Joint",131,-1.95506459772835,-1.83734829362452
250,"Joint",132,1.16791292820042,1.03492025799158
250,"Joint",133,-1.66700830296821,-1.58008830664309
250,"Joint",134,0.29039510698406,0.222589467677845
250,"Joint",135,-0.945447386462035,-0.905187013377825
250,"Joint",136,0.186832359463771,0.127217142845165
250,"Joint",137,0.366084040964864,0.298952608728331
250,"Joint",138,-0.212154025198237,-0.232899754017113
250,"Joint",139,0.141845209987892,0.0912105296638475
250,"Joint",140,1.21339158208487,1.07446364859424
250,"Joint",141,-0.239402642126084,-0.264665751477303
250,"Joint",142,0.130173122633388,0.0855079211520368
250,"Joint",143,0.0625603350798023,0.0205737061921304
250,"Joint",144,-0.0662060599716901,-0.0978431054186836
250,"Joint",145,0.177063165862229,0.127936434373004
250,"Joint",146,-0.974377490777987,-0.943695577802729
250,"Joint",147,1.44862247348713,1.28746396535905
250,"Joint",148,1.31006494157606,1.17829807335627
250,"Joint",149,2.29913813396353,2.07875953674168
250,"Joint",150,-0.0939150000876232,-0.124642721018775
250,"Joint",151,-0.353861115951766,-0.356484479075179
250,"Joint",152,0.110150994779555,0.0661920125109025
250,"Joint",153,0.135520445448317,0.0935509223311092
250,"Joint",154,1.32750376431087,1.17586061826316
250,"Joint",155,-0.655672123870883,-0.631142855102572
250,"Joint",156,-0.0658464042687878,-0.0945339713456745
250,"Joint",157,-0.101003221739932,-0.124826127223991
250,"Joint",158,-0.178339521371178,-0.207469935225293
250,"Joint",159,1.00368782674954,0.893524059766763
250,"Joint",160,3.07826523545436,2.79959712677014
250,"Joint",161,1.95652173169222,1.76028743711823
250,"Joint",162,1.36755950253134,1.21759806600686
250,"Joint",163,0.696081581315001,0.609513649856599
250,"Joint",164,0.315859309192956,0.248896706953472
250,"Joint",165,1.88078073920398,1.67526145657058
250,"Joint",166,-0.336102008119566,-0.351569083754115
250,"Joint",167,-0.319791313454953,-0.321120936501022
250,"Joint",168,-0.138672690528633,-0.164496021663294
250,"Joint",169,-1.28516346226695,-1.2193036527482
250,"Joint",170,-0.140380259806399,-0.164779084729667
250,"Joint",171,0.475190017019127,0.397478664185807
250,"Joint",172,0.724095049548798,0.626405205341438
250,"Joint",173,-0.445673189621232,-0.451083908276936
250,"Joint",174,1.04460632867886,0.921729646819804
250,"Joint",175,0.716272116630614,0.631337674961054
250,"Joint",176,0.58891165311058,0.498855553803786
250,"Joint",177,0.539790471112159,0.456751986280559
250,"Joint",178,0.526844979904595,0.451596604336034
250,"Joint",179,1.31014478229541,1.1680736115217
250,"Joint",180,-0.279709297674241,-0.284441260497952
250,"Joint",181,2.73943488528088,2.49119423008691
250,"Joint",182,1.04617509645055,0.926340144881271
250,"Joint",183,0.563459944142541,0.479438024499361
250,"Joint",184,0.0615272787605195,0.0194997648636737
250,"Joint",185,-1.31491165356387,-1.24396403595319
250,"Joint",186,1.30102421979057,1.16923391089339
250,"Joint",187,1.30030188889676,1.16370801852376
250,"Joint",188,1.41183877325828,1.27674628508415
250,"Joint",189,-0.197849749578115,-0.223936779538441
250,"Joint",190,-0.884170772881409,-0.850386735764087
250,"Joint",191,-0.171522840031835,-0.190558623106446
250,"Joint",192,0.443643389004123,0.374906952392481
250,"Joint",193,1.65972712954965,1.4923715603961
250,"Joint",194,-0.0917209808486194,-0.1246176044295
250,"Joint",195,-1.05202593791329,-1.00434183782619
250,"Joint",196,-0.508875593660915,-0.518151606097165
250,"Joint",197,-1.1837872185407,-1.12390622328314
250,"Joint",198,0.0565411850216657,0.00431753627575627
250,"Joint",199,1.51013144245911,1.35071806776125
250,"Joint",200,0.548607512976122,0.459545674345273
250,"Joint",201,-0.152268258445629,-0.172948225252037
250,"Joint",202,-1.38419936456793,-1.31054452015368
250,"Joint",203,0.228068321379917,0.175002231189768
250,"Joint",204,0.0139094172742899,-0.0365744627683953
250,"Joint",205,0.675644109163337,0.578827389257967
250,"Joint",206,-1.70471255763805,-1.60268518321246
250,"Joint",207,-1.20136682395498,-1.14253604027365
250,"Joint",208,-1.21445232502624,-1.16594353826612
250,"Joint",209,0.297620708883824,0.244255619923309
250,"Joint",210,0.885390708741356,0.773359362394254
250,"Joint",211,1.45710310824161,1.30600441953459
250,"Joint",212,1.15516704043897,1.02009900742106
250,"Joint",213,0.339712510321569,0.275226764393257
250,"Joint",214,0.339820120712665,0.273173003796161
250,"Joint",215,-0.597938970423303,-0.58430618041676
250,"Joint",216,0.840088420502931,0.728505153994879
250,"Joint",217,0.901680361646163,0.784976667759237
250,"Joint",218,0.502373772124382,0.418279805638024
250,"Joint",219,-1.46199468624472,-1.37840749540794
250,"Joint",220,-2.04470801782638,-1.91798181670567
250,"Joint",221,1.76000491453777,1.58484493072739
250,"Joint",222,0.980772211723992,0.857315782713196
250,"Joint",223,0.622720051615614,0.528182524653987
250,"Joint",224,0.83853631968861,0.732537683637434
250,"Joint",225,-0.0351301604774374,-0.076660237090014
250,"Joint",226,0.838547252442013,0.725314952732811
250,"Joint",227,-0.519977712482911,-0.515834783361961
250,"Joint",228,-1.48512484579056,-1.40169529782851
250,"Joint",229,1.28578082193632,1.14661625334106
250,"Joint",230,0.149190394667387,0.0908096085331515
250,"Joint",231,-1.38576275625955,-1.31547728136211
250,"Joint",232,0.544512406700189,0.466607817239334
250,"Joint",233,-0.261664233478873,-0.277196314969227
250,"Joint",234,0.814126957191228,0.707788427735709
250,"Joint",235,-1.0643775142066,-1.02241264959278
250,"Joint",236,-1.17852790202891,-1.11308755902447
250,"Joint",237,1.11860412266075,0.991782700237097
250,"Joint",238,1.60540015735144,1.43818858814093
250,"Joint",239,0.479361051111239,0.398529912464185
250,"Joint",240,-0.360506783412709,-0.35952121676878
250,"Joint",241,-1.15985064945634,-1.10676869944568
250,"Joint",242,0.150859580012232,0.107614480047443
250,"Joint",243,-0.564049192736329,-0.560970473112673
250,"Joint",244,0.493519629192079,0.417154653397972
250,"Joint",245,-1.75962179308508,-1.65228104156018
250,"Joint",246,1.15403379146102,1.02754699564914
250,"Joint",247,0.272969843566778,0.207129644240039
250,"Joint",248,0.0949184463940393,0.0489501742392034
250,"Joint",249,0.196890952924217,0.147957698092439
250,"Joint",250,0.486163835917142,0.412571961878989
500,"Two-step",1,0.0921445997395763,0.103809878119258
500,"Two-step",2,1.13553731919393,1.13251635612768
500,"Two-step",3,-0.752865273930161,-0.733154137622731
500,"Two-step",4,0.224753814706789,0.234793629212229
500,"Two-step",5,-1.46883876739631,-1.45910759847254
500,"Two-step",6,-0.183263152296736,-0.182832875068862
500,"Two-step",7,-0.507397433491769,-0.505024107164699
500,"Two-step",8,-1.03705028396865,-1.02813808263569
500,"Two-step",9,0.393645327774263,0.406720107039199
500,"Two-step",10,0.296093100979102,0.293263235123158
500,"Two-step",11,-0.440297682382621,-0.426977835865966
500,"Two-step",12,1.84154817504466,1.83976660158307
500,"Two-step",13,-0.881161409592314,-0.864767410519758
500,"Two-step",14,1.62256536586184,1.61708245164976
500,"Two-step",15,-0.0664363145095985,-0.0465618414809404
500,"Two-step",16,-0.295601809281742,-0.29356109527616
500,"Two-step",17,0.0564969361932482,0.0444190485706033
500,"Two-step",18,1.34939790390062,1.34277837161419
500,"Two-step",19,1.03160710241763,1.02872960439486
500,"Two-step",20,-1.29214190692037,-1.2686310727449
500,"Two-step",21,1.24618926410418,1.24032116711913
500,"Two-step",22,-0.289247686958093,-0.279340824598914
500,"Two-step",23,-0.406885316976139,-0.406137682804688
500,"Two-step",24,1.24031873747266,1.2376079251718
500,"Two-step",25,0.523784099374016,0.535479436089991
500,"Two-step",26,0.715258682156631,0.708397984614621
500,"Two-step",27,-0.060302806517356,-0.0483011110202431
500,"Two-step",28,0.42759898320795,0.427915728459308
500,"Two-step",29,-1.34755488673019,-1.35139623240123
500,"Two-step",30,2.03857538469408,2.03540735844693
500,"Two-step",31,0.41526262589544,0.422503338428807
500,"Two-step",32,-0.713279439799062,-0.704352327724651
500,"Two-step",33,0.635910041716338,0.643121176415385
500,"Two-step",34,1.12215717059156,1.12038027568847
500,"Two-step",35,0.872093591567667,0.87534283039682
500,"Two-step",36,0.317529066701912,0.314395754810778
500,"Two-step",37,-0.349984848490549,-0.334338293933519
500,"Two-step",38,-1.59233014838303,-1.59448454073751
500,"Two-step",39,1.01470552378226,1.01572220818491
500,"Two-step",40,-0.0498310061246966,-0.0390255577142121
500,"Two-step",41,1.89556804398602,1.89159834409676
500,"Two-step",42,-0.970376641656349,-0.960819975954852
500,"Two-step",43,0.653625353332554,0.673432424895883
500,"Two-step",44,-0.581241730525178,-0.579477319044754
500,"Two-step",45,-1.64537369391546,-1.62717153277958
500,"Two-step",46,1.24707318038055,1.24206382002685
500,"Two-step",47,0.471845116486621,0.469650007435251
500,"Two-step",48,-0.0648531518326948,-0.0647228261849426
500,"Two-step",49,-0.840657311065866,-0.835052928550132
500,"Two-step",50,0.0381700078317262,0.0358958379217322
500,"Two-step",51,-0.26657006206433,-0.248019291539073
500,"Two-step",52,0.458604608824007,0.473509650180807
500,"Two-step",53,0.866469796064908,0.867019072843317
500,"Two-step",54,0.117182709428508,0.125161312197791
500,"Two-step",55,1.30050204006095,1.28491095697517
500,"Two-step",56,1.08206983232881,1.08901010775295
500,"Two-step",57,0.715763996561341,0.706825648404426
500,"Two-step",58,0.907724950707028,0.916201129911188
500,"Two-step",59,1.00273635273981,1.0093568690775
500,"Two-step",60,-0.724193289778101,-0.708008590384142
500,"Two-step",61,-1.32248986535693,-1.31559029536006
500,"Two-step",62,-0.694957526515305,-0.697560137497541
500,"Two-step",63,0.106664664208774,0.102249742990443
500,"Two-step",64,-2.20729573647054,-2.1823390612266
500,"Two-step",65,0.848365743711427,0.851581431392712
500,"Two-step",66,0.335609496166793,0.32872812122371
500,"Two-step",67,-2.15098189348174,-2.13422530799471
500,"Two-step",68,-0.55131031303312,-0.546369117656637
500,"Two-step",69,-0.0620207678550529,-0.060948506293599
500,"Two-step",70,0.218725925802299,0.225072060475088
500,"Two-step",71,-1.45970147158124,-1.4453906144997
500,"Two-step",72,-1.03696771023324,-1.02634349983575
500,"Two-step",73,-0.0352397279206394,-0.0396442804688716
500,"Two-step",74,-1.49525479846667,-1.48696085169414
500,"Two-step",75,0.461469793772577,0.461779584782871
500,"Two-step",76,1.08165919727198,1.07433854717118
500,"Two-step",77,0.755625222216352,0.754961429213091
500,"Two-step",78,0.826268700693178,0.823724917683343
500,"Two-step",79,-0.473762373082607,-0.470868173326736
500,"Two-step",80,-0.173098435087034,-0.182635623733088
500,"Two-step",81,-0.369154771788631,-0.381141959403985
500,"Two-step",82,-1.06109378441903,-1.04598268902702
500,"Two-step",83,1.07311893198773,1.07714666509635
500,"Two-step",84,1.38525264285222,1.38355571906061
500,"Two-step",85,1.04371247454857,1.04035588373446
500,"Two-step",86,-0.64291413982517,-0.635696436850794
500,"Two-step",87,0.957858185059974,0.956831105455926
500,"Two-step",88,0.281411916562811,0.280199435691471
500,"Two-step",89,0.320976868024415,0.324477012098902
500,"Two-step",90,0.50033404535256,0.500378780576265
500,"Two-step",91,0.261937135063576,0.254644636745608
500,"Two-step",92,-1.11190413050418,-1.10730738052036
500,"Two-step",93,-0.902283753860094,-0.897302932016077
500,"Two-step",94,-1.83868026090892,-1.82196637390107
500,"Two-step",95,0.894139846087386,0.885940969159669
500,"Two-step",96,0.159531443078894,0.163811279321228
500,"Two-step",97,-2.35927586570459,-2.34373901736138
500,"Two-step",98,-1.87804058582499,-1.85648051466947
500,"Two-step",99,-0.301761478597733,-0.294864323769509
500,"Two-step",100,-1.06678266408303,-1.05400893904801
500,"Two-step",101,-1.05580503089581,-1.04090777369901
500,"Two-step",102,0.623206657634192,0.620109794653808
500,"Two-step",103,0.540771869681577,0.547105648608518
500,"Two-step",104,0.373688511694056,0.374115120468549
500,"Two-step",105,-0.228947931668254,-0.218380868525792
500,"Two-step",106,0.764609497776462,0.766492218947494
500,"Two-step",107,-1.33010204280524,-1.33566702674266
500,"Two-step",108,-0.150402724965457,-0.138607534808827
500,"Two-step",109,0.421075309120156,0.420894444746537
500,"Two-step",110,-0.371600175007372,-0.364254524270228
500,"Two-step",111,-1.43590482600875,-1.42223410597266
500,"Two-step",112,-0.195021915980369,-0.194182762498393
500,"Two-step",113,-0.288719717548731,-0.284556153942552
500,"Two-step",114,0.842419629665191,0.845481191753151
500,"Two-step",115,-0.121744327751206,-0.11514062090796
500,"Two-step",116,0.295710649084831,0.293107849938647
500,"Two-step",117,0.639706907103095,0.651843190678676
500,"Two-step",118,0.303344186913778,0.303925716917568
500,"Two-step",119,-0.0901777494696423,-0.0896665716726011
500,"Two-step",120,-0.202708521048524,-0.197367690095047
500,"Two-step",121,-0.970435589574259,-0.9526766889961
500,"Two-step",122,-0.800216314713835,-0.79835927941391
500,"Two-step",123,-1.13431855473837,-1.12125465370499
500,"Two-step",124,0.918569822817796,0.922208724572895
500,"Two-step",125,-1.54392887913071,-1.53441574119205
500,"Two-step",126,-0.498730554297739,-0.494021138188171
500,"Two-step",127,-0.635148654690056,-0.632863751671171
500,"Two-step",128,0.224467281107168,0.229312528977312
500,"Two-step",129,1.42125285496173,1.41926998173506
500,"Two-step",130,1.60142148082643,1.59347778076518
500,"Two-step",131,-1.16561820048291,-1.14443775892095
500,"Two-step",132,0.932277999375345,0.939492422174248
500,"Two-step",133,0.200231576752228,0.203306974465139
500,"Two-step",134,0.733786818937531,0.756354948696231
500,"Two-step",135,-0.183822483922735,-0.187610936252399
500,"Two-step",136,0.439007136673379,0.435629019167682
500,"Two-step",137,-0.566982781925826,-0.561963591703284
500,"Two-step",138,0.849575553199231,0.871981426498029
500,"Two-step",139,1.95210775295939,1.95409863196305
500,"Two-step",140,-1.32626313044044,-1.31503323907653
500,"Two-step",141,0.938638574333875,0.946294369534924
500,"Two-step",142,-1.26720714527436,-1.26596089220553
500,"Two-step",143,-0.689385169758458,-0.677917675064982
500,"Two-step",144,1.49167194190328,1.49533335233676
500,"Two-step",145,-0.765100728028789,-0.751493418249334
500,"Two-step",146,-0.776241722955716,-0.755354834816946
500,"Two-step",147,-0.147944885206253,-0.140280796574914
500,"Two-step",148,0.968806294655882,0.970962963548521
500,"Two-step",149,0.202676148165033,0.211449516822926
500,"Two-step",150,-0.90202318746102,-0.891318616986146
500,"Two-step",151,0.646836307086781,0.651662970763396
500,"Two-step",152,-0.57517991671003,-0.574838223009333
500,"Two-step",153,0.961680202100054,0.961032811591022
500,"Two-step",154,-1.88876905923101,-1.86571817601337
500,"Two-step",155,1.57401845860788,1.57058399967304
500,"Two-step",156,-2.20287608165817,-2.18584670578262
500,"Two-step",157,0.609984486495007,0.603888990072835
500,"Two-step",158,0.218976995878157,0.223092821407279
500,"Two-step",159,1.35702221053345,1.35462342933386
500,"Two-step",160,-2.175299468025,-2.16517918045602
500,"Two-step",161,1.5168191836212,1.51481386583249
500,"Two-step",162,-0.910951717845914,-0.899069315348697
500,"Two-step",163,0.892275946866189,0.901658093832157
500,"Two-step",164,1.10482138901022,1.10448846930801
500,"Two-step",165,0.228324968948892,0.233913057138237
500,"Two-step",166,0.711096152838906,0.712354570718096
500,"Two-step",167,-0.734115663708705,-0.724603305230924
500,"Two-step",168,0.21582428813483,0.222749695127786
500,"Two-step",169,-0.583778340513459,-0.574762309256366
500,"Two-step",170,1.26655761163555,1.25792908524947
500,"Two-step",171,-1.69385713426239,-1.69222428119632
500,"Two-step",172,1.0096831486256,1.0113510046762
500,"Two-step",173,2.46945471251077,2.45323304904339
500,"Two-step",174,1.02729948140853,1.0241179767665
500,"Two-step",175,-0.152675132871603,-0.145324424129457
500,"Two-step",176,-2.06887556490479,-2.05814547898812
500,"Two-step",177,-0.222593511262989,-0.211957065058469
500,"Two-step",178,-1.34106572709767,-1.33011658025091
500,"Two-step",179,0.133534240593034,0.144674774260729
500,"Two-step",180,-0.0875302636253779,-0.0864128401540435
500,"Two-step",181,0.187004646220215,0.187395029243265
500,"Two-step",182,1.733789806416,1.71980847726034
500,"Two-step",183,1.33185124256415,1.32549536796139
500,"Two-step",184,-0.81593937424979,-0.79428691695384
500,"Two-step",185,-0.918991177240831,-0.905375468267477
500,"Two-step",186,-0.385107082224451,-0.370476934422826
500,"Two-step",187,-1.21368936251527,-1.18634706518134
500,"Two-step",188,0.265497427622402,0.27112111397254
500,"Two-step",189,2.20328079204343,2.20258740987422
500,"Two-step",190,-0.613149310749303,-0.611447571292628
500,"Two-step",191,-0.322730801216036,-0.315491693718771
500,"Two-step",192,0.64006136963475,0.643211128688566
500,"Two-step",193,0.63118466344674,0.638876204671418
500,"Two-step",194,2.250736231676,2.24467312975485
500,"Two-step",195,0.156496943347982,0.161873908331526
500,"Two-step",196,-0.700079181072051,-0.692426280458707
500,"Two-step",197,0.595119466913509,0.601359780573245
500,"Two-step",198,0.767846643874049,0.773137864528674
500,"Two-step",199,0.375834538118222,0.370183089194853
500,"Two-step",200,-2.30794710048938,-2.29135706451803
500,"Two-step",201,0.291725344073414,0.304932026596315
500,"Two-step",202,0.198781579868322,0.21117481171446
500,"Two-step",203,-1.05790558662468,-1.05401747104104
500,"Two-step",204,1.18465965580379,1.18726365182347
500,"Two-step",205,-0.235510347140469,-0.246237602447253
500,"Two-step",206,0.0526677020355274,0.0622386433635105
500,"Two-step",207,0.0908556851630183,0.0913113283110018
500,"Two-step",208,0.179265477168347,0.175264005562746
500,"Two-step",209,0.213266746925805,0.225650900953956
500,"Two-step",210,1.15916550251848,1.15385225614371
500,"Two-step",211,1.0628992989265,1.06069733217877
500,"Two-step",212,0.880719009462411,0.883921181720977
500,"Two-step",213,0.323940200783506,0.323161207175725
500,"Two-step",214,0.544348855242948,0.53209854699516
500,"Two-step",215,0.918651687411005,0.919852308404319
500,"Two-step",216,0.0365962446170157,0.0555757497033499
500,"Two-step",217,-0.223824966592379,-0.218020321512182
500,"Two-step",218,2.25887722443404,2.25837534117179
500,"Two-step",219,-0.288594441059782,-0.287368625235627
500,"Two-step",220,-0.154274525726775,-0.151323965370147
500,"Two-step",221,-0.367131368547637,-0.359346569294933
500,"Two-step",222,-0.145423390925032,-0.141713653590089
500,"Two-step",223,-0.448003466744241,-0.444995149118642
500,"Two-step",224,-1.09814769923152,-1.09596837166046
500,"Two-step",225,1.79357613052105,1.79350090091826
500,"Two-step",226,-0.55061415890078,-0.543564996036158
500,"Two-step",227,-1.33947523258149,-1.32840584193184
500,"Two-step",228,-0.760376296125418,-0.754546088949157
500,"Two-step",229,0.175884080265498,0.181563588294456
500,"Two-step",230,0.588975005537863,0.589908817502194
500,"Two-step",231,1.79542459237774,1.78956791079289
500,"Two-step",232,-0.815622212793321,-0.797364229969955
500,"Two-step",233,2.00386134431471,2.00766927181113
500,"Two-step",234,0.677554013514914,0.67558773301232
500,"Two-step",235,-0.91365602222795,-0.90744691856547
500,"Two-step",236,-0.178316625206445,-0.165903906719386
500,"Two-step",237,2.09872252320191,2.08179938421623
500,"Two-step",238,0.116034745072336,0.117292237846204
500,"Two-step",239,0.853301029385411,0.846057721001789
500,"Two-step",240,-1.08327535612095,-1.06791445657362
500,"Two-step",241,0.879593937516587,0.887937585273681
500,"Two-step",242,-0.843624999902279,-0.835603697831292
500,"Two-step",243,1.16898265867892,1.1701258456455
500,"Two-step",244,-0.836020007788925,-0.832873908861834
500,"Two-step",245,-1.93765555056651,-1.91980972304407
500,"Two-step",246,-1.05828474772434,-1.04992670745028
500,"Two-step",247,0.822743364341521,0.820357609548012
500,"Two-step",248,-0.641707496155932,-0.625020865228408
500,"Two-step",249,0.654229810676284,0.645787967512135
500,"Two-step",250,-1.29061872851367,-1.28995173404618
500,"Two-step",251,0.906938820806451,0.905163042462826
500,"Two-step",252,-1.36807122836381,-1.34745694347103
500,"Two-step",253,-1.81575535025483,-1.80518122973968
500,"Two-step",254,0.406638347497995,0.41669439828329
500,"Two-step",255,-0.00486091445217683,-0.00409257334184363
500,"Two-step",256,-0.938822172007189,-0.930808931607817
500,"Two-step",257,-0.220785925318835,-0.218214688217388
500,"Two-step",258,0.0133431527456739,0.0190698476875381
500,"Two-step",259,0.198955776831843,0.21077184781291
500,"Two-step",260,1.23961193918932,1.23696443948303
500,"Two-step",261,-1.68560390148426,-1.66807719035648
500,"Two-step",262,0.182896797658902,0.199016838335862
500,"Two-step",263,0.861324481951343,0.873061602708974
500,"Two-step",264,0.789260652080307,0.787495433803731
500,"Two-step",265,-0.015710649810156,-0.00273270147696358
500,"Two-step",266,-0.622950170262209,-0.607119670522114
500,"Two-step",267,0.685164645585087,0.687459143403259
500,"Two-step",268,-0.266257509614322,-0.257804386705718
500,"Two-step",269,-0.806083638499344,-0.793737489291762
500,"Two-step",270,0.3109102071697,0.315034108615802
500,"Two-step",271,-1.60653840570983,-1.59659485068794
500,"Two-step",272,-0.338083182837075,-0.328523306720822
500,"Two-step",273,-0.00638096476885812,0.00145218925879639
500,"Two-step",274,0.0877926819150792,0.0915260853028075
500,"Two-step",275,-1.08290277350537,-1.06678960616859
500,"Two-step",276,-1.52543867019803,-1.51564168671539
500,"Two-step",277,0.800769268313173,0.807102126864081
500,"Two-step",278,-0.620113470608675,-0.61888324775675
500,"Two-step",279,0.491977342883143,0.486933270205965
500,"Two-step",280,0.0375171142047644,0.0477891167688498
500,"Two-step",281,0.0383929339499716,0.0531948279091129
500,"Two-step",282,-0.491284964500127,-0.476815415721879
500,"Two-step",283,-0.562485862318499,-0.559774431907733
500,"Two-step",284,-0.962849656634665,-0.948667656305145
500,"Two-step",285,1.00105346006067,0.999675892175088
500,"Two-step",286,0.30367251619521,0.307600047815316
500,"Two-step",287,0.43920251802972,0.451389912217972
500,"Two-step",288,-1.01001417038335,-0.99757872873213
500,"Two-step",289,-1.12354613480103,-1.10985192647266
500,"Two-step",290,2.9574712479519,2.94792011874886
500,"Two-step",291,0.0256568565802886,0.0414387338167166
500,"Two-step",292,-0.32528030800094,-0.323199120420146
500,"Two-step",293,0.83567801513333,0.836709983332555
500,"Two-step",294,1.7277943018329,1.72127595049683
500,"Two-step",295,-0.50571522340537,-0.505603203941812
500,"Two-step",296,0.205328297268975,0.211932772705226
500,"Two-step",297,0.194107759221163,0.211613224221012
500,"Two-step",298,-0.392179039391775,-0.388427074789112
500,"Two-step",299,0.258752797400802,0.265773144039226
500,"Two-step",300,-0.0525452354829314,-0.0445044950660238
500,"Two-step",301,-1.78861480347462,-1.78201899815954
500,"Two-step",302,1.14270855082497,1.14834640444741
500,"Two-step",303,0.162623411210247,0.165906302967464
500,"Two-step",304,-1.06655860940291,-1.05564975450909
500,"Two-step",305,1.59480855636512,1.59909120580644
500,"Two-step",306,-0.807346643945574,-0.793533064138061
500,"Two-step",307,0.295875033748383,0.297038950252056
500,"Two-step",308,-0.68274589522454,-0.677671316310518
500,"Two-step",309,0.575787787417316,0.583271637198698
500,"Two-step",310,0.0483686683515929,0.0625642423884696
500,"Two-step",311,-0.555366671357299,-0.54543790881298
500,"Two-step",312,0.458866186406032,0.455610181791876
500,"Two-step",313,0.393077437020839,0.388895786496117
500,"Two-step",314,0.505948065746051,0.517657390155713
500,"Two-step",315,-2.65257012591784,-2.63564804130859
500,"Two-step",316,-1.44665760197185,-1.41931061641137
500,"Two-step",317,2.34446280407991,2.3459192186737
500,"Two-step",318,0.493551716139229,0.499312874336111
500,"Two-step",319,-0.385428988561079,-0.358344409502102
500,"Two-step",320,-0.767274584222757,-0.749318458583704
500,"Two-step",321,-1.20536145767782,-1.19281218493753
500,"Two-step",322,0.190602502415598,0.197988400810339
500,"Two-step",323,0.310366117548937,0.310990759597611
500,"Two-step",324,0.303198778071167,0.30467743200511
500,"Two-step",325,-1.91858436257214,-1.91110060965634
500,"Two-step",326,0.677661779559364,0.68125954245991
500,"Two-step",327,-1.13203058705615,-1.11741790949418
500,"Two-step",328,-0.222006654273432,-0.206266787610121
500,"Two-step",329,-0.0231652557007842,-0.0196106988867796
500,"Two-step",330,-0.176226634875122,-0.167331230593135
500,"Two-step",331,-0.750411878893258,-0.746739860276527
500,"Two-step",332,-1.71844923935053,-1.70703698697647
500,"Two-step",333,-0.829497093793292,-0.824814570226215
500,"Two-step",334,-0.675206515764235,-0.666799976961592
500,"Two-step",335,-0.393302678414328,-0.385516414762366
500,"Two-step",336,-1.36345376215516,-1.3435117846553
500,"Two-step",337,0.58159615071762,0.574671959122972
500,"Two-step",338,-0.250352527433592,-0.239440633281744
500,"Two-step",339,0.45660959486404,0.460792971952302
500,"Two-step",340,0.563608836459855,0.572052413361871
500,"Two-step",341,0.0838995417879077,0.0910539531557789
500,"Two-step",342,0.904324090271208,0.910194220452217
500,"Two-step",343,0.872609688424651,0.869500405775581
500,"Two-step",344,-0.082756564426592,-0.0766501951432552
500,"Two-step",345,-0.0293365932323782,-0.0195326965934615
500,"Two-step",346,0.960834569796785,0.961351402585851
500,"Two-step",347,-1.14495582225263,-1.14239357705041
500,"Two-step",348,-0.299790396119907,-0.296451787980074
500,"Two-step",349,1.33411529237091,1.32858414116656
500,"Two-step",350,-1.17675797587693,-1.16534097387667
500,"Two-step",351,-0.00583055896742622,-0.00442483214356784
500,"Two-step",352,0.461141577508374,0.467273718706303
500,"Two-step",353,0.575934952544473,0.579950330961658
500,"Two-step",354,1.05085817374512,1.05261586320268
500,"Two-step",355,-0.427787963235514,-0.423715489137455
500,"Two-step",356,-0.154526280777274,-0.146286033202398
500,"Two-step",357,1.51743829684473,1.51884557724515
500,"Two-step",358,-0.571818942982826,-0.56566883978558
500,"Two-step",359,-0.861168622742363,-0.848265762998266
500,"Two-step",360,0.452006306740898,0.463762390855155
500,"Two-step",361,-0.660210081389185,-0.642801909932903
500,"Two-step",362,1.41286588647363,1.40905788043577
500,"Two-step",363,-1.58660481932515,-1.57946649434005
500,"Two-step",364,1.57454188920033,1.56179530834045
500,"Two-step",365,-0.125550060439782,-0.121598944219283
500,"Two-step",366,0.373997390461875,0.377480372436703
500,"Two-step",367,0.362000556869772,0.362583679351786
500,"Two-step",368,1.2226449645852,1.22769090984674
500,"Two-step",369,1.09299220974093,1.0929134700691
500,"Two-step",370,0.345936859965011,0.362853230249489
500,"Two-step",371,0.0848602660942852,0.0872682106509782
500,"Two-step",372,1.6334261717306,1.62995321064195
500,"Two-step",373,-0.526695898985039,-0.524766219003036
500,"Two-step",374,-1.39347572559599,-1.37652858655258
500,"Two-step",375,-2.55462040365051,-2.53533026013711
500,"Two-step",376,0.0963005992548408,0.102084158969337
500,"Two-step",377,-1.56507348520901,-1.54791364908052
500,"Two-step",378,-0.0987587355075893,-0.0951698843743499
500,"Two-step",379,-0.0467434530384265,-0.0444151461982903
500,"Two-step",380,0.670556120920233,0.668051435744722
500,"Two-step",381,0.482390281740385,0.48232594720756
500,"Two-step",382,0.250177241951563,0.246389194499117
500,"Two-step",383,-0.983096732782605,-0.976148094291069
500,"Two-step",384,2.17964841451555,2.17132595360435
500,"Two-step",385,-0.29670214054952,-0.292693016176834
500,"Two-step",386,-0.0123767491511556,-0.0010594076375042
500,"Two-step",387,-1.39675116489677,-1.38788670019702
500,"Two-step",388,-1.33858720473925,-1.3301223623481
500,"Two-step",389,-2.09717518656819,-2.08869662689342
500,"Two-step",390,-1.3570554749685,-1.34041669161757
500,"Two-step",391,-1.76637102832768,-1.74751012810581
500,"Two-step",392,0.236788501102368,0.237077945517315
500,"Two-step",393,-0.143782087040652,-0.139518954103034
500,"Two-step",394,-0.892796859839998,-0.885705798587963
500,"Two-step",395,-0.405073518716158,-0.394575870255058
500,"Two-step",396,0.501222536521479,0.503772502522235
500,"Two-step",397,2.06654688641097,2.05462415327256
500,"Two-step",398,0.718333401706543,0.71581121725616
500,"Two-step",399,-0.871732087921523,-0.851813710411393
500,"Two-step",400,0.572145803305872,0.573657509141461
500,"Two-step",401,1.12711309392429,1.12314203113897
500,"Two-step",402,0.0236116567898537,0.0215103573750373
500,"Two-step",403,0.295204498252039,0.300269713032271
500,"Two-step",404,-0.0506803289589013,-0.0474241558186004
500,"Two-step",405,-0.619302615551737,-0.611573094309639
500,"Two-step",406,-0.925751623565497,-0.915181440361619
500,"Two-step",407,-0.207433538747382,-0.21221045253268
500,"Two-step",408,0.95817091432562,0.960639414801312
500,"Two-step",409,0.221153820649012,0.222618089709575
500,"Two-step",410,1.00225760524304,1.00182240691526
500,"Two-step",411,-0.890266486123764,-0.878031067878869
500,"Two-step",412,0.631986175843919,0.622484877858857
500,"Two-step",413,-0.299670932759021,-0.292520520975788
500,"Two-step",414,0.90980928847963,0.908958208232503
500,"Two-step",415,-0.521177102817578,-0.518767289405297
500,"Two-step",416,1.31467345216569,1.30955625391076
500,"Two-step",417,1.18824149657148,1.18791461227133
500,"Two-step",418,0.0729609893767371,0.0786041883561329
500,"Two-step",419,0.530136835322756,0.541936799871817
500,"Two-step",420,0.467520960298986,0.463627842667108
500,"Two-step",421,-0.813358348939653,-0.81302778042245
500,"Two-step",422,-1.67009113277966,-1.65966468480188
500,"Two-step",423,-0.395244958893599,-0.396612531596079
500,"Two-step",424,0.191857531225615,0.195363939435948
500,"Two-step",425,-1.92123145946834,-1.90143028280777
500,"Two-step",426,-0.0251983855712013,-0.0274284444989068
500,"Two-step",427,-0.194489793889673,-0.180732395880884
500,"Two-step",428,-0.378110523476162,-0.37375138516571
500,"Two-step",429,1.06819166972219,1.07063012937759
500,"Two-step",430,1.63500734554042,1.6377350734616
500,"Two-step",431,0.538597516729568,0.534094190264075
500,"Two-step",432,-0.130710394550288,-0.135765838295874
500,"Two-step",433,-0.422744599832103,-0.410129650406499
500,"Two-step",434,-0.0109882461199643,0.00393239687461223
500,"Two-step",435,-0.16171674729203,-0.15491297200031
500,"Two-step",436,0.102362633685194,0.0988653515887759
500,"Two-step",437,0.647916950771482,0.654815889078262
500,"Two-step",438,-0.265966954085228,-0.259118701773462
500,"Two-step",439,0.086154074224671,0.101488008456891
500,"Two-step",440,-1.36420530943804,-1.34661423366668
500,"Two-step",441,0.583316976188858,0.580315979636883
500,"Two-step",442,1.34318712428974,1.33731782686445
500,"Two-step",443,0.479045500603041,0.497510355959979
500,"Two-step",444,1.44645110234827,1.44815022635698
500,"Two-step",445,-1.2150046095383,-1.20251201201287
500,"Two-step",446,-0.739767688971986,-0.73329655960916
500,"Two-step",447,-0.922809263419077,-0.907648325017904
500,"Two-step",448,2.45534622785088,2.44912558291342
500,"Two-step",449,0.581301945569622,0.576846163212824
500,"Two-step",450,-2.07331156148949,-2.05376500069943
500,"Two-step",451,1.13839333002993,1.13375765406557
500,"Two-step",452,1.25720335289753,1.25824673985218
500,"Two-step",453,-0.292312091639569,-0.269795052106713
500,"Two-step",454,0.263952614702818,0.267406742770072
500,"Two-step",455,-0.180840961182915,-0.172400867083758
500,"Two-step",456,0.806462195713814,0.790584303320156
500,"Two-step",457,-2.14481115047047,-2.12820158405396
500,"Two-step",458,0.586699182429197,0.59666504414942
500,"Two-step",459,1.847310536474,1.84585786789948
500,"Two-step",460,-0.691515452156037,-0.678178628855344
500,"Two-step",461,-0.117469511549727,-0.107238480289049
500,"Two-step",462,0.394204814066157,0.381778486738525
500,"Two-step",463,-1.46391906971071,-1.4538874400283
500,"Two-step",464,-0.693805046899581,-0.682124162270207
500,"Two-step",465,-0.539177047942418,-0.520142370197876
500,"Two-step",466,0.449221675141166,0.442057802237786
500,"Two-step",467,0.0180781222852117,0.0187152687079134
500,"Two-step",468,-0.910879262942098,-0.903821267555547
500,"Two-step",469,1.21529205844495,1.20803716698056
500,"Two-step",470,-0.632726681204312,-0.622351202661506
500,"Two-step",471,0.707246686584727,0.7062448391695
500,"Two-step",472,-0.215756675518529,-0.210468681328091
500,"Two-step",473,-0.136791717341918,-0.145450607481811
500,"Two-step",474,0.328967836950158,0.336646763294465
500,"Two-step",475,1.48339495620381,1.47972128552262
500,"Two-step",476,1.71120086739494,1.71400789937073
500,"Two-step",477,-0.156717454820576,-0.149156317651307
500,"Two-step",478,-0.7472473864268,-0.728493301934788
500,"Two-step",479,0.569423083736027,0.57447133364156
500,"Two-step",480,1.23251330474609,1.24401613804022
500,"Two-step",481,-0.468649173197369,-0.46769914039397
500,"Two-step",482,-0.75773493080018,-0.747410853285326
500,"Two-step",483,0.253856273471697,0.255294228556725
500,"Two-step",484,-1.33900444538352,-1.3345269544191
500,"Two-step",485,-0.727418140151842,-0.71020914422851
500,"Two-step",486,-0.4620393129738,-0.448384862606496
500,"Two-step",487,-1.54814287086109,-1.52678631008383
500,"Two-step",488,-0.634128120278536,-0.61659138521978
500,"Two-step",489,-1.64742413054709,-1.63588761727752
500,"Two-step",490,-1.20659848808713,-1.18667602661854
500,"Two-step",491,0.931237284646851,0.930003304028783
500,"Two-step",492,0.128010729461652,0.142630352001856
500,"Two-step",493,-0.989057583333617,-0.979549998628338
500,"Two-step",494,-0.954525947239268,-0.956506175268674
500,"Two-step",495,0.775397479499966,0.769024296248602
500,"Two-step",496,-0.390528974241228,-0.382753240540447
500,"Two-step",497,-0.668211902103087,-0.651481289044007
500,"Two-step",498,-0.119670438329753,-0.10758860648008
500,"Two-step",499,-0.508437930852877,-0.506437403638617
500,"Two-step",500,1.13683095374582,1.11808134918195
500,"Joint",1,0.0921445997395763,0.100612618585725
500,"Joint",2,1.13553731919393,1.09757426770562
500,"Joint",3,-0.752865273930161,-0.711099288530262
500,"Joint",4,0.224753814706789,0.226925742503141
500,"Joint",5,-1.46883876739631,-1.41413995859186
500,"Joint",6,-0.183263152296736,-0.175975654179076
500,"Joint",7,-0.507397433491769,-0.488790815137922
500,"Joint",8,-1.03705028396865,-0.996372658589523
500,"Joint",9,0.393645327774263,0.393520845955876
500,"Joint",10,0.296093100979102,0.284872001879772
500,"Joint",11,-0.440297682382621,-0.413555849205246
500,"Joint",12,1.84154817504466,1.78142031167944
500,"Joint",13,-0.881161409592314,-0.837980927444763
500,"Joint",14,1.62256536586184,1.56647102520997
500,"Joint",15,-0.0664363145095985,-0.0445850123551646
500,"Joint",16,-0.295601809281742,-0.283008827317351
500,"Joint",17,0.0564969361932482,0.0441811537098145
500,"Joint",18,1.34939790390062,1.30047603295295
500,"Joint",19,1.03160710241763,0.996916449729147
500,"Joint",20,-1.29214190692037,-1.22937593282153
500,"Joint",21,1.24618926410418,1.20237170599878
500,"Joint",22,-0.289247686958093,-0.271323804506115
500,"Joint",23,-0.406885316976139,-0.393472567365182
500,"Joint",24,1.24031873747266,1.20045757490998
500,"Joint",25,0.523784099374016,0.519617109881937
500,"Joint",26,0.715258682156631,0.686467622278834
500,"Joint",27,-0.060302806517356,-0.0454131738658384
500,"Joint",28,0.42759898320795,0.41521068195463
500,"Joint",29,-1.34755488673019,-1.30888817573896
500,"Joint",30,2.03857538469408,1.97186012933076
500,"Joint",31,0.41526262589544,0.408679970555557
500,"Joint",32,-0.713279439799062,-0.681913553934645
500,"Joint",33,0.635910041716338,0.623549739958849
500,"Joint",34,1.12215717059156,1.08614020558955
500,"Joint",35,0.872093591567667,0.848858646676755
500,"Joint",36,0.317529066701912,0.306075753458108
500,"Joint",37,-0.349984848490549,-0.323618613839151
500,"Joint",38,-1.59233014838303,-1.5442532275211
500,"Joint",39,1.01470552378226,0.985122349314185
500,"Joint",40,-0.0498310061246966,-0.038347204718205
500,"Joint",41,1.89556804398602,1.83253872690534
500,"Joint",42,-0.970376641656349,-0.931471717614613
500,"Joint",43,0.653625353332554,0.651584581510635
500,"Joint",44,-0.581241730525178,-0.561623846059873
500,"Joint",45,-1.64537369391546,-1.57613073496105
500,"Joint",46,1.24707318038055,1.20436280029401
500,"Joint",47,0.471845116486621,0.456103933355429
500,"Joint",48,-0.0648531518326948,-0.0623478489370454
500,"Joint",49,-0.840657311065866,-0.809481693776524
500,"Joint",50,0.0381700078317262,0.0369661882248756
500,"Joint",51,-0.26657006206433,-0.239393502678344
500,"Joint",52,0.458604608824007,0.457913413341353
500,"Joint",53,0.866469796064908,0.840785034868766
500,"Joint",54,0.117182709428508,0.122983935764432
500,"Joint",55,1.30050204006095,1.24459962814275
500,"Joint",56,1.08206983232881,1.05611215525712
500,"Joint",57,0.715763996561341,0.685856527327876
500,"Joint",58,0.907724950707028,0.88899988829303
500,"Joint",59,1.00273635273981,0.978847084612948
500,"Joint",60,-0.724193289778101,-0.684613540653749
500,"Joint",61,-1.32248986535693,-1.27526519034762
500,"Joint",62,-0.694957526515305,-0.675944879306832
500,"Joint",63,0.106664664208774,0.0990425597777063
500,"Joint",64,-2.20729573647054,-2.11386115360361
500,"Joint",65,0.848365743711427,0.825576001252476
500,"Joint",66,0.335609496166793,0.318813318668529
500,"Joint",67,-2.15098189348174,-2.06677596860763
500,"Joint",68,-0.55131031303312,-0.5299374736939
500,"Joint",69,-0.0620207678550529,-0.0580537711198462
500,"Joint",70,0.218725925802299,0.218510091754552
500,"Joint",71,-1.45970147158124,-1.40084139822525
500,"Joint",72,-1.03696771023324,-0.995483046447946
500,"Joint",73,-0.0352397279206394,-0.0379365344132679
500,"Joint",74,-1.49525479846667,-1.44004631735037
500,"Joint",75,0.461469793772577,0.446608326950989
500,"Joint",76,1.08165919727198,1.04145799121059
500,"Joint",77,0.755625222216352,0.731979557226988
500,"Joint",78,0.826268700693178,0.798876456582205
500,"Joint",79,-0.473762373082607,-0.456406090330074
500,"Joint",80,-0.173098435087034,-0.175428305957605
500,"Joint",81,-0.369154771788631,-0.368275252918392
500,"Joint",82,-1.06109378441903,-1.01367907817937
500,"Joint",83,1.07311893198773,1.04433420000924
500,"Joint",84,1.38525264285222,1.3398669996056
500,"Joint",85,1.04371247454857,1.00945327493804
500,"Joint",86,-0.64291413982517,-0.616848050713838
500,"Joint",87,0.957858185059974,0.927275114273577
500,"Joint",88,0.281411916562811,0.272415983376408
500,"Joint",89,0.320976868024415,0.314530963615764
500,"Joint",90,0.50033404535256,0.483973601846554
500,"Joint",91,0.261937135063576,0.24708550749716
500,"Joint",92,-1.11190413050418,-1.07274988105134
500,"Joint",93,-0.902283753860094,-0.869841760664569
500,"Joint",94,-1.83868026090892,-1.76465595693974
500,"Joint",95,0.894139846087386,0.8588351184693
500,"Joint",96,0.159531443078894,0.157967396316291
500,"Joint",97,-2.35927586570459,-2.27051435430556
500,"Joint",98,-1.87804058582499,-1.79879524987346
500,"Joint",99,-0.301761478597733,-0.285499295308879
500,"Joint",100,-1.06678266408303,-1.02154230308475
500,"Joint",101,-1.05580503089581,-1.00926390887848
500,"Joint",102,0.623206657634192,0.601057776637389
500,"Joint",103,0.540771869681577,0.531226906490733
500,"Joint",104,0.373688511694056,0.364342003427244
500,"Joint",105,-0.228947931668254,-0.212116927832238
500,"Joint",106,0.764609497776462,0.743193612423026
500,"Joint",107,-1.33010204280524,-1.29333800259867
500,"Joint",108,-0.150402724965457,-0.133837842405766
500,"Joint",109,0.421075309120156,0.408594775565508
500,"Joint",110,-0.371600175007372,-0.352629078022056
500,"Joint",111,-1.43590482600875,-1.37804511102742
500,"Joint",112,-0.195021915980369,-0.188881081060385
500,"Joint",113,-0.288719717548731,-0.278524259592042
500,"Joint",114,0.842419629665191,0.819510358258245
500,"Joint",115,-0.121744327751206,-0.113918507596067
500,"Joint",116,0.295710649084831,0.283159267993295
500,"Joint",117,0.639706907103095,0.631218138048725
500,"Joint",118,0.303344186913778,0.295035691368408
500,"Joint",119,-0.0901777494696423,-0.0895985196610798
500,"Joint",120,-0.202708521048524,-0.191745185190296
500,"Joint",121,-0.970435589574259,-0.923569120375811
500,"Joint",122,-0.800216314713835,-0.77388679692703
500,"Joint",123,-1.13431855473837,-1.08708232931788
500,"Joint",124,0.918569822817796,0.893833758470279
500,"Joint",125,-1.54392887913071,-1.48598969878158
500,"Joint",126,-0.498730554297739,-0.479537380266028
500,"Joint",127,-0.635148654690056,-0.615354880450255
500,"Joint",128,0.224467281107168,0.224016251844773
500,"Joint",129,1.42125285496173,1.37494720730335
500,"Joint",130,1.60142148082643,1.54312138868981
500,"Joint",131,-1.16561820048291,-1.10815233547022
500,"Joint",132,0.932277999375345,0.911435782844727
500,"Joint",133,0.200231576752228,0.198451382769439
500,"Joint",134,0.733786818937531,0.732909961653993
500,"Joint",135,-0.183822483922735,-0.182045110957391
500,"Joint",136,0.439007136673379,0.423833871884942
500,"Joint",137,-0.566982781925826,-0.544475797986469
500,"Joint",138,0.849575553199231,0.843789626670166
500,"Joint",139,1.95210775295939,1.89270638299152
500,"Joint",140,-1.32626313044044,-1.27319359467755
500,"Joint",141,0.938638574333875,0.917025324427188
500,"Joint",142,-1.26720714527436,-1.22664486512236
500,"Joint",143,-0.689385169758458,-0.655703791310541
500,"Joint",144,1.49167194190328,1.44899713780136
500,"Joint",145,-0.765100728028789,-0.728521114879531
500,"Joint",146,-0.776241722955716,-0.732234568850576
500,"Joint",147,-0.147944885206253,-0.136401472487764
500,"Joint",148,0.968806294655882,0.941605871604318
500,"Joint",149,0.202676148165033,0.20580322893879
500,"Joint",150,-0.90202318746102,-0.862108726238493
500,"Joint",151,0.646836307086781,0.632271593871044
500,"Joint",152,-0.57517991671003,-0.558235750008087
500,"Joint",153,0.961680202100054,0.931611830081071
500,"Joint",154,-1.88876905923101,-1.80693701540996
500,"Joint",155,1.57401845860788,1.52196105313931
500,"Joint",156,-2.20287608165817,-2.11650048593276
500,"Joint",157,0.609984486495007,0.585992671039998
500,"Joint",158,0.218976995878157,0.217693338549463
500,"Joint",159,1.35702221053345,1.31272292004263
500,"Joint",160,-2.175299468025,-2.09703328590989
500,"Joint",161,1.5168191836212,1.46648607766289
500,"Joint",162,-0.910951717845914,-0.870651641725792
500,"Joint",163,0.892275946866189,0.874779655987667
500,"Joint",164,1.10482138901022,1.0700350110205
500,"Joint",165,0.228324968948892,0.227576700375779
500,"Joint",166,0.711096152838906,0.691024514753069
500,"Joint",167,-0.734115663708705,-0.703405492168401
500,"Joint",168,0.21582428813483,0.217196734588284
500,"Joint",169,-0.583778340513459,-0.555962366611303
500,"Joint",170,1.26655761163555,1.21863583404536
500,"Joint",171,-1.69385713426239,-1.63824039378716
500,"Joint",172,1.0096831486256,0.979391248160229
500,"Joint",173,2.46945471251077,2.37598773675259
500,"Joint",174,1.02729948140853,0.991795530476789
500,"Joint",175,-0.152675132871603,-0.140728627233153
500,"Joint",176,-2.06887556490479,-1.99285303371085
500,"Joint",177,-0.222593511262989,-0.204707490691742
500,"Joint",178,-1.34106572709767,-1.28894228827628
500,"Joint",179,0.133534240593034,0.139282923156571
500,"Joint",180,-0.0875302636253779,-0.0821163618192657
500,"Joint",181,0.187004646220215,0.181752570846026
500,"Joint",182,1.733789806416,1.66640904368858
500,"Joint",183,1.33185124256415,1.28505547135382
500,"Joint",184,-0.81593937424979,-0.770560372574226
500,"Joint",185,-0.918991177240831,-0.877811067757713
500,"Joint",186,-0.385107082224451,-0.358147705588257
500,"Joint",187,-1.21368936251527,-1.14975899364995
500,"Joint",188,0.265497427622402,0.262752399307231
500,"Joint",189,2.20328079204343,2.13344673970608
500,"Joint",190,-0.613149310749303,-0.592522654074167
500,"Joint",191,-0.322730801216036,-0.306698310136828
500,"Joint",192,0.64006136963475,0.624250657487393
500,"Joint",193,0.63118466344674,0.619125403548037
500,"Joint",194,2.250736231676,2.17438574388407
500,"Joint",195,0.156496943347982,0.157805415320421
500,"Joint",196,-0.700079181072051,-0.670471247921042
500,"Joint",197,0.595119466913509,0.58372703890201
500,"Joint",198,0.767846643874049,0.749444679392197
500,"Joint",199,0.375834538118222,0.360005670479235
500,"Joint",200,-2.30794710048938,-2.21935642851933
500,"Joint",201,0.291725344073414,0.295405422345924
500,"Joint",202,0.198781579868322,0.203500365001539
500,"Joint",203,-1.05790558662468,-1.02080727138803
500,"Joint",204,1.18465965580379,1.15038207377975
500,"Joint",205,-0.235510347140469,-0.240064190820931
500,"Joint",206,0.0526677020355274,0.0606507901080263
500,"Joint",207,0.0908556851630183,0.0883871445077219
500,"Joint",208,0.179265477168347,0.170289281553804
500,"Joint",209,0.213266746925805,0.218897962934999
500,"Joint",210,1.15916550251848,1.11879132587681
500,"Joint",211,1.0628992989265,1.0281135672275
500,"Joint",212,0.880719009462411,0.857150785396428
500,"Joint",213,0.323940200783506,0.311732998919668
500,"Joint",214,0.544348855242948,0.515540829150166
500,"Joint",215,0.918651687411005,0.89122794509871
500,"Joint",216,0.0365962446170157,0.0541898589879703
500,"Joint",217,-0.223824966592379,-0.211449978654497
500,"Joint",218,2.25887722443404,2.18724468102907
500,"Joint",219,-0.288594441059782,-0.278219043562
500,"Joint",220,-0.154274525726775,-0.144377294247366
500,"Joint",221,-0.367131368547637,-0.349580738162656
500,"Joint",222,-0.145423390925032,-0.137402140788311
500,"Joint",223,-0.448003466744241,-0.431428569100659
500,"Joint",224,-1.09814769923152,-1.06159955626801
500,"Joint",225,1.79357613052105,1.73757075113248
500,"Joint",226,-0.55061415890078,-0.525671776518778
500,"Joint",227,-1.33947523258149,-1.28732164377945
500,"Joint",228,-0.760376296125418,-0.731064144370391
500,"Joint",229,0.175884080265498,0.176857907221479
500,"Joint",230,0.588975005537863,0.57320521821632
500,"Joint",231,1.79542459237774,1.73408246606072
500,"Joint",232,-0.815622212793321,-0.7738125100327
500,"Joint",233,2.00386134431471,1.94424445039333
500,"Joint",234,0.677554013514914,0.655555195028688
500,"Joint",235,-0.91365602222795,-0.879497980009172
500,"Joint",236,-0.178316625206445,-0.161873099125903
500,"Joint",237,2.09872252320191,2.01682248732857
500,"Joint",238,0.116034745072336,0.114686070158736
500,"Joint",239,0.853301029385411,0.820056410797575
500,"Joint",240,-1.08327535612095,-1.03491730392787
500,"Joint",241,0.879593937516587,0.860680402656619
500,"Joint",242,-0.843624999902279,-0.809905791255782
500,"Joint",243,1.16898265867892,1.13435089810517
500,"Joint",244,-0.836020007788925,-0.806898402871225
500,"Joint",245,-1.93765555056651,-1.8588827280294
500,"Joint",246,-1.05828474772434,-1.01718633028858
500,"Joint",247,0.822743364341521,0.795294376413376
500,"Joint",248,-0.641707496155932,-0.605875150108789
500,"Joint",249,0.654229810676284,0.625452406643761
500,"Joint",250,-1.29061872851367,-1.24947211164488
500,"Joint",251,0.906938820806451,0.876831363933172
500,"Joint",252,-1.36807122836381,-1.30465279492671
500,"Joint",253,-1.81575535025483,-1.74886510528915
500,"Joint",254,0.406638347497995,0.403923138534772
500,"Joint",255,-0.00486091445217683,-0.00302489721771068
500,"Joint",256,-0.938822172007189,-0.900385256432509
500,"Joint",257,-0.220785925318835,-0.211166326677697
500,"Joint",258,0.0133431527456739,0.0186380249550598
500,"Joint",259,0.198955776831843,0.20287317288409
500,"Joint",260,1.23961193918932,1.19901045831618
500,"Joint",261,-1.68560390148426,-1.61490331983095
500,"Joint",262,0.182896797658902,0.192079630532836
500,"Joint",263,0.861324481951343,0.846859300399829
500,"Joint",264,0.789260652080307,0.763427469311823
500,"Joint",265,-0.015710649810156,-0.00162943513030774
500,"Joint",266,-0.622950170262209,-0.586900682031634
500,"Joint",267,0.685164645585087,0.666639109869126
500,"Joint",268,-0.266257509614322,-0.249012090742138
500,"Joint",269,-0.806083638499344,-0.769852824773902
500,"Joint",270,0.3109102071697,0.307874862461262
500,"Joint",271,-1.60653840570983,-1.5461775914312
500,"Joint",272,-0.338083182837075,-0.317757452995232
500,"Joint",273,-0.00638096476885812,0.000740000841593593
500,"Joint",274,0.0877926819150792,0.0894164769923017
500,"Joint",275,-1.08290277350537,-1.03560169993249
500,"Joint",276,-1.52543867019803,-1.46806011753722
500,"Joint",277,0.800769268313173,0.782437378437217
500,"Joint",278,-0.620113470608675,-0.599204109190449
500,"Joint",279,0.491977342883143,0.473737576546742
500,"Joint",280,0.0375171142047644,0.0462805402511725
500,"Joint",281,0.0383929339499716,0.0517274491315121
500,"Joint",282,-0.491284964500127,-0.462654459191664
500,"Joint",283,-0.562485862318499,-0.541242538850352
500,"Joint",284,-0.962849656634665,-0.918995954836633
500,"Joint",285,1.00105346006067,0.968829367503261
500,"Joint",286,0.30367251619521,0.299243683573784
500,"Joint",287,0.43920251802972,0.435979033692914
500,"Joint",288,-1.01001417038335,-0.966948709695205
500,"Joint",289,-1.12354613480103,-1.07513908685282
500,"Joint",290,2.9574712479519,2.8552928146608
500,"Joint",291,0.0256568565802886,0.0385751979097464
500,"Joint",292,-0.32528030800094,-0.312852050077112
500,"Joint",293,0.83567801513333,0.810281379650476
500,"Joint",294,1.7277943018329,1.66651791409434
500,"Joint",295,-0.50571522340537,-0.489439922519289
500,"Joint",296,0.205328297268975,0.204568775963499
500,"Joint",297,0.194107759221163,0.203512737311134
500,"Joint",298,-0.392179039391775,-0.376272165931804
500,"Joint",299,0.258752797400802,0.257732680679576
500,"Joint",300,-0.0525452354829314,-0.0430232602825566
500,"Joint",301,-1.78861480347462,-1.72677708268693
500,"Joint",302,1.14270855082497,1.11347924558331
500,"Joint",303,0.162623411210247,0.160867751841969
500,"Joint",304,-1.06655860940291,-1.02344187248064
500,"Joint",305,1.59480855636512,1.54862319097646
500,"Joint",306,-0.807346643945574,-0.768456200928782
500,"Joint",307,0.295875033748383,0.288979976016408
500,"Joint",308,-0.68274589522454,-0.656843449794455
500,"Joint",309,0.575787787417316,0.566643283216129
500,"Joint",310,0.0483686683515929,0.0596282333814537
500,"Joint",311,-0.555366671357299,-0.527548053504938
500,"Joint",312,0.458866186406032,0.441789656888608
500,"Joint",313,0.393077437020839,0.379167242168753
500,"Joint",314,0.505948065746051,0.501126016966945
500,"Joint",315,-2.65257012591784,-2.55218874428759
500,"Joint",316,-1.44665760197185,-1.37492539747475
500,"Joint",317,2.34446280407991,2.27216977505876
500,"Joint",318,0.493551716139229,0.484184383954047
500,"Joint",319,-0.385428988561079,-0.346507608932559
500,"Joint",320,-0.767274584222757,-0.727154787341816
500,"Joint",321,-1.20536145767782,-1.15589864514462
500,"Joint",322,0.190602502415598,0.190858290405109
500,"Joint",323,0.310366117548937,0.302541833141829
500,"Joint",324,0.303198778071167,0.295649265184749
500,"Joint",325,-1.91858436257214,-1.851174389969
500,"Joint",326,0.677661779559364,0.659113097275438
500,"Joint",327,-1.13203058705615,-1.08230775467456
500,"Joint",328,-0.222006654273432,-0.19907027984942
500,"Joint",329,-0.0231652557007842,-0.0192927015374785
500,"Joint",330,-0.176226634875122,-0.16039231153351
500,"Joint",331,-0.750411878893258,-0.723590057886708
500,"Joint",332,-1.71844923935053,-1.65353677616998
500,"Joint",333,-0.829497093793292,-0.798307795529192
500,"Joint",334,-0.675206515764235,-0.64644305276364
500,"Joint",335,-0.393302678414328,-0.375681877775784
500,"Joint",336,-1.36345376215516,-1.30198262650931
500,"Joint",337,0.58159615071762,0.556684113667711
500,"Joint",338,-0.250352527433592,-0.231682592566498
500,"Joint",339,0.45660959486404,0.447721890100002
500,"Joint",340,0.563608836459855,0.554240968131319
500,"Joint",341,0.0838995417879077,0.0882173753299424
500,"Joint",342,0.904324090271208,0.882288633858414
500,"Joint",343,0.872609688424651,0.844347958467235
500,"Joint",344,-0.082756564426592,-0.0741010276968281
500,"Joint",345,-0.0293365932323782,-0.0187139530249973
500,"Joint",346,0.960834569796785,0.932427020428563
500,"Joint",347,-1.14495582225263,-1.10735281191904
500,"Joint",348,-0.299790396119907,-0.287519864186128
500,"Joint",349,1.33411529237091,1.28788931614404
500,"Joint",350,-1.17675797587693,-1.12830417818291
500,"Joint",351,-0.00583055896742622,-0.00239461683103162
500,"Joint",352,0.461141577508374,0.451353605200213
500,"Joint",353,0.575934952544473,0.561911774074091
500,"Joint",354,1.05085817374512,1.02113574764766
500,"Joint",355,-0.427787963235514,-0.411706474589715
500,"Joint",356,-0.154526280777274,-0.141137352101026
500,"Joint",357,1.51743829684473,1.47130366887736
500,"Joint",358,-0.571818942982826,-0.547804962166592
500,"Joint",359,-0.861168622742363,-0.820844650077028
500,"Joint",360,0.452006306740898,0.44838742074282
500,"Joint",361,-0.660210081389185,-0.624286950777747
500,"Joint",362,1.41286588647363,1.36555519986536
500,"Joint",363,-1.58660481932515,-1.52962891021836
500,"Joint",364,1.57454188920033,1.51337591812164
500,"Joint",365,-0.125550060439782,-0.118409754928263
500,"Joint",366,0.373997390461875,0.367593548284766
500,"Joint",367,0.362000556869772,0.351343719428497
500,"Joint",368,1.2226449645852,1.19037406716462
500,"Joint",369,1.09299220974093,1.0585981250444
500,"Joint",370,0.345936859965011,0.353417064368325
500,"Joint",371,0.0848602660942852,0.0853477776484867
500,"Joint",372,1.6334261717306,1.57908834434455
500,"Joint",373,-0.526695898985039,-0.507993336076628
500,"Joint",374,-1.39347572559599,-1.33392345004678
500,"Joint",375,-2.55462040365051,-2.45568524778868
500,"Joint",376,0.0963005992548408,0.0974528113489276
500,"Joint",377,-1.56507348520901,-1.49928089863681
500,"Joint",378,-0.0987587355075893,-0.091765138082122
500,"Joint",379,-0.0467434530384265,-0.0437862680500413
500,"Joint",380,0.670556120920233,0.646462296759465
500,"Joint",381,0.482390281740385,0.466691627339041
500,"Joint",382,0.250177241951563,0.240363811534524
500,"Joint",383,-0.983096732782605,-0.945499382115279
500,"Joint",384,2.17964841451555,2.1030558987915
500,"Joint",385,-0.29670214054952,-0.28290509960826
500,"Joint",386,-0.0123767491511556,-0.00162755244429291
500,"Joint",387,-1.39675116489677,-1.34535037419667
500,"Joint",388,-1.33858720473925,-1.2891559730073
500,"Joint",389,-2.09717518656819,-2.02301530240174
500,"Joint",390,-1.3570554749685,-1.29872684670129
500,"Joint",391,-1.76637102832768,-1.69280103684528
500,"Joint",392,0.236788501102368,0.229862721192344
500,"Joint",393,-0.143782087040652,-0.133830320659786
500,"Joint",394,-0.892796859839998,-0.85809581273706
500,"Joint",395,-0.405073518716158,-0.383036215239104
500,"Joint",396,0.501222536521479,0.488121257996502
500,"Joint",397,2.06654688641097,1.99055426116283
500,"Joint",398,0.718333401706543,0.693289211189779
500,"Joint",399,-0.871732087921523,-0.827371325943148
500,"Joint",400,0.572145803305872,0.556482646891377
500,"Joint",401,1.12711309392429,1.09071880532729
500,"Joint",402,0.0236116567898537,0.0196786315357011
500,"Joint",403,0.295204498252039,0.2912101310628
500,"Joint",404,-0.0506803289589013,-0.0465048418932019
500,"Joint",405,-0.619302615551737,-0.59361736596661
500,"Joint",406,-0.925751623565497,-0.885451800542997
500,"Joint",407,-0.207433538747382,-0.204432997952988
500,"Joint",408,0.95817091432562,0.930024500015997
500,"Joint",409,0.221153820649012,0.216414739730751
500,"Joint",410,1.00225760524304,0.969748871021196
500,"Joint",411,-0.890266486123764,-0.851156321210047
500,"Joint",412,0.631986175843919,0.603147362524965
500,"Joint",413,-0.299670932759021,-0.283470161866725
500,"Joint",414,0.90980928847963,0.881981201776564
500,"Joint",415,-0.521177102817578,-0.50243824482112
500,"Joint",416,1.31467345216569,1.26937022028852
500,"Joint",417,1.18824149657148,1.15063793769235
500,"Joint",418,0.0729609893767371,0.0786219236013929
500,"Joint",419,0.530136835322756,0.525792279491946
500,"Joint",420,0.467520960298986,0.449747128578613
500,"Joint",421,-0.813358348939653,-0.786451411732693
500,"Joint",422,-1.67009113277966,-1.60788749849423
500,"Joint",423,-0.395244958893599,-0.384211291317589
500,"Joint",424,0.191857531225615,0.189067684491376
500,"Joint",425,-1.92123145946834,-1.84212766357598
500,"Joint",426,-0.0251983855712013,-0.0274750903311295
500,"Joint",427,-0.194489793889673,-0.174043721132539
500,"Joint",428,-0.378110523476162,-0.36102242794016
500,"Joint",429,1.06819166972219,1.03745774928778
500,"Joint",430,1.63500734554042,1.58669554628217
500,"Joint",431,0.538597516729568,0.518061010997318
500,"Joint",432,-0.130710394550288,-0.130715550765681
500,"Joint",433,-0.422744599832103,-0.397259163500632
500,"Joint",434,-0.0109882461199643,0.00556611036939943
500,"Joint",435,-0.16171674729203,-0.149289549046482
500,"Joint",436,0.102362633685194,0.0969456903647259
500,"Joint",437,0.647916950771482,0.634194076148962
500,"Joint",438,-0.265966954085228,-0.249711515501533
500,"Joint",439,0.086154074224671,0.0981542970946034
500,"Joint",440,-1.36420530943804,-1.30538135937428
500,"Joint",441,0.583316976188858,0.563185159296974
500,"Joint",442,1.34318712428974,1.29636910970454
500,"Joint",443,0.479045500603041,0.483294381044476
500,"Joint",444,1.44645110234827,1.40300188893632
500,"Joint",445,-1.2150046095383,-1.1642237999276
500,"Joint",446,-0.739767688971986,-0.710170463088796
500,"Joint",447,-0.922809263419077,-0.880082407864284
500,"Joint",448,2.45534622785088,2.37222994198038
500,"Joint",449,0.581301945569622,0.559787737869785
500,"Joint",450,-2.07331156148949,-1.98887193872114
500,"Joint",451,1.13839333002993,1.09888343608225
500,"Joint",452,1.25720335289753,1.22038142703427
500,"Joint",453,-0.292312091639569,-0.260288461569826
500,"Joint",454,0.263952614702818,0.260068801728256
500,"Joint",455,-0.180840961182915,-0.169735236789715
500,"Joint",456,0.806462195713814,0.766285945000333
500,"Joint",457,-2.14481115047047,-2.06168174729288
500,"Joint",458,0.586699182429197,0.576833249525804
500,"Joint",459,1.847310536474,1.78817244752213
500,"Joint",460,-0.691515452156037,-0.657977397599727
500,"Joint",461,-0.117469511549727,-0.10513843302037
500,"Joint",462,0.394204814066157,0.370232453063837
500,"Joint",463,-1.46391906971071,-1.4091855707165
500,"Joint",464,-0.693805046899581,-0.662135123407879
500,"Joint",465,-0.539177047942418,-0.502833504098968
500,"Joint",466,0.449221675141166,0.428065929793136
500,"Joint",467,0.0180781222852117,0.0187342720863447
500,"Joint",468,-0.910879262942098,-0.874485702346063
500,"Joint",469,1.21529205844495,1.17121707988713
500,"Joint",470,-0.632726681204312,-0.602696330770217
500,"Joint",471,0.707246686584727,0.686174328468929
500,"Joint",472,-0.215756675518529,-0.20427218711055
500,"Joint",473,-0.136791717341918,-0.140244268973153
500,"Joint",474,0.328967836950158,0.327638846448237
500,"Joint",475,1.48339495620381,1.43440227208686
500,"Joint",476,1.71120086739494,1.6609514695049
500,"Joint",477,-0.156717454820576,-0.144572616010405
500,"Joint",478,-0.7472473864268,-0.706103469407603
500,"Joint",479,0.569423083736027,0.558020599774246
500,"Joint",480,1.23251330474609,1.2058643625749
500,"Joint",481,-0.468649173197369,-0.453175901166358
500,"Joint",482,-0.75773493080018,-0.726274840749698
500,"Joint",483,0.253856273471697,0.246916782662479
500,"Joint",484,-1.33900444538352,-1.29331792280263
500,"Joint",485,-0.727418140151842,-0.688194386362974
500,"Joint",486,-0.4620393129738,-0.434953784253394
500,"Joint",487,-1.54814287086109,-1.4785278997548
500,"Joint",488,-0.634128120278536,-0.597335593548142
500,"Joint",489,-1.64742413054709,-1.58432080105218
500,"Joint",490,-1.20659848808713,-1.14977567791816
500,"Joint",491,0.931237284646851,0.900513676716706
500,"Joint",492,0.128010729461652,0.136517019433773
500,"Joint",493,-0.989057583333617,-0.950436277882237
500,"Joint",494,-0.954525947239268,-0.926287983260916
500,"Joint",495,0.775397479499966,0.744395779989573
500,"Joint",496,-0.390528974241228,-0.372606516562854
500,"Joint",497,-0.668211902103087,-0.631334536498231
500,"Joint",498,-0.119670438329753,-0.104639602369037
500,"Joint",499,-0.508437930852877,-0.49047356760713
500,"Joint",500,1.13683095374582,1.08341749244154
1000,"Two-step",1,1.027264542182,1.03451191078616
1000,"Two-step",2,-0.53500478919887,-0.49092368297016
1000,"Two-step",3,-1.76741283113067,-1.70944067902268
1000,"Two-step",4,1.03159000554111,1.04254533453607
1000,"Two-step",5,0.441167586699378,0.461395640716897
1000,"Two-step",6,-1.65883312609685,-1.58655014857775
1000,"Two-step",7,0.259460938134192,0.280835748874676
1000,"Two-step",8,1.44552897703612,1.44421664924724
1000,"Two-step",9,-0.197346439696355,-0.160307772800278
1000,"Two-step",10,-0.485989760315505,-0.448048781933776
1000,"Two-step",11,-0.255042410494169,-0.2105680338573
1000,"Two-step",12,-0.940013816822582,-0.879959434530261
1000,"Two-step",13,-1.12937718701506,-1.06360580851832
1000,"Two-step",14,-0.528997349490851,-0.485419437501311
1000,"Two-step",15,-0.517802486558088,-0.484190527502932
1000,"Two-step",16,0.995545138300854,1.00696857106772
1000,"Two-step",17,-0.463748362916587,-0.431079616460767
1000,"Two-step",18,1.25108081714316,1.27043562814293
1000,"Two-step",19,0.353124718023142,0.365742782600028
1000,"Two-step",20,-0.0834596232736538,-0.0566977515893497
1000,"Two-step",21,0.888434859110264,0.89491053408912
1000,"Two-step",22,-0.933196217782189,-0.878627212182735
1000,"Two-step",23,-1.03238084142446,-0.98586241117087
1000,"Two-step",24,0.241040535392444,0.260195548800194
1000,"Two-step",25,0.928028100317948,0.936282895860454
1000,"Two-step",26,-0.522173238300392,-0.489459745825148
1000,"Two-step",27,2.42361941054783,2.40324377675041
1000,"Two-step",28,-0.72012923641978,-0.671184132021621
1000,"Two-step",29,1.58313181970128,1.58215678821709
1000,"Two-step",30,-0.307098342659941,-0.2751048381423
1000,"Two-step",31,-1.95848423967574,-1.87546930612382
1000,"Two-step",32,-2.69034175192533,-2.60642354469282
1000,"Two-step",33,0.739498303527184,0.767917564681873
1000,"Two-step",34,-1.31529033764415,-1.25026077857121
1000,"Two-step",35,-2.03475463618205,-1.95464288368154
1000,"Two-step",36,-0.216936962456005,-0.179695182624665
1000,"Two-step",37,0.255163604886299,0.288510710858121
1000,"Two-step",38,0.940215212641183,0.947023892733251
1000,"Two-step",39,-1.29259325359319,-1.2399254788097
1000,"Two-step",40,-0.446042137186875,-0.408009249535322
1000,"Two-step",41,1.65809501501525,1.65420633426268
1000,"Two-step",42,-1.51870180872257,-1.45544238440915
1000,"Two-step",43,0.469153992773582,0.496292981276084
1000,"Two-step",44,-0.156999466993365,-0.129685504818522
1000,"Two-step",45,-0.760110112977041,-0.712898314859134
1000,"Two-step",46,1.58553532049397,1.5766784681006
1000,"Two-step",47,0.0831697922179899,0.111296695389399
1000,"Two-step",48,-2.09556873703357,-2.01761911598434
1000,"Two-step",49,0.147679549917144,0.181311708654447
1000,"Two-step",50,0.752598294683634,0.764292045235422
1000,"Two-step",51,0.271438856040345,0.299941158556806
1000,"Two-step",52,0.183737610043059,0.206568326371732
1000,"Two-step",53,-0.920339894347457,-0.866692906420655
1000,"Two-step",54,-0.743311473816888,-0.689074527892059
1000,"Two-step",55,-2.49326030457993,-2.41761327472911
1000,"Two-step",56,0.513901324785606,0.522772724188261
1000,"Two-step",57,0.513545226669682,0.516777541893932
1000,"Two-step",58,-1.49113051052708,-1.42111257772866
1000,"Two-step",59,-0.844503583942534,-0.792103074940177
1000,"Two-step",60,1.33167756131866,1.33181738788417
1000,"Two-step",61,-0.843605049225395,-0.785983868768864
1000,"Two-step",62,-0.919400253008788,-0.86213340566948
1000,"Two-step",63,-0.361282288614427,-0.328142292810811
1000,"Two-step",64,-0.687892567427276,-0.650919640760549
1000,"Two-step",65,-0.926666717852983,-0.871507779202241
1000,"Two-step",66,-0.572761369479432,-0.516276943776898
1000,"Two-step",67,-0.286736458621399,-0.248274468368498
1000,"Two-step",68,1.32879943055387,1.33477122112579
1000,"Two-step",69,-1.92861472703506,-1.84860884737453
1000,"Two-step",70,-0.0475895308340599,-0.0224401758923836
1000,"Two-step",71,-0.729148622487331,-0.678111405924218
1000,"Two-step",72,-0.383240195870091,-0.350700746257001
1000,"Two-step",73,-0.433218757267242,-0.400642104620417
1000,"Two-step",74,-0.625626908517459,-0.581240924960118
1000,"Two-step",75,0.547012994907425,0.568209584347388
1000,"Two-step",76,0.957145680616736,0.97402222599971
1000,"Two-step",77,-1.50687364548082,-1.43500788067419
1000,"Two-step",78,-1.20481191572334,-1.1393007968458
1000,"Two-step",79,0.264476417367013,0.284589839107999
1000,"Two-step",80,-1.38033384763357,-1.32568121799431
1000,"Two-step",81,-0.476774931955005,-0.437385430493078
1000,"Two-step",82,-0.813979358940628,-0.758082154211632
1000,"Two-step",83,-0.479633693352698,-0.436470883073379
1000,"Two-step",84,0.269777430833816,0.292422903011022
1000,"Two-step",85,-0.950754980658937,-0.905532707321009
1000,"Two-step",86,-0.958278380868112,-0.909211309475255
1000,"Two-step",87,0.875149992684298,0.885710532404321
1000,"Two-step",88,1.00555110947557,1.00770748159976
1000,"Two-step",89,-1.04366786641578,-0.992132250219738
1000,"Two-step",90,-0.167283813613277,-0.133930238804187
1000,"Two-step",91,0.419057683835324,0.440271744415774
1000,"Two-step",92,2.29327490307794,2.28285011708384
1000,"Two-step",93,0.355821167809373,0.368695112906405
1000,"Two-step",94,0.713778545185442,0.73339318849519
1000,"Two-step",95,-0.826828581345035,-0.777673598974823
1000,"Two-step",96,0.599112492720233,0.619994900733779
1000,"Two-step",97,-1.22436659589794,-1.17523728162644
1000,"Two-step",98,-0.673872970423584,-0.632335623613847
1000,"Two-step",99,-1.93836997913516,-1.86698962640992
1000,"Two-step",100,-1.45556650047732,-1.39612377938701
1000,"Two-step",101,1.45632822389637,1.4617562959639
1000,"Two-step",102,-1.41413169445185,-1.34754071795568
1000,"Two-step",103,1.53713394405093,1.53390098405183
1000,"Two-step",104,0.0198492346889183,0.0408351277190131
1000,"Two-step",105,-0.975421519697566,-0.915436478755914
1000,"Two-step",106,-1.60244993449908,-1.54588522590454
1000,"Two-step",107,-0.139939594570663,-0.107087261352947
1000,"Two-step",108,0.642684828054993,0.661544275507733
1000,"Two-step",109,0.361752851270586,0.384669498406481
1000,"Two-step",110,0.116303877576611,0.148877077971769
1000,"Two-step",111,-0.431626523500557,-0.389644597694216
1000,"Two-step",112,0.00235878010199329,0.0283077003898987
1000,"Two-step",113,-0.850796849479466,-0.809362166798194
1000,"Two-step",114,-0.250868964506077,-0.216805507817989
1000,"Two-step",115,-0.240129583245589,-0.205894026173137
1000,"Two-step",116,-0.575647397627959,-0.532477648885936
1000,"Two-step",117,1.06016124172707,1.06317975987751
1000,"Two-step",118,1.38559686051693,1.38645460293395
1000,"Two-step",119,-1.01206797874815,-0.955702845365525
1000,"Two-step",120,-0.474986637709521,-0.435192787552345
1000,"Two-step",121,1.57392500146823,1.57131476872082
1000,"Two-step",122,-0.217152992110213,-0.1863434847415
1000,"Two-step",123,-0.0798158070447026,-0.0489777783679349
1000,"Two-step",124,-0.87070377561046,-0.806120460902618
1000,"Two-step",125,-0.0285210158700748,0.00488454891460695
1000,"Two-step",126,-0.297296198616913,-0.251537381677896
1000,"Two-step",127,0.959437208660508,0.970677149641989
1000,"Two-step",128,-1.05785964720966,-1.01233662247058
1000,"Two-step",129,-1.00296336686621,-0.951216909680909
1000,"Two-step",130,1.41741021124882,1.41291088136838
1000,"Two-step",131,-0.422523689834863,-0.382837711751457
1000,"Two-step",132,-2.41854662280627,-2.34815391002732
1000,"Two-step",133,1.36816395640645,1.3613560566924
1000,"Two-step",134,2.58095966083583,2.55959939250749
1000,"Two-step",135,-0.304386568993108,-0.262522985828514
1000,"Two-step",136,0.770476849526143,0.783237167581749
1000,"Two-step",137,1.08253267295818,1.09428263273652
1000,"Two-step",138,-1.49461390870657,-1.42793552381561
1000,"Two-step",139,-1.07602516327828,-1.0236270757565
1000,"Two-step",140,1.35919401769216,1.36395558190587
1000,"Two-step",141,1.11665912637843,1.12198372530134
1000,"Two-step",142,-0.789489295237001,-0.729020754860817
1000,"Two-step",143,-0.379513843225107,-0.337807315024232
1000,"Two-step",144,0.478695879468613,0.496651845067788
1000,"Two-step",145,-1.52234936082629,-1.45777785628748
1000,"Two-step",146,2.24568059876541,2.2355826409342
1000,"Two-step",147,1.95523619134391,1.95136296548196
1000,"Two-step",148,-0.273612943429061,-0.240912726269473
1000,"Two-step",149,-0.448232780425113,-0.413258587294594
1000,"Two-step",150,-0.26449785366423,-0.222770750059027
1000,"Two-step",151,0.813424658364087,0.821031022052105
1000,"Two-step",152,-0.419620675246488,-0.365413575229662
1000,"Two-step",153,0.614041976234735,0.62505887843616
1000,"Two-step",154,0.804030673249494,0.823287257996903
1000,"Two-step",155,1.12988822596159,1.14539184049133
1000,"Two-step",156,0.302549111273946,0.33119566856178
1000,"Two-step",157,-0.740358110481201,-0.69572794740724
1000,"Two-step",158,0.689232639112987,0.696093912621513
1000,"Two-step",159,-0.8021022381218,-0.740143556575051
1000,"Two-step",160,-1.1808325040056,-1.12329173567333
1000,"Two-step",161,-0.182307807572921,-0.152773433500298
1000,"Two-step",162,0.352149187680177,0.371389035356459
1000,"Two-step",163,0.502362252415506,0.525836472811313
1000,"Two-step",164,0.943114176723313,0.946498808551592
1000,"Two-step",165,0.70732832657859,0.720319678196905
1000,"Two-step",166,-0.524596321576338,-0.486328782318925
1000,"Two-step",167,-0.247863992175474,-0.204357864476066
1000,"Two-step",168,0.197931848985574,0.231518478347101
1000,"Two-step",169,-0.361368441224992,-0.332229629494184
1000,"Two-step",170,-1.52919997369245,-1.4667098510904
1000,"Two-step",171,-0.36243281664577,-0.318465670696635
1000,"Two-step",172,1.19492066163637,1.19282610024258
1000,"Two-step",173,-0.909447856640996,-0.855850248010634
1000,"Two-step",174,-0.317156490608649,-0.282761801002032
1000,"Two-step",175,0.564869633211992,0.58088641684384
1000,"Two-step",176,-0.490432779346455,-0.442687714617274
1000,"Two-step",177,1.55367224997244,1.54618870075875
1000,"Two-step",178,-0.762341341865914,-0.713153436748438
1000,"Two-step",179,-1.63234547942248,-1.56849942411117
1000,"Two-step",180,-0.171768601397283,-0.122166801508356
1000,"Two-step",181,0.157304994489349,0.179587961108342
1000,"Two-step",182,0.45491439523656,0.481860418677932
1000,"Two-step",183,-0.356637107951986,-0.314153363048641
1000,"Two-step",184,-0.76628070470968,-0.720480724686097
1000,"Two-step",185,-1.34884719915216,-1.29678850038699
1000,"Two-step",186,0.881495105049538,0.888121510167456
1000,"Two-step",187,0.295838983142229,0.319006960596341
1000,"Two-step",188,-0.942667794472294,-0.875755278771191
1000,"Two-step",189,-0.325611474975123,-0.2859544804264
1000,"Two-step",190,0.805235306753974,0.822301988421289
1000,"Two-step",191,-0.0673950949091075,-0.0468638038152687
1000,"Two-step",192,-0.32610522586411,-0.287005348483276
1000,"Two-step",193,-1.30189252852209,-1.24635693554265
1000,"Two-step",194,-1.71499586255471,-1.65359062248241
1000,"Two-step",195,0.530180875582187,0.543551794555021
1000,"Two-step",196,1.30678308737913,1.30617131498705
1000,"Two-step",197,0.109841309583754,0.140961808578165
1000,"Two-step",198,0.562766383553856,0.572035959917371
1000,"Two-step",199,0.882797928798587,0.89359012317105
1000,"Two-step",200,-0.0715047791695804,-0.0423447490891819
1000,"Two-step",201,0.13583939352309,0.15767864377117
1000,"Two-step",202,-1.10731543186751,-1.04917897314063
1000,"Two-step",203,-0.721879734971602,-0.67570374725184
1000,"Two-step",204,0.392000753191892,0.406811806618887
1000,"Two-step",205,1.40393392046741,1.41007719873087
1000,"Two-step",206,0.545902872575287,0.562960414067013
1000,"Two-step",207,0.339713485656673,0.356637290312756
1000,"Two-step",208,-0.342064636749878,-0.306190915540395
1000,"Two-step",209,-0.224661324926539,-0.189113952087219
1000,"Two-step",210,-0.244528103624233,-0.225553660636088
1000,"Two-step",211,-0.991104886049927,-0.938178096659421
1000,"Two-step",212,-1.64662842632591,-1.58572892722094
1000,"Two-step",213,-0.232698995906917,-0.201804283150048
1000,"Two-step",214,1.30018158465486,1.30385702818554
1000,"Two-step",215,0.342798393188723,0.365636254783927
1000,"Two-step",216,-0.868190052333704,-0.818995651333123
1000,"Two-step",217,0.815438526651925,0.829847506966767
1000,"Two-step",218,-0.712853058325459,-0.665933726863616
1000,"Two-step",219,-1.00205267870213,-0.953510301475525
1000,"Two-step",220,-2.51517132255828,-2.44333803351714
1000,"Two-step",221,0.127045242681521,0.142874397792681
1000,"Two-step",222,-0.273740347760619,-0.244380783740127
1000,"Two-step",223,-0.996568647648561,-0.942106809037163
1000,"Two-step",224,-0.53750874597056,-0.487479916194414
1000,"Two-step",225,1.41151827954022,1.41202055757498
1000,"Two-step",226,0.888008524151983,0.889784153798866
1000,"Two-step",227,0.148723157702002,0.171823012080197
1000,"Two-step",228,0.583704469779277,0.595094678220119
1000,"Two-step",229,-0.513129022606005,-0.469950127458284
1000,"Two-step",230,0.371552353986781,0.380234327920495
1000,"Two-step",231,-1.1067708940488,-1.05607055228054
1000,"Two-step",232,0.214166815404724,0.241293111156203
1000,"Two-step",233,-0.219055308572151,-0.191342770586163
1000,"Two-step",234,1.20006241373352,1.20820123631841
1000,"Two-step",235,-1.45552253895749,-1.38588234695908
1000,"Two-step",236,0.922001462926165,0.931613704089322
1000,"Two-step",237,0.200372098085978,0.232742314801019
1000,"Two-step",238,-0.268112660329471,-0.229893611616838
1000,"Two-step",239,0.731033619659945,0.743778731202284
1000,"Two-step",240,0.00878387051787,0.0351818316726808
1000,"Two-step",241,-1.02867219505557,-0.986381940892143
1000,"Two-step",242,-0.438855174356586,-0.405530330380835
1000,"Two-step",243,0.0961325675059949,0.124312552905411
1000,"Two-step",244,0.301013399543155,0.326361025481612
1000,"Two-step",245,-0.989034009451679,-0.943874393976414
1000,"Two-step",246,-0.969188536547855,-0.903625536412916
1000,"Two-step",247,-0.0194492721539072,0.00940580820303984
1000,"Two-step",248,0.459051307568749,0.484541711175078
1000,"Two-step",249,3.15214959486302,3.13240243415607
1000,"Two-step",250,-1.32453943747251,-1.26009513925388
1000,"Two-step",251,1.62208539597074,1.61609721870312
1000,"Two-step",252,-0.294749469053293,-0.249528356995781
1000,"Two-step",253,-1.22318470692803,-1.15834300796319
1000,"Two-step",254,-0.746509029167674,-0.695912948615903
1000,"Two-step",255,0.133447804750455,0.152220349915389
1000,"Two-step",256,1.06152272899229,1.07251834670495
1000,"Two-step",257,0.0485495631220076,0.0856354763720896
1000,"Two-step",258,0.81720692987312,0.832632426991686
1000,"Two-step",259,3.09503758805108,3.06884396463475
1000,"Two-step",260,0.699065745817427,0.712444967621327
1000,"Two-step",261,0.925114919445272,0.925720185212923
1000,"Two-step",262,1.34894072346222,1.35292444653134
1000,"Two-step",263,-0.897544734632522,-0.851859130805518
1000,"Two-step",264,-0.907623051983537,-0.85729076957946
1000,"Two-step",265,-0.92853037670767,-0.868907910189094
1000,"Two-step",266,-0.153638102887214,-0.121880407226676
1000,"Two-step",267,-0.203163685773428,-0.16682090796556
1000,"Two-step",268,-0.363243814013372,-0.31665853846908
1000,"Two-step",269,-0.240612083030774,-0.211570602817938
1000,"Two-step",270,-0.547594127420261,-0.502076728634506
1000,"Two-step",271,-0.332098217416382,-0.293752350831849
1000,"Two-step",272,0.580632530872089,0.605234682016397
1000,"Two-step",273,0.113570048649421,0.14312625125261
1000,"Two-step",274,1.18448980694455,1.19542764044604
1000,"Two-step",275,1.81806080277418,1.80685167999271
1000,"Two-step",276,0.108749252693768,0.135130541182459
1000,"Two-step",277,1.07675286344884,1.0868852788702
1000,"Two-step",278,0.966508310186863,0.974545365302149
1000,"Two-step",279,0.321572095741091,0.34002232126342
1000,"Two-step",280,-0.611379210873732,-0.57450834024603
1000,"Two-step",281,0.947163572542706,0.966581238046989
1000,"Two-step",282,-0.0101216814494036,0.0261383942637467
1000,"Two-step",283,1.02970753597188,1.03531235569261
1000,"Two-step",284,-2.35482252332276,-2.27644462471718
1000,"Two-step",285,0.860231694636746,0.875454684131715
1000,"Two-step",286,1.88103874490569,1.87290100954553
1000,"Two-step",287,-2.11870342948599,-2.04099845009947
1000,"Two-step",288,-0.279271558126829,-0.242244805537544
1000,"Two-step",289,0.772493123854191,0.790226037216008
1000,"Two-step",290,0.254615674460702,0.282626462991082
1000,"Two-step",291,-2.0152976895535,-1.95371281386073
1000,"Two-step",292,0.739508297040698,0.746966997557249
1000,"Two-step",293,0.895550028171823,0.902612632302409
1000,"Two-step",294,-0.621112336757621,-0.575504507900283
1000,"Two-step",295,1.21363528361263,1.21538118911804
1000,"Two-step",296,-0.151614830740141,-0.123128673026402
1000,"Two-step",297,1.72449428474208,1.71871640491088
1000,"Two-step",298,1.02021151559991,1.02930306356025
1000,"Two-step",299,1.27014125879943,1.27475663875556
1000,"Two-step",300,0.0869564817521798,0.118495577213948
1000,"Two-step",301,1.17314976563343,1.17383946796106
1000,"Two-step",302,-0.437839670167251,-0.406362860701576
1000,"Two-step",303,-1.23078196313487,-1.18141369716922
1000,"Two-step",304,-0.162731060660437,-0.1336493924729
1000,"Two-step",305,-0.53379988266615,-0.504861266681722
1000,"Two-step",306,0.633818847490506,0.656658184899909
1000,"Two-step",307,-0.769668886636861,-0.724089137674873
1000,"Two-step",308,0.540857090917389,0.566064436649501
1000,"Two-step",309,0.797967245183643,0.798049463343557
1000,"Two-step",310,1.34594690237897,1.35709485792585
1000,"Two-step",311,1.09576134467146,1.10052178553041
1000,"Two-step",312,-0.623621974901008,-0.568663411421743
1000,"Two-step",313,0.106549086758423,0.128676924211355
1000,"Two-step",314,-1.64663733011072,-1.57986569100502
1000,"Two-step",315,-0.348801741453588,-0.306010850236888
1000,"Two-step",316,0.927553802193966,0.935833448933309
1000,"Two-step",317,-0.624443130303014,-0.575692695691015
1000,"Two-step",318,-0.0269201021064615,0.00690546485073058
1000,"Two-step",319,-0.55654204171122,-0.510808189878358
1000,"Two-step",320,1.10963199449928,1.1233408142175
1000,"Two-step",321,1.45618739749408,1.45343893953623
1000,"Two-step",322,1.54155248622043,1.53569702821522
1000,"Two-step",323,0.338711995366765,0.350211653154059
1000,"Two-step",324,0.523463743222559,0.549730982456755
1000,"Two-step",325,-0.0915150442893975,-0.0531759936270179
1000,"Two-step",326,-1.21152311319474,-1.1551334595145
1000,"Two-step",327,1.58408752620953,1.57490643078594
1000,"Two-step",328,0.917817960540353,0.9371037314157
1000,"Two-step",329,1.12843547241767,1.12686129912426
1000,"Two-step",330,-0.39209746185604,-0.365493055031037
1000,"Two-step",331,-0.312526538007066,-0.278149589221138
1000,"Two-step",332,-0.39252870740443,-0.351335915533798
1000,"Two-step",333,-0.45757821526451,-0.423400747641188
1000,"Two-step",334,-6.72471971883511e-05,0.0241300945256524
1000,"Two-step",335,-0.135878774183644,-0.101952600002579
1000,"Two-step",336,-0.630328462783993,-0.578580257184719
1000,"Two-step",337,-1.2986744164173,-1.23764171881674
1000,"Two-step",338,-0.815212730287663,-0.765384013345365
1000,"Two-step",339,1.17565980864519,1.1769119521095
1000,"Two-step",340,2.14440832240545,2.11963878702336
1000,"Two-step",341,-1.3571521094488,-1.30125643624626
1000,"Two-step",342,0.745643572860231,0.766039265361886
1000,"Two-step",343,0.664334155461059,0.678759323498739
1000,"Two-step",344,0.829624651428116,0.837302497251457
1000,"Two-step",345,1.9965593631224,1.97039062707159
1000,"Two-step",346,-0.124176331961681,-0.0803887178950579
1000,"Two-step",347,0.336271233798384,0.35393674741922
1000,"Two-step",348,-0.989391745526036,-0.942099297718425
1000,"Two-step",349,0.707652244008859,0.719204941113206
1000,"Two-step",350,0.481612618907234,0.507699697949364
1000,"Two-step",351,0.682850686694398,0.690328397732766
1000,"Two-step",352,-0.782243214329361,-0.729471923125876
1000,"Two-step",353,-0.726368286042951,-0.674269852166955
1000,"Two-step",354,0.60537550721934,0.61748030460576
1000,"Two-step",355,0.820251441762455,0.840642674930674
1000,"Two-step",356,-1.26104022456611,-1.20468523430641
1000,"Two-step",357,1.94194480384967,1.92267838178829
1000,"Two-step",358,-0.206527786071836,-0.165187877609324
1000,"Two-step",359,-0.07322953963856,-0.0355699791521029
1000,"Two-step",360,-0.221594982385065,-0.180800997991652
1000,"Two-step",361,-0.339747127988115,-0.301431833820522
1000,"Two-step",362,-0.566759016636093,-0.530317787011048
1000,"Two-step",363,-0.333533132432781,-0.296137711153122
1000,"Two-step",364,0.383405483309147,0.411372487545769
1000,"Two-step",365,-1.19585352946109,-1.13373724707949
1000,"Two-step",366,0.777779822891804,0.797776834432623
1000,"Two-step",367,0.830872092642292,0.84310971486674
1000,"Two-step",368,-1.46443097818512,-1.39893167418609
1000,"Two-step",369,1.64588326851435,1.64743175606305
1000,"Two-step",370,0.041549928236433,0.0814895885580583
1000,"Two-step",371,0.479824649432383,0.489872253017778
1000,"Two-step",372,-1.11571048201193,-1.05305642245842
1000,"Two-step",373,-1.45821517726442,-1.39816285975222
1000,"Two-step",374,0.787399136348476,0.809175080071873
1000,"Two-step",375,-1.42293488532659,-1.35624911601775
1000,"Two-step",376,-0.874178747342037,-0.821419974818316
1000,"Two-step",377,0.88807046498538,0.917103325130006
1000,"Two-step",378,-1.03157547516786,-0.975015390039362
1000,"Two-step",379,-0.916413246308396,-0.874072735131419
1000,"Two-step",380,1.98862925331574,1.96890577536884
1000,"Two-step",381,-1.39208894054944,-1.32778259894147
1000,"Two-step",382,-0.622171592406718,-0.580648917616836
1000,"Two-step",383,-0.601684433127656,-0.557132146781521
1000,"Two-step",384,-0.984809771213376,-0.938838743093222
1000,"Two-step",385,-0.129085496610951,-0.0983577395553118
1000,"Two-step",386,-1.83793791329017,-1.77975962296162
1000,"Two-step",387,1.11728817701909,1.12187082268432
1000,"Two-step",388,-0.436376197622289,-0.392179966150403
1000,"Two-step",389,-2.04089494528815,-1.98455270062698
1000,"Two-step",390,0.278104864738317,0.298464365088197
1000,"Two-step",391,-1.08361343562914,-1.03107259061911
1000,"Two-step",392,0.542599210028025,0.559397108608739
1000,"Two-step",393,1.30037391985275,1.30754620246801
1000,"Two-step",394,0.144504152108202,0.173476442656883
1000,"Two-step",395,-0.957525466437598,-0.908720696345202
1000,"Two-step",396,0.84155138154557,0.855073508220151
1000,"Two-step",397,1.43124030301164,1.44114860420792
1000,"Two-step",398,-0.465861445485864,-0.419322563359688
1000,"Two-step",399,-0.692211427392762,-0.65209316805488
1000,"Two-step",400,0.858269499855708,0.8639815300572
1000,"Two-step",401,-0.186786857022311,-0.155947312760193
1000,"Two-step",402,0.253915923523273,0.272504830163433
1000,"Two-step",403,-0.000618390687375966,0.0228786910166714
1000,"Two-step",404,0.705362754311856,0.723202871957013
1000,"Two-step",405,-0.702723567050243,-0.654027779546334
1000,"Two-step",406,0.21875393409362,0.23966888847438
1000,"Two-step",407,-0.878342513880657,-0.825440122663355
1000,"Two-step",408,0.416879641456665,0.436778634556556
1000,"Two-step",409,1.24642588831645,1.24883014179832
1000,"Two-step",410,0.946940589633681,0.963393828727029
1000,"Two-step",411,-0.0189599178515464,0.00549568496513542
1000,"Two-step",412,0.564616161309177,0.580336778001647
1000,"Two-step",413,1.23225978978665,1.24454835675145
1000,"Two-step",414,-1.78090206850684,-1.71507960202741
1000,"Two-step",415,-0.733008579256659,-0.680048314076314
1000,"Two-step",416,0.505447656115686,0.526573259449011
1000,"Two-step",417,1.7420395877613,1.73883636715583
1000,"Two-step",418,0.594657237471493,0.613539265828071
1000,"Two-step",419,-0.592219952688505,-0.556861399500769
1000,"Two-step",420,-1.43851609204101,-1.37300075345616
1000,"Two-step",421,-1.01106064610573,-0.958284798670197
1000,"Two-step",422,-0.307425991409197,-0.269549378433094
1000,"Two-step",423,1.2713848928998,1.27102539354824
1000,"Two-step",424,0.644317159241725,0.655094867360214
1000,"Two-step",425,-0.488050479909553,-0.447602045912503
1000,"Two-step",426,-0.405258670757174,-0.366404135175885
1000,"Two-step",427,-1.23419727079617,-1.17661974469543
1000,"Two-step",428,1.81312240812854,1.80734457754374
1000,"Two-step",429,1.06234186278394,1.05997076630713
1000,"Two-step",430,0.429407101762065,0.442359699816075
1000,"Two-step",431,-0.387219264096067,-0.349173350668759
1000,"Two-step",432,0.659570733903277,0.673785716551737
1000,"Two-step",433,2.09665440434212,2.08215301840329
1000,"Two-step",434,0.522985772843349,0.551685475947569
1000,"Two-step",435,-0.347007329910151,-0.296891578396942
1000,"Two-step",436,0.407938001499376,0.427597616081173
1000,"Two-step",437,3.53928031777589,3.50119919688174
1000,"Two-step",438,0.424681160819579,0.451971618738183
1000,"Two-step",439,1.29771198704221,1.3023317663835
1000,"Two-step",440,0.870372737763072,0.872166351551249
1000,"Two-step",441,1.34675150686672,1.34009190557316
1000,"Two-step",442,-1.01283755472174,-0.950040041395105
1000,"Two-step",443,-0.0841856646634953,-0.0460550660060107
1000,"Two-step",444,-1.14443971565134,-1.08217986571491
1000,"Two-step",445,0.771753699425499,0.775822646121997
1000,"Two-step",446,0.206874904738146,0.235450859887725
1000,"Two-step",447,0.503728613008183,0.51956895626041
1000,"Two-step",448,-0.475874245886538,-0.450682665210116
1000,"Two-step",449,0.0551642042181103,0.0860623539568014
1000,"Two-step",450,-0.889186668303848,-0.855774882787374
1000,"Two-step",451,0.841970761319329,0.865271180178223
1000,"Two-step",452,0.544251498757503,0.559296373522809
1000,"Two-step",453,0.279753627907834,0.303028291378402
1000,"Two-step",454,0.235443584772526,0.261002665835612
1000,"Two-step",455,-1.04442994139368,-0.980353052438667
1000,"Two-step",456,-0.729948514987681,-0.684669437619818
1000,"Two-step",457,-1.13709993516455,-1.07868762691196
1000,"Two-step",458,-0.667385759619192,-0.631125267246308
1000,"Two-step",459,0.566630286099805,0.58484112307987
1000,"Two-step",460,1.99523803140499,1.98926007833357
1000,"Two-step",461,-1.06832645452614,-1.02005645463297
1000,"Two-step",462,-1.48272149965421,-1.41056119267712
1000,"Two-step",463,0.610995892658957,0.623902305226414
1000,"Two-step",464,1.14254722294496,1.15054257131431
1000,"Two-step",465,-1.88815002244599,-1.80923580848055
1000,"Two-step",466,-1.59359507694146,-1.52636383394564
1000,"Two-step",467,-0.28340769541125,-0.241901328062015
1000,"Two-step",468,-0.244459241252425,-0.211105892593312
1000,"Two-step",469,-0.441262120696373,-0.395630622613863
1000,"Two-step",470,1.36720122561785,1.37190226539789
1000,"Two-step",471,0.201491538168769,0.231083936948983
1000,"Two-step",472,0.538533491816987,0.559859196546817
1000,"Two-step",473,0.297256751999437,0.316414422714625
1000,"Two-step",474,0.622196678652021,0.642717292173334
1000,"Two-step",475,0.2659197823004,0.284937714474244
1000,"Two-step",476,0.181770818165316,0.207503637124121
1000,"Two-step",477,-0.941716469509172,-0.883822221567277
1000,"Two-step",478,0.424399272985818,0.43545619156199
1000,"Two-step",479,-1.40011814744256,-1.33000368015521
1000,"Two-step",480,-1.0924571429851,-1.04058100119763
1000,"Two-step",481,-0.663212402698846,-0.609876855277687
1000,"Two-step",482,-1.08956964561596,-1.0303221514295
1000,"Two-step",483,-0.326152405883729,-0.283535670022595
1000,"Two-step",484,0.0881094744964438,0.127913229451334
1000,"Two-step",485,2.18624132909208,2.17517488383364
1000,"Two-step",486,0.209918005109544,0.234918047551189
1000,"Two-step",487,1.46961258239072,1.45773227876157
1000,"Two-step",488,-0.224965376526953,-0.187359871991174
1000,"Two-step",489,0.315491614177877,0.345843019542959
1000,"Two-step",490,-1.25919615014746,-1.20677544889416
1000,"Two-step",491,-0.460193829607201,-0.417797241991721
1000,"Two-step",492,-0.388537618177425,-0.346663617829781
1000,"Two-step",493,1.07675492237383,1.08266522036073
1000,"Two-step",494,1.62267515519453,1.62341568092334
1000,"Two-step",495,0.602233270286564,0.630867780738866
1000,"Two-step",496,-0.493737516421189,-0.452297271077942
1000,"Two-step",497,-0.149029521962606,-0.12029280347273
1000,"Two-step",498,-0.350617692494382,-0.314374315980401
1000,"Two-step",499,-0.548966645205338,-0.495595338094263
1000,"Two-step",500,0.0897568405948047,0.115577295226228
1000,"Two-step",501,0.123523837150351,0.159456513374752
1000,"Two-step",502,0.0105139503811462,0.0414753557652236
1000,"Two-step",503,0.971994124325291,0.977227662751413
1000,"Two-step",504,0.0128231457768033,0.0446966558264012
1000,"Two-step",505,0.732745947666314,0.751343666068357
1000,"Two-step",506,0.804393311661174,0.827035122836015
1000,"Two-step",507,2.16761539885989,2.15155708977261
1000,"Two-step",508,0.810825994425822,0.824964004268493
1000,"Two-step",509,-1.56661210669355,-1.49590495631203
1000,"Two-step",510,-0.430136911477829,-0.393582500577342
1000,"Two-step",511,0.0177634670469975,0.0351317104841548
1000,"Two-step",512,0.00712076420282318,0.0338310937747957
1000,"Two-step",513,-0.977168123478935,-0.922327605293195
1000,"Two-step",514,-1.56895519282299,-1.50642159434272
1000,"Two-step",515,1.91726367344026,1.92148578177433
1000,"Two-step",516,1.00369248444418,1.00536596676933
1000,"Two-step",517,-0.365063796498,-0.328433282504528
1000,"Two-step",518,0.767106681893583,0.76944616475024
1000,"Two-step",519,-0.407708593136991,-0.371236442791896
1000,"Two-step",520,-1.15897740741018,-1.10331982115248
1000,"Two-step",521,-1.16036455901239,-1.1049507669769
1000,"Two-step",522,-0.542746667338037,-0.507659943969344
1000,"Two-step",523,1.39978759214363,1.41177479983758
1000,"Two-step",524,1.09484628984623,1.1048966650899
1000,"Two-step",525,-0.853936416362714,-0.793755594390277
1000,"Two-step",526,0.454302795095389,0.463407752208862
1000,"Two-step",527,0.285962643736626,0.312526590836842
1000,"Two-step",528,0.471620255907592,0.489997556406738
1000,"Two-step",529,-0.335579711298846,-0.297049151567589
1000,"Two-step",530,-1.39347167851335,-1.33869031611741
1000,"Two-step",531,1.00644098690418,1.01262008090485
1000,"Two-step",532,-1.73854917159879,-1.66406808730172
1000,"Two-step",533,0.821797920096994,0.85098180742918
1000,"Two-step",534,0.155332322373861,0.192332822593221
1000,"Two-step",535,-1.20794800682765,-1.14517161831323
1000,"Two-step",536,1.01705083624344,1.02352910687852
1000,"Two-step",537,0.475804072187654,0.493405879224408
1000,"Two-step",538,-1.20754281570625,-1.14570024019363
1000,"Two-step",539,0.0237054704750394,0.0576824249952767
1000,"Two-step",540,0.240907745860148,0.259682996054046
1000,"Two-step",541,0.797601046955439,0.810470606627088
1000,"Two-step",542,0.855581362123736,0.865775641125013
1000,"Two-step",543,0.779199018794827,0.797034932083045
1000,"Two-step",544,-0.0577138397465288,-0.0222366338198744
1000,"Two-step",545,0.609046250337668,0.618413243969525
1000,"Two-step",546,-0.0277457939443279,0.0166817894318183
1000,"Two-step",547,-0.72429145967211,-0.688224942393564
1000,"Two-step",548,0.192136110740767,0.220054953683404
1000,"Two-step",549,-0.154988125994355,-0.1294543951814
1000,"Two-step",550,-0.0697095739230616,-0.0462357224375579
1000,"Two-step",551,0.598954365797889,0.605788378371842
1000,"Two-step",552,0.0293119531681114,0.0631184883737988
1000,"Two-step",553,-0.649192231875295,-0.605383517905867
1000,"Two-step",554,-0.0202767341825034,0.0189022227682643
1000,"Two-step",555,0.802431667270757,0.80639546714215
1000,"Two-step",556,1.09929223737839,1.10557719462898
1000,"Two-step",557,0.367970962699636,0.388476284261765
1000,"Two-step",558,1.16797517723546,1.16861210559968
1000,"Two-step",559,-0.295235385482402,-0.259969118357991
1000,"Two-step",560,-1.72400907076231,-1.65643859665102
1000,"Two-step",561,0.549307103339155,0.557386909955371
1000,"Two-step",562,-1.9605939780253,-1.87996880463174
1000,"Two-step",563,0.0663969087064684,0.103683672144873
1000,"Two-step",564,1.9972949885198,1.99136801036983
1000,"Two-step",565,-1.62429005546684,-1.56027378070445
1000,"Two-step",566,-1.17939890047686,-1.12600509935179
1000,"Two-step",567,0.0343030302689553,0.0590703410937935
1000,"Two-step",568,0.206105180783526,0.229121618788956
1000,"Two-step",569,-0.486755541459717,-0.455226195444263
1000,"Two-step",570,0.211039730815732,0.241569955346417
1000,"Two-step",571,-0.00108215335172347,0.0316397918053978
1000,"Two-step",572,-1.08849627814124,-1.03732360243783
1000,"Two-step",573,-0.367542133775774,-0.342477376276326
1000,"Two-step",574,-0.159039164503522,-0.129043912388236
1000,"Two-step",575,-0.674339220045763,-0.633074248040849
1000,"Two-step",576,-1.3697803521707,-1.3062394750649
1000,"Two-step",577,-0.146811527148012,-0.1229499709824
1000,"Two-step",578,0.266231794057371,0.290432041523077
1000,"Two-step",579,0.770599064670539,0.782287635209512
1000,"Two-step",580,0.758202204568829,0.774931711075005
1000,"Two-step",581,0.202899430113804,0.230232585905749
1000,"Two-step",582,0.985104987982722,0.988782461165001
1000,"Two-step",583,-0.470834431104491,-0.428747710210201
1000,"Two-step",584,-0.239286376057788,-0.209706837157088
1000,"Two-step",585,0.446691464457952,0.463749809175075
1000,"Two-step",586,0.767971843739769,0.786642647349596
1000,"Two-step",587,0.571897783446841,0.594770425768234
1000,"Two-step",588,0.803232467697876,0.815888571756709
1000,"Two-step",589,0.967455297017984,0.975903355885657
1000,"Two-step",590,-0.5832263853218,-0.543679528607363
1000,"Two-step",591,-0.726968231718856,-0.678868413189567
1000,"Two-step",592,0.730070329930376,0.746462952649432
1000,"Two-step",593,0.30140596111873,0.321650654415987
1000,"Two-step",594,-1.23064484508467,-1.17857905805397
1000,"Two-step",595,-1.81799647154871,-1.74389134532598
1000,"Two-step",596,0.720814439701012,0.736209695355087
1000,"Two-step",597,0.65860458581351,0.681991808163241
1000,"Two-step",598,0.443434500758031,0.470513941440143
1000,"Two-step",599,0.652359580698679,0.684174471505563
1000,"Two-step",600,-0.597642769967455,-0.547310485082878
1000,"Two-step",601,-0.320081725391496,-0.28436838140861
1000,"Two-step",602,0.635716750259754,0.651574204342298
1000,"Two-step",603,1.20180811093989,1.20321142362277
1000,"Two-step",604,-0.193663739890721,-0.168564415409737
1000,"Two-step",605,0.449999594791919,0.479444830004366
1000,"Two-step",606,-2.18522858038785,-2.11311416250256
1000,"Two-step",607,-1.88987774527641,-1.8151724913096
1000,"Two-step",608,-0.683470622315306,-0.635416704530388
1000,"Two-step",609,-0.232216897072315,-0.196621012845563
1000,"Two-step",610,-0.00502699609794729,0.016207052163166
1000,"Two-step",611,0.276507365329527,0.304670431091732
1000,"Two-step",612,-0.413334130142006,-0.377234066972584
1000,"Two-step",613,0.279489544811072,0.295429238622471
1000,"Two-step",614,0.231224978409939,0.256196198832384
1000,"Two-step",615,-0.230303029933992,-0.183323486069943
1000,"Two-step",616,-0.688314844506144,-0.640718635112486
1000,"Two-step",617,0.795745339674558,0.811434871475508
1000,"Two-step",618,1.79412504516425,1.78522184485064
1000,"Two-step",619,-1.41512596492424,-1.34606597362034
1000,"Two-step",620,0.522271450381255,0.541699118873564
1000,"Two-step",621,0.789273299945444,0.802263519748142
1000,"Two-step",622,-0.791118776271396,-0.737878711881647
1000,"Two-step",623,0.443048030186981,0.462197473995947
1000,"Two-step",624,-1.30070635951457,-1.23365241600925
1000,"Two-step",625,0.257670715444711,0.283793766124121
1000,"Two-step",626,-1.30457136614769,-1.24741757940757
1000,"Two-step",627,-0.105130263533544,-0.0751918243381942
1000,"Two-step",628,1.71376291641467,1.71572810298853
1000,"Two-step",629,-0.586795306950526,-0.543819453253383
1000,"Two-step",630,0.713327911596262,0.735262945764011
1000,"Two-step",631,-0.0147514405147201,0.00726115631078325
1000,"Two-step",632,-1.2524700008777,-1.18650300877541
1000,"Two-step",633,-1.34076624175117,-1.27031576099391
1000,"Two-step",634,-0.449877765028449,-0.412601700184309
1000,"Two-step",635,-0.551840443827584,-0.51047881595853
1000,"Two-step",636,-0.195778027016611,-0.16653194692178
1000,"Two-step",637,1.06199014326409,1.07084347471635
1000,"Two-step",638,-1.62084218257181,-1.55849764242037
1000,"Two-step",639,0.705499901328815,0.723403848027643
1000,"Two-step",640,-0.897840949048738,-0.847204970537208
1000,"Two-step",641,-0.514869958673916,-0.484073630841382
1000,"Two-step",642,-1.3697870684405,-1.30509807696112
1000,"Two-step",643,0.123064559348941,0.149270607206893
1000,"Two-step",644,0.0911351819238687,0.130992669491098
1000,"Two-step",645,-1.7052300334886,-1.63403277153627
1000,"Two-step",646,-0.257034415888089,-0.217418478172407
1000,"Two-step",647,-0.246561799213568,-0.197672935537025
1000,"Two-step",648,0.204661271819568,0.247147763546049
1000,"Two-step",649,-0.673045480584691,-0.631780973802028
1000,"Two-step",650,-1.53902454339595,-1.46895397628402
1000,"Two-step",651,1.12354389424164,1.12889055155038
1000,"Two-step",652,0.742357310177938,0.759328104415461
1000,"Two-step",653,-1.39086833869636,-1.33530865078251
1000,"Two-step",654,-1.15881181571755,-1.10272618426433
1000,"Two-step",655,0.843290509345651,0.854742250181997
1000,"Two-step",656,-1.4968085682214,-1.42980854174348
1000,"Two-step",657,0.829568300415457,0.840550745739211
1000,"Two-step",658,-1.2481841212183,-1.20286766252143
1000,"Two-step",659,0.708704092733235,0.720109608820849
1000,"Two-step",660,0.0342354070186254,0.0538885104567193
1000,"Two-step",661,-0.812130658597613,-0.775927952153899
1000,"Two-step",662,-1.61252029559553,-1.54257295438064
1000,"Two-step",663,-0.20306413319901,-0.172977825811943
1000,"Two-step",664,-0.75134997158024,-0.701804942555352
1000,"Two-step",665,1.32873562900816,1.3320852012328
1000,"Two-step",666,0.474779302369462,0.489704929386748
1000,"Two-step",667,0.290531713187727,0.309913571645528
1000,"Two-step",668,-0.975915051529992,-0.928075457467277
1000,"Two-step",669,-0.794417707552227,-0.742477960142747
1000,"Two-step",670,-0.543647388677229,-0.488401233057187
1000,"Two-step",671,0.123731572324589,0.144497483706239
1000,"Two-step",672,0.110129336045742,0.151086030667281
1000,"Two-step",673,0.121622547566249,0.148028344101416
1000,"Two-step",674,-0.410487146227827,-0.364076817518383
1000,"Two-step",675,0.94319907360561,0.946808682740953
1000,"Two-step",676,0.146413041234593,0.175695350491052
1000,"Two-step",677,0.688374908814563,0.702234612232723
1000,"Two-step",678,-0.452546437241042,-0.406428741838639
1000,"Two-step",679,0.71687182275121,0.726855544523633
1000,"Two-step",680,0.238744810800688,0.26998060345307
1000,"Two-step",681,0.61046543779327,0.64053901564091
1000,"Two-step",682,-0.967146232331452,-0.911672028311095
1000,"Two-step",683,1.56920319685617,1.56135748159401
1000,"Two-step",684,-1.1722930637677,-1.10889969268255
1000,"Two-step",685,0.670792116742316,0.689602860771102
1000,"Two-step",686,-0.184834715499489,-0.153664700130301
1000,"Two-step",687,0.138923952820405,0.169533463421106
1000,"Two-step",688,1.22176729235689,1.22664358088874
1000,"Two-step",689,-0.966436096488616,-0.92134904565006
1000,"Two-step",690,1.17599347673909,1.17223895550353
1000,"Two-step",691,-0.26376262983752,-0.234979287271155
1000,"Two-step",692,0.891402700929028,0.89324589560011
1000,"Two-step",693,-1.4080382137739,-1.3433661344365
1000,"Two-step",694,-0.945576324347401,-0.890342662383449
1000,"Two-step",695,-0.0904305420631212,-0.0583120152890747
1000,"Two-step",696,-0.918133644946922,-0.869115404515963
1000,"Two-step",697,1.84801394177136,1.83515440940188
1000,"Two-step",698,-0.291632244657712,-0.249872992824339
1000,"Two-step",699,-0.781425682560035,-0.740502677861891
1000,"Two-step",700,0.0635452682024666,0.0958688366702385
1000,"Two-step",701,0.617517920151695,0.623881028412801
1000,"Two-step",702,1.41352686623227,1.40395629583833
1000,"Two-step",703,0.607276827150129,0.627490194881826
1000,"Two-step",704,-1.53247737918384,-1.46411718680554
1000,"Two-step",705,0.0972243032072481,0.127805072975313
1000,"Two-step",706,-0.889437565442758,-0.827545462937174
1000,"Two-step",707,-0.984330777501776,-0.921618394749549
1000,"Two-step",708,1.62776177083558,1.61415923538239
1000,"Two-step",709,-0.310681387349332,-0.270478806267777
1000,"Two-step",710,-0.0218291232673206,0.00875070240495742
1000,"Two-step",711,-1.2845835807159,-1.22539252534639
1000,"Two-step",712,-1.64580411245951,-1.57572494070368
1000,"Two-step",713,-0.751566309274154,-0.704273411304721
1000,"Two-step",714,-2.63731078616002,-2.55898514670984
1000,"Two-step",715,0.15653166581834,0.179826402112325
1000,"Two-step",716,0.61762939230935,0.623659188207466
1000,"Two-step",717,0.481419500999697,0.499049287103449
1000,"Two-step",718,-0.0407771535591439,-0.0143391345744675
1000,"Two-step",719,-0.546706728075465,-0.507611112744472
1000,"Two-step",720,-0.850846133734291,-0.801533006196737
1000,"Two-step",721,1.06299719096259,1.06424244049412
1000,"Two-step",722,1.66729830584726,1.6588134411181
1000,"Two-step",723,1.03300784831052,1.02372971109397
1000,"Two-step",724,0.790949637063216,0.807208162283136
1000,"Two-step",725,-0.616245274884501,-0.562878362010809
1000,"Two-step",726,-2.64715513794315,-2.55361250824657
1000,"Two-step",727,-0.60170370272654,-0.555508485124163
1000,"Two-step",728,-1.48573814337831,-1.41120023198282
1000,"Two-step",729,0.422721409974151,0.445134725533809
1000,"Two-step",730,0.595829603247119,0.612145245851606
1000,"Two-step",731,2.26722071850491,2.24717532607663
1000,"Two-step",732,-0.550074215944325,-0.503838916622626
1000,"Two-step",733,0.0259691894842517,0.0684210245862064
1000,"Two-step",734,-2.21325616566516,-2.14088375817606
1000,"Two-step",735,0.652932677661881,0.66732874048333
1000,"Two-step",736,1.54369652830959,1.53543421416301
1000,"Two-step",737,-0.650472241288063,-0.604705100848587
1000,"Two-step",738,-1.10103892896932,-1.05400932523896
1000,"Two-step",739,-0.181736042882798,-0.144208951127448
1000,"Two-step",740,-0.788788141897729,-0.740376873333862
1000,"Two-step",741,1.14048789684474,1.14775706815849
1000,"Two-step",742,0.488680009153075,0.512379198701985
1000,"Two-step",743,2.22473598784256,2.20775752138133
1000,"Two-step",744,1.08398439788354,1.10496279347124
1000,"Two-step",745,0.68013267330753,0.694148007657011
1000,"Two-step",746,0.839005087899202,0.859901318280616
1000,"Two-step",747,-0.569573873081654,-0.522188444810345
1000,"Two-step",748,0.668923476203775,0.68780647016603
1000,"Two-step",749,1.20781039588756,1.21688370451808
1000,"Two-step",750,0.00629681240146449,0.0368443629290453
1000,"Two-step",751,-0.508127858850726,-0.46977001534388
1000,"Two-step",752,-1.38090943479598,-1.31275366818471
1000,"Two-step",753,1.27444894158163,1.27905658690179
1000,"Two-step",754,0.653823245730615,0.676696521731725
1000,"Two-step",755,-0.136942597337407,-0.10310383196619
1000,"Two-step",756,0.755053313419788,0.764895695521075
1000,"Two-step",757,-0.680381373725796,-0.633439902461838
1000,"Two-step",758,1.21367163647028,1.22186579163189
1000,"Two-step",759,0.906555068532577,0.909190413907159
1000,"Two-step",760,-0.945171665479356,-0.895872059558641
1000,"Two-step",761,0.0145724467599945,0.0414717221769395
1000,"Two-step",762,-0.00239423332459399,0.0305021571512504
1000,"Two-step",763,2.06001071097369,2.05403866436191
1000,"Two-step",764,-0.135756570731649,-0.107352718291164
1000,"Two-step",765,0.878176409259842,0.897432613605279
1000,"Two-step",766,-1.49466852537597,-1.43077560235885
1000,"Two-step",767,-0.744832028021662,-0.700449733961679
1000,"Two-step",768,-0.949249217553757,-0.898842999590854
1000,"Two-step",769,-0.831497102777932,-0.77835702266522
1000,"Two-step",770,0.0657263670514213,0.0872453716265742
1000,"Two-step",771,-1.78408663242536,-1.71012016193767
1000,"Two-step",772,2.22176031153731,2.21008993899627
1000,"Two-step",773,1.79370431789009,1.78521284293211
1000,"Two-step",774,-2.30795736841835,-2.23940309637246
1000,"Two-step",775,0.9412447421935,0.943238172245658
1000,"Two-step",776,-1.4077236451413,-1.33389081458057
1000,"Two-step",777,-1.33059062453223,-1.2639101129993
1000,"Two-step",778,-1.5802774920369,-1.51098730119612
1000,"Two-step",779,1.61322444194905,1.62137197399382
1000,"Two-step",780,-0.23016454020742,-0.19788939513602
1000,"Two-step",781,1.33934842377037,1.33588339589245
1000,"Two-step",782,-1.5453410201625,-1.49016728501068
1000,"Two-step",783,-0.651478337449541,-0.614449313683545
1000,"Two-step",784,1.4609538035099,1.45722845549035
1000,"Two-step",785,-0.34555359573402,-0.30694307564503
1000,"Two-step",786,-0.43176075414843,-0.393377066958918
1000,"Two-step",787,0.338136685014368,0.355933489927181
1000,"Two-step",788,-0.77153064305769,-0.731484947319144
1000,"Two-step",789,-1.75272006427656,-1.67931980431921
1000,"Two-step",790,0.448296422623596,0.488494317533
1000,"Two-step",791,-1.34866514753681,-1.28700152414745
1000,"Two-step",792,-0.00654606472539192,0.0284923946875822
1000,"Two-step",793,0.0553307907326645,0.0865832038884822
1000,"Two-step",794,-1.37167860982661,-1.31774632893346
1000,"Two-step",795,-0.204392055952495,-0.166524216569553
1000,"Two-step",796,-1.76649969410964,-1.69298822660338
1000,"Two-step",797,0.0366820052586892,0.0772616873219077
1000,"Two-step",798,0.104890795500979,0.126010448309673
1000,"Two-step",799,1.23259797748812,1.23213078585106
1000,"Two-step",800,0.551105360460047,0.562515195959029
1000,"Two-step",801,0.975329715265456,0.991292323664535
1000,"Two-step",802,-0.163765785334949,-0.113716756978092
1000,"Two-step",803,1.32653430723233,1.33039029764414
1000,"Two-step",804,0.0503785438097515,0.0844131145257185
1000,"Two-step",805,1.00136309291973,1.00661150434786
1000,"Two-step",806,-1.8664853553827,-1.81045952433583
1000,"Two-step",807,0.0200293582189744,0.0437930501555892
1000,"Two-step",808,0.424069815698348,0.446712985926937
1000,"Two-step",809,-0.524859565331182,-0.48434811896326
1000,"Two-step",810,1.14704969217391,1.15896631502548
1000,"Two-step",811,0.110794896242966,0.133694754099014
1000,"Two-step",812,0.629253371494188,0.649622275355094
1000,"Two-step",813,-0.683499770317306,-0.637325594494274
1000,"Two-step",814,1.40416009404795,1.40196809138405
1000,"Two-step",815,-1.03568072003447,-0.99126822125822
1000,"Two-step",816,-0.813394881552837,-0.763518571744502
1000,"Two-step",817,2.93288084420398,2.89720850897635
1000,"Two-step",818,0.960488251617855,0.967153116042581
1000,"Two-step",819,1.38969244364969,1.3950801860088
1000,"Two-step",820,0.426122668184879,0.440033662046532
1000,"Two-step",821,-1.47150600359032,-1.41001449725768
1000,"Two-step",822,1.01777174807545,1.01421622617782
1000,"Two-step",823,0.0904934029924609,0.110647511586108
1000,"Two-step",824,-0.00425607298005405,0.0230756244289932
1000,"Two-step",825,0.0352630027837497,0.0727270506219856
1000,"Two-step",826,1.21711699228587,1.21582222791994
1000,"Two-step",827,-0.439782907909743,-0.404668150425525
1000,"Two-step",828,-1.68493514544499,-1.61819999097214
1000,"Two-step",829,-0.980353196317841,-0.928960666802096
1000,"Two-step",830,0.024067476367505,0.0535679898837027
1000,"Two-step",831,-0.163847187746772,-0.127606518466342
1000,"Two-step",832,-0.435811613410793,-0.395507107141594
1000,"Two-step",833,-0.299317023941174,-0.258521873238341
1000,"Two-step",834,-0.611488670034298,-0.565280195380155
1000,"Two-step",835,-0.743610056432733,-0.694069256866325
1000,"Two-step",836,-0.0758158590688505,-0.047623571434629
1000,"Two-step",837,0.229320217474269,0.257252262997881
1000,"Two-step",838,-0.700011194616051,-0.665070744212641
1000,"Two-step",839,-0.0444195557093778,-0.0110015482025032
1000,"Two-step",840,-0.335109485244926,-0.298281941397379
1000,"Two-step",841,-0.547127915814499,-0.504270268249189
1000,"Two-step",842,0.67457030293643,0.689596566407158
1000,"Two-step",843,-1.52350335157546,-1.46611807342103
1000,"Two-step",844,-1.008306990418,-0.954762705932659
1000,"Two-step",845,-0.922142791655171,-0.859015743399706
1000,"Two-step",846,-0.474461815408185,-0.426089462214175
1000,"Two-step",847,-0.198424103411708,-0.162680486365248
1000,"Two-step",848,0.358494890027608,0.385507117069961
1000,"Two-step",849,0.974260643409925,0.978741135293685
1000,"Two-step",850,-0.524927125753414,-0.490563391239049
1000,"Two-step",851,-0.800503633706567,-0.759347867016863
1000,"Two-step",852,-0.730637838074784,-0.69101300436753
1000,"Two-step",853,-0.527346434836016,-0.496457336016536
1000,"Two-step",854,0.530400743339802,0.54431024218522
1000,"Two-step",855,0.652908198473058,0.670119457333037
1000,"Two-step",856,0.708781923354449,0.717355063259246
1000,"Two-step",857,-1.0708248594216,-1.02204153078055
1000,"Two-step",858,-1.11087787450333,-1.05115118429606
1000,"Two-step",859,0.959621899227017,0.969374893879023
1000,"Two-step",860,-0.251955016117149,-0.223673331309984
1000,"Two-step",861,-0.290466126703937,-0.256318027601639
1000,"Two-step",862,-0.495375014663184,-0.459141547941356
1000,"Two-step",863,-0.985356569948943,-0.930979956820628
1000,"Two-step",864,1.38969788774409,1.38559336150909
1000,"Two-step",865,-0.712203781928781,-0.667482580603854
1000,"Two-step",866,2.2734626327065,2.26385823342322
1000,"Two-step",867,-1.13866907710554,-1.08321651787376
1000,"Two-step",868,0.744030254605536,0.763012787281142
1000,"Two-step",869,0.85419174943862,0.8613329782896
1000,"Two-step",870,0.816530740744436,0.827767236271698
1000,"Two-step",871,-0.590555328273706,-0.549982699067191
1000,"Two-step",872,-0.0527515307408842,-0.00949252503889813
1000,"Two-step",873,-1.94130576681032,-1.86748391894784
1000,"Two-step",874,-0.472280152712266,-0.436373391164593
1000,"Two-step",875,0.871813730517782,0.87987834873602
1000,"Two-step",876,-1.57739885111066,-1.5141537893056
1000,"Two-step",877,2.89532987224117,2.86169887597603
1000,"Two-step",878,0.397121635758362,0.413672825860347
1000,"Two-step",879,0.959284459538024,0.963129910871848
1000,"Two-step",880,0.0530239886972738,0.0707680361224298
1000,"Two-step",881,-0.125614706790367,-0.0890212402710667
1000,"Two-step",882,1.41957711117681,1.41419743326805
1000,"Two-step",883,-0.848707463291074,-0.801344798956992
1000,"Two-step",884,-0.629235587050708,-0.572450192990208
1000,"Two-step",885,-1.69666497531607,-1.63278261107206
1000,"Two-step",886,-0.93310608237435,-0.884735970987118
1000,"Two-step",887,0.138370946282797,0.159263989634885
1000,"Two-step",888,-1.35885145303028,-1.29859284326999
1000,"Two-step",889,-0.568036703030383,-0.519557828385416
1000,"Two-step",890,1.02801620845507,1.04215943619304
1000,"Two-step",891,-0.0278199601662852,0.0127933224306453
1000,"Two-step",892,-0.901223876458814,-0.838120008508687
1000,"Two-step",893,-0.264586039446893,-0.241545613174411
1000,"Two-step",894,0.091200924230164,0.127058365094382
1000,"Two-step",895,-0.672933902092496,-0.627822846083577
1000,"Two-step",896,0.173531254567,0.194271323827285
1000,"Two-step",897,1.71008489440501,1.70004707981224
1000,"Two-step",898,0.415795063500664,0.440213419322116
1000,"Two-step",899,-0.496255205826349,-0.445785690118354
1000,"Two-step",900,-0.296949810523694,-0.248390400093298
1000,"Two-step",901,-0.436155420611551,-0.395713726304006
1000,"Two-step",902,-0.916334569468719,-0.859482306723936
1000,"Two-step",903,0.778253126665271,0.799515187000461
1000,"Two-step",904,1.0673560865046,1.07473783782381
1000,"Two-step",905,-0.620363751106989,-0.572990236800872
1000,"Two-step",906,-0.911138948967762,-0.861532883633037
1000,"Two-step",907,0.0379379727192746,0.053186082286371
1000,"Two-step",908,-1.12469120722978,-1.06424238472012
1000,"Two-step",909,1.55920886194412,1.55024462852802
1000,"Two-step",910,-1.0106460519091,-0.958717526158916
1000,"Two-step",911,0.465644260440826,0.477074418827371
1000,"Two-step",912,0.109013994290253,0.131676648704584
1000,"Two-step",913,-0.361467023859095,-0.319390539635586
1000,"Two-step",914,-0.560232240005853,-0.528996436200872
1000,"Two-step",915,0.400770116191886,0.417199560098595
1000,"Two-step",916,1.21262902166872,1.22397617242938
1000,"Two-step",917,0.273950675284629,0.291798489671911
1000,"Two-step",918,-0.911855101025337,-0.866030186875574
1000,"Two-step",919,-0.162111221468757,-0.135008729566305
1000,"Two-step",920,1.84370069533381,1.84542263661741
1000,"Two-step",921,-0.371977589173994,-0.339116637593864
1000,"Two-step",922,-0.583767440403293,-0.546232565970275
1000,"Two-step",923,0.198238355717824,0.221195126777126
1000,"Two-step",924,-2.00490424589412,-1.93563087246631
1000,"Two-step",925,-0.352897057410183,-0.322488714406618
1000,"Two-step",926,0.0668360512234428,0.109327898223905
1000,"Two-step",927,0.806189037386717,0.817203843312191
1000,"Two-step",928,-0.150073835038357,-0.108799923224168
1000,"Two-step",929,-1.76164969407598,-1.6902995476081
1000,"Two-step",930,0.412697955142482,0.431342462512825
1000,"Two-step",931,-0.932581635287561,-0.884718560163056
1000,"Two-step",932,0.655258355410094,0.670146706413181
1000,"Two-step",933,2.05583179743818,2.05350508418757
1000,"Two-step",934,0.720476588791087,0.724638372736989
1000,"Two-step",935,-0.351666858313268,-0.311416941446783
1000,"Two-step",936,-0.352483983480017,-0.318557714961191
1000,"Two-step",937,-1.5964918161196,-1.52913636810316
1000,"Two-step",938,-1.12213542257935,-1.07102843214535
1000,"Two-step",939,-0.981509493370509,-0.93365307135353
1000,"Two-step",940,-2.22534315881126,-2.15132742545104
1000,"Two-step",941,-0.299178871139608,-0.261580451170688
1000,"Two-step",942,0.121718560698307,0.151979457982439
1000,"Two-step",943,1.26322110476165,1.26155754045303
1000,"Two-step",944,-2.72613411732755,-2.6335108117223
1000,"Two-step",945,1.17923582990799,1.17554070272044
1000,"Two-step",946,-0.140107172429747,-0.115599234487828
1000,"Two-step",947,0.115309859658677,0.138229689108187
1000,"Two-step",948,0.0881525571508783,0.122363324814136
1000,"Two-step",949,0.62417362120758,0.638321617994607
1000,"Two-step",950,-1.54365109698493,-1.48677725722958
1000,"Two-step",951,1.61178818095867,1.61268305652574
1000,"Two-step",952,-0.817187865980462,-0.76586813324485
1000,"Two-step",953,-2.09441917923198,-2.02711061503748
1000,"Two-step",954,-1.62480498674046,-1.55644746741717
1000,"Two-step",955,-1.41258905537608,-1.35013403175424
1000,"Two-step",956,0.630902905610892,0.649097405574443
1000,"Two-step",957,-1.02810263144138,-0.990778966049452
1000,"Two-step",958,-0.249236799434251,-0.214741222919998
1000,"Two-step",959,-0.837900252475317,-0.802202528929996
1000,"Two-step",960,0.262222625947824,0.295921650835714
1000,"Two-step",961,1.27048132156559,1.28109286415699
1000,"Two-step",962,-0.115566826436951,-0.0909558372351334
1000,"Two-step",963,0.538998305069442,0.558887568961224
1000,"Two-step",964,0.0154710930584753,0.0399571929571556
1000,"Two-step",965,1.87511238209469,1.86685835798765
1000,"Two-step",966,0.676099347493743,0.694846549131587
1000,"Two-step",967,0.87140903637316,0.884094167601465
1000,"Two-step",968,-0.164248801180471,-0.12483369010197
1000,"Two-step",969,-0.146640544329977,-0.11958031598111
1000,"Two-step",970,2.60588840127552,2.58338497363859
1000,"Two-step",971,-1.23158719220474,-1.18106493760675
1000,"Two-step",972,-0.395517710665195,-0.373542090234298
1000,"Two-step",973,0.273987487560316,0.307412851831829
1000,"Two-step",974,0.668232532419672,0.688508810202415
1000,"Two-step",975,-1.31267067093103,-1.25221137269609
1000,"Two-step",976,-0.859110153647072,-0.806651849048192
1000,"Two-step",977,0.796578853050287,0.81469402921878
1000,"Two-step",978,0.206764884440994,0.231268388392981
1000,"Two-step",979,-0.214808455318016,-0.185981321754309
1000,"Two-step",980,0.939730646192105,0.948835495849717
1000,"Two-step",981,-1.23622782680174,-1.19087309187606
1000,"Two-step",982,-0.284141808111879,-0.247291686652208
1000,"Two-step",983,-1.97599517013734,-1.89723415966618
1000,"Two-step",984,-0.753459547029944,-0.702190211795372
1000,"Two-step",985,1.79640910088193,1.7891692220456
1000,"Two-step",986,3.09881846793127,3.05907488588564
1000,"Two-step",987,-1.32507887676064,-1.25996252151816
1000,"Two-step",988,-0.837711881033817,-0.781715834750283
1000,"Two-step",989,1.04170114649647,1.0496570602676
1000,"Two-step",990,-1.34712074770726,-1.28177159583952
1000,"Two-step",991,0.110079724556591,0.137742608225625
1000,"Two-step",992,0.532282907205894,0.549202190656588
1000,"Two-step",993,-0.371008813747159,-0.338380043374596
1000,"Two-step",994,0.534840037711733,0.555765852727204
1000,"Two-step",995,0.626278494076169,0.642567133554425
1000,"Two-step",996,-0.679580656983341,-0.633461471127568
1000,"Two-step",997,-0.267684823150978,-0.229587029187884
1000,"Two-step",998,1.65480611092183,1.64853645296173
1000,"Two-step",999,-0.890789979466366,-0.834420312964066
1000,"Two-step",1000,-0.338562852384453,-0.318461117774666
1000,"Joint",1,1.027264542182,1.00855987033526
1000,"Joint",2,-0.53500478919887,-0.478406305869308
1000,"Joint",3,-1.76741283113067,-1.66735339344215
1000,"Joint",4,1.03159000554111,1.01604916841809
1000,"Joint",5,0.441167586699378,0.451141375555778
1000,"Joint",6,-1.65883312609685,-1.54696292602339
1000,"Joint",7,0.259460938134192,0.274235955433637
1000,"Joint",8,1.44552897703612,1.40817505898922
1000,"Joint",9,-0.197346439696355,-0.155371364227985
1000,"Joint",10,-0.485989760315505,-0.436322250184936
1000,"Joint",11,-0.255042410494169,-0.204655679305113
1000,"Joint",12,-0.940013816822582,-0.858733172779694
1000,"Joint",13,-1.12937718701506,-1.03790744617164
1000,"Joint",14,-0.528997349490851,-0.474159571982378
1000,"Joint",15,-0.517802486558088,-0.471348935960984
1000,"Joint",16,0.995545138300854,0.982233155622215
1000,"Joint",17,-0.463748362916587,-0.420833894832112
1000,"Joint",18,1.25108081714316,1.23918510441811
1000,"Joint",19,0.353124718023142,0.355894997268878
1000,"Joint",20,-0.0834596232736538,-0.0557935996601984
1000,"Joint",21,0.888434859110264,0.872961271629156
1000,"Joint",22,-0.933196217782189,-0.856501571711336
1000,"Joint",23,-1.03238084142446,-0.961530652307732
1000,"Joint",24,0.241040535392444,0.254997283563936
1000,"Joint",25,0.928028100317948,0.912720340561063
1000,"Joint",26,-0.522173238300392,-0.478170864883515
1000,"Joint",27,2.42361941054783,2.34252557931587
1000,"Joint",28,-0.72012923641978,-0.654893618803663
1000,"Joint",29,1.58313181970128,1.54272193063817
1000,"Joint",30,-0.307098342659941,-0.267837762812108
1000,"Joint",31,-1.95848423967574,-1.82866759121629
1000,"Joint",32,-2.69034175192533,-2.54022695188857
1000,"Joint",33,0.739498303527184,0.748293602962283
1000,"Joint",34,-1.31529033764415,-1.21988108424048
1000,"Joint",35,-2.03475463618205,-1.90574847381855
1000,"Joint",36,-0.216936962456005,-0.175570955975851
1000,"Joint",37,0.255163604886299,0.281743592866729
1000,"Joint",38,0.940215212641183,0.923936614461968
1000,"Joint",39,-1.29259325359319,-1.20973442232841
1000,"Joint",40,-0.446042137186875,-0.397947597765209
1000,"Joint",41,1.65809501501525,1.61292104742765
1000,"Joint",42,-1.51870180872257,-1.41891414413537
1000,"Joint",43,0.469153992773582,0.484190977802512
1000,"Joint",44,-0.156999466993365,-0.125702280838643
1000,"Joint",45,-0.760110112977041,-0.694803950332879
1000,"Joint",46,1.58553532049397,1.5363473486869
1000,"Joint",47,0.0831697922179899,0.108574978889241
1000,"Joint",48,-2.09556873703357,-1.96673206966898
1000,"Joint",49,0.147679549917144,0.178080114196595
1000,"Joint",50,0.752598294683634,0.745418143961015
1000,"Joint",51,0.271438856040345,0.292887926924766
1000,"Joint",52,0.183737610043059,0.200930843794974
1000,"Joint",53,-0.920339894347457,-0.845616236760183
1000,"Joint",54,-0.743311473816888,-0.672295652735296
1000,"Joint",55,-2.49326030457993,-2.35674610779602
1000,"Joint",56,0.513901324785606,0.509904378466098
1000,"Joint",57,0.513545226669682,0.502225540277171
1000,"Joint",58,-1.49113051052708,-1.38634728262392
1000,"Joint",59,-0.844503583942534,-0.774575911302523
1000,"Joint",60,1.33167756131866,1.29858016265423
1000,"Joint",61,-0.843605049225395,-0.766354486366111
1000,"Joint",62,-0.919400253008788,-0.841077421711611
1000,"Joint",63,-0.361282288614427,-0.316992192784699
1000,"Joint",64,-0.687892567427276,-0.63558983962701
1000,"Joint",65,-0.926666717852983,-0.849671721063658
1000,"Joint",66,-0.572761369479432,-0.502163450598775
1000,"Joint",67,-0.286736458621399,-0.242446991388777
1000,"Joint",68,1.32879943055387,1.30158107723526
1000,"Joint",69,-1.92861472703506,-1.80211714181633
1000,"Joint",70,-0.0475895308340599,-0.0209783630757323
1000,"Joint",71,-0.729148622487331,-0.661438627941304
1000,"Joint",72,-0.383240195870091,-0.34216260698815
1000,"Joint",73,-0.433218757267242,-0.390390621550979
1000,"Joint",74,-0.625626908517459,-0.566225334434526
1000,"Joint",75,0.547012994907425,0.554243548362827
1000,"Joint",76,0.957145680616736,0.94956300950831
1000,"Joint",77,-1.50687364548082,-1.39921854209327
1000,"Joint",78,-1.20481191572334,-1.11175474974464
1000,"Joint",79,0.264476417367013,0.278252335864873
1000,"Joint",80,-1.38033384763357,-1.29335202989887
1000,"Joint",81,-0.476774931955005,-0.426690870840296
1000,"Joint",82,-0.813979358940628,-0.740002760968073
1000,"Joint",83,-0.479633693352698,-0.4253005988925
1000,"Joint",84,0.269777430833816,0.286732737160779
1000,"Joint",85,-0.950754980658937,-0.884083157972604
1000,"Joint",86,-0.958278380868112,-0.886407212311721
1000,"Joint",87,0.875149992684298,0.863716634587831
1000,"Joint",88,1.00555110947557,0.983742246207595
1000,"Joint",89,-1.04366786641578,-0.968059063152936
1000,"Joint",90,-0.167283813613277,-0.130296037347017
1000,"Joint",91,0.419057683835324,0.429949654654252
1000,"Joint",92,2.29327490307794,2.22574936459621
1000,"Joint",93,0.355821167809373,0.360060775828967
1000,"Joint",94,0.713778545185442,0.71529176924996
1000,"Joint",95,-0.826828581345035,-0.757722342322471
1000,"Joint",96,0.599112492720233,0.606083657226837
1000,"Joint",97,-1.22436659589794,-1.14579700980387
1000,"Joint",98,-0.673872970423584,-0.616898295550436
1000,"Joint",99,-1.93836997913516,-1.81985313502445
1000,"Joint",100,-1.45556650047732,-1.36204900567903
1000,"Joint",101,1.45632822389637,1.42517188865126
1000,"Joint",102,-1.41413169445185,-1.31544424078158
1000,"Joint",103,1.53713394405093,1.49515595704156
1000,"Joint",104,0.0198492346889183,0.0401077949756911
1000,"Joint",105,-0.975421519697566,-0.892644586971036
1000,"Joint",106,-1.60244993449908,-1.50728162380898
1000,"Joint",107,-0.139939594570663,-0.104099845642596
1000,"Joint",108,0.642684828054993,0.646390063436058
1000,"Joint",109,0.361752851270586,0.374495606659022
1000,"Joint",110,0.116303877576611,0.145189354259393
1000,"Joint",111,-0.431626523500557,-0.378970586851523
1000,"Joint",112,0.00235878010199329,0.0282372513129429
1000,"Joint",113,-0.850796849479466,-0.7881104891214
1000,"Joint",114,-0.250868964506077,-0.211961872701068
1000,"Joint",115,-0.240129583245589,-0.198918687311315
1000,"Joint",116,-0.575647397627959,-0.519392780701196
1000,"Joint",117,1.06016124172707,1.03811337144839
1000,"Joint",118,1.38559686051693,1.35225632397489
1000,"Joint",119,-1.01206797874815,-0.931842597373972
1000,"Joint",120,-0.474986637709521,-0.424304422635335
1000,"Joint",121,1.57392500146823,1.53222301306875
1000,"Joint",122,-0.217152992110213,-0.182499791778199
1000,"Joint",123,-0.0798158070447026,-0.0467827484110135
1000,"Joint",124,-0.87070377561046,-0.785253548206139
1000,"Joint",125,-0.0285210158700748,0.00601885016063335
1000,"Joint",126,-0.297296198616913,-0.244493185300272
1000,"Joint",127,0.959437208660508,0.946477716221536
1000,"Joint",128,-1.05785964720966,-0.986366812786542
1000,"Joint",129,-1.00296336686621,-0.927555823164021
1000,"Joint",130,1.41741021124882,1.37799693562594
1000,"Joint",131,-0.422523689834863,-0.370817672857347
1000,"Joint",132,-2.41854662280627,-2.28899322237869
1000,"Joint",133,1.36816395640645,1.32690687800059
1000,"Joint",134,2.58095966083583,2.49456201339136
1000,"Joint",135,-0.304386568993108,-0.256273027062869
1000,"Joint",136,0.770476849526143,0.764304970451238
1000,"Joint",137,1.08253267295818,1.06714321371423
1000,"Joint",138,-1.49461390870657,-1.39358053098676
1000,"Joint",139,-1.07602516327828,-0.998589830780832
1000,"Joint",140,1.35919401769216,1.33047126022987
1000,"Joint",141,1.11665912637843,1.09393316436511
1000,"Joint",142,-0.789489295237001,-0.712820615848508
1000,"Joint",143,-0.379513843225107,-0.330256512619798
1000,"Joint",144,0.478695879468613,0.485234957882987
1000,"Joint",145,-1.52234936082629,-1.4219292702226
1000,"Joint",146,2.24568059876541,2.17923411459803
1000,"Joint",147,1.95523619134391,1.90208130377476
1000,"Joint",148,-0.273612943429061,-0.235195953529138
1000,"Joint",149,-0.448232780425113,-0.403775798191696
1000,"Joint",150,-0.26449785366423,-0.217819243985004
1000,"Joint",151,0.813424658364087,0.801160561946462
1000,"Joint",152,-0.419620675246488,-0.355941331674049
1000,"Joint",153,0.614041976234735,0.608910251650807
1000,"Joint",154,0.804030673249494,0.802207918100627
1000,"Joint",155,1.12988822596159,1.1164276755829
1000,"Joint",156,0.302549111273946,0.321818663391029
1000,"Joint",157,-0.740358110481201,-0.67843584314651
1000,"Joint",158,0.689232639112987,0.679517645179113
1000,"Joint",159,-0.8021022381218,-0.723242056272143
1000,"Joint",160,-1.1808325040056,-1.09455552382317
1000,"Joint",161,-0.182307807572921,-0.1483469224164
1000,"Joint",162,0.352149187680177,0.36385697265501
1000,"Joint",163,0.502362252415506,0.510944453931992
1000,"Joint",164,0.943114176723313,0.924499721566963
1000,"Joint",165,0.70732832657859,0.703038602504268
1000,"Joint",166,-0.524596321576338,-0.474799055464614
1000,"Joint",167,-0.247863992175474,-0.197691590109831
1000,"Joint",168,0.197931848985574,0.224144155955116
1000,"Joint",169,-0.361368441224992,-0.322817840458208
1000,"Joint",170,-1.52919997369245,-1.43060646682918
1000,"Joint",171,-0.36243281664577,-0.310751677042699
1000,"Joint",172,1.19492066163637,1.16348616563628
1000,"Joint",173,-0.909447856640996,-0.834648713304816
1000,"Joint",174,-0.317156490608649,-0.27482777466106
1000,"Joint",175,0.564869633211992,0.567249861875726
1000,"Joint",176,-0.490432779346455,-0.431843143618784
1000,"Joint",177,1.55367224997244,1.50680321626257
1000,"Joint",178,-0.762341341865914,-0.694267071958455
1000,"Joint",179,-1.63234547942248,-1.53023957803384
1000,"Joint",180,-0.171768601397283,-0.11985023909762
1000,"Joint",181,0.157304994489349,0.175377877408723
1000,"Joint",182,0.45491439523656,0.469711438220688
1000,"Joint",183,-0.356637107951986,-0.306025962774562
1000,"Joint",184,-0.76628070470968,-0.704281150806234
1000,"Joint",185,-1.34884719915216,-1.26493769038003
1000,"Joint",186,0.881495105049538,0.86575624780134
1000,"Joint",187,0.295838983142229,0.312448546749358
1000,"Joint",188,-0.942667794472294,-0.853570370744203
1000,"Joint",189,-0.325611474975123,-0.278184952097853
1000,"Joint",190,0.805235306753974,0.803005741724817
1000,"Joint",191,-0.0673950949091075,-0.0457057778416603
1000,"Joint",192,-0.32610522586411,-0.279282062666982
1000,"Joint",193,-1.30189252852209,-1.21375892148252
1000,"Joint",194,-1.71499586255471,-1.61177660463312
1000,"Joint",195,0.530180875582187,0.529374556933907
1000,"Joint",196,1.30678308737913,1.27362252548395
1000,"Joint",197,0.109841309583754,0.137183266918668
1000,"Joint",198,0.562766383553856,0.557773068738803
1000,"Joint",199,0.882797928798587,0.871283486831873
1000,"Joint",200,-0.0715047791695804,-0.0414706489956012
1000,"Joint",201,0.13583939352309,0.154954697758164
1000,"Joint",202,-1.10731543186751,-1.02444464337242
1000,"Joint",203,-0.721879734971602,-0.659298722073556
1000,"Joint",204,0.392000753191892,0.394866130639164
1000,"Joint",205,1.40393392046741,1.37471833533779
1000,"Joint",206,0.545902872575287,0.549329012363758
1000,"Joint",207,0.339713485656673,0.349563023157044
1000,"Joint",208,-0.342064636749878,-0.299061726568207
1000,"Joint",209,-0.224661324926539,-0.184551366809944
1000,"Joint",210,-0.244528103624233,-0.219769129750217
1000,"Joint",211,-0.991104886049927,-0.915453304292948
1000,"Joint",212,-1.64662842632591,-1.54632929407253
1000,"Joint",213,-0.232698995906917,-0.197911027545753
1000,"Joint",214,1.30018158465486,1.27181063427703
1000,"Joint",215,0.342798393188723,0.356364203908356
1000,"Joint",216,-0.868190052333704,-0.797373391882127
1000,"Joint",217,0.815438526651925,0.809794557676233
1000,"Joint",218,-0.712853058325459,-0.648571504688039
1000,"Joint",219,-1.00205267870213,-0.931203883209251
1000,"Joint",220,-2.51517132255828,-2.38159059130415
1000,"Joint",221,0.127045242681521,0.139207408478868
1000,"Joint",222,-0.273740347760619,-0.237116903837353
1000,"Joint",223,-0.996568647648561,-0.919874561289474
1000,"Joint",224,-0.53750874597056,-0.474420162582319
1000,"Joint",225,1.41151827954022,1.37656607637962
1000,"Joint",226,0.888008524151983,0.867790067348598
1000,"Joint",227,0.148723157702002,0.167249921471736
1000,"Joint",228,0.583704469779277,0.580414413057521
1000,"Joint",229,-0.513129022606005,-0.458768697145288
1000,"Joint",230,0.371552353986781,0.370367099409967
1000,"Joint",231,-1.1067708940488,-1.03025569702188
1000,"Joint",232,0.214166815404724,0.236281312495664
1000,"Joint",233,-0.219055308572151,-0.187469019525765
1000,"Joint",234,1.20006241373352,1.17802478758307
1000,"Joint",235,-1.45552253895749,-1.35207172081751
1000,"Joint",236,0.922001462926165,0.909321444428371
1000,"Joint",237,0.200372098085978,0.225883909481176
1000,"Joint",238,-0.268112660329471,-0.224228500133626
1000,"Joint",239,0.731033619659945,0.725201814097479
1000,"Joint",240,0.00878387051787,0.0342593511075285
1000,"Joint",241,-1.02867219505557,-0.963108021281138
1000,"Joint",242,-0.438855174356586,-0.396060734672049
1000,"Joint",243,0.0961325675059949,0.121423830614475
1000,"Joint",244,0.301013399543155,0.318976800949583
1000,"Joint",245,-0.989034009451679,-0.920502557745629
1000,"Joint",246,-0.969188536547855,-0.881739933515631
1000,"Joint",247,-0.0194492721539072,0.00844072261292684
1000,"Joint",248,0.459051307568749,0.472956827627915
1000,"Joint",249,3.15214959486302,3.05269722638544
1000,"Joint",250,-1.32453943747251,-1.22925131562627
1000,"Joint",251,1.62208539597074,1.57572815526606
1000,"Joint",252,-0.294749469053293,-0.243008791414266
1000,"Joint",253,-1.22318470692803,-1.13081048677334
1000,"Joint",254,-0.746509029167674,-0.678732822124835
1000,"Joint",255,0.133447804750455,0.14846886954355
1000,"Joint",256,1.06152272899229,1.04710915486785
1000,"Joint",257,0.0485495631220076,0.0834381027300302
1000,"Joint",258,0.81720692987312,0.812432605191414
1000,"Joint",259,3.09503758805108,2.99072263925531
1000,"Joint",260,0.699065745817427,0.694895707875221
1000,"Joint",261,0.925114919445272,0.903446948416763
1000,"Joint",262,1.34894072346222,1.3185804807454
1000,"Joint",263,-0.897544734632522,-0.830281775900566
1000,"Joint",264,-0.907623051983537,-0.836535087419221
1000,"Joint",265,-0.92853037670767,-0.848192478461433
1000,"Joint",266,-0.153638102887214,-0.120158451060976
1000,"Joint",267,-0.203163685773428,-0.161262791729518
1000,"Joint",268,-0.363243814013372,-0.30924976190074
1000,"Joint",269,-0.240612083030774,-0.206483907462169
1000,"Joint",270,-0.547594127420261,-0.488663667164316
1000,"Joint",271,-0.332098217416382,-0.284739655770888
1000,"Joint",272,0.580632530872089,0.590035605787855
1000,"Joint",273,0.113570048649421,0.140374901790005
1000,"Joint",274,1.18448980694455,1.16577862760277
1000,"Joint",275,1.81806080277418,1.76205737875059
1000,"Joint",276,0.108749252693768,0.132823616572985
1000,"Joint",277,1.07675286344884,1.05923013629883
1000,"Joint",278,0.966508310186863,0.951434263719789
1000,"Joint",279,0.321572095741091,0.331337766044576
1000,"Joint",280,-0.611379210873732,-0.561648106183314
1000,"Joint",281,0.947163572542706,0.942756880335465
1000,"Joint",282,-0.0101216814494036,0.0265022076980663
1000,"Joint",283,1.02970753597188,1.01037814903949
1000,"Joint",284,-2.35482252332276,-2.21903240093317
1000,"Joint",285,0.860231694636746,0.853377895828167
1000,"Joint",286,1.88103874490569,1.82634924516303
1000,"Joint",287,-2.11870342948599,-1.98979004924163
1000,"Joint",288,-0.279271558126829,-0.235313689252873
1000,"Joint",289,0.772493123854191,0.770434439116861
1000,"Joint",290,0.254615674460702,0.276282939051767
1000,"Joint",291,-2.0152976895535,-1.90414054314567
1000,"Joint",292,0.739508297040698,0.729970709740601
1000,"Joint",293,0.895550028171823,0.880985584270817
1000,"Joint",294,-0.621112336757621,-0.561725041211277
1000,"Joint",295,1.21363528361263,1.18579661190408
1000,"Joint",296,-0.151614830740141,-0.120519142901435
1000,"Joint",297,1.72449428474208,1.67572563794153
1000,"Joint",298,1.02021151559991,1.0032023230557
1000,"Joint",299,1.27014125879943,1.24302186214993
1000,"Joint",300,0.0869564817521798,0.115785741348799
1000,"Joint",301,1.17314976563343,1.14424385510098
1000,"Joint",302,-0.437839670167251,-0.396485013772478
1000,"Joint",303,-1.23078196313487,-1.15181963966261
1000,"Joint",304,-0.162731060660437,-0.131889744489922
1000,"Joint",305,-0.53379988266615,-0.492336979118241
1000,"Joint",306,0.633818847490506,0.640298436190079
1000,"Joint",307,-0.769668886636861,-0.705311268299828
1000,"Joint",308,0.540857090917389,0.553590714565728
1000,"Joint",309,0.797967245183643,0.778661558962815
1000,"Joint",310,1.34594690237897,1.32349370169092
1000,"Joint",311,1.09576134467146,1.07302900861257
1000,"Joint",312,-0.623621974901008,-0.557136546076905
1000,"Joint",313,0.106549086758423,0.127088833123112
1000,"Joint",314,-1.64663733011072,-1.54013126317803
1000,"Joint",315,-0.348801741453588,-0.298783781983341
1000,"Joint",316,0.927553802193966,0.912416823063684
1000,"Joint",317,-0.624443130303014,-0.562492731741295
1000,"Joint",318,-0.0269201021064615,0.00750765962361151
1000,"Joint",319,-0.55654204171122,-0.498327303456293
1000,"Joint",320,1.10963199449928,1.0963327400028
1000,"Joint",321,1.45618739749408,1.41817738865685
1000,"Joint",322,1.54155248622043,1.4975033274525
1000,"Joint",323,0.338711995366765,0.343488573108166
1000,"Joint",324,0.523463743222559,0.536221431046407
1000,"Joint",325,-0.0915150442893975,-0.0524804139643752
1000,"Joint",326,-1.21152311319474,-1.12593338971529
1000,"Joint",327,1.58408752620953,1.53541970466953
1000,"Joint",328,0.917817960540353,0.913488102736547
1000,"Joint",329,1.12843547241767,1.09842443808344
1000,"Joint",330,-0.39209746185604,-0.356845112673617
1000,"Joint",331,-0.312526538007066,-0.270611013710414
1000,"Joint",332,-0.39252870740443,-0.342944558284237
1000,"Joint",333,-0.45757821526451,-0.413502504356505
1000,"Joint",334,-6.72471971883511e-05,0.0239982064154001
1000,"Joint",335,-0.135878774183644,-0.0986934136599274
1000,"Joint",336,-0.630328462783993,-0.564966580758319
1000,"Joint",337,-1.2986744164173,-1.20672945657992
1000,"Joint",338,-0.815212730287663,-0.747244327876355
1000,"Joint",339,1.17565980864519,1.14762455020889
1000,"Joint",340,2.14440832240545,2.06646955741078
1000,"Joint",341,-1.3571521094488,-1.2701586595356
1000,"Joint",342,0.745643572860231,0.746704436810029
1000,"Joint",343,0.664334155461059,0.662640373133842
1000,"Joint",344,0.829624651428116,0.817558481221296
1000,"Joint",345,1.9965593631224,1.92073386470106
1000,"Joint",346,-0.124176331961681,-0.0787691307637871
1000,"Joint",347,0.336271233798384,0.346432914184731
1000,"Joint",348,-0.989391745526036,-0.918932025508973
1000,"Joint",349,0.707652244008859,0.700745738693679
1000,"Joint",350,0.481612618907234,0.495404451067335
1000,"Joint",351,0.682850686694398,0.674420275172526
1000,"Joint",352,-0.782243214329361,-0.710603356705914
1000,"Joint",353,-0.726368286042951,-0.657816734676912
1000,"Joint",354,0.60537550721934,0.602095055266938
1000,"Joint",355,0.820251441762455,0.819718184468444
1000,"Joint",356,-1.26104022456611,-1.17511143725414
1000,"Joint",357,1.94194480384967,1.8738888050987
1000,"Joint",358,-0.206527786071836,-0.162097349350664
1000,"Joint",359,-0.07322953963856,-0.0349126776596866
1000,"Joint",360,-0.221594982385065,-0.177085378651986
1000,"Joint",361,-0.339747127988115,-0.294827718583153
1000,"Joint",362,-0.566759016636093,-0.517859506842362
1000,"Joint",363,-0.333533132432781,-0.290372160644451
1000,"Joint",364,0.383405483309147,0.402515748780656
1000,"Joint",365,-1.19585352946109,-1.10545836921353
1000,"Joint",366,0.777779822891804,0.77862029663075
1000,"Joint",367,0.830872092642292,0.824165605074777
1000,"Joint",368,-1.46443097818512,-1.36427513382476
1000,"Joint",369,1.64588326851435,1.60689758760183
1000,"Joint",370,0.041549928236433,0.0794770199696668
1000,"Joint",371,0.479824649432383,0.47763002111397
1000,"Joint",372,-1.11571048201193,-1.02724023919111
1000,"Joint",373,-1.45821517726442,-1.36411265807952
1000,"Joint",374,0.787399136348476,0.788134123945218
1000,"Joint",375,-1.42293488532659,-1.3214255164436
1000,"Joint",376,-0.874178747342037,-0.799552586210186
1000,"Joint",377,0.88807046498538,0.894096002045208
1000,"Joint",378,-1.03157547516786,-0.951589430419116
1000,"Joint",379,-0.916413246308396,-0.853786502368486
1000,"Joint",380,1.98862925331574,1.91931405996732
1000,"Joint",381,-1.39208894054944,-1.29546124093506
1000,"Joint",382,-0.622171592406718,-0.567029191726504
1000,"Joint",383,-0.601684433127656,-0.544270620203175
1000,"Joint",384,-0.984809771213376,-0.915162382049007
1000,"Joint",385,-0.129085496610951,-0.0961534884794417
1000,"Joint",386,-1.83793791329017,-1.73589529633255
1000,"Joint",387,1.11728817701909,1.09406259922779
1000,"Joint",388,-0.436376197622289,-0.383935124541095
1000,"Joint",389,-2.04089494528815,-1.9338335234002
1000,"Joint",390,0.278104864738317,0.291243207872228
1000,"Joint",391,-1.08361343562914,-1.00544398181885
1000,"Joint",392,0.542599210028025,0.545502205155756
1000,"Joint",393,1.30037391985275,1.2752295383334
1000,"Joint",394,0.144504152108202,0.16946733981064
1000,"Joint",395,-0.957525466437598,-0.885413624260219
1000,"Joint",396,0.84155138154557,0.833667011117309
1000,"Joint",397,1.43124030301164,1.40501062272384
1000,"Joint",398,-0.465861445485864,-0.408392915792541
1000,"Joint",399,-0.692211427392762,-0.635436801963613
1000,"Joint",400,0.858269499855708,0.842185301477998
1000,"Joint",401,-0.186786857022311,-0.154300402192783
1000,"Joint",402,0.253915923523273,0.264258189432626
1000,"Joint",403,-0.000618390687375966,0.0227986411501952
1000,"Joint",404,0.705362754311856,0.706836456836444
1000,"Joint",405,-0.702723567050243,-0.637728547926821
1000,"Joint",406,0.21875393409362,0.232708923337648
1000,"Joint",407,-0.878342513880657,-0.805577761110462
1000,"Joint",408,0.416879641456665,0.425198683677447
1000,"Joint",409,1.24642588831645,1.21702350128363
1000,"Joint",410,0.946940589633681,0.939653174860494
1000,"Joint",411,-0.0189599178515464,0.00632841392493139
1000,"Joint",412,0.564616161309177,0.565943566291649
1000,"Joint",413,1.23225978978665,1.21333921014852
1000,"Joint",414,-1.78090206850684,-1.67227762889797
1000,"Joint",415,-0.733008579256659,-0.661983205173469
1000,"Joint",416,0.505447656115686,0.514095478509151
1000,"Joint",417,1.7420395877613,1.69558309263405
1000,"Joint",418,0.594657237471493,0.598094655725929
1000,"Joint",419,-0.592219952688505,-0.54312391395287
1000,"Joint",420,-1.43851609204101,-1.3388139997794
1000,"Joint",421,-1.01106064610573,-0.935005593340785
1000,"Joint",422,-0.307425991409197,-0.26204688419895
1000,"Joint",423,1.2713848928998,1.23962713943597
1000,"Joint",424,0.644317159241725,0.640050816487784
1000,"Joint",425,-0.488050479909553,-0.436131276903636
1000,"Joint",426,-0.405258670757174,-0.358639250427854
1000,"Joint",427,-1.23419727079617,-1.14762651027065
1000,"Joint",428,1.81312240812854,1.76211976983578
1000,"Joint",429,1.06234186278394,1.0338929285672
1000,"Joint",430,0.429407101762065,0.433373714382469
1000,"Joint",431,-0.387219264096067,-0.340299016407009
1000,"Joint",432,0.659570733903277,0.658325529206989
1000,"Joint",433,2.09665440434212,2.03009858419572
1000,"Joint",434,0.522985772843349,0.53857146505948
1000,"Joint",435,-0.347007329910151,-0.289473493514294
1000,"Joint",436,0.407938001499376,0.416231826894172
1000,"Joint",437,3.53928031777589,3.41224919296246
1000,"Joint",438,0.424681160819579,0.441796655005979
1000,"Joint",439,1.29771198704221,1.27067953163825
1000,"Joint",440,0.870372737763072,0.850344435101905
1000,"Joint",441,1.34675150686672,1.30762460268009
1000,"Joint",442,-1.01283755472174,-0.927776710717096
1000,"Joint",443,-0.0841856646634953,-0.0449304772926212
1000,"Joint",444,-1.14443971565134,-1.05578486778417
1000,"Joint",445,0.771753699425499,0.756173108969842
1000,"Joint",446,0.206874904738146,0.230272279051744
1000,"Joint",447,0.503728613008183,0.507727649409348
1000,"Joint",448,-0.475874245886538,-0.437640641193526
1000,"Joint",449,0.0551642042181103,0.0833517047335828
1000,"Joint",450,-0.889186668303848,-0.835689515932668
1000,"Joint",451,0.841970761319329,0.84461085882651
1000,"Joint",452,0.544251498757503,0.545447248012252
1000,"Joint",453,0.279753627907834,0.296537570445243
1000,"Joint",454,0.235443584772526,0.255940426690536
1000,"Joint",455,-1.04442994139368,-0.956320989599853
1000,"Joint",456,-0.729948514987681,-0.66889771088606
1000,"Joint",457,-1.13709993516455,-1.0526439992798
1000,"Joint",458,-0.667385759619192,-0.615570829578136
1000,"Joint",459,0.566630286099805,0.570363698043874
1000,"Joint",460,1.99523803140499,1.93914752319959
1000,"Joint",461,-1.06832645452614,-0.995856412275083
1000,"Joint",462,-1.48272149965421,-1.37579234782147
1000,"Joint",463,0.610995892658957,0.609015531295415
1000,"Joint",464,1.14254722294496,1.12052531541552
1000,"Joint",465,-1.88815002244599,-1.76335903713422
1000,"Joint",466,-1.59359507694146,-1.48777617321113
1000,"Joint",467,-0.28340769541125,-0.236221886001273
1000,"Joint",468,-0.244459241252425,-0.20578034113213
1000,"Joint",469,-0.441262120696373,-0.384412976120809
1000,"Joint",470,1.36720122561785,1.33650494989942
1000,"Joint",471,0.201491538168769,0.226797537928211
1000,"Joint",472,0.538533491816987,0.546373865366651
1000,"Joint",473,0.297256751999437,0.30930441531123
1000,"Joint",474,0.622196678652021,0.626081979087616
1000,"Joint",475,0.2659197823004,0.279321589618002
1000,"Joint",476,0.181770818165316,0.201437575548463
1000,"Joint",477,-0.941716469509172,-0.863009864036317
1000,"Joint",478,0.424399272985818,0.425083380794298
1000,"Joint",479,-1.40011814744256,-1.29724925823183
1000,"Joint",480,-1.0924571429851,-1.01460541352038
1000,"Joint",481,-0.663212402698846,-0.596503710576395
1000,"Joint",482,-1.08956964561596,-1.00466096342449
1000,"Joint",483,-0.326152405883729,-0.276659952329573
1000,"Joint",484,0.0881094744964438,0.12409742665364
1000,"Joint",485,2.18624132909208,2.11990113011783
1000,"Joint",486,0.209918005109544,0.229562259444795
1000,"Joint",487,1.46961258239072,1.42130732209827
1000,"Joint",488,-0.224965376526953,-0.183556203215622
1000,"Joint",489,0.315491614177877,0.337739765611382
1000,"Joint",490,-1.25919615014746,-1.17555362220486
1000,"Joint",491,-0.460193829607201,-0.40882893551268
1000,"Joint",492,-0.388537618177425,-0.338228146792198
1000,"Joint",493,1.07675492237383,1.05519657995116
1000,"Joint",494,1.62267515519453,1.5830520790198
1000,"Joint",495,0.602233270286564,0.614175538633402
1000,"Joint",496,-0.493737516421189,-0.44011907557506
1000,"Joint",497,-0.149029521962606,-0.116884118892012
1000,"Joint",498,-0.350617692494382,-0.306566198852997
1000,"Joint",499,-0.548966645205338,-0.484478683890807
1000,"Joint",500,0.0897568405948047,0.111902368387033
1000,"Joint",501,0.123523837150351,0.155463973147298
1000,"Joint",502,0.0105139503811462,0.0434396670030534
1000,"Joint",503,0.971994124325291,0.952904994846799
1000,"Joint",504,0.0128231457768033,0.0447296447783409
1000,"Joint",505,0.732745947666314,0.731550183026891
1000,"Joint",506,0.804393311661174,0.808336383517631
1000,"Joint",507,2.16761539885989,2.09716980445566
1000,"Joint",508,0.810825994425822,0.805127054260855
1000,"Joint",509,-1.56661210669355,-1.45769525081265
1000,"Joint",510,-0.430136911477829,-0.384627937665324
1000,"Joint",511,0.0177634670469975,0.0360507741548144
1000,"Joint",512,0.00712076420282318,0.0320729275799415
1000,"Joint",513,-0.977168123478935,-0.8993307349425
1000,"Joint",514,-1.56895519282299,-1.46891083573429
1000,"Joint",515,1.91726367344026,1.87311939452413
1000,"Joint",516,1.00369248444418,0.981445705776073
1000,"Joint",517,-0.365063796498,-0.320280380449218
1000,"Joint",518,0.767106681893583,0.75042658633031
1000,"Joint",519,-0.407708593136991,-0.36090287253707
1000,"Joint",520,-1.15897740741018,-1.07745714039087
1000,"Joint",521,-1.16036455901239,-1.07761985543632
1000,"Joint",522,-0.542746667338037,-0.494432806656853
1000,"Joint",523,1.39978759214363,1.37637551639769
1000,"Joint",524,1.09484628984623,1.07802619867952
1000,"Joint",525,-0.853936416362714,-0.774234635806323
1000,"Joint",526,0.454302795095389,0.453425410271918
1000,"Joint",527,0.285962643736626,0.305375692608844
1000,"Joint",528,0.471620255907592,0.477800988577335
1000,"Joint",529,-0.335579711298846,-0.290120277384677
1000,"Joint",530,-1.39347167851335,-1.30514098371357
1000,"Joint",531,1.00644098690418,0.987136296250074
1000,"Joint",532,-1.73854917159879,-1.62255641339119
1000,"Joint",533,0.821797920096994,0.830192122755316
1000,"Joint",534,0.155332322373861,0.189666959894434
1000,"Joint",535,-1.20794800682765,-1.11691489739937
1000,"Joint",536,1.01705083624344,0.996637690306196
1000,"Joint",537,0.475804072187654,0.4812832639764
1000,"Joint",538,-1.20754281570625,-1.11830984519649
1000,"Joint",539,0.0237054704750394,0.0563424491894033
1000,"Joint",540,0.240907745860148,0.255041943516508
1000,"Joint",541,0.797601046955439,0.79013541415534
1000,"Joint",542,0.855581362123736,0.8446155646542
1000,"Joint",543,0.779199018794827,0.776330751197814
1000,"Joint",544,-0.0577138397465288,-0.0220793073652627
1000,"Joint",545,0.609046250337668,0.603760682122392
1000,"Joint",546,-0.0277457939443279,0.017458118658822
1000,"Joint",547,-0.72429145967211,-0.670870419932317
1000,"Joint",548,0.192136110740767,0.214427837530284
1000,"Joint",549,-0.154988125994355,-0.126273782716976
1000,"Joint",550,-0.0697095739230616,-0.0453797528491557
1000,"Joint",551,0.598954365797889,0.591318275151032
1000,"Joint",552,0.0293119531681114,0.064797327760787
1000,"Joint",553,-0.649192231875295,-0.591921683221171
1000,"Joint",554,-0.0202767341825034,0.0181679140811271
1000,"Joint",555,0.802431667270757,0.786535842964285
1000,"Joint",556,1.09929223737839,1.07802781352097
1000,"Joint",557,0.367970962699636,0.379096809374726
1000,"Joint",558,1.16797517723546,1.13838473894844
1000,"Joint",559,-0.295235385482402,-0.252282059155982
1000,"Joint",560,-1.72400907076231,-1.61545958557188
1000,"Joint",561,0.549307103339155,0.544573717462721
1000,"Joint",562,-1.9605939780253,-1.83286230028342
1000,"Joint",563,0.0663969087064684,0.101609548483787
1000,"Joint",564,1.9972949885198,1.94164070723834
1000,"Joint",565,-1.62429005546684,-1.52032246318141
1000,"Joint",566,-1.17939890047686,-1.09772676158828
1000,"Joint",567,0.0343030302689553,0.0565390145597465
1000,"Joint",568,0.206105180783526,0.222697844582822
1000,"Joint",569,-0.486755541459717,-0.444069560013168
1000,"Joint",570,0.211039730815732,0.236002196774598
1000,"Joint",571,-0.00108215335172347,0.0300532726170881
1000,"Joint",572,-1.08849627814124,-1.01020597580513
1000,"Joint",573,-0.367542133775774,-0.333770804035048
1000,"Joint",574,-0.159039164503522,-0.12607410588462
1000,"Joint",575,-0.674339220045763,-0.618443892399789
1000,"Joint",576,-1.3697803521707,-1.27343585153359
1000,"Joint",577,-0.146811527148012,-0.120026914707209
1000,"Joint",578,0.266231794057371,0.283499172800105
1000,"Joint",579,0.770599064670539,0.761617895429783
1000,"Joint",580,0.758202204568829,0.756467722608052
1000,"Joint",581,0.202899430113804,0.224713264197095
1000,"Joint",582,0.985104987982722,0.96567843645685
1000,"Joint",583,-0.470834431104491,-0.418024406628047
1000,"Joint",584,-0.239286376057788,-0.205538790770189
1000,"Joint",585,0.446691464457952,0.453833747890494
1000,"Joint",586,0.767971843739769,0.766353796727027
1000,"Joint",587,0.571897783446841,0.579312421596885
1000,"Joint",588,0.803232467697876,0.795334907242772
1000,"Joint",589,0.967455297017984,0.952567347531377
1000,"Joint",590,-0.5832263853218,-0.531570264073422
1000,"Joint",591,-0.726968231718856,-0.66138782530226
1000,"Joint",592,0.730070329930376,0.728870828271124
1000,"Joint",593,0.30140596111873,0.313915570087116
1000,"Joint",594,-1.23064484508467,-1.14967736668118
1000,"Joint",595,-1.81799647154871,-1.69954268098441
1000,"Joint",596,0.720814439701012,0.718711672253926
1000,"Joint",597,0.65860458581351,0.665678332305574
1000,"Joint",598,0.443434500758031,0.460096672500231
1000,"Joint",599,0.652359580698679,0.668166326284823
1000,"Joint",600,-0.597642769967455,-0.535325511185728
1000,"Joint",601,-0.320081725391496,-0.277369203148949
1000,"Joint",602,0.635716750259754,0.635685267831497
1000,"Joint",603,1.20180811093989,1.17315032327881
1000,"Joint",604,-0.193663739890721,-0.164529521133631
1000,"Joint",605,0.449999594791919,0.467129229592293
1000,"Joint",606,-2.18522858038785,-2.05971954247681
1000,"Joint",607,-1.88987774527641,-1.76985163526591
1000,"Joint",608,-0.683470622315306,-0.61918589052575
1000,"Joint",609,-0.232216897072315,-0.190347230206538
1000,"Joint",610,-0.00502699609794729,0.0147923076215981
1000,"Joint",611,0.276507365329527,0.296139337611245
1000,"Joint",612,-0.413334130142006,-0.369272606172484
1000,"Joint",613,0.279489544811072,0.287985972948706
1000,"Joint",614,0.231224978409939,0.249674004152755
1000,"Joint",615,-0.230303029933992,-0.179823013069166
1000,"Joint",616,-0.688314844506144,-0.625915901245222
1000,"Joint",617,0.795745339674558,0.791063721834262
1000,"Joint",618,1.79412504516425,1.74049288848726
1000,"Joint",619,-1.41512596492424,-1.31291053025947
1000,"Joint",620,0.522271450381255,0.526662807365187
1000,"Joint",621,0.789273299945444,0.783343416410448
1000,"Joint",622,-0.791118776271396,-0.719966066650339
1000,"Joint",623,0.443048030186981,0.449701861424909
1000,"Joint",624,-1.30070635951457,-1.20286955113343
1000,"Joint",625,0.257670715444711,0.277721442557089
1000,"Joint",626,-1.30457136614769,-1.21728232595616
1000,"Joint",627,-0.105130263533544,-0.0738683351894387
1000,"Joint",628,1.71376291641467,1.67288198400512
1000,"Joint",629,-0.586795306950526,-0.531198061187667
1000,"Joint",630,0.713327911596262,0.715372946363283
1000,"Joint",631,-0.0147514405147201,0.00519141533791604
1000,"Joint",632,-1.2524700008777,-1.15705683509803
1000,"Joint",633,-1.34076624175117,-1.23946723977695
1000,"Joint",634,-0.449877765028449,-0.402913450272162
1000,"Joint",635,-0.551840443827584,-0.498991862548614
1000,"Joint",636,-0.195778027016611,-0.161343098123142
1000,"Joint",637,1.06199014326409,1.04455133695772
1000,"Joint",638,-1.62084218257181,-1.5194421575762
1000,"Joint",639,0.705499901328815,0.70525690527283
1000,"Joint",640,-0.897840949048738,-0.826089549077956
1000,"Joint",641,-0.514869958673916,-0.471305176724174
1000,"Joint",642,-1.3697870684405,-1.27280529073304
1000,"Joint",643,0.123064559348941,0.145821996482882
1000,"Joint",644,0.0911351819238687,0.127505313993992
1000,"Joint",645,-1.7052300334886,-1.59338851506006
1000,"Joint",646,-0.257034415888089,-0.21139208600812
1000,"Joint",647,-0.246561799213568,-0.192241617305762
1000,"Joint",648,0.204661271819568,0.240833459177052
1000,"Joint",649,-0.673045480584691,-0.617138295348847
1000,"Joint",650,-1.53902454339595,-1.43254364540324
1000,"Joint",651,1.12354389424164,1.10111121534192
1000,"Joint",652,0.742357310177938,0.741099878103781
1000,"Joint",653,-1.39086833869636,-1.30253720914113
1000,"Joint",654,-1.15881181571755,-1.07519165221793
1000,"Joint",655,0.843290509345651,0.833724127634489
1000,"Joint",656,-1.4968085682214,-1.39395959325606
1000,"Joint",657,0.829568300415457,0.820485668780309
1000,"Joint",658,-1.2481841212183,-1.17287231555242
1000,"Joint",659,0.708704092733235,0.703482469789582
1000,"Joint",660,0.0342354070186254,0.0519911106921505
1000,"Joint",661,-0.812130658597613,-0.758163674201606
1000,"Joint",662,-1.61252029559553,-1.50420567527903
1000,"Joint",663,-0.20306413319901,-0.168153629835814
1000,"Joint",664,-0.75134997158024,-0.684106805603455
1000,"Joint",665,1.32873562900816,1.29915145625723
1000,"Joint",666,0.474779302369462,0.476488657762166
1000,"Joint",667,0.290531713187727,0.30279528349891
1000,"Joint",668,-0.975915051529992,-0.906014506412803
1000,"Joint",669,-0.794417707552227,-0.725871465907381
1000,"Joint",670,-0.543647388677229,-0.477659968967147
1000,"Joint",671,0.123731572324589,0.140801103868955
1000,"Joint",672,0.110129336045742,0.14764263914062
1000,"Joint",673,0.121622547566249,0.14373809506829
1000,"Joint",674,-0.410487146227827,-0.356202380760546
1000,"Joint",675,0.94319907360561,0.924671880625753
1000,"Joint",676,0.146413041234593,0.172762476247197
1000,"Joint",677,0.688374908814563,0.684658367740934
1000,"Joint",678,-0.452546437241042,-0.396830574257452
1000,"Joint",679,0.71687182275121,0.708908059945647
1000,"Joint",680,0.238744810800688,0.263481861801785
1000,"Joint",681,0.61046543779327,0.625558579888064
1000,"Joint",682,-0.967146232331452,-0.889713815762531
1000,"Joint",683,1.56920319685617,1.5230493143027
1000,"Joint",684,-1.1722930637677,-1.08208067147237
1000,"Joint",685,0.670792116742316,0.672340740774281
1000,"Joint",686,-0.184834715499489,-0.150105911786496
1000,"Joint",687,0.138923952820405,0.165173956930941
1000,"Joint",688,1.22176729235689,1.19619088689788
1000,"Joint",689,-0.966436096488616,-0.898695549485957
1000,"Joint",690,1.17599347673909,1.14364921161394
1000,"Joint",691,-0.26376262983752,-0.228511289810277
1000,"Joint",692,0.891402700929028,0.872565102500041
1000,"Joint",693,-1.4080382137739,-1.31076640211114
1000,"Joint",694,-0.945576324347401,-0.869111838941516
1000,"Joint",695,-0.0904305420631212,-0.0580587503963058
1000,"Joint",696,-0.918133644946922,-0.847598517060739
1000,"Joint",697,1.84801394177136,1.78920002509651
1000,"Joint",698,-0.291632244657712,-0.243781573549483
1000,"Joint",699,-0.781425682560035,-0.721393612720054
1000,"Joint",700,0.0635452682024666,0.0921978393988198
1000,"Joint",701,0.617517920151695,0.610286078996252
1000,"Joint",702,1.41352686623227,1.36803405006998
1000,"Joint",703,0.607276827150129,0.611750902797448
1000,"Joint",704,-1.53247737918384,-1.42743198369651
1000,"Joint",705,0.0972243032072481,0.125507152270997
1000,"Joint",706,-0.889437565442758,-0.806855373345235
1000,"Joint",707,-0.984330777501776,-0.898709321169574
1000,"Joint",708,1.62776177083558,1.57356128251257
1000,"Joint",709,-0.310681387349332,-0.263866621352871
1000,"Joint",710,-0.0218291232673206,0.00750244835096827
1000,"Joint",711,-1.2845835807159,-1.1961161716227
1000,"Joint",712,-1.64580411245951,-1.53562237568442
1000,"Joint",713,-0.751566309274154,-0.686467547284697
1000,"Joint",714,-2.63731078616002,-2.49395528142024
1000,"Joint",715,0.15653166581834,0.175136411186827
1000,"Joint",716,0.61762939230935,0.608924838181047
1000,"Joint",717,0.481419500999697,0.48668626723958
1000,"Joint",718,-0.0407771535591439,-0.0131025254799637
1000,"Joint",719,-0.546706728075465,-0.495639641356179
1000,"Joint",720,-0.850846133734291,-0.781993590359464
1000,"Joint",721,1.06299719096259,1.0371573134521
1000,"Joint",722,1.66729830584726,1.61755183665857
1000,"Joint",723,1.03300784831052,0.999284839735631
1000,"Joint",724,0.790949637063216,0.787119863435474
1000,"Joint",725,-0.616245274884501,-0.550126636377796
1000,"Joint",726,-2.64715513794315,-2.48900199711377
1000,"Joint",727,-0.60170370272654,-0.54230675558004
1000,"Joint",728,-1.48573814337831,-1.37739085833099
1000,"Joint",729,0.422721409974151,0.433553095069546
1000,"Joint",730,0.595829603247119,0.59870601710533
1000,"Joint",731,2.26722071850491,2.19023346722783
1000,"Joint",732,-0.550074215944325,-0.49189784202789
1000,"Joint",733,0.0259691894842517,0.0659023784521875
1000,"Joint",734,-2.21325616566516,-2.08622687028868
1000,"Joint",735,0.652932677661881,0.650861666720429
1000,"Joint",736,1.54369652830959,1.49742281904038
1000,"Joint",737,-0.650472241288063,-0.589995423557661
1000,"Joint",738,-1.10103892896932,-1.02734459927355
1000,"Joint",739,-0.181736042882798,-0.140674646717514
1000,"Joint",740,-0.788788141897729,-0.720683798257372
1000,"Joint",741,1.14048789684474,1.11957221667247
1000,"Joint",742,0.488680009153075,0.500403774348835
1000,"Joint",743,2.22473598784256,2.15192987467086
1000,"Joint",744,1.08398439788354,1.07841873884935
1000,"Joint",745,0.68013267330753,0.677051219585262
1000,"Joint",746,0.839005087899202,0.83842844622168
1000,"Joint",747,-0.569573873081654,-0.509170356170185
1000,"Joint",748,0.668923476203775,0.670653529852039
1000,"Joint",749,1.20781039588756,1.186358521513
1000,"Joint",750,0.00629681240146449,0.0363986430732669
1000,"Joint",751,-0.508127858850726,-0.458582537517411
1000,"Joint",752,-1.38090943479598,-1.28081293634297
1000,"Joint",753,1.27444894158163,1.24815906134174
1000,"Joint",754,0.653823245730615,0.660574162047585
1000,"Joint",755,-0.136942597337407,-0.101235762678264
1000,"Joint",756,0.755053313419788,0.74731470527085
1000,"Joint",757,-0.680381373725796,-0.618804277216206
1000,"Joint",758,1.21367163647028,1.19093392492388
1000,"Joint",759,0.906555068532577,0.886453000520384
1000,"Joint",760,-0.945171665479356,-0.872524568262355
1000,"Joint",761,0.0145724467599945,0.0416539409885274
1000,"Joint",762,-0.00239423332459399,0.0298732146597344
1000,"Joint",763,2.06001071097369,2.00221054542772
1000,"Joint",764,-0.135756570731649,-0.103300104204321
1000,"Joint",765,0.878176409259842,0.87633517949536
1000,"Joint",766,-1.49466852537597,-1.39541442223772
1000,"Joint",767,-0.744832028021662,-0.682454238320631
1000,"Joint",768,-0.949249217553757,-0.875385015107504
1000,"Joint",769,-0.831497102777932,-0.760296100717472
1000,"Joint",770,0.0657263670514213,0.0845958675200123
1000,"Joint",771,-1.78408663242536,-1.66738582201564
1000,"Joint",772,2.22176031153731,2.15462938665947
1000,"Joint",773,1.79370431789009,1.74074824294891
1000,"Joint",774,-2.30795736841835,-2.18328928981379
1000,"Joint",775,0.9412447421935,0.920327173534768
1000,"Joint",776,-1.4077236451413,-1.30098527090592
1000,"Joint",777,-1.33059062453223,-1.23427700370694
1000,"Joint",778,-1.5802774920369,-1.47365306892924
1000,"Joint",779,1.61322444194905,1.5813242806346
1000,"Joint",780,-0.23016454020742,-0.192650247700201
1000,"Joint",781,1.33934842377037,1.30332427335334
1000,"Joint",782,-1.5453410201625,-1.45277137997335
1000,"Joint",783,-0.651478337449541,-0.599586306700667
1000,"Joint",784,1.4609538035099,1.42060475458915
1000,"Joint",785,-0.34555359573402,-0.300233165070784
1000,"Joint",786,-0.43176075414843,-0.383194517006591
1000,"Joint",787,0.338136685014368,0.347770982301724
1000,"Joint",788,-0.77153064305769,-0.713857894552762
1000,"Joint",789,-1.75272006427656,-1.63685926493535
1000,"Joint",790,0.448296422623596,0.475769207197453
1000,"Joint",791,-1.34866514753681,-1.25472896693404
1000,"Joint",792,-0.00654606472539192,0.0279286925121283
1000,"Joint",793,0.0553307907326645,0.0829433014559786
1000,"Joint",794,-1.37167860982661,-1.28520610034073
1000,"Joint",795,-0.204392055952495,-0.162953235916198
1000,"Joint",796,-1.76649969410964,-1.65083108692302
1000,"Joint",797,0.0366820052586892,0.0747864434849275
1000,"Joint",798,0.104890795500979,0.123415351158983
1000,"Joint",799,1.23259797748812,1.20194365792459
1000,"Joint",800,0.551105360460047,0.549800094037188
1000,"Joint",801,0.975329715265456,0.966842622858612
1000,"Joint",802,-0.163765785334949,-0.110277521364522
1000,"Joint",803,1.32653430723233,1.29789974804383
1000,"Joint",804,0.0503785438097515,0.0802971022619884
1000,"Joint",805,1.00136309291973,0.981281202453684
1000,"Joint",806,-1.8664853553827,-1.76523439146702
1000,"Joint",807,0.0200293582189744,0.0440902751785005
1000,"Joint",808,0.424069815698348,0.437164597612195
1000,"Joint",809,-0.524859565331182,-0.470545386627338
1000,"Joint",810,1.14704969217391,1.13131368112706
1000,"Joint",811,0.110794896242966,0.131190116527316
1000,"Joint",812,0.629253371494188,0.63320821236266
1000,"Joint",813,-0.683499770317306,-0.620735248400629
1000,"Joint",814,1.40416009404795,1.36613237825068
1000,"Joint",815,-1.03568072003447,-0.966687553057213
1000,"Joint",816,-0.813394881552837,-0.744107762208063
1000,"Joint",817,2.93288084420398,2.82354006141489
1000,"Joint",818,0.960488251617855,0.943768610367641
1000,"Joint",819,1.38969244364969,1.36056965351367
1000,"Joint",820,0.426122668184879,0.429355640493383
1000,"Joint",821,-1.47150600359032,-1.37581126323417
1000,"Joint",822,1.01777174807545,0.988807337254132
1000,"Joint",823,0.0904934029924609,0.106652529981535
1000,"Joint",824,-0.00425607298005405,0.0222527122927024
1000,"Joint",825,0.0352630027837497,0.0719031646849175
1000,"Joint",826,1.21711699228587,1.18604888378579
1000,"Joint",827,-0.439782907909743,-0.392831803600852
1000,"Joint",828,-1.68493514544499,-1.57929682052796
1000,"Joint",829,-0.980353196317841,-0.905404535674781
1000,"Joint",830,0.024067476367505,0.0530151685356821
1000,"Joint",831,-0.163847187746772,-0.125367157902823
1000,"Joint",832,-0.435811613410793,-0.386847811004128
1000,"Joint",833,-0.299317023941174,-0.251739713298315
1000,"Joint",834,-0.611488670034298,-0.552454298262618
1000,"Joint",835,-0.743610056432733,-0.677862664974733
1000,"Joint",836,-0.0758158590688505,-0.045942382911607
1000,"Joint",837,0.229320217474269,0.25002857612845
1000,"Joint",838,-0.700011194616051,-0.649453573808759
1000,"Joint",839,-0.0444195557093778,-0.0078716877141587
1000,"Joint",840,-0.335109485244926,-0.290186088664551
1000,"Joint",841,-0.547127915814499,-0.490463853160883
1000,"Joint",842,0.67457030293643,0.672777661533168
1000,"Joint",843,-1.52350335157546,-1.42993699983832
1000,"Joint",844,-1.008306990418,-0.929951034763014
1000,"Joint",845,-0.922142791655171,-0.837870180795449
1000,"Joint",846,-0.474461815408185,-0.415435902802863
1000,"Joint",847,-0.198424103411708,-0.159133548304044
1000,"Joint",848,0.358494890027608,0.375498088649941
1000,"Joint",849,0.974260643409925,0.954574248768465
1000,"Joint",850,-0.524927125753414,-0.478970557586385
1000,"Joint",851,-0.800503633706567,-0.741798182507212
1000,"Joint",852,-0.730637838074784,-0.672440035601721
1000,"Joint",853,-0.527346434836016,-0.484546304551818
1000,"Joint",854,0.530400743339802,0.530743992067542
1000,"Joint",855,0.652908198473058,0.654765991076677
1000,"Joint",856,0.708781923354449,0.699543470691351
1000,"Joint",857,-1.0708248594216,-0.995994645503331
1000,"Joint",858,-1.11087787450333,-1.02595875017245
1000,"Joint",859,0.959621899227017,0.947013364837193
1000,"Joint",860,-0.251955016117149,-0.217834585285223
1000,"Joint",861,-0.290466126703937,-0.25111934777258
1000,"Joint",862,-0.495375014663184,-0.448165731626839
1000,"Joint",863,-0.985356569948943,-0.907929875165579
1000,"Joint",864,1.38969788774409,1.35132199235906
1000,"Joint",865,-0.712203781928781,-0.649784468535359
1000,"Joint",866,2.2734626327065,2.2060919247922
1000,"Joint",867,-1.13866907710554,-1.05691233016875
1000,"Joint",868,0.744030254605536,0.744393583105846
1000,"Joint",869,0.85419174943862,0.839300681656608
1000,"Joint",870,0.816530740744436,0.807150302615436
1000,"Joint",871,-0.590555328273706,-0.537375890208077
1000,"Joint",872,-0.0527515307408842,-0.0105361013374639
1000,"Joint",873,-1.94130576681032,-1.82010494319664
1000,"Joint",874,-0.472280152712266,-0.424944807958467
1000,"Joint",875,0.871813730517782,0.857302683282064
1000,"Joint",876,-1.57739885111066,-1.47695170011702
1000,"Joint",877,2.89532987224117,2.78895589485279
1000,"Joint",878,0.397121635758362,0.403809492221988
1000,"Joint",879,0.959284459538024,0.940129715130985
1000,"Joint",880,0.0530239886972738,0.0690422174324734
1000,"Joint",881,-0.125614706790367,-0.087607774784737
1000,"Joint",882,1.41957711117681,1.37950958475158
1000,"Joint",883,-0.848707463291074,-0.781377389986649
1000,"Joint",884,-0.629235587050708,-0.558164731994211
1000,"Joint",885,-1.69666497531607,-1.59221141458853
1000,"Joint",886,-0.93310608237435,-0.862612801224165
1000,"Joint",887,0.138370946282797,0.156325662051884
1000,"Joint",888,-1.35885145303028,-1.26591497192718
1000,"Joint",889,-0.568036703030383,-0.50723623552912
1000,"Joint",890,1.02801620845507,1.01601311556246
1000,"Joint",891,-0.0278199601662852,0.0126395219650632
1000,"Joint",892,-0.901223876458814,-0.817238830209957
1000,"Joint",893,-0.264586039446893,-0.234654742861383
1000,"Joint",894,0.091200924230164,0.12362315646595
1000,"Joint",895,-0.672933902092496,-0.611287874844166
1000,"Joint",896,0.173531254567,0.1894380536752
1000,"Joint",897,1.71008489440501,1.65725371255903
1000,"Joint",898,0.415795063500664,0.429165144924714
1000,"Joint",899,-0.496255205826349,-0.432979083043637
1000,"Joint",900,-0.296949810523694,-0.244240021469078
1000,"Joint",901,-0.436155420611551,-0.386542149509444
1000,"Joint",902,-0.916334569468719,-0.837114258902905
1000,"Joint",903,0.778253126665271,0.779322016190425
1000,"Joint",904,1.0673560865046,1.04823531959897
1000,"Joint",905,-0.620363751106989,-0.557771717951031
1000,"Joint",906,-0.911138948967762,-0.839342774052185
1000,"Joint",907,0.0379379727192746,0.0518589559440375
1000,"Joint",908,-1.12469120722978,-1.03824615049645
1000,"Joint",909,1.55920886194412,1.51118023802585
1000,"Joint",910,-1.0106460519091,-0.935175069173619
1000,"Joint",911,0.465644260440826,0.465543154570838
1000,"Joint",912,0.109013994290253,0.127733526154435
1000,"Joint",913,-0.361467023859095,-0.311015003932593
1000,"Joint",914,-0.560232240005853,-0.51679538463812
1000,"Joint",915,0.400770116191886,0.406903731942067
1000,"Joint",916,1.21262902166872,1.19425521000561
1000,"Joint",917,0.273950675284629,0.285021098901057
1000,"Joint",918,-0.911855101025337,-0.844895295977258
1000,"Joint",919,-0.162111221468757,-0.130250574694928
1000,"Joint",920,1.84370069533381,1.79883794934932
1000,"Joint",921,-0.371977589173994,-0.331925595915619
1000,"Joint",922,-0.583767440403293,-0.533511746652205
1000,"Joint",923,0.198238355717824,0.216450326372969
1000,"Joint",924,-2.00490424589412,-1.88681865231445
1000,"Joint",925,-0.352897057410183,-0.314368321258252
1000,"Joint",926,0.0668360512234428,0.105684299767213
1000,"Joint",927,0.806189037386717,0.797766113024036
1000,"Joint",928,-0.150073835038357,-0.106714252728338
1000,"Joint",929,-1.76164969407598,-1.64769178275107
1000,"Joint",930,0.412697955142482,0.420077552676774
1000,"Joint",931,-0.932581635287561,-0.863949568995253
1000,"Joint",932,0.655258355410094,0.652888483942163
1000,"Joint",933,2.05583179743818,2.00074095959764
1000,"Joint",934,0.720476588791087,0.706191668669998
1000,"Joint",935,-0.351666858313268,-0.30476760715378
1000,"Joint",936,-0.352483983480017,-0.310270552666527
1000,"Joint",937,-1.5964918161196,-1.4913545096134
1000,"Joint",938,-1.12213542257935,-1.04471567350571
1000,"Joint",939,-0.981509493370509,-0.910037624737204
1000,"Joint",940,-2.22534315881126,-2.09688559529907
1000,"Joint",941,-0.299178871139608,-0.255683746028857
1000,"Joint",942,0.121718560698307,0.147119230531113
1000,"Joint",943,1.26322110476165,1.23042950545205
1000,"Joint",944,-2.72613411732755,-2.56654078495453
1000,"Joint",945,1.17923582990799,1.14702445005591
1000,"Joint",946,-0.140107172429747,-0.112481720890959
1000,"Joint",947,0.115309859658677,0.135934966123237
1000,"Joint",948,0.0881525571508783,0.119057658934734
1000,"Joint",949,0.62417362120758,0.6224023017295
1000,"Joint",950,-1.54365109698493,-1.44988534266876
1000,"Joint",951,1.61178818095867,1.57222631063112
1000,"Joint",952,-0.817187865980462,-0.74777108482298
1000,"Joint",953,-2.09441917923198,-1.97529625411497
1000,"Joint",954,-1.62480498674046,-1.5182464728136
1000,"Joint",955,-1.41258905537608,-1.3167150585719
1000,"Joint",956,0.630902905610892,0.632932446933349
1000,"Joint",957,-1.02810263144138,-0.966170686356783
1000,"Joint",958,-0.249236799434251,-0.209182457218155
1000,"Joint",959,-0.837900252475317,-0.783335537213238
1000,"Joint",960,0.262222625947824,0.288187087574975
1000,"Joint",961,1.27048132156559,1.2484596497855
1000,"Joint",962,-0.115566826436951,-0.087644398176741
1000,"Joint",963,0.538998305069442,0.546722512587732
1000,"Joint",964,0.0154710930584753,0.0389303210199662
1000,"Joint",965,1.87511238209469,1.81996674267055
1000,"Joint",966,0.676099347493743,0.678187795619719
1000,"Joint",967,0.87140903637316,0.862251982653595
1000,"Joint",968,-0.164248801180471,-0.122603824526904
1000,"Joint",969,-0.146640544329977,-0.115902023100366
1000,"Joint",970,2.60588840127552,2.51808370906824
1000,"Joint",971,-1.23158719220474,-1.15263666822424
1000,"Joint",972,-0.395517710665195,-0.365165215859902
1000,"Joint",973,0.273987487560316,0.301732313070326
1000,"Joint",974,0.668232532419672,0.671794474358591
1000,"Joint",975,-1.31267067093103,-1.22032787679611
1000,"Joint",976,-0.859110153647072,-0.786803924198322
1000,"Joint",977,0.796578853050287,0.795310215395659
1000,"Joint",978,0.206764884440994,0.226174928248775
1000,"Joint",979,-0.214808455318016,-0.181242500598051
1000,"Joint",980,0.939730646192105,0.926861943737784
1000,"Joint",981,-1.23622782680174,-1.16144899521932
1000,"Joint",982,-0.284141808111879,-0.242112502620829
1000,"Joint",983,-1.97599517013734,-1.84932426580159
1000,"Joint",984,-0.753459547029944,-0.68444470658076
1000,"Joint",985,1.79640910088193,1.74406438811213
1000,"Joint",986,3.09881846793127,2.98149601815943
1000,"Joint",987,-1.32507887676064,-1.22885719511344
1000,"Joint",988,-0.837711881033817,-0.762951409589838
1000,"Joint",989,1.04170114649647,1.02378176546906
1000,"Joint",990,-1.34712074770726,-1.24910346416743
1000,"Joint",991,0.110079724556591,0.133896846498192
1000,"Joint",992,0.532282907205894,0.535512128573077
1000,"Joint",993,-0.371008813747159,-0.329049828042269
1000,"Joint",994,0.534840037711733,0.543314211843866
1000,"Joint",995,0.626278494076169,0.627172728204137
1000,"Joint",996,-0.679580656983341,-0.61879426973286
1000,"Joint",997,-0.267684823150978,-0.223383997119732
1000,"Joint",998,1.65480611092183,1.60722303617662
1000,"Joint",999,-0.890789979466366,-0.814111748443499
1000,"Joint",1000,-0.338562852384453,-0.310404638681467
