0.575229760807507 0.736447660783075 0.73038104294384 0.687225035785586 0.791022670094416 0.683148354001164 0.514672050600616 0.990972806997447 0.992326237597751 0.931805841384556 0.935032978213053 0.950244061668146 0.516503214151336 0.354461184333669 0.907715959777936 0.997669016941804 0.710071522942539 0.783126839505431 0.981336538386519 0.000642872506633944
0.0896563129201844 0.580704433717123 0.454437516468915 0.405518360803133 0.338441475956171 0.348897027557687 0.11752444107238 0.72119814494477 0.324544532231986 0.0807425204914071 0.216189968051858 0.319813964827929 0.179420919389674 0.0990932743709105 0.516770807362814 0.934344999790411 0.569839189428837 0.415631322762312 0.0281332856028032 0.992566285450901
0.0200157781072781 0.40258372303654 0.44406533111572 0.33162776736103 0.00806859368730931 0.101588540465776 0.0354021853164013 0.011359871643457 0.130776627413793 0.0162996627776326 0.00791944920264197 0.215139908745011 0.046004548074265 0.0294874354700325 0.159784147508843 0.316395589577256 0.373373937301158 0.514273320078079 0.845514346213985 0.004693080015442
0.372513027834911 0.675874056687521 0.92006576412859 0.604939259021257 0.962969821422322 0.317341304387775 0.126346567681558 0.859900464164837 0.693562673932988 0.841033283433094 0.956035542143736 0.985741508781674 0.624917466268465 0.359379693173557 0.734530492413541 0.997994138009959 0.669194154218946 0.555684375856392 0.348467442231908 0.999478342947419
0.300189304424265 0.67229158636695 0.728732049019661 0.702396742207811 0.732406095719051 0.815810267025358 0.11246198250351 0.83172278251687 0.903423065577839 0.348244343283009 0.917440254252031 0.799064382633142 0.342618682366115 0.195694738685151 0.684737482390084 0.781179439311305 0.153241251835888 0.430662988712954 0.363032577631528 0.998485850030743
0.0504142751456014 0.465305839917742 0.0524071273581045 0.603962844496956 0.00406427896647922 0.346407848949168 0.0381837393278032 0.0474136471147359 0.0412302294736657 0.0343768229128239 0.00759432698231796 0.779316253613133 0.0348896512033376 0.0110748386609715 0.252983575308095 0.0106672360464014 0.421054122227513 0.400557302221831 0.0122373747670581 0.984205204619407
0.319459054293328 0.686693804614799 0.396925647390564 0.677854790485109 0.319549403846033 0.161067253171805 0.291561579167721 0.289037155520196 0.994984943560941 0.443514510334417 0.725830471993908 0.997845140545994 0.338902339580911 0.116869201071631 0.900312956645761 0.27980731702896 0.431626254275576 0.523026004934391 0.786749123384889 0.99635063877737
0.597004371410031 0.737384033686881 0.897118868931238 0.609023615037297 0.997207411005713 0.292600877748251 0.46422763706875 0.913856174567923 0.994930087851032 0.813804132234306 0.942989958476429 0.999669526336635 0.615767734108183 0.554995068444791 0.958802231190043 0.999885514344682 0.357912803360932 0.62754067423163 0.188686166621589 0.999980766187782
0.194658900159108 0.737581084567642 0.512058502197048 0.701061972819389 0.95052942095776 0.215214489212538 0.0734690362104468 0.225326038061382 0.60780087299558 0.384516176867516 0.346033879540602 0.981764458311778 0.136602831515748 0.223734737223125 0.662580929687824 0.065004267761694 0.690639119242026 0.69090199350221 0.234757452550823 0.027804686058506
0.127260057573632 0.487488640457862 0.29420117016414 0.580458542179229 0.138211159711675 0.419705838882488 0.102768859912709 0.252141437502275 0.303817285808547 0.151083385841351 0.0216535630496395 0.866597961882632 0.143631584905123 0.0866985472996687 0.137984436165918 0.989302885981148 0.547523736911473 0.547968616644592 0.978143772115202 1e-06
0.177183290372841 0.552363186035866 0.126045464531615 0.466728047484768 0.437230905039735 0.281988354670943 0.0859642813244695 0.1488344396995 0.783462417706317 0.235763606112752 0.318021535464957 0.950437475586289 0.224105019671555 0.171307211844712 0.442786305743113 0.709637325556802 0.409526693319933 0.409892515214349 0.0568094156177688 0.756124112455741
0.112426003759784 0.66309044506748 0.629699800929978 0.41066508370147 0.381591954177725 0.593025788216084 0.0387334129846028 0.144251935690107 0.384725279226874 0.159510412623264 0.0527973424815932 0.974172402580685 0.136464114181118 0.0398425742136139 0.337632773503559 0.626651113915138 0.320495257718765 0.388640085783584 0.169817195088661 0.99954932561531
0.0581417361667105 0.518013290325516 0.513163804034809 0.528513054255889 0.234238657567292 0.0982109606757611 0.0617986079801736 0.0659555005169869 0.0182139928663624 0.157230909683766 0.0138317098661321 0.720644460436492 0.0508765645043491 0.0221922473116226 0.518270058093829 0.00706044470394479 0.305195840401934 0.479957294892378 0.00487563578898776 0.517943521129105
0.0884164272800466 0.612246173186766 0.573090940976 0.524424930455067 0.845021576548221 0.138926129939381 0.0315805042811458 0.0692173399010439 0.83264769472151 0.22489844460474 0.0382253432909372 0.713777361176421 0.0576422752753177 0.0576530757608061 0.61141126380016 0.880121795606415 0.547960991603714 0.578113590363825 5.70173860618872e-05 0.952213245915558
0.0572160161367847 0.499968235500526 0.588478672957099 0.46886237274221 0.22121784958592 0.330723194301817 0.0264450175434487 0.117644315900627 0.74165219008322 0.0261701505517435 0.23991862146438 0.851927601488245 0.089067139874438 0.105589841246602 0.635630134109365 0.918392585281297 0.446042242743686 0.544737724512648 0.00863866630828079 0.039566515920667
0.400248960710507 0.721349471392862 0.672810413241236 0.39100053448312 0.9744608680726 0.54371261470768 0.813570493213632 0.99586249027394 0.759278107821834 0.926344301181808 0.976500464511979 0.963601880419868 0.501598301946372 0.394246735794466 0.803998014764826 0.977566298129989 0.339330018344262 0.7233407143818 0.886902125381806 0.973396336755423
0.149678447255038 0.648786459386671 0.762729518455131 0.548269414833275 0.136142535883814 0.508867032689335 0.0395976231589086 0.783143793203394 0.758784588230503 0.42302840976974 0.08801585664411 0.871733100935191 0.265548875624829 0.0898618891569329 0.198916790220595 0.604866071945112 0.262717885192031 0.269752103503976 0.59307056870237 0.999845292981498
0.64514131865898 0.603948123052767 0.885942823180542 0.675609783698657 0.964650746700209 0.749517316330275 0.360474563848222 0.954007343304095 0.905643438690327 0.934374297581411 0.531962198667418 0.99922414097586 0.359918521629563 0.324671199811247 0.898924686882131 0.999356836388755 0.583188429654211 0.724548736696636 0.958386105782099 0.312870653401636
0.441046527220411 0.640396259913326 0.733698473209904 0.850151907644742 0.770059066134849 0.618412543060936 0.348709403563432 0.300659437388206 0.973546487831646 0.7762327245466 0.694780775233094 0.977176134717451 0.235647839808014 0.102200448528396 0.834009024380135 0.993016974271363 0.377386216324567 0.776307354217865 0.0315607627921321 0.00470903335459658
0.166971104695459 0.668365410421977 0.115479005619233 0.663114944710454 0.572553640017505 0.225005866304642 0.220545000665386 0.880944142880828 0.53667371802962 0.53439983864092 0.346327071776847 0.768474005856593 0.295681651382538 0.153423136271187 0.581173905818908 0.998277017268211 0.606982886743382 0.797838606325897 1.24911136531661e-05 0.000131402952303491
0.536673634374531 0.715637071755347 0.80697824507271 0.88112674894616 0.906139728514174 0.421896683364111 0.755275828915232 0.953897120964012 0.749116936447561 0.898879931438536 0.804521430668344 0.993013917017379 0.565403448398973 0.356008879284826 0.921278855434164 0.969092910887585 0.565311737893882 0.601839261836914 0.558833543392754 0.887730532377085
0.0925167883140465 0.567389108330246 0.430311561301938 0.729448812596549 0.50025922245343 0.532833764095813 0.0241842071800542 0.106374607710359 0.277068562044865 0.0114418861922862 0.0235328138975519 0.409652910477149 0.243460825907379 0.155370433944626 0.719095257435311 0.452883473421162 0.58829304325282 0.441353414610727 0.000736300487522967 0.000468627378197983
0.0609489094295466 0.418976138476124 0.48348668227637 0.505188075023258 0.0134664858532471 0.596169744325948 0.0782456587195818 0.23232860886355 0.151257852511991 0.0212145845279562 0.0979925829303102 0.150894386402703 0.114462360614268 0.0349582238424795 0.427385356555646 0.0300017115326668 0.642781972138647 0.158150717577816 0.000875926924527719 4.05410754368261e-06
0.273141008990243 0.63644477834532 0.685747304738547 0.683835015962046 0.9718209209271 0.401847153407498 0.182047783213693 0.923807157403124 0.720615268322133 0.642873402489353 0.883544370893502 0.995474231465193 0.243655261865236 0.183442360342548 0.615170123076094 0.998719238375014 0.257770759413595 0.533798190995478 0.0624128586602973 7.05338529094179e-06
0.571661640673132 0.76999150563905 0.557050372553615 0.694543478610276 0.997944299114782 0.621017034939043 0.813494780337577 0.73573260226209 0.851268637138322 0.513324753830558 0.720029427501666 0.476520366000813 0.482137959324091 0.223988395604624 0.899566402476152 0.984272392999097 0.62016797670441 0.760426925705747 0.350222677430964 0.999898994544042
0.0915505053703124 0.537822268209841 0.267151338405303 0.798374237334899 0.887576047203388 0.148570541476608 0.032207618838519 0.0959886016618335 0.500048526966773 0.330679636746469 0.410445885109264 0.920236857337339 0.0665606159552065 0.108222471596371 0.887994369301466 0.995635398418974 0.669290136666873 0.399523991032253 0.000657358535378673 0.995168851890446
0.85949765990784 0.795647943700099 0.81156821543378 0.465128369491449 0.991739970465501 0.826328620806959 0.502234886173107 0.991194551546258 0.98733593418816 0.995230436331986 0.998694630914938 0.999648091057405 0.825112064185169 0.678753797984217 0.963902526606549 0.999399298695991 0.825040650515862 0.854145230684342 0.999979535051451 0.999484125924918
0.0713723916161983 0.482833948099773 0.0606305134339895 0.725715085849305 0.00918165820847209 0.43859259004307 0.065387311135636 0.012622368332302 0.28122086820817 0.169021980350799 0.238408587973322 0.674441478292736 0.030544512335997 0.0916290318506413 0.200133610067213 0.883470006682186 0.647944595402011 0.535381588063383 0.00159465792484781 0.969870632536267
0.764746289973517 0.797767809897887 0.809045698891185 0.680539623256353 0.987399420413365 0.094832904686077 0.655885972665446 0.959211998166842 0.989791367280117 0.987962477175089 0.871431495608356 0.988946311127578 0.593350865229356 0.3829743505552 0.97471767465815 0.9999444683631 0.498035238778386 0.916389501350617 0.490563409871273 0.987090162571445
0.235539005777657 0.641472055641485 0.886532437309258 0.542843138489747 0.0734375854232046 0.70392618901216 0.0596373415000597 0.186005948583394 0.0112055369624003 0.417155599971242 0.101137441318625 0.971972060184777 0.181368178526009 0.149645835684967 0.736349862806844 0.989814797520697 0.668938865954474 0.38430399137957 0.0707422129317471 0.0217812349930757
0.029040472096272 0.368142074026357 0.13287713406541 0.199310362112464 0.0699820880241531 0.774808678752134 0.0651074406702636 0.0364861284448246 0.000647559329647648 0.0154912451884419 0.00487091768346508 0.449028574697059 0.0161395684927374 0.00671871103463986 0.177872630400804 0.109383341642486 0.108244291124157 0.235469829153996 0.0101251290277384 0.0701418583268222
0.00430742411051024 0.322032954086347 0.0260969367216557 0.433450416935671 0.00264485784458108 0.447258520387859 0.0026001398765298 0.00478353723952947 0.024671459177931 0.00504133687612076 0.00100719296538689 0.833708445130494 0.00538526725233608 0.0190163371330132 0.110378231870318 0.0161549114724957 0.0920359027775604 0.302561101135871 0.00707359986757275 0.00199468551023512
0.360292669917497 0.566793357888002 0.570193482008364 0.608725826422232 0.763616312533185 0.16393988526288 0.327810436103489 0.521467595471871 0.120410905119192 0.955233781015115 0.987293469535528 0.996482154471823 0.228967467974504 0.378171202969269 0.761335617931413 0.994170611682529 0.559653228192235 0.677254473201191 0.0739264545800597 0.0465995707239682
0.0654034409947927 0.496335287851042 0.127247130699889 0.409296037172111 0.120400909166754 0.475063620050969 0.0441892391842182 0.0431419607689703 0.0200438920086546 0.0115967138006291 0.276652779906066 0.780850002640873 0.0265390279650545 0.0524426441607952 0.77919022142544 0.011576447353019 0.353166116634816 0.659638690557789 0.000292879879038085 0.164919877432612
0.0136038874714216 0.381051853035574 0.0794160209556286 0.582845989805146 0.162097423836104 0.414749898069 0.0243716192773517 0.0363961837202641 0.159302200467077 0.0175235067887958 0.00239548931241496 0.0577147854175406 0.0115556089777098 0.0162306912494048 0.175786111443208 0.174841360195148 0.0899470103122489 0.385516364402062 0.0541692547749134 0.999985731336995
0.285719846283248 0.555911438953221 0.442635793526551 0.632981067764919 0.611319713823304 0.259162764132325 0.149872281079575 0.156619396747942 0.308047288530498 0.358978247001375 0.591633605173147 0.806578273088683 0.281304461823657 0.1076579195399 0.650709806598026 0.921737494710167 0.415310030489186 0.667363856132187 0.95123518663243 0.0256345779154786
0.324509998124848 0.622716515911398 0.333829167418205 0.749715658538553 0.657635023142635 0.757307948257426 0.301059253548039 0.0821519415306242 0.94284949484884 0.544858391251527 0.599143116775978 0.988885456934025 0.326882854664217 0.141681732414475 0.56106092478352 0.81380854052983 0.488460688552362 0.453052575401436 0.00893605515722091 0.999677315997368
0.494582159080586 0.66288060250523 0.760217908875591 0.728026554213614 0.498658634098444 0.561627742659178 0.0974332154653443 0.338909908431692 0.987084519270476 0.956269976911365 0.965473636660778 0.996849971327865 0.585135148436875 0.188814672871327 0.347441202705983 0.790842906995472 0.60376799328571 0.729168805380438 0.564818574926504 0.937956443384986
0.035293371938291 0.572342361672912 0.28285681389313 0.644039525054107 0.147823539671512 0.713941078526542 0.0159542842683253 0.151113844814624 0.561572410125039 0.0462688605927701 0.0176625750404972 0.960172244972396 0.0789602492140106 0.0534774342696611 0.241216502891311 0.919137805693154 0.494409009363801 0.323803654574549 0.000205826568180984 0.419457692232734
0.232455858255428 0.494841806548703 0.905865971594747 0.492488911649119 0.817360023859821 0.141446716529625 0.143664459199095 0.550355585522645 0.840900342493012 0.0389445849506038 0.24468384934952 0.969064517635263 0.0860949889720858 0.0938877923572223 0.34311764676481 0.0339360670631664 0.691280061203546 0.387339432981026 0.0083851835844029 0.0786927999778138
0.408627244179644 0.791248808668932 0.814749883437468 0.845877670019655 0.999650987203438 0.540726837997649 0.148539118999512 0.978973185446592 0.661092595552232 0.971484744698513 0.930393188087857 0.990904023468853 0.687854952015568 0.354092898055998 0.955627757695911 0.999991437794129 0.613329730840225 0.826080125888411 0.925567037348317 0.999362366545742
0.0284834082269987 0.532742364974357 0.140572698603855 0.327613484403102 0.0757350005809629 0.201190101877404 0.1893145021648 0.0495044765300626 0.138858832744094 0.017598730967166 0.00599587721566569 0.778285436244626 0.0339443818014612 0.0421089899675675 0.176404012217691 0.0925302127722139 0.476286000250828 0.392482501701708 5.07156493149901e-06 9.27425898205885e-06
0.225298133417795 0.613447476486455 0.811932670967514 0.598452668616336 0.953622915409194 0.743024626533521 0.253896975796111 0.320515263364953 0.19786775810182 0.389706736313502 0.735397591615608 0.89034927901179 0.429009404975514 0.341571488931695 0.741046571501916 0.97716708183882 0.260696554068048 0.560543625396015 0.404230635544928 0.0001656611555042
0.195786292786135 0.575136836075957 0.0866281279419857 0.52405823105297 0.406498913582936 0.165045783354601 0.0553608805005924 0.951201161731734 0.965343148314182 0.361467050101872 0.418289897079155 0.973700057250941 0.0941781171488221 0.0717298380980886 0.814372599423925 0.989315477973108 0.399904239944277 0.410313346683199 0.783110449247696 0.0186496041705441
0.0564879944440572 0.548676413003845 0.757696873216256 0.547596340086038 0.173658216823776 0.283463231373187 0.210996155505217 0.358677160836387 0.306673939140069 0.0956749454387231 0.0391315179342491 0.74424396181541 0.176870558015744 0.0429993773585569 0.293361262010959 0.177236877878699 0.467133172994848 0.575282271630129 0.898406268547606 0.821411097516013
0.490740691369037 0.806578987885471 0.656102273010367 0.676668573903778 0.919979776914471 0.523345763051319 0.655655751605609 0.984716822021654 0.999675883981205 0.912357010049396 0.987087993696517 0.976709486498478 0.736416026321444 0.516459812257817 0.91713421779692 0.990846631725617 0.829313813887735 0.901557398907805 0.999123283997764 0.992955473489347
0.0479270545847539 0.64911341463548 0.606889587274921 0.511970318572486 0.734503774279867 0.642826156745156 0.258356730303966 0.823848404321747 0.456612368205301 0.298131044172152 0.708137188965222 0.6614508108233 0.300990010608092 0.264774957787531 0.68134773135028 0.9856912374892 0.561772467999649 0.337819086749146 0.0166604336320239 0.00908903036925062
0.0162804601798746 0.46366532773841 0.0885630961595455 0.286399735491632 0.0347928521489994 0.157898774343914 0.0154947871170552 0.00132838711004405 0.011585214928577 0.00989163043755955 0.00413184771449738 0.43310529902773 0.0688930400241472 0.012712611827866 0.32795396085347 0.00919084085113365 0.214195368777366 0.137073937975636 0.0231756910027479 1.38184352227259e-06
0.21679231210154 0.599929910014097 0.761886230210925 0.645296942599673 0.420621429057269 0.574180705663213 0.057714746819038 0.933157527661028 0.799970065976058 0.732884124856247 0.106667684216844 0.442400738712117 0.254230779040034 0.207566626243343 0.753551552141994 0.995069168128169 0.312608931023685 0.453876634021374 0.00720150960305911 0.306220948635963
0.319169013183866 0.628342353234448 0.854905043182309 0.608307370573537 0.869912688543842 0.41550974437744 0.355856413398936 0.90648464258857 0.916399615169202 0.923027492253283 0.922864260284751 0.993257222116423 0.204222437366312 0.243181714515264 0.771392532573246 0.994661340554097 0.452799683373224 0.551836536326441 0.993839999724523 0.969499602072317
0.232943101504034 0.659518711226335 0.600618650781006 0.680474958283122 0.787403359980517 0.206875939568103 0.488515804287535 0.155488506869458 0.824609318611788 0.868754434105175 0.768542312823987 0.987354527907428 0.190836559247212 0.14649232468758 0.690303190206975 0.998732513848739 0.708266394385683 0.401893180658217 0.989743716926527 0.211935130014996
0.307756967393497 0.621840992974579 0.785197908742975 0.783154708507895 0.499845075637101 0.596245407829899 0.421767208284101 0.193703731378784 0.761788738143936 0.636529174727013 0.593563222449105 0.99815624979239 0.260463428236019 0.225970737554316 0.291237797384387 0.721823957832569 0.548553395119763 0.408347168697 0.00296769458443509 0.0621431568623968
0.0770773928533815 0.515394622205091 0.596097384281664 0.636172387952574 0.184019812107397 0.210089270538393 0.0210381242846732 0.204597577040415 0.216484104808361 0.238090461824491 0.166515010143546 0.927448472322874 0.02584084338885 0.0610335142617314 0.317229919311918 0.995953024843585 0.392082316529723 0.657427157973121 0.0307664585755594 0.0166706278968483
0.33648928844215 0.492182673009206 0.50684468083785 0.617273678060229 0.203163949310322 0.336285075096606 0.157974146476353 0.225448409505895 0.0013244355007321 0.172410249246978 0.233554863466925 0.969691879022405 0.151383968548328 0.0773366416286966 0.47250463479306 0.982728570797804 0.56634965259748 0.366338528011492 0.0718364101038173 0.979900892224921
0.0184496316454243 0.327050573911931 0.0650272141802658 0.580869388771398 0.0594607899088196 0.157407887588773 0.00990811837195898 0.017424230735253 0.0496419030293698 0.00598639326986149 0.00232516407948926 0.0553562914498567 0.0249262952940392 0.0104289887714274 0.0270850632349404 0.0907253892182178 0.277882645813468 0.117174379376736 0.00959932939319213 1e-06
0.433002658650486 0.77344906422466 0.443780752579038 0.56941512162558 0.471543870437911 0.604953829899442 0.216066751941067 0.887602151962554 0.901550925898038 0.700014765942703 0.226620030606437 0.729483829783602 0.375328778633749 0.132955055437039 0.955500273045328 0.982297433090734 0.470709063542033 0.491887543359169 0.149143494179479 1.10891984184562e-05
0.508315395928194 0.720536836094097 0.204183084701881 0.686894198079268 0.698274257727649 0.847087757514161 0.218996693264074 0.194192204281396 0.46895453482508 0.825598686641005 0.538115150459623 0.827295210630573 0.465950092269772 0.286331163272754 0.824323730724252 0.982817345421256 0.527192950911356 0.60883055592377 0.631785518731738 0.378446883355062
0.0558381113771509 0.353987786476526 0.295901397448486 0.843020111083619 0.13024705848641 0.142155243788722 0.0147609657389633 0.373767900339568 0.0551509705674458 0.0732718840558225 0.0357823711183897 0.491443329411637 0.0564989698447548 0.0187063469091354 0.0817402614421467 0.963339216951705 0.386197666350473 0.15917764458843 0.00692684429709015 0.00168417568561011
0.10325234985594 0.499540723556928 0.272939484340522 0.687849265589203 0.670744062774066 0.574618549110105 0.0386101125634998 0.622016940065611 0.881363569754389 0.163391405077591 0.0541088967137192 0.995073979570843 0.104584880281956 0.052405017744961 0.353082536876262 0.804972643279736 0.64733383024696 0.430449555555712 0.0602645811278046 0.960325050706291
0.549603769154962 0.791295670145053 0.772806107555713 0.605141819252985 0.840367357062913 0.392977503741402 0.590303537521551 0.906556953351777 0.524510648724014 0.926473307103913 0.987883282722795 0.997598682971826 0.751208703268841 0.478905937092751 0.914037267543677 0.999936164175705 0.755291966528332 0.652908176856677 0.267898246359542 0.999246098436516
0.126251277060686 0.608127157166277 0.174047906207406 0.566074035385382 0.0412690763279492 0.237255337471326 0.153783057256552 0.124207871987184 0.411545592543833 0.118065185648583 0.0790909161918478 0.638610208338041 0.0565423622348408 0.0486106503490283 0.35928965332496 0.397815194162279 0.384988022892665 0.423584547011033 0.0126602850675874 0.954705984642059
0.0927514169966083 0.59018654278702 0.585255055638841 0.801226128702916 0.157881056617701 0.448672129898888 0.053807789542492 0.353947213109401 0.230395235535036 0.123597216924132 0.227818355649984 0.324737858080714 0.0908742385268014 0.0735914054153197 0.48273434971418 0.0178008779701695 0.320217372306445 0.519422530877179 1.99957051591161e-05 0.0153023371923741
0.184397141776514 0.535704939048617 0.2069811613038 0.672436873751391 0.719627793741965 0.254258473340761 0.0269522463047756 0.467900322942816 0.8397733434846 0.147963562928769 0.229560295766355 0.788413540541288 0.110961058250704 0.131056768930927 0.763903935742897 0.966282722247701 0.613827516812407 0.318769991407458 5.00297961324372e-05 0.999325269736266
0.187409687671638 0.545669403363774 0.66568165821562 0.406585131539066 0.242370357569345 0.0800413608396414 0.0794011998262609 0.067199600781239 0.0827114575229524 0.250799803201606 0.179179637604488 0.181331642524864 0.111722315367332 0.0708844865022236 0.856642685926237 0.660761307833088 0.241603039212204 0.46777802236437 0.348756130153029 0.0690043405367557
0.0641051344314864 0.543685144434184 0.115956256897094 0.5790590701422 0.0286360984628781 0.28321697658678 0.0276085868877651 0.296181701962121 0.104286190188435 0.046198524966417 0.0322057408774662 0.84624175949291 0.0401920926988709 0.0288254979751299 0.634065233875342 0.987168575115005 0.535138895447938 0.319063605439285 0.0697929776238611 0.966746199317881
0.226356236186524 0.537649956646076 0.463196886934947 0.697442287179348 0.437478709335931 0.717784636933372 0.0949681672040109 0.155964852219889 0.414178737765925 0.212034901194282 0.325240255251121 0.456810702553171 0.137362938085837 0.210875004616721 0.465172428420775 0.381058209397472 0.551900479679584 0.679645305670164 0.647398391494854 0.943976579756662
0.214460178805358 0.502013369919207 0.658762710079384 0.388519338698367 0.33307120944046 0.658262928669489 0.0631659051270438 0.114488533110367 0.572846753026313 0.18554531774433 0.51765399270748 0.999767690498921 0.128420572080526 0.0456008419672775 0.609455943313531 0.942796792564543 0.788694574306826 0.31191000356033 0.969830610890206 0.919024509899722
0.30644926548458 0.624707237532826 0.849230394092945 0.727905455493291 0.992525757802217 0.650297520381823 0.481029792536266 0.7492412467398 0.806660659281439 0.979384125593859 0.971592106687112 0.999941555671954 0.410570379606808 0.588972982333376 0.918883545742736 0.990823468707652 0.526601840727927 0.79590518591448 0.567275689607315 0.999289370038001
0.0438126573215657 0.262384559923478 0.126162718315932 0.226519034627947 0.335336847102163 0.414491469149966 0.00448852484972398 0.0511085907334234 0.225213308125707 0.0162330145194778 0.0558398816901649 0.72078149864713 0.0280035767504142 0.0128552147497746 0.585611758184555 0.00814493270957704 0.140270151749377 0.475476172204272 0.168612929150728 7.99768364704263e-06
0.123713517887589 0.585366537442907 0.711774381465921 0.723087779443809 0.103359479658114 0.439428787969872 0.255381524114879 0.352835356320557 0.861813402733259 0.469854132213555 0.0716363450115074 0.976986019201346 0.276725839187182 0.155724701454726 0.642146119690096 0.975962551848269 0.53218459400839 0.504253273687589 0.000109493143833041 0.706959843940003
0.0464740486050163 0.532622750777591 0.255900279034348 0.526885082600236 0.44391461809348 0.089471739400065 0.0791212635435914 0.148369144309903 0.288857763752661 0.18840061700474 0.139811213504642 0.785576594908474 0.0784093857459384 0.110751121832572 0.166063836645872 0.180576780671111 0.297078688381001 0.626809880422286 0.00358706015960635 1.1203201059911e-05
0.124647863510026 0.524858606403115 0.473012526946466 0.51834165365871 0.233852164566721 0.3422315591459 0.436226697845576 0.0807312806163551 0.0183839920206958 0.32340134647956 0.154714622402001 0.529696274579166 0.182590876473514 0.124282521954892 0.795293640099011 0.916441474015363 0.611696071975082 0.510125776311197 0.00102517166606995 2.85697961705041e-05
0.113997427798197 0.562114345367007 0.391085483850915 0.291817609500133 0.825175946614699 0.452618620813695 0.0383641687575893 0.222940248122558 0.942945871481864 0.343292219025866 0.240186656333078 0.996472459793308 0.11713091047749 0.0393396794535293 0.434138522644291 0.0960599053053451 0.508919480358497 0.679401949617045 0.00520628016291257 0.93056588177009
0.119764364600894 0.635439322419563 0.107740082337452 0.502538301243736 0.053907935012717 0.0869727214288558 0.135234245548147 0.0937068743329351 0.937698935025987 0.0913641478480315 0.135839973707959 0.172256196677293 0.0901315445690884 0.0982583655234866 0.684797783909439 0.111046198169238 0.562194665797844 0.339702693576353 0.106379133434362 0.698963208057109
0.385055919214769 0.769799350709396 0.778700949535841 0.63624298040612 0.920523197533909 0.0541863709336225 0.677810981168014 0.666551587039872 0.998412159534463 0.531569642317639 0.343922760735261 0.976347157600607 0.23885414160819 0.140284709416704 0.939741056447007 0.983264447470677 0.589145547767035 0.624312362559325 0.999456877682207 3.96732191844396e-05
0.369090205261816 0.749104767011494 0.427317945454684 0.577348069667908 0.986862232838062 0.48688097704668 0.684867719669613 0.900025208941657 0.965869308096416 0.704514764095566 0.572449022687929 0.853175843669469 0.552492343356684 0.242365901905509 0.95369324048832 0.981772237527202 0.559321851742464 0.728886774695984 0.986768417360215 0.999912108511501
0.0515840401960447 0.448259462171957 0.139206436449414 0.659672437523159 0.0408336141582013 0.369170557715893 0.0389180317745729 0.0201289458394549 0.317445319401839 0.0252591997416129 0.020098344484303 0.0465795349892184 0.0727692048454562 0.0283827146656884 0.277243707146398 0.589326628535917 0.44598137366042 0.245237098932919 1e-06 0.00019960320695598
0.0222318056233489 0.456774315274262 0.233869668987086 0.490845011571875 0.00979307054344251 0.285214909425756 0.0243038346229255 0.0366638008180445 0.0237266911267855 0.0563641438328829 0.220346776931564 0.979739940360911 0.0735799620819001 0.0455941186014499 0.631335864935493 0.916099964913009 0.25896137279355 0.480760918477441 0.355659465523232 1e-06
0.26978253227228 0.671446880331807 0.799389814307492 0.753161201271666 0.606685779646112 0.336325008342005 0.160280070475231 0.847430849493255 0.978736108116935 0.263105815354489 0.843184007574526 0.614782513829367 0.221660887214854 0.174736261332893 0.794402436525835 0.984055824530456 0.517225014893661 0.560291968419627 0.00105989289907655 0.925300466670069
0.0595557003497431 0.4116281655274 0.183665849829251 0.28140423097552 0.779913013896526 0.256457014568445 0.0440413981086615 0.00930374529335198 0.0696785830719572 0.036237325111822 0.141045182115149 0.742308685037586 0.0614783479366833 0.0368975425214344 0.323475431336146 0.087870096925973 0.200536905238108 0.267326824735653 0.0491487340621232 0.106559767430471
0.0967360652277219 0.535954120780992 0.300493468412296 0.787619657230876 0.152820721011665 0.0700934341110115 0.143450453550872 0.612657650953104 0.0308799351466588 0.258162589107541 0.748936450258663 0.959701100623568 0.0523560003785807 0.0515512073493766 0.694143953931178 0.968392069484862 0.460445357806208 0.63574733115276 0.505650459014362 0.0250385474691315
0.108084454734749 0.493382331741438 0.545998753137419 0.521546920773704 0.459708784550502 0.354362930106869 0.0938438793373532 0.606971614245003 0.153622764182715 0.198156880897243 0.131155779244465 0.871992885460788 0.224057115933343 0.110465496968395 0.65061422503266 0.786534110757645 0.200583374745149 0.640126846036078 0.024717332629931 1.60424878829856e-05
0.063905304877865 0.589356019952555 0.0913177438533443 0.764647806659006 0.429130956983264 0.774946664595827 0.0325098063267979 0.205050717649177 0.555018912218912 0.249952699474027 0.18287954517425 0.402224060254496 0.238238810246568 0.0478521593688755 0.207259564354403 0.540921403483422 0.443303822456638 0.503686363955186 0.000487602989163826 0.395360856336292
0.0863266860194306 0.534500298782938 0.653885043640339 0.599192751763767 0.182192774704919 0.376606382638827 0.189043979368927 0.443295684705805 0.122428372085142 0.799991212825367 0.75408327659026 0.9909663893492 0.184687299841878 0.140982163061118 0.749776846257428 0.944012570206283 0.612815385762242 0.830702987473754 0.312371523537793 0.987001058262207
0.0821897534150518 0.498704025597549 0.396249723676287 0.600213169060474 0.101102184733329 0.35752723715557 0.0196253279488295 0.0905643849405568 0.166561782079321 0.0546432945195878 0.138317619511977 0.945261552467615 0.106506782671359 0.0742923461036713 0.380161293046242 0.992354141017693 0.246855496377056 0.466357109229092 0.0658554266406091 0.000142649238390692
0.063715610942405 0.579906498279718 0.61619020149338 0.527569543372978 0.352869453858932 0.438110800432377 0.163506961903157 0.358787544195672 0.375309199855994 0.141361376978316 0.0584228118472143 0.946739796982808 0.063711515222803 0.0602705207450159 0.551314985559402 0.995476241604904 0.678551271307036 0.545156608054735 0.000144156826547331 0.000570100753096485
0.286426557437021 0.636686041228443 0.945878575078254 0.773000663082326 0.992294668745024 0.857556455355936 0.204302594387894 0.937884761902534 0.753588095118883 0.905148080054945 0.934101958905709 0.984555374663975 0.306138018786935 0.195808830323131 0.790556850455887 0.942100005392328 0.580737919216303 0.727833675075405 0.873808783578126 0.999811335785027
0.353831591653034 0.664653325975993 0.71582173548155 0.890347984447196 0.966416141563897 0.335006905996959 0.596488035290969 0.894311932762544 0.874096319768636 0.82853425730666 0.941327718419045 0.999391754920377 0.478793142975963 0.348588291267366 0.776369107981229 0.991366341460171 0.62014556964092 0.719617851819436 0.318566451515087 0.880804403790946
0.130127928338424 0.632601421094311 0.10771393167336 0.554888819563843 0.536325047854432 0.446618942656253 0.0713167846944151 0.235591173033461 0.0218382202926887 0.0191213671741061 0.0140311205396787 0.434349297393099 0.0650229011294081 0.0564292448166761 0.473413247387247 0.60273957268526 0.579072073299103 0.244417516415418 0.10822512814564 0.0118636822457001
0.381568666768664 0.577312867161557 0.384400618892679 0.528791159110479 0.571172864268839 0.143811269254837 0.119846327685431 0.129140670873767 0.436819533719114 0.115515309178006 0.360394931713654 0.84506433524238 0.101937725569432 0.143601883150041 0.353606581339747 0.675218777571447 0.672560415012218 0.478302098106819 0.36405202886529 0.082739706856344
0.318050329471945 0.64256084733432 0.414171782608816 0.595407340309502 0.943452973396722 0.250078761218182 0.0501960897231888 0.559364810106957 0.0604039500633604 0.399220039119238 0.536011618111504 0.981173498975469 0.608285174848074 0.161046276145216 0.876822181932193 0.999780773768776 0.579048472352719 0.809107441573607 0.224933137407755 0.99336091492018
0.872932896180944 0.839588919908811 0.980028550891413 0.760050392082405 0.998618946236155 0.966721469588483 0.503901989241857 0.999490706613607 0.983218698394409 0.99471535220322 0.980983930346808 0.998848956215299 0.65173566779234 0.702836035768779 0.788508819978218 0.999581342584204 0.858871816876037 0.922728295764656 0.201282124379267 0.999999
0.15034310037261 0.701320639088722 0.893880095145108 0.742673720678356 0.976507220149026 0.297412849086029 0.221817566393406 0.53363256517596 0.476581728286416 0.557045040652913 0.320235079026828 0.99691277505981 0.151760758672088 0.247320837912439 0.75297752320749 0.982118273384498 0.706195731700201 0.630069304793235 0.702462766481993 0.763856018993963
0.473650169661143 0.707745724887666 0.829743086320948 0.681739969079032 0.954492142111581 0.366164328757425 0.163515872726163 0.973903024706987 0.991450608578971 0.934110474962603 0.856195678268253 0.992853851108541 0.718094162481712 0.348895170527591 0.628520197774136 0.157278568694022 0.471408499088303 0.849767755756454 0.994965306320903 0.99993715379287
0.20824436936476 0.458542397375896 0.271088941825358 0.709418343006999 0.260230195814995 0.081958604587363 0.0378349344513356 0.765084129732104 0.148029490133617 0.0383464241974804 0.49720354034813 0.544115987399242 0.0839378336840536 0.0339557508145071 0.391687333285168 0.979534299204066 0.207818399120381 0.586851835965953 0.00653132742782919 0.737200600212555
0.234798313598186 0.711743120072965 0.911952136763173 0.687961821003297 0.700712102796822 0.592706278897516 0.360687227973385 0.707457608687338 0.690403732466766 0.910265944566087 0.614928529590625 0.982535756777138 0.681720488598459 0.139915943814385 0.944269913023819 0.819658996085557 0.476156606332614 0.772044515536053 0.0346089313037138 0.997154931278813
0.0839117602871227 0.351229812559222 0.128787029405695 0.438393710482406 0.0327630063731542 0.21531891589274 0.027003634880243 0.330093152591824 0.0134854052678994 0.0489723449495882 0.0564687285120201 0.886990006529782 0.0644120696717888 0.0594929038715222 0.853709770349824 0.0168496119174848 0.624575387274229 0.338841692162551 0.000199544296562614 0.00192821760884606
0.259043130020915 0.571916655237853 0.297202811886122 0.496134124195522 0.0639066806186796 0.648894881038476 0.181555656542442 0.127544861055354 0.0859014794717225 0.181492466624638 0.145760249764695 0.991245639999619 0.107818838806168 0.0534304439633983 0.434604813808986 0.960804565434898 0.358229377412006 0.555686840680969 0.46293637094526 0.996652608596736
0.0228699513415275 0.46294655822808 0.130898246830692 0.334436152128688 0.039246263286006 0.122232824029185 0.176509201274058 0.0253219510274006 0.0176764890339118 0.0139678818717939 0.00744473856951926 0.078812406087417 0.0278705204882494 0.0145689158647406 0.0763286415402079 0.716995754885845 0.44075342992085 0.161436625209454 0.000363173806499265 1e-06
0.0524973546505356 0.494450562359233 0.412971411753606 0.508576040384157 0.00518767248723013 0.051477171729466 0.249972262084122 0.0479727960699582 0.0706268134580968 0.0360611298315443 0.0211198351228499 0.692491238233277 0.0356128297800417 0.027753479038545 0.220146067268566 0.992464771715516 0.352002805574683 0.324122204607801 0.000679074163295497 0.000453496709290714
0.643836918395415 0.693145252647987 0.924389028513056 0.808617806974869 0.998530763813879 0.693641196394436 0.914588777413869 0.926691976576294 0.863192081105109 0.928042431631077 0.959580988016555 0.981312007149338 0.629262445160768 0.506240792110984 0.814028131888762 0.968199933701425 0.692869051215277 0.807772491224279 0.880196358824414 0.0139067135976693
0.0886797279554879 0.35450245740417 0.212990907341277 0.472199599754183 0.0129845507842561 0.176505592910356 0.0388706354891008 0.0955909267839935 0.241389146018089 0.0709261092367159 0.143734745493698 0.875143892494323 0.111355853359766 0.0619184468650694 0.127388027738741 0.842939561334003 0.234498281205034 0.398855359226694 0.000196586384536731 0.00393509471592358
0.584518875514307 0.759707871843254 0.917903365414313 0.631273373195725 0.989667114851153 0.72652099071885 0.0788349474500169 0.947538164608714 0.998951456028102 0.887068359986665 0.979626248395341 0.935395116055544 0.586176680668792 0.432236631988431 0.988884809558591 0.993333754516643 0.683839847870444 0.841571315672172 0.135189826914975 0.387566721190731
0.205402192811447 0.617426692797223 0.698003531513508 0.516461709104866 0.45559440215249 0.299155109370189 0.324691125171398 0.126826693348212 0.0679975000135417 0.655898073279758 0.0761402221689977 0.943420120295377 0.612603644590755 0.206626923542062 0.399681340128245 0.995898080803808 0.465950474958779 0.710789042968824 0.100632864802536 2.35361221113094e-05
0.135736773590469 0.433353869028377 0.164312961131873 0.774424959244034 0.1075978139134 0.118483032584055 0.0286067633576394 0.100830847711437 0.375058823778152 0.0577483102756999 0.0688734629642794 0.536608651627208 0.14325854989506 0.0511475339204034 0.630416415987234 0.349872114698673 0.733647937448593 0.290413551303752 0.0822777242085872 0.00262808013482523
0.0273811962464496 0.528529047238709 0.187065989188013 0.470245384650603 0.194006023031696 0.284644823297796 0.00575028088712426 0.00360200752375009 0.000368482742620598 0.0105731994913975 0.0141588922135614 0.659989780097367 0.0312714520714578 0.0133049557203462 0.321257502137982 0.0786176402926745 0.535395694887839 0.169536529142706 0.00810796135279681 0.0639307838819186
0.185197646904714 0.673783376946624 0.502648575048367 0.462217408350694 0.651802825885299 0.435516705701862 0.0454783934923356 0.496079410137234 0.286579799786266 0.409548889359864 0.120035651230166 0.871347365068266 0.3290357209184 0.0652555946038872 0.331317949694905 0.998405868526913 0.70008435892175 0.324621502202365 0.04257406900292 0.0112620382010798
0.636460363352159 0.779177290550987 0.736857672030379 0.672286793968294 0.442816954711736 0.791239134709466 0.662340386389219 0.968907947787819 0.694759873699854 0.724925959399464 0.905233040594628 0.98411490164561 0.46059411951103 0.198645919297947 0.838945118558651 0.966380177635259 0.567788755936031 0.824846178943559 0.34453041443544 0.999999
0.39860531744133 0.658678065090698 0.242012311588547 0.534767803966972 0.828123645364485 0.733033032749938 0.1251925017259 0.521671865652277 0.415631064418119 0.791953535463534 0.769362677333666 0.997117962489978 0.187103363902642 0.14497334738656 0.624288146946493 0.998544936829823 0.373481483767962 0.5918014680231 0.0599421135383359 0.965813403081381
0.112365355612636 0.692799716676607 0.608401986998365 0.618072277981102 0.707105948626518 0.193359395455289 0.174987452659957 0.727589420947374 0.835434956218482 0.703886482670785 0.795222207072838 0.928125595816401 0.340555474803959 0.187749918465387 0.494650342495445 0.999647840419498 0.642478614159722 0.626648461054894 0.918510624706385 0.865727017428574
0.0875869594167369 0.559846840923742 0.198282220780364 0.618976962503801 0.14870531495323 0.259089573434499 0.495960328762488 0.400787731554861 0.833626576373029 0.188410956625933 0.0399663948106579 0.826915032090493 0.158972174258683 0.0810329314300337 0.66458361499396 0.972647064915358 0.660084509157945 0.156087710348046 0.153519738352763 0.862749952360269
0.399433525667813 0.733850835426407 0.585228345061875 0.682022212140475 0.948041748907826 0.441463355519812 0.0883865018477535 0.186193202313265 0.160598068205323 0.36934402157348 0.77950124836755 0.966742047286223 0.255565050867451 0.162164692067593 0.776816784662635 0.998975398581928 0.627588807733121 0.513377482561101 0.012464550289218 0.999807855701363
0.144738039789947 0.374297404844916 0.658064054574791 0.494270410580868 0.139899918686328 0.157791243435983 0.195670077928982 0.361699051498559 0.647584988907749 0.137434963373455 0.322989290297071 0.0612111105506607 0.180267080982637 0.0672254416765589 0.379902410924516 0.589567307677122 0.562331178313617 0.61380314085668 0.000957776008819558 8.15109995666319e-05
0.155123898864398 0.625581454764211 0.517927370224172 0.449017629402576 0.635599855708373 0.256002300440449 0.140278185047758 0.700277124642309 0.628998174281321 0.132860793358935 0.191858991226184 0.825443922834661 0.118671411983206 0.0621567886683647 0.403379963951248 0.998273698441632 0.679408803504943 0.201581962887022 1.54029122110217e-05 0.039694592511562
0.207688674832515 0.650447615078829 0.424337458961916 0.51208237354726 0.808501767214113 0.303212733647379 0.0540198379897672 0.103785833921708 0.303778954282832 0.478412113884877 0.278100710071959 0.705240486759968 0.37488149215587 0.1024778856571 0.30923612048052 0.762909623827817 0.703786673449237 0.609041633399456 0.159167653227316 0.987177220389357
0.0699862919868526 0.54961362470218 0.630768315876392 0.718186335938486 0.261980704425427 0.101324910566592 0.209779658648355 0.091744149261046 0.673492908044183 0.214768751565319 0.396737742470371 0.986415384762451 0.206634517208155 0.066516859777008 0.424109536137807 0.862733972194476 0.234849663652623 0.40447039446232 0.058222890398244 0.0385647137037359
0.618018905050783 0.712668812586606 0.587302495128024 0.736435275895598 0.970832899087347 0.253160784757237 0.0589699136512655 0.952448822493962 0.594876379613098 0.89922556437125 0.898036478219025 0.99475630572185 0.396557287999738 0.33832748120252 0.917601861855471 0.598372148437159 0.564953239552374 0.615512158263937 0.00135392477295041 0.0605892048063924
0.720204550696653 0.757062168665583 0.890222641423739 0.696057966242939 0.853853328134565 0.575570169338223 0.50387843704339 0.983656167036076 0.957585777399029 0.968235001233897 0.997038491297588 0.882697318483949 0.650055284471019 0.273761315785031 0.980658914621486 0.999981569704194 0.681773952676918 0.791787381676446 0.990149164291862 0.0357375848176963
0.0632222040227458 0.585099453003981 0.282460287124856 0.457371654041816 0.0324932947575573 0.709986088394093 0.0163431269698531 0.0171678385181951 0.338926301823013 0.0817068326473903 0.0106936491443107 0.152820504124407 0.142381710238498 0.171546780204972 0.632521887727569 0.711347189372966 0.382304663092946 0.254544858891403 0.00137569664700916 0.000573096284250732
0.208843908594479 0.574218720730167 0.642442769029327 0.635102646211978 0.224132930644352 0.375830719157374 0.0246635568572467 0.482179715537291 0.504421878010581 0.28840540770378 0.47272730878449 0.949215402898958 0.17097046845844 0.120119508706358 0.242582866348115 0.80032595672971 0.629665323940048 0.448562222111343 0.717101548103602 0.00466656927933724
0.585429568762687 0.784791322748652 0.96104881837609 0.844836481339751 0.933131332445382 0.807606351289906 0.297926600265353 0.996150076498505 0.784285199057115 0.939837895887085 0.890672635406158 0.95038349991999 0.569836241869294 0.346056067330719 0.770618858592244 0.999938502111616 0.408778278382821 0.690571113329681 0.873869835694304 0.988518181075173
0.112205092042733 0.658963063078642 0.6212419487747 0.66616320789353 0.922253361329126 0.100896488769895 0.0743724377125378 0.633539677555009 0.991208755834155 0.225616299877447 0.428689297811215 0.997354078612387 0.199475166781555 0.101988393684607 0.36653011495944 0.974036630783801 0.427864327187504 0.635336317926071 0.0168276335722957 0.999567824822774
0.214784737074946 0.638791442279162 0.182539246644249 0.612725785534766 0.152821688349813 0.401409890058906 0.0812402456496747 0.30149343941122 0.313660330543394 0.54858198178074 0.64036537909418 0.749646851754332 0.179294111465298 0.148019316673697 0.882894539540199 0.994073892461901 0.589458955762827 0.618926228227248 0.846216078273211 0.814293614085157
0.0577601457464021 0.560275161108545 0.444930124199269 0.597090504083872 0.30261806893384 0.105591591565299 0.0589121124651038 0.15625139932894 0.857436745059386 0.116894557132522 0.154014713204164 0.958473178323631 0.308242409706199 0.0778037097379759 0.343728453724259 0.804118846263383 0.710286923687264 0.404090742027052 0.000490718339121451 0.0975844825208886
0.136121272983463 0.524946397483149 0.427010236608939 0.668330095600615 0.661931154703944 0.169598719328125 0.0265387953150302 0.322829034610609 0.421012660917717 0.555510814095936 0.239626043007893 0.462136407113594 0.147567548897519 0.0848729793349494 0.269654887911648 0.981205333367544 0.618809770093266 0.46574308026371 0.534373111865607 0.0114023885759457
0.207682026066306 0.597720762477646 0.334412552814743 0.451766422826781 0.317146161668925 0.466590469091647 0.295793295304271 0.122624596760819 0.808052404516724 0.45203736213625 0.263541839964982 0.878755292175951 0.162343091425849 0.0676365654063532 0.610854821039151 0.973011626036167 0.779577799030645 0.575540427830827 0.0169441106588182 2.58926400820498e-05
0.579439566091399 0.613336079291547 0.478216332864384 0.747223024475458 0.794143628664861 0.278794261828292 0.365786193953339 0.866363110093657 0.751084117568315 0.936614986111374 0.897777004209236 0.97149377999971 0.281667032816105 0.190076391983515 0.839961358364441 0.999975209791384 0.643225727597876 0.41736966035604 0.0137619906344182 0.993309669432528
0.0355006092723085 0.528462308688037 0.3972648138254 0.694325285702857 0.0640365442559896 0.382202094098231 0.12324481831346 0.0559247433426548 0.477111374446452 0.0305460161923445 0.0110754902269283 0.668978615998121 0.109910768361314 0.12018470138495 0.666684597090647 0.0655966993855341 0.328018898005364 0.539170261052866 0.000100152247429114 0.0105304223206442
0.0625092023552319 0.528565603534404 0.199460778916849 0.689019518935988 0.0547337515081921 0.285303840152333 0.0349382446649835 0.343325763345122 0.167392251034321 0.0568433909360045 0.142030194645753 0.305364394713245 0.0360555699672671 0.060801314078363 0.205873653926816 0.771045709169562 0.328768200668428 0.499729302736542 0.00492618107328448 0.999911311251762
0.443048267510112 0.803224670762668 0.672991885874451 0.670893318409681 0.9686772213287 0.43148559507449 0.194878547411138 0.875131759754962 0.920172214659736 0.974175705677774 0.971394788022829 0.99581080900581 0.883196302231681 0.399981843999018 0.970012721598831 0.99585710669574 0.656414083966896 0.816191330287521 0.994659761113756 0.000958904411055451
0.0677637177467728 0.548866828871175 0.578983399193686 0.804089253053117 0.271854155793679 0.664515850515991 0.094125124087912 0.444939783411838 0.622301964586168 0.320628978381657 0.202107152649562 0.935584499965259 0.0420188302586907 0.0553891354159515 0.668404623261357 0.318126343980439 0.648899957691851 0.279319317867831 0.0761074130288109 0.00214431803260857
0.012569663440772 0.419693391297512 0.123166104975984 0.285541464986161 0.00370469045901318 0.301441462673894 0.0132884804290977 0.0113625234860238 0.00297720256249809 0.00129097078441344 0.0174921382009121 0.0133775126366171 0.0180690816143216 0.0107689410145719 0.100156139757505 0.00184697148401596 0.211326152019403 0.102804070463501 0.00486082954148279 8.29790677856929e-05
0.660397428123634 0.712613674493729 0.921802460121693 0.609015861840796 0.945765747646144 0.764275805340379 0.681808614357827 0.976877183437912 0.959751324588781 0.873094914156726 0.916998608612873 0.955811596617996 0.639648117395668 0.225893983841384 0.948657832527348 0.994152336618099 0.900091064775897 0.777881559883677 0.649383972729617 0.997058021096927
0.819615270726055 0.826635450022361 0.965181166538376 0.79960672511898 0.997677345378 0.3639070456404 0.904531065491683 0.99681848094709 0.998067612202739 0.994471634648567 0.985112618845538 0.998905760914757 0.945311999560318 0.709194355930797 0.993629115028525 0.999884221301 0.864165216840344 0.897666326640459 0.958347973577212 0.999975411555494
0.0974567176117759 0.54499691665111 0.829556084687519 0.342652666688993 0.340398635559442 0.130780891908157 0.0717989585926741 0.757137316819299 0.143369216872872 0.356104068879871 0.516065524391407 0.967068564397222 0.182819736754195 0.137011846021322 0.452703837227358 0.279955064268602 0.784986112087391 0.348452756628067 0.00127010130447944 0.240114692818369
0.562879375502223 0.58491367271612 0.800420872816558 0.785364273502523 0.851755882143441 0.326907598767319 0.601223094750379 0.849378585381388 0.888046938310516 0.924101783963747 0.731347997717388 0.999300512804488 0.535872922570074 0.373479940989584 0.909235819230528 0.978061923468494 0.734396043509194 0.758260790105491 0.329561275756354 0.194002372787475
0.434301574571092 0.705700343984551 0.644054407340504 0.50688080676468 0.902279443080563 0.456170869985081 0.308722408853545 0.984363287915851 0.933311446074769 0.837202130974955 0.958235803741813 0.997018483277514 0.649390843245656 0.208706081343971 0.857740297012064 0.929255523367725 0.842757205576776 0.645675794405073 0.986568998487845 0.41453946845435
0.0407114784096781 0.437618600781874 0.172579069604386 0.569564583593513 0.569350934092714 0.16517790009229 0.0264535084730874 0.0133872629813921 0.0018813564502164 0.0452122932886147 0.0203436891988256 0.197837436419697 0.0319814686780451 0.0335591873727743 0.0841521441071703 0.294418757759459 0.30338792969093 0.264407068885955 0.0936457076995926 0.0254681295316781
0.0760989190921132 0.409780379044996 0.131372570528952 0.603782549637795 0.0791702663869808 0.662701973982654 0.0526578881462293 0.0781337626181935 0.0737402655764456 0.0700065083583426 0.0225765607504502 0.381957961856877 0.142432551669006 0.0382206974378684 0.0916992505800125 0.42770512385934 0.230726808547162 0.331827832279631 0.089840593085583 0.724394640565387
0.728824604445757 0.665968304466034 0.83197206269589 0.589156429513938 0.91530607874819 0.252976317438881 0.622122279810796 0.983197983609398 0.697256579067818 0.952090516946656 0.979807025519162 0.988978885269409 0.556175021216119 0.303509701488616 0.63455650035181 0.979950082390443 0.815159365372975 0.797084559371432 0.00154157405076784 0.232617842173014
0.486328737454032 0.556748344456897 0.903796843507464 0.711156556885678 0.936902396272959 0.23518402423414 0.507056069738741 0.974217674633188 0.28927224339863 0.912260512966144 0.976754254130789 0.630240166970896 0.790109179306145 0.347974943513428 0.655444073080163 0.388121368937138 0.601371485058983 0.57625822810987 0.0317949614439354 0.0143431048246775
0.121534630668332 0.446191958795497 0.0861844496494046 0.721432906733231 0.245217789468835 0.264153605479829 0.0151483730759268 0.458376557955478 0.504591531931601 0.117356250913427 0.039634252223082 0.99492427487959 0.268825420914388 0.0518643831063131 0.550228756554232 0.853093960264839 0.338309535776551 0.601382494872846 0.00868483481242558 0.000957818223273674
0.245382230973193 0.561164696555496 0.234412537088215 0.83249581881382 0.156644695113856 0.277513490038902 0.0823397746043555 0.25088638902855 0.892072614206822 0.43705529370278 0.257757203347692 0.718174798619034 0.296718070399464 0.163411640186148 0.723695200475472 0.0557775596740861 0.411806026822399 0.198957864379287 0.256958390465591 0.999690708766758
0.416725563311511 0.610352690025344 0.604533161287758 0.464415343431453 0.288760476352818 0.794819185634485 0.144023961394249 0.302840806867184 0.0176545067079401 0.94517404499548 0.975950526922286 0.560219313630202 0.387251798813154 0.261145800465398 0.566500471533763 0.999889814824634 0.416048572901665 0.790455720612188 0.522241585480031 0.941197233935194
0.0200382046044561 0.503323140311217 0.0209369576382009 0.751291878856984 0.0636626729672295 0.45131558936963 0.0645485976561018 0.00321255521668193 0.016421965364057 0.0391557867380981 0.0117508286246664 0.338369167695821 0.10585929315696 0.0430547479858745 0.149887212471355 0.070101437609666 0.663456042050498 0.297782457697475 0.00248761018614091 2.00757379219591e-06
0.82783758935059 0.824338771631589 0.902782465837639 0.913045563654061 0.99831336657172 0.503132210513186 0.826532179346024 0.998758785791136 0.995860998764249 0.980888201841345 0.996726955233262 0.979199899670666 0.852622023546333 0.660149745419569 0.961826770551697 0.9998092885027 0.811905100919617 0.896526626470863 0.992305975041926 0.998946874711086
0.530652925452298 0.849683042953652 0.865647216983995 0.824844803973537 0.996597895232752 0.560784988357537 0.806939135838811 0.9542037470325 0.998305628111754 0.997803071642089 0.988125332118875 0.997188524114052 0.930990949901756 0.539610547862845 0.954618168146414 0.999401986860362 0.850625827203555 0.527720171006391 0.981663193337874 0.760615380793082
0.105432477908791 0.454695342802508 0.709228214097206 0.59267785654091 0.344586270811464 0.400468383364129 0.112281187761868 0.410910218506073 0.444546784861679 0.193304923036256 0.137772250206654 0.987561314051686 0.209733806099464 0.0643206709449203 0.488193329489185 0.391859384400472 0.653319435449836 0.449943394839661 0.0294829691840571 0.0219628720946346
0.0692331365659191 0.546049524142905 0.510945384750953 0.718955981227332 0.909614624565498 0.70914950786754 0.0548582000970686 0.0393556907041918 0.958869344990599 0.171381897540656 0.308742991536516 0.900467084019098 0.109477906224401 0.0740441613774358 0.11546367435264 0.67897353036442 0.492560692886256 0.430436124669599 0.0125753788061537 0.879105444042016
0.276419934272747 0.588776909576807 0.674725854921791 0.394747902913874 0.243864655592035 0.186110851742183 0.117398823723945 0.0789686899613422 0.18644099844583 0.16257623008797 0.494164904472513 0.898170915473746 0.448512160676984 0.075783927513101 0.675169907015673 0.674460060695904 0.552918546135192 0.668094367838125 0.174779538262317 0.860596749464699
0.307589640053372 0.751543264532865 0.762349939523644 0.550711801219171 0.94728907081009 0.415409637785236 0.600827630322357 0.962195110827491 0.562279059561656 0.469124999231583 0.847596990828958 0.96775459065737 0.432067694987514 0.318886780546346 0.900624515798993 0.99059236028756 0.654881570077031 0.762308817765582 0.957893033033365 0.999084010055222
0.0674621392516713 0.62570108436954 0.554900843926168 0.735633890433256 0.746133703271847 0.12099937612383 0.00977366192547928 0.750048649625331 0.828105393205492 0.355132195441474 0.0863122570177727 0.0319470029577141 0.153129250449906 0.045731346561631 0.60178767277629 0.915485611708715 0.561042991729404 0.664399377341739 0.00380937379082826 0.43269186490329
0.33110030706523 0.718540104598672 0.898484888846609 0.794129238794005 0.57530812221625 0.330638558267955 0.0974221899273534 0.9836638269218 0.939541589618524 0.378990065362516 0.90924165348963 0.986772439906765 0.689782371232733 0.3022109435503 0.821418406483241 0.974815398050699 0.453357063472696 0.491989851436799 0.253895981094551 0.000853310064462632
0.321131264753044 0.616683264326246 0.397639957250149 0.682150085299748 0.974561177093625 0.817618993490051 0.444166808507797 0.985221424440862 0.899400568342641 0.73023979010761 0.89164185548842 0.954313739103407 0.362981581012265 0.330311974217552 0.765903021423527 0.9964843947477 0.499163623637226 0.682816387162816 0.638270057738128 0.751345043486271
0.46926141110591 0.778066158530481 0.950495307902701 0.368357533667228 0.74909431840493 0.562522797048761 0.140573380336748 0.922251852731129 0.939110983635217 0.922492771589111 0.892767070295554 0.938516956854177 0.568865212035953 0.476487413071452 0.791335512570502 0.998056156262286 0.744057936508287 0.68333495193562 0.991546442039719 0.999983380323588
0.259727739744484 0.636574383777867 0.892176809137278 0.553133845107742 0.9213090249446 0.598394263975522 0.477662820635286 0.632812005167974 0.841385727956335 0.821777393241934 0.179353074542511 0.763664777690192 0.577677536277796 0.167664182045718 0.621241726393893 0.994828454527846 0.436794295818107 0.679612887246668 0.248806630374253 0.134717478271985
0.0685636607459724 0.55048171453538 0.523348194167596 0.655059448089496 0.719770432590451 0.80115369770482 0.0261126250608662 0.0405586104334001 0.973978469340226 0.0439200049064382 0.101046645645272 0.997532977262749 0.0836108162248424 0.16763620399684 0.716857983677826 0.643205920286673 0.448426515648235 0.586595852101458 0.00171784687841726 0.00165901233331307
0.43454209693211 0.682659572815131 0.951187297810586 0.69706850276658 0.926986768278462 0.184231585216226 0.418086296926865 0.973886381064511 0.996913949892257 0.959954787870144 0.416039759721561 0.996859011234267 0.493047805399107 0.226781372039103 0.836468666544644 0.986910434568469 0.477148216635243 0.5454543662629 0.0284681772179341 0.999994682162092
0.130118303831121 0.360878453677797 0.60284595251155 0.594374304139903 0.143970249465475 0.746932192200401 0.0173161637270165 0.0987215189522291 0.2515409962126 0.0668369043383554 0.222841290577263 0.974739591270801 0.159780063382799 0.115676708722051 0.329940668317707 0.954345120966671 0.258670229169552 0.480648878778105 0.331155129606962 1e-06
0.0863718304649348 0.442111997086335 0.0551048100955841 0.44921826474583 0.714739823073883 0.566540863083954 0.0927401382679267 0.0182057730731697 0.255301874396769 0.0223469997827458 0.0319886366587739 0.772910030480014 0.0803614733832752 0.0336127031540971 0.134855199749913 0.577952567356835 0.164558981025899 0.535235382533187 0.00314762243087031 0.00109652063840679
0.134327030654483 0.573123468237633 0.594731699437728 0.792376124184294 0.908361498600256 0.341022328858419 0.0925457244819187 0.0593128605808826 0.326340437546375 0.654863880468378 0.680849952926094 0.0635079523133459 0.241839926674626 0.0720276514830367 0.590859707523098 0.992981641520584 0.598327114548619 0.467918519465746 0.996887459031159 0.796418145820316
0.332910283836599 0.724870953035232 0.728948628779196 0.638855685805198 0.670203079961855 0.221335245652133 0.0813367408614653 0.337058750757683 0.915567175797776 0.515777072323058 0.860072561763966 0.997922508635827 0.364971966399091 0.324775656220543 0.864506815690333 0.972467393542514 0.49666058902452 0.708670423483067 0.0678605803694259 0.999279400789972
0.360297175216679 0.727407814111552 0.575187494366316 0.729299564877642 0.784545769036668 0.53229984794445 0.468958103154417 0.906707648280773 0.979296148711591 0.82528713494621 0.731496001063547 0.990675785007293 0.303858075751492 0.190452490327073 0.858413351788227 0.92578959555634 0.58036621894839 0.508532778288613 0.00645656748953875 0.197605190316531
0.441491890628611 0.653899040891576 0.73955579803042 0.832413649145489 0.736473345555461 0.25307618256123 0.734906950210306 0.946928547041977 0.654398504213011 0.881871098557521 0.899464726846713 0.962744077782848 0.394851303202615 0.197980686956751 0.443105537053254 0.998901902305155 0.314505333912762 0.84608199314071 0.957130742770115 0.960002625764961
0.554130464457493 0.563847556102443 0.599233836480617 0.725596186324606 0.944520377285734 0.491222310943132 0.346102458656486 0.867731105442276 0.903050796938594 0.68056057850612 0.7272250438264 0.990883411355965 0.220415950081062 0.441764204361875 0.909560387672858 0.993390089733284 0.626063839638221 0.544369677226283 0.998275292371555 0.997828250897176
0.122127905653875 0.539494981976022 0.392629725074521 0.366066626715332 0.623203545743621 0.14261081133071 0.172264841775072 0.841178048352814 0.376419639891733 0.0643077573484965 0.00987977789141432 0.80372083071516 0.122532617750122 0.104052804112352 0.7138178278127 0.982249107614626 0.801711077251731 0.613733868110757 0.000134634254840115 0.00300309379641952
0.122636695867274 0.585319512871046 0.25263090966313 0.373071802682319 0.714850240151821 0.435400575237929 0.014412694398021 0.571038218115947 0.871172475412006 0.601359082473984 0.193674359038383 0.163328866560328 0.143960473172868 0.0505466400127698 0.793179388856789 0.0940576647792116 0.241879624052391 0.719768948217712 0.103685278587635 0.220741901672516
0.147899711997882 0.610794140144628 0.525286679801201 0.70007355540136 0.845251583919329 0.37036555054279 0.344440646661804 0.954043308524951 0.263578676487278 0.43158066471542 0.759158351242175 0.997677083471518 0.21838620638708 0.121711044762349 0.764948050112876 0.994676513742007 0.78928429544721 0.692206776647705 0.0282595682684432 1e-06
0.135088122489918 0.602034272148425 0.185924474069165 0.695905497533304 0.751647312382364 0.251025082279788 0.0258589472315356 0.567671188826976 0.857531059337909 0.274340303766404 0.690880281754982 0.992439485075109 0.0620682507458252 0.117017305629134 0.714089349598423 0.235206131281289 0.411087326790019 0.423835913390598 0.223893294546788 0.857000873821732
0.0971723709106734 0.433939144506043 0.163455519081351 0.70988414778076 0.366426000457277 0.149784092249875 0.0109269431021001 0.0143545233393722 0.971716691604504 0.060945331740244 0.0282964320696964 0.869398023137712 0.0541472985453574 0.0563175310663444 0.309818054923639 0.973872390895862 0.239884922232374 0.365805119745314 0.250511647378689 0.00189757813333687
0.0509574048679249 0.678168216221226 0.596404910551732 0.523428886942586 0.385054706201685 0.169194441528211 0.0167968092526177 0.216672942412202 0.702557010260019 0.378155026331953 0.283491203015831 0.911233848570635 0.253549085978219 0.0886838960111142 0.672071704851813 0.94117210624034 0.331881706610561 0.508203710160083 0.746892984209593 0.840053368545585
0.483554984501498 0.76143852108368 0.708954291008836 0.381173039393408 0.908198437618935 0.136520413597665 0.364145562100579 0.973969925101014 0.799775726811611 0.873360769130914 0.788276830747663 0.998255399525743 0.652104753518322 0.372620132388261 0.507791209432481 0.999569140655227 0.584481485874212 0.624913409180324 0.975449616857479 0.995216380382494
0.0855915891032706 0.503240466027643 0.796516537135898 0.627691609352096 0.0510567768451439 0.527886091672581 0.0486931050781808 0.0198099777428951 0.245530286606289 0.168266339406643 0.00233931911049193 0.97206141480264 0.0855261193005211 0.0519052624449702 0.488393758252975 0.141774285012399 0.609429033612976 0.228605817060938 1e-06 0.130241864381562
0.32352649568252 0.619182038642855 0.108088841432776 0.470003938749319 0.337363492429558 0.191409349464645 0.0810124593986495 0.0495417193953163 0.0541951862373126 0.168316306423704 0.0757950603029461 0.98118437862385 0.268334603095434 0.0935870890026829 0.689072371382788 0.558810822412865 0.579297593829382 0.474380916382839 0.0415970231347463 6.1165015228445e-06
0.234627756495413 0.53882584492675 0.666781671940552 0.559166105340164 0.765166296202671 0.164743527855693 0.100098472219467 0.365426505430695 0.437305920234469 0.846477103050287 0.157020678912271 0.752252290689786 0.561340482650626 0.156024148556729 0.50552580412786 0.992472092348945 0.751294759292248 0.656863489642435 0.999710652824581 0.000426298918710781
0.182309496068351 0.671551956012506 0.12923549329909 0.646696653065006 0.189203375445429 0.320201330329635 0.447996410445035 0.334505331524504 0.475149615699666 0.227187441192736 0.143242620791627 0.989485720186489 0.144530966310368 0.113955845362824 0.39744463159573 0.818963773403463 0.631097476482257 0.525257454245028 0.0265713435945851 0.984389743935476
0.540070588715737 0.800953345077969 0.857120112750451 0.796614635903109 0.978071211989926 0.786415781952871 0.327979528129602 0.991510529074296 0.976490850939529 0.907304280423495 0.726558699573179 0.983934940625766 0.700633951795663 0.541746965561747 0.900258554591711 0.999809459761426 0.692871641559638 0.712341221210806 0.528273522062542 0.738952578280438
0.0664976971697116 0.570872561507979 0.228516848270041 0.459027857270126 0.820505050908295 0.326061736286215 0.0503073488870916 0.0309168510847611 0.0567089330940738 0.0622088298658838 0.461334416487015 0.0787024123404945 0.116622678978723 0.0317286390301531 0.220751103715355 0.810001783026386 0.460444534130353 0.48299181704061 0.0147252842570909 0.00206510883342903
0.0660364644220328 0.476609888466003 0.426331288841402 0.499068370424375 0.0327103729334261 0.0748525874518231 0.0200730363376497 0.0324372368833022 0.242443188765422 0.0162725789111701 0.00810283927349521 0.463660104880066 0.0766164070868303 0.045243210014743 0.588801668717824 0.20443060958005 0.236422015292681 0.41677671901404 0.000658102048282613 0.410832227151687
0.133476181364445 0.554867346797033 0.727381625476531 0.505092326176247 0.705416784925718 0.61848133411622 0.1368568304335 0.920764620006173 0.887271557751445 0.220034262047817 0.299868594752246 0.58952196391697 0.0657254054752616 0.18647818876523 0.830562885227583 0.958105114310722 0.563452631038643 0.649129196456501 0.0573020678706507 0.454863064013869
0.177377164404304 0.469374663587013 0.892424752513216 0.605260226181375 0.882879392379927 0.29888644651989 0.0884491185763152 0.590810358022 0.980202318028881 0.479774121709591 0.314150523117098 0.985373759891912 0.21085127858923 0.15827142840032 0.659132247363095 0.992993574752687 0.379506988225121 0.577540731299997 0.236746451534142 0.000984592038262895
0.339717570918475 0.666061132211861 0.6658392505418 0.439402522699587 0.852746969952682 0.615808277681895 0.75567521738684 0.9113369034171 0.983564776746274 0.583145500886405 0.729983581990295 0.98945365513178 0.306272351846882 0.111429378297767 0.91203187059892 0.968645330936829 0.458356203426038 0.694471413922051 0.399237563221292 0.997802828005434
0.10325765665948 0.658064242011246 0.255046451431569 0.422219756893663 0.0135088841353974 0.510722237426524 0.0509371075658659 0.436794149192809 0.565386247088799 0.464062797524665 0.37768482487708 0.614149783313648 0.31423446624078 0.0762685631633271 0.397150054674263 0.819534832348333 0.331381531177102 0.589603881656951 0.00178549680379722 0.00250464656507934
0.0572721625142558 0.611428997825668 0.407240849588785 0.567415314058043 0.191950348457589 0.350846394816338 0.0447317896969747 0.0474668943773141 0.222805949772442 0.109659512168024 0.198541918713837 0.757456342770817 0.115762704986491 0.0454376508839811 0.725460967733613 0.844848359825605 0.414213948799572 0.60853449606111 0.00494369759360861 1e-06
0.0728263636333649 0.54554703015177 0.285839957898543 0.497948127696887 0.0144771249272128 0.448804366949564 0.0355657213083079 0.19890897263898 0.0441739426861031 0.123356658483969 0.035220720400072 0.977735717524356 0.0263774498850031 0.0183816680797295 0.323124097595439 0.418101482682363 0.554722878711325 0.191496115203208 0.415662562631345 0.00054538801839161
0.457728190774753 0.683538439187966 0.814321693495047 0.441936128203972 0.964816803459466 0.477080065403129 0.485816879210991 0.923189678655443 0.753300112065893 0.704271335954116 0.900481642858378 0.995419500449386 0.509446346568094 0.360914219472491 0.473121382162908 0.999760291605221 0.756428266115555 0.790408260867226 0.0154510202143064 0.000853125096694495
0.323178361191387 0.64355649394227 0.74359870909629 0.65836214350718 0.844955033497206 0.112450066851794 0.576309472811699 0.199965956625027 0.640797060791134 0.719947997432604 0.886395358787603 0.923965213782412 0.465342770807517 0.149887172304118 0.90784243121961 0.86872389125891 0.631829823456895 0.53015960161382 0.999652998390199 0.379093387984549
0.0823087074878918 0.496118733257499 0.591731843835565 0.641130965461573 0.0483874040461596 0.337786636010147 0.0296428179632077 0.00661083450379821 0.0862693015358069 0.14727389274753 0.0148583127561991 0.160363978939669 0.195527279145315 0.0530018914183629 0.365194922636354 0.481022323842207 0.538260824119647 0.314655066358586 0.98556871576054 0.010322394776506
0.220881460386084 0.671433641836872 0.648806567399497 0.637853843034246 0.287300918971766 0.606598886554692 0.0770226278526045 0.482368178066239 0.0355222544548871 0.148653121118418 0.197075003554162 0.528220399393596 0.162774842179802 0.138340566131835 0.415111294773614 0.0518247914692038 0.340406680745503 0.722039760169912 0.00832776879216489 0.685778545200815
0.240753453213108 0.64975123581632 0.695104286262015 0.664670897819281 0.833524809455337 0.343066733882075 0.174429376132694 0.736721278588859 0.917758651359259 0.635403593297682 0.824743966875918 0.997003164867377 0.666371424343843 0.277644387637186 0.444614475389005 0.182426125374917 0.229230243297675 0.42810375398872 0.979015790798549 0.116809447339389
0.264506020614749 0.574511315530619 0.072746526771706 0.609804449771631 0.260790383887338 0.407488228699685 0.252466242489262 0.29815473010869 0.399470361430216 0.33099597258857 0.882213981136465 0.98863174421694 0.195354453282871 0.0964605996820394 0.682401567289176 0.704597475475507 0.383515680137978 0.709610393493485 0.971323626991309 0.0501716091083085
0.118939942707691 0.571466988714533 0.838318912898268 0.437503588948671 0.728250920167678 0.428526925448689 0.0964682968978069 0.185190993431614 0.953596109817579 0.365519389975416 0.258720244461645 0.931951038970292 0.121118534654796 0.152387890961756 0.756149936530624 0.973960059620018 0.749947925973486 0.588990526031006 0.928158647630689 0.999941009233512
0.045147988184437 0.57313914601346 0.253176052920917 0.338344799638727 0.0450502833340004 0.766825542709297 0.100205339593862 0.124201099164527 0.0211137439335359 0.25407485129258 0.0198246487785411 0.974805480283591 0.195871439836065 0.0587912095339994 0.578524413586587 0.0471671168203068 0.595084616527975 0.356134382974542 8.31608300049006e-05 0.485397007512416
0.0148554692041927 0.433503653426888 0.144148642682444 0.23288368475453 0.0123177475568895 0.624213347564853 0.0397963887678881 0.0270327803799967 0.640670544468959 0.0521405799241236 0.0148487062287082 0.266861442863534 0.0281272576225312 0.0305416947742484 0.0644755839616779 0.0303052673548901 0.477122923133324 0.210311169165541 0.000464658351746998 0.74909641653697
0.233137492356109 0.738405253084968 0.698700909271915 0.635399752307039 0.849691002212747 0.368305691034038 0.113000331529191 0.918236794910498 0.365395164209773 0.380697369550738 0.726131739964954 0.975384626821004 0.541863243397633 0.152635649818846 0.878167687152574 0.983150787225985 0.50300747372364 0.45681032740761 0.119569366017663 0.999258510892857
0.790235953603695 0.675212600567654 0.955781184376204 0.20832338765098 0.468447923732354 0.548802105474057 0.63077371639075 0.690027972552258 0.985833371340387 0.805993420166813 0.961705243252849 0.994494204929525 0.570902312882128 0.274513922658277 0.897640316487844 0.998587354696984 0.564993555168534 0.797417942913061 0.999887430523988 0.169900542534511
0.171713040078145 0.721950778172875 0.497324940927378 0.650835990684376 0.621835238524231 0.59990453984056 0.174697671091499 0.614734428890839 0.668561453897633 0.63239331461643 0.374071615316773 0.989045917603007 0.359046307061524 0.0622157976782264 0.538441743716417 0.996007539707175 0.321725768067641 0.71540650865645 5.75859055251394e-05 0.974054550566744
0.302892470265065 0.693857777024684 0.478957426727751 0.766516705273969 0.84847904989706 0.488424668349738 0.232619936297339 0.939705319048603 0.866356840531898 0.432892081327503 0.649304181187586 0.922869437013055 0.257893869041201 0.263876846539311 0.778052916029192 0.978036458394454 0.306765424469832 0.708471275167587 0.731916521491566 0.99978796451005
0.236173018207884 0.609875818936941 0.780199660408254 0.561815569101694 0.876032788834173 0.457386863113156 0.410381632695242 0.789101307549539 0.98652310825432 0.657418292871528 0.911932002012187 0.999538341470414 0.647730867550933 0.274811945287808 0.528353401074895 0.988451539826764 0.447026745493775 0.816990005540543 0.001971501708391 0.819139612277875
0.11099260736635 0.572121000917725 0.678118744119428 0.478905672662065 0.632564028067203 0.242495949081812 0.225529829962576 0.447854863456516 0.590783684404121 0.389979298141781 0.794164801508069 0.623986727768097 0.20847541474831 0.094250536304003 0.658430272368073 0.900778678716814 0.414144109778314 0.541447901067714 0.896784765402739 0.000213872890851422
0.196208686119895 0.653974554360029 0.260493446335206 0.577080448395237 0.487325863583688 0.289278043055381 0.552058791147967 0.77261220574284 0.400415793663685 0.449735738354244 0.566280438391851 0.797074660000563 0.259367736919005 0.128685236457107 0.316173974510958 0.968499863053283 0.250750314973793 0.308040924102572 0.0135708092974868 0.999577760254352
0.0541671325214643 0.59702075384278 0.563216456032536 0.584595205354098 0.167467767758093 0.287183838225823 0.0279363086452524 0.117621841313993 0.0610204843470292 0.0167543642901447 0.0495817416427154 0.613322959593784 0.0807860327061054 0.0184073957231439 0.385809683096797 0.75226508315425 0.242323953651007 0.308666424139407 0.597444962214925 1.52026267075256e-05
0.032609967743198 0.434298732283964 0.477946665535589 0.710590095242917 0.726773748434981 0.0230496398178559 0.0874124164923688 0.430272393007306 0.829610707145353 0.114572100616233 0.202584358697151 0.664630225184317 0.0639979885984065 0.045094936685798 0.421313843034443 0.985752813282105 0.431223589498716 0.20861090898059 0.387032017973961 0.988343357540998
0.453301865289594 0.719084202505834 0.450029204518459 0.779449543751552 0.776914120181905 0.185672430439433 0.38552533689556 0.254310651226238 0.927750238283867 0.577699880984975 0.75888591273666 0.98399280351729 0.21977150778343 0.168217570193427 0.492805587279531 0.9906560930526 0.625653328952522 0.8535425072125 0.000194031852473354 0.286162762712584
0.538876103802386 0.658027551205995 0.912366934622738 0.885415695363816 0.989178983235931 0.238949224362748 0.509047720818664 0.948927883790519 0.965634288830674 0.965440773437798 0.948331924595638 0.996625564247054 0.722149616745222 0.344311046502193 0.986025640596144 0.947300645023628 0.830413343701348 0.867140940666658 0.186356660641679 0.893102070577881
0.191685361152804 0.592327487653015 0.969809366251541 0.51608802188667 0.850580457992767 0.514379781956637 0.232822324711036 0.827303286482512 0.0955903178192869 0.82814687363072 0.647330181706936 0.993102366368478 0.494459141773075 0.282491879412344 0.874234981770524 0.987757837121399 0.687301224054134 0.446571375640915 0.792203875091649 0.995459036536696
0.293647952852252 0.637133757120866 0.449831470462084 0.811790783434676 0.939216116723091 0.308198951573703 0.633235593346712 0.1883511183416 0.858793768819947 0.757433244631027 0.666522883912648 0.970334763719344 0.535929660814277 0.161871479045195 0.669741353504711 0.942801128459006 0.652857412103105 0.720251386430032 0.281698156110749 0.996345989783213
0.0730576491449119 0.533588417016532 0.81893272645636 0.40642222710186 0.5538617105148 0.32172933405994 0.0705550235706229 0.337869777098486 0.0302322635267635 0.165564536568313 0.219962350219095 0.633722489851589 0.173585026739571 0.118674850956596 0.764283368135991 0.869579910371887 0.564362724869581 0.617119265925558 0.537364537762194 0.999853327929122
0.191838336436946 0.531441187871905 0.558553200728281 0.660326551984817 0.541355746546689 0.178005040627885 0.0987513749442901 0.145345551929675 0.262628347045155 0.520869975487949 0.160449687842925 0.713975586062574 0.149265328073161 0.128250782456645 0.382033547238771 0.883395862844919 0.605175107112334 0.587963557541862 0.0223767220226626 0.906237077182455
0.122846741714396 0.584961924557539 0.640128430656747 0.917065808715812 0.348579319285839 0.381862130690295 0.157418505252708 0.0844866587321941 0.548174365078476 0.182062028831321 0.110877371116742 0.998016765392961 0.238587878865315 0.113826024858387 0.527351109591846 0.818511812245097 0.381005998970662 0.399666217277438 0.840204060033352 0.99395163185661
0.0692329203512364 0.705789561684119 0.607779109301351 0.446540443124076 0.458002759610975 0.680719960898246 0.183625299640968 0.339186741907859 0.195094828493465 0.0586486858015316 0.0377796769641372 0.671752613045476 0.0740015122245462 0.183149993388944 0.303856065372493 0.438264864174894 0.250570762980664 0.4684059733772 0.442354567864814 0.180604146307792
0.0459763417826563 0.604425685361841 0.0903791416974143 0.837372547286736 0.0988154545969565 0.484629027729724 0.0115032690565783 0.0065951993528249 0.000343676733534378 0.0403243816221353 0.012331758827346 0.738274564184327 0.0616768845757432 0.0445383723588539 0.723147776926301 0.227041047133412 0.213883020871554 0.242608680930464 0.00402726764404516 0.00532882951150125
0.30677275088351 0.664612556799686 0.0870446153245348 0.784722667673433 0.736059914837445 0.363630280029605 0.113116628177296 0.150424507232099 0.682707726863975 0.468601848246845 0.162773623098377 0.962756352302997 0.128302935547044 0.097951528624445 0.517827485190643 0.913314192577907 0.396930347492729 0.80239081323129 0.345114297986829 0.102609911702396
0.350743750789175 0.719486774944334 0.894356038213421 0.723132067035207 0.990920681914154 0.412856118534628 0.337689206256187 0.964105562067139 0.929068090864787 0.90630688762405 0.990047855323177 0.98477619999904 0.505391024532644 0.433258084084783 0.699448933622617 0.911668812089425 0.781218951012638 0.718737337200727 0.998894136821764 0.99962297034328
0.184154916809923 0.655098840426993 0.1904988272798 0.670103079279889 0.982334388905606 0.18229953415637 0.693389447390914 0.88984173467422 0.779797767932012 0.432571748925097 0.744899809280403 0.975342434936884 0.252971589007167 0.217944373758505 0.695897534720696 0.997371574133581 0.654055378724976 0.687925438405663 0.0612022096456308 0.00734476754048822
0.135684743687203 0.630029874980208 0.154106415298929 0.672965609515843 0.519679705629355 0.0839182585970086 0.00292403689836425 0.10219654951402 0.206014174206618 0.288815186255891 0.127771702730552 0.964633469106832 0.0970264458273571 0.052112039847117 0.488293925070643 0.977404122432471 0.418688502352288 0.286982486472347 0.0177439455133379 0.999512770323423
0.431796780473683 0.685065365234241 0.868293287485506 0.687096738917542 0.859703114262101 0.241515021810664 0.492545496782551 0.948534157746952 0.594429525485557 0.861182666919351 0.538145188325983 0.957353236035539 0.311163022976906 0.430379058228847 0.947857352720117 0.999145261872168 0.427788628336262 0.738047239805419 0.997515065671619 0.994933968950582
0.0627808192147906 0.659566896550728 0.210710886484435 0.635445094635348 0.132917624490926 0.290725805849442 0.13291788707181 0.532963255371155 0.961160098070341 0.193805446424331 0.130399529320921 0.967541349110654 0.115772376127046 0.0631729402091311 0.573481765254981 0.625788402308837 0.43097710604116 0.39389708131443 0.146342076268625 0.0631138245367049
0.0646992625118201 0.346386022365559 0.40840084723778 0.550717683658275 0.394680623004165 0.505595764153025 0.00460842135028828 0.0186423459020258 0.335930123703797 0.100666353191357 0.135312603391618 0.988267573512748 0.0933851369282298 0.046599150463071 0.189045773956691 0.587324414039112 0.146280628416392 0.211842609278879 0.000546002983524782 0.429221191456261
0.0101651785082075 0.356615389477812 0.241462445863327 0.263177819295622 0.0462511239779731 0.495748427425938 0.00198343907064844 0.0125680663350465 0.0151251446977857 0.0114511864205562 0.000648250715125096 0.351207387661265 0.0196237407108571 0.0183895973201774 0.413978904349604 0.182486938451118 0.31761496830568 0.15507095547737 1.93932052297017e-05 0.324498191446565
0.253055234476002 0.644592798597496 0.24603245573805 0.821979409754235 0.176074052014072 0.720213602792986 0.0436955892833499 0.19292101961841 0.678027195074899 0.24189359754738 0.494606867419385 0.95410060013523 0.245918585423981 0.292516827761098 0.676524233846003 0.998247225262222 0.494557317624487 0.732592324384105 0.923933268578651 0.069153817321959
0.174605371783807 0.646162562741102 0.639871796046163 0.639156169296588 0.428778726672503 0.0934596444697999 0.150539788254706 0.400406992712044 0.833299142099209 0.16258079327242 0.290400340434341 0.956621056135703 0.149086653326253 0.207334291359458 0.487327049015752 0.879616620002171 0.591914167607656 0.479718240552139 0.000120620643448489 0.007250323090445
0.15365872796385 0.575483317213923 0.632236276198076 0.391746828326943 0.129053314736373 0.104256172815754 0.146135263927072 0.517808511725537 0.0919681410761447 0.0930645875871246 0.0473816798017065 0.968775568045478 0.0908530385678953 0.0561595525200013 0.585416137609034 0.958583144422486 0.386035294853043 0.447601254228955 0.241378202991943 0.697182622974714
0.0983450647952892 0.668692132830751 0.621248865832014 0.450790976032333 0.164228518738781 0.670420398788595 0.0484709800362009 0.297212283255926 0.549906056069154 0.154758472240252 0.48607422536887 0.959362166551771 0.216588631567348 0.0669942650576516 0.574995440536524 0.612927661611898 0.726141689028898 0.297917675126111 1.84564895387502e-05 0.846535532618646
0.49828869818357 0.823223563025235 0.741730829789221 0.813777417117077 0.968790133512182 0.36731140246608 0.637559307472696 0.901446680064272 0.509305706575214 0.550375469243947 0.781792782452929 0.997400533393853 0.760641692068402 0.563354815717302 0.92837219236141 0.999651816090159 0.69252134352018 0.670868692101594 0.0487663948162634 0.52830411980738
0.506651597771822 0.712583255227577 0.814905681287356 0.645361051451472 0.770775489370639 0.241207537905778 0.731698534540851 0.959750051142544 0.302817681303206 0.886044717964582 0.927718988921857 0.978019756208967 0.545874314366032 0.16667587027421 0.86859234919635 0.77131623398601 0.392241542804079 0.806664921506627 0.867961003631426 0.413925909580424
0.248276315284967 0.639920898715173 0.381508355988172 0.774342637568294 0.855275878360405 0.514488821860325 0.0302280861903064 0.31317182271275 0.723083701548338 0.588342268671976 0.261419540076106 0.976045239308112 0.411449745782225 0.0854440635062026 0.511978255119623 0.99806119186731 0.486183750721935 0.373493765076947 0.310059384169959 0.000231318644761265
0.287931036402036 0.611156030013313 0.824723874405812 0.665599949878799 0.459633358693951 0.78720122395151 0.369556833845175 0.97073026796967 0.338949936125882 0.785562382612395 0.959457489721876 0.892994559817982 0.511811451597141 0.110299189407606 0.843007452605204 0.997664224210364 0.67469712217149 0.398548973962624 0.0056568438183823 0.136887338865989
0.0661113813628037 0.426274719772247 0.552684948607045 0.242168994228409 0.419557560186236 0.432271044920858 0.0407010931164395 0.506000590817241 0.634579574970152 0.0814906516055937 0.199507037055287 0.785330578609573 0.156889967801289 0.0837237267359253 0.26850457987711 0.880963094282421 0.273791119918945 0.628886215832099 0.00672773249207563 0.99998113508134
0.144867560750809 0.634495414185908 0.518079347812139 0.63486930916223 0.726001716277793 0.603978095972218 0.1880359833268 0.786588851745484 0.140992338532308 0.867502031888086 0.677247051903069 0.676443032136938 0.107429815710108 0.189500871442801 0.548711047766853 0.791532829304715 0.548953477326851 0.49113800417003 0.650033888458472 0.424111874923705
0.0430597321755967 0.511734793958378 0.182287746458741 0.57265477378461 0.180588754032821 0.20211972648551 0.0613492711796231 0.594460874765863 0.713792057106576 0.0829855359166465 0.0118801893187767 0.652362111851783 0.0670079446612691 0.0321160255980995 0.13922212573539 0.194136627450319 0.295295804536533 0.307511210494694 0.00721260332907704 0.00152573041957318
0.276992957171674 0.693377655415857 0.675806846736825 0.748079936639342 0.981576520078219 0.435559131834017 0.172923831031963 0.826638483328245 0.608042085154405 0.243289595562769 0.146375577008655 0.987554285873598 0.281548754633747 0.199946437665258 0.788365673389496 0.984960472852321 0.61855112135212 0.662534369162036 0.0149111096603768 0.998249480613834
0.169986659681087 0.661335721923378 0.147860612151258 0.514345493698197 0.579005608142841 0.662951728883321 0.0491123203821783 0.125874333105756 0.0510353315589907 0.378647210862366 0.467852926928673 0.406253142230755 0.226831179441482 0.205404668057248 0.280173256047026 0.797205564927242 0.533815865973218 0.261380890716648 0.00033819287007629 1.53581950736276e-05
0.41795162094721 0.632166323080681 0.949376323688098 0.777387341609716 0.987068059650209 0.429090734675597 0.635669752936928 0.929137308004669 0.966972833822484 0.838674693938873 0.948609093005705 0.921440594325359 0.423218737469291 0.351623946546423 0.928310902688234 0.973333969591027 0.726479522867091 0.690796953703996 0.411996542086414 0.999993680885618
0.0648674996583502 0.401253450623402 0.161415145312588 0.488232208116488 0.0957629175624975 0.304525957699413 0.0329465324107388 0.0066779294239429 0.0373863380345047 0.0397947134499272 0.424727575581589 0.738096336073236 0.157460673235018 0.0634615283241783 0.495254670602157 0.997270816626464 0.340286948049888 0.410696382395272 0.0124659476142621 0.683192602883521
0.392118610975815 0.57800784358265 0.84039972567532 0.773794366658154 0.597167103798044 0.415500086354548 0.347714224813718 0.955625291352674 0.999789608467955 0.939269669552382 0.972386668605731 0.944689537682178 0.722802545084969 0.174021206052262 0.930387518950923 0.532665587329745 0.75927972920427 0.578434705325393 0.999629765833444 0.999980422745273
0.319925870401692 0.608116037976507 0.674307790703485 0.728156575979523 0.948320400700269 0.431882678030778 0.350242655813154 0.614834277111412 0.611393472400025 0.38096142923707 0.531922885762216 0.994770237579565 0.334871935243582 0.16673289932025 0.693730832308289 0.99990641393193 0.602088108145044 0.351602648913286 0.594806811333125 0.984945847004769
0.231016567445331 0.527966975554073 0.629101775465382 0.736823784882172 0.422868125445154 0.306633835099295 0.13958629888948 0.504656702952567 0.394929375262273 0.583994388037966 0.212847857632975 0.993525159421191 0.11559186291676 0.0584304805729852 0.572979102520709 0.899801389813103 0.591526421175409 0.495886123952419 0.0729307550467262 0.484481652865542
0.292996436283563 0.718963218378804 0.660804443980546 0.616416494624719 0.981101353233642 0.576455626401078 0.681669377318711 0.954551203434172 0.9742522094026 0.678558948788224 0.550232896139028 0.305263337673719 0.622174995288182 0.172584506779711 0.816948162198116 0.900719039314062 0.489531429928173 0.852335768390488 0.980160911615916 0.891160657876558
0.219129976950978 0.64200060890849 0.757008989037176 0.755285148554582 0.640131362083064 0.229810410447249 0.0465171407166909 0.830828502154462 0.210612523410848 0.703186291254193 0.476758607742187 0.970510481716298 0.277859119404389 0.179689322886917 0.483730892971945 0.997225174249262 0.457358327331143 0.548566420838953 0.192740908550576 0.0123524800125411
0.0462319196442548 0.424814902196517 0.596096130114484 0.460588100503186 0.295179856612603 0.513613672958921 0.0608318470756508 0.144964612326177 0.341855080971029 0.413704044427952 0.0300860674258959 0.110111177289251 0.0970555427887 0.117239157860439 0.279304617765115 0.82959874769229 0.432476152391313 0.434913478350234 0.0471118318269097 0.0213794723271708
0.242882915087656 0.521212035020086 0.387065383904794 0.704412340282952 0.507833433811495 0.228381290607548 0.0233946182026798 0.546889478582522 0.829741017466033 0.227913557236432 0.288796017259456 0.678601478968994 0.150372018849011 0.0566694696893057 0.597823043992531 0.548287206542305 0.769479147730696 0.43249268964725 0.00156596684522801 0.999751096238755
0.435015398284998 0.515231653762602 0.320981471126855 0.632568458545001 0.635514120803317 0.361665327443915 0.254876678965914 0.632771973720735 0.532981899700466 0.535064500172641 0.175536418200697 0.984670952674214 0.139225994645382 0.126551117110137 0.777086166926077 0.985725394086071 0.607809459014475 0.683779590953936 0.996053658488778 6.01205399570623e-06
0.282169959394208 0.657670092314793 0.653601998462857 0.654848332649194 0.868852436052451 0.35622556910691 0.275675277309824 0.955374994625335 0.645168646575806 0.232337017824962 0.573858296334413 0.984325488626571 0.403342754151678 0.211016491064919 0.830704468821088 0.991410507107694 0.479271351429856 0.419611956994676 0.739927694744378 0.000622905305769378
0.071428911046753 0.498163133205299 0.441449318466946 0.604662604053493 0.0152997165030544 0.145675817974381 0.0189450004725613 0.114563911142991 0.0856587296649174 0.0243506525858924 0.10523676797707 0.608722292308605 0.0825244412452891 0.0242544986376452 0.13819758121571 0.789938931426535 0.446911931385714 0.517763409665385 0.113157757350387 0.00700979731420172
0.104930655203822 0.421320673164961 0.254723692152065 0.461064643072223 0.108172524038916 0.468066767583682 0.0126510686599475 0.0104919224390366 0.820723789256517 0.0531873441237887 0.00950047171714787 0.944583393785771 0.0773830059404985 0.0821278502533564 0.62987494454757 0.204076139856695 0.537037998002189 0.417779273833797 0.0893238018259076 0.779552264601016
0.0962356374070323 0.595600926701303 0.651998863312771 0.755277648513921 0.721111542099446 0.558927795304523 0.296082056883703 0.363116887686852 0.0265707259042253 0.18535004699505 0.492215643784994 0.973320623703023 0.179984765726792 0.15865219465241 0.767641898841659 0.838732754200077 0.61842459075227 0.646050584439163 0.0646778524959235 0.987131962244339
0.32353670296068 0.651295764058501 0.878359311535057 0.781543490828697 0.977961078338221 0.358990593852261 0.0580984311722153 0.330416176261761 0.332191154729239 0.546271510424681 0.858341058115252 0.975767425949409 0.559349439915297 0.191736012446188 0.724952103886633 0.967150622596556 0.707976366372349 0.536761647883311 0.24500890353712 0.977909786152806
0.869328207211877 0.843575639905791 0.962634530741344 0.7789396783601 0.997067282861025 0.711807725405374 0.959772773399505 0.998527226715851 0.688792538435353 0.998204568961573 0.99909294706505 0.99889874815801 0.912188193625986 0.818280319189206 0.978626077766871 0.999956258983941 0.741863675651559 0.966898323084069 0.998927990214188 0.993284321259767
0.0238602093740092 0.481613347150016 0.147066190503412 0.656338934944662 0.459458460748012 0.403588914075238 0.0160314459270387 0.0138122539687991 0.256194361444646 0.0510143282341499 0.0338685532620265 0.107696561374054 0.0561152346432792 0.0273737384092029 0.819325096718424 0.163466351353221 0.175196128389273 0.426240559025048 8.47606002652075e-06 0.00753970812055828
0.636560107530452 0.724886082358645 0.857365414217999 0.733898897937622 0.728717801144302 0.354820628621455 0.115454151843091 0.980375284673177 0.863849259249276 0.907690781814957 0.960308144302018 0.996923079568983 0.73163228044456 0.464531107013545 0.819269034239618 0.999950471505026 0.744438817226495 0.813131186071605 0.866533213685766 0.106510687564874
0.172752011552773 0.589526102179975 0.383666135849778 0.640287113576149 0.181781188813549 0.50942099501924 0.018416671551001 0.306014818604444 0.739252800092592 0.307859003012711 0.782557916384432 0.895555861503978 0.255397168417177 0.0661871816973293 0.80769956414073 0.960855886994238 0.329503526864301 0.522227788362799 0.542316120956452 0.114277633272461
0.0940854349421896 0.58467870506768 0.437057388994586 0.626804835254979 0.00791159997386795 0.423658202282826 0.013795784208561 0.358620858532489 0.206537747526116 0.056275060618425 0.0266504061297555 0.465107732447329 0.0554876493620601 0.045500833440287 0.47934343774452 0.761761963380829 0.267511623525879 0.165353536068704 0.0111445617747848 2.39938196756459e-05
0.12700931008502 0.465456142400694 0.0939024649692915 0.474082814019844 0.0591533096297049 0.217513900878937 0.066047984140257 0.0327742056145234 0.758387511963787 0.244048662252004 0.0468400622838335 0.967682931335882 0.0817714781455124 0.0592456045399898 0.4663507209492 0.126196992264111 0.537655351178544 0.444347622120405 0.000704354837400163 0.00252645708323914
0.337517657777889 0.549788263246058 0.631964251630766 0.64645031402579 0.931616555959603 0.24278559095805 0.0571070895966181 0.798201867084947 0.664866083880285 0.363375637586628 0.495036387228815 0.900759791821336 0.397126212384475 0.0937330479711493 0.880866836193368 0.868144836444409 0.474971407726026 0.568329945355825 0.00657919097914773 0.1621258139939
0.507200006850614 0.767529932090425 0.959460277365468 0.71772993617747 0.985085981109748 0.103588199936914 0.246352424028879 0.991437946012311 0.993381110523786 0.901903285090969 0.97116710482742 0.998390428141251 0.441617441353628 0.398210925284761 0.894130312849006 0.999931454528287 0.637864989681201 0.817254721965796 0.012007403660303 0.99803898430227
0.18913165652755 0.586177653414737 0.787815631540362 0.490670511137308 0.126457426015962 0.528960191057964 0.1838206789558 0.686541712363746 0.182687639517481 0.741617212971429 0.438184984414892 0.995441154693866 0.198836504814064 0.172106722247001 0.602147787051604 0.97847182640695 0.385710771198343 0.570851434679469 0.916228612620787 0.0122824879445635
0.534800962296618 0.753591777827917 0.755126450898183 0.379368542559315 0.689352719319024 0.214409040979792 0.536147459084202 0.768830259725107 0.556472761722096 0.819940990410632 0.918985932128555 0.693593093926488 0.584726633399308 0.172932276011154 0.898701428101309 0.993480667035196 0.512834199677189 0.549657588445659 0.102617511129576 0.125878944816605
0.892703073937066 0.845793610330098 0.864275431494367 0.621747822502061 0.999791816989162 0.313516690145652 0.891118183505215 0.998724412703905 0.998396500154462 0.998190881046976 0.999217066005884 0.998918303971141 0.957836683018008 0.755527921701108 0.99033484259986 0.999505673048742 0.696856092285857 0.941515725319192 0.13522739782416 0.999572030952637
0.287443234275093 0.632385739986167 0.702115759679756 0.779729909268719 0.894345891008645 0.36594495118152 0.456762901478787 0.659404218262628 0.634231954901864 0.830530017081411 0.962526931272073 0.981786996617026 0.585894850852701 0.351584373128211 0.859443415182503 0.948250089608777 0.54971552158664 0.765180413289223 0.282266185505013 0.975403290365647
0.402454006299527 0.63575927711809 0.741503677482156 0.808981885293447 0.847850848488123 0.758808779742809 0.300415303684899 0.839561721330685 0.976835948312745 0.612945374816929 0.755330305622666 0.84665407371061 0.64740565021054 0.388139126545594 0.807705885106148 0.99989261973859 0.591329902076431 0.85995157649557 0.0304580423482358 0.999735558288239
0.40714129819025 0.780068888313863 0.439986557456744 0.64400195306362 0.979316745815169 0.727197015906461 0.289277704645268 0.925231615634007 0.859172682596423 0.869081597428259 0.936183357500001 0.995576486586955 0.782427924183039 0.386179324711408 0.970282410678498 0.989243430161306 0.647270035537439 0.818644518002619 0.631327900769525 0.0793420687751305
0.0751302935835585 0.582489798706897 0.466897641261712 0.618348172579236 0.203540676966951 0.154845312238801 0.123458361762355 0.505082561462394 0.0155777789730062 0.0794014217304131 0.00728320514572037 0.901807646285364 0.0654003780073214 0.0482394281300262 0.203020033533276 0.371763118028177 0.490240703824031 0.710636378765148 0.876281531418117 0.0566912808506446
0.060788249287641 0.517760929557717 0.333799218083802 0.627743413121505 0.0628611235884773 0.288295723205666 0.0976739388183514 0.0192171719623884 0.45204063640163 0.153278213323465 0.149672894283894 0.247426412965058 0.101111502327774 0.0356042996626013 0.27700910215282 0.995822418693119 0.54139006723284 0.738663654101147 0.0123983708892775 0.537592286316767
0.0331819668060109 0.545960282096169 0.287749345857575 0.525985699260538 0.33942606325797 0.684855546703862 0.0606324714396132 0.33101683408014 0.72372526590079 0.0842254297377195 0.0841531809964851 0.590845899899322 0.0760993660466675 0.03159532569676 0.103130157999799 0.0229003424018345 0.459678543990927 0.219775266346651 0.000786090101440505 0.921554187349442
0.192363208368204 0.633499694131138 0.605099535438033 0.72422560568492 0.753068772562107 0.0787984059592277 0.0528797081202384 0.725071788771876 0.642605701389708 0.190092197321096 0.647791595509033 0.998196228513628 0.327339430882095 0.165832233013894 0.658119544491601 0.996141722966296 0.689559205874893 0.617198997975588 0.139500110154509 0.487727129424036
0.245932950591904 0.618844839686213 0.473228998376793 0.525262628161196 0.586902492481376 0.606806800959445 0.320512532884764 0.380255556441073 0.992247078267524 0.655735860911999 0.0192933992080135 0.950519879935631 0.103887425677574 0.14501341211502 0.696778262175297 0.989877207701221 0.397843229957756 0.571994649121193 0.0567329805672921 0.0370606865341243
0.273873523548579 0.593382956358437 0.442053982840517 0.450956894228192 0.210529577483805 0.601268397429768 0.126895395707725 0.652131241703174 0.260761617305146 0.245180985050963 0.132763558543516 0.877050412254258 0.231003137209443 0.0718493630717991 0.641058779475909 0.423532630510528 0.298607595611303 0.353435084392439 0.000700621824839976 0.00389598370443014
0.102541584270039 0.500950860200705 0.444816332651103 0.699809674110556 0.108263890926464 0.424785127772158 0.10704126712844 0.122385284815748 0.772579326975198 0.440613119456148 0.226325605787572 0.995847027756915 0.147836471651955 0.0843844597665507 0.761750921632796 0.21244190925411 0.401549370560678 0.39797071879242 0.0125895211337299 3.6096331507804e-05
0.237710203086613 0.494967163760521 0.488985130598357 0.607986725681604 0.194674700375314 0.84703223286734 0.293240072088995 0.468465251192269 0.996492952263955 0.0472357704755219 0.4762237972793 0.973488498976156 0.0905399982943483 0.134527322904405 0.62094761459404 0.978506713136011 0.575176582366071 0.272024169522846 0.120566360244979 0.00103726171553504
0.149654539733048 0.540413328918412 0.509502035524277 0.513161745938606 0.346587749014338 0.785670624247929 0.0834797370197902 0.380172521025255 0.419137941200317 0.554385800893881 0.155489840235715 0.430543670417025 0.155445568070966 0.122934455580531 0.760685462538422 0.893745687849418 0.164153690644616 0.563758539242743 0.140488980877216 0.295748616111811
0.444315434476073 0.559700355910982 0.461186877989723 0.787441506793921 0.95608788909663 0.189487222854166 0.58386455182067 0.823885665937974 0.996929483506298 0.468015419177605 0.978735509952668 0.997007808006559 0.40295653715238 0.176562005727259 0.769469151732157 0.754544659765987 0.74479949141363 0.582479096087689 0.0461023544281352 0.00159791978536952
0.120426322259182 0.651505204438526 0.833416461843368 0.355275989643878 0.835992181565375 0.6072519582594 0.0351158961765487 0.748653308571673 0.239253221902218 0.586203600520216 0.594115458365835 0.878232859433278 0.431028579460416 0.208242975555117 0.900076282083222 0.987228693770613 0.349184396004532 0.65731056386422 0.103340822966954 0.0356636877283396
0.579293496162059 0.733764297082925 0.753422153750912 0.500936907929718 0.955209384367851 0.557727878998511 0.252086179784497 0.969127489180363 0.814236028854006 0.824084751489286 0.539736758376707 0.995225884930932 0.600050784476005 0.417159262455302 0.921659540258586 0.930994682561683 0.471862890065249 0.792490002256199 0.998992692833739 0.999713026182174
0.781603376957088 0.779470568775603 0.967407676213723 0.547871415046267 0.995367065413277 0.682950272354697 0.388557235591379 0.995594592533254 0.825460436770517 0.979320967311451 0.993692886974968 0.998017093999167 0.766975833588694 0.515120158861579 0.956296048015906 0.999691199614714 0.802598717492063 0.918532673068722 0.976234062465283 0.995461290599894
0.147573926315858 0.717654440895519 0.511422304452083 0.416605878270617 0.702010695847365 0.177501844531947 0.74798375877622 0.909412369408274 0.916250396260439 0.757105980298649 0.564826377420096 0.994699853153236 0.167548532712209 0.154471586443242 0.743617526667661 0.986188957532686 0.283878837062516 0.452877932898236 0.137889895460357 0.999975442095047
0.191004060706003 0.744577223755549 0.671087956181635 0.623617695151395 0.935965874335297 0.75243154348613 0.196567678193527 0.853438231680768 0.48556899457983 0.890706165044136 0.219166930233037 0.985576286591431 0.462765605997098 0.189817172584853 0.938657998887656 0.952065559909285 0.714215230239975 0.786623903387375 0.399148767623265 0.999451446222721
0.557308689207254 0.68567377854114 0.856449203415726 0.867106240775727 0.5300738027981 0.421748501053272 0.486856347665673 0.944528743436299 0.688828923538093 0.802062648364539 0.91497343053949 0.9888329055636 0.640501205250225 0.291882640756761 0.771188285991688 0.98608064132804 0.707865130956381 0.781846791520717 0.913093289332759 0.90175500829595
0.262314243051952 0.670223540366425 0.271042094681756 0.682572522229213 0.766462457249727 0.586148453823895 0.0682531588459778 0.788313042004209 0.742301780186725 0.77023193445366 0.683334467552929 0.910641391036866 0.263337385368559 0.245144951721952 0.675558322227584 0.984077899542874 0.385997135943195 0.59234588614648 0.0211434646213504 0.994257042456275
0.0648879859896672 0.481130376933447 0.239817128905939 0.539050784423025 0.160160860041802 0.505518174647993 0.0335057545742762 0.383921258149573 0.0232861369193916 0.279695737974566 0.11874596010331 0.994273253298299 0.274033564857396 0.0711208008512793 0.344679488160714 0.467927006328376 0.193656675043942 0.264822365047004 0.00257689184475903 0.987546378782066
0.493666233257174 0.630990193550616 0.966286592124069 0.787904492744239 0.962569658854999 0.271150650734498 0.394906001723548 0.557568138322291 0.929808927590679 0.817546230243645 0.98394708531039 0.977057367503896 0.402296390899862 0.328761296155506 0.900012639354356 0.999989744151548 0.50054638624206 0.576242545808791 0.98653073995674 0.999893676900111
0.307778261377934 0.585952120264325 0.065406550583702 0.376454898444086 0.676553367143154 0.419896896966771 0.250253132266626 0.178273288260125 0.38692389139216 0.899793334086821 0.550928516977041 0.773390388577721 0.191306481855527 0.117330100756884 0.649462471445152 0.240740858639375 0.275058500204643 0.395173616369951 0.539867131826965 0.999999
0.254170931811879 0.781501568528605 0.624167430161874 0.638420582352136 0.953125973900529 0.721323575036004 0.787045855401318 0.956460932597139 0.65902010418255 0.92917854363447 0.914118825497312 0.995471823691858 0.584708250922092 0.249354998419811 0.938573822459756 0.99950004400849 0.270905218196984 0.653564755819869 0.870271857353746 0.108351690385861
0.0117940514115312 0.362917651570976 0.142627817165788 0.672469521029452 0.0117883868621047 0.244492858381197 0.0143136680193996 0.0157307538242099 0.14492797899286 0.0473565862294123 0.00057054875723763 0.133076122539452 0.0154990160156209 0.0113670065940596 0.227638501881963 0.042302456122528 0.17756003338886 0.194069748341341 2.4426238705335e-06 8.40682557315198e-05
0.339892727864196 0.709932371354956 0.926489759499655 0.811518679221511 0.921192766272611 0.420205765932165 0.314640770376261 0.986397362417698 0.970394551352297 0.883176600897756 0.741283398848144 0.975875757317629 0.348187939168627 0.215313844982093 0.850670686008368 0.997994782641428 0.499539403427695 0.670580821680366 0.00889955606332543 0.870570845608548
0.502433472514757 0.793512005155677 0.949132610207919 0.6751139922738 0.972437507697862 0.624124731316105 0.648283645832685 0.98804472383523 0.962027178706712 0.950880109780701 0.993299990634811 0.996416033899523 0.862261743934321 0.280016770382599 0.929697498782441 0.999452410372344 0.70434539595584 0.759620252986413 0.931434710458479 0.957220351620181
0.0259974006430587 0.346730686900863 0.231308076645532 0.402321954061198 0.0369961754331647 0.376208416494321 0.00314141703924543 0.0286546126146941 0.00358136342446864 0.00540105538719973 0.0011251255499742 0.850228112904827 0.0497381109599343 0.027679280391095 0.284491970371752 0.00324021864171587 0.128244228971515 0.115887024603691 0.000471098346991076 2.93277833552892e-05
0.266815571619772 0.559162508214367 0.282448630313745 0.602970743133256 0.859353338857733 0.0868656594001197 0.0225407624404595 0.0309903016222972 0.478799278133168 0.440501992496143 0.27417316877377 0.98330454785653 0.177012616731276 0.102005691643271 0.436977269153761 0.899192094054038 0.645441125316025 0.513024183467778 0.0166815161964013 0.99864248550561
0.490509097268889 0.630958010213882 0.607483312829788 0.608837672750289 0.753627343769443 0.49579922837972 0.0709193935312603 0.951910056101885 0.989908321474905 0.872083865289363 0.56438975400979 0.998905333808278 0.210159215844693 0.397455451982051 0.722639519784916 0.989963199849958 0.76488996823974 0.638830760983119 0.0916127845105401 0.00491225170601345
0.306267992155287 0.646257147942583 0.951325702942276 0.474247832289967 0.924029771519617 0.0515711993072177 0.260434618634649 0.753511586756414 0.788409077606405 0.558657033661737 0.60390020709855 0.979821580569335 0.350917543022222 0.253710769141598 0.919674382621752 0.993277968667389 0.529138944933887 0.524600294258784 0.598203425586375 0.0123115562157696
0.0264599397259249 0.29615738350449 0.177100069294916 0.402318430483371 0.00537105545372234 0.0566047080989909 0.0194832530933141 0.00410113020029293 0.207021138854419 0.0125037780313779 0.0211272317542967 0.979702553417151 0.016304547473117 0.0160245262443613 0.218006869913244 0.0525943594015293 0.234219874942787 0.333393099623907 0.000124936055394492 6.43554559370836e-05
0.411497215845346 0.668375448804433 0.398408076084824 0.484733228393184 0.969347701537307 0.65467877048071 0.256037735858466 0.951161707410273 0.626320528749778 0.473304087736247 0.707312195708723 0.993454812248614 0.487593593435528 0.219484814879167 0.872008419107126 0.99347000759077 0.61423790483884 0.457288542822407 0.00043471511823961 0.0210121187054282
0.300791915336266 0.656070218575782 0.845737340668579 0.675485416496084 0.950336965709476 0.77211924527323 0.615704491239612 0.550785875063301 0.978983593378031 0.818902224496829 0.772756400658241 0.996753407411344 0.391388822963424 0.294223459684141 0.837817613508831 0.999826012893205 0.58206667746239 0.751678959127146 0.628089549048391 0.592262973982558
0.199174963933955 0.468702708043758 0.296548047154997 0.830049309990373 0.456718163322561 0.28902109634387 0.0322186005031216 0.106868137100534 0.643755327725934 0.191295687117424 0.423661106792352 0.864761483848915 0.0735903331404756 0.0932853236575322 0.34564792826 0.983570096925125 0.44858105224577 0.321203526258298 0.76013180265072 0.865835527343161
0.636888735328149 0.750167597709713 0.576518623504913 0.699498782828879 0.993706142534909 0.534725340973364 0.336341732834361 0.991937630758566 0.998195473615436 0.903348000873111 0.985448794459175 0.972175345412583 0.769635641218528 0.420159146978759 0.904612444177859 0.996879025936846 0.717675306858528 0.559508771324737 0.997565676054109 0.585018234769764
0.181529358822104 0.489110963665638 0.222065529567479 0.659070826593846 0.768777800641128 0.115705791253788 0.117065098966226 0.868766850543213 0.685222949571166 0.306261003242859 0.743080176098899 0.786654394112339 0.393463575836365 0.120945748895515 0.592683209668223 0.873587525651567 0.427127070861691 0.625747788466789 0.749021332810194 0.971007801254222
0.716836084502573 0.797743482162801 0.640841385274016 0.722503788375638 0.984295400152358 0.8259023123466 0.836457281718969 0.962423259077897 0.99259643866486 0.846630097859388 0.975717501752113 0.993488381986354 0.806188936281272 0.530473182788014 0.969022414911294 0.999719098917011 0.566945674031665 0.823238144207405 0.92534547192512 0.999963377227467
0.551182264028713 0.760882867452408 0.409662642974886 0.657835036964744 0.884566193255791 0.454472511405709 0.248736811409689 0.699236542637779 0.674169489484727 0.91089510965637 0.825711415171768 0.941930953851544 0.428151319519121 0.242113899901698 0.536791257442151 0.988574590784985 0.578850254978539 0.679747894542064 0.041687875720256 0.994171334172634
0.378395748587018 0.740609526966058 0.630411726259397 0.678140904411608 0.841552321003185 0.522948872437236 0.683138819391095 0.88285851377141 0.878783206567791 0.956763871883352 0.99180405757557 0.996963510002362 0.697471560067083 0.330711694529415 0.822982044762916 0.976186038925796 0.686344512273124 0.794903233822936 0.653083370840001 0.967700004121136
0.136778623276229 0.702362088117114 0.395256496199729 0.696356660066552 0.816447874894343 0.206553779041898 0.0867067408553312 0.764318335415505 0.0104932991211864 0.408332939121981 0.626121078151939 0.999123455539674 0.26669194282738 0.151410088385306 0.685910273436014 0.981661018018522 0.597814824744836 0.561630913487626 0.0853260153406112 0.0385016083808655
0.651019339380441 0.753766053271538 0.29640209789624 0.471978952763005 0.90651007682351 0.295746456803125 0.157268752045421 0.990087467484862 0.989113959838935 0.702656585991491 0.96365956135054 0.926595878029602 0.634357018532876 0.379746040816529 0.866628501033592 0.833537121214161 0.376585205586319 0.713849957014671 0.276121662528036 0.263364162215083
0.183693261404569 0.58605323116181 0.255042664290063 0.507981814742787 0.783958163413723 0.212308215236645 0.0508328678205805 0.799811624647624 0.0393881802678123 0.20024900862517 0.191920455008693 0.579119294295079 0.17819299926155 0.172153144830206 0.7653785913378 0.8432867463323 0.371086382969423 0.326440803047503 0.00064841350363959 0.999995341527658
0.0338319655454643 0.510086630712999 0.398292989280275 0.201089606360165 0.11028837659519 0.706619830820984 0.01600268806382 0.111330122942511 0.117602080733144 0.114452007533329 0.0985818114234897 0.369710702687812 0.0210147276325876 0.0335256014240552 0.441166159722605 0.843910301946175 0.727072572220984 0.0769545597504145 8.77042122659981e-05 0.749434910763514
0.101399360484053 0.471166959334707 0.423707458461605 0.29196890190311 0.560907783597424 0.2039600057566 0.211897304928693 0.275371749445828 0.768311670225529 0.289164016666784 0.156367870535911 0.877537706922789 0.257844464007215 0.111734656951785 0.917625270667961 0.589067324372009 0.338963362043755 0.512646394703162 0.00369957089250902 0.190292966886994
0.117680853505777 0.620326906436062 0.625943960342661 0.639232998749794 0.369221994683373 0.477891875707269 0.106666123526345 0.0934233067375068 0.144641687582455 0.0663626286021193 0.16589866113249 0.480717988546562 0.217996268774023 0.0795252991261614 0.440653428548967 0.986762876183135 0.288823202981564 0.299484510076201 0.00202102029330111 0.98306747351101
0.449893588865568 0.569591249801107 0.342962528823435 0.597181704114069 0.881300173250338 0.640154759404069 0.632983814822716 0.674196306013906 0.919374671249001 0.663087550081011 0.732423019687925 0.995569695336469 0.412347192835984 0.216986386214288 0.938731298758724 0.996345368695354 0.393571069750213 0.516151166944422 0.0532122133765294 0.723098798494848
0.0737842170415036 0.61102979083087 0.456293649883751 0.611504813783814 0.0363594580089014 0.211924951611823 0.00405622631392046 0.0566535248874428 0.667853720974908 0.11531172798172 0.0353718635026821 0.955494444808004 0.142080441084051 0.102732761762486 0.522568316696261 0.717881192617778 0.150051411845622 0.500098964589083 0.738727555098226 0.0494330541524305
0.285223682979973 0.685080695601643 0.765432523134057 0.570044411409056 0.767656122504561 0.787274261641567 0.26403069613905 0.329454938027246 0.108867737556433 0.69341762307506 0.520601213869155 0.993677176070297 0.473982815874768 0.248090318417909 0.859537983593113 0.997178572128614 0.24104254586558 0.536506874835605 0.976962322905829 0.99991940595641
0.25581871127103 0.696150720169095 0.690520808226562 0.421683476523302 0.969516077781167 0.356831100072348 0.406042879639976 0.98219403035337 0.776618676943869 0.926823655402906 0.982618668428372 0.999304055768108 0.363728486285089 0.295511270953279 0.715863217444293 0.419857000845732 0.403873481446901 0.588280999774418 0.998697778973533 0.821246589632569
0.398036410753165 0.744467389028539 0.747986896498841 0.842199684947903 0.995148637053632 0.715988558120052 0.717141737799595 0.709784321752491 0.996985512021898 0.903346828286786 0.945180915038808 0.999491304008954 0.36850934018935 0.365490817839479 0.964647384023835 0.972224646373947 0.827947508596692 0.805438516921843 0.668476183277847 0.00272310286922583
0.568465373191803 0.677436740387896 0.733020088183273 0.803101292259459 0.8456716634517 0.655978115125203 0.220488593090127 0.748548270233699 0.624580856839822 0.841468177051181 0.957631253776606 0.994796925763259 0.519307116007605 0.143065602519281 0.918610874899172 0.615036160500687 0.51569020756656 0.901374136578054 0.992140902263939 0.999120654954015
0.144187260398361 0.52032551848372 0.650359925043514 0.499211061233418 0.403869683930666 0.342008579559826 0.0263636472506333 0.458197670294091 0.909677709556601 0.148665797953882 0.444441248513897 0.962706213398204 0.180503969112412 0.0878886366126498 0.387560792458045 0.942255021024103 0.385474645610299 0.582012482131088 0.000137597045176285 0.000227386521791729
0.0754493966073997 0.625188242522135 0.648267190375442 0.746769863048432 0.746302987804761 0.389560404264911 0.0680347350279207 0.603048975016807 0.786679481038983 0.160689178414866 0.516637882583829 0.499928273122336 0.336026844447668 0.136014597200463 0.637879462644305 0.977150192873171 0.712418280128563 0.728032051982014 0.132017401814117 0.999824925494445
0.0774415291477904 0.348526706781438 0.0847277866513821 0.234225664328806 0.0777856844986821 0.398800126042864 0.0190929105552392 0.013432313091548 0.0786674191188973 0.0100771581190865 0.013572249964968 0.664274579133835 0.0306072075542284 0.0100673783435379 0.133855211105141 0.0728548402200117 0.44238242079335 0.138746324330826 0.000252567520129281 0.000121003837468026
0.151644718640613 0.549557678848056 0.641382907762364 0.73022041760093 0.552374125496499 0.200494464066757 0.0623606816109913 0.14151942416402 0.660274712521006 0.149591036211745 0.300369371324412 0.214372333873251 0.178491063816069 0.0773740394894229 0.507012190020189 0.994168672425091 0.390249257338164 0.615630402119145 0.000822525325706271 0.999753885611761
0.287059789021253 0.641150853253705 0.819358573191941 0.740453940767561 0.920927326824699 0.58155254472472 0.0611355829229037 0.908865085029084 0.71307952161981 0.939903152046314 0.966215391039239 0.999720717915286 0.483264099783137 0.147161926305371 0.750240615028829 0.999175186247238 0.847727250033782 0.758767406564516 0.0041956330514678 0.998339280246085
0.0483726272746935 0.619820607411994 0.909038968295662 0.576484360602359 0.020648492052107 0.677055640998356 0.00556130936060627 0.0821099755636832 0.545278414390909 0.214405103246598 0.0701118940500654 0.893087622859656 0.163688076494496 0.0611155550886813 0.579393522650297 0.534150025771226 0.27583403874658 0.379132344019774 0.277655477275622 0.374729852668427
0.0854860626042439 0.578251436977662 0.335460182683352 0.573036347467791 0.814781230372412 0.590389542347459 0.0448555533790742 0.918825808573013 0.98353193853519 0.641634031146545 0.79426233794721 0.984005167578268 0.211478381096645 0.103442584690511 0.789746217662776 0.860420985356741 0.49644972684808 0.385003602922349 0.0131724587881456 0.999999
0.160494535756745 0.572813250658742 0.808771335013559 0.529690067851878 0.762070304676245 0.299988876363956 0.015952178073003 0.197419322824858 0.152903660994665 0.347917901169512 0.5366176082253 0.736038767027875 0.0852607273232895 0.087406797234486 0.759360139135852 0.289992576789989 0.447683830712619 0.364149003068783 0.00657869148745312 0.859022223772438
0.509064698869029 0.622899733649847 0.829847495465967 0.57925200715331 0.985000039162503 0.72197120817311 0.393043864423483 0.964294316527779 0.982258678476846 0.6575604849907 0.859381542981251 0.93725719616002 0.310271962222401 0.333597174320878 0.925674918207748 0.995511127043778 0.573669427712871 0.876801238594637 0.00857134533769821 0.150870235306444
0.600778556868429 0.788453467353623 0.886483555749478 0.662459320219255 0.989407131516683 0.573605101596643 0.661324604496543 0.985454746519583 0.853344324540415 0.821152107294136 0.947731013071146 0.998889761811919 0.559134544315457 0.483077295633448 0.984411153419803 0.995833020813632 0.745357024221348 0.799706758444659 0.768455543365515 0.998213967544483
0.471212835218829 0.776908614210208 0.900823711613352 0.731504735956354 0.975561252380357 0.897049057646203 0.699035014267532 0.988583218575058 0.952922054666526 0.646392663149973 0.945178156169327 0.99309052848001 0.57011744768417 0.400892245525324 0.837738853846716 0.970772708388343 0.560067193825929 0.598397727756556 0.66561115625368 0.999999
0.19574009925654 0.62893579158585 0.910172718783288 0.551288113962057 0.963535076909963 0.192137134793006 0.21801581143074 0.686797544260754 0.104035786292759 0.872482076712883 0.935962459586328 0.983886632631293 0.584721168174969 0.198991710565629 0.761528534761035 0.999782109563656 0.854248320180107 0.51012817144337 0.97017484370005 0.998991593500537
0.634490487982291 0.647787189417759 0.301959355462656 0.533423137250147 0.977403405611084 0.584200507166071 0.55661121966117 0.674396712106467 0.834850992174359 0.693862772366533 0.712371555443128 0.894131738333072 0.156067220880901 0.224504271846135 0.847904203251153 0.996714116817161 0.226124044232233 0.422415462527486 0.178754649994345 0.115326808159329
0.375960438600481 0.57223659438107 0.78206474148175 0.849226088032397 0.807281381996589 0.607648113949229 0.130175980049282 0.673277611683588 0.71515405956268 0.484647804788293 0.261960513474005 0.818611908375353 0.239676834087469 0.177261446142629 0.802754823868063 0.969377755957716 0.575887711219472 0.397235452964856 0.958772776301505 0.124001640059977
0.118265190151934 0.47368782692187 0.201572045827728 0.665965435825522 0.198602669415678 0.592315628972673 0.192557619300788 0.109764740072068 0.00485052871813583 0.0652171629458497 0.0769195074914491 0.818749535692379 0.0321220612776899 0.0674735454130245 0.684676590258254 0.850790811354956 0.397448578649599 0.431660260994381 0.990510267415293 0.0358961265099058
0.761525293094842 0.710101194014651 0.574362995542278 0.881570179699833 0.988097483962302 0.442739241128711 0.144631730952268 0.993608428834788 0.807849347766263 0.978204114166439 0.983275094470373 0.99851351151885 0.750186670108385 0.490477645267548 0.986317273716991 0.999917297862516 0.667424293142916 0.61782453250789 0.996846467560893 0.286868107657172
0.330179958999001 0.722925081699194 0.408890244712643 0.514322720098329 0.520269334645249 0.613675955539257 0.551962798823528 0.658653709467255 0.988505327542305 0.458169392695389 0.945969120365806 0.953908206694526 0.311751982819069 0.393314754096613 0.868273205187034 0.997084762141134 0.384697205701898 0.733361359116158 0.613789018284993 0.999999
0.430187927157361 0.684119935876439 0.579321142496127 0.78521650255087 0.99565998013852 0.905199086017112 0.667587829868219 0.963535574166048 0.915114212164376 0.905950471508989 0.61088202571435 0.99094427348297 0.756133686951258 0.320840255476814 0.793857489804646 0.959748873364185 0.381462326944314 0.700899383770849 0.0763997083564376 0.999972227410308
0.224809519115516 0.593799228560669 0.83403761590682 0.630330263049155 0.936432615962252 0.467449190995355 0.195950929520635 0.213758154459282 0.301939890952471 0.0385529076204622 0.169838683798372 0.977551377122567 0.134658485819642 0.18328121604685 0.765827416951246 0.98288783448006 0.362105931278987 0.520400222036045 0.319060337798409 0.577644989817841
0.145723944879328 0.519211090891353 0.585347960399472 0.722840202801767 0.179598538325197 0.190587862352378 0.230900543108897 0.483361205977361 0.388832894268835 0.251516974155251 0.474973755308933 0.188559434972598 0.162656798980536 0.200493374912791 0.841408356672033 0.942223692774557 0.36212721347016 0.564806176942818 0.00810541360116949 0.37227849492824
0.107254310993611 0.617323587744833 0.128240061026849 0.758730034831758 0.684334215887569 0.123036946432111 0.474813866365198 0.73793765995452 0.63212049042608 0.276708069253783 0.217513618222537 0.752825583670383 0.0867296698588217 0.117055294162571 0.663107938574185 0.993828415651932 0.599899236003954 0.571620634568921 0.0213651674111459 0.0202539241512527
0.153645460175438 0.594071395284375 0.168379023867789 0.555958737077555 0.63789159365833 0.385177247820536 0.187875354230214 0.664212291342224 0.561434021460595 0.173119663895696 0.080793437889683 0.88992482463948 0.0774021544542908 0.0406988228903007 0.818014651129756 0.938319295770744 0.720539074989551 0.46600340521202 0.365540917837013 0.438007549053209
0.120656426294039 0.557945467346055 0.858956129281846 0.727414894931843 0.854626890132117 0.301115723942514 0.334627373952375 0.784308501381989 0.795332834351989 0.370638073130177 0.7356292131427 0.890264864385537 0.133671323166804 0.167964287598942 0.571715046503467 0.790500067341215 0.437926645272234 0.681888737431081 0.954283044592243 0.0149485788439245
0.249188648226603 0.513793302264898 0.337634307450401 0.499984486741296 0.115305865750419 0.111367368690157 0.0972940547976038 0.335191694088576 0.323054551182705 0.271942169424664 0.197378258308612 0.980072360236879 0.141482649814959 0.124932464823168 0.788420033960266 0.596560395225744 0.643333900208093 0.387623454803341 0.0741225093914811 0.158516646667735
0.209112737817061 0.559980348837353 0.33806006700273 0.737302398448636 0.130273554197822 0.460042290419819 0.00977246843169983 0.39577533976367 0.554702302664854 0.133550695602778 0.383159293932577 0.987110719935919 0.12192548225063 0.201107884348872 0.298201523675663 0.928429744825564 0.490673978185781 0.432716737021527 0.327289589882309 0.144078110219808
0.0783828379568052 0.46504709400275 0.639388388227233 0.585806715583683 0.10226548895027 0.200589171543063 0.0213506778298204 0.0194068067920328 0.98699409127274 0.0336777208425958 0.0784242813059912 0.123961501031156 0.0901687371286652 0.050968729933922 0.514432828540815 0.151150995276197 0.45269283298364 0.278428324030204 0.00234184281744832 0.996504347054127
0.0972704660787199 0.562975734964977 0.440317385358564 0.652661855096859 0.426257373389357 0.560556322145234 0.0574749418944215 0.107475540621847 0.542929979100088 0.155814281170777 0.037872959329786 0.876005384427194 0.0566928115287779 0.16682365832444 0.410773391725722 0.280951406325864 0.450787724453418 0.377934938300527 0.020193889594618 0.00899836968909082
0.503164895645051 0.745535134507383 0.662142994942326 0.679295552304909 0.989104110392951 0.84923696405628 0.48664941494182 0.84787800822818 0.134579086165109 0.58214835785524 0.968616282527571 0.993799012060586 0.471281536499471 0.333659619530418 0.957552999618539 0.999931907511137 0.468844611703552 0.833803564910448 0.0889970106224938 0.989818396645629
0.642487787373969 0.811887622326951 0.88568237908789 0.620857506988174 0.982944230804972 0.693991495675341 0.931574407540195 0.994896690345774 0.998577677133214 0.976994291347995 0.987436238930805 0.999927625181068 0.883657866938277 0.697111840426869 0.950628542568474 0.999989002718939 0.723813138893418 0.866068572539483 0.989525233252513 0.999892675083431
0.0259051246847411 0.393184992990689 0.812897867891446 0.599305225170627 0.00427310690564185 0.237147355620078 0.0190523634398615 0.445718244406067 0.186058960467883 0.0321796316644701 0.0229251446757615 0.658322924256244 0.0578592193393085 0.0545645954799216 0.173234195540306 0.904468624072662 0.298009109747322 0.294020470655383 0.00514858016899199 0.00439676611832481
0.571234980356037 0.592883122527024 0.637017375610945 0.650104770985315 0.691422485767567 0.705895618780788 0.109341046685808 0.995346749758131 0.931024381618892 0.867529217915558 0.890357677210058 0.997890895394051 0.568697755658175 0.388358890192166 0.387439733019173 0.956826469289361 0.725780488802227 0.543879470309251 0.204806165674364 0.996904744750526
0.268020241054933 0.590862519919886 0.393859752084934 0.89167960999673 0.839049546908708 0.692278275764936 0.383116107921468 0.725264358954505 0.0912012452483032 0.575557569086454 0.8259849037831 0.996483826420555 0.635373250300282 0.275391203355825 0.92659790120816 0.999604068875766 0.621354372876839 0.690057800677285 0.10370911015789 0.00149595566313738
0.30767388452499 0.76110849439277 0.728942519755265 0.491438245318616 0.993206203129595 0.761461154206088 0.232112773056383 0.829393254784478 0.919742264729675 0.695738517214713 0.975678308015565 0.958805162261803 0.474263156999142 0.345342661600753 0.822583558338531 0.974009426508883 0.455300212882475 0.858306712331543 0.337806523449422 0.999835701929604
0.673196546477252 0.785874836728345 0.951973329228117 0.648202711400963 0.990639341694601 0.389921712618899 0.611208449166932 0.981273732711741 0.999955008676328 0.910778869343525 0.992955926453737 0.997534366685601 0.548341774376412 0.449084594059823 0.903574251543056 0.999976356082169 0.401911261771571 0.924655428951959 0.999709692976162 0.999843313379423
0.192970777855857 0.643519768517005 0.311093824145331 0.746875698640997 0.572074951494112 0.682705624200257 0.211499667414195 0.471564802245584 0.0354422751508441 0.321635300613707 0.484209027707741 0.979997299967448 0.183856108496126 0.0798471119738704 0.508078176641991 0.885851890726032 0.646792699972476 0.797614347038214 0.276153710975976 0.00965749558858158
0.156535184218648 0.661651328151074 0.58977684164699 0.650618027233415 0.903027482880342 0.428956681569559 0.116344416214738 0.66755468810643 0.748949719291693 0.255736723509492 0.163302314393449 0.913783595657094 0.310259889441932 0.273503656089982 0.550343439902871 0.976714152098765 0.742805440006079 0.639761510753778 0.0373784605540924 0.992132989511085
0.0235758097941626 0.590508236403239 0.292424086742418 0.477337306709862 0.649551053386378 0.198208567233169 0.013079078029264 0.0949199803702335 0.422596993094057 0.0404821698706683 0.225005707292145 0.974449201905034 0.0577767475781699 0.0838218203186813 0.308088313279685 0.685413226593515 0.530936911066056 0.184994597838931 0.0489651195783269 1.27089515309619e-06
0.599979462413136 0.585749822812016 0.475726582154944 0.554043312030246 0.63947157102503 0.424204203125275 0.165220690612646 0.683574785121168 0.814277042424838 0.632156616389827 0.706301613543682 0.532607707529958 0.235560477010887 0.190167137761701 0.680667293066948 0.81971452227006 0.482990678800714 0.52531853135357 0.00185228317440948 0.000483684941475368
0.285052411365529 0.567665699721645 0.541860208055624 0.679990707781344 0.908652067497086 0.620580255548144 0.0394813657331205 0.923364232902684 0.31879767258964 0.56877580533655 0.824438560588649 0.990779067823341 0.294247485620166 0.158960819865263 0.879206856977578 0.999548607420715 0.583199958836772 0.687143231805782 0.0700610354315528 0.554397019763419
0.37798528141778 0.635142993386002 0.877503866553666 0.714983668231779 0.966661712111048 0.605320338572479 0.169988513700602 0.981468137859177 0.0477714692461483 0.727684788910614 0.869573445017111 0.946235039335431 0.365396986809851 0.201538673728003 0.783932352435472 0.99990306062734 0.561200519199649 0.223132132635833 0.335987478688706 0.440859603631668
0.111862936910825 0.524915291843101 0.133371036770777 0.523903163556732 0.509355571459766 0.532987834786254 0.067097442162612 0.0593635117253445 0.981116231248764 0.0846049385558986 0.235845617964595 0.944625635767506 0.155837844900568 0.0433493410792086 0.546449379381283 0.0815780683640615 0.519746866132452 0.400043049179456 0.632360595633475 0.982948591528432
0.0608625305345735 0.485759665734121 0.203766495108988 0.609150104422545 0.879941491929883 0.0397023656085135 0.0253525295379777 0.0605336623581781 0.566166951142497 0.143345634781603 0.0322186984698634 0.987643094030508 0.145674899098468 0.03340047068087 0.420827596615895 0.673029935453912 0.25124030856883 0.529110399706329 0.00889818593391386 0.00170563119874892
0.166880183939844 0.60082434884038 0.795333949557297 0.711994651230708 0.855668131188958 0.275449878395587 0.23926007815939 0.8587113410645 0.570376944671674 0.724285369773912 0.843076786736295 0.921389364487029 0.559532484999298 0.0943551744778329 0.696376166467665 0.980654414540241 0.638865180411363 0.735975093255527 0.659682673880088 0.0160097252293009
0.538756390223993 0.715233058392363 0.698605792634975 0.464631254745252 0.990048285092386 0.869897487883387 0.417291490076493 0.376913305128844 0.863862370315032 0.8441081172088 0.72593771594834 0.683317323665925 0.624111708291876 0.255150360723485 0.868783118921083 0.99980538488827 0.797021235250603 0.819295689592216 0.517839273675812 0.0010654946923164
0.0515328428708963 0.441976962138231 0.308650572424174 0.49787210320747 0.0410623913682519 0.608731729918197 0.0235434950285048 0.128224645585898 0.340373399099453 0.0388383017535801 0.0213850299167151 0.186066972530612 0.0179493017118937 0.0563722937771659 0.321586382740293 0.178005959278219 0.582504168511988 0.595305619078733 0.000800609722436753 0.00775851036852277
0.842193973531753 0.713269866880348 0.973789979322776 0.517364491390989 0.960572637958188 0.736418800709956 0.688724607245306 0.991841603732877 0.955933128344481 0.996276376945255 0.982800368513365 0.993657539505266 0.861777165619889 0.548890282981542 0.889866747206214 0.999979712624678 0.826891154771564 0.917802901213912 0.965132589642386 1e-06
0.138153807093976 0.710867432104427 0.165397120431845 0.711486732883137 0.273880959484899 0.301362979426908 0.325498665870642 0.27999388976021 0.69237856642743 0.38420707943383 0.241021404014824 0.702867283488419 0.319512447121252 0.059576161608174 0.746201183138404 0.99824131650293 0.544592521571777 0.697915141946129 0.0319872110551025 0.056502057396972
0.137271061814184 0.649433559373486 0.704293670652351 0.370999485760724 0.902543041486433 0.485859003999427 0.111469705695575 0.411012417612066 0.0635148398179403 0.448704182672935 0.52319965883889 0.847053464291984 0.19807478572679 0.0784487467609808 0.533881237593393 0.639869280559967 0.406494881805658 0.728350518622849 0.00318300434352357 0.926869846768301
0.149309256524575 0.549599945067765 0.64190937432376 0.790976756680032 0.894360204809537 0.117614330853767 0.0122000525937353 0.78777565262129 0.180222911301616 0.433550122136867 0.312934423957329 0.959578474295718 0.257700831488672 0.15299793217106 0.366652758576384 0.843726356069273 0.762473545052351 0.501508034404336 0.000925922723493143 0.82593170895725
0.0816054856518171 0.701457527920673 0.342169852053683 0.792616145047125 0.29461551363802 0.618252986680632 0.182604046879892 0.327514285539575 0.353900267123927 0.237684954008627 0.153008153455912 0.960253530869842 0.38463024916872 0.100282753791534 0.443957927636614 0.038840545178925 0.665689918093882 0.66121890427619 0.771656455980056 0.027316665684807
0.1235289121831 0.509481021141135 0.902151878844753 0.741337688076352 0.812229919130457 0.29489084401025 0.0407280858831674 0.0210797144582992 0.00361425950501994 0.242799436935825 0.123664365342936 0.954686053550683 0.0967837991750948 0.0693834485875016 0.451342829342377 0.878416738940556 0.386694555066936 0.308183729737123 0.0088556843638375 0.930598794850148
0.0819006519521122 0.47180193800183 0.571542863568153 0.58236039946552 0.266870091430289 0.903948637298493 0.15988081249847 0.13815457884855 0.337555222780428 0.569992106010354 0.226524554484089 0.990259539843044 0.227175319244718 0.133617451008321 0.838309268866128 0.353711775292319 0.577821771948631 0.555776559296547 0.0174851154136141 0.976451627514898
0.227192822857809 0.701320665234745 0.88376189962188 0.735787147121922 0.952624352510877 0.19266543433316 0.125875277609447 0.980213979876866 0.6613089580344 0.365858519738421 0.631499534889901 0.950426944272033 0.373250816827129 0.123566186774642 0.81183626270869 0.997633959214129 0.591225877671296 0.609243028575531 0.0333617158326078 0.00665320251649678
0.0718650872430908 0.435469976610341 0.103321706854489 0.381765392896024 0.184552051577512 0.47305592866541 0.012683809428434 0.0322100090907746 0.0389554210022856 0.0369469010179073 0.0911297631886913 0.946544330998249 0.0213009601944397 0.0248629411528092 0.484944909552363 0.0120159511895063 0.268772801812505 0.510961105603396 0.000130143082727521 0.000117604764832994
0.329623149465074 0.636454536388024 0.81634472499726 0.807451096694805 0.981398637003796 0.151822849983085 0.412040420944061 0.70971661664491 0.992538533225583 0.361300333743462 0.963226610732726 0.992674814758804 0.514006300926032 0.332079985713377 0.686689806914565 0.996565380256621 0.394520520869705 0.639070032686132 0.194211463148621 0.0880775303185569
0.290750082722025 0.694535254469497 0.755025109433471 0.312266362562968 0.993231028783293 0.806368733214202 0.582978000972796 0.360628840656046 0.989972886274309 0.785816496178812 0.39200326143024 0.677934679715021 0.207051373411727 0.198158003990942 0.756373019086972 0.998879687307128 0.446099537077725 0.802250566630256 0.496912777652845 0.109149113775884
0.0454061272725219 0.378782760805897 0.0446100935111545 0.724913903580147 0.0629058369797293 0.333249589533183 0.0267083624209209 0.0350381679112129 0.62511173436467 0.0208344075358537 0.00394932830627222 0.275985732765192 0.0677322138503037 0.052496682249337 0.219503003261581 0.0117650922492829 0.16847909647986 0.116459304771502 0.000290804367252997 0.490204736010611
0.673143676706029 0.739768089759044 0.727652412792559 0.742638350667079 0.994010351663984 0.901592470170927 0.133563714249444 0.839414573370221 0.975105367482134 0.973279508037179 0.955127089430798 0.998197670094621 0.878187115422329 0.567237985178321 0.790318335527132 0.994538440206745 0.738066225940296 0.871817172678563 0.996543101263969 0.963069969040387
0.0917363371152452 0.554294065025844 0.52748803841495 0.493618606469967 0.106051669839821 0.581832305020039 0.439227464033223 0.400221514638764 0.442716749719732 0.693339909891214 0.0271090788230305 0.858899903273268 0.377839352962411 0.23075804726426 0.580572061670917 0.529505592018693 0.389182688605116 0.305340275460908 0.6965122654317 5.66896044885409e-05
0.186134305186675 0.808930938707888 0.43094837936554 0.815601931813672 0.892210051301155 0.223433213123223 0.38441837343358 0.862225815062965 0.806957207565086 0.612118548299523 0.901472751541021 0.802917714885311 0.365963951837541 0.158573151670764 0.900963594570815 0.999705920620301 0.706213998340796 0.469490056855528 0.988883515682553 2.11729322766813e-05
0.0760751527520504 0.548416613483159 0.361216427034681 0.47293997316268 0.0783595395516588 0.424962244414343 0.0650990682584909 0.397169291071782 0.160408864304651 0.0318122690298386 0.252190070476304 0.490752585738013 0.0778550159467441 0.0769852716232965 0.562296870074639 0.039587744990246 0.242616813706536 0.244405116142811 0.00135242116830239 0.500184713350244
0.052303954289988 0.4217841981104 0.229892098544976 0.342285586449799 0.00195744607677458 0.0969548442827387 0.0162056345905179 0.0189629164434866 0.32533308040984 0.0578289509052821 0.0908811538078728 0.493149099020356 0.0272288718785805 0.020366621772042 0.306207866113971 0.0560008928395465 0.506520947961489 0.633859041537291 0.0345478261330007 0.982672514794796
0.26814910620722 0.681706917386994 0.633250167741523 0.85506880863278 0.945564514756559 0.307553102906692 0.40047664788549 0.124563884606415 0.931059685730632 0.400049183604962 0.440381279148497 0.987220636698082 0.433901710847022 0.313961120648506 0.682249127586381 0.991022778452312 0.55977362048931 0.741968144920411 0.931885168775504 0.64686357926326
0.0420485655324769 0.41148157670168 0.143271470464717 0.363439498500909 0.260410009890382 0.171689123872465 0.0116533993113361 0.122763656002702 0.0485238612014557 0.0229264987579029 0.0292055240367313 0.370235003220231 0.0479435609844872 0.0295613143261884 0.558638106555573 0.155507806875795 0.301552116284934 0.558744983896957 0.0246324450724303 3.52573539183562e-06
0.119807198212778 0.520780292884313 0.810114309908394 0.500166474355138 0.105313537110525 0.190876716161607 0.0272700898336883 0.325454641634133 0.497422235199208 0.188269669576537 0.198435066865945 0.710989869466226 0.201836346518384 0.0584103693678416 0.791193654405937 0.839734377244225 0.760854086732681 0.358289233804857 0.148270485498087 0.00387277832937095
0.347101536325643 0.706892798848791 0.881935359245579 0.760475853497266 0.827333000788068 0.882227039580451 0.494934784714617 0.389314647159021 0.529175132129181 0.839290376326277 0.302450089370231 0.923843900112602 0.289467921821682 0.332662036442018 0.903056069218052 0.993258084152948 0.441246522579519 0.53329604889989 0.555334937325743 0.0152128329927041
0.0760061893238833 0.507284431450317 0.405745779385199 0.442652606330736 0.316369123991685 0.635934347021942 0.122215218313106 0.211219343897239 0.754172453889698 0.372980357345266 0.149949784039169 0.0310065472014351 0.0290666918795648 0.0461771319765508 0.340374880869282 0.364549783943414 0.35044551812471 0.317821757346077 0.0105195751689265 0.992094617869652
0.123723352499754 0.497136681156406 0.122231809332357 0.623511190171088 0.354066321815882 0.32647636082711 0.00419097955032737 0.0100184394960563 0.658318460211055 0.0968602037370384 0.173655892442349 0.826601905057265 0.0838265293206737 0.0668037466469923 0.328741542832196 0.724126491928341 0.387954345433125 0.484614777044286 0.00072514135393593 0.832655286119492
0.855172645622953 0.744988388583206 0.880342266865093 0.849804954060021 0.997530031582592 0.905493392631777 0.861225755700663 0.971511407546348 0.425270128013207 0.941716863417614 0.984294798463721 0.918615999326055 0.898844419457149 0.69306645571932 0.936512609786408 0.999688100025606 0.834279807073705 0.778672018211518 0.971901631826518 0.999992912634561
0.037541133873164 0.442364819357451 0.159097560851994 0.4541340584086 0.0266893554675899 0.278068370812071 0.0436632260736013 0.0420705282621933 0.774372423748337 0.0214742396552415 0.0239782321753574 0.963056458242575 0.0192754753942574 0.0470483940079692 0.580597769312217 0.526202923204884 0.493989952785961 0.38012419414422 0.000379823275900161 0.0740305877034155
0.0619503672686676 0.543858343730193 0.275174887869034 0.449397766814318 0.589632553746196 0.298410521138278 0.109276152479262 0.159191788272104 0.994706210100453 0.0679159339836868 0.279176191109483 0.798794056288152 0.0898868986914915 0.114750841417724 0.447568801689212 0.390322113503566 0.484000161654114 0.213339512962689 0.0017526812889746 0.942259796461158
0.105752531336745 0.525100144888592 0.40085607042655 0.600246622598563 0.589158708540046 0.341908195262691 0.0819598734513572 0.00507982572130249 0.14772821721878 0.136928555413478 0.058077151539513 0.298041091128711 0.220332624376201 0.0836875364736861 0.172548768739808 0.885902684839052 0.355125640627926 0.426658430667626 0.177680630217708 0.0118842420402982
0.0467029544580646 0.478672860375622 0.362810299072444 0.508379975386629 0.647233741086924 0.682244917156792 0.0743115457185199 0.587810568049291 0.0778921823066812 0.193769200020466 0.120553440277292 0.978697001330913 0.135794326545948 0.0833484100075219 0.205584265891075 0.966851072938685 0.322410336145648 0.448202571609591 0.00727716943412021 0.00297072912463641
0.216386403400484 0.613960729575582 0.171996514114311 0.614799581350219 0.705485180639325 0.592279792203385 0.073611483568754 0.345933036441389 0.688420942194218 0.291364639370933 0.0728532458877444 0.96898915267353 0.0487750539093238 0.0789144562645651 0.707763402310815 0.047685727393618 0.641945688655259 0.647132882409875 0.163132974093224 0.384494009363912
0.0294525874436003 0.43070817905564 0.252497054177126 0.652529168468156 0.129754115292652 0.45583688456068 0.00963615323038138 0.0298797244043166 0.287734808527236 0.0315389146959964 0.00553708503908362 0.0392666282059893 0.0174640048255173 0.0610167837449982 0.165951163123648 0.0677672503241894 0.286781740760451 0.248175408270962 0.0953950915366372 5.45173725267735e-05
0.534633969947195 0.724665678504371 0.691023604673813 0.665890615527758 0.992068804395959 0.371250798413911 0.523536667613629 0.968514502374691 0.980627797464882 0.934370122061831 0.983003790093412 0.884008248721832 0.308342023519687 0.318876636664784 0.845000971702194 0.99562897028756 0.719943015281307 0.771597392507323 0.477349650442669 0.998965409615688
0.183877187496868 0.631624153230958 0.814013965025425 0.64517157855219 0.0827928981665459 0.239870702968279 0.0353844530252887 0.580312576185053 0.0237552494932311 0.495525192164705 0.248171058187731 0.891112935552403 0.17123651809779 0.0982719777831893 0.48212115106396 0.285069356782473 0.680805574899799 0.486997977915062 0.943535344366234 0.607851695877652
0.0404687681402835 0.269318783983309 0.17238071421407 0.30662492392837 0.0116493350616268 0.449057891222541 0.00541194468508765 0.0130780183508789 0.0349873523819866 0.00232015851033175 0.00987440225861873 0.225045722891032 0.0178048341925028 0.0185198521744548 0.0795773295369304 0.105194221405066 0.190930683323747 0.200379103798538 0.0981344494412355 0.21059508196082
0.0979092687561408 0.581257171701705 0.33183099087473 0.755387691904611 0.906273291222188 0.292989448901299 0.730721074113133 0.540229720888926 0.244447703110741 0.445055989706619 0.28453727154953 0.817455714783324 0.369521792105149 0.183367154439235 0.886101482627689 0.992287770534161 0.523374812429207 0.681041885516478 0.000774633078028096 0.021860170214031
0.0761767999602239 0.476829082112619 0.591980018081962 0.42313425936632 0.293551310144209 0.414336038350843 0.0163801247188231 0.288030619163236 0.618981366001285 0.194251381447984 0.0244795903158835 0.959868941712305 0.161947532557987 0.0536641389436945 0.501812935819507 0.266970465564165 0.417475840081165 0.445004658603401 0.00125422281382609 0.00798211711842805
0.298757579938123 0.701927151617428 0.885002797008362 0.759335926769897 0.493200379249831 0.575641308645487 0.452211487762048 0.418152102146255 0.597714962483136 0.230017325631901 0.825999142128567 0.983694540564366 0.128396005991226 0.423813518969842 0.747031116687777 0.986779265935857 0.634264055612745 0.505088649350616 0.782106067729645 3.02530802895341e-06
0.634069170819504 0.712419297635411 0.869100606987804 0.27098891323646 0.99765132712371 0.309768146846997 0.392217464253819 0.945283123982668 0.985447005834246 0.923397954985655 0.984961898983394 0.992698269212577 0.684667746511269 0.360348238453296 0.974194252130819 0.99922108965446 0.671656009050015 0.79567251353773 0.905611250126628 0.995058217763101
0.267683367110177 0.619985884917293 0.769945988081924 0.642980435358069 0.928293470599773 0.749296240099064 0.118881783938412 0.539713086231935 0.247162294775424 0.365294959394672 0.905825334372382 0.994561506164287 0.187226576664673 0.119782400879842 0.826928353117872 0.992736280131603 0.531192320079189 0.553316663694859 0.0161839716442121 0.505886197370791
0.0989934841333267 0.460734640952208 0.454040324573567 0.61455900127263 0.105432078660148 0.836493129522996 0.0183731431269265 0.0142492647433696 0.104744531943656 0.164549702166762 0.033606948634267 0.400073998635527 0.0947020311631129 0.0332187666730225 0.656067372217386 0.636714674960421 0.269665912650824 0.229223021150497 0.0111853767163531 3.56725176694718e-06
0.368588547550472 0.721427006144642 0.567393589210443 0.741164380744023 0.875320179117901 0.135015737818155 0.4290569370726 0.98450148805206 0.960493907847108 0.722512397986838 0.672681803070874 0.998474729929871 0.494212461204623 0.415129362500674 0.823726784002282 0.891187089800811 0.646203396354433 0.911252765539664 0.00129117551872913 0.16534491369736
0.698257404352784 0.714358929636973 0.647532576381375 0.589943070090396 0.89496221673294 0.436843502129335 0.492650988568043 0.55939971381742 0.752162347188887 0.923809196153976 0.985267899707535 0.664164080239636 0.567139146197887 0.604516252518107 0.904436017960638 0.997756300943203 0.588522079880607 0.832298731415307 0.85774809375956 0.998857666374428
0.158739738125716 0.517568316363921 0.453613987938578 0.502819072122923 0.814139054670369 0.386591598242028 0.14954489386057 0.348059780699749 0.722492632989782 0.477755036089722 0.0313291664905041 0.98823964770132 0.154452259820417 0.0693344522746067 0.376470106038956 0.988041949433256 0.22106444659705 0.484200172883508 0.000667471842974855 0.00261794939910702
0.0542290184786445 0.599320757829477 0.502889591757904 0.439878441261596 0.0553563878318719 0.334340045678982 0.0343478626922005 0.352808694384298 0.71394259897462 0.21687106035293 0.476311926871489 0.777670483746562 0.0562486452664549 0.047925109873001 0.59134538589819 0.948670159147803 0.447055647343517 0.327540066942455 0.0334964861320821 0.97753928506023
0.444827470094301 0.603480994724375 0.557347107131894 0.641367911115116 0.83715763136522 0.543343543601481 0.292187165298749 0.891590337395138 0.92105885524599 0.467305550335185 0.644111960530137 0.987424291904654 0.623535660294407 0.303089975224383 0.801756266618967 0.685189419083076 0.704633133035691 0.391690374473972 0.683220982504896 0.000794722355021259
0.0548460872409635 0.457727938403553 0.461866878219062 0.691188425224604 0.522928968894422 0.666816610611811 0.386400501912431 0.0481009636556468 0.855714930507008 0.188987432872408 0.432911551798873 0.947997243837416 0.200019009169679 0.0814907139179614 0.543731667670337 0.0112887136445446 0.520094482952977 0.440965612556872 0.117859141676745 0.00398017645006661
0.287326240025211 0.714220820946268 0.308633642126133 0.698109940917492 0.74255197699756 0.591047151309995 0.163010756300331 0.641532455321721 0.0821642893296881 0.586556574980616 0.490565061183448 0.746035374227252 0.136041485741698 0.177167244117109 0.844644786700675 0.916023904502232 0.620576407942597 0.274212114912164 0.0305954919245332 0.109143782567215
0.162392220259492 0.574768205425567 0.562971853164056 0.583295343308919 0.741221442445364 0.494017027668306 0.0451329269059414 0.725894026613527 0.507581631579982 0.412230131270579 0.372253875541499 0.946637195810271 0.344713981530209 0.193292256174724 0.633119469269451 0.107414670790305 0.544003601522011 0.597255683433889 0.360197029588456 0.00402279642140452
0.539717833922723 0.684660263626009 0.871140974592138 0.490810996908763 0.784807175942707 0.059619469392001 0.71742152137691 0.989060391316421 0.393881252287869 0.941561677383533 0.899920793823384 0.998046347444194 0.164813552385774 0.218828774428402 0.922795457555047 0.990629010537436 0.488397411320577 0.617391523545662 0.996656221204976 0.117205795194897
0.121660507315062 0.664461642100365 0.0827611786749693 0.457870799058384 0.168346584059307 0.422517847725156 0.0119592196956101 0.0634267189465262 0.143470632778429 0.0737885953666802 0.300054069691006 0.980253876906033 0.171752201210533 0.117784182851281 0.485430170492126 0.99134610765222 0.70527451506866 0.323132231796976 0.00999256784456449 0.00190881141297567
0.31659969893712 0.701525758576978 0.502439638241768 0.786536943004301 0.76690360221355 0.343772513929384 0.0293974999992352 0.591488130962655 0.984912228771245 0.474265711731565 0.77388081757681 0.991973710763309 0.327578130871293 0.17651253358342 0.784459516350894 0.96840148897831 0.842455185208216 0.706247475005372 0.0040771389717136 0.41816463002642
0.0551883837400983 0.422885090710473 0.208802274286142 0.688538112594185 0.750886328627973 0.511822357811386 0.0689657018766532 0.225879425188451 0.0865184233381992 0.257563777890919 0.0236402121790487 0.960544120741956 0.0642057150240123 0.108311784252483 0.449101847757297 0.448602468630869 0.207066796417984 0.444182883251628 0.00859929819286133 0.121530944839785
0.235687320322272 0.673176468223834 0.78188106446607 0.59529514918134 0.72736632536134 0.283409845981411 0.0389990701763876 0.935648712751518 0.371491984975341 0.879079276187026 0.880260500232674 0.399455387364868 0.380479100326361 0.207574406275326 0.88787219729702 0.999088783379277 0.632511267095684 0.533634434763553 0.949840734446018 0.939379567967213
0.488051582667081 0.662574880582285 0.824645836706728 0.596841715140983 0.952813275930741 0.923458201738302 0.0673547616783507 0.849216114098184 0.678579055559505 0.986112026775308 0.909158368269496 0.854994806720782 0.734994507708318 0.320420071531282 0.921696553926894 0.944906542108373 0.387964518463958 0.603733500626596 0.00784049676553355 0.156083104959694
0.524977997717175 0.69832024188757 0.578706804321262 0.695752660929364 0.994930894104712 0.556283664180013 0.380078985964803 0.946637884857959 0.346966937422244 0.906703713383513 0.880210342476715 0.995614987246711 0.818554227533824 0.524589632953287 0.6932802645761 0.997124732994084 0.370993515354804 0.630708269938882 0.691560631361627 0.998974485861454
0.134120363933678 0.567948765131344 0.386292757783646 0.515723467138097 0.479916143336311 0.813689820667521 0.179707777555899 0.534381751745161 0.606774469688558 0.704773793539492 0.496822139139061 0.348842261512056 0.363300921807083 0.259560154058337 0.466336210668556 0.985646118161481 0.448959125920193 0.590029351361012 0.711154042110596 0.99994883358839
0.25036845260045 0.751972475875488 0.825180240400511 0.232677136210488 0.783639075506042 0.499205565368925 0.0183310626501475 0.642271606406067 0.861126586497442 0.867098248668593 0.728115553488454 0.923555547032243 0.335719281822736 0.118207528724764 0.623156729341445 0.964479189536131 0.498569532828849 0.871146393725168 0.000513133045824972 0.998925618168365
0.50310426352322 0.7058333615161 0.885668865690805 0.788165804928508 0.814620571661475 0.458970975049101 0.157427675819655 0.801114297077376 0.664891742643637 0.666505348516516 0.897938329137454 0.992286886755506 0.498521984467594 0.300524996202284 0.981251884072929 0.970922293792234 0.606567824811491 0.83554567100296 0.0113377979421012 0.85078165530972
0.0858295825352413 0.446278258485344 0.443122464408568 0.630173027689266 0.0120584804914374 0.280943167059712 0.0201987685140289 0.0540524503432253 0.00852641320665085 0.0506721514128496 0.0139437828059268 0.140628634113197 0.167400049098888 0.0170209919177452 0.0342118875716645 0.0600237369511068 0.203020276058421 0.383761605124432 0.00462481034552885 0.00222182400393099
0.219882457163022 0.514134741518478 0.60316798057258 0.752804548228191 0.713753235025403 0.500107865315076 0.0597387012376675 0.319703935380872 0.0224264108095118 0.0974074561195279 0.558785103031706 0.706721687192135 0.150789710183258 0.0761688117144106 0.368373099494159 0.277808596850379 0.419249937645969 0.575750564104672 0.0142354621347289 0.963068439941187
0.33741503823015 0.74886218828532 0.636647690363042 0.682567842364798 0.87366907306522 0.589476379266152 0.517258148535573 0.643144075998619 0.825761440758987 0.701453564201139 0.939087121653978 0.882727325669102 0.27395479989927 0.243612099597899 0.923721701684473 0.998115018181555 0.648962250468653 0.403089018813405 0.67873573053324 0.00172152146074469
0.591662145810587 0.75862439845507 0.845098499683222 0.819839624650418 0.977263105503189 0.141894910927706 0.636449430817952 0.998346103242891 0.99412157807032 0.987796879064593 0.992675231668555 0.990549535640415 0.90683313997354 0.500419585197671 0.940857730747627 0.997982218806756 0.5523550697079 0.829281090695815 0.646942048411394 0.99999828403429
0.234811851610929 0.720841774021301 0.541792363579391 0.728444820097135 0.650833325863788 0.760165366577459 0.0808629053533403 0.723360611625143 0.264339030019068 0.905985269746184 0.939394703854294 0.994693501992532 0.554670269405902 0.241253320341056 0.584189621984465 0.994857319521026 0.387766193956326 0.631487133313931 0.450038718489013 0.999272435429269
0.186640698918687 0.58974821843039 0.635543685881299 0.495022641831095 0.713660068632584 0.46789654849511 0.183609902713412 0.00963966732699002 0.260572986945773 0.133856214947041 0.480076271067804 0.291049905106818 0.192035293740519 0.154951734803244 0.771152573360258 0.0682551245258564 0.543555444186722 0.383818400424098 0.00394734129342552 0.999846765008491
0.0432350916330276 0.467046477913837 0.0477042300830973 0.613350896033348 0.139659796834675 0.133713044566005 0.0259564541116241 0.00447547469064359 0.0431659399522172 0.041734099707924 0.0322739967084616 0.0118639282797635 0.0331313036254926 0.03086591200743 0.189182676580854 0.0610784634994175 0.589722926617486 0.232881973798431 7.99194584916988e-05 1e-06
0.0463649351836492 0.607058234245917 0.0976493440613148 0.686111507730822 0.137311959694883 0.270215113412076 0.103928264257929 0.164891825259862 0.0822916032042937 0.113575548317411 0.00795322354990141 0.342594611234471 0.117729372300178 0.0777304394105535 0.521848723781172 0.316001263637143 0.349883227901917 0.293369233978017 0.0479527624553552 7.51546824702197e-05
0.143055291772141 0.658250458992672 0.648278166402324 0.683636125386779 0.9069066311138 0.424208051612557 0.0129988666922202 0.591273950198247 0.337147414879021 0.383959415926456 0.749795722593707 0.829220578558153 0.254618141686712 0.13817653707905 0.664836083673658 0.302825482260078 0.448593825632577 0.3851974753885 0.0342676224091653 0.629072418332366
0.511434926713729 0.727333277561908 0.899532937182076 0.658846329242671 0.983246412448822 0.835428829287474 0.0842861500425103 0.943237740786313 0.968493910576181 0.994074518175299 0.78927593211681 0.999774924075005 0.475136340095249 0.408150569287432 0.900298222838858 0.999797415984068 0.638098398533493 0.814128306178972 0.951516340024291 0.755259559219819
0.515281618170348 0.672314788120271 0.850394568642312 0.906688822445937 0.902594454284283 0.106505451655021 0.277832621153881 0.864016850156389 0.684024935041633 0.795369953243566 0.763454882508249 0.974429957806812 0.490213372048084 0.125290166624692 0.837745280728107 0.998640241523537 0.609843096540708 0.387153096661943 0.887811644608218 0.999999
0.200408402052515 0.521123014401412 0.275296963557052 0.745406958253565 0.478876577510159 0.541766127965461 0.281425926329138 0.216169700600522 0.97165756173259 0.45366169889352 0.106211403456983 0.160983085519497 0.104562358496185 0.0979385802448653 0.637379243809237 0.2581998448307 0.555284729774432 0.572002321774034 0.0595533031223309 0.000406322745147891
0.124908900588784 0.466382596176144 0.3818217929876 0.569527491355305 0.86782225886841 0.247771191094543 0.0989578969992197 0.309995837523192 0.503678040771539 0.265227415630523 0.644084322711486 0.393030700695745 0.0923974467411746 0.0597263753396211 0.355415351402039 0.0237674209644985 0.517184210986326 0.749197825661188 0.000540806511568605 0.014614878439151
0.0625794358416275 0.489094266475121 0.447236862324381 0.488426033246443 0.0103774694937797 0.311889278254502 0.042512599625652 0.0398707182205817 0.17201475082503 0.0522462140706105 0.0429741921613562 0.463274655604525 0.077939124742248 0.0324945318934809 0.147641373901508 0.834670382867576 0.258679595705252 0.298293491291424 0.000828987378599907 0.999120144832788
0.583995729093534 0.689433277852005 0.921399869272402 0.591562258125061 0.979059674911964 0.563833654282254 0.431024358088484 0.981964555252457 0.998313743205271 0.968416984247093 0.985047762483453 0.999812811477633 0.789972767309136 0.479999938276453 0.849252326426679 0.997581859251766 0.459557656365398 0.824214125192362 0.996518227818745 0.946557685419559
0.460099874934912 0.721938196199183 0.937274228288173 0.76714979988111 0.998848486099835 0.337772725018519 0.377567879094649 0.989079027135389 0.988334488350812 0.846885296041381 0.771682829780849 0.94460173970953 0.797445589010397 0.462086254835981 0.788135787577299 0.999609056852087 0.546732024340018 0.494173465343601 0.949446997290346 0.00319901322416244
0.150675427391867 0.773251570336704 0.331263955962501 0.632814330463145 0.75687792619262 0.491729085036797 0.0765576781701106 0.358805054814777 0.854228581440594 0.680605941320593 0.651780163162795 0.931801839127474 0.40843724751108 0.198729512092845 0.921640819343135 0.964466476542415 0.607445763591682 0.633154484210197 0.764230483750099 0.196820478553523
0.107917985841977 0.594160117567749 0.223572692126027 0.622851692598263 0.182319173572344 0.676573232386031 0.106640352543905 0.307162998008154 0.893189046132289 0.0848228672084925 0.354762176314961 0.941556015461227 0.0809802908764062 0.0853299352703546 0.249977516900367 0.901978113309589 0.736976417655265 0.493427534550559 0.555542969512314 0.999921963998563
0.220185992200781 0.59926920967554 0.744978874025336 0.770569716462783 0.841699560923352 0.305884368264686 0.572106158173393 0.917594571001641 0.994481076578992 0.782445969270477 0.785266976691578 0.986964519517741 0.377533002678371 0.211624521901546 0.654376911745777 0.995577919004271 0.48928846107351 0.652742862468763 0.318201820481316 0.038594234518854
0.797175751873981 0.699313247998047 0.802930270278094 0.738997510365191 0.994257794983769 0.423545084096019 0.422663312465217 0.888181451933061 0.96862601050892 0.988684210847799 0.980579654244449 0.999138363344985 0.838209358449186 0.590907024667021 0.945241788113055 0.999706878915695 0.744860224119418 0.774618307468924 0.999663653841174 0.269329509448283
0.339713200927157 0.686601816990993 0.643832830593055 0.647188517574381 0.534949968863609 0.68760062285218 0.0467860048666467 0.918279534117224 0.916121058529969 0.400592285641859 0.89468238858189 0.994923874135001 0.528024673463548 0.223322106614742 0.608747622393372 0.987185520530992 0.378299480169443 0.717309178023974 0.192347044897328 0.41198428736679
0.181954233390362 0.636030959745047 0.381702661080121 0.539780306652541 0.603121188200458 0.628880381569256 0.180836858995552 0.198727955723731 0.911840200999072 0.171706784808222 0.137292947200531 0.770167157544957 0.0636199893144 0.122186906110025 0.575655112471298 0.92886335090828 0.491338505025422 0.582121521035194 0.0384886732969123 0.886355096493264
0.332391865624415 0.652671910049354 0.390710240201278 0.533431685507931 0.823781850345637 0.470066917118646 0.192691992481932 0.824714500983513 0.715271260879876 0.474518960429489 0.652923100451292 0.998579932703909 0.167647976611377 0.163628478655533 0.697262195832981 0.996214127529209 0.60031793958294 0.598796402130122 0.970618366774026 0.763810788200423
0.946173457507212 0.877695990969531 0.992704886222954 0.891847730817407 0.999919817395578 0.520401096990889 0.950248047637333 0.999804798148483 0.988697455130347 0.998486953372 0.99889925319514 0.99989170293082 0.949269162732184 0.856544647318021 0.991805877422304 0.999994925643384 0.78636329886348 0.961490985624577 0.997841240832956 0.999999
0.385018174684553 0.623430002404277 0.97198439667058 0.70176602988722 0.467939239877112 0.200308922121723 0.102960440650155 0.550083175749536 0.795988009608963 0.7736647466613 0.469677996060153 0.986670881002849 0.381739124754037 0.224508651059208 0.515997274633547 0.887863297256662 0.494880978764596 0.715390400645246 0.280285101169563 0.425842525661286
0.31558533598393 0.716393391035804 0.846873756058297 0.708342815194629 0.818620983876291 0.889986255582844 0.407077491005704 0.982336788380219 0.984828897391621 0.826720780845008 0.96897075697495 0.993240454746643 0.676811742969516 0.432941236928232 0.846622298973197 0.997876624587787 0.40157050333492 0.884373828799233 0.229761566807536 0.99999180035139
0.462279833980896 0.648447821406605 0.765132138998474 0.75979819092142 0.931985872837778 0.257818885427559 0.178265538769399 0.995429696039117 0.842602452029961 0.866887750846291 0.418569966828604 0.990959148450559 0.50892448159706 0.39847091638304 0.940689528687463 0.999165764276467 0.529419619591631 0.878056412098021 0.544052898052001 0.942302076893383
0.414435525828962 0.683472723457841 0.964985736861319 0.806014657433945 0.956566547024984 0.399820250613225 0.8301638245963 0.97231746269776 0.47886568391866 0.962399876991354 0.985409382598811 0.0222452528186418 0.628450049571793 0.385145066235305 0.834793977014228 0.999502815614471 0.854817207257732 0.746037856104265 0.086448990862896 0.159743607799178
0.0558707626657183 0.450833184770997 0.52814357182144 0.720838238568082 0.261158138232182 0.134704464735714 0.0890901349508099 0.0112036659968237 0.21146679329516 0.0206359138259577 0.0491988440282995 0.343576565234141 0.0665430233709618 0.0647272460815157 0.500216964598822 0.693803688148976 0.510435317658714 0.291505983475251 0.00275931501532302 9.11168153150829e-05
0.139529873498577 0.600471108750777 0.382499600542087 0.618228807916311 0.157685733065661 0.35799081762569 0.233285053591155 0.549222351290207 0.462618834683113 0.373833490474686 0.425709696021529 0.348879575250185 0.296793623955142 0.152717181401287 0.578028335867818 0.933469255172826 0.664639678416286 0.555435896524191 0.737144450784216 0.999974890831133
0.0999791135571373 0.501987158011401 0.141805423273052 0.6106101743929 0.328037644612922 0.300840731662484 0.0174738256356207 0.141419636258548 0.479461583211358 0.0713695391145408 0.0342044556118842 0.339979943493724 0.027403599629325 0.0237892565513625 0.62717264103975 0.925851949196458 0.381571019689386 0.325485280623585 0.89025661101348 8.79229012296996e-05
0.364372463562501 0.719245811471967 0.840582560953401 0.7416642197221 0.674839725422922 0.687786535037628 0.223230658025353 0.873156406049797 0.949648390712609 0.65708410148029 0.828568442945338 0.990528302631006 0.349245451895946 0.158681722799484 0.876549907022824 0.995899971536328 0.315297224586673 0.63927190302462 0.979294254170973 0.999619887694567
0.450559801078169 0.639851363335354 0.525968301081214 0.683730764353465 0.659231373329478 0.475585939888662 0.0609446922938433 0.374388875044678 0.281271566756623 0.507437550574861 0.407990376302656 0.975936414624918 0.268613898729775 0.185142291341298 0.773798335545722 0.718307646077364 0.590109210971595 0.53404744514918 0.00354197824074651 0.999999
0.312550999069198 0.758494273531194 0.380052666551132 0.477581123182486 0.809753306746557 0.754379246409011 0.296589830440469 0.644771226969486 0.246230953662808 0.783293474038023 0.894295500911208 0.616234526952178 0.199960196260278 0.117025091618511 0.852998410888251 0.998093265516213 0.562893643433077 0.738918663729594 0.00269533925270731 0.00208235456994731
0.0948063389515469 0.593194397979811 0.326918806350941 0.747508229190719 0.139581423036117 0.305315293485171 0.166237449992751 0.398522888131459 0.89677377892743 0.207004743239572 0.0563042486511415 0.991548298523426 0.0934858574448928 0.032861297672385 0.566898587068879 0.425326892785751 0.350968942959501 0.661830114308198 0.902597645610715 0.00363498197209253
0.202002980737339 0.612879538324554 0.605574770658186 0.415853774862074 0.638637754448246 0.357739439743978 0.0969964187461641 0.890811727417673 0.882687515189052 0.393414774576956 0.855649322637797 0.93226912742994 0.245329341640664 0.122796838750621 0.439311447377853 0.952634916784762 0.632402652964034 0.539911167404584 0.624555759419161 0.101745058090951
0.0711980935172219 0.559324919813888 0.344122242780041 0.730579081175098 0.0472526746793603 0.475544181857856 0.0323050342211219 0.0917294705801762 0.829884671072562 0.531130923332112 0.146562442821814 0.984583144843554 0.0561324594772116 0.0632932243738131 0.405294382751856 0.47752929034169 0.507320733851514 0.267848267629962 0.024238872432078 0.999673361168997
0.473741324181474 0.684976747383266 0.476221421326543 0.689146514096372 0.796068559838872 0.256758970219185 0.160682204429746 0.979223510560259 0.998929803582258 0.870500093114715 0.92628073523614 0.999243758374127 0.42045127134861 0.201311720338793 0.904893759576613 0.9797623344352 0.788855565399457 0.755991369456681 0.872783028332565 0.972140866719437
0.424296242924467 0.631444849202853 0.704567038601552 0.7477128198454 0.920584299977112 0.687537541500423 0.345128467579702 0.637961321414892 0.912905782385865 0.811575168004274 0.897820717108988 0.984415374270612 0.484490618644722 0.168752500076246 0.784091311458771 0.998763481043022 0.69933346070811 0.758468152640683 0.946337993943896 0.000325689471033021
0.232070217318821 0.726017831106178 0.380973981673906 0.565648934658091 0.908642140017646 0.564705970939399 0.343622369018114 0.624691701993691 0.845154082787726 0.407829826008885 0.324941523282239 0.798802559595292 0.344769326852729 0.119032033430839 0.959183169510481 0.505862502171904 0.590821623802721 0.612870552517954 0.384657032202892 0.110787426096902
0.264815539604811 0.664244478380855 0.286199186587537 0.777837950773308 0.935296542497982 0.638167234283235 0.164704239158957 0.627804534738431 0.160561156529051 0.652698957196523 0.264258642877348 0.967259978045174 0.378106068324167 0.210290293531816 0.704657616860656 0.987943486952244 0.537612796566519 0.521569763485654 0.344465340853664 0.939090070493547
0.0683678428469816 0.393096229916934 0.202216962164181 0.496632558850094 0.213132510043416 0.363510512223302 0.0749587596343197 0.143520062350659 0.295256307204565 0.290259054972647 0.296509512048145 0.797989732693084 0.153048793004645 0.0886649073315967 0.677566873119651 0.0662868591120983 0.450387559061964 0.446690121684337 1.01104700006719e-05 0.652785015631539
0.0576979933196697 0.643694381125601 0.211865061445516 0.535599624281531 0.797742949554823 0.468217916680503 0.14540978470195 0.634699906209106 0.928065295494127 0.274218920291215 0.0552557690377393 0.775573864222403 0.156468148435787 0.127271441357024 0.302080142865192 0.994267491937658 0.267682556953639 0.590040419660256 2.57269561979809e-06 0.042746959836342
0.0800234220562607 0.44590721427884 0.389334102286101 0.267453165811304 0.0929106450942688 0.447403685964668 0.0204694934191829 0.174343481187836 0.169992712515583 0.0706808629195499 0.0389914396047235 0.56430259654604 0.0861863202017556 0.0522087151556199 0.23060773977819 0.969640156794112 0.520165905745906 0.621683769623983 0.0062712437878399 0.00114223594592301
0.131938882676382 0.559202584517779 0.568899471474188 0.626173862125376 0.420337659609526 0.638920601259788 0.0245499441620427 0.456693167234228 0.913864127856874 0.150198659148428 0.0374337835672846 0.963120775612607 0.126239717576076 0.108401210599047 0.757217170176732 0.334777595681463 0.325809615224561 0.553303203176874 0.0359765470000214 0.947167972343865
0.373194339351181 0.688487702130523 0.473146110469143 0.708749985944583 0.983094137723844 0.394058470835839 0.119195700240342 0.924599740627548 0.842012880345179 0.349806849483775 0.483854318687317 0.996133413153426 0.5448971154731 0.279613605157542 0.742163373344058 0.979991774782989 0.310570247767011 0.535190574999045 0.0232299526099149 0.999962598414421
0.766143203155991 0.761428401127183 0.814682362737003 0.717661756366596 0.99486652982121 0.592259974696874 0.511986354497146 0.998421295777819 0.997361339697644 0.951503345333278 0.989769608115084 0.99883657154328 0.779771245343571 0.540761289743438 0.867683545262489 0.999028363247437 0.7732326756199 0.679734720340828 0.41609654776063 0.978002765446451
0.0426721227372663 0.419018393492824 0.387963807784059 0.681076971465767 0.155082691211089 0.492731935377347 0.0230448776066834 0.0839091587648154 0.193935604881185 0.116696192521838 0.247194887850593 0.992777100063507 0.0867762899679977 0.0384008298258625 0.510918916791787 0.956063986231189 0.394683661983903 0.215514016959829 0.000373915810659603 0.00468117125295534
0.0298945738096936 0.414155241027847 0.116819771826501 0.426040817064863 0.17278870088328 0.185304980156225 0.175544602101493 0.0362926461785651 0.226179091807591 0.0309811760799663 0.0177787267214353 0.0972752848202262 0.0314978368357001 0.0328968030364374 0.562030547946353 0.119129480411717 0.378358644082069 0.402531959067066 0.00128505609433995 0.999234412937497
0.589703345430089 0.689466432123723 0.825820275653358 0.667620347648783 0.904477780726839 0.53459948592544 0.712146464572564 0.633110296055423 0.967183515839579 0.782104857561001 0.59964951462535 0.988327182939378 0.682412038838305 0.252379750259991 0.7606763035894 0.981436030020071 0.563467731795886 0.81662132548122 0.983651938230956 0.999999
0.53941474514041 0.667865100863586 0.746354931985128 0.69936637004407 0.979456411774622 0.427823659145446 0.738408781971056 0.860153627351459 0.830090220683061 0.84253449806609 0.807124565311079 0.42486118979805 0.804647717357109 0.487281373345852 0.909984482601412 0.996522200247231 0.434897336033702 0.574560272104189 0.00869489244169803 0.989696694757886
0.0146100639175562 0.41820846620106 0.0893633898820346 0.630529815095508 0.0108925641127937 0.0976616047530023 0.00113625818889749 0.0182764244853804 0.00326971539689679 0.0097002001894934 0.00163363272072217 0.0724953086564229 0.0366760552847127 0.0306921435503376 0.42537470681546 0.0304078546384839 0.0943405971706977 0.125875726467056 0.00753740091709 0.00400382256707959
0.0395899624793482 0.346711913985906 0.311028874632573 0.392263768164074 0.255235296509651 0.221233894515083 0.00493206606850858 0.0670314083886007 0.000518442331668565 0.0129106568607471 0.00494117833718569 0.221572354144646 0.0455538290677895 0.0410966891845637 0.641224829631709 0.486528667810284 0.231606532946025 0.165662982043828 0.000459301576653203 0.132394906571585
0.166040222462903 0.520056431282447 0.297760459660606 0.672271598667518 0.900992197350685 0.200600162792265 0.0551687053841776 0.876805308416913 0.499954745360254 0.132363103641635 0.041471098453449 0.912289428862775 0.135686755126184 0.0719486187871745 0.398531038420232 0.153571623711306 0.67620283727712 0.742259351496994 0.527725661950797 8.22389412284484e-06
0.0839882548257177 0.585160905277764 0.600002643451479 0.770048311364 0.128666067892855 0.490273041877013 0.0293955709416446 0.661052701903703 0.0960986161885181 0.397609292635958 0.20726745198246 0.801391860104384 0.139416589468841 0.197578466496755 0.560483391536119 0.960069302184812 0.556307156732842 0.659199569363082 0.00476789865202787 0.134711144802121
0.0571009922719285 0.567290175178522 0.700611797481255 0.64660840224284 0.0138551806199358 0.197242644645626 0.0686233852133237 0.957637652502389 0.439166799462085 0.497568921730032 0.759567636262453 0.957124339352838 0.138401520492775 0.117438564922728 0.651207507287927 0.931475984708545 0.344354460976466 0.429248300279836 0.803909061493369 0.163548270445406
0.656393117494009 0.74498987713936 0.577147197303384 0.76831991320768 0.590100023079081 0.481610793384568 0.500363041846382 0.997772939299235 0.958204602336112 0.858126549352625 0.780898608374768 0.998819046648346 0.622586310107895 0.394059478639349 0.862697753051391 0.999884507677547 0.615962776679937 0.518822029980597 0.627563235275058 0.000977008753231131
0.228407125110944 0.646103158644092 0.869137957589112 0.508813625003292 0.76748223496809 0.210755439965488 0.144645975259115 0.556916792822195 0.199091388085416 0.555266729782483 0.443269513548497 0.965053141952631 0.246523654129128 0.259279977100713 0.819622327785816 0.903734913796584 0.498910697601669 0.630263158206809 0.120795297159964 0.225108083968917
0.274565635936518 0.643392207719866 0.653599367966153 0.708228411111342 0.986129057002169 0.73947507399164 0.0246367279324988 0.797237418297351 0.0622126197216553 0.736391092616758 0.927082196323502 0.947185903690189 0.50067607514398 0.29221850850321 0.740460462703942 0.999089296358623 0.572340735959953 0.765760285973065 0.0184597173389516 0.881323520661353
0.17122866358166 0.655894569729123 0.309305235327069 0.607001795224795 0.885070232758832 0.511397176700453 0.0856984825808592 0.848363899940652 0.88822039469921 0.836200952110683 0.642786672000693 0.965039791702917 0.440165786003361 0.188216978237263 0.873058752909995 0.159556915867205 0.651240614304916 0.704423648705367 0.0331643767381763 0.386560686999406
0.489081574510551 0.655645523818404 0.876299460913056 0.694427216744285 0.866689168321586 0.174039135550279 0.140728765215673 0.970477266286946 0.884401332013502 0.324185130370746 0.938948027031424 0.953625522311675 0.282206881262514 0.112190653337239 0.420939112984921 0.965383552430051 0.639453639519193 0.287132901230603 0.0417726104860482 0.806857233068072
0.484535583958372 0.633449179695915 0.661572181923378 0.659221178712327 0.952748079635856 0.250649024396232 0.415542073443171 0.73384698639776 0.632611592529962 0.615778369698798 0.921490690752103 0.735267421534898 0.302230973860752 0.364904533382062 0.885586663304676 0.514691385382889 0.478021459267261 0.426204257310553 0.994293647188685 0.999999
0.225658890761444 0.698469445754009 0.370241914138006 0.264473494857707 0.569336812969048 0.362719673692307 0.219240276207626 0.834600688212665 0.0776978043241933 0.321593990627308 0.782960365012238 0.650483952295522 0.219091981496328 0.132636189051035 0.695989931394799 0.984612985940628 0.575738718308782 0.736787618389797 0.368192950574357 0.0112022323126878
0.0485940021485445 0.487980037700072 0.524461338950847 0.660415694291317 0.611317057532659 0.235386361870436 0.0159289103104536 0.231298679622461 0.0450929352889763 0.0574128121051513 0.104672572385536 0.435596318735435 0.104700959061629 0.0663062449608545 0.415105450855622 0.987128356063816 0.632610499697187 0.491615574783375 0.0368749042886625 0.937536301365391
0.421762735689363 0.712935695825851 0.81315178716988 0.486688812060204 0.864234873701878 0.246114389115193 0.135980460432804 0.84814625822642 0.785995269352819 0.842979953047991 0.84691125955603 0.933632197498274 0.27841324045908 0.148171498139172 0.478477374544087 0.999678827935029 0.262473658409468 0.687684623406844 0.668488797160033 0.958015039600252
0.0448149164137098 0.499926979673956 0.521657135911938 0.568047851702774 0.0320235301676141 0.0669802927423816 0.0267835067039435 0.00692014202494759 0.000716536383983377 0.0136233501720535 0.00847583495925343 0.830083593247357 0.0912112413101857 0.0492008130856025 0.376211224062251 0.114623348764814 0.230632888025866 0.654067038915223 0.0014491126706161 0.491980948404712
0.0487571607810349 0.456517848307853 0.277242977867114 0.426327782514367 0.51040532010752 0.537822960870074 0.150739466639377 0.0201867578875598 0.0313762867536159 0.0661045436994461 0.0106985233508011 0.649697721097752 0.0833703534555763 0.0772471796619376 0.230386900933884 0.448167265846568 0.462082165648498 0.2305724196404 0.305056653681017 0.00683429376736748
0.104492241826023 0.653787763764539 0.0698187945183014 0.705418263677149 0.520215605568761 0.365438253322266 0.210173574775756 0.910371490579951 0.175404592656726 0.0707704446106593 0.250149255396768 0.982812635411672 0.0435603280141722 0.0898905920619441 0.626595957868664 0.954565526540367 0.425570312170024 0.330231948840764 0.62770141094113 0.980101730727158
0.0372788316833937 0.504925501456845 0.771987284626684 0.628727008649105 0.139882280405885 0.200699443754583 0.199735137597376 0.0813932764507929 0.29608257024639 0.121720551427983 0.0674273415998955 0.512461529408962 0.0823015951540467 0.045979716158692 0.116811871618316 0.670599532749939 0.434483409903534 0.470270199645924 0.00778899649105527 0.997157816803461
0.163063116655269 0.516845254595023 0.630211245416966 0.448472187596826 0.280208427582367 0.134570113228985 0.154408331858249 0.273053814802316 0.907894818673299 0.318052904260736 0.495415573979951 0.945293127631404 0.386487099618105 0.0916487123732801 0.430475375896712 0.999334112208319 0.63913196878523 0.463756629917802 0.920341823232426 0.000305875604423487
0.111473503180228 0.63679085198397 0.523464460606487 0.665392604132392 0.472208835631934 0.416518569786852 0.396038757679574 0.293860363155386 0.898778483750579 0.614304633305713 0.349913945932747 0.776302367366963 0.161341097197487 0.150765835104981 0.880951750305405 0.999249544601428 0.471381925242107 0.76790742399329 0.412951591968027 0.99429096766503
0.887168772418638 0.773137601818882 0.896492114948858 0.841491414113024 0.993551156404814 0.736574922734478 0.687320567317143 0.998972568136901 0.772681695677147 0.991872307747413 0.997522933646057 0.996939268297392 0.86019492074256 0.604938519259197 0.819622897230705 0.999984740481697 0.800439410269484 0.912397462877463 0.99605022876316 0.999983485442226
0.424602112999975 0.60184032168786 0.581590907703134 0.505850527895991 0.983667630678785 0.497795325417451 0.275435690180288 0.809851450454086 0.977485467360986 0.612260048553455 0.778078734559483 0.850335674162593 0.253447158289383 0.150686234334685 0.689456530870569 0.942561559785511 0.678263593439269 0.502396949903785 0.406275825385508 5.52538616707424e-06
0.420616448935702 0.84373922715544 0.79683322826138 0.761718133334244 0.992924299132937 0.606227823440977 0.379679646024834 0.930641681802984 0.95609306492115 0.924190992719465 0.839687852486362 0.999433037500288 0.789604610164206 0.432842257997119 0.952936422367724 0.998964437784792 0.341572532246724 0.601109010965079 0.0513810835324856 0.85501207925163
0.16732946407145 0.62126356701174 0.159954679937191 0.425043230291364 0.286137999925889 0.639014455012557 0.240123279725999 0.074049048385802 0.55793286163838 0.169085495799186 0.0599045810328918 0.749539771031156 0.408967167807301 0.174466622805956 0.671155508116452 0.758854119912486 0.0823595236743617 0.549704371724051 0.62396139050809 0.0727388628219342
0.338729227427616 0.635349552945172 0.747668013596792 0.234287431176983 0.912111281097304 0.589623731053531 0.194447471996865 0.394748405534561 0.919105810503818 0.759303198093659 0.261912298973553 0.952755988456358 0.390053055533924 0.342054786693437 0.20408432577789 0.407452805990642 0.571820957256273 0.578053931917048 0.0928277039246216 0.000294013237170187
0.0417979140759538 0.451521236769802 0.156829474837473 0.533178389957296 0.00929441090431953 0.0961605743020902 0.0424770581641253 0.208920485885024 0.0283935427560472 0.0478396893564919 0.0295793102660027 0.266748725575951 0.046520474306829 0.0209105902449528 0.485671170508222 0.245282831008363 0.521639325667642 0.305554749200904 0.0664722187926383 0.715051220389848
0.0693546453875905 0.506172439490064 0.45214182962899 0.68776000280666 0.924487520092778 0.704708737695654 0.0570474463401962 0.456968786723423 0.427487221693352 0.519387113968431 0.158407932916128 0.174644914538925 0.184654173324254 0.0623916803743126 0.82467257142444 0.919943284601203 0.411054246836113 0.561226121923645 0.00357560545206523 0.995959397583496
0.205942338152954 0.62085522978677 0.314979965486857 0.509685660576791 0.206446935343239 0.650911502813271 0.363027193129911 0.45835576157378 0.157918790331916 0.567443002566039 0.213398000887951 0.964522911095904 0.104005178768042 0.091344381041029 0.763259050644765 0.321381295072534 0.635145898166355 0.711604494996611 0.781408816219764 0.98799337729998
0.41659687690923 0.6789283352806 0.856649011282368 0.572869669918795 0.732044762334852 0.917277588409069 0.847180613786469 0.687278335195696 0.762830294785421 0.787252685135234 0.97239131604421 0.997421049444451 0.547318694401585 0.29592763546689 0.789015000560511 0.994192496144705 0.667623748435467 0.654497790074117 0.963176782685052 0.999972877526647
0.708852109048834 0.783965565129733 0.568183102806304 0.76864928568893 0.976140214615128 0.390393135779472 0.664668711106585 0.965474218315726 0.947612076100758 0.962103444161089 0.979632849028876 0.993844985747915 0.881994404672053 0.466153748016522 0.896202479190751 0.999095427460914 0.690536449604849 0.666844975056621 0.413036240252617 0.828405988101664
0.256805396431009 0.590561322963634 0.472115928715654 0.692805159088891 0.863490594966162 0.315846723062877 0.209239845679233 0.55626572733145 0.851997323329482 0.774987051590583 0.645411226736242 0.998316081853911 0.409023522093728 0.192012709156244 0.519734019187565 0.986141038468561 0.671745042003951 0.591726444854075 0.294757763433581 0.00777277115993113
0.223051625912606 0.572624988386916 0.105757791989942 0.684059366430117 0.8585401536404 0.523421672466264 0.0571055334368143 0.279591945446586 0.5967863112212 0.298067525398614 0.0900443545029395 0.455818616983792 0.123213861758662 0.0900640758799608 0.487089495050362 0.392790964080769 0.408652165064366 0.260433384949285 0.349626599789021 0.00116236193656103
0.164968347679893 0.515042210379004 0.393094426485501 0.70279773143505 0.623669131384658 0.124095286306772 0.22137038773217 0.352159520566951 0.0555247519766555 0.501411375501575 0.502055962948788 0.996028754475541 0.162614672544069 0.193390280709818 0.669905544996639 0.775499359989577 0.609488116211983 0.26491854862705 0.352681909370736 0.00898941088909128
0.2230268533775 0.507425945123391 0.447273539233383 0.587418483844498 0.426051146357184 0.417854491071995 0.266162730924185 0.567474144501132 0.274324655673702 0.145191675626184 0.420598143563512 0.89991801922756 0.137406433234138 0.096674190360628 0.709244054046318 0.977907205145698 0.654464284468468 0.574650031667165 0.521990328370828 0.000526602484272679
0.136239563184291 0.553080055116885 0.273104283841183 0.759220047194826 0.402228742368613 0.54931263529553 0.0623724904732984 0.59974247559243 0.0648945888446562 0.118189919925406 0.150745675063679 0.533609702204919 0.0941996952634027 0.0693018534851493 0.304316776457899 0.845339455669304 0.596995515500401 0.755892475740018 4.53213618581069e-06 0.978869999121286
0.0972437237357622 0.71749813224637 0.339188059926372 0.445906781290569 0.367041913184709 0.298020247656022 0.0748535837415077 0.752696177371643 0.955462865937335 0.822554265176032 0.556645148938681 0.991690470823476 0.279307456526535 0.157669800877096 0.684926895053727 0.102174289700381 0.614028076111267 0.294564662317695 0.963622217776143 0.965471498268879
0.470141488387466 0.623476631978264 0.5067243442576 0.750811884047845 0.828095908130159 0.351273483183651 0.135275314654818 0.571731748636746 0.525139564106571 0.436020958563581 0.0705745265112121 0.953589176862179 0.401008181842605 0.264197736436288 0.873568455404354 0.996951527471638 0.336951063358302 0.79993423740681 0.0713464663922615 0.138243355308602
0.274038542698385 0.60311061993711 0.773524408892183 0.611777040410006 0.833880048207407 0.351589346256934 0.053412648104432 0.0716365659198759 0.927843025992528 0.533027048217911 0.287902403406239 0.932424421296809 0.178387738270468 0.116718120792815 0.374193739218044 0.848421952039846 0.57502108335287 0.445526723848604 0.0406875468376364 3.6929075948675e-05
0.416012610354304 0.671015867102163 0.867422185027349 0.609663079692888 0.977029444306292 0.485772721843228 0.0620079801849725 0.732667568729808 0.0766365411994148 0.763519204422096 0.837353776820979 0.994315596287821 0.633340566966257 0.245263286964559 0.591036042186107 0.846857210538674 0.793515318539567 0.749995565359768 0.154355205149167 0.184453316374697
0.232301127534188 0.59951564656981 0.695653797352407 0.760967842854287 0.663857183389884 0.168529946305644 0.0611862334836176 0.255419826242617 0.220523535057473 0.453856886106863 0.496505220844612 0.997446344787446 0.399784342913757 0.229528115772097 0.658968788537456 0.39739364197342 0.465563441923209 0.545199313758318 0.981328152437112 0.0378757845929836
0.561641508270507 0.715491669875638 0.427506660419734 0.794999610461392 0.863637501431407 0.198953235067117 0.19337642221421 0.590403426084591 0.982260088668496 0.748703241712386 0.157581808932114 0.961333642997348 0.3110101059483 0.177229045782305 0.894871488885344 0.990415757885548 0.721976494688328 0.807308221965088 0.0321676973596424 0.00557619647909299
0.117700678746508 0.745329460684674 0.494600710346348 0.798889701782618 0.719962291378073 0.292984270762084 0.540235426002181 0.393061881606341 0.883060187887629 0.785778607634421 0.955799309135641 0.991392543749522 0.445157348055932 0.261217814665692 0.436901531080521 0.976154415400381 0.483591178245438 0.541822930102854 0.896704647773861 0.834568808231851
0.894451845906563 0.801972724609009 0.989375778574032 0.76260494131179 0.996798142560158 0.163816101014351 0.567080856643673 0.980474764969785 0.999683721283884 0.960359891865163 0.998506423123145 0.999902442978274 0.844544002444673 0.377332168705293 0.959870769154255 0.999995430687204 0.742246519304917 0.916045602991855 0.949530723117584 0.992086284543881
0.352033970191748 0.797029500230901 0.899186341536641 0.601699955008411 0.996659182080859 0.554511139335798 0.175575413611675 0.762977331257154 0.777321918499465 0.854225245263232 0.924720949679064 0.999521630618704 0.506118061829636 0.153079790868613 0.915166558485389 0.999512468368487 0.526163283106272 0.643757907900689 0.948263011178536 0.0115338119771736
0.0454348623701684 0.384520130854223 0.187613250118123 0.526187394799435 0.0890981156339226 0.189996842476398 0.022697627788401 0.00750216464545663 0.0960292853713039 0.0596023836900788 0.0798991115369721 0.997783230297875 0.0454882966559863 0.0414439273474168 0.275129722617454 0.409092329191018 0.223739992665564 0.529095087069758 0.0241371074253814 1e-06
0.0896707436060924 0.552646632561411 0.512017682544795 0.714672778660544 0.746973875115315 0.486879234477556 0.332532721889343 0.0814829772300598 0.0413276928656494 0.264503787119146 0.0585389438636812 0.946189241538499 0.122034807742085 0.0724239568764408 0.502959203278888 0.378574522802626 0.525019724435491 0.670453992017606 0.405608297158148 0.00596712496341453
0.212683730135482 0.555753761756108 0.92019567898057 0.759866465015759 0.811955543889883 0.274287437560839 0.0122851251959251 0.447130940257202 0.506460774038783 0.283043709024289 0.769099318105011 0.947175106492393 0.228282926194772 0.120123854839724 0.840595716410878 0.998127893426156 0.620581710565281 0.537702257679219 0.323569448200388 0.0221429766224484
0.36078816146218 0.567664007266327 0.423570015851094 0.72516649393343 0.943834273863275 0.416193178273989 0.0734092218131007 0.0814319602844456 0.0243175835360652 0.332270352854365 0.174054955554538 0.960034373039281 0.207927496091106 0.15803179595555 0.704835057464452 0.716920934954183 0.369505427461457 0.56065368521308 0.295567344569215 0.743456646850733
0.0778137365275003 0.31711891254218 0.354616613784375 0.464967764825465 0.415862125116055 0.483634799690581 0.286045648904512 0.200386238729469 0.255947719436424 0.187830536276962 0.0157725352520952 0.8883067284452 0.121187243209583 0.0322835137084718 0.241458147277035 0.975509812417377 0.339046110654036 0.473795741219056 0.0176158903428629 0.00278020204317928
0.0295605523742288 0.538468590015936 0.0517204809279707 0.377923331762851 0.22108822747017 0.515191692023834 0.00850192318213881 0.0242106788127391 0.0348378881484271 0.0932462782380249 0.0132743964441669 0.824051487868901 0.0106943400995736 0.0393136355649691 0.0415426491535164 0.214096493001067 0.224188340137111 0.124473649499512 0.00621805666795161 0.999959199968862
0.891397831041772 0.802354164597047 0.990897787486748 0.623541452782005 0.993959941194371 0.311033645617996 0.791303869283015 0.995855625196015 0.978737762485142 0.944454775238704 0.987119691039254 0.999945137839194 0.958831906974402 0.559486259919397 0.865606864898128 0.993075277456439 0.824138810228399 0.508118474368238 0.814674063466253 0.994759382622754
0.59281745019832 0.735418097275401 0.393033055719504 0.763971587160969 0.952246397035355 0.593700680071068 0.389607963636368 0.810962622337373 0.963380201431064 0.814937000143473 0.806447308508474 0.997478109562972 0.626800533691557 0.267497841357124 0.919509974566991 0.998282288640733 0.548359820837176 0.606059698505449 0.979752155195255 0.0526869537038414
0.101678156290192 0.629853473575033 0.7230541557883 0.710462102885755 0.756598863923185 0.677735199139862 0.0490661953835445 0.0580041336674799 0.355129359933045 0.186513498181181 0.0335078557950375 0.992260337101646 0.152221998138327 0.0613107331724479 0.784625619288581 0.99644514842213 0.461877085073351 0.566722237365589 0.00900043805419417 0.00820121525104984
0.504535538939172 0.726952240964742 0.299057369478622 0.746324752338853 0.866815703400183 0.25217821543645 0.484640727697856 0.900569838496391 0.584129811755509 0.799568427264561 0.892247338174135 0.754018249235334 0.494056986409393 0.331229636683803 0.889287551260629 0.995214255437762 0.422604604149275 0.594521893461947 0.474513031258382 0.99879334215889
0.272946680222918 0.561924106512157 0.203860467534031 0.523047363459249 0.681616526906246 0.367584675096337 0.119581004843266 0.725997751779394 0.513874666275476 0.162808708817063 0.150051032340579 0.621466812528703 0.0945370637804974 0.10348362690645 0.583675269836707 0.990256819169246 0.696964602160449 0.319863259667969 0.000410540173859907 0.539461678797523
0.0615158743338957 0.34990867167336 0.236674112309544 0.63418879893724 0.0202441051785286 0.57207848030742 0.000891800604212117 0.0268755638738843 0.244431453111698 0.133336783359008 0.140746901808848 0.988546267880219 0.051932130520519 0.0862716405193051 0.205567750055171 0.926442071182638 0.111743453898884 0.332943671701782 0.081866723151609 2.05708601915089e-06
0.030013804890056 0.433454910839334 0.199807968523034 0.459704601105087 0.00172407432201115 0.0555560592492924 0.0327063708639362 0.0547579864155537 0.00518501455780867 0.0666845638915944 0.0119666863213895 0.914892461692994 0.193015528189148 0.0501406900541986 0.261208491658425 0.86984996017728 0.291043449982653 0.660141740754184 0.00552024899241516 0.00679227087404925
0.0613306687326772 0.560640092661757 0.11323875243161 0.54135322050571 0.817250332744834 0.162723129615469 0.0398965306737672 0.24764277891681 0.343572702631167 0.0988997002280972 0.278305204059322 0.961586682127196 0.116927930111674 0.0351672427355981 0.364264106916235 0.978237430182969 0.387098298910694 0.710936252036267 0.00525439633694509 0.944831195112932
0.503920548870242 0.796386189486313 0.767065533099206 0.601133733070424 0.99463116949727 0.428202325973054 0.254934069065752 0.987343714326666 0.940981002310391 0.906500089519983 0.938582686099076 0.908702385849893 0.665154172811676 0.271714756219843 0.774721825674025 0.991269038136791 0.58937925245151 0.657042917614455 0.34466675052079 0.584514387201391
0.519199209387533 0.802493619628918 0.788488436961652 0.518886776589101 0.89263806914216 0.438527758797387 0.0995171369384687 0.987101395886086 0.940561818287397 0.926533021722586 0.886467728811292 0.551418949741679 0.717538057817635 0.372054113898699 0.902835449944391 0.999269847868871 0.68812482516968 0.741234715596894 0.0001460748512454 0.998046950582882
0.133750139931852 0.481028976034494 0.162146390555094 0.473902788743898 0.13578752268901 0.495590518952721 0.215224752094298 0.228414330411917 0.647629618907883 0.16192807194291 0.0258118922993755 0.517635076258592 0.0999185430175263 0.0848774829343034 0.318087121241043 0.850259200939606 0.626492113288724 0.307270759484081 0.934646181653225 8.94848003819765e-05
0.273335292413472 0.546687278663558 0.816205179581305 0.683791405727314 0.936374900342101 0.310388849791825 0.292877090158631 0.906597529419154 0.809685586441162 0.538406728336425 0.702009357631013 0.990300291661604 0.16860543630349 0.161604116506605 0.974475275867841 0.929482764311353 0.613156360229133 0.743121989138939 0.879880597112286 0.0765638541050341
0.078603393722386 0.644765006358766 0.522668721002225 0.825654325902015 0.885953265934281 0.120904598895985 0.273462755175456 0.781879159584961 0.972047426968166 0.713336642942256 0.926358078262637 0.899919313332565 0.346916727944518 0.142190691533677 0.762186615240522 0.977925882893638 0.643216708729975 0.563124861485326 0.338156978035671 0.999987984276147
0.286558922129479 0.75826641441639 0.847205619255398 0.858322418932972 0.666967115761765 0.567378443666189 0.0547040454133215 0.769381342161522 0.984254625698044 0.811629169938101 0.803323189982078 0.963217538299371 0.501567770864798 0.234988406397059 0.829586055523585 0.993945116630227 0.415133265054751 0.562609166621299 6.91439902489066e-05 0.00883495706944426
0.0628968779910636 0.643605408999303 0.576664227886188 0.767223691463599 0.337055272978797 0.195399957604366 0.171189833902423 0.8428713288096 0.835679856653162 0.453899751074615 0.260068006783243 0.8043616533344 0.180269185953442 0.11338834441596 0.566967598865245 0.873341336961871 0.571382972995856 0.548476767584147 0.106721621264739 0.0117361272975659
0.0735374718727284 0.393571353441369 0.806930542812325 0.203235294342885 0.0979056033150059 0.80713069483646 0.0129601460631209 0.0148430317186527 0.0630755141489755 0.0332642460410951 0.0300353543614327 0.314161810677859 0.0681997377826141 0.034978766401976 0.22919489735955 0.543440740055834 0.503170223227025 0.403107930438083 0.00732694944795557 0.12099128375985
0.550753058779121 0.787353682603036 0.45972422525289 0.678562716253943 0.984000100406518 0.354825577108576 0.198525086100019 0.975202262444087 0.387826188748761 0.758966053478732 0.92936227383183 0.979528030838792 0.725449440959664 0.366841836903298 0.866337236092335 0.694365256838322 0.778694091845794 0.571754051406525 0.0625293623036525 0.999988382142329
0.0228071967865029 0.515337845488955 0.0545774077158793 0.25736674917508 0.0770400152734963 0.189126969916734 0.0911011709706509 0.146651153095347 0.648655436592488 0.0181751859596099 0.176967849119324 0.0771938717209443 0.010751480179581 0.0332590376474747 0.284696442251009 0.115884886756451 0.415960870296995 0.0916750952715259 0.00438717555229017 0.00918057988593266
0.37612288022012 0.730981032036148 0.830185189529296 0.672668987117153 0.988056847656386 0.808019073243593 0.262635381683175 0.942911574976473 0.754942750455259 0.745000430275602 0.967666336941211 0.969877336253038 0.354632054762701 0.268276921174157 0.894422939302929 0.971545842017021 0.84040917645433 0.623424572790512 0.98589456666071 0.973450454438106
0.269164710024127 0.678905666662409 0.685470459956606 0.658971342712223 0.942731583702436 0.261865108097883 0.0582217639810574 0.731665282827529 0.957865496142173 0.538577974905421 0.73722644663995 0.999497783283296 0.332939411483472 0.0816632712856214 0.643074423570461 0.990396952677992 0.541879254519485 0.725693200122153 0.00172136825661624 0.407251737917561
0.0444883441739155 0.48723570257043 0.106932363277688 0.647899825344873 0.188897303718657 0.765085524964544 0.0374017224540339 0.0788901456490427 0.0855240621758379 0.0813183922920619 0.0578819445031203 0.102951527937415 0.0567009035100182 0.0547595947681545 0.144428066696012 0.849638606917485 0.369405692350122 0.364631677175136 0.000224885828890334 0.986275374670249
0.500395416219146 0.56503455618281 0.580942669652162 0.825049466097192 0.857578032999446 0.256018394707676 0.54481272786078 0.824556089814368 0.223862090882085 0.96900708232249 0.915003802275836 0.979103863735922 0.391055996493748 0.275009500348403 0.917665949181683 0.99282913421961 0.534637544231182 0.559023941168668 0.106458083497553 0.644102501437174
0.482527223960182 0.673329985208841 0.605988800477531 0.748143639018529 0.974372159902078 0.455434770935187 0.264342524008329 0.950158237603698 0.866160164532575 0.530959499994178 0.767492905661635 0.984870549381773 0.407172412503431 0.161990936396933 0.782564094663258 0.999685961806296 0.352179702971826 0.789540719160189 0.971169185433973 0.947362919395692
0.0538795437081625 0.553506207890219 0.441078141957338 0.464895561064426 0.0250059653890959 0.435411460593734 0.0365654940555305 0.236703826032029 0.203868912589084 0.0864414905663168 0.052209963937077 0.741822256286019 0.0487822120594848 0.0542781505602331 0.460512965792512 0.83566624996653 0.27105472729736 0.37015263548581 0.0528404995455655 0.164652996444606
0.226348824793953 0.60119724505041 0.704033736616534 0.635066479557965 0.679795608386968 0.27069125509841 0.138766304176553 0.976603499660884 0.451738013695076 0.540399434580685 0.668745860318432 0.138663052433374 0.452591377131463 0.171349269001311 0.72195918443793 0.915700196325691 0.59569513208127 0.492174480281034 0.44562066440267 0.0648644157398647
0.235571186309484 0.617010126189625 0.752323891689163 0.643616740991125 0.532814441389064 0.447046288912361 0.367398257333193 0.181632707716556 0.89218618456008 0.498321783684305 0.618490705521134 0.959851398531224 0.357035916806531 0.232525283721678 0.8713823165119 0.995816956846334 0.368371125740535 0.479997110191569 0.00607136670148117 0.123443904207717
0.492368800760492 0.754950230942156 0.725659264574105 0.385794040008238 0.841876093349026 0.329658896320907 0.354061593364482 0.945989818131608 0.812418729671781 0.807615326399858 0.833922493645127 0.991335083297618 0.478295653613762 0.271006142496147 0.883288383435032 0.893870896935585 0.87099564931277 0.554580471679263 0.988015465086778 0.999702479501111
0.420495828362851 0.641172065593777 0.784555844662666 0.677250340849957 0.972669603088152 0.527600453745501 0.146398968032217 0.600011288638089 0.888702719207442 0.652595410653663 0.972185680581934 0.993610157192369 0.565213664029302 0.318306987676755 0.92450815604762 0.953283359132016 0.779815379584841 0.559253487415922 0.05296829471277 0.00120057148554347
0.298886463029334 0.594612344088496 0.644336595213818 0.625106868861978 0.876327481990609 0.672469570547595 0.28544617774174 0.545371902399965 0.956183501283797 0.476016725240911 0.898438164544002 0.911572347002755 0.324031034291275 0.252945065011633 0.422533437858391 0.962000603544721 0.430007087024577 0.700418241768407 0.928444956887823 0.998524511624388
0.153538445621352 0.541149051390519 0.612658506739479 0.691354369065741 0.83797444123562 0.514671907130763 0.0741765901049256 0.43631391615829 0.52987832834175 0.543551044725084 0.264629024766819 0.997845290752774 0.143483382267782 0.198129034703671 0.612196505603504 0.576501780136761 0.577078924887781 0.61425099326819 0.85524922076249 0.764983733512929
0.410242596819011 0.575716998012915 0.768880473234474 0.695862359618651 0.934914200729557 0.51957227727151 0.152514412868225 0.811697427470229 0.952637381272044 0.450382880582127 0.903293942767977 0.95059405419142 0.314490257955113 0.19883362997826 0.962229335005606 0.99356555986746 0.692707698376231 0.43653211328181 0.953141769332681 0.00417747426325856
0.226142759208504 0.750102336684553 0.538752056983429 0.759571381533758 0.460806919705237 0.295643425471887 0.107705362477946 0.775909057326389 0.378623876174105 0.357073114238183 0.579392762232471 0.857016303960521 0.214508194654545 0.127666184853786 0.638299941742305 0.999641330277214 0.664203659145977 0.381308060356792 0.0493150589502573 0.998540424191028
0.0834789964861608 0.509357207342942 0.301643814350109 0.352305572564382 0.276913198005271 0.625983332984202 0.0584455693315827 0.501259862938755 0.0926016080035382 0.308512465827124 0.109182261529648 0.864474805530307 0.0745655704459148 0.0413452055768319 0.615661660001228 0.395975656908998 0.449168768693556 0.262332671397087 0.000167121137560183 0.990069763315634
0.152403745631756 0.662109039545573 0.517866281828547 0.408826237083247 0.59614931437039 0.445525691464705 0.376606209099358 0.759859618944228 0.198736026125776 0.529166878974708 0.258546758531428 0.872253762115679 0.435421394988032 0.153888435922274 0.679046485711344 0.88195605108348 0.783114309098291 0.508360853781047 8.06118512366045e-05 0.995044805430874
0.219415229860609 0.611166188265247 0.668805726793832 0.804217058906183 0.163435845015727 0.760105890003041 0.705222228735448 0.871957357477254 0.652011453004351 0.370867348427512 0.540423898761307 0.996704962906934 0.243602598642514 0.1411281076138 0.508701388653685 0.871767229520973 0.745204499770945 0.462224583565744 0.0457912684927016 0.861395687209009
0.129862972534638 0.534949717909031 0.878487438642269 0.769882033971827 0.91550592569917 0.0978941727057792 0.0323501676499345 0.689716543843673 0.804631671160956 0.130152233425343 0.148858384199119 0.801191151706645 0.286403248182128 0.191624655464829 0.593396045985892 0.999273486542188 0.429613087593678 0.502892938494876 0.00878350473293263 0.993041427852734
0.433603365981506 0.672687043339018 0.512352971689074 0.536980102126329 0.993561216506208 0.57232783041942 0.460782545417461 0.889124749827632 0.75378742573928 0.860927303955223 0.542568625254734 0.98403314118523 0.225601388139041 0.206894912107917 0.914533489868548 0.99989060449429 0.523554533299173 0.729766285051704 0.0842848296765424 0.0193735697576517
0.181781758826059 0.625107251735914 0.326895621080713 0.769745785063742 0.592168531695938 0.447616895970731 0.0450107874039227 0.736507867623802 0.571655982660385 0.155311790266292 0.0807006393151804 0.999839491814775 0.05700538314692 0.0839102280828711 0.266915269612542 0.872535711258231 0.509217328320307 0.769605408626056 0.918959050396278 0.23141355854391
0.0699585397004437 0.533757740595369 0.379540178609704 0.476292550034461 0.538160045992285 0.418131823499416 0.0309691599178032 0.906528852600669 0.909594173066059 0.0636388259051184 0.436054159623528 0.633264715913145 0.160297326809674 0.0643816210798414 0.759640090646864 0.973571399749602 0.420063479084616 0.400084446565916 7.40461645832883e-05 0.648383987548527
0.132421164479307 0.665446671345571 0.265119280645146 0.696755827507231 0.693743898474527 0.347522338853352 0.043454774510025 0.55782829785006 0.172558202188714 0.415891162225971 0.947195709695771 0.976550463633428 0.337476956177062 0.0973556917433083 0.628193499967841 0.996833451226769 0.627465195842791 0.573186509480413 0.205255184510128 0.999185028619736
0.521521949141546 0.625636149675795 0.827557175424635 0.600631617606625 0.876848973388274 0.354617136987141 0.403885751408763 0.950365851796238 0.162807985876592 0.534094957242237 0.522102801088537 0.99917354400987 0.545177176086774 0.412138139754688 0.652730892019592 0.991035514983671 0.795649480588651 0.802096226899489 0.997600520239758 0.908516515219101
0.38207079995635 0.676560114408298 0.653464080498541 0.720052600621559 0.954009352546536 0.694921631861755 0.695924406559308 0.567507527185496 0.979731149837337 0.886195522079597 0.994646779889578 0.997851724363983 0.335308159893554 0.344921063641574 0.73000981434314 0.999342469887081 0.663182860797883 0.578697228531955 0.0808530054451747 0.99853933841203
0.226121638735301 0.715206077588436 0.612315440895989 0.709897432937641 0.959879408910897 0.276410661255843 0.0489708367492052 0.943795836518386 0.8248946401036 0.652582358806153 0.410487363241902 0.837245917255333 0.260209036266779 0.102138865128679 0.840154679694249 0.983060484207787 0.583722879283363 0.566249164101157 0.783349855747787 0.999995027694465
0.484992614937298 0.702242983503252 0.957969033450159 0.427796075967159 0.95330000686014 0.336774285504257 0.632830228393725 0.949039246946015 0.0393909371320827 0.891849905150002 0.774930834467425 0.999528453637644 0.458663082551865 0.195371985484042 0.854775127725606 0.990489817344745 0.759866389875584 0.844293566204213 0.997000098402141 0.00854955083732646
0.230618517035706 0.622575902336261 0.421647450369717 0.545202839706266 0.172644228996188 0.366323431894815 0.125698694286169 0.568396519548642 0.583991017096955 0.481829502972655 0.133950957863272 0.927069360521301 0.270518535083347 0.12621315170139 0.434189812464544 0.686760504738982 0.63073578682217 0.540397705159695 0.403233768776578 0.997075922238474
0.0256432659045365 0.435389706829583 0.150776673396083 0.569039171870896 0.110201327097818 0.268522936745901 0.041132011768419 0.00938846723504577 0.41487381122669 0.0289967951481282 0.0155768924205112 0.315873507556189 0.0968832259501263 0.0222174369509989 0.233345224743814 0.585343632353238 0.322222794652218 0.142579712356709 0.00219732654764764 0.912972968490856
0.270677850337923 0.607731993366593 0.805297422483053 0.592258235625062 0.789698443867398 0.865796418614943 0.307133375308586 0.51040361653805 0.217445463953266 0.544051955086685 0.403720438700464 0.926167628879636 0.338067658142661 0.218052452911156 0.781685690903078 0.926670232180432 0.421595039213835 0.734925850520142 0.16040948551965 0.0207320240008848
0.0183344328468394 0.36779332365949 0.0672517816015216 0.385405091288214 0.170554951532552 0.271632603643741 0.00569635540333081 0.0319416947115657 0.177145611224912 0.00961172124355793 0.00571533336140724 0.01914548002613 0.0390785820552261 0.0205044321402752 0.0775706308281549 0.036020125615658 0.227781718435324 0.357775064107817 0.00644556913934311 1.23446282350414e-05
0.333206836163044 0.624919842622086 0.485603962758372 0.346342401295793 0.499267285658631 0.332191208029484 0.237725452112306 0.846957181519212 0.748188792410926 0.22356160651158 0.658617590381158 0.839118599057097 0.266955771571954 0.134304365340856 0.76732642407483 0.998824046566837 0.370954189004078 0.332400925250045 0.597076654610771 0.00135495389629264
0.678948947347281 0.711067914921627 0.945862449760452 0.901661500887681 0.988153307721686 0.890723634395368 0.744528070689657 0.998620933797778 0.98948853656327 0.833901857992104 0.986339592717878 0.999973316540895 0.865105467209566 0.442390971138503 0.600138963477556 0.988513803876992 0.696266341262884 0.700838386496087 0.966626388012413 0.999998716409725
0.0319263537860352 0.380329926564411 0.242165203746522 0.37826377938203 0.619378561324982 0.531419853317944 0.0385175965362207 0.0208506947490655 0.0542423715451344 0.0388199544971781 0.0606512180355339 0.641531709220649 0.0138298444075157 0.0197294308615363 0.260023613071206 0.0365887510918218 0.41895960935539 0.135423146533234 0.000313296429065002 0.932206616894148
0.0394632882771197 0.441694325138054 0.0415374372113992 0.50450990572805 0.248074153633572 0.453772375322124 0.0231187497055253 0.0138078357884356 0.0470459693371925 0.0595790450313049 0.0350812026518536 0.813315181274081 0.0320234361177033 0.045190260273715 0.264089270816143 0.94799033167606 0.398558311763547 0.615655937507283 0.256811903046128 0.0036544875229328
0.112968745716846 0.614198572260757 0.840315502889211 0.553281527168989 0.627599638680943 0.177853396234503 0.402027739265225 0.624669900954104 0.548930995380111 0.562319974589983 0.156429943901489 0.518699649798966 0.269581218029031 0.145446540801325 0.59177567740504 0.970261969156868 0.351695340894895 0.482349227145547 0.0188587983122062 0.0161067724421558
0.171758547911778 0.61841560987358 0.47496715803847 0.543222824454467 0.856782787914067 0.457760584542663 0.0622129593512945 0.660374455856062 0.550574326323437 0.304929719738735 0.245524401191375 0.904291977835255 0.368114635628993 0.207976123220009 0.790970384815882 0.982480471669826 0.198145894355779 0.708726656692069 0.97944006956963 0.998492531171709
0.156849044456876 0.640274353470585 0.485300287343 0.475992084985781 0.496077735820103 0.393034682497609 0.0794859509621648 0.481361202476558 0.971912520542175 0.207788306379382 0.168652684793039 0.812309714988923 0.279505006880192 0.05948471634751 0.506616944755775 0.885306388027902 0.5836471437869 0.354540667457966 0.214128608324384 0.0433744202306349
0.195820314084139 0.581663150748213 0.849517654889846 0.746406815346776 0.87269759145351 0.207310477410672 0.10786691236165 0.0715288900454513 0.7060457704154 0.568516030894744 0.677259318700303 0.905841991276257 0.300477116066385 0.0741948644278618 0.46172712152542 0.92190281080128 0.316938323377094 0.290675495807035 0.89396275134959 0.899370963789083
0.125411102937355 0.675958118066866 0.378977740579616 0.750261634405199 0.342916539782861 0.61120600101186 0.0443670267368944 0.544811184819861 0.163597770676611 0.19666999570123 0.777066615277192 0.996594896738037 0.115653982435477 0.0552172939583478 0.741408374153203 0.971201320721157 0.576291113469032 0.660444035024593 0.0261364519204506 0.995263321236138
0.0531089613271757 0.533295673703604 0.178674041504666 0.682097877016775 0.0825278068803326 0.661145194526888 0.0257271014333 0.0140186373682893 0.475163771178898 0.0360069114020744 0.00676238320581379 0.88663417221531 0.111005580609557 0.0547678840989254 0.545492652556562 0.345173106283527 0.320224798393409 0.529497430096058 0.00113187467350569 4.7952791092743e-05
0.14144571270226 0.491595790101836 0.319228543645158 0.696687207632117 0.369914128313336 0.578116881077305 0.183141176473919 0.376005240700682 0.022079772990314 0.124604358171055 0.453249498163173 0.892463434560047 0.180121397189845 0.096747183695645 0.8012547989151 0.0299452196321711 0.744385404369645 0.36223213057246 0.733595972287642 1e-06
0.0961496380894278 0.559979876768527 0.793986911635302 0.661557297668925 0.326182106754768 0.256214011604603 0.0681556538001818 0.0362636072546803 0.166162501401885 0.346749258165738 0.24461971599272 0.877798106139762 0.123023720089157 0.133649889366228 0.40433893255823 0.988636993629547 0.410755412919035 0.351568899288217 0.0296432527748345 0.0618104080225302
0.0654283534360263 0.637851841983363 0.188656293672651 0.594527244553124 0.087823782766332 0.284396412874229 0.021842167317095 0.213785580124894 0.161957457760681 0.091592990586648 0.0641979648282575 0.962254090894585 0.0948005212933459 0.0995390613656772 0.491358019155429 0.862646853625008 0.368705739455347 0.562106095227762 0.950769191329849 0.242563542957296
0.0777542752478561 0.424579945949818 0.277064310623765 0.325502392013698 0.154638958256361 0.117733244357789 0.0736754704733318 0.0471957447068266 0.00122411823108375 0.0666427651000907 0.150279894051258 0.112468242859664 0.056797405647365 0.0544668501582755 0.289688131463997 0.834613558670768 0.242753520450058 0.317746937976442 0.00052383076370842 6.1990851917448e-05
0.213154510329429 0.583704421899785 0.679940342646209 0.663931715231052 0.881895553173876 0.188200960710068 0.271357370876947 0.146637615239576 0.624110224153283 0.255656842622347 0.346232681642858 0.994269444673516 0.243989464483068 0.187788730760864 0.155589063965571 0.975255173592286 0.55121185452795 0.578430267318756 0.327300024724706 0.000945256717804346
0.141117530765104 0.599705824075071 0.42378449714577 0.358903270758788 0.658821927809258 0.242298462586858 0.174905488866203 0.965581365926063 0.994349065699174 0.491106089901334 0.915271060437347 0.941495541574824 0.411230351757756 0.306766455624312 0.577784495652224 0.998557030334319 0.62481175854496 0.676275213943468 0.00699562096511197 0.761108032839382
0.276089251583906 0.718606120226128 0.904961447388187 0.626534778846806 0.984697121524308 0.30523966073506 0.20473016182597 0.924363654878253 0.970741542233321 0.478701179340516 0.811118713582363 0.90103197837579 0.464919184097818 0.216481648447987 0.718849675192818 0.999852574529805 0.526320856730739 0.629084804664505 0.890897346245276 0.00227750138099019
0.321541025354338 0.703602157866976 0.300402292299378 0.65474505484495 0.97362927942947 0.301590493363352 0.331793621529985 0.58498068656021 0.696470416156434 0.857998225133998 0.898158273927358 0.99973616064102 0.277494207682973 0.313790740661097 0.899369238948338 0.981165648036793 0.821155474427768 0.84815081982699 4.06451772254558e-05 0.00315450689899508
0.316859600935572 0.652217018020598 0.416882723118626 0.735823882501745 0.459136469085172 0.292841658544916 0.349246948544416 0.544895324589164 0.96884849228767 0.439107535672165 0.443410941459686 0.95564062910951 0.37533761767652 0.219937203235901 0.933409785550473 0.886077987446457 0.813838882789784 0.418759644379795 0.00173216230953837 0.465736104962766
0.482112588344849 0.706121585978629 0.96417487623872 0.813537311937932 0.897209145442935 0.636726564226686 0.741510511557523 0.985627700996218 0.333838160813238 0.951977006179423 0.978750204915332 0.989697874945072 0.630117734446552 0.318148732579066 0.909963043179105 0.996854556597488 0.751072731325713 0.739513350040776 0.639697976706292 0.999976716810348
0.209178359192867 0.533764053527281 0.551162608092684 0.506670141080575 0.0997471697403478 0.655313563375995 0.0261585904117001 0.933100294821375 0.269363971588609 0.294113536314 0.309215645453449 0.941709340000826 0.0724459256899017 0.0550655759440691 0.538396268492215 0.988160503234806 0.415536215889775 0.616664272592102 0.000312369307949301 0.000201365413771304
0.241280170130629 0.553831383679106 0.290404866491082 0.549382202636591 0.827505246078817 0.191600223902639 0.108117984381463 0.675272874997717 0.120045499523044 0.3624953401561 0.21282957299745 0.42249398706516 0.217409302963555 0.127344388801105 0.458347676993892 0.802103251802474 0.72420580941988 0.286298590407331 0.996458131978228 0.999857657571598
0.283887750490656 0.65255093612001 0.668245536937655 0.672301672306444 0.905390122488186 0.608693623573375 0.221397226412494 0.887056110321226 0.676018350531648 0.68605773857539 0.509048483169579 0.940555391369881 0.692130239950096 0.161864849196697 0.895386251257368 0.994654552532699 0.239803576803579 0.828062442151257 0.994759771224534 0.887921645896237
0.517309782642156 0.652699941224077 0.406537903568598 0.691596919313229 0.940998446317292 0.0399001875540082 0.326232104642429 0.950121464775707 0.573919737309207 0.755560127812879 0.777436898933377 0.993243734625288 0.584177866827074 0.171859730832461 0.844588048789293 0.999001888155744 0.317285012323699 0.773409929165522 0.0357032229097371 0.0106797623050321
0.316474906211302 0.667428085489969 0.15724583249732 0.655663988369535 0.917517604326677 0.150874324648637 0.14307777560838 0.757335672598807 0.834465854778271 0.56122744904015 0.385449326924766 0.988658450427476 0.209293373235243 0.188079442672229 0.916049006915219 0.999759458159432 0.799309832438864 0.566554307983216 0.42746963182587 0.967701398014605
0.347914467446862 0.679246097085924 0.812796739105984 0.767381184763339 0.975809942520794 0.303561490781462 0.603313257131756 0.892689684729777 0.824059043257321 0.796482827264647 0.978904325167189 0.987938316172245 0.491030231796545 0.259766940297301 0.642295758927373 0.988632331656515 0.678087562537629 0.633280950883772 0.347824911875834 0.396804812856466
0.557070189016168 0.758891381373753 0.722805317096119 0.871859193075657 0.756814864232583 0.364649767293819 0.291934618585397 0.959243999891902 0.99623148739401 0.941652283860244 0.808964512021942 0.998002623763833 0.641942389460125 0.197149789840758 0.822993274216783 0.579182643477278 0.813054688881726 0.584119269937427 0.422113693170621 0.406441188024317
0.118937993770281 0.519751444635622 0.314879110214862 0.793486278236491 0.410825548305415 0.648183180258968 0.0571058165526972 0.409120698050153 0.0574915366772045 0.445387172464562 0.275045656784939 0.528248340476843 0.0592584542312457 0.0670896446988905 0.644883418647383 0.799455564752621 0.360941843979077 0.409301219827615 0.321691636640628 0.128225134234048
0.134911753066977 0.623684275762015 0.438315449300529 0.46950767276122 0.59344997542802 0.296082412846036 0.0121047784641883 0.0140450384713508 0.794414473325997 0.291354188571205 0.145778984699317 0.981306877000906 0.0925411674550616 0.0608146582447505 0.536954997945987 0.846948322795567 0.401565763994913 0.368870339741225 0.276102334633688 0.000713012709792883
0.437123657903882 0.68662095594151 0.939708806245957 0.696363697249582 0.795646135702508 0.564744734527411 0.381809921159835 0.730020417423722 0.609307720270757 0.547414583535272 0.471049510689313 0.988099571014414 0.550219015544214 0.225800497499038 0.895192962187236 0.998678460767497 0.205496251191792 0.812866051889454 0.29277800854719 0.588333503803982
0.310383692799651 0.66596709090229 0.685823012572451 0.508371799934572 0.386482958081374 0.426186688123451 0.0428013604931601 0.6825658842307 0.397499261074513 0.70832115049412 0.696460078561856 0.835988039936265 0.56706003466913 0.191320810371367 0.948125974179145 0.894204688531182 0.579229093227496 0.356323286103112 0.240266917434424 0.945639254487328
0.0660065893948023 0.458568085506154 0.711909008602837 0.718241261055843 0.0367756137757807 0.260905352759437 0.0131058497859744 0.0112181397101967 0.00584876051238215 0.0587216131300912 0.309526366270326 0.450580843279117 0.0801031767245085 0.0491066020218617 0.326007952844343 0.949517311623402 0.288908777435725 0.361516144988911 0.404633567798728 0.262417535661115
0.0108377170357164 0.35967177874642 0.421860202193526 0.562081829145098 0.209273623278304 0.512468598771975 0.0205236704784421 0.0278063787359714 0.0300728725006473 0.0287326138595927 0.0135866111325434 0.221540043541851 0.053325041980868 0.0156198402627056 0.247585699426483 0.319358860039196 0.502932759069222 0.210550512912091 0.00497102172755479 0.971931584145456
0.31880076666995 0.754360363496925 0.921832957220317 0.609911395594055 0.953360817721581 0.151534214020365 0.344823394972449 0.866645992013735 0.901696250679105 0.859567707523461 0.867187822166347 0.983146983312589 0.449882428241811 0.327298420652061 0.984094541352122 0.787646806145763 0.428544520578828 0.635296751019834 0.988130987282029 0.99426439930176
0.378421546874575 0.704406785183224 0.930903874293119 0.657888274850064 0.920842003189948 0.558795212026539 0.360059066671708 0.774673106646806 0.977713970272922 0.734384847087934 0.964814152926167 0.999098765724477 0.243182892678199 0.27396830614933 0.705463554640668 0.999116133900669 0.465880689360779 0.677861489143352 0.856872233233362 0.000767483866438661
0.27758216282022 0.684119347281269 0.714579032343734 0.480264207118885 0.959253286938183 0.424184546708294 0.063267328760157 0.577319303617656 0.0903837726491562 0.897592191347989 0.810667789583101 0.944822243537183 0.223791954441114 0.268532184639945 0.779232505539036 0.998884222278657 0.217109848119426 0.736829244740009 0.00033032850738223 0.00111424042322452
0.373415191353209 0.639451755839381 0.909707889584779 0.681980305742653 0.996371204441211 0.153373130421785 0.321715327569845 0.777760035333744 0.885809297683704 0.877278980812537 0.389222746791526 0.81265857771903 0.587769464619868 0.22749530651588 0.94174134005009 0.988679464120123 0.630386965660874 0.568344110983907 0.999747303339392 0.999997290672201
0.0554276354840857 0.539430099564154 0.100360423121134 0.481582357517528 0.161365201790821 0.440525216025476 0.10981265339651 0.0307536944826704 0.218895517696928 0.130817322737902 0.364339229291702 0.58344625298591 0.357889090652285 0.0736789701686351 0.173042304008283 0.749956591057075 0.747513197442902 0.609199753354223 0.00519765942154367 0.00538120191959983
0.178717087869174 0.632236697881425 0.101565073711921 0.229871710991053 0.480140813964021 0.265169119027909 0.0632623238033029 0.865844412519076 0.74500584114501 0.137592118975039 0.0129017278422258 0.535958779552653 0.118085660144666 0.0988131554750634 0.199757949925863 0.948389111121835 0.595181998151277 0.25302809894472 0.000131503442719242 0.0199789837894499
0.453574326708949 0.73266195062476 0.819289893553553 0.733151633275805 0.830345506482285 0.500925879201166 0.178713050970387 0.856572718069026 0.377481337612825 0.792784844685755 0.845902389663977 0.997502081084032 0.317397004221997 0.224176675327548 0.864826476182905 0.979537212592776 0.48246618308627 0.81894616588203 0.483733727100188 0.999999
0.619697321799347 0.684718332446199 0.936644964191499 0.815187746107237 0.985373160926342 0.716111598995055 0.446936661484624 0.980460282822475 0.383212603968016 0.928864364637597 0.83969290662718 0.88355507888447 0.712228429309841 0.471964585184253 0.830538123165714 0.999320356384602 0.49191853242626 0.666840765001771 0.99536022748937 3.9074735817789e-05
0.109801132090751 0.505173957081915 0.683706560736867 0.788777055718161 0.653759806886429 0.378442026123424 0.0293727569587679 0.396579278252962 0.373855596376204 0.293866374792034 0.751548046713953 0.996876854565781 0.360273728960584 0.283988211349167 0.512554871152644 0.089865529949776 0.391973247509446 0.482825827811217 0.115068941014137 0.987384912232624
0.359325340497255 0.61998178470661 0.946566636181104 0.497958152037096 0.950584235789241 0.375892536365658 0.361931710181067 0.650444388835961 0.811968505607445 0.417604765740401 0.594376701412019 0.997118323381155 0.43202922187049 0.140396049440453 0.616646005769713 0.903141258197637 0.306598359563705 0.758869952292795 0.0112838558275544 0.244585681233445
0.0299281362377945 0.384564617318516 0.190647154724335 0.748647513948878 0.0356585809619144 0.203858546020874 0.0096765092283645 0.0165186855740314 0.0742308517497214 0.0117559528516908 0.00146227514152803 0.807171610970851 0.0349663306573812 0.0231248981571005 0.119185273750182 0.00818835477486068 0.362120731038921 0.103471693015223 0.0934136103443513 3.11170998767601e-05
0.0314041311248004 0.293221823873038 0.470873765977543 0.436086820242041 0.103107561400918 0.164319899788511 0.0101041793374086 0.175124377212342 0.0401786666600658 0.0225735148812528 0.00829098437836489 0.431541709202102 0.019778645899012 0.0235936327909984 0.0726745203321805 0.293131134908695 0.197115400059938 0.393172946889875 4.09927188665568e-06 1.24775272954953e-05
0.0683276986915619 0.600167754978594 0.273614313222901 0.505699222236288 0.0275256461756728 0.181468051923908 0.0716494656766071 0.0456819521190744 0.0670199802999983 0.0538907269874787 0.0102254793902406 0.0874717689753413 0.14684940715035 0.0434899788607496 0.62564912893262 0.987522840323771 0.324774131947956 0.786634320170362 0.00277247603015264 0.00145666830081209
0.0723258968744998 0.555362742013857 0.509947347598018 0.539063070163349 0.744413515430025 0.551736287960949 0.09883545825232 0.496111753942036 0.901642487008764 0.482196106442191 0.17543519543546 0.755465498936872 0.104160798702519 0.151846339006949 0.910886723206039 0.862090176347101 0.689474512714328 0.433937310271541 0.0147026516620173 0.00333611264714309
0.205856323721148 0.63144707503588 0.479708652801222 0.763123553880035 0.7544544190949 0.301764899264995 0.0770747146872386 0.771573233069496 0.84981574236036 0.733008964471091 0.151373463264206 0.823387697366976 0.337290796461157 0.118158362080303 0.722063234715214 0.983884278480729 0.453215165279977 0.460598546999527 0.875637476818518 0.00590242615343606
0.172111524417579 0.614065950652233 0.438986805114113 0.535126463719219 0.547833623578653 0.798492072866612 0.135869001444944 0.714401822406625 0.1991336083537 0.44638612042018 0.865741300813308 0.540750029721712 0.258772365715721 0.169092736741121 0.723987589570342 0.986642832699854 0.759969597109719 0.637276425533421 0.056141068454358 0.309677260187097
0.173985839084112 0.512619735682067 0.43951694738837 0.558708384326505 0.242911488151976 0.400455529573003 0.263455307364951 0.157630810582592 0.555848902451335 0.230958072705629 0.25287156588524 0.473747112630017 0.183940643503526 0.0979853991243307 0.696765615832717 0.82274372233186 0.46964185430584 0.281546416402391 0.034172871620621 0.994425467966446
0.246644199822205 0.710741915160856 0.627297900684229 0.758822680070519 0.940340872263632 0.6387174655228 0.121453949086829 0.785201944400757 0.479202854533517 0.509087790923386 0.939315729291971 0.932093797680991 0.10187770930715 0.244624862466052 0.873348918325308 0.998788176154786 0.294349644885305 0.791079745315205 0.182638841224216 0.183850907286195
0.163321356869254 0.568349716193182 0.844424373661057 0.568463939958962 0.849902887328403 0.249584391456772 0.0416705845969365 0.513084746286251 0.438924778821342 0.714749770684926 0.627363586120345 0.988520863873755 0.296963299611569 0.152410735167019 0.910093976777386 0.997787260620081 0.438547675075906 0.747472889689926 3.41298844050994e-05 0.718964804179608
0.158011301592839 0.477986717820802 0.168563423219644 0.824094842413196 0.619743329728781 0.346671995461843 0.35738829449157 0.134823560944279 0.529210125417989 0.144133002905067 0.377265349702814 0.993096391548434 0.11049024047229 0.119173726925102 0.626126514967271 0.999521744552289 0.389695554854811 0.678844031383321 0.0137148437489533 0.771724767076234
0.100873411135645 0.541256276233242 0.204487198199533 0.365705195279745 0.0799749653732304 0.400421395068798 0.248467082516358 0.0883985207364287 0.00307502671018972 0.165013587866309 0.160093962604637 0.270571093358951 0.0408797423085396 0.096001797243167 0.738562341709843 0.970709096846092 0.530439590006586 0.589726587429732 0.0379520613561202 0.237566216743584
0.468197670704242 0.713908173619026 0.434928564297938 0.548652403428899 0.804501793810797 0.554616475312687 0.568762298979405 0.810580376057833 0.57029550480934 0.530349990900232 0.56036384367752 0.975819116300774 0.398444085810081 0.271921863778731 0.55255980175956 0.994364724915474 0.748694387035516 0.819710445751189 0.626503813099832 0.999999
0.652962595016438 0.738370869992292 0.874980558333534 0.783915325926847 0.972593949769457 0.329553976795875 0.903386303580208 0.822679227476888 0.964718151560349 0.956262479995412 0.991837145717584 0.997921160215325 0.882483449781133 0.439210082574949 0.958460370216809 0.996406006105135 0.592294320144487 0.836056183962364 0.0210329905314599 0.906837686511197
0.0368397495551155 0.345135680630816 0.158367511272559 0.369819216761545 0.127492813180195 0.225203760465769 0.00749457975226398 0.114983340655887 0.300775395564583 0.0187517288930244 0.0111646193199188 0.238572268270459 0.0551090273341148 0.0260769522140143 0.546022980804066 0.175747793603249 0.569327682667714 0.109000894049034 0.119475918085369 0.0844629668542528
0.340874950926152 0.652307937390192 0.899660661947474 0.640964358212757 0.857515835987706 0.107237443095203 0.369815583229902 0.686819731625222 0.62139205359064 0.276071340916899 0.88551337462168 0.819064076305668 0.37807259284462 0.200059704380676 0.643113504111 0.349564742459735 0.507303823991741 0.84322788188664 0.580465434914197 0.00507243493494576
0.435858992384911 0.663828702321031 0.867233852622698 0.607367367016759 0.949189783116873 0.659843616731522 0.408699172557825 0.793961073019511 0.99962919959569 0.785460986829212 0.775004335732826 0.997330852045368 0.5914977752734 0.227198686885724 0.700265233537971 0.994517091983818 0.50865465092121 0.466760606137932 0.340313168564676 0.361828009501537
0.100465106794478 0.6291391801321 0.178284482219855 0.596733751973021 0.0842559000560981 0.391250002007622 0.0700626714818563 0.764198496961834 0.41511879764668 0.254386175313901 0.204358349686954 0.479172414280019 0.0556505933793738 0.066779862972293 0.0790566353108568 0.430607537425408 0.354635084799845 0.273086345295527 0.00284847276710225 0.87767114347027
0.293487133061366 0.69877436539856 0.862090217936743 0.539889683137763 0.64181690948963 0.275657928042005 0.113474052236774 0.740517623641318 0.792553422116239 0.728050893273466 0.954049292831119 0.992139715759066 0.471984283650087 0.162698653217263 0.54952515414253 0.999096689081565 0.888334179319644 0.334029794768014 0.110847034356228 0.422022964976885
0.0422122769548813 0.400991068127874 0.200263033662046 0.659244170880266 0.541604438241916 0.14218937847242 0.0404738970296927 0.086375935298977 0.1605454316367 0.00640683295801024 0.0378745370744664 0.994199939340042 0.0132500771605455 0.0445919473073062 0.354242705166638 0.070467753040716 0.214722772557535 0.47794903434276 5.40344300461751e-05 0.999973850345252
0.347857780406032 0.70757804488704 0.585124334792724 0.725036061889798 0.515562939368333 0.38796797793813 0.287871209502166 0.717288450917837 0.777821335530516 0.633280751251458 0.0628756959818141 0.18529253381257 0.146201524041446 0.136349330984116 0.787469367429409 0.468971228159717 0.323008765179677 0.673109753632686 0.736426045954586 0.586856424408832
0.0434806751820903 0.400054556716817 0.149646682491632 0.470299967266005 0.573795417668853 0.566769663759924 0.0392891894860025 0.0488561715543774 0.252335070163275 0.0260137836587848 0.0043490702908439 0.377689391761538 0.0547321346487704 0.0375142220845833 0.279001303992159 0.957688472552986 0.316497455318758 0.203626615234653 0.000353783133622951 7.30984236178275e-06
0.0682320085113903 0.549499184865572 0.36042914576526 0.780127392913312 0.660391826593871 0.438052402992485 0.0681969402581436 0.779360606073309 0.0269060602601642 0.187383148983595 0.29282885195183 0.974809843027885 0.159163783734465 0.139742870130528 0.714652660860095 0.998315986862292 0.273332295221548 0.482192415957971 0.0139299934996611 2.11576494764952e-06
0.774492490458167 0.731687614884539 0.866853458502833 0.691633228912888 0.968195343035706 0.257368367855766 0.463615246876995 0.950487892608816 0.993992173441416 0.971722643983549 0.967956091963769 0.998163446039856 0.780759813104827 0.580585595485338 0.902742184480181 0.998713196564043 0.485223198907378 0.719736499768631 0.969885883018008 0.993539366179129
0.101494840922725 0.610981947779244 0.0656626514505931 0.698822161694799 0.238530991594613 0.540740238514533 0.10246863633363 0.407462838491705 0.45145766137191 0.17314168481636 0.0812179390867076 0.851450683317717 0.0667833396988756 0.0736676527848657 0.662843994041463 0.0111087810328768 0.167165614699194 0.413079940637972 0.223313700804177 0.987851910339292
0.260196378695354 0.725041844147287 0.472517817708695 0.756348195940096 0.945958864475017 0.33099001859246 0.337259608992964 0.949374637093919 0.981343344088088 0.478142599714919 0.428414684604129 0.973263273715773 0.782442841833628 0.285805440564137 0.926666741212813 0.981452530228536 0.423461163419578 0.549168388619903 0.953203924114297 0.560385328151077
0.305968436241229 0.659512387212225 0.867400952831584 0.523003746815061 0.314773015840654 0.178217994170941 0.52487409306895 0.156773243331609 0.909927796377391 0.138193750359442 0.122527855124064 0.937149855272569 0.18040053235713 0.308449795961991 0.482155727305072 0.949089342734522 0.453918122334681 0.423312983181015 0.0251926682592577 0.807751971720409
0.0302397378115147 0.473518624919446 0.295370735929259 0.462136447632412 0.154300617091784 0.122736735443796 0.0147653562298776 0.0348412966989089 0.8566051101067 0.049182860222649 0.20346061218155 0.718887340033213 0.0517727263067215 0.0300990395048361 0.550215194314083 0.997064067422555 0.28375157423825 0.385963230429172 0.00115319458359171 4.25276089087553e-06
0.0664513358494522 0.461588433586073 0.404868702397099 0.38950435081234 0.583351494070027 0.496703183856956 0.0162218129699603 0.282399160665856 0.104420844797454 0.0145912084759189 0.438418709271675 0.220005263827567 0.0747617141891859 0.0446144425587569 0.187451430202552 0.996625574939431 0.303457684292039 0.259954423884735 0.00468751078010665 0.862436439785138
0.0988187078801061 0.357976131783658 0.136500554987973 0.352811782405731 0.390739178723907 0.106328685639268 0.0668080387316465 0.212697037885492 0.254796705652656 0.0807034735701561 0.0383437723167599 0.947205077810067 0.123869021212037 0.100439771449801 0.788038640227004 0.163185088873183 0.228514696004628 0.374852651421647 0.0139628592290836 0.622985118991322
0.176451264482863 0.540488928521769 0.366504493782829 0.493030346250251 0.221720774188124 0.6452519712599 0.181181771445062 0.436973150457252 0.879067529063561 0.315046091109203 0.196958416989351 0.964640728426634 0.152761708065826 0.0623142939966817 0.50435896173893 0.987203363682168 0.404634921346563 0.123132550791727 0.0577458560581675 0.596996615235913
0.13105516885623 0.62205340178629 0.609294924027268 0.60515344573619 0.485007551690625 0.303152804517061 0.132807716875291 0.313790821645244 0.894093447968662 0.301486130292033 0.246216228836144 0.995775247919774 0.139554843371774 0.272074467330881 0.927234631303918 0.839937274842289 0.257060096893021 0.420940105490785 0.0161762305365004 0.0272029865019496
0.597744113750302 0.653525607177544 0.980164145305888 0.891252507673519 0.991435648802175 0.30599685411099 0.0675093363330385 0.98493551061702 0.538401046100051 0.907941362961077 0.952132253645134 0.982140891440857 0.644067157268243 0.251010983342439 0.921150710713394 0.997639231726698 0.56452825611926 0.632765672664197 0.90438031144708 0.0102037308573042
0.021231685170439 0.469889165612089 0.0708673699686285 0.432657634280155 0.104778661515757 0.350212413355459 0.0123592959727118 0.00130494217148112 0.0820725827584307 0.00934487125006168 0.0023048104050724 0.350632410397438 0.037726371233273 0.074773916490248 0.603207918445699 0.0964691206917146 0.216783133278374 0.383551070726586 0.00144234672264373 0.0286139317919957
0.32130357431547 0.632983251956688 0.618191547049722 0.768800985691305 0.406743291297554 0.131286350708635 0.299984405180259 0.927228814033928 0.890814186157715 0.655726859939065 0.765216164308757 0.943829592788129 0.227544474501324 0.176438808984633 0.833254101014598 0.228531314130722 0.248308150872507 0.739566465751503 0.736870616325797 0.0469468340205318
0.108102027888612 0.529266348072299 0.597353582356773 0.319000722381803 0.0562364272012599 0.335259961443059 0.00235820094107102 0.0500277537839146 0.214930184495438 0.152454172455788 0.0553501686175508 0.901592434908282 0.0852309128128844 0.0407114722470684 0.30890897488445 0.545973362211528 0.270023537088866 0.299898698406051 0.00118353862308901 0.997757431442665
0.125926872515109 0.441212175789335 0.158121796827959 0.502596223864648 0.477560534066189 0.34895797633389 0.0366602419619342 0.47878795373195 0.601428768635381 0.246468038573855 0.337382426367747 0.868805153921489 0.0982770095750215 0.132754241919327 0.595910966266311 0.0365776328288365 0.352999449558832 0.357270281538334 0.429710952736962 8.05770440696149e-05
0.0419748160485571 0.58023758639172 0.077452207120624 0.544524220850401 0.0166030662717407 0.0773743401339938 0.0243107120557619 0.303767588424818 0.100135610184575 0.0954126277512258 0.105816468254626 0.963799445089985 0.0132707774492824 0.0669433905063558 0.358606345481437 0.170152622370968 0.319011639921991 0.333638015015505 0.0419346167756582 1.74600576584063e-05
0.407841193299131 0.587388258772464 0.88422448915029 0.560605819371797 0.574596911322835 0.659325844629645 0.268931746029068 0.636355929262726 0.807855590433137 0.332308141256572 0.800122819756848 0.955488387957103 0.232243306021199 0.206310883164015 0.854613598080507 0.696381830079445 0.536214347100984 0.557865743303395 0.0547982324781463 0.998144250556906
0.140845922565262 0.676302335745656 0.482325990086383 0.57420464503779 0.762408889152904 0.28852647177355 0.243963708028933 0.900645883558877 0.916110347405515 0.213578125761898 0.771857669061675 0.950032196580234 0.56955750088317 0.120249162826173 0.865879892056522 0.976463799925088 0.610153679734578 0.731162075300173 0.00420360688999776 0.00136352444688861
0.0161863973955943 0.408898372213748 0.181457959597393 0.339193165401599 0.0258976387642492 0.249469886814059 0.0276509996243237 0.247756584331522 0.00405696676622476 0.0176196990863274 0.0207696207922849 0.726311294857884 0.0320488245222885 0.0478473482563905 0.462618054899964 0.0886345568700048 0.273458243801308 0.475368442402117 0.00217050151751157 0.00178952483173747
0.231432274791537 0.503900470048328 0.303619299806328 0.44179552432987 0.567556003866382 0.444050687028381 0.498082687892218 0.225947926132481 0.646846806755026 0.329838366091171 0.472024192533354 0.740344206781919 0.192956091842297 0.0844001286016917 0.775582845277352 0.295669621021138 0.514164808948473 0.626133974337251 0.323283256132818 0.73713893874625
0.0966909701268428 0.552355126503472 0.212775098965797 0.436159950289113 0.843059537235391 0.277947274766314 0.111491019079274 0.646422013202643 0.254564603376566 0.409193382567362 0.378938431800694 0.498902451188873 0.293486118599569 0.0432001427105121 0.807653634277271 0.233088498197207 0.57266015030561 0.4973039081604 0.526010015351614 0.999974065603113
0.183349516422434 0.622185483871914 0.565556879592968 0.412821399911415 0.72746219560102 0.20351092165757 0.124303650010763 0.84208278505935 0.735376436592183 0.247940945832646 0.763294500773779 0.998145337172133 0.397388835567091 0.434275975573731 0.739035830015977 0.955727470438872 0.483130101890906 0.529772341561294 0.309138878136565 0.998105583018451
0.120951405698837 0.537942862362927 0.74977699589695 0.747742337463741 0.703612200114711 0.261476915597662 0.140783725403654 0.223559336404311 0.959256128585069 0.138828988171684 0.0306865621451081 0.96630192056868 0.0924735123616043 0.192026245943093 0.594602188058193 0.0689184175282041 0.426493397420406 0.407147171547621 0.0298644639653283 0.0542130873177862
0.0270783836037268 0.475010952139962 0.458809691839343 0.707733396886055 0.0437023320362181 0.202176896117884 0.0216477630202558 0.0755474853784974 0.0209093952256553 0.0266261201655716 0.036544929762827 0.952481076606708 0.0134051481908872 0.0357764718877369 0.332272690416805 0.815449735502125 0.508689897251062 0.314881251520801 0.00636346976697321 9.37622181403775e-05
0.604481342974121 0.679125651933307 0.724554365546121 0.688049791568695 0.641011108261247 0.347987482871766 0.73097089195296 0.980681138665446 0.299030694976063 0.913232849059716 0.885471715212449 0.999164266073619 0.594246681517798 0.241006530725408 0.850482168526864 0.999334922582461 0.367849576189763 0.70399210799976 0.00310334818354318 0.760274678020467
0.294902317675813 0.728808619175592 0.737465004568843 0.79824010376787 0.909579556985048 0.743624943011066 0.320601915444367 0.971750818248706 0.949094110471203 0.702942499421533 0.702768199829303 0.966033351337913 0.574684433924805 0.252541687252479 0.612359108467555 0.989791634197365 0.761593071503828 0.720241116617316 0.119570974565035 0.999990938999203
0.0400099984470985 0.461127356759586 0.67969561997304 0.274954214720908 0.0594058046046806 0.164698621810669 0.0642813598871473 0.437004798440693 0.0874496522643092 0.0755208522079361 0.00414765242932793 0.110811212235821 0.0203853077443376 0.0573446027085247 0.181136078343885 0.270768163546936 0.466492131684726 0.258113177942493 0.163104673084458 0.952032605815193
0.0797367640818604 0.380954932962518 0.281625315152608 0.438986857501639 0.0717185881219771 0.177877412949379 0.0482637776519875 0.0127867447998055 0.966674003475015 0.0650169601699968 0.0232169008128696 0.441887275764169 0.11150179896416 0.0355469224023512 0.0512259584606759 0.994593035283473 0.379813995160274 0.534032989312998 0.000224771407317334 0.0730371536122625
0.455873196546728 0.714027857372372 0.199822858202509 0.826908179239816 0.904586435180327 0.492453609948827 0.467712360495193 0.952075381918881 0.771429377062689 0.697037945025089 0.862003849235635 0.961785201612435 0.701403964457196 0.39106200561428 0.767518410942877 0.923919547961947 0.784426935854708 0.43563294331731 0.00500615205186675 0.0133517546175751
0.0376047530119059 0.334898506968241 0.274200101843064 0.596865165541999 0.0353392602889614 0.250162710500467 0.0192102905752973 0.0331720029076746 0.11730643673441 0.0101333214174355 0.0244560610764785 0.656913667901706 0.0170870897065547 0.0266596490730393 0.18313392805868 0.0186367143088569 0.431211418127295 0.192309817887644 0.0609624844358551 0.225263177469444
0.479844183629124 0.773315285706402 0.933924654581571 0.625285128034486 0.97815941516676 0.420339250431287 0.147486437026857 0.964490443179313 0.87781250934677 0.78540464479107 0.660706322401981 0.997830065977927 0.209264623622447 0.36950249091347 0.792951118724537 0.991857485654306 0.694159631549038 0.776034402889892 0.0832559023525976 0.00061520645101077
0.104063645170415 0.479923488333733 0.442668018806783 0.459740415885799 0.34641019037306 0.528048909171924 0.0129986645245665 0.0216694273779873 0.0135098071032081 0.305340228846444 0.0624938426283079 0.809572031642814 0.163537387181974 0.0138992106399822 0.127771308159309 0.678285536328549 0.310044498556917 0.290036196961373 0.51673917690793 0.000530527086940062
0.190721229999257 0.654163686340053 0.482950872628153 0.793867350920228 0.987227276510431 0.552460936231815 0.175356382831939 0.975178145310814 0.80436120411892 0.515297252987843 0.767799310425631 0.991628193308827 0.605921756489154 0.132959443026206 0.761435170161937 0.933382815748848 0.485328651767272 0.712395030418844 0.873856321769166 0.0031040002343755
0.31286328428665 0.58071446508969 0.34571920368836 0.695180219946068 0.96052519624336 0.250108562749289 0.0485584865399387 0.92628040464954 0.352562184660641 0.507874950154194 0.22716612049711 0.930437538518629 0.211843466441526 0.13820532244247 0.646391090936714 0.989877016032525 0.436404009885029 0.611188707261796 0.000338306077572994 0.999997645729464
0.14249815647693 0.644541316641969 0.0450512018016393 0.837644097231195 0.140244859875616 0.400860255199577 0.0414712975048828 0.282606166934139 0.239329471197936 0.168847860366777 0.178388591310044 0.946131622845215 0.1185832401024 0.0645944728433858 0.238915197654558 0.837483880340081 0.40630504450417 0.471879367471161 0.0370094913855404 0.983677882050543
0.0187505556407555 0.421005613154228 0.650111739397307 0.457421118410929 0.0240261881533532 0.61387172394498 0.0313060832789222 0.007700729578351 0.0337655947376927 0.00999884365389465 0.0355834159370863 0.104410723419595 0.0132409815651508 0.0196640270770266 0.219827419483375 0.968616181147014 0.290048275742486 0.294824932656019 0.0839839473539602 0.000560260728833038
0.162771480308489 0.597347637112606 0.45169139591953 0.560166750481393 0.490268186919499 0.830917864227929 0.0317793421293657 0.823633023104876 0.809516220697497 0.306574269356269 0.644419759643154 0.943027382565383 0.0903572814100425 0.114040520360533 0.565274777511064 0.997425431152904 0.371552983235863 0.44283714632024 0.00706825828470878 1.22326363782455e-05
0.160571362484117 0.419571990739149 0.138713197163681 0.745752037769827 0.0875066677543794 0.287541061906883 0.114123764368315 0.447251148521334 0.11975948622885 0.106439026927908 0.0808373217176099 0.913240799516684 0.0899629291404228 0.107627504474953 0.495704931225306 0.0151818922582387 0.251397990037546 0.552157577749653 1.64400941175075e-06 0.73931453565638
0.446517325269038 0.570420367537204 0.729298460831626 0.753453150767918 0.945542902212959 0.848215358619491 0.309381708026078 0.908804902135261 0.935991260602934 0.922439375968987 0.956803791690038 0.99848943858095 0.489895544627091 0.37643027658774 0.962840987036934 0.983123660432854 0.807825192201308 0.455825598851786 0.569708334905773 0.18681719040669
0.215059296844555 0.562030708119122 0.736937316436836 0.59958037809854 0.742526024144369 0.244558035617293 0.0288402705720095 0.890854516780392 0.364803091261927 0.455322335964446 0.885863530403886 0.996339753798092 0.350718622037906 0.167270813356964 0.765124320362439 0.988205212744492 0.693174443621169 0.550191566361745 0.341677365713027 0.999636709892105
0.138347235444054 0.678354056650368 0.68127222639633 0.589846266828095 0.916514026799382 0.749830675276487 0.308661142685626 0.882315038769462 0.669111220727084 0.172671135936215 0.801805084988054 0.901793949279401 0.236121976735748 0.140348146140939 0.917205670905644 0.98313004260857 0.656394985291816 0.813094026580223 0.999058739019886 0.999787203045029
0.0427057141652178 0.515554015144069 0.19091056914174 0.708156119614913 0.0435864614487484 0.224049430653279 0.411011503559064 0.172542370449532 0.00341450658948502 0.081923644630339 0.0268095157620928 0.194477748289854 0.187635164522524 0.064053246565179 0.348788820681917 0.012406703217936 0.456297649813354 0.44016098691322 4.25247810794351e-05 1e-06
0.0839917676461681 0.568356268743635 0.461572432370804 0.539761265387355 0.188188178118749 0.269696779683604 0.251641208665956 0.273819529718338 0.118371143888749 0.247204913758334 0.0536649915125542 0.94957729629408 0.0590032517122158 0.052628847212211 0.353525225308778 0.504247851236439 0.549181299881582 0.1787664914319 0.000684019309966864 0.122330557162052
0.211517505188009 0.522066317867473 0.261883715656983 0.552254512614502 0.538300476050964 0.542123846368942 0.0700860976144738 0.138383166875598 0.282476723588421 0.0340006767319097 0.0789684062423789 0.948800751806389 0.0536070825264888 0.0750169166476163 0.085787542155065 0.110338243197045 0.686173392703439 0.298370840246853 0.00188187789940862 0.00214033318033778
0.328530828410906 0.551542006740658 0.742995803067864 0.517909613163497 0.68154442461373 0.497616807427181 0.06609788405823 0.906934450274124 0.543047043762926 0.568970862098054 0.582414376186842 0.83113164020727 0.244318769882002 0.171541470744475 0.723051946197146 0.921062354861488 0.348212591331843 0.696950929227388 0.0224360124246371 0.000503924900727442
0.204513095454124 0.689317101057694 0.908192300639408 0.743824770808847 0.845990400340152 0.782595493175583 0.190517881602521 0.578515033014575 0.838879680187135 0.660157885010893 0.47656888462502 0.983471373003457 0.517706288689387 0.1378592612791 0.696215566189042 0.786190349575755 0.679828325067375 0.544784007350159 0.00388097746338602 0.995909800200436
0.260148752050142 0.68928376624625 0.792209795664636 0.571576361119948 0.73210734185996 0.498123636265469 0.263148220060247 0.84102477721159 0.51941671185072 0.850768763264043 0.660203902152726 0.875870863610196 0.615125984557549 0.181979466807946 0.679625660901807 0.963107629388753 0.610005710487775 0.594472569586605 0.743821561437264 0.000753196625133355
0.0902549155047054 0.594601679735455 0.490510469192588 0.365974171940437 0.0567375240610944 0.361456203821243 0.0138637156852966 0.624792602991344 0.830136766453408 0.274065092977801 0.197150349253176 0.225965946939944 0.0457370234926384 0.133993009680131 0.605660529399839 0.790711442956101 0.425779190582226 0.389407696890874 0.00437036303324326 0.00500924134292836
0.36894989481506 0.723332798371133 0.780537286115988 0.54817084559837 0.775457125547381 0.598309513109328 0.389418691879406 0.896554328676442 0.385890641798437 0.880732524906573 0.770922842458858 0.961339794416271 0.529330636049968 0.334744771673901 0.898087018574265 0.714613044510535 0.689991382307016 0.829546418921106 0.27538603450312 0.168656542966481
0.305431453388651 0.586097921681141 0.694713499753733 0.596304802438002 0.722618829780667 0.443484719645484 0.0502886156209816 0.436030115715242 0.375259394577485 0.290271296837052 0.527248193627741 0.879280763354807 0.339150744112317 0.105324470394528 0.870860139824891 0.907495398038952 0.533132077254886 0.821607362979677 0.000717747604876979 0.0744460446726684
0.464861929239036 0.708662563512427 0.855800285060397 0.499709891831755 0.757101868006484 0.161481944687138 0.395910068967752 0.656927410589148 0.918672010049515 0.624233824206161 0.976205507922677 0.947079284000196 0.302319717662974 0.191825470474966 0.824360205850719 0.99966347697016 0.621803833547982 0.657612635942797 0.415442215003808 0.998040746772225
0.0981313537212116 0.518556366341954 0.861429807906992 0.369381600378603 0.826618282167143 0.268870388538922 0.0853518169208498 0.372234335198735 0.854143557477559 0.21255122811848 0.100909706525923 0.991697342544259 0.204139109468753 0.104501054421318 0.816557935712915 0.69111885602786 0.38960449125056 0.77562575845986 0.391623063865817 0.000140497520455775
0.395060134365705 0.541477277009921 0.745423388911847 0.735603715464917 0.987653376309616 0.192032478332573 0.474447812751218 0.755659281104929 0.625337094629724 0.883903133867134 0.784936769683282 0.990531420303352 0.452301778240668 0.338060602774245 0.921596677680357 0.967371964691446 0.317151709141047 0.767484862250553 0.227630173882559 0.332482475952861
0.278931094916429 0.66881610067509 0.826100310758017 0.476425594612042 0.844331713201256 0.377573714056627 0.116115392301865 0.225498661465321 0.0989404493503564 0.804531836281104 0.800063318335107 0.98117138691301 0.23209400658333 0.24393980692006 0.920914710292479 0.988781346650685 0.26855107188385 0.70556853872367 0.981594535096549 0.174277596332027
0.385639478588317 0.704049684663681 0.769443972510406 0.350557354013577 0.96670162416509 0.603578518806206 0.548446685722022 0.7020137303113 0.678064375254261 0.881999691023182 0.851332627847952 0.981522060368401 0.487915169308127 0.206586043874749 0.833860051339735 0.991572366480559 0.472943039244493 0.597329680763065 0.00152580587939984 0.88526556038943
0.0782227974874369 0.569016248774742 0.200712529910786 0.518401026452935 0.0155293501114664 0.403683361485428 0.0787480739142864 0.385803523027359 0.587797830328277 0.35115596054193 0.169418308276472 0.978107726394697 0.0913483327510807 0.0422052177464081 0.250837775622671 0.992934143428137 0.505941467342336 0.256860337059773 0.673157587765433 0.191310477164011
0.669435114838416 0.708965335586396 0.932956905582893 0.674586967603712 0.960327231516362 0.623150482678297 0.890587551364266 0.970049502755553 0.849072933122904 0.907978088136677 0.978523491348332 0.999164664841135 0.931615157596649 0.524719488905741 0.908831133397631 0.999807786700111 0.556273804204176 0.78955466134125 0.0590834351301268 0.620691820368831
0.148807251685779 0.414712062102236 0.139767727404509 0.675899864878197 0.646918855050075 0.867629148162818 0.0506318730184046 0.50439949760144 0.0184832261773757 0.00844773511217458 0.0269434936306295 0.0766483580388739 0.037358301469636 0.0536737487410027 0.250895124117553 0.344246681188197 0.555442284880495 0.335596483747816 0.0229031406090137 0.73048673115432
0.284549596217249 0.689345115935862 0.764148626311551 0.661020299419324 0.898495065169673 0.443939808713851 0.164310249283413 0.503928595355264 0.735638464227924 0.856161307598147 0.550306519529492 0.791332289971278 0.53479620661083 0.338494164054738 0.702717981993259 0.998277583172023 0.641974473010661 0.559206168174412 0.986196079466112 0.0456751528399971
0.0752266965236228 0.610482021497408 0.411615847839399 0.718704409056628 0.35462175752427 0.328023666355085 0.0577975591635165 0.170936228315859 0.0162138696438769 0.390318441081854 0.193105693523338 0.998081696975059 0.252383631393763 0.190851883380954 0.587000472524871 0.98579936594659 0.439269233069755 0.636660469223862 0.00202151133664478 0.731028845574939
0.338216619546329 0.582683185773917 0.624629729769346 0.72272072616859 0.53055525364142 0.28490175960822 0.0450115608847542 0.49066659941407 0.031742539203995 0.767786480697018 0.118630362941645 0.995560634548664 0.313189900138054 0.194531508585627 0.939323207407288 0.980455182469239 0.290526668302384 0.680297160418633 0.961067459787683 0.988054843383727
0.433370664423218 0.765601327501278 0.769440375097656 0.783171051041139 0.968315649737998 0.0433522655889374 0.240336572685839 0.981444316644243 0.861212431116259 0.972897744883513 0.927037809303335 0.999487616413601 0.579288641253733 0.60419393480703 0.857687425018572 0.988386498645663 0.491007222382256 0.730130168674961 0.857716210496448 0.999921627237782
0.0555811984488726 0.494457645415479 0.115421998956396 0.672193027908702 0.197542392404982 0.0727099456535971 0.19233466058969 0.321622899812638 0.524095409242013 0.0381474870644139 0.292974596025033 0.881982070088209 0.0749179799854384 0.0772780477698879 0.347337762481322 0.655073786521854 0.317743578829497 0.527491272818287 2.84575576864199e-05 0.019862903989965
0.392904223167318 0.731315268755941 0.774366795912422 0.811631702949339 0.978193210284566 0.732938072009891 0.915249270770191 0.905981897774886 0.98338868949963 0.908319254575293 0.868195971051084 0.998341948056773 0.812036468731455 0.268154112275137 0.836802339300008 0.989943046685018 0.604896975029346 0.725168928977017 0.00629857239592239 0.993150088829388
0.290906729702833 0.587868830550771 0.503214938147593 0.560180904468152 0.884377753287755 0.373268933808136 0.158298275445257 0.142062727895395 0.319814427155399 0.254837887284444 0.0829619291592675 0.98776728894634 0.105316200240876 0.182054210565541 0.704739408525687 0.445744117166376 0.253578917318481 0.341371901518721 0.325130323612428 0.0695226287079623
0.561404176705104 0.731792601409133 0.62495467678745 0.702666340778956 0.542729647403377 0.404755743137529 0.37184721961383 0.9492948583443 0.975134914788921 0.938305665694664 0.837557177501904 0.989597338646075 0.484098383351363 0.153522026695014 0.964908347268016 0.999891929816076 0.826840032753246 0.50769925034947 0.227737021802325 0.758753676553908
0.0521360236053374 0.444983293402748 0.528278203589545 0.601441467662342 0.0116956568557418 0.258684681558492 0.0294600159089868 0.00437214985209934 0.872257369342632 0.0427115184672838 0.00641299599172888 0.331823490061321 0.0929577184912556 0.0503068571265823 0.236489743097704 0.817572954114046 0.29959304745336 0.321720423001029 0.000298415521095702 0.000328515597217613
0.0594778390009194 0.49595027772283 0.305849582032134 0.554773547067546 0.24704823447898 0.221194259503568 0.239475565826538 0.391601707238098 0.537030597183023 0.167874091556939 0.0098190421453185 0.978044610569758 0.0509326800167822 0.045391463591172 0.489358023293614 0.0153161890840415 0.319402277151528 0.523223884341052 0.00464555205689534 0.00348435565361911
0.210798053747531 0.45342880908838 0.328942064139709 0.60255745367352 0.633245377349189 0.188696575859321 0.0304116549820016 0.211273237142715 0.96917842461834 0.505061150367442 0.475309006284346 0.701838375836147 0.291563378335262 0.186122957518705 0.885981887347825 0.998368132023899 0.524739036036724 0.815876950417845 0.000111969527109434 0.188940074988487
0.0728130276546032 0.499263927432868 0.0386353775814833 0.626123917879931 0.123389161029571 0.351555432159961 0.0364445046478478 0.0141329227161694 0.534030067631316 0.113404530629055 0.299144787065649 0.0449897767123441 0.111850817454813 0.0771851203288996 0.45929578851604 0.632539809407879 0.528867997370305 0.472674540590576 0.171877206924597 0.0228451159944509
0.525222646816283 0.824902897445258 0.97188330692626 0.672462157652684 0.998191585073554 0.448162817107894 0.518211619933366 0.995506054074307 0.763097302681153 0.993105561345326 0.937007477248211 0.999434414444784 0.736530845192521 0.367742377440299 0.966370771578222 0.999739084889068 0.419633321849451 0.784973932977376 0.187388370380006 0.999995949771967
0.185786723018114 0.627981123744477 0.358955856102501 0.480538732692063 0.739305921212971 0.291597044037837 0.272908857057567 0.976085749253684 0.239514063194989 0.705663238942834 0.137788021474907 0.999534841261237 0.188024842845167 0.105869605038675 0.704031001738488 0.531778619016939 0.717232926640528 0.570816911977009 0.00012581752136321 0.847127912388765
0.0657324960215333 0.670029935519093 0.306295400758111 0.625262131946374 0.279663789118851 0.486453121845857 0.0517980576391065 0.0120179166272091 0.248597219483247 0.102662089263437 0.0964108611896771 0.0404085076536799 0.0983860856467663 0.139580468694399 0.568300435014524 0.843026160288545 0.597358894590093 0.273071333500353 0.0056747528517807 0.036253391359165
0.243428233681129 0.637708042408453 0.914208049529314 0.653143664237829 0.78954826340196 0.462227537467586 0.0314891775955548 0.893216466947757 0.0391825111907373 0.434449248592803 0.309978410687932 0.699497759277702 0.153336338683893 0.204901649581097 0.839120034802001 0.959009543619098 0.526290607421351 0.527853552576273 0.000111478104500376 0.978148222109765
0.435075286339186 0.68205896546724 0.71532440291288 0.818282982949918 0.879690247017161 0.522387499270966 0.0412622545899339 0.979827955454885 0.0275105338392802 0.715029425906508 0.76450009425354 0.995576453321293 0.442768054758246 0.115006873534315 0.579766966283271 0.0234244883995086 0.626728543106181 0.814292512508072 0.0265279599564317 0.895971902494617
0.446478912549859 0.718284316163454 0.425679175896694 0.628105923526247 0.99065211336491 0.682593608383289 0.345984655865457 0.977215163131225 0.976170937041229 0.804974929349313 0.807988198941513 0.977575603429905 0.665755787210965 0.587388605695491 0.977208821436504 0.999817782751345 0.571729385335568 0.616942771188785 0.852354678081699 0.996075652801304
0.155878724574124 0.686066093158563 0.539125505113474 0.555774845456804 0.658972758743219 0.155663900414127 0.196723864432896 0.593231111592873 0.123472874800011 0.395776650628941 0.879962118011378 0.995524946739105 0.429377778636342 0.258800517287152 0.964068834229272 0.996605736636711 0.307354125481795 0.555966567052365 0.0707835902404827 0.0108492322490565
0.0353854510724017 0.367164449786924 0.257066344278282 0.45879058833702 0.0637267129152732 0.170519452298798 0.0825149882523244 0.0159373706714553 0.442344837422915 0.00937029109215942 0.0170003007767656 0.565299430834569 0.0239135048943327 0.0774162485337906 0.32730564856484 0.187600586496282 0.184397582790049 0.214243845406455 0.0285609037783927 0.999978666885816
0.240683787936656 0.57542482637072 0.608233555675599 0.647812069491913 0.107509659129832 0.314101123109725 0.0583055669033614 0.975894861727721 0.827319309921256 0.515975717460047 0.241929264006819 0.994744867984393 0.307363497142323 0.116590209937617 0.738089465220945 0.753796070588269 0.470605152574539 0.874438719697251 0.638833253990173 0.0111322927369366
0.0653434188565279 0.636551162956578 0.36356084580358 0.735231980096691 0.161090912389691 0.427283972790539 0.0704414239649472 0.615841957689459 0.981394360884502 0.104097083075357 0.06053774433802 0.822317881234306 0.0641440492419401 0.0674154255897979 0.169914885155894 0.792410886852447 0.175729776209264 0.299769717243364 0.00260468292912353 0.00993473811192133
0.0814025333345171 0.649423771025803 0.233044211204089 0.626110762242541 0.0355445920175127 0.34690287996701 0.0696154028249086 0.0382354344218198 0.596490148622052 0.0693115258621921 0.323454081310073 0.396683004696922 0.112816181534083 0.0696275966080466 0.538188000069163 0.956776491208791 0.602765161623171 0.322807773929592 0.000309236692509324 0.00296452102164638
0.468988821928088 0.775800846891316 0.955235775366451 0.694274408320109 0.984657952753347 0.543792070724393 0.593213841128278 0.992038372615097 0.986966475059373 0.968477854246044 0.995077253547906 0.986768090542478 0.75852310787318 0.317401997474337 0.92550010448566 0.999966539936217 0.725994492620597 0.778843804588281 0.886647084395034 0.999999
0.156699775261756 0.600590155685144 0.156823540866662 0.685800442391107 0.548549458425678 0.349506345843421 0.0566211424949421 0.520565740667007 0.937376721610557 0.196915399268679 0.0933635741614574 0.852477773836332 0.380668058346293 0.0909001985177877 0.499264382521679 0.961654272111599 0.721996832341515 0.414066147468622 7.35044881578753e-06 0.000356093020624028
0.1247010492974 0.616243691901072 0.359472457410886 0.365388790059357 0.238326609604419 0.450279363404856 0.0396440090426997 0.923282021922245 0.107030701351046 0.352993042310431 0.211181508924607 0.954923869505993 0.346557595343102 0.088048587395658 0.468921126603916 0.999153429643742 0.462455326995148 0.728622236295992 0.000125486785191809 0.999999
0.028216509029311 0.475638601808512 0.458373172107148 0.620447995027439 0.243404447263127 0.33886085661234 0.0714320035431334 0.088589456495858 0.0223745775059278 0.0717649277335554 0.131953677303982 0.674263956549291 0.0473739838590597 0.0208139153342095 0.398506556435552 0.509690248955195 0.306969863152294 0.423537585700026 6.97060303773521e-05 0.459247583372579
0.0174156990908874 0.390569044207941 0.140078071821801 0.325660462073216 0.193550481274635 0.410306668882764 0.0247063410357814 0.0143825162690265 0.0133275790445041 0.0466423261060967 0.0253134959067014 0.187856411572174 0.0499780489928858 0.0168953469521987 0.490973182598517 0.726762382220138 0.261548926180729 0.147205656640377 0.386268167482347 0.287802578025668
0.0685828485198737 0.42760828276543 0.394832492692206 0.331195996101079 0.299272562558132 0.628705642472769 0.219466684763275 0.0852025453097413 0.599145422913695 0.1877339997831 0.103271100670975 0.813196431365151 0.254811591305559 0.155204115662105 0.550712943880053 0.996612281921725 0.506762623938053 0.439461288881039 0.277949584708667 0.0116178056013672
0.010426726283245 0.261309868001629 0.0163395356625072 0.558616132375952 0.0180611442767633 0.198338476605939 0.0020874943817757 0.00282072311109274 0.088102549646919 0.00181270469578642 8.34020073766335e-05 0.14975034717096 0.00892436037365906 0.0177075970556213 0.0890032723583798 0.163430433699763 0.157822351074892 0.360934786645152 0.000143671550437769 0.220456430473743
0.155023350019143 0.733525792499774 0.798791832766812 0.88310881225418 0.946065124000145 0.75582486164391 0.0615350274956535 0.827460119606403 0.805790210382973 0.645680732761235 0.448592704542434 0.873684250410626 0.258925696881042 0.132000071020786 0.701123242605619 0.973795386728916 0.356945161725935 0.567774090499163 0.0257323626380143 0.0643494422577592
0.386060142851447 0.703781752276016 0.505521152235678 0.556918778930041 0.771783235198513 0.324615215010911 0.0493248869521698 0.557442972395429 0.4731663814185 0.458533564650115 0.970450381241758 0.992416143352664 0.478623145501128 0.212122993831286 0.786911675715131 0.745410316340161 0.553460891923107 0.729201653218173 0.0848781585455591 0.499250786903482
0.5129272617472 0.66245555350199 0.985315371250274 0.511397170770233 0.867485926651867 0.418709267286874 0.241389376406873 0.135676373900388 0.692548794665883 0.775991704804316 0.600988283414034 0.930326721262841 0.598703876904436 0.377228582076132 0.61034819368589 0.999350470666867 0.491218459762199 0.458758504968627 0.445480762347003 0.667668730036893
0.158886937394056 0.665827509472671 0.650498536410434 0.678518856728605 0.58047192060183 0.43345932390346 0.208785927620191 0.71878626544741 0.794571119599207 0.608315870945115 0.0942097393461512 0.950456126704539 0.206142980403262 0.0945042854892044 0.850719848705381 0.867898907245618 0.599002714094277 0.619003964490376 0.265610305111269 0.138950155633483
0.0664152267822949 0.605325351149112 0.357673299330493 0.75564140978653 0.380928635619165 0.28441674237606 0.191589962624772 0.57944338637262 0.0287114960180458 0.177980659750077 0.434276355416125 0.236996336241394 0.116624207259671 0.082463360017516 0.446321053132108 0.0447218710103941 0.546149479151614 0.394036737160058 0.0893023087565705 0.231025379359738
0.0916317800746646 0.437387861081556 0.656293855023353 0.882114569721364 0.345593187436824 0.670644335948023 0.00779748180892402 0.632168056624352 0.822171636715146 0.11793071584855 0.0684110786433233 0.203850078644296 0.0707804476132632 0.0858557605556664 0.637218733579156 0.546160577584422 0.692253469455174 0.554894638466618 1.10976738195327e-05 0.00084858932981922
0.634835708293391 0.793686635384119 0.573961889606459 0.723726689398428 0.994641612980098 0.162027624900602 0.179405082419104 0.962755169184598 0.906064488627691 0.829428893733522 0.870499431185194 0.994947356765622 0.330425486492158 0.511542380923467 0.761004265983426 0.949948984645748 0.665392145859394 0.546682464977115 0.909724557666124 0.585551916020803
0.512686054975618 0.702412367322513 0.799212451383956 0.809838947697511 0.994469353729204 0.427385839789251 0.678125155656282 0.94412968895198 0.873897180870761 0.746610482621571 0.989931504377922 0.999882573483412 0.608348705340609 0.431474316695879 0.873264411697698 0.989155827237419 0.529867619233604 0.699894977075632 0.9981748107746 0.999999
0.596605129231529 0.722646482308277 0.873836974075493 0.779282378031198 0.954082096441902 0.192880130259188 0.205209706831336 0.985673703330391 0.708401351552954 0.726237054055111 0.831501972717023 0.906680703872544 0.486782774523425 0.228259015576228 0.898094708764564 0.997272087753964 0.514481787089862 0.786194625748462 0.955480447008622 0.999959554421828
0.526736897794267 0.581761077497378 0.665127326594846 0.5064445837608 0.961272609078913 0.651761658612129 0.083170377746623 0.938200757274838 0.894039761104943 0.770841027090023 0.723573603874889 0.999118224202865 0.66519336124967 0.359942450942243 0.603994986295532 0.872987974036592 0.647130484579302 0.630916323086003 0.515415479775151 0.999646970132553
0.13264361208226 0.5191433526776 0.309111991458767 0.625484355048424 0.299665222741335 0.733070878330654 0.0572835156978193 0.551355532468244 0.112440239123335 0.259363333604108 0.12281916582599 0.889286851289444 0.169041923099006 0.0950187684893197 0.241151667610938 0.996852907825449 0.281821979325213 0.63730855585132 0.000128430104851373 0.780517489110096
0.00328749763242851 0.358614906415216 0.0064238999747888 0.392720040415145 0.0228360342356988 0.303729727045845 0.00174313608724611 0.00031511465559562 0.0117331089875101 0.00225826982065359 0.00187709575572214 0.209617532412134 0.00275201648125362 0.0199679741706122 0.0290393419182217 0.0140333814013777 0.24698770772483 0.177416250158823 0.00243470721395868 0.00129706287626578
0.0507334676707944 0.639919175567651 0.235639606395384 0.517637576385426 0.22441374976816 0.150186514052582 0.0840859028971304 0.0709277175195932 0.435381695363969 0.178863030663374 0.181285827580071 0.765515525354734 0.192349266143427 0.0499446181966214 0.738917229512701 0.905144904526494 0.246660601451957 0.548232066974459 0.017808494228003 0.629742459878996
0.0544870157395786 0.36933839241857 0.241521739712905 0.625200392937955 0.136281286925171 0.18365920686672 0.0806419445493153 0.0658754243780419 0.518199759661202 0.166812250795359 0.155503443007248 0.501479369314056 0.0172932491813458 0.0327939092814133 0.399825608476806 0.80740317535821 0.370836523542297 0.371136520078461 0.00248499869635874 0.957246488612236
0.273149164296565 0.568692647541428 0.636108352687945 0.693729376535841 0.901422117400391 0.367552317851289 0.243690488730262 0.555132914404424 0.531063258372001 0.691315369579395 0.447715528050019 0.672243217560893 0.483280806393606 0.185354413634382 0.492346792134879 0.617888826907371 0.575784528613946 0.516523364203119 0.0406248046969016 0.99997888479443
0.295749695669579 0.600176992302379 0.963046242927615 0.692149911409248 0.973421032860068 0.1713459390447 0.681845864174494 0.824329150031683 0.864575383038483 0.518812161906519 0.953986339583991 0.583924110259812 0.257470470812563 0.225829874239684 0.915968265634389 0.999897138396929 0.501872386711054 0.503738930441512 0.0234350605026522 0.0507990729326432
0.657130098450338 0.789472889017804 0.930193446928788 0.727372996900267 0.998487238507068 0.442537328814621 0.572148863319082 0.967905481749321 0.996053217416675 0.99567749182615 0.973572457092776 0.999942319587836 0.862741385194325 0.497477515582702 0.933102770378581 0.997553820263475 0.561791005545726 0.911205919937884 0.19353018876453 0.999738296001396
0.142971552112818 0.7469618914135 0.405708516703088 0.517297365471997 0.723898937171458 0.251685238162694 0.0896824080771707 0.0481862977522133 0.166153099534354 0.183023952314562 0.269744762576341 0.590459284078913 0.196438504756429 0.0867876456346644 0.480855324165678 0.0919125238881562 0.647881864019377 0.50897390856244 1.5973777865372e-05 0.444950113348437
0.144639577816614 0.606179285335692 0.768188676051908 0.377309627635895 0.741197625806387 0.117875506059947 0.0605014546938636 0.698236055989934 0.50982741682982 0.554378524016161 0.644760113853466 0.981836541659089 0.390922542723815 0.22877703721127 0.709394870681266 0.952115894608962 0.266123475950421 0.64097928717519 0.790224544197451 0.99997771694784
0.0247892361141952 0.346846844997881 0.316786147857978 0.460571412668961 0.0227051262121851 0.363078054248509 0.0156924952348664 0.00492454415721865 0.0015364145964323 0.00496372981024466 0.00485344576696102 0.609399683409276 0.0121552090192817 0.0110232692875084 0.119351760691623 0.0265095258447073 0.338886302133249 0.307835736423797 0.00305875900485964 0.999383678417139
0.560836620190198 0.706339568456775 0.710464923856485 0.62499735041722 0.810196718699461 0.893891142727894 0.735820769668613 0.561836847623114 0.990093489884492 0.578608933658198 0.950466055061241 0.983270660309145 0.461767303438124 0.186056248556131 0.460130136376726 0.687285889878442 0.413318514905278 0.738818051444998 0.0653913657648754 0.00742441125353318
0.67719114515751 0.75771102501665 0.963265896901745 0.788552337424193 0.393661351178853 0.812843339971155 0.772059703640612 0.987813862550751 0.959137592636538 0.791781170489915 0.974575215303775 0.999763542655215 0.762071495508778 0.330347927972175 0.925634354083372 0.973940642814587 0.791320095581709 0.841118879203894 0.706621670488054 0.576715117312955
0.17441787546929 0.445741213372189 0.064348896030134 0.614228992761177 0.0116547617888955 0.394740323389874 0.0369196907749776 0.0483122991210489 0.745305897736701 0.450644266045025 0.602595595801951 0.727895460805042 0.0594704659236413 0.110446751124415 0.275789894440096 0.342277895452505 0.361876005207544 0.453299604097417 0.146462437419382 0.912796981354212
0.0378418448898681 0.466979904333452 0.41500956747608 0.699519196184248 0.550066869759623 0.228095688287666 0.0190433293866997 0.305619359262991 0.0622730899139054 0.0117350154376078 0.0130534650183213 0.518270915130532 0.194317468616765 0.04705387035828 0.161295117822955 0.618909775768824 0.667331359691862 0.325482959812495 0.022096055464045 0.9683848377752
0.199977279308885 0.430784571589606 0.896959589544417 0.695579714305878 0.499125147283149 0.250376025875789 0.00618816562891346 0.657936545318958 0.928034240788223 0.283887311519243 0.234706022985468 0.685691617737679 0.313732117595247 0.121865532552614 0.689112260729375 0.739123551282406 0.564041615298396 0.449721780734757 0.295972032996918 0.999816162982704
0.0907260241902713 0.595441719024179 0.553774142561906 0.57705057618758 0.55427419856229 0.0828811887085756 0.236092446724085 0.295176175728724 0.818861765427736 0.126328636645918 0.0115094930849238 0.955481740953343 0.0835479222389182 0.0537259547099965 0.277805494472591 0.971658390286108 0.405324936426326 0.363436913132277 0.465422000194987 0.00255572766773571
0.572011503512604 0.712981652082993 0.967887260314905 0.770226876604273 0.976598245755066 0.589097547041629 0.478801584373943 0.634866973927296 0.862683387066741 0.763863553304885 0.812473138563541 0.991272222165487 0.567621264454106 0.300454927617795 0.877055637773352 0.993780660255003 0.742590419120152 0.882046293719506 0.974294881348711 0.95468317394596
0.479342283294937 0.718087500261265 0.810700242380756 0.599453814360698 0.988463081575068 0.344386894026431 0.315258126190762 0.381168010065508 0.0358469283572273 0.783812392613926 0.570954273290135 0.98080836103503 0.277521160701473 0.178037639552366 0.842062061226046 0.831294587473472 0.613479342950484 0.555973210408619 0.00922684710135921 0.0816938931316054
0.822839599418301 0.756858480353565 0.903790373177961 0.653089305674953 0.997502431461882 0.689372993441141 0.654399451237488 0.997844504175663 0.728897528081878 0.978595319595785 0.997636180555201 0.999374023762342 0.774811623581798 0.679165706872762 0.816946515496403 0.99994037906745 0.800980000018801 0.853747007720742 0.767667710645028 0.887222563843352
0.451136232215019 0.800488710572917 0.922602596732459 0.608500198828059 0.996319107281807 0.405791894028977 0.496863296938603 0.97306195617036 0.766280471648625 0.835639946502266 0.694675467475969 0.999227660540275 0.788984666938225 0.308453805280544 0.792344346090055 0.999100097903285 0.906613087527271 0.610464961111918 0.0172937010456014 0.906604109589894
0.532201375375535 0.632313117856073 0.708782929123126 0.802475300849987 0.8568094530746 0.341779305955216 0.0810264300437692 0.895487535341535 0.886817282437139 0.675215893840562 0.351790503077329 0.99747172982008 0.436522275608157 0.281763820016232 0.766795222102083 0.96029159539019 0.615821214377075 0.802863450822385 0.355014232040607 0.999999
0.458656633073414 0.610704838758345 0.712529931669955 0.721389574611206 0.886358608755165 0.413493722960047 0.128860430985245 0.554496874442804 0.987820396553914 0.871684215290578 0.785246555679879 0.997778083307365 0.638985829555111 0.207148230182739 0.981164093601562 0.981715174184021 0.459042146529254 0.357158477165763 0.107891860990279 0.019950293373947
0.0765719131334942 0.541142043251918 0.737501333757109 0.461132830353483 0.104185779836488 0.306360059426653 0.0200429343938708 0.162458381957577 0.72744939526842 0.27099291812577 0.198910282123183 0.858840154247538 0.120895540654635 0.0795935308659805 0.873137152055987 0.725571505890329 0.709125483942409 0.514245380144512 0.323379679204181 9.10823134933951e-06
0.501206655602922 0.645466104170592 0.847936617127346 0.492000369807137 0.710337710431261 0.635418102609084 0.0692147377546105 0.877027965930347 0.675782317506564 0.779455161551443 0.453247088277715 0.958272483662477 0.567243931406241 0.160580156158577 0.429316371784219 0.199370627722425 0.30611151967182 0.834749285726781 0.0105033941556955 0.999904072245982
0.586786622331657 0.79501335012349 0.598679774545397 0.834870590073714 0.74252623670221 0.376113647672313 0.503577107136531 0.995355627993131 0.894997843146094 0.882769832387959 0.807407404702584 0.999125418647111 0.751776063918639 0.409425829182583 0.79044453326049 0.99979910427997 0.56454339556131 0.624199241371126 0.678865825042548 0.190506853096493
0.301809342714397 0.634016385363559 0.789451222815411 0.615083261203491 0.661767018102552 0.095723496023313 0.25122970429326 0.146066149019247 0.275884713616178 0.402221976848045 0.523725396902691 0.785647385041198 0.171039635901824 0.0753828792818459 0.536132980971544 0.566349865021627 0.582551962314643 0.529663234996082 0.000180022765076118 0.0127519920727473
0.158126928749667 0.607686426523357 0.640717690149995 0.353153355433503 0.233566428810907 0.32153887910765 0.135731880174208 0.0516025856332602 0.195796699224281 0.0879093893920681 0.129519438553817 0.987914071558678 0.0990167663731139 0.130964723871901 0.775547368303959 0.172553245104149 0.494848085994525 0.664937923247245 4.41139558541046e-05 0.00847694349464
0.0225840678702522 0.577758807987529 0.127544872687108 0.69512007979118 0.00227328153659096 0.135008294689854 0.0141483097800747 0.0646995101612725 0.00743657483003129 0.114131665058801 0.0234681792760466 0.400715621943478 0.0209642839783133 0.0422292460831408 0.326024826040564 0.324712194320336 0.502772490809854 0.291063027214798 4.54945454069628e-05 0.974827360877602
0.625588821297548 0.722396033038292 0.820373932774236 0.766822791735468 0.99639759733174 0.606746537850261 0.333394996520258 0.991731642815899 0.950260717496009 0.664654126690969 0.972669800141218 0.862720662075407 0.850303583834661 0.550907989594403 0.797135551600882 0.998781967440779 0.73512341667062 0.733835201109241 0.0138028796821706 0.998391297352603
0.194950749135668 0.74723105799849 0.452529572297835 0.631552356816668 0.635006392097546 0.864431978546805 0.229859384834611 0.600452887357172 0.558565500619291 0.656426603468058 0.873629684712181 0.628719083095859 0.423307107698784 0.167051746237446 0.824980332493466 0.998475363439269 0.576875811088204 0.723116589567084 0.0675198668837565 0.97803772418789
0.189612204851371 0.646786588540186 0.856104592762765 0.459744632095636 0.397173433048277 0.261681039210402 0.0732918699755872 0.023387199401072 0.936203194593783 0.444532101253709 0.571235540841477 0.278480535248196 0.375261401877647 0.150986396502084 0.141014078062752 0.703748237509542 0.529913015336781 0.388579929647489 0.00141956224450284 0.999167930586676
0.718360702351186 0.67623029572913 0.833944205950187 0.451333889803478 0.879437568207406 0.496612497902083 0.199694837725223 0.818145526584365 0.850723877832998 0.911126266201423 0.833996565528655 0.697960360023259 0.428472172655945 0.2168307615861 0.866567326953118 0.798898764222114 0.350620008354311 0.789135592451603 0.491920686459335 0.939620145802064
0.0551850515386927 0.526490516314208 0.583953113005657 0.452275673158944 0.242381534623795 0.37826720587685 0.026999840921939 0.0263574468719704 0.362576935214937 0.122147581698805 0.684560162044809 0.827864800279708 0.192938254958871 0.0600968334868571 0.229815999857971 0.982837304014375 0.392130126650827 0.389962924710656 0.622543801809291 0.000683585606343204
0.433822992254498 0.736453062911031 0.918279787858753 0.643467341731567 0.931029634133127 0.106742216142794 0.496955209511054 0.866146584738053 0.995228533158995 0.916976981045819 0.932849605198627 0.998779667090047 0.587477048130005 0.226103992108473 0.910240589443269 0.995753082592981 0.697410155347488 0.814403515560302 0.831108838386441 0.999558399448063
0.30690050642178 0.683512573199787 0.662297440155837 0.688102603794065 0.991874395388011 0.869361652790581 0.325247790127802 0.592511193258325 0.669768357453468 0.854848364036814 0.976723126233053 0.999232064715415 0.376803849842423 0.23250665946592 0.742223020837847 0.984635264699391 0.761205514963665 0.818055937218442 0.198051102483882 0.987288693073891
0.132975031109753 0.547020672082163 0.55077805652277 0.65298113309909 0.06182266388894 0.206574088396266 0.0686773856381586 0.0672715853565166 0.893222511950588 0.147335628951451 0.0524125520787995 0.790374854280221 0.0948519270520789 0.0620372076256972 0.248048885615438 0.981677382336683 0.428453851870308 0.493711670218058 0.0014428979286017 6.50811008248738e-05
0.243113716365004 0.655539637350656 0.263683937792089 0.4658378067141 0.441346185578573 0.44422391673193 0.274304768142977 0.267545649277637 0.0720208251866606 0.755658749782779 0.568968577570361 0.995755072489897 0.13190009595684 0.123422407695447 0.624492963813595 0.998545650614207 0.496371951629315 0.301597888583496 0.0214023764835629 0.687107019173504
0.0706934698948653 0.68230161677795 0.527637376949909 0.639892862145948 0.453451391732021 0.108090197266163 0.237143608243503 0.250390793645228 0.133187865818046 0.635294638218553 0.420656936899592 0.995529356266147 0.300694815185715 0.200738441722241 0.510751852681905 0.772813586892685 0.36884256971575 0.750854175009511 0.00215932012808546 0.992301985063458
0.654184568889585 0.770127136458434 0.894135982633443 0.685477940864675 0.990279087842942 0.600868894753411 0.664584072658598 0.997251430998678 0.975907914923534 0.986856276651294 0.988625294610042 0.999855696301073 0.801139710401411 0.559474173755123 0.832526854671551 0.995784543426491 0.580254849332591 0.830490950706058 0.994071333954963 0.996555204809499
0.0799490968294732 0.587017283033603 0.398486159524104 0.593179359871635 0.0931975695626413 0.401730597322466 0.157837356842485 0.166410783596637 0.671499407256959 0.387453113902481 0.613583426738433 0.697943148566702 0.105917471712197 0.0967383612915671 0.723051450086638 0.728588455504645 0.252961754937764 0.633623944991456 0.00140816731704125 0.998845526238736
0.32593527259507 0.597757207677764 0.699080813037513 0.890560483523043 0.398589815062183 0.5860159047632 0.148227022826266 0.825894755802543 0.638519321061579 0.895079764008719 0.698566566102644 0.98965041355257 0.563119178468458 0.352969167827461 0.62771820224658 0.307208543047352 0.433366912603076 0.776763527649306 0.439217277040304 0.999708421821801
0.0285320326172032 0.443756807718859 0.324069074465779 0.515867338511109 0.0666296081760235 0.22423329656286 0.0463666037812533 0.0767955379115122 0.0160664716135672 0.0635750398203977 0.0204656084410371 0.6601166651264 0.0325742622823664 0.039851729110484 0.663630610640225 0.372945250843357 0.366863617429731 0.484867912412111 0.00109017142364781 1e-06
0.107951727155315 0.571558423679697 0.361374758653213 0.634604581087503 0.540072086000334 0.376624382564551 0.111487616589442 0.613437253877013 0.0207809430688203 0.238647713563836 0.0612101560921258 0.916249752951609 0.12759882894045 0.073236678223828 0.609252290116439 0.960988743727349 0.487196681037791 0.635673538869263 0.000181711316698403 0.999238194223687
0.0641846695470705 0.601948754700183 0.190092823123624 0.580262041840439 0.073095140514284 0.121517935988401 0.128765012630467 0.0402521406179839 0.955046736070678 0.0903035468124566 0.0747238350759855 0.444229973397322 0.065688857106886 0.0204716354644604 0.517327367840166 0.957318222042342 0.249122901423695 0.326015834132839 0.0320598993823759 2.61423454726035e-05
0.0438494695394644 0.547784116401876 0.842307249752268 0.422227879709534 0.0132331826590837 0.359297628907162 0.011084615171681 0.35038041865366 0.00489122450170481 0.278589292243976 0.134636651215712 0.906898531018522 0.0393268457600899 0.0526390684603028 0.151900024473781 0.554828607321157 0.340961721364741 0.491246965709066 0.0261949086154297 0.682517577293686
0.20597513413815 0.530501956982688 0.43688309223879 0.841907485831396 0.915068080210102 0.414199281569576 0.0935272872059223 0.432789430179393 0.923537132509455 0.269229025647153 0.491512629952143 0.797748874435129 0.191204951710016 0.137039436431584 0.613918007663897 0.708874104647332 0.420736638399417 0.640649567096722 0.201610164433592 0.139915867368609
0.0199906332684522 0.410370136740744 0.206058129666284 0.439576188913819 0.0635351701109294 0.445551912796485 0.0770580212267833 0.0502274668155424 0.0389072631726533 0.0371972753582066 0.00187873441773883 0.280609513174963 0.0363775072860485 0.0165763152257979 0.210642248799785 0.915340429586681 0.385560525066002 0.141222446951439 0.0116581619064835 0.920790462816413
0.791145856619969 0.803867585838269 0.791342047642591 0.779737000736347 0.994403352981007 0.780757486747416 0.376344560544577 0.993348159041281 0.936660006019557 0.973523657256774 0.98168526842932 0.999634552029613 0.934935450673827 0.737605059778633 0.936746429679213 0.999997379776743 0.720607929536026 0.812236898415223 0.990748323023816 0.99903134156009
0.712217184245852 0.795707810014209 0.8345348535491 0.838034782085691 0.983580173594313 0.563984923842995 0.55249386934429 0.988950045475252 0.978101558396959 0.988289385697908 0.952353079661099 0.989712053090632 0.586618873924146 0.617236377841848 0.91926082269333 0.999977148039361 0.624340303202649 0.769858246928032 0.986630953325182 0.144782960970579
0.0167854023526444 0.355461511668461 0.0622078852749402 0.590583094514128 0.0595571836014681 0.333641786980074 0.0100262275952475 0.00429985398882649 0.0210813905328427 0.0158632679079345 0.00351126888833171 0.247801172606356 0.00648052889461528 0.0100646599079189 0.0950436373272562 0.596360752976247 0.443337397426814 0.386942823077099 0.000179514763903515 0.832036689187731
0.495880140746923 0.73569478500503 0.955701996846743 0.580966355845416 0.940598641194934 0.963620972461528 0.26313137195434 0.989265797234919 0.904571351531865 0.911312870918447 0.992452457877321 0.999010506707825 0.37056649125829 0.29026919324867 0.847144856118212 0.999065100085795 0.909241063579413 0.622374198012185 0.408679103949459 0.99927404101219
0.0116987611163297 0.524482876685824 0.344489974843102 0.249331153472654 0.00586639630342132 0.719357384606211 0.0531776696271019 0.0144747535171196 0.015711420697674 0.0802696186678527 0.0186537555525782 0.432136319651775 0.0636648461588436 0.0459532157328867 0.180883188583951 0.270051110123908 0.492485803138604 0.123554491469254 0.677605256276906 0.999542166605381
0.0454203106306112 0.411299863554443 0.272573251591904 0.577392141675428 0.122758617064166 0.550439840796743 0.00125455778567531 0.0102289948162854 0.310014773622087 0.094134371035659 0.0412979318044319 0.339175140761532 0.039332105586581 0.0295282227002726 0.509924402075055 0.665015939341275 0.113639383320689 0.356220508910581 0.00797353282856805 0.988967535408322
0.0422375228073474 0.46945955895478 0.12829390315299 0.447168946815391 0.0136863070514426 0.164291237349943 0.0147197206448629 0.263355145160886 0.0392018389347097 0.0162137793704473 0.0184143088587147 0.0165230406835079 0.0220858241308963 0.0401682206143771 0.50797563100099 0.934880507425655 0.327167194687308 0.19027467830046 0.00246162163107865 1e-06
0.503494948853166 0.751889638754116 0.98003254619269 0.797203258727561 0.932892434844619 0.235246366699541 0.540554634942098 0.986549266863152 0.928024696803629 0.964987547976615 0.969163088875049 0.994202641966789 0.845396751197849 0.522024085325716 0.830740031032546 0.999931153936189 0.840178541199759 0.812760942363287 0.975889742547888 0.843006783036042
0.120743857365786 0.667268869610587 0.387092994619371 0.366303941914852 0.970665450660263 0.183221999605404 0.0724428052946079 0.360552665674505 0.930663642169542 0.297251359411035 0.579293790216678 0.88979709034862 0.439486361523177 0.147194213670418 0.622931033628582 0.127723219827412 0.349478113415646 0.476259302064316 0.0234362197738146 0.0258836112644634
0.827874130238692 0.804741482545873 0.946611585951438 0.681820626498576 0.99371362402339 0.130725958894453 0.296553931888674 0.962539073225886 0.990456930158626 0.849586266451463 0.992845163378428 0.992214174950816 0.907130304734697 0.23753979219906 0.95711723871599 0.999846406335488 0.649111631500504 0.667241468825409 0.93476072613313 0.163739162737304
0.073252561863321 0.337654920837278 0.0748343411278014 0.605709205405629 0.0291802912787779 0.502405966552796 0.0191639602306469 0.0334412462370889 0.0332985666868179 0.066120807833458 0.0198997340054442 0.831692092912515 0.0288177129290024 0.0256218711181197 0.0258935692572805 0.399463562845554 0.314544634682348 0.186676843895515 0.0330923230808426 0.000839132760590112
0.124978513482887 0.456538463796352 0.38949320974527 0.654792872884873 0.562867912998348 0.554647914177962 0.353675357862355 0.0720794545826444 0.0752245454903151 0.196790390818753 0.299256853198267 0.857701237354947 0.151881482901523 0.131174182204326 0.209422446095783 0.957138250026356 0.34962294397959 0.32311882132351 0.0606026621631934 0.999250199198456
0.384933302898602 0.769745412892412 0.564200245536535 0.724281116331594 0.995864592108931 0.682457348155535 0.195891143651114 0.99621583019589 0.989102259356766 0.850597049238418 0.923912455241939 0.999696392634779 0.485443853677978 0.180257453741786 0.674218655932983 0.90536823286433 0.606290521640151 0.811704619101554 0.98044115717878 0.964872402545819
0.0701674180790504 0.570373800933329 0.452610721910077 0.744796532611729 0.372968017425853 0.228592382476636 0.228413685050642 0.256433358543874 0.111860332057036 0.241293834367813 0.388044342601914 0.924486670732937 0.349970143317974 0.0883333102755467 0.674236877776112 0.958012014091763 0.617313365631772 0.631879960543347 0.00241770751265868 0.0578397599649705
0.156471423520253 0.534903857040925 0.636210421700173 0.415428063506335 0.462622127673981 0.723670221047963 0.0693264575095749 0.573707979306354 0.110203929595888 0.176949125982982 0.0755990781431788 0.995575782340762 0.0863846362731824 0.0828003159121753 0.446716395207359 0.836651937465042 0.73914668491021 0.533110949666915 0.00880653457538554 0.000384892895662088
0.338078708110917 0.614235033603978 0.243022488555862 0.618584227764059 0.679069267009651 0.26914847532196 0.0307645868307838 0.93743674418497 0.447908535976031 0.520136964427088 0.729364670034528 0.916033230651381 0.401918131820213 0.267231366749533 0.806270637139414 0.957554362702027 0.316793780464287 0.641518989412168 0.391344965754115 0.0542940412661405
0.107879067750968 0.498031979174901 0.540360870416289 0.591280313296287 0.10305860020198 0.341534947513355 0.0120137727081699 0.097611436346659 0.0447299093602888 0.0858334473271083 0.0138399204182943 0.856589623985101 0.0901322250547204 0.071795806475395 0.316485788197772 0.347494687649364 0.499498223262182 0.398892960462019 0.776141630697946 0.933771579525637
0.0460030785990631 0.397203208091759 0.0965646853742639 0.418424579905678 0.0139947053763073 0.0356196880382251 0.00624841681041867 0.0240871470193513 0.0439186525282386 0.0346437985222232 0.00201025831944765 0.0936382869207234 0.0297696216559052 0.0233674912498976 0.373504779066516 0.0259688821859057 0.270524416621232 0.26466572322451 1.87736547613972e-05 0.680080684631601
0.257279204827831 0.625688919898358 0.619678870296753 0.766110186190574 0.913474874743623 0.828000026058355 0.135405359432907 0.975806368986119 0.943492503909134 0.415222638656272 0.973064267721989 0.999423082689522 0.290037902246098 0.138184764416841 0.554391338850293 0.884236093434907 0.672337764026296 0.70332675324054 0.893028956549853 0.997594135125307
0.0384881018311433 0.417573969215084 0.101702852992466 0.616276658897636 0.0222286369066978 0.302269145047619 0.0270332651242557 0.00979236328515249 0.550083359725096 0.0616681533338146 0.0920140327647407 0.75150010495067 0.0532617234452095 0.0585789684316937 0.173568792853809 0.902898865340562 0.467203682389004 0.266678055758967 0.0113421515472689 0.000215110533234161
0.239825220628035 0.438586735397095 0.766874561213121 0.609913943703823 0.878150169922918 0.496088137202837 0.0972539435718592 0.770396821383086 0.917977386891116 0.413098738125565 0.171041054090861 0.747370482413871 0.171480233377666 0.162150483214231 0.148599943331442 0.986125803913336 0.736803581882428 0.443573900026258 0.764912976870758 0.999999
0.170971802416225 0.707785923145547 0.880679806173761 0.786956164431349 0.959023950969041 0.177793141308804 0.201500769375936 0.750962145628811 0.520273792393152 0.529165022856437 0.505332567997173 0.891441898067066 0.309138184048541 0.176016266843015 0.573254714264985 0.99942944399367 0.606851254537534 0.661616787191468 0.000888571736679447 0.975285701706922
0.0172125181411877 0.392984760430027 0.311530877886363 0.487808016710689 0.381886871561391 0.409582344381146 0.0684487430058889 0.0541903310548791 0.00721560593636835 0.107384134082161 0.010157001908871 0.968968471140238 0.105095061197588 0.0326505256404851 0.189830736710275 0.237125992537352 0.161598671884712 0.191029557983299 0.0338093381643431 0.000379748725966491
0.322929501566159 0.611363358451992 0.808403075729242 0.524254117414831 0.427800669736142 0.950161991340847 0.130937798563863 0.634436317668978 0.181632748032049 0.502081641320557 0.896396313721254 0.692389149242024 0.178420827094703 0.225102928794107 0.83457151930683 0.991682619274015 0.480438311359611 0.535631009127723 0.0050545034926068 0.826664340363467
0.00630817531602274 0.39290184035097 0.0808374022656072 0.557413338858773 0.00567314409479371 0.104555511798126 0.0135480694091262 0.07327397769497 0.703507850886013 0.010385478840176 0.0139286702857106 0.556665228579255 0.0151565346661112 0.0291393212380291 0.115446909303972 0.553957755719596 0.517982936312658 0.272220623324195 0.000823730583952691 1.77466629855802e-06
0.324235729243562 0.519047172045936 0.498093793945207 0.523960539589172 0.961998703950983 0.572548279951734 0.173377735555859 0.235974007665352 0.946790120642117 0.537237274684299 0.262996886708032 0.951662174404839 0.116772042688955 0.075876094856884 0.802194700967552 0.793510573515584 0.575680212524833 0.752414623669553 0.000989182461835908 0.111315609089557
0.148952066792723 0.493262825583609 0.329516852814581 0.468477178165095 0.782531810802336 0.457980498255721 0.113855699665413 0.986707803254376 0.6787853647018 0.903543765560049 0.376870284467816 0.956390305589161 0.321414658493995 0.0577192730138407 0.620973381018077 0.999901783850505 0.522376778065868 0.614729505307519 0.259149806964456 0.999950656730561
0.620439236410648 0.742662986938881 0.234808972844769 0.885982738106598 0.942016688072988 0.655815430663551 0.373650012295869 0.960452791900994 0.993537722958915 0.974826871448798 0.954697099499101 0.998805728164347 0.621885466869454 0.36653724819773 0.949988877547455 0.508316242759936 0.722916467680145 0.638895923719948 0.976468638374877 0.997810164932007
0.320280110179587 0.598013312749793 0.664343227157161 0.825477940084284 0.596190246294287 0.45876776314791 0.276790774692242 0.339610428451656 0.307173993934187 0.767118801206546 0.612798758506099 0.972901396714618 0.47996505368854 0.249233672870364 0.95743882439775 0.96304582184578 0.495668812264926 0.52248894631231 0.423241748719889 0.946795967297578
0.281223404809482 0.564029892318651 0.853902080913377 0.63787914343908 0.551407832305939 0.118216937938545 0.134254866841091 0.941718921433301 0.945065138813842 0.94698907260424 0.986913427421421 0.999580272791622 0.549489494809061 0.355461645724834 0.971776372614498 0.962470540316446 0.488044455583274 0.742562644143964 0.0586483347717946 0.376227474946457
0.12586434270112 0.590516878280256 0.693217162252851 0.713871088815519 0.0506132459149256 0.380545224936404 0.0422432905918196 0.872759338197029 0.853199705352457 0.55606112629157 0.610172410742624 0.708581910321565 0.153641375534641 0.0961600603838814 0.182451936989426 0.394176826007472 0.446107162823418 0.563594427293254 0.063413168000145 0.992109758743252
0.464266302133528 0.820902978799658 0.965276139377236 0.532116621481727 0.933860990632631 0.233783327399194 0.308402994719228 0.98151585914752 0.417186485302118 0.939664903400966 0.92594886045686 0.998825471190712 0.5593133921201 0.390660576012062 0.710027882843644 0.992776460121331 0.879247296511727 0.475432714161224 0.648499258007516 0.994286894765183
0.144712849084046 0.585094428882084 0.615907591581951 0.392182805665437 0.914410109601449 0.480583633915112 0.718579315447213 0.678832949442434 0.704397394424025 0.602311319621163 0.092734866758505 0.651356865261714 0.371897215493485 0.138268279388086 0.739576342512069 0.966845241046879 0.806272401752571 0.321128356055767 0.946350828114065 0.999913438175773
0.697702706112934 0.644493327309474 0.726250010744234 0.609448760761825 0.934995031307777 0.706380634319228 0.0535749403022867 0.977824081506286 0.976633149100392 0.826679242099769 0.883415485922003 0.999321468345868 0.523272234778769 0.376579159715422 0.923601920839821 0.981909436051348 0.659787031761304 0.814928871024132 0.394570626637895 0.994577319459653
0.0121231707380512 0.430594118508366 0.0287224012710518 0.485699122567964 0.104633885117623 0.687126318661154 0.00901873519957762 0.00206047670991878 0.0573968131999385 0.00378854196074642 0.023632373332769 0.0434403777167277 0.0166286717454292 0.0267082820453014 0.0938963442001597 0.175245801523425 0.457708798773174 0.541314328254108 0.000172238884422682 0.653541066656682
0.160463930719938 0.573588254744046 0.152993571464547 0.699709904451143 0.654549458973837 0.386077492680225 0.173238257064185 0.797230926759756 0.892334653558157 0.367399391818385 0.940726898490705 0.985231175859397 0.135714528021894 0.15857787552865 0.870106806770843 0.93641956934711 0.464365604481032 0.259951030488227 0.0837859852991185 0.0490530260076861
0.141241002518574 0.590478302201764 0.783289929709185 0.691356995792483 0.900591598012259 0.326168427164091 0.10529913293412 0.688794352827548 0.692034376102651 0.450006023600249 0.740306125448582 0.708173584918974 0.35741519120624 0.121806954317379 0.453900473166627 0.743533762002762 0.669044284729626 0.586574586466816 0.625504763466241 0.999815565958526
0.181488704910844 0.478816205731228 0.717066263864448 0.65893286082131 0.0786735649955824 0.704567491836249 0.272428994538966 0.398887898853492 0.688027649700654 0.156186192026868 0.230226501340601 0.805287480724561 0.273776596567438 0.0517381877824687 0.76441809401094 0.909490662266024 0.374282145969052 0.391905346902161 0.25557738860756 0.453513085391977
0.403538903557732 0.679210705020771 0.641651912681741 0.810271033207022 0.962046930025796 0.698789370175816 0.255816549481271 0.990677028355972 0.858896755152321 0.875219965682381 0.978419421182305 0.975192889749116 0.362752169186435 0.376433597582127 0.883016250609953 0.993643761947496 0.449752536230458 0.818001930447416 0.711366992800472 0.0153399682812933
0.145424043918274 0.666810439914439 0.387116820583509 0.625969892483273 0.782239930394682 0.197000523787297 0.0365684779634718 0.94590840659488 0.971708652158503 0.492257209610033 0.273568330746296 0.79367728457597 0.276008349095101 0.153136939230345 0.38884989909744 0.972024890975249 0.444764191313383 0.676203408541983 0.534588751403278 6.66735949652535e-05
0.173658361944281 0.69363218992264 0.697622681448775 0.532252516331665 0.848026152563371 0.224561125521339 0.686430108768397 0.990305254955352 0.973527107080201 0.762915120410709 0.786913148992614 0.971080951788468 0.271550713542754 0.28398121622932 0.927222174757668 0.459224095967014 0.277715612373423 0.686651063204819 0.996577373531982 0.323138451989176
0.0474548262139796 0.552737147553137 0.771123501394557 0.730776018720302 0.133881760715916 0.442150579674948 0.0583554593400924 0.130280468658361 0.354592036804543 0.311184728277399 0.12247817794111 0.977996339400617 0.0474788210011167 0.0683801403808248 0.566335136099587 0.729316284842243 0.611566545924103 0.433203079636999 0.991707159193411 0.801972239191912
0.546736622578821 0.669169536968045 0.776663802560961 0.623673540168856 0.798482649437922 0.363774372857842 0.214098640891761 0.958311368286997 0.991084868806404 0.931695407066769 0.930754629918946 0.998515001573938 0.559978646098066 0.41931007466143 0.690189583119128 0.999908826054246 0.629565210029164 0.855758103959086 0.080848739453866 0.989437168337673
0.124901665175309 0.489991157152987 0.241602211784446 0.640011558302805 0.148049018511126 0.0342041629489724 0.236578268920601 0.00957057669582147 0.265676657332453 0.0777177064188799 0.0607619866450098 0.448462225179738 0.0519428258211775 0.0740229612824928 0.465104624292591 0.592767682056565 0.629261785838853 0.245012595516923 6.8012527186626e-06 1.16261902775567e-05
0.126394661665102 0.610694459782569 0.244780984328839 0.554312576872776 0.157710928672993 0.162880746015702 0.0098186251449035 0.0591252479421781 0.0277398622539069 0.116553114005459 0.136677268253492 0.768263449788538 0.100436642290656 0.0251160212407898 0.239268554130351 0.997402256344846 0.37465537089377 0.301298473886392 0.478575675168634 0.000128623095401164
0.91978526410936 0.793829112703405 0.834546571990772 0.756483792395674 0.997377959462041 0.898538394128965 0.746729229785845 0.99169833310237 0.858745787708797 0.997727116548457 0.999918078255756 0.999695990672005 0.941071656783357 0.711160634029165 0.977926184599048 0.999973088499329 0.650680110975355 0.930246735958509 0.948286907645086 0.14872303329902
0.524791054805053 0.598750408620267 0.491554443043478 0.587903220551193 0.85132252564268 0.574237650286609 0.548705504523194 0.656548178617452 0.934955107615404 0.857611482982797 0.942628858565646 0.996182017836496 0.588990912683448 0.443729475550146 0.835612393826751 0.998699565550305 0.551994855549306 0.684597022927844 0.0456675993873716 0.957856150861798
0.664408147429026 0.734323444159637 0.499911079909161 0.841853421916708 0.996550166023885 0.512762334216866 0.654558482964516 0.93716707720535 0.849848698896651 0.909254116986251 0.677523638457378 0.995407068125291 0.756918184088573 0.460918081209356 0.954546849310485 0.999312821229499 0.805661710666408 0.706744131003513 0.0132462699892526 0.999992310237876
0.260537147553053 0.654920347837653 0.651708201784068 0.636102979715911 0.75928902657469 0.274042147960978 0.0861451339186425 0.290645645665833 0.576596236674596 0.881385754812948 0.479778752844827 0.775105812822993 0.648323189174794 0.350749862366413 0.725990042563004 0.997727775123228 0.685297480323943 0.737279523511476 0.142599054054468 3.74131356386765e-05
0.0458594274903206 0.437368827196989 0.0738058044808405 0.696099085286981 0.0115871422937215 0.14682889780119 0.0148821479016725 0.0550460991098447 0.0222659280065537 0.0456100714534395 0.0253468602332571 0.935211780580146 0.0435123495896586 0.0145526711610729 0.24923235183782 0.669295145241751 0.393824524731086 0.367543339286335 0.00050251677834006 0.00127262354621749
0.382558825827508 0.674223389623939 0.687289784779519 0.564458997512164 0.962304841441482 0.144799126039394 0.381791772121393 0.900631102649032 0.89028011703205 0.895905527901288 0.99069606349252 0.965420989886078 0.608612771483524 0.34163362915566 0.926657869343917 0.997810432521728 0.551410319408314 0.76088152384999 0.990053906429987 0.999996518297494
0.136466200646712 0.626187197100545 0.649123845831311 0.700520484306478 0.39311412896417 0.6127371332228 0.194499478103094 0.867004643684607 0.509473061429721 0.707188723078474 0.273154550924426 0.167187054427157 0.290648424277437 0.13416172384702 0.845838271112882 0.31199847490449 0.808698723798023 0.410701227618965 0.130169620649403 0.416416566161911
0.181189023186366 0.729724322381543 0.462354465895131 0.540633194969575 0.519337024178011 0.703389921427839 0.0345051126132173 0.78108184984974 0.890991551618484 0.23999540765924 0.0481949186449222 0.996291844111778 0.119637495320648 0.215731244053948 0.567295077282113 0.990763962834198 0.450558858236459 0.399413841241302 0.970125106507729 0.999774984687598
0.157296123227255 0.575408310913294 0.542928019360462 0.686582285811617 0.796259875451367 0.0934382392979787 0.142669037986546 0.246732161287959 0.213355934879766 0.128497361164049 0.0795244583104721 0.88484522795504 0.201252139927449 0.188938773450909 0.922164315367068 0.391097819311177 0.371199707430905 0.83648738762706 0.000127521225346063 0.230596795743394
0.394055910679748 0.643570962651219 0.432357298085195 0.87126946129572 0.920692978320186 0.124768200115558 0.355919937516547 0.885180059789126 0.995256422833425 0.954813659282641 0.756268864241431 0.998733402553136 0.619610867911436 0.209314412530548 0.951774798829262 0.999755356565605 0.581582391788044 0.715730779364039 0.502800055094045 0.00983021750389645
0.0799901380769495 0.564123795902744 0.0420532104912483 0.758841239792054 0.18247702645111 0.169098489609584 0.0173996417739104 0.550655847574693 0.500553557385392 0.140306419966693 0.38514753815323 0.884398654399459 0.170182662494824 0.154352072624792 0.807919416247777 0.995705628774774 0.272354710099888 0.547136969459699 0.451709350378616 0.395145248094438
0.048636924121427 0.43549649279444 0.180893864924166 0.38560959358647 0.0609017536186613 0.0957222315604472 0.0152680116167949 0.0588409672983086 0.13441335431236 0.0593049867248043 0.00619078741400714 0.705956123858967 0.0221090245025883 0.0261884538218948 0.16511432828759 0.0616789974175306 0.399487689164942 0.079820500530908 0.028313923040891 0.999451551006947
0.0676469873178648 0.50932919952922 0.244906408945743 0.542098397036156 0.0329271765024587 0.4825523698952 0.0564388200047325 0.388267507279018 0.0621121925657507 0.0816536084374325 0.0170130808420837 0.826455971424634 0.0641624763208616 0.0414447747336693 0.576803815886477 0.485577864836134 0.267845234691836 0.484777690464642 0.261290262342792 0.00146005199911944
0.239275215090135 0.638253690976018 0.765875355445642 0.837081479650644 0.843253761257952 0.719678766346548 0.0730188624613109 0.728768867120941 0.0118963897801884 0.410516116958902 0.146898544885157 0.98408425447229 0.191706555053647 0.141265854151176 0.50435630387214 0.864516718878168 0.139525245157745 0.580314895794082 0.138883251373599 0.983376184652412
0.190471942591912 0.45627182899888 0.658839677643778 0.697556110397525 0.847443034220309 0.686863304534783 0.0411856738326533 0.109657377575114 0.193135200340051 0.222254113963443 0.188455008206168 0.898726389588374 0.426190900302971 0.235180553911376 0.257480121189684 0.414865444742531 0.399170583974617 0.635382185420775 0.0916305436711879 0.999631864536963
0.188981994137487 0.472234799204325 0.468402293193324 0.856442746767396 0.908433371993385 0.412019250389181 0.447402291201848 0.235339243243413 0.814245246411933 0.264469286408372 0.150962157140053 0.836329149304059 0.116362889341929 0.0416999662996736 0.769203575254521 0.987283857595005 0.438495757530618 0.234392771723948 0.0924774910778292 0.963471049093294
0.210920300082267 0.503577421311868 0.50180297119072 0.498194269306945 0.0433809701360073 0.748317004969533 0.00113857202521837 0.466319222475605 0.836477093189679 0.138915737376492 0.0944631855148793 0.878283267496622 0.181734645353977 0.10534247672164 0.452048823026739 0.995306753927371 0.465412043030532 0.370976852388898 0.0816718231396082 0.988793194652856
0.152111933366239 0.61106764084211 0.056584218225241 0.23853475735728 0.390667060330113 0.169277733614382 0.270857745052229 0.473272987256119 0.0342529402502974 0.274402091855729 0.012959253522942 0.973383828421426 0.0858997119157346 0.0693811633072807 0.367824780546553 0.986392226614516 0.286844976334866 0.256130728471968 0.970492652280413 0.0011124651442473
0.086631484609707 0.557856646466831 0.814571149313076 0.617369642782321 0.308619595405365 0.667312153752545 0.153259847492373 0.186882288059954 0.206125791324796 0.072484738106594 0.208058969085997 0.28740577729148 0.174052894558066 0.0292567049600957 0.372893919510746 0.0253218964156071 0.425557030254428 0.324405603922817 0.000449298802873384 9.60783707924036e-05
0.290098530079098 0.558975391467858 0.316255187216454 0.710734741880361 0.414849756786925 0.468104457029935 0.397543084611122 0.379283750475677 0.287129179835404 0.736760846101745 0.284520416015034 0.957411914549209 0.191483137272299 0.0982994319515129 0.759203128165763 0.920171575232303 0.619433317650005 0.693488162536958 0.0424908239970884 0.997573560342708
0.173640428091852 0.598003677114346 0.685010148076608 0.507076134255218 0.918956793891088 0.502485143078024 0.113092744803181 0.833015777532641 0.765122038883013 0.587861827090807 0.208438428440046 0.976196937653081 0.570220285911495 0.152058732457615 0.85730087144393 0.999415934583509 0.805222611217562 0.6700480596916 0.864721466592508 0.955910625311928
0.0881464670617478 0.408348946294316 0.0816223477911924 0.758967998004642 0.0341259699075641 0.0803729670475317 0.213436432964623 0.446364326915055 0.813988876824871 0.22858480663619 0.478233712772989 0.957104922140148 0.0905575976987843 0.0602020022092682 0.598610516167875 0.962674698233771 0.421686592721429 0.303162576616358 0.199918209648952 0.124839344814018
0.339958908831149 0.542969541638505 0.557020730761514 0.819201031868935 0.466059308030647 0.413763678825517 0.0488314786235066 0.077181140488475 0.0767699313796652 0.404162681150216 0.353035353925539 0.994570000814674 0.189010551693416 0.210948450054669 0.464601251525165 0.855555269360501 0.298671763225807 0.470396265624493 0.980304708913663 0.002453120703484
0.128345105984895 0.548037048955353 0.713697286123311 0.464862881004106 0.733843646030791 0.674026091375672 0.103125490483445 0.438565076587261 0.301857465507123 0.341533830500175 0.216961227658808 0.995551785094012 0.134263628183284 0.104045197356536 0.615188604171962 0.113706796982183 0.39553737914309 0.533102031358237 0.0284871716550613 0.960326674226114
0.146034048943034 0.627324559083111 0.924330555153854 0.758570265504876 0.734310234825563 0.341744711279366 0.0380447850269834 0.158064339590277 0.493367688436387 0.438030525521529 0.183531355089225 0.950913295080803 0.16215217507117 0.100220444042309 0.384372173611302 0.686904228817495 0.294942998078646 0.280584128781328 0.00825066136941006 0.000275210622680214
0.278056301558434 0.716380026952219 0.739913550337156 0.744414708667338 0.683134603795472 0.376859752300743 0.342102837600889 0.32430255286247 0.868486443377906 0.901051226198485 0.792940363569676 0.899384466571115 0.432486215869993 0.598341285083658 0.847753942111761 0.999738148014945 0.787076507703979 0.567459663245973 0.112689820423619 0.025805167347458
0.0134418051682697 0.39139172092244 0.234844656935077 0.575179310166706 0.258840280115459 0.859860871594634 0.0237499169630074 0.00191605399553894 0.273622939972825 0.0228660593714982 0.0251508214852093 0.849941725713824 0.0505712674908103 0.0231079688808041 0.463485015061706 0.15914109255033 0.552585245529444 0.3197813946693 0.00557465319004654 0.000984053276615233
0.0347055906282173 0.439790290929591 0.153922639361724 0.809610482879243 0.132584462708389 0.598039163733604 0.023629873072523 0.0143159787835332 0.184345125056478 0.0588229511323127 0.0723731170386815 0.181376434891882 0.206910727233746 0.0519579299120482 0.355432721856967 0.564218986674903 0.472385844766779 0.198405337948389 0.309396980981436 0.00195347991188681
0.0879545357471241 0.500454474850531 0.252681544644483 0.661543468915389 0.16205195776609 0.165276574015825 0.0133440376743055 0.0324278302296168 0.0928395229892863 0.0298483951386231 0.0253607444505511 0.987792292230081 0.100350511136349 0.103121820554573 0.511424276972758 0.662936542262467 0.787245978463947 0.671389721884364 0.101647515572574 2.14792565091472e-05
0.0968574490788215 0.56191137973246 0.222153113754413 0.75270509225196 0.132019785869166 0.202846646424299 0.365467603431892 0.569817089765229 0.901674482845582 0.167628458645738 0.492667056355511 0.889493759293979 0.0703802975158332 0.0946728084453637 0.725069382359236 0.410530946051822 0.741086840159848 0.526570853933983 0.197409256425452 2.38313222708251e-06
0.117823831441168 0.649038801169496 0.318814790530221 0.519697312404326 0.426619320856064 0.147623641297926 0.183113338650567 0.501793340076306 0.179411966021316 0.522031849131411 0.1318606696769 0.632289726051963 0.123425404623742 0.301049027413954 0.700265431272552 0.567872095970455 0.422074903509321 0.451407683981119 0.0334454479210002 0.661954196706801
0.176722782978181 0.672330643894664 0.552758189720759 0.703003199217795 0.830838446261901 0.734018092865145 0.13573060846252 0.907960124374658 0.919858204245635 0.8135741844829 0.927430786972139 0.979256283535531 0.547171450562561 0.187218512237529 0.564281255533299 0.997339524003481 0.327455888712059 0.6066900779619 0.0152564362641196 0.0981933458256
0.30254533844395 0.718136258337899 0.975260611318878 0.752817443210018 0.635072643577541 0.124445862598275 0.240450140718554 0.821244146896635 0.966973870987766 0.921266983158768 0.723925832102161 0.998190978323618 0.660846570440257 0.310132944695886 0.908236735629449 0.999506429999667 0.626029253058084 0.708003433125217 0.728017671572464 0.993534398703251
0.165731041033124 0.535266665643116 0.463551997995232 0.54583926253302 0.295238108363285 0.0717943826817038 0.0600462502243536 0.126397967238008 0.296420970736108 0.0907775574931121 0.149563939199114 0.207577493455037 0.101477507431526 0.0591739760322216 0.455092449922284 0.208723519730828 0.375488736311802 0.461951160207076 0.0300571955397692 0.994469159569994
0.018250100451251 0.547203664520428 0.113489884426219 0.406226551583895 0.614946059904896 0.748133737791149 0.0276517376072015 0.52155925631773 0.838682605675483 0.15581274934718 0.0334618795289654 0.989204916524135 0.0370543982155727 0.0915341143033639 0.669445835312572 0.772250959367243 0.353816672564346 0.459280836419771 0.358361132954938 0.156943169497637
0.126046388219404 0.42003392538944 0.238759782154099 0.492652496267861 0.771028194733914 0.279793973953022 0.0354554650460449 0.387811860848838 0.507874973592572 0.240048026447569 0.20785387676418 0.110494759354248 0.0430521934135316 0.0981785942505186 0.189448656203129 0.921627456897487 0.694595029292328 0.1996489842668 0.001186381588656 0.971567335220733
0.0777654403740868 0.636987855223869 0.53372716600626 0.562016722025729 0.15815817577303 0.776130106130504 0.245698837314533 0.298985154078772 0.403204369937526 0.123108400838721 0.303573835763662 0.913129276282303 0.0922225405020685 0.0647323830180641 0.574720366265092 0.835702004059859 0.510347860648759 0.211821353421545 0.00384438240133414 0.938282352880216
0.238810190972077 0.702544529748839 0.817593111295289 0.731653911615586 0.110295432052478 0.555580810065673 0.250699345550002 0.55036121349599 0.395092539154307 0.934098739436132 0.191333096243676 0.983781809419169 0.309639631846916 0.208081018991522 0.653496956080522 0.896549663034404 0.528154172020549 0.672858239780312 0.393813696854138 0.00182463439903441
0.431196491266677 0.776988063198995 0.445538958806914 0.681361984704618 0.841639250989538 0.511819949091187 0.547932873788043 0.649859688368966 0.183993731317205 0.89505363362352 0.547736330360429 0.910947322055347 0.238706265489328 0.231156009125074 0.720834418718041 0.996135206297056 0.732448879914376 0.812423431147442 0.178024615186442 7.5094973451882e-05
0.377400048597059 0.654065170697696 0.863975060608844 0.665099426069376 0.6330429733184 0.336685007670446 0.309081124519846 0.78593360660061 0.979946244275554 0.719348593162757 0.59036036704577 0.97818417380685 0.636860842911726 0.174177445892303 0.909177239297794 0.998855764871926 0.722320058242943 0.723175837605972 0.998417823120407 0.992663243926582
0.0208746289656549 0.531738838303517 0.577640629804513 0.406417329754165 0.162224589645662 0.76567254539574 0.0616559199320127 0.372635311761512 0.0929217535941012 0.0162109197832455 0.308474650852628 0.425141980375746 0.056048977460208 0.0739532912908166 0.489030683289579 0.455778519464338 0.397956095065793 0.548544947997988 0.00134517947624757 0.00126169183054994
0.0391219171875342 0.559420917275335 0.0954050552151615 0.729574385762044 0.139564157716522 0.10079383967716 0.0364148700923491 0.127363921534715 0.136730768092041 0.0902673958725175 0.0875084674299288 0.322007882813486 0.0146364289191763 0.0382195130366272 0.490405870289378 0.0909118180792925 0.236477994176603 0.463141811226366 7.89656219325175e-06 0.0198794641862096
0.556188607333532 0.698556126367869 0.884451985719254 0.840786552749932 0.934858295638393 0.734113707446244 0.340734983722685 0.93365679377175 0.882545209652084 0.82873737836347 0.702366981822 0.855517245657408 0.465132465528886 0.327534380222325 0.652640693566605 0.973260980612666 0.710111198073512 0.678675242015486 0.459759415784524 0.0219922311069074
0.153760129334969 0.510739171557689 0.134251645711009 0.695529038437683 0.116572715747522 0.779051532247254 0.0604563132678622 0.829165299613104 0.84126849443116 0.394919186528717 0.266873107636982 0.398684276857104 0.181953914131526 0.253051983565886 0.419197041710349 0.996291035197402 0.753880246196483 0.375210778183464 0.774646032337546 0.0214600375240161
0.168003925064738 0.626483858490755 0.38889201429627 0.566017342219093 0.516064987160266 0.25855454101068 0.112463762062657 0.24773881720249 0.0491491552187054 0.268065177139534 0.36703192088673 0.440507768456704 0.322046189748165 0.0691867417597135 0.533076854648916 0.0298401689101583 0.230300469397722 0.457481800844955 0.522282040037074 0.877542540188189
0.20752902303049 0.487481695490787 0.298614507078155 0.663180072750931 0.0199212300099672 0.64790483867627 0.0568957128815798 0.124346689317947 0.895421283107887 0.146091263054812 0.170508675549285 0.420413787477806 0.0922278564854196 0.10453345896878 0.193577907142085 0.99916274369685 0.473502362922093 0.467783050674813 6.88059966437979e-06 0.995447313903748
0.120139241037553 0.412969187625568 0.266235559330729 0.791589863084859 0.0761264837989323 0.526482223907057 0.0150541607783486 0.439678150364891 0.306683182015159 0.0617615622874916 0.0235014590251011 0.156765099607823 0.135160956315202 0.0371595510536264 0.270833938988343 0.908029039257417 0.188047266273687 0.55525492939942 0.0236636386950282 0.00907004233696038
0.435816764327243 0.68667244315631 0.758337495202778 0.679061139494077 0.95737344399749 0.630692782436099 0.308944319095336 0.867297784367547 0.408157065333076 0.839844476439738 0.972300150866482 0.999463973925031 0.68920717089653 0.428481172915241 0.882287912440485 0.967775492583807 0.380772742613019 0.645497218961391 0.982246517543204 0.987815316939499
0.0728740618018306 0.532973346764199 0.246127330892802 0.693119734567599 0.83986484565703 0.190261924504554 0.232809920120085 0.0447923357490763 0.581636750988366 0.239662489409337 0.0661779506280223 0.843440019957331 0.121352163990343 0.0497611138171421 0.766021649642444 0.99261403848523 0.351316596413061 0.37405957959715 0.0329067679944159 0.999848992670946
0.793722694854079 0.731706770829925 0.902691343646776 0.703297274342979 0.999701484917751 0.340598681241099 0.747741665029379 0.993332358251123 0.906897228876612 0.988485346399732 0.997634317427151 0.994643932221527 0.75787908956246 0.753783318692316 0.89599602721705 0.998720989950196 0.872749817660992 0.81364774167911 0.999419741711037 0.999167996537594
0.0168739535028755 0.47978626069249 0.257480949878988 0.494855639507707 0.148210672670865 0.354383729468083 0.164128504167638 0.115850387208882 0.00183591007319256 0.399346260099547 0.00189896582201542 0.75187147836157 0.0553408544350355 0.0550466910035423 0.37844356502381 0.952595225762075 0.436757135481986 0.510480833373335 0.000185750303982477 2.83748158332414e-06
0.329023432313438 0.717956328310355 0.368603386867115 0.537726082200039 0.927703226592488 0.302157190408601 0.193130518457925 0.969438533837821 0.93308851758474 0.861332661365979 0.981570801540356 0.996008351669945 0.515483682158447 0.276843213048011 0.823533596052349 0.998710882442625 0.475395317072831 0.563831352291041 0.109338854968663 0.0433840418640929
0.504997303136956 0.727268597255779 0.493568431935211 0.38501929918389 0.603157454994247 0.817013887851117 0.271630661998485 0.986271755582917 0.734012750846995 0.783572758118082 0.92924850801849 0.993622724114727 0.664353977238348 0.409032392640961 0.710386704218181 0.993781680463287 0.491136362654857 0.538230698156928 0.579375127491222 0.0662661515628737
0.513273620829317 0.586397421818036 0.709803305534643 0.506856770767272 0.935364367447156 0.383137840959186 0.0434314885511664 0.897053708487975 0.681418785609693 0.919033754892324 0.912052877412851 0.977358937207854 0.521350769405541 0.131445581870917 0.521523730461963 0.856587019353075 0.435230142976899 0.553818937334814 0.200132043023601 0.821565680062615
0.138924364226024 0.441043481546334 0.922361619930453 0.425990600307453 0.11402412277094 0.153306033899646 0.0379685881761387 0.917679522016714 0.599514628522611 0.0552406866704894 0.444705396173276 0.967621066269732 0.109776017723475 0.0935625187669301 0.560063273143141 0.770597212612839 0.438530096352802 0.478752795140619 0.599006732244837 0.995742006428289
0.185169561572006 0.665886673257834 0.578673083145546 0.788338006242017 0.942191473633592 0.4846897312144 0.0957784674191375 0.293260204538635 0.361340159003408 0.528526376416959 0.193788992178818 0.957130262120506 0.155626413287738 0.123584922495991 0.56104414025553 0.990917189729678 0.278740077275327 0.472073594217928 0.267291451439559 0.188378315982992
0.0177862140036691 0.322056759983098 0.0680558459792844 0.549028596462714 0.0194752714937193 0.420843055524552 0.00274261597402692 0.103895942002384 0.862588406727274 0.0226059986826766 0.0116872667780906 0.843820256269511 0.0479021681904539 0.018335524767369 0.114332050431464 0.198085353629443 0.187260604555906 0.330788628277057 0.147141265563011 0.0016011090935461
0.14048037549711 0.601933168821586 0.771725163424811 0.658330801880037 0.853753985775021 0.640927340900146 0.0770262417002789 0.180367067327823 0.239489224070405 0.277487077830879 0.113500328178293 0.654916908532714 0.182908107846835 0.160497309558703 0.625775415789175 0.863298283550656 0.666035839942861 0.490329988877018 0.279028910882466 0.000949775358860261
0.467077896256492 0.69558201745892 0.645885015450768 0.612510915659662 0.925535060019047 0.592947459558269 0.189824636707669 0.383896559767235 0.988674519832603 0.67435465725327 0.81183213641468 0.719213093802569 0.286671642439702 0.432782678913937 0.628098279085083 0.999983797065655 0.794845313602897 0.649018745948162 0.733458953899715 0.850547517615822
0.0236205829025302 0.431191666767183 0.426715705969028 0.643948443530502 0.172778202338495 0.530634179618781 0.027036496233537 0.0292720082528391 0.107896905644173 0.0406062735941567 0.0870445790677475 0.0827088536198484 0.034254588500391 0.0227988171946493 0.181408994051127 0.00943021873990047 0.427596309307157 0.385550003909298 0.000338760955613605 0.951240295005203
0.871294785700265 0.825160804332381 0.973538378874765 0.856430794353423 0.998410606868074 0.849474332643658 0.957104839844349 0.999101202698051 0.986534607330164 0.998816479540335 0.99892941270973 0.999887899118557 0.941102760098348 0.810921283071997 0.985992105177513 0.99888703714629 0.813144633546022 0.877910194420737 0.993512674563327 0.984787921370112
0.411367815789541 0.633749690880438 0.490591190589464 0.906950934772391 0.804041403371982 0.349649413190155 0.306369254441121 0.26238831623175 0.925288613270359 0.51618358570017 0.647552671091374 0.939403748100263 0.528805742215237 0.099449167500758 0.686132909504218 0.983433487658904 0.426902891351729 0.946834822120171 0.818352599693318 0.597669816615379
0.388367286886112 0.683449313550007 0.772800024231682 0.544483662368945 0.982605784763713 0.437689763534662 0.756916966778779 0.268784271065244 0.989372220307788 0.959375056480332 0.876307352982601 0.998099297527975 0.476280820875561 0.250558969358187 0.972585554659902 0.999712732120991 0.347407796833065 0.741791192162751 0.927248773432126 0.999097245016841
0.104033763498787 0.628146752246092 0.901159167401259 0.701815340260883 0.374666603719287 0.297478761509059 0.048007805733471 0.612189111970775 0.995565771690194 0.463946479027222 0.483952788375927 0.930403846578396 0.215339049212672 0.163330032453419 0.504668501519117 0.822490232992381 0.711428748115458 0.445244778102572 0.908778197346848 0.493032760761356
0.114379413796525 0.506093794683488 0.845118647539365 0.635287651319337 0.440074772823584 0.201905221380512 0.0297109218945783 0.232962667432827 0.02000422451714 0.362542446806046 0.306922461598635 0.820002290066009 0.281966334750903 0.129170655098622 0.617419176508326 0.86493421125498 0.629672379508028 0.433803641351054 0.256680574696603 1.23238733600438e-05
0.454067964316012 0.69090816221185 0.698482081979215 0.708031842822509 0.98087678550291 0.545742896041094 0.741113425810772 0.905902235311276 0.991759087619651 0.962283830498421 0.990214000707852 0.998528014678342 0.662679822033728 0.405961512077062 0.969986011768128 0.999162638000449 0.706136708406891 0.756897128109254 0.901272203431586 0.99999451814521
0.0216955731836186 0.540267895462343 0.138336999436713 0.419118633549007 0.671387972722482 0.156197764308931 0.13636835085044 0.23051770405479 0.923293626399876 0.0622954786857806 0.0141575511157627 0.982972462537074 0.0704520570581499 0.0788739071641221 0.256182591320745 0.82449078533127 0.463647256710387 0.313946308776847 0.00938435661952087 0.674566500246972
0.0981919760162222 0.52926059809971 0.507284943268111 0.522241522571535 0.220919928980873 0.367790755786716 0.037331676031214 0.186688220835154 0.0905213006512123 0.15612994837217 0.572034662131262 0.755591832076533 0.0593958556743077 0.0395685819962077 0.43911350862273 0.983843895148689 0.576691718085029 0.527994768780052 0.266676694938183 0.328570113071489
0.0237589837276976 0.409913448380039 0.0928786152921668 0.608240359371188 0.0818498752379279 0.0480543427246304 0.0187553948250713 0.00362403585137912 0.00471704153570067 0.0305490498247799 0.0230487211172385 0.0274637425652587 0.0614086784494439 0.0356073616291346 0.123800215364753 0.00273671368767885 0.140298503264558 0.262497351918657 0.00326999795206524 0.0799862369079558
0.0918883389767167 0.587576297821363 0.358163789084573 0.660881458944269 0.848894143103886 0.697437706345948 0.00477591609604805 0.0895626839530685 0.0537404614306105 0.0572359053075424 0.0631649244107838 0.363666012904698 0.0421483105903037 0.0963970095453653 0.364329343772283 0.979819989264583 0.42660791757152 0.560329630396622 0.00117750227109038 0.0274644238453237
0.325816356443371 0.656215623365271 0.801768273947979 0.602684861165814 0.772976782215304 0.469867724853425 0.397247450133842 0.44078072745441 0.920227085493786 0.445347765026054 0.697722511288756 0.959512174763675 0.579434874166893 0.0867940636936044 0.805603470356592 0.976847139495324 0.841800701592624 0.55069751699957 0.00692951627779534 0.351752546551498
0.0302648253157876 0.560016582688289 0.48913073595426 0.568704685020936 0.020875359590121 0.181401794440553 0.00636619277862726 0.127887912265893 0.12195977123504 0.123090649990443 0.0426856775784089 0.528578747263635 0.0977580918821458 0.0506894637463344 0.536171238623047 0.566671241900072 0.398529080765888 0.393919349024012 0.00244353414137324 0.00121834692406919
0.0644824977811704 0.479309175347971 0.19378118141937 0.492076197931181 0.0733327614753482 0.377279212533594 0.106284157635653 0.208462079352249 0.00161253622727224 0.0660551185400863 0.648776066925704 0.986911900494054 0.137367000386005 0.0640074735562232 0.687568699522292 0.616341927878136 0.683938785318937 0.271361202125871 0.00416233576038327 0.226920795564271
0.660815781136352 0.7081418186535 0.90174101320923 0.299178298267028 0.985524574862404 0.406897426710215 0.15701439774412 0.939999879878076 0.128898300943162 0.92865662711482 0.972976237912551 0.977663559181218 0.565787114660191 0.360545225091279 0.748864121279515 0.99595413238363 0.51970080522525 0.845333297151165 0.0113342458262349 0.981788152383124
0.27006130134442 0.606346404688391 0.892117626407351 0.672630192949557 0.946577607227078 0.323750213411009 0.468367880495134 0.597482930521961 0.967297540568361 0.273714520882224 0.233375775542193 0.867635141152008 0.183907757861407 0.217656168102183 0.377052344423673 0.0627245368387613 0.489006961658437 0.770676801843222 0.0291563672245813 0.435604245952338
0.0376462117921831 0.447432530919473 0.26854933752839 0.529945011712818 0.0632080335082953 0.180339679008987 0.0187836732076328 0.0144075053949086 0.955620542545889 0.158028582025366 0.165029773676595 0.679498773421562 0.0497818765493372 0.102919024423755 0.375016087767512 0.647687117939881 0.482003468675634 0.275885638998351 1.7910624259521e-05 0.0470482100903194
0.044194008512877 0.57922070580266 0.281536732315472 0.648077238691877 0.634024889083154 0.171499278946298 0.162848983028971 0.106147941124568 0.825165419995369 0.151409407055827 0.266474990826196 0.990881590848167 0.138035331883333 0.109631912405277 0.458295092612539 0.734518694890401 0.27319460786551 0.289976601368271 0.230096000165218 0.0222026277151551
0.277918770629471 0.66317350857004 0.528299771545693 0.765134069424926 0.161104670956649 0.628867640807931 0.10548447567428 0.516644044553242 0.860539535597982 0.626042308324051 0.35514970992891 0.772069413235125 0.352430813287563 0.098025950161441 0.244888014255948 0.996850183537921 0.429092498881461 0.665691097094404 0.775693846527412 0.999989707276037
0.0616694970954796 0.6452912203887 0.676079801147244 0.812948095221523 0.12126888568435 0.0844588505885009 0.0142330396700967 0.186258710993253 0.966152773903917 0.232053545461972 0.168681114251657 0.86875450177877 0.267971819648587 0.0826407475510421 0.236787710800613 0.873146561176701 0.606525869542349 0.369644786809581 0.00061017074942261 0.999101046151333
0.236374171277597 0.587319057532441 0.289417898556805 0.791493112337209 0.184679475599365 0.715748402830778 0.324662412965172 0.533780969753248 0.714956436891627 0.387454626833636 0.370402859414058 0.994508394854065 0.358487097568099 0.259525157726956 0.852813237358684 0.855934821341123 0.321854441917336 0.464227540481387 0.208832963019774 0.781944448775049
0.671560683814186 0.758696696131484 0.773803015869836 0.722224394435867 0.967039116267581 0.587611327502233 0.697652371010712 0.981413931386846 0.973724398648177 0.964191154079496 0.988982801208045 0.960258449463032 0.740847496424521 0.482899662470792 0.857674022810805 0.996278651811866 0.776270421768215 0.787228135713226 0.959735490830777 0.998421283322137
0.491633057972455 0.634267076661886 0.627572040419399 0.536328710632465 0.746643727363828 0.599601481545612 0.344341179225993 0.482261533649663 0.755089623128006 0.597629122851537 0.647622964781412 0.98903739390192 0.52799420816731 0.057168012085315 0.864562004672274 0.9540449575881 0.60378913395781 0.859485577725106 0.991763415815998 0.993137278953372
0.188486137797571 0.658404632831562 0.17577867291213 0.419668429087841 0.409188936137309 0.10133827147665 0.024140261417921 0.110136388332015 0.178858816205476 0.108721068211885 0.0218839386465632 0.996823447085613 0.0537069914575244 0.0839512283149467 0.399260796374893 0.354742870846 0.338869338798104 0.37042705456468 0.000338060096413278 4.50076149383711e-06
0.273586002192389 0.510710952771836 0.537533113737174 0.726314426657697 0.272695071653424 0.362906025862789 0.103305004171979 0.702922184287436 0.175072209486579 0.236428563383663 0.0253786069698434 0.479377319703713 0.136365834022442 0.130395056142237 0.740066753221812 0.751089376203282 0.392890745605978 0.495320366001992 0.267515975108295 0.662717745786431
0.195041445713248 0.458289842898238 0.550626582471828 0.722906495850164 0.759335918018734 0.265921156434083 0.0231830966119893 0.290019893010009 0.759997592838833 0.240300602248835 0.112298565922942 0.889075608455028 0.0943070988161652 0.138233212629923 0.622357115258298 0.983941510096118 0.434233158857703 0.28148870566592 0.0290052955255427 0.000463863688512647
0.109939449085016 0.659836253168258 0.147784701939115 0.642711949017283 0.888140469532759 0.450586292860211 0.109175813525644 0.215973640441946 0.0174213182336418 0.181620424091287 0.608034007310367 0.611458036970267 0.296351265814088 0.0635220104957783 0.409736775879961 0.934754827761304 0.364688402948931 0.452393684434466 0.149910753720802 0.00811881225919809
0.444391917220112 0.609163469637398 0.853248845301263 0.561894550793735 0.799917699830225 0.27150656457582 0.568586375789547 0.883171668438788 0.420526834615192 0.642177456987207 0.869304385854358 0.990754282718697 0.358178202926442 0.181508933153938 0.853453200573929 0.999456613289808 0.701758308060129 0.601389226164373 0.00617832856717032 0.632862244708496
0.501454354733111 0.710050380778294 0.795222228183277 0.649443972446288 0.991050433856272 0.4862892226324 0.500813401108408 0.995139153766108 0.953114466197049 0.878393574669792 0.861370830068941 0.959512658156234 0.668271720015462 0.31379101722675 0.797277752499306 0.96176717939883 0.698666701429955 0.555687202186274 0.995934370150009 0.999977759719349
0.0555902001936809 0.511444392075041 0.678041740013895 0.565827893795191 0.0169793504048795 0.329684759349445 0.0879580656520259 0.107232135566911 0.212505520409055 0.104424111617708 0.473830625064911 0.825121439401349 0.0883394251833998 0.0769227696199553 0.306694150592933 0.547571409783001 0.187659599013245 0.305092085967017 0.107507998168194 0.95313026291818
0.0630741013116981 0.500109053432094 0.284041451140725 0.472695232731054 0.568397575533144 0.139017076903024 0.0762568476178036 0.0606441028790027 0.0272784597305275 0.158183977759652 0.108920142165109 0.57567064737388 0.0471608255503846 0.0858090556876051 0.261010518889783 0.900236418368654 0.398820961492288 0.500759557632288 0.000136488651463579 0.302025884359715
0.315794036566006 0.642106208181316 0.805439429953022 0.749118137826052 0.746693567276988 0.268254198111027 0.0808594831052925 0.413823805285537 0.636789815500995 0.699492144857162 0.380261779556571 0.970624524773571 0.256767691401063 0.107231387865913 0.903985296997554 0.925334465012075 0.577826492870257 0.646442990701145 0.867989725108165 0.760285308847002
0.089474091599573 0.569097683203009 0.645814037895434 0.397933033640078 0.402650818969519 0.298633162585877 0.0693729925321 0.0313055532780047 0.970381458863777 0.0567199515986009 0.211098278355033 0.944570846181505 0.136113235571284 0.0881118334877656 0.369331543594882 0.926389817288448 0.560771815177593 0.674118506975309 0.00413315085651142 1.11534234829619e-05
0.538580794292812 0.660210314381042 0.975441877217823 0.628383324989272 0.995335732185443 0.731448730877195 0.775934361118075 0.638139015477317 0.932513249832586 0.978510812906181 0.973041016105004 0.987245472030225 0.780091895381931 0.375074809820531 0.902889000041427 0.998652052978244 0.794926425154098 0.771668268087149 0.522653590318776 0.874917589758268
0.0380312625083854 0.560563337439284 0.113687386323645 0.498712045618682 0.0137147475667107 0.488169100566304 0.230061852099778 0.0538973835194238 0.399599942536761 0.139767862121006 0.076868264970766 0.498707677227592 0.180315654440269 0.0404408924008976 0.48056569743017 0.88721930501222 0.50629568658041 0.368212739417939 0.96314311492855 0.00129654993122197
0.494755549569067 0.69902784537471 0.573279418643648 0.778815346176861 0.837998068385216 0.302983697367201 0.488751742361805 0.502549367257038 0.998493125166435 0.682781746818836 0.666407125795652 0.675756498949198 0.368623882117626 0.155782332865298 0.682595493785498 0.937454515503754 0.555100288913701 0.65385114154794 0.0117118719567406 0.161487797617021
0.254737720168966 0.557793294424543 0.535784037165012 0.727185852797982 0.652812872572503 0.292462138582692 0.0761873846466335 0.765108264168229 0.884661241791423 0.484872527117983 0.713355812425517 0.954204948528284 0.20789968462796 0.20413356770508 0.831639379593788 0.991619650193234 0.699137507549885 0.567410769008756 0.00842852728749841 0.155175410593324
0.224984735639006 0.652552050303302 0.629378967186088 0.559084744529048 0.749009899931728 0.309607118958816 0.0103064848078358 0.508017659525089 0.961247846892382 0.20315386075838 0.0989481451783834 0.742759213263848 0.320538401658833 0.114430837345164 0.729937349145266 0.0887889598597112 0.583887566428249 0.549768204380674 0.921924994486267 0.000141533528763876
0.123564573229834 0.549263029285737 0.690540085443595 0.747917017742163 0.65123587453861 0.317538337856458 0.0545573926982743 0.336861430420138 0.561347382002049 0.160993461656645 0.0612756863325778 0.956579373036105 0.0351020809382199 0.166894536632313 0.561987326996544 0.883670519672452 0.47636867188083 0.3640279343166 0.42048925568041 0.999344865306758
0.266393443015572 0.622242188745807 0.507483647694327 0.74307598346072 0.778748843487491 0.227780831265 0.0968718522683687 0.110321147448055 0.942057976709166 0.729326855664226 0.629188988562944 0.987707001214185 0.612368943552215 0.12851171978116 0.62797421260317 0.993500541876985 0.57070634422659 0.689785257753616 0.172828295675021 0.99980664971929
0.693999071049222 0.690390430859886 0.963689917609103 0.748085645993625 0.98962096345389 0.622910837030018 0.34664943990861 0.681996005568345 0.970098697142176 0.946457908501733 0.954588403474209 0.947048669758548 0.826304285574181 0.529182263201862 0.888582542702278 0.992928818500156 0.697651389364187 0.781214061553525 0.900357790570374 0.0276044377060536
0.135250811705671 0.621975022339967 0.548617229275821 0.640385052712819 0.877717684422415 0.464987131915969 0.133545146183544 0.322715805703858 0.428978029325413 0.558817125659306 0.521905010674945 0.981648385131884 0.265312500718465 0.281278808813489 0.659300763138391 0.853331407569232 0.345781626575433 0.555747513698644 0.0059591299193877 0.96929646312785
0.0569533756394726 0.564286945997279 0.164926402108195 0.65188514085244 0.0674565492423302 0.805141250722448 0.216051206087963 0.231742925423205 0.537811863130258 0.10100833400212 0.119530614222895 0.609596429110231 0.0614724626364746 0.162616478354315 0.902896198891483 0.0329939861450029 0.295937880994359 0.36956280888883 0.00277836056457174 0.00262985152428304
0.186192021861211 0.558839715352765 0.511292515006969 0.543461426986612 0.197212040737312 0.433518289405628 0.703202421962822 0.0619476312382697 0.894452363419848 0.308343889439975 0.0968554002109832 0.981430975397387 0.121917680774395 0.0739983488862836 0.677617032618466 0.761819139620567 0.549666098613061 0.546112993152391 0.957870115929838 2.76938779397808e-05
0.500951341240653 0.767204506396676 0.898542508482607 0.830132421001683 0.998136952863885 0.896048184850361 0.896108210267211 0.996866594680498 0.995960097678391 0.977406205154921 0.988678175647959 0.997034495918298 0.897620075386865 0.461567901824235 0.971659832926556 0.998365989990194 0.485775084347861 0.68987316095779 0.700731317736302 0.991117293993823
0.255774953622411 0.62956610399479 0.89381272539978 0.654868498647506 0.65763423560254 0.0500129374386072 0.00934394317147015 0.480801506457988 0.805549025560702 0.578974430854715 0.208596512885189 0.995442920274728 0.172392359350892 0.0984688587663307 0.47182896473882 0.425369632240595 0.605050091714546 0.116557637236313 0.012522755673808 0.000360850465135979
0.158680919470584 0.566888586278798 0.16621174667398 0.77609508918677 0.195992387885647 0.798679369748437 0.0410921809098619 0.226893847777651 0.818503841426568 0.463788174968096 0.184132762708264 0.687597511164687 0.113092640281767 0.0614478738908393 0.227927249737408 0.115104522469504 0.364535169661818 0.276204856824851 0.0110590152152789 0.0530818275626372
0.348967873746675 0.464079365373032 0.210994244860552 0.363903124599416 0.346809395864196 0.519619200510377 0.462768304806981 0.875652006039636 0.89475311961823 0.745518016796694 0.804480836965063 0.933246491553656 0.28987248305942 0.13508557696446 0.733093448925172 0.252056893110687 0.490656368141781 0.62522588497609 0.084481624762117 0.0617510504027558
0.0378909624428118 0.417261471033281 0.455465127879213 0.638866717162848 0.0170926708789972 0.447918908063916 0.00717544910850427 0.0398314369861525 0.192173983917301 0.0159221249392778 0.00611898640272314 0.0842706959757274 0.0116479853697976 0.0324558717531659 0.363080939936197 0.0562432197374255 0.565862954482225 0.171761207936736 0.00361269591444231 0.00865316057416457
0.0796868253783251 0.618201031874414 0.820075191808523 0.428039505396541 0.770040486506748 0.760839436001451 0.0316458783437795 0.100868531058933 0.0894427408256933 0.225394961912228 0.637890102026787 0.698655580697492 0.162033774579291 0.0936473108128443 0.847974440907317 0.527321769962322 0.302932189521685 0.418135773337443 0.774487570829824 0.992518416115032
0.278782273020677 0.685747886582909 0.326308046935746 0.688901840449718 0.840457003828676 0.591701821617858 0.0944024305509684 0.886384258798896 0.901303857029281 0.227644992349905 0.479727267336551 0.983684762393951 0.330334216335628 0.289347436747797 0.377550834309997 0.884462158355958 0.145872974907304 0.670808299009226 0.856557898935067 0.976260186103599
0.335213237464792 0.682477230037779 0.50212813870823 0.732997830316057 0.959981236834802 0.507833927046395 0.204150738110103 0.885788443213597 0.924978607633251 0.829697232261596 0.979069589865917 0.995540550853026 0.258437721291198 0.39986651237356 0.802474658093565 0.983827801827499 0.877076134324772 0.603031363643594 0.272215429169167 0.00079257709501297
0.201548330810816 0.505782375188358 0.149146116953573 0.791907540067287 0.759125861214663 0.571129059121224 0.0798488349784363 0.975040211077796 0.419115875028713 0.534293382568499 0.055657193723682 0.910320263638921 0.399725661349949 0.0878815867644329 0.728646527541988 0.943242702400218 0.336671222703393 0.464410158821993 0.13098272817078 0.999796713644478
0.0367189499061479 0.423594318992101 0.101871555687013 0.577977381181788 0.00205176506866382 0.33180259503741 0.0372616193860884 0.017143521467365 0.60273688326392 0.03356759916419 0.00953081358103957 0.451231955678626 0.0268352157048521 0.0255318764033253 0.20713607381899 0.0789963258625136 0.275411695392831 0.488727421030874 0.0132652217944944 0.625730673276105
0.213759546026108 0.580862633572709 0.975918913673347 0.578701556902016 0.934249280705325 0.838335022496121 0.371495268976737 0.899496151127364 0.0699905835087968 0.497386942702902 0.32427040454099 0.994665278578399 0.374478478663041 0.207611595773151 0.349686461491507 0.898223433043306 0.774729846373659 0.584793904229485 0.157232444026157 0.999982232595879
0.0869267253378038 0.633010007535618 0.252243086672927 0.735368612179975 0.61832682539255 0.45429100619682 0.0425326389791065 0.304983404193588 0.0228836440110624 0.0694835487879066 0.00956337873796443 0.706354570127063 0.0716476291425871 0.0473519369371246 0.523461932770416 0.362432392878575 0.512435518090982 0.621130399565026 0.134554622324461 0.827230776150102
0.549274385784672 0.646681043752154 0.670969486662229 0.733910598457109 0.964076749330669 0.691357414772568 0.624663791415001 0.766215341536198 0.752082955026349 0.869232892730365 0.778027394004047 0.987967820563697 0.726945204038369 0.361865032076005 0.621060972236244 0.987449773471547 0.562598124863027 0.679732295853876 0.997514276376659 0.53162358115306
0.832627627618682 0.814380574113252 0.959387766888279 0.662097931388307 0.991051570673264 0.851612154398392 0.858112176053824 0.997046062179945 0.99698937634794 0.99488516237477 0.960218120248871 0.996710072341163 0.871885958649559 0.572248348354817 0.873033960742581 0.999951961117175 0.856939752489505 0.936583332071354 0.948605822388349 0.00420447519361947
0.326831682557191 0.725944288456325 0.841586010540225 0.738172030133179 0.617720418139089 0.605814576180072 0.0802229224029804 0.98422138878795 0.992595282380332 0.744962385262653 0.905466061330273 0.958967315199536 0.575314763464722 0.220996359056245 0.939436721562837 0.988287810852357 0.545578454600615 0.581028702654858 0.999115352578429 0.117917418781667
0.238302799855894 0.480112417427535 0.4538958294062 0.697809670804573 0.203993624390386 0.120451188721605 0.202667319196403 0.348892489413031 0.479738142171418 0.231982862874198 0.700466092344334 0.785544158051017 0.153506954291742 0.111655248437642 0.596350398212251 0.982568784239359 0.38112484010046 0.855813723423219 0.152842954462163 0.000824203802566919
0.199786415293285 0.580069414569336 0.685001515196741 0.39524519861675 0.680951293864163 0.267847948735746 0.0579372516337869 0.925618955879416 0.889012342670949 0.165487889435192 0.689922849099559 0.989728923813502 0.135963487780769 0.136711744561751 0.8033994298213 0.692169468240769 0.320730852371241 0.327437419360098 0.00237086186000019 0.993968801822205
0.0170573700448473 0.356944725164336 0.124155016510624 0.41872042576188 0.041639585213217 0.152135752661961 0.0040509500160063 0.012004123114576 0.0139175771264681 0.0136260378769929 0.00149729875405131 0.968163450313783 0.0241962190900844 0.0318059228541605 0.523522799779546 0.0729604064137284 0.335558283741525 0.116198813811629 0.0070017680312017 0.0110081211456781
0.0786337767430937 0.468081469476483 0.118694012453962 0.438978732083643 0.0634810240097566 0.49467310547964 0.0773112726528352 0.0479260295602859 0.0301948785762938 0.0734849108406513 0.195913508796905 0.519724619424591 0.0389212596930905 0.0407565455520836 0.312563689808398 0.243693330348054 0.404587375071901 0.402012614378955 0.00379309288884177 0.999745247275547
0.088452109930825 0.39727946134481 0.667195179857805 0.862169881248296 0.412276664474406 0.754637334755568 0.0260304248948807 0.0272406764886816 0.141233106649757 0.0809933620267636 0.0368346063643662 0.100640081459054 0.0467752521228773 0.0584211405293882 0.629351092755778 0.119714393357474 0.197658438673365 0.40853999235987 0.00500941276869935 0.00198543063163803
0.00622491547654655 0.301362736046532 0.240880687369221 0.570167688767488 0.00891349588574261 0.121300862085964 0.0441274676354669 0.0124184083213483 0.139557792634761 0.00558486971876592 0.00494287558466997 0.752997320574242 0.0207721501658105 0.00571620389979889 0.105139950540571 0.00171489906706687 0.359960578958386 0.147113394985388 0.000782855305293793 0.0236021746635769
0.141104424462395 0.671430092174745 0.268209134543931 0.545896972515837 0.641558815927583 0.610163343751626 0.119185812237804 0.609657789355026 0.792288345534301 0.55305545399642 0.161880769764883 0.910385577521177 0.0542660215096843 0.07598361802182 0.638255058268119 0.485788702086535 0.438014355053234 0.490002699427759 0.506108989841595 0.931011942889694
0.112914847379036 0.597364137954857 0.381266600913474 0.536816923212791 0.165450792270418 0.475006167047194 0.0529212097322263 0.464690237272862 0.599785019670773 0.726663632291885 0.306913309864722 0.55077383259872 0.265512457328825 0.182508044439841 0.466921098820501 0.852473060917637 0.630144349941079 0.641164228182691 0.896856109194872 0.256336238625894
0.492508997345771 0.609828535201923 0.969099359997111 0.659179455937744 0.997387533707362 0.33012538014958 0.348539445216685 0.81988186785101 0.672612620265674 0.755644839749774 0.940666079339403 0.985539728021221 0.53659661779815 0.425119828581094 0.930114503838126 0.869031953502492 0.664137697797875 0.765405518248671 0.252429020581601 0.979094721859944
0.00943510848033135 0.320837612992317 0.0327008213302343 0.352712976998957 0.0215448585412961 0.0890057190068872 0.00643305187260223 0.00245617004051765 0.00730287917024905 0.00232119485548453 0.000621570003976341 0.129455252752458 0.0158093918660632 0.0211797938886837 0.0998027764398163 0.016218877334042 0.285700499225348 0.11997401342962 0.000927032829304922 0.358894911001468
0.707228739815431 0.703374509808306 0.843421781351454 0.758558705283041 0.957590172429026 0.46417071868303 0.387570939668886 0.959185001738685 0.789936194184512 0.942657858245991 0.988946693635441 0.983204953454647 0.447328787177432 0.60894454542182 0.767181680451301 0.999153414495837 0.380604925735146 0.523017044164858 0.997468426303899 0.999961242215389
0.161243537724248 0.636460487462917 0.38922957588446 0.507838366019606 0.847568793290866 0.442393815851866 0.0544028545496447 0.805962868415729 0.972744647388196 0.285963520633955 0.186800536569105 0.79970951120501 0.214032987463154 0.13046242430831 0.443353807005324 0.782091236407023 0.624011445903868 0.641300770007708 0.0240175979343217 0.0139328043615176
0.24391282081587 0.497700066150147 0.524312494967483 0.682138004486508 0.692876959319134 0.309163335905086 0.360550737144226 0.364901029885515 0.37835798870985 0.397433454448252 0.464524368781567 0.849614454318896 0.275633385602042 0.179557598032729 0.47302226321716 0.79616375766054 0.372056501128668 0.539866242720584 0.0245725369128387 0.981676978366808
0.323422227269428 0.657881919468236 0.268123143446823 0.597924442660511 0.881879423023762 0.39563910485959 0.11407303533933 0.158877450239172 0.381925913792732 0.592586221092106 0.05454081736943 0.85917704243289 0.447217892966265 0.127867127485822 0.803497745115829 0.991076732258906 0.501659537227935 0.452630956450717 0.369869975472188 0.998351985949564
0.318285702267854 0.619319917218465 0.298724505643947 0.765699208885873 0.916973946606901 0.634547107850273 0.46512941367757 0.911886153645547 0.996619534988887 0.909701255519183 0.910526123470878 0.981234586369286 0.81674181829743 0.236563992886196 0.881451462024216 0.954691873825852 0.418708249134706 0.462201622447815 0.00845572421042511 0.0581716297415288
0.0370143861573712 0.433196313214152 0.373242684579798 0.518454552795542 0.245453515209973 0.387843332681874 0.0114127900290792 0.230881369511474 0.427297266596106 0.0767457075629378 0.014149342943495 0.475843585856938 0.0891924637965967 0.0257179700694863 0.161440329767376 0.0333736616440835 0.52030609759585 0.25177431525201 0.000139232134908431 0.999929377944409
0.710876625145577 0.719054973059614 0.926430693735099 0.736982314021595 0.998927818258627 0.735441970632253 0.258269483015465 0.818020510720991 0.98920434310127 0.970838110659853 0.990936888043587 0.998807819402104 0.761444264825539 0.450992031951485 0.750156505322608 0.997220889333237 0.727632028360002 0.733219023016377 0.958526265198939 0.0028891710265261
0.0967737588541819 0.711707660565519 0.575475984593432 0.695912038809455 0.47990709039705 0.397053664045483 0.22377124846704 0.335000174120443 0.546559382771093 0.063805868150234 0.422837959347557 0.0752760961795495 0.151833746971595 0.0363756698889597 0.674449986137669 0.788087692904331 0.420145089702455 0.436512822383092 0.503172192498394 0.71454288382488
0.0207659165611554 0.387503428691547 0.1123710176375 0.491501847291989 0.00204190077288745 0.165643067385233 0.0118490445562686 0.0123101382070408 0.227222933151355 0.00708381404494451 0.00823420153439291 0.46983273024183 0.021627258843948 0.0280165959871258 0.253507033474493 0.358317219437459 0.146789551394874 0.45689844935393 0.000770986451864299 0.00394677616497562
0.0234062443042304 0.397697688535544 0.142388761246185 0.642670910184115 0.012296529008665 0.58481778653513 0.00645426200200104 0.136621669462652 0.19887043703201 0.0103060819134437 0.0201050134913458 0.729522571703869 0.0445532968306741 0.0382071560454399 0.164147985984873 0.940574519046976 0.553207986706743 0.192883654587089 0.0342484438526485 0.00214079223617216
0.0598756305412854 0.444752464774347 0.35765668572721 0.462335347679744 0.0596543405211719 0.419677797069793 0.0138952787582285 0.070220344947327 0.654215963514451 0.0433297549977195 0.062753575834564 0.949074049217698 0.0201058005489042 0.0331748043963533 0.281869867288931 0.828533916233326 0.261980612657543 0.214618665555056 0.0929300824925947 2.38411546057363e-05
0.119290981090246 0.610872861440867 0.452233952042273 0.459523335743908 0.97404367107072 0.707550086937198 0.272609291333596 0.929152642714178 0.973014052189532 0.713011045862861 0.743785262655221 0.994245437718602 0.385020083555992 0.273288853441806 0.72570228546673 0.985556672433214 0.826594571870839 0.884684893271496 0.844809077999868 0.930929673451463
0.0488882969205834 0.545685064104509 0.856223228075407 0.702029643650395 0.543783712899344 0.314451743965639 0.306935695916934 0.0247840522333429 0.976218920516204 0.0762867623960499 0.0139803544377461 0.877608179238717 0.0872826344861054 0.0600963224640855 0.736163657279822 0.989673810943461 0.626536485925743 0.442213460744017 4.20632007582147e-06 0.191129070117119
0.165318083200552 0.529859616455469 0.761191677251315 0.769048110642833 0.727798055773546 0.398324968749127 0.0374471650998883 0.85204878349183 0.613671182998256 0.444720399503778 0.737728922278938 0.110029743084102 0.0847786549354099 0.148339688501689 0.474278296607554 0.92635787042981 0.626505804975493 0.229934768876562 0.960335598484555 0.208251048281383
0.127495260322542 0.606709455646554 0.250819706348229 0.668526842392906 0.368215344969161 0.762806992219803 0.0105401016020021 0.295771101246374 0.0836795553731377 0.0250333991358163 0.0276340093123732 0.93116243526583 0.0707322798252429 0.100817155797187 0.780562442126448 0.994205226002539 0.59995862182476 0.56634965940111 0.508808854156722 0.88511819472879
0.162300404627958 0.516347162812765 0.610692392867515 0.705051101568792 0.96591514168112 0.577948871621242 0.296564090705567 0.668006241206079 0.567748481687491 0.75322846161245 0.952556367893457 0.781262447374826 0.364731695594234 0.271191491299406 0.836100745994711 0.993187685979212 0.394403784468218 0.726228814096271 0.929031703596993 0.00707812531456353
0.543783583411915 0.734454915286939 0.877424060419246 0.577159634084027 0.971435444426245 0.717652635675417 0.325730154216788 0.919065275921496 0.9809313397013 0.956446659213345 0.78825334279465 0.997183186457819 0.675562226956096 0.579261400972498 0.675039581530414 0.854885598527213 0.501187828998661 0.68281971350903 0.675866625035133 0.869044062940789
0.156172304058617 0.585945695036261 0.389450759500132 0.576611224367127 0.174131210450746 0.50103724810198 0.295413008223847 0.857564413787594 0.171608187687867 0.207144343500962 0.668960618086922 0.950166283342427 0.140571718180645 0.279371131262961 0.796436373389886 0.84664892197912 0.535344695942628 0.46210447700102 0.101237930520795 0.999723739522704
0.407255758191798 0.578370137279249 0.882743661752339 0.614965863678726 0.451302051348691 0.53134837076743 0.42230259319506 0.982006376759443 0.549751748818889 0.914622654816777 0.95678967758797 0.637604586749109 0.184684822899391 0.267964504420226 0.603761488852364 0.48291893828578 0.49400295523929 0.781816496752537 0.264737570616327 0.0056187331899359
0.201290997445047 0.630095160113886 0.638855634788218 0.744170610994515 0.430603856755819 0.375310459532812 0.0784566844014495 0.0958619228943018 0.879725646175702 0.622570730512198 0.684346283074741 0.980103265311008 0.147347419697549 0.15409923523472 0.615634686941404 0.62526689426391 0.750914028433709 0.721057109778372 0.598695816523293 0.999928513321627
0.662029232369163 0.722776541034677 0.814071715816895 0.737102750329928 0.986768102726232 0.899338021357655 0.790566397133319 0.997669573724781 0.978015359656506 0.976426445401112 0.987319179680213 0.991020435859174 0.782970346734137 0.426742090843393 0.878491953716549 0.999980700122923 0.671340986165576 0.914531798513237 0.183583815202002 0.999960827857632
0.296875534746929 0.641264765117491 0.552753029270015 0.761095580779323 0.921193203249288 0.384475294111133 0.67687126736967 0.936886445356626 0.367182304211705 0.850076106591097 0.908124322426622 0.908477558005743 0.421207065518599 0.20181168716737 0.904845011627095 0.994012912027132 0.744202447816169 0.611997568664111 0.204781281796444 2.00967328483218e-05
0.549039106843206 0.744116016277795 0.380591076319527 0.759993782815801 0.978031085862209 0.861096886374739 0.353473597147186 0.931404403642378 0.321347274405546 0.785538097350946 0.984228572258138 0.788104973739494 0.215954073701232 0.269482784597963 0.865397329061463 0.920681597260535 0.365116671645328 0.816659424848272 0.045022645541323 0.0581921187983458
0.122464393554804 0.678628648061296 0.710364502133632 0.539337545740874 0.252478712946495 0.404523086893376 0.119314800231698 0.575492719919609 0.397276199735875 0.218370290405509 0.143513014024538 0.990046964150572 0.316050486931412 0.115802278093106 0.548533988905193 0.998507000261663 0.599475494252715 0.806757019562356 0.958411861267958 0.126312015981424
0.150546986218439 0.51279511503639 0.144156928387901 0.624938164199549 0.261304981931325 0.666414323735701 0.00723244486473242 0.187948812215948 0.678343459080944 0.389330834212484 0.278414297945129 0.980853701770826 0.164627193551773 0.143085143332459 0.638097211392961 0.970672601607039 0.516099199133446 0.72081884220944 0.481902643387347 0.000326651118032887
0.835601608041181 0.855703331006509 0.979002553248631 0.643890744585827 0.999555651431328 0.258293870261019 0.727297330976074 0.999386913959664 0.999896795305737 0.993009469161142 0.990025969045534 0.99899025584656 0.877948028508938 0.626611974200094 0.964820784128957 0.999833099019546 0.833132185845724 0.828140103139034 0.998350875982542 2.12813872006225e-05
0.0256923787072507 0.441907226089722 0.145039113618658 0.516381057521323 0.15902065392016 0.243375177945881 0.0657515793849797 0.0328850309907687 0.0189788148158556 0.048343093495252 0.0686545133195766 0.155268899178562 0.149834742672717 0.0288617746657975 0.301134107877141 0.545784338340766 0.336633683969642 0.345121913429613 0.0537772154732209 4.21722696014965e-06
0.170388470557994 0.609840933423014 0.454457869085439 0.730690103814158 0.844342423555705 0.296652371856638 0.222229635123784 0.166199492325081 0.648347458365288 0.19072219704143 0.0518951174056446 0.856435540241664 0.271582919196164 0.140160784093724 0.508903510549243 0.902049329891491 0.613304869315145 0.412100443003701 0.221110236172074 4.86717328861745e-05
0.224759158643003 0.564190162624727 0.746322102733001 0.62178445483668 0.631969324956057 0.455227624036432 0.219705543513559 0.352807999283799 0.968461104062814 0.305807713863803 0.353467446154053 0.409513589001986 0.362604230401095 0.211363796990895 0.818149929835473 0.45055687527677 0.385064035138562 0.697282774802749 0.595882203250917 0.323833559849109
0.443586843752193 0.64006919295103 0.879993803584454 0.624745852082535 0.811585182641255 0.842775898073144 0.286628185232931 0.705031888841055 0.924701699851584 0.746776078771948 0.146873789030096 0.997189475174245 0.390489379831034 0.25171864057438 0.862249919354797 0.166852445638041 0.289211152889007 0.441565186426397 0.784136604070426 0.999999
0.0823615985792491 0.537515956567083 0.642543903673926 0.457268030563647 0.0425562621813707 0.126162671753688 0.0226050658421923 0.0142333143772961 0.0847765193623126 0.0245737370455908 0.0608212850909627 0.0650689833783548 0.0501241432731206 0.0450885731876679 0.565497497471652 0.908685307715482 0.293223352628515 0.46367733675985 0.00026591891558993 0.0491492838388903
0.071928142717207 0.479165869139551 0.172526098299093 0.365925080897415 0.3645476156191 0.230047005279606 0.0311962914750776 0.0415477604899354 0.113933797499535 0.105966993126018 0.0529525929656726 0.252694338081014 0.0466181854762168 0.131289421981591 0.343453995381636 0.209169963828897 0.504305410428806 0.196214115402346 1.17878102554815e-05 0.997020864032374
0.393399345810724 0.723635206269479 0.637648743308207 0.391998261933635 0.992995290766173 0.174574328255248 0.169059812133681 0.652398473193176 0.503363717944727 0.9249892348396 0.712971341135045 0.987767648471546 0.611446816711205 0.313111415018035 0.774174343033659 0.998733629224289 0.460993726759581 0.657623805546864 0.990482647290935 0.999884662671402
0.276197716402624 0.673518246731743 0.419367269732515 0.593832932334353 0.648898340738422 0.412140169626927 0.112566883551132 0.662758168703506 0.709475345347982 0.20658444654108 0.10919604189681 0.915274431562936 0.179698471373078 0.257922139861095 0.591782858382374 0.180719212939216 0.554633935009251 0.583846720267247 0.920993355412225 0.006501165075109
0.177282017113913 0.634396387735284 0.624663563824514 0.660223168215233 0.063736070934622 0.667090462337772 0.141745117293566 0.527224738771286 0.138139117933007 0.163998458887334 0.792675436899016 0.688459794273919 0.232563980947179 0.120532466576821 0.463744030639205 0.948697051679566 0.801330008459998 0.586501948355681 0.412340821235138 0.999998442974125
0.290730322052803 0.702855605801661 0.786786383486437 0.736330409636996 0.863953843303683 0.365182042203229 0.362204279036843 0.706149768483066 0.971171499548421 0.71059673360178 0.778278645153492 0.680984588182215 0.595166774340527 0.334865794368078 0.710044549534369 0.919076368864701 0.877466493418775 0.431416401833138 0.0671301214410412 0.325748684651539
0.0324839263050478 0.567161944746852 0.459835514006889 0.537215300701161 0.214747850268446 0.600892096717093 0.0669119530252162 0.276250922026304 0.022185141489881 0.108940881488376 0.58592520140911 0.269228106756169 0.0372328738838833 0.0286438072520606 0.118438305597813 0.108108055978026 0.486494226295893 0.191845176482607 0.00619876074963585 0.000111228309297799
0.197874159903202 0.636902148026867 0.928770053281722 0.64244248950838 0.826044223708494 0.2497053946607 0.0664463263194364 0.0895074617585131 0.510752757644902 0.214547155071049 0.159939732196205 0.81583920152583 0.247821383351881 0.0918759503077372 0.459353378064811 0.933666216111776 0.363551036366423 0.509681144851 0.885445327092618 0.834186076830687
0.0646912287236353 0.391018058238327 0.520257220257374 0.437003280320787 0.0715408120534311 0.254392546765164 0.0105751714918641 0.0286602312985708 0.00876151738627094 0.00566421176880757 0.0256267314387623 0.342178593762091 0.0144078398292947 0.0198521688345386 0.165500173363569 0.309410410653042 0.227076474681937 0.233460105826043 0.00467173068808213 0.433781705039277
0.136920687234503 0.4951239765394 0.360922573309751 0.504086414305028 0.316554129867809 0.113868752914045 0.0124977228348736 0.209658806929127 0.0490122540111611 0.179334480994823 0.432915785207585 0.961568417911802 0.36031691364813 0.0596557167128787 0.153131610701008 0.631322611824753 0.668145729130349 0.564232755597896 0.00704029392747994 0.0548064802807581
0.619689215120725 0.752170170917924 0.953819923900902 0.601616283661705 0.817699513063665 0.752136117960683 0.760056229743448 0.980641957797715 0.987417884044513 0.952220037264074 0.946490607014683 0.997726160184441 0.566367553685029 0.397704698137084 0.974840438923433 0.999959798169948 0.536028921316421 0.908160929740361 0.965741017633522 0.999973285029677
0.956466724233228 0.895557357736044 0.866225642296537 0.809077548871389 0.998831269086211 0.714871273229542 0.933486451696672 0.988236611217481 0.995529737483736 0.997991041267687 0.999464629431193 0.999731818130783 0.962469010612196 0.716294442626008 0.975344789372785 0.999661281751605 0.885843289146949 0.91077000388094 0.996528970900595 0.999994413777715
0.0568588053723228 0.408749024842073 0.288396126584308 0.526047306033294 0.134168400667362 0.286202907233041 0.035955951695351 0.0392161827705275 0.120327504748033 0.0399879564812582 0.112120477615189 0.67397870530215 0.0208509679831989 0.0415175313944385 0.325821685686614 0.773067438049573 0.25596173212491 0.545292091465158 0.00064651281000184 2.83920669141823e-05
0.0690581155292723 0.513395054548746 0.477472924351277 0.555416898881373 0.928826954898292 0.151231839863319 0.0626977175804201 0.0555459442591559 0.587519765206019 0.173124079140562 0.0229882908615736 0.920271877233557 0.0953473846300903 0.0404386592570814 0.237569965536721 0.391048473893314 0.214627975052755 0.41647407356886 0.0497628076793086 0.111360856846639
0.479384948330228 0.660401966750476 0.635799030701507 0.696022907905468 0.975100895839134 0.617800086472253 0.498809722694877 0.992580799243884 0.198065705588285 0.625833428868441 0.923665008298209 0.99921932909496 0.532459424709464 0.334936574162946 0.942883959425422 0.932977204521646 0.738318622171606 0.699857930806551 0.753190745662195 0.724736345862006
0.0305464180841764 0.54638139274162 0.457740751702611 0.625209415625032 0.145341351204121 0.280512340572255 0.0964362204282216 0.00945602703747899 0.505540990042133 0.0662884218105745 0.00573224369440607 0.858385675383093 0.0465187762594258 0.0402049813199138 0.46416964302382 0.528677105493985 0.268980035550675 0.471973418598419 0.0352641172119676 0.804843987023221
0.145976780820473 0.646102925001832 0.71594431677374 0.625099805350772 0.27926856320226 0.164647852418233 0.180915084066527 0.0580371369636795 0.226583136634353 0.268676288620997 0.60087405742754 0.520290212537752 0.172464532597 0.130925606447313 0.880930549789219 0.85057866614316 0.379642993260463 0.862468579484314 0.962753420762732 0.000123899413541232
0.349121212568824 0.561960778158853 0.843555327536942 0.778311882210535 0.988299322963365 0.161092735827175 0.133300784557974 0.97732051180791 0.926692096402919 0.492967830109788 0.819470746598194 0.987747633381789 0.461760417282668 0.172436284638378 0.946896298438919 0.954700086949632 0.782740907644055 0.547774440789812 0.99787695695541 0.846510836619361
0.225537244148387 0.567471201568087 0.63225413912387 0.758958312687027 0.894190340301614 0.340163632164359 0.0863460714903113 0.245134627968463 0.676041212297254 0.45116543454654 0.0927491258307519 0.424279833391982 0.274577940022241 0.152426470679648 0.547970549506707 0.736015390787157 0.429365964318469 0.707786021106555 0.0108127811840278 0.885970726198606
0.521053676651175 0.611760848993316 0.614284906522387 0.747314334143802 0.698924301042993 0.708112032861265 0.25770118946913 0.308321676200758 0.936569111430532 0.589886337152029 0.316996545346579 0.999813604942338 0.356871240901688 0.201201607853551 0.879585833056272 0.964670537151569 0.678769657796158 0.74143286557235 0.598640827914492 0.0398410702098038
0.532080217547319 0.563805406911481 0.721331234964929 0.747524474808234 0.304406097595507 0.477063883662623 0.237316553174422 0.763799634600717 0.989184911574416 0.370574570695819 0.574703513316586 0.984052913262012 0.429106047214322 0.431188907687233 0.865622033036637 0.789833041604695 0.583679158142495 0.628940883358542 0.00223938488876657 0.999999
0.0797826447952015 0.4702079304328 0.266567659708891 0.533602595449751 0.467024242464377 0.340555632207015 0.275827368949803 0.159896979421714 0.174725865896982 0.309250361106346 0.471526803086343 0.769707108863999 0.166397603562949 0.120481856605514 0.673880458251003 0.508125496520195 0.110545288208817 0.137237378065084 0.432257422354114 0.000122628174447748
0.192280696571457 0.605136708317807 0.235710946552523 0.775399485646566 0.254341550600423 0.378052034818174 0.0495161280943125 0.186645143478721 0.991317318746284 0.294904594705378 0.371292293568399 0.843069875344825 0.171713692900632 0.0814983935655618 0.538567434480598 0.956433115023339 0.496523497437226 0.696250244375481 0.16447363869049 0.726522645082189
0.549660020534935 0.720560323456253 0.828064247345314 0.724777403047697 0.986714936669393 0.416142165467358 0.567653962520711 0.96228562633994 0.993631027570941 0.927944511943697 0.976969731248638 0.992469743341654 0.850276276910105 0.490913935645185 0.907352233120917 0.999820768584718 0.690335512713014 0.867157582867309 0.307556525186942 0.566380597984821
0.0886303655041824 0.508355296270274 0.295839960579319 0.768900889474903 0.0619714986948535 0.779368472018126 0.0198272636099313 0.308937580055974 0.984011212801242 0.194580523680924 0.0640027475063402 0.902926480889036 0.101305940490929 0.0588901632819978 0.207398488621952 0.924348789649285 0.303140379621341 0.195832402883829 0.112323714085722 0.00104710267681983
0.133482178972684 0.476375300816154 0.754951731168565 0.709709711500362 0.193593377187222 0.506988376132678 0.0177090822172564 0.893002598177157 0.857421973905255 0.472257873325949 0.815803057534797 0.954457086979808 0.108772312651284 0.0182133980280476 0.431917592735876 0.734671116905261 0.666364306771084 0.54909829622904 0.264369753384531 5.09362214529075e-06
