0.446006487747459 0.681921349517213 0.643842019948255 0.312125700287074 0.870145189855288 0.175196570766398 0.113284557064147 0.881344455128271 0.907838019245089 0.837045456894453 0.949936130163508 0.999878172908715 0.442063354552856 0.247036699173107 0.839121303688541 0.999550504250195 0.424675286237755 0.875114575404944 0.670297499631566 0.999557092834856
0.058764993590773 0.523981948623949 0.196484417731834 0.631974724558137 0.31801398458408 0.151858655973403 0.0838879006735295 0.730713536591088 0.805381003090388 0.303658252270421 0.295066050211678 0.951051645883786 0.278268323528695 0.146412997890816 0.549561514788354 0.839669328207995 0.236523191185745 0.394579298096805 1.98232862880172e-06 0.223764950055723
0.0319438328119594 0.462854840787824 0.668654900875975 0.19239468491142 0.0705660093231594 0.708246583982543 0.0274365236573662 0.0233765500522596 0.0199289257011656 0.0177348025840056 0.0461271236334518 0.0690326910246808 0.0349176495876045 0.0621107673171532 0.130363458509075 0.57913767459121 0.426864656567605 0.221310619215779 0.878164798301169 0.000468503382968706
0.514345382432206 0.717447543613528 0.903979624843506 0.623674080886407 0.987221367303844 0.230613404288907 0.175168513541208 0.660633125946845 0.536026864855101 0.921384415980991 0.920781959512616 0.911169011239172 0.319628289321832 0.365502427382013 0.930385408682907 0.999761413746303 0.621099524547108 0.754104693406653 0.0674565361401451 0.999930261189192
0.274181621223482 0.599909410266894 0.61387204340072 0.695337401967426 0.458921927718901 0.368598489489415 0.307395094484404 0.848104139658973 0.0683438919175562 0.637521429518541 0.884908660089214 0.987321755944011 0.552561071866288 0.135525217503673 0.413373175764682 0.966475538284945 0.395986461455366 0.721387884216407 0.0154195689198481 0.729368472613688
0.019561969721801 0.319197574696668 0.222359964345951 0.288912055252972 0.00266064000746251 0.0794230944345801 0.0491692460819243 0.0242959563482868 0.0645627458003491 0.0137912659998816 0.0032182101019793 0.294144701175836 0.0279363741860299 0.0283300493736234 0.326201597177875 0.961275510247412 0.41112352633999 0.231284492979088 1.17404686704893e-05 0.554864007535034
0.247856429572372 0.598951122975582 0.738873853535279 0.51339315340842 0.840372206374718 0.146702504214476 0.405016312287905 0.403955541051698 0.873460167355628 0.649793886162101 0.465722236543971 0.980080119713257 0.455874325929906 0.243752330833808 0.605478700870354 0.96321101625069 0.538458628143239 0.544711560379228 0.00150128523895155 0.960213977573879
0.447692657661902 0.770494796072287 0.74453552047655 0.656734608326644 0.69270865399794 0.35945603226345 0.630597814598689 0.954884147281405 0.608899211204035 0.931466583845273 0.993084630643634 0.999814389022011 0.798957885977569 0.458117925292009 0.877298792586899 0.630404274394702 0.533876143680323 0.834443534894103 0.989586633069895 0.999453473182159
0.119023161760647 0.560714499125005 0.51170482423383 0.523443271590835 0.397689935454596 0.16374379198637 0.259454704938738 0.0385698250493694 0.0791599023416419 0.447730154926428 0.174566379379473 0.428708236552126 0.416533686820213 0.147487012429564 0.526543082958806 0.884867305102616 0.232123646477827 0.806929845908857 0.0199640466978312 0.714318243960875
0.151584402644749 0.615534739205137 0.42275038793275 0.738552504697421 0.0228464113455502 0.550916867009052 0.0495667726284249 0.356891800585929 0.137491323849346 0.0773333565061441 0.0953800067422942 0.712804121258807 0.161239543528002 0.0672786529208187 0.419792095210791 0.29680539827075 0.393278892461467 0.370221416041506 0.0164656998140533 0.0427132329749844
0.123592748138318 0.633537920772732 0.464064248665269 0.685835203775456 0.949925228677081 0.452146258136562 0.733296437451728 0.0253535950451906 0.537006345909276 0.128438853673726 0.485122553812844 0.561334015753269 0.148935593018069 0.0861840752356477 0.294766855498998 0.510035836576087 0.662832555360034 0.302877696259412 0.295730893511335 0.00892776731583085
0.0467638613659412 0.592645401623143 0.268529112351596 0.559843013797981 0.221583705322867 0.407176376296877 0.200461342124374 0.104717994135842 0.456200909863919 0.16789916625398 0.170845195913776 0.98693246180844 0.139759613826655 0.0193264209140293 0.664435930170994 0.775450946953489 0.707976102372751 0.387842670514035 0.00151081058944695 0.999575592714353
0.0181799458781184 0.448147098944353 0.407099790174499 0.591506825275828 0.0389115631753312 0.882534813328781 0.0239042044953721 0.0895999303190602 0.254268388749658 0.137387165047505 0.0351512396112647 0.330836208333835 0.0641570672206824 0.0330659391848657 0.730472775416466 0.0893817108330378 0.344761810309118 0.216760809092037 0.939800094469606 1e-06
0.0653411832596208 0.584035042505086 0.903523859834923 0.39495690788965 0.670182141189829 0.199924601223359 0.120842256125271 0.400770531703239 0.989251449680195 0.175741253926471 0.028227520806915 0.935616995227102 0.15737737863717 0.0956122107709778 0.504739582636631 0.981309387799284 0.290490680467554 0.22600919701599 0.864341072915499 0.0380242202950792
0.158423173235407 0.560039267779019 0.834068755554436 0.348797267339916 0.53749980416034 0.696471067407475 0.102537699623205 0.0561269188791719 0.379026266210745 0.114514268247859 0.530318296155035 0.924142637507217 0.172511864963184 0.0395423742978787 0.785986174876893 0.658668217399987 0.303319519231663 0.403058424482346 0.1142677896177 1.59842074461207e-05
0.384986506521443 0.662735730093924 0.777288617294191 0.603247978652588 0.824116579723575 0.827181276736995 0.0668283850900554 0.648460642825062 0.837198529065296 0.879753879505967 0.870331343179946 0.971176605632515 0.61567932607693 0.363988066559782 0.668332462843492 0.994126272031611 0.568608466024305 0.578112861543368 0.254613526199157 0.99991849866075
0.15277943979659 0.549669845596802 0.212802814205651 0.776637938153853 0.438277213057348 0.189145837356261 0.0146185665319784 0.801149730330194 0.495772422819403 0.11302340941447 0.121339610390403 0.981265524204332 0.262272808635252 0.0591552635317891 0.861745882800167 0.453000944853484 0.284144590830455 0.419999051475111 0.914874203033922 0.624033067711626
0.651634401634217 0.748452445829072 0.74469273579961 0.783246996523864 0.997784486917894 0.433709067028666 0.253692333806476 0.990861317387782 0.997580891600634 0.966024680868864 0.90419623143204 0.992036587449355 0.623424517231013 0.239034422943548 0.948845295482634 0.970049966846805 0.733859807823167 0.913890120060511 0.99775228110052 0.989383415898257
0.279755123711194 0.519518290891256 0.380703694821203 0.780119810555591 0.895070469496152 0.824408692637064 0.351453829889416 0.659977138195175 0.651195835773171 0.41663942275669 0.738576332997008 0.953241711159639 0.212887315353976 0.292443302512518 0.706154336777648 0.90401590978168 0.396347906106317 0.271995037514384 0.902945887932668 9.74522117348048e-06
0.0870020633660791 0.581144133244807 0.368952019130432 0.760218298780815 0.875614336448371 0.468883465383237 0.203036208960466 0.436708007174531 0.809890680240188 0.506977645563813 0.0874695339167016 0.811205226694074 0.208019870654355 0.0707691407722779 0.382093505547367 0.975943596350482 0.392684655846182 0.473737198359328 0.10723757769921 0.996196884126224
0.253539774298634 0.603966583477368 0.493334449202522 0.723521815009315 0.825813492014905 0.474644455835361 0.436730984291156 0.869519933260126 0.0632218616933882 0.908832993505168 0.938177055562596 0.99907089118746 0.504295368420976 0.290875405491653 0.485618233004879 0.972662113120958 0.420652328940695 0.769462732081518 0.112777453724894 0.991457223777822
0.11827685569438 0.495954144969339 0.270664197194246 0.335521823160862 0.188401823782632 0.199808471630417 0.0313307284162231 0.0357731042565402 0.965655384051692 0.136812702282605 0.129996826220884 0.962903575448971 0.0903577239385709 0.13847032165446 0.41035776189113 0.633803829893083 0.249967445657485 0.106443264959497 0.0206505228721126 8.35075374531871e-05
0.0588211050135261 0.501318779394563 0.657371783441682 0.601217556706312 0.134128417636434 0.509905383284452 0.247357138274195 0.640535932899429 0.984970892441842 0.0506534990978476 0.0150203923602203 0.330718648089444 0.101697666487274 0.0551798423330943 0.185843186426163 0.285116706994405 0.315109406916911 0.615421680309952 0.44584980564441 0.998026688462864
0.181956551522379 0.577478349183425 0.451067686470091 0.570241211274095 0.591378768255912 0.480798785958931 0.184343243054666 0.833548305282909 0.44890915099895 0.472097635961745 0.895254734025387 0.970984030151118 0.319043421306178 0.267815484832273 0.603858999417646 0.950766241080744 0.558853636912361 0.813505467767357 4.00887262911999e-05 0.0745153384462515
0.304430434994607 0.607574992493845 0.698284387703723 0.606092427226009 0.995742278595962 0.336650179674905 0.222849877132693 0.961936325455669 0.059362371669527 0.931711483602045 0.970980910502643 0.999882584184927 0.570465331461731 0.241158339318511 0.706813397499126 0.990910367483875 0.428219420677902 0.694876672240152 0.623362123694765 0.000867926364855927
0.116958082782723 0.593227992176748 0.135644265041494 0.612911442581659 0.10934428034604 0.0984964898114378 0.015959183543558 0.157736764674565 0.667162644056539 0.182775686731533 0.50260456468769 0.944715400996903 0.134396598286445 0.0678958178533651 0.618867243245395 0.767839146441482 0.131912558713887 0.359125367166169 0.132854056463947 5.71746104156239e-06
0.879991070334535 0.797362711975611 0.842354420836058 0.881981910215535 0.999106670705805 0.543183326074979 0.876428804900141 0.999297321386642 0.995948358382744 0.990764115837385 0.999044128332874 0.999935348471592 0.850579124397119 0.717096098936896 0.839723102386802 0.999900477367821 0.362040921877659 0.953659311085029 0.986368137723432 3.95616274665143e-06
0.114343361246998 0.451374479986411 0.684989084740582 0.374103174182646 0.247994965285297 0.289646411470726 0.231839668122966 0.245893916333056 0.0152612132733058 0.0221823154546984 0.137667775150968 0.513452792742641 0.339999418880712 0.0813611809254136 0.704905908716339 0.99482447584543 0.311924095861346 0.507629559972063 0.327175938788556 0.00265046159109564
0.725974692994765 0.739941547876467 0.770017861263857 0.649767918174757 0.997698873870943 0.620022971591923 0.7690658527837 0.898798229354738 0.986427009899441 0.940670046491705 0.98927670204469 0.98584239964112 0.733770069070909 0.287015173111149 0.844195490063804 0.860249595232923 0.393498802431544 0.79593219740685 0.788574716018051 0.334540909614992
0.196660795187643 0.669211635065492 0.734715285208064 0.656095344324294 0.0807083425736531 0.38109662120938 0.155100322120215 0.408453767821104 0.755185178702007 0.11369723646956 0.162204436520667 0.997164593032971 0.304472637977953 0.0972224133612611 0.611678575974334 0.94919323852315 0.537042731682918 0.216930269571292 1.45914016296191e-06 0.00723878481908199
0.024370187780391 0.375263603977253 0.256297474825025 0.62041934871151 0.0317245464629956 0.406705925373552 0.0259614613511317 0.206695262664004 0.500365185103606 0.0149091858000408 0.00573232811850434 0.110191106642142 0.0225446467540754 0.0173571919933166 0.0930140448704661 0.305089871890298 0.204897965990688 0.422081743806301 0.392721594229994 0.00385199821257543
0.0166482495574787 0.370050243765978 0.192531230787837 0.286671459099101 0.0131912388467392 0.165829693370797 0.00745621694588862 0.00306255833260955 0.00665412322512279 0.00813509244302398 0.00155343414337174 0.417346824193343 0.00762394927884149 0.0152322232555121 0.298073854843821 0.00287968780685792 0.207123065335125 0.207779058028735 0.00050116657402149 0.0196575876724383
0.406456185549901 0.580749147473121 0.72831455861928 0.723133259377483 0.950412186866463 0.0599458291025325 0.374483304947772 0.930149439619007 0.259722133125248 0.854167116873432 0.715340110941451 0.989264212750911 0.458812764289451 0.235945803286412 0.94209979218253 0.993264818931646 0.849098036519057 0.509465381435433 0.0969333198633496 0.999999
0.104491824046156 0.490523312409699 0.259636675416025 0.68908302496519 0.100252550392979 0.499130693150875 0.062936469194308 0.15741178473193 0.433654493457546 0.042295878125396 0.00330966089810516 0.255418586543771 0.0374180594234715 0.0114128783582446 0.054830374231653 0.012530969318275 0.353234662222714 0.51415687262097 0.0664937032867955 0.0349825706400296
0.0131106838055811 0.257246497438782 0.0525345601186275 0.522945295319874 0.0255729965082527 0.622341567238448 0.0356539409228334 0.0331785222756184 0.00488775008115364 0.0378517719114215 0.032003675813369 0.538148893593086 0.0316034647609695 0.0185869371232677 0.19907808391112 0.0155676509302951 0.226736880010355 0.119278219633004 0.197933305940095 0.994928775897652
0.11230840320445 0.544362063657227 0.407933583599986 0.685677885783331 0.204497636348299 0.199758202207597 0.0879998815919537 0.044674033804037 0.520913298433313 0.508669417538653 0.347270922582039 0.447511219110218 0.0770587473830935 0.0863436818660542 0.597594046889181 0.998022701317838 0.673384118422551 0.480089404911949 0.0193236454538852 0.00208841521361357
0.300791845220379 0.721963734254911 0.557481149272434 0.684484876924819 0.856850702686948 0.178766583719908 0.338182094506581 0.866284331457867 0.130577435888195 0.574935852670724 0.121731678962212 0.968870123787926 0.521465882469956 0.0808350666678569 0.782702926447814 0.976989017566428 0.367830074154516 0.634602709418441 0.996848445704366 0.0029326646834506
0.384815044055263 0.713201459546354 0.940585533679823 0.656270658219285 0.791512725627824 0.317018427388569 0.133407459554217 0.707180017564689 0.98817443930285 0.965542080230602 0.833163356540837 0.936425657616126 0.40772803907994 0.458259545016147 0.841420025021137 0.999990174880629 0.567755383676361 0.560842987113894 0.921731021952856 0.999307513564438
0.0486149054261033 0.39687025995418 0.185252230754151 0.360299332127479 0.118771958440442 0.229226865021739 0.187328901098599 0.0148574112255548 0.290762046811931 0.150430381773506 0.0528942530849681 0.608272834738715 0.0431767872781295 0.0471358506653059 0.350544621880407 0.00359051713344327 0.333504785745644 0.322139194951807 0.000305121784873235 0.922532278265726
0.172001492127815 0.615459388695729 0.209236987879885 0.424117350025654 0.785088305358886 0.468914714700963 0.0617589948246418 0.253294901789434 0.0143068491029777 0.225996012801817 0.093477135813556 0.981735646138669 0.284986160394195 0.129175373344839 0.707354094599751 0.141054044455756 0.577756224105947 0.388596271360087 0.48132660439576 0.919040878328794
0.621775018866663 0.759278739209762 0.843597945530762 0.796505613627212 0.832600402003212 0.382871366840649 0.742962339819219 0.998845860198907 0.610051480651408 0.985244665272292 0.908522365819082 0.999568155632457 0.700740259350492 0.284070445639864 0.954678035590749 0.749831914256847 0.83439367273103 0.870280863255232 0.999883895072771 0.0170181608136256
0.0843376279862469 0.474842246627538 0.438710141064057 0.3935787459913 0.748021225974047 0.204983259458342 0.0109275355494308 0.122095733818127 0.427362399214827 0.0555676451607326 0.0112464092460668 0.22286612778433 0.0586295390555958 0.0567124299462103 0.410195407738098 0.457449938285238 0.332003754465489 0.300067965939438 0.0236227502456114 3.14324399031011e-05
0.342168072873366 0.712554851979665 0.768385684203434 0.783499426288758 0.895757133486655 0.0992020917503208 0.604385739888203 0.626876406812973 0.707376751452006 0.446601492000627 0.283525724659292 0.938036384247243 0.456010043280102 0.249356980324623 0.745327977916903 0.962801407292986 0.511740931487666 0.496389519471818 0.665269378515819 0.126376955530201
0.183199575603608 0.552154182561723 0.523755708105964 0.430112745064459 0.676468978681929 0.157037765833392 0.0421363766042884 0.79421086930029 0.0327491064977654 0.347423438193333 0.662142105613823 0.960146276300473 0.080694641583287 0.0782622082208795 0.603390310112538 0.577181897839941 0.603431030056566 0.479855995066915 0.0901009612101977 0.792505576826111
0.0693134606426193 0.547949178262898 0.151992154245774 0.529184762186366 0.548063154838264 0.405794217425736 0.113514697776669 0.596277247211768 0.407910544066747 0.194515066047244 0.257282703432427 0.211852566935398 0.0757846230795169 0.0613325245231912 0.795033823354373 0.216651722482513 0.293339046925204 0.612352425537022 0.00319120408717471 0.999682601807856
0.613191245259942 0.734197122158111 0.860941083556919 0.715597916285547 0.984490417856412 0.829674795878194 0.306783900983737 0.937895351043005 0.957922394448633 0.969020708724999 0.971923479793517 0.9976240007115 0.856701601299073 0.248401426182786 0.946594774563861 0.998114909818076 0.689805217103144 0.912865045818699 0.336409919773309 0.959310517068075
0.4932291012051 0.55953555840825 0.658024173964321 0.568756237469475 0.450766531468784 0.863686653226679 0.261814166440477 0.386006426475745 0.411117166064888 0.728447089809595 0.785708586370429 0.998107674475216 0.325552934197166 0.239591987045648 0.231889599013836 0.997536167788195 0.584950379775081 0.399722127057999 0.116493185311436 0.960497189930881
0.0402250165921801 0.380651889762801 0.0262325741166386 0.271652878367013 0.0522361176784549 0.211884594857182 0.024027118450665 0.017208497472199 0.0192244898527388 0.0125427023265624 0.00138719603956568 0.0286707110518478 0.00755608747235058 0.028316702865166 0.244478127876847 0.241865054023597 0.111842209211831 0.377143152293935 0.00324229906613531 1e-06
0.2767353874125 0.483215426964664 0.438416350053786 0.634382416714174 0.674714760004921 0.230990953376963 0.0950292636117265 0.0721415339232354 0.114606974915151 0.251434713973552 0.750794023862509 0.993164493651352 0.388360933231972 0.220532058130062 0.873486535998518 0.993606906917816 0.541210176585746 0.513888041322765 0.0544513056733599 0.378800974646789
0.260497944623435 0.669821341133307 0.648447042056896 0.758760705836074 0.915636546386468 0.236557750612345 0.0915042777229813 0.963258923660356 0.723164881366184 0.731792018333844 0.35797455088798 0.863070051370652 0.345377462972938 0.288877756172147 0.792648507619509 0.985252983414887 0.366019157600673 0.703684669612498 0.991293810150264 0.000795962434010784
0.205311043798268 0.634648178461308 0.667322810512916 0.523509440799856 0.94843786763284 0.373681195721078 0.527005393427803 0.644811776577852 0.953183217252855 0.499057336244562 0.554849930453262 0.804918909704316 0.19376588960348 0.196319614526404 0.474513462214181 0.998774296004202 0.567133845556688 0.604372207457158 0.446364718091724 0.000159044055198809
0.0754314978190153 0.523652416168546 0.634715968520213 0.55002952760772 0.813634852247772 0.428448788042499 0.0845884086485464 0.765890789705511 0.0898111135970568 0.642033351255612 0.393744052875069 0.952017730962611 0.348992108178119 0.169757600925392 0.705517957435335 0.955448972453392 0.547016872191459 0.440139395268447 0.00475526153491737 0.999991623082755
0.0702292104519614 0.487135550000986 0.583480176756424 0.622390051205359 0.348757203346118 0.364389960496556 0.101687876865399 0.39738221428661 0.255778145450375 0.038384345545371 0.110793868030171 0.764665705059942 0.133977734235504 0.0785169973734448 0.422600460995885 0.954516563069334 0.53756152820822 0.466856217713728 0.0451100035524467 0.0236831599552107
0.142585592182739 0.561048371948333 0.641627436293797 0.724482927161019 0.412226856711059 0.282444784117275 0.0361090521950646 0.0899750414960388 0.947376573697254 0.172668718380933 0.465028794294445 0.22849986352797 0.12639438892377 0.0593748214730366 0.481470417744126 0.375751257149735 0.527521112757986 0.387965043875022 0.000123750983328153 0.999160571464871
0.00450257488699293 0.358234885442219 0.0632579507210345 0.280227595973905 0.0019492343037515 0.0841503649481449 0.0135730112591202 0.0011373668365658 0.00269350809342177 0.00487841343688247 0.00366122677293698 0.296347000795854 0.00719301173186337 0.0270282769656713 0.0145649855086482 0.319610289500556 0.324565906903481 0.20362051071816 0.000410002583741447 1.35230756835448e-05
0.202507123380056 0.657313054651236 0.884548917534202 0.735575680526139 0.425852879220476 0.42106430364121 0.174102842560982 0.755061477968556 0.821971750206845 0.440740997853997 0.955187668956048 0.940409672778913 0.358307381302262 0.281520812983197 0.704474205870105 0.974631602720564 0.545320221748301 0.4243235101687 0.379033918166768 0.999920671297346
0.2757825298333 0.607818976550597 0.815287662922989 0.703839985294779 0.975894500886363 0.362662388125716 0.0563236713414262 0.767347068449541 0.631732677725725 0.522862349425604 0.786115859674511 0.934792335971647 0.550281443043638 0.172245598379563 0.671481680576657 0.99647207248737 0.584799203460864 0.402089287286455 0.136047673102641 0.00127441752791551
0.0289570488904526 0.498417088773334 0.402926820734048 0.556745752198748 0.092972823929169 0.36781370006774 0.0467009362269471 0.00871439110611644 0.00497148619646483 0.0188727681009448 0.00707971142137339 0.124130570276635 0.0124465009389271 0.0210677326749875 0.509571829769127 0.397198949811203 0.193969583357541 0.424799912779214 0.00645129379446846 0.000565069686462991
0.187142600546745 0.556209223767396 0.0796367284172185 0.344891296954927 0.0782515057230206 0.44093093624053 0.0511674609109194 0.172573323618445 0.171539494795809 0.0700646938901395 0.0780182591755811 0.285478381750952 0.190083933295523 0.054583351693803 0.590504894531968 0.866994436979678 0.391528437734973 0.14217749348898 0.0113546013013065 0.0110912769499424
0.363923443253777 0.722650779928955 0.594593116838719 0.739174255539679 0.973659407231527 0.659281077887561 0.843513231443177 0.998301249223702 0.460190073667863 0.940577126941394 0.906055608725868 0.98114106041349 0.734728882134666 0.484099297493877 0.946691100331139 0.975232979262739 0.367458651748165 0.449905117335146 0.919175660593708 0.520348789190401
0.0644690682032728 0.466058753474599 0.457802413676202 0.774242869077106 0.18095499316398 0.20071283315973 0.0703028736896693 0.222033131794474 0.0791519802923588 0.173693418332297 0.163686446251754 0.974342724170845 0.102200924037811 0.0429804214737606 0.846572070844362 0.26774158253657 0.430313276064852 0.476940315024374 0.00753108132818425 0.99366474879397
0.10400100862181 0.489825339761227 0.295948690196215 0.523753615715892 0.105090814473104 0.384347216570884 0.0655549303551292 0.118511542306142 0.407311054195624 0.217674698017867 0.0131363428015421 0.370415827545891 0.0325731333693457 0.0560596049753157 0.26954225421496 0.606289015116553 0.488564338007897 0.385367787171307 0.847091837911319 0.55875020235158
0.1896108822387 0.546937259281505 0.574285217622144 0.835102684826431 0.485853382518634 0.447468752878379 0.317084061661329 0.53091083464561 0.949626262319302 0.403532688529683 0.130365271175557 0.99593130558522 0.078278133939586 0.108061302974476 0.71641113466091 0.794074352535142 0.513216753631237 0.536494529786372 0.147420718545932 0.0383738800642475
0.0772614716071514 0.457330272172631 0.134161636789471 0.517888383024632 0.653823164889356 0.540218928479484 0.0416388195481095 0.212622524395439 0.222376553241496 0.230311309961028 0.0952848457161105 0.967001772781362 0.128539416559101 0.107570880012123 0.167348679396916 0.702479811897413 0.53534695035882 0.516585759901533 0.00160442525409158 0.0463557200972489
0.0442834288593836 0.436210521870189 0.287175561251857 0.773198642288131 0.17153562671065 0.655073413629623 0.0950265108080299 0.021459127125964 0.152087206607521 0.18125554576496 0.116495244933598 0.461901800530596 0.0637373026509456 0.0264441544975247 0.532523073174818 0.225558007392393 0.284907963108481 0.194416303317574 0.0335276944166055 0.33000100638574
0.0990499448098499 0.582087083781776 0.367546116631755 0.491287770356043 0.412510652322221 0.347657317414898 0.0678112788205959 0.603703419968513 0.208840722600052 0.133447158757334 0.0660496478651733 0.913473560699357 0.0670794467392257 0.083831064384821 0.413100347962823 0.5759111470871 0.310499358680327 0.48247874410656 0.00251622221344526 0.991393615544242
0.124423240029911 0.566011376735054 0.261377502062378 0.71334963133047 0.876770120921094 0.281130771919283 0.0601417610332902 0.866624126926486 0.682126666216081 0.336564079201904 0.348108274077139 0.978336815435103 0.314593817821394 0.100185995476976 0.128085869978874 0.989061243331962 0.487112137232701 0.431850907768611 0.0225883045991565 0.000457278162878837
0.545191806651965 0.759488202465767 0.879669032893876 0.693965663092411 0.986296385736989 0.197318676120677 0.782321919038365 0.953157681469467 0.735620862711617 0.946690004602937 0.662970291836669 0.99932318571281 0.419260191611181 0.358436811963116 0.751306320810169 0.996158061223383 0.222743656835532 0.797395467853293 0.445099908640857 0.217781003979366
0.0223707468442455 0.333547830365073 0.124150240311997 0.63128342385709 0.0075796725530997 0.287972654021752 0.0183706409834337 0.00121948783675326 0.0181586730568909 0.00581640547567739 0.0108598964822081 0.506118384679921 0.0161758949133916 0.0276022787064905 0.434763319084388 0.914945598123435 0.394590365306827 0.158927309380948 0.0349112326643533 0.000157993951502868
0.133386622898202 0.519768191355737 0.422339510010547 0.759289745583883 0.864884456094056 0.573594066968211 0.424493324879465 0.79061430033954 0.511304192054352 0.488187076834093 0.682448475704602 0.987124773910537 0.317632472507239 0.112987324524944 0.758321833400556 0.612489548880956 0.633730236141509 0.724641487275983 0.000333079675190549 0.880663457070315
0.030155844985996 0.586654924930648 0.719351156051974 0.558541869844341 0.269765431014068 0.23645496713686 0.0647125702920283 0.293185891750539 0.040922699565482 0.0704150396310522 0.104263682843706 0.904287332479674 0.166014508632934 0.11177890561105 0.660068713935007 0.785472076496035 0.324142800523974 0.443308186877358 0.00577157960389947 5.10998891713214e-06
0.120773222284791 0.524076706432887 0.217986093348673 0.601182277795768 0.947089797424276 0.587684439912255 0.291566905612678 0.579245501208034 0.0149963001445269 0.281706072356787 0.10628103773005 0.994372347828751 0.115382652433517 0.0651660380255141 0.628599351730263 0.285598517182319 0.612934376946877 0.523634865302697 0.0214377402448737 0.19783328908445
0.128764304753631 0.511030789917299 0.754854435705135 0.759718982592036 0.508535074144278 0.390019460288396 0.0590853634382242 0.322962943414827 0.350577541124124 0.316306008802225 0.238293803920845 0.506570845373466 0.10787035744255 0.105229578111627 0.653263537099412 0.198744398340691 0.583041320817898 0.469541254979669 0.0200412290509179 0.971316301478262
0.147132727159047 0.516328308955783 0.150407266355811 0.605875821796274 0.0221214602470291 0.505973381730052 0.337259058553987 0.0265642921816625 0.0290495968321375 0.185941595389524 0.126774040170015 0.902795846358385 0.118325459352726 0.0471403802166511 0.68398479792089 0.704774207431946 0.621522290374417 0.325644325902145 0.00208518566275065 0.816328263845453
0.252952616964289 0.592314527300754 0.471650760093611 0.554379384763829 0.546042394750015 0.623427712449052 0.223765830601608 0.809144127882379 0.976457584233506 0.711158154084791 0.588565198390254 0.978268618040999 0.322986129717303 0.192347269540839 0.891784718264785 0.994558998872964 0.262107981651543 0.767724431768239 0.962545204710096 0.00873352570620889
0.277940926625048 0.74299067498877 0.635771857575212 0.827168653980559 0.978156929993158 0.54987169879772 0.363913945063771 0.70522867467944 0.839192659241193 0.82723008654811 0.988383243771903 0.996233630294766 0.489012681946079 0.344079472887962 0.691883151823349 0.997354141255438 0.68917586170092 0.679392941902427 0.652867026675289 0.999954691322502
0.0457151432930922 0.432832443389587 0.127993288433927 0.367227920304501 0.196190852722832 0.52566152438228 0.0331014018806608 0.0540485583679025 0.163628487219985 0.125473518487863 0.0067344496568076 0.300440765462999 0.0247255450235626 0.0224353694590669 0.34049915156094 0.585476840692377 0.195799614886696 0.455054071848378 0.00727962910508819 6.33474019087814e-06
0.0434452491530935 0.447078651490442 0.660429184913684 0.649477629440416 0.269626107465086 0.31437519723435 0.131334421593968 0.309805329164625 0.587589412799305 0.0431644115561579 0.252232037845781 0.722283295282203 0.125362639048765 0.0424619529741743 0.434719148993404 0.580066323681261 0.430772483610774 0.431277182697282 0.0792922075663921 1e-06
0.0817314543018905 0.75005644890707 0.412538074555638 0.628767960156044 0.913600008341131 0.494839147071576 0.375769605388996 0.706774880024058 0.0188363607225696 0.746360478315825 0.45495388281787 0.863950521852049 0.141518544796784 0.172009967074333 0.621239995057077 0.783429878949729 0.664469777012459 0.500766019924911 0.0351675029280448 0.997489523887431
0.0252427893343324 0.528847699480783 0.129800767266363 0.631114095703802 0.138225472470836 0.278078303530933 0.0139401557390745 0.432557663737564 0.0434453521128225 0.0120029223161926 0.0064102126502402 0.138421525571047 0.0294997324263598 0.0245557723232552 0.515196367567207 0.228005582723532 0.704675589278337 0.224214787104856 0.00290509041469847 0.869909876948739
0.129527414478642 0.692139529520395 0.181792156004927 0.654784603329621 0.0638617035252683 0.691892040264803 0.0722266783327973 0.124573815165617 0.0841684699256618 0.215183250517321 0.111791227584363 0.999721340323444 0.0633913476977545 0.0893053322579538 0.497819451273719 0.320175967850218 0.441311611619862 0.572814977177837 0.0742438075239634 9.50340982977756e-06
0.0297821059296173 0.544367723879392 0.212611476128339 0.530095564285441 0.0587907447031474 0.21101840342019 0.0228126984056575 0.694074925935653 0.270329524231871 0.101182623937226 0.554296071503801 0.306340750672047 0.103096958859786 0.0334432671817904 0.612359069042884 0.265870899266368 0.321557619128952 0.311218914392852 0.00424769907739273 1e-06
0.0953497192131398 0.564361457614269 0.738916933224981 0.712525006561413 0.0839398557766861 0.0765201001952209 0.0515104669663068 0.584859983759382 0.00933721757495788 0.338247561392889 0.139401263646759 0.155672422733374 0.261260788382663 0.0737548035680685 0.459194674023118 0.916713559889195 0.665965882474715 0.646082645493842 0.213733589269538 0.998026357541556
0.238627996983508 0.716870200036786 0.617006581921924 0.57438760419987 0.504814617622047 0.0566314666842087 0.493132625590327 0.709540213176933 0.939026661508266 0.48228618338768 0.503657294851541 0.933476534788562 0.472202663995579 0.215472064373995 0.763352663139877 0.806838664718189 0.642313258808745 0.562213165452185 0.572792994367385 0.44266932200582
0.0535073430507822 0.423293359216647 0.409993647573122 0.322229336875885 0.138150480173163 0.438326516767731 0.0723345317300034 0.0203838211664785 0.113209905182878 0.141797279341016 0.122687667985022 0.304663372107024 0.101940479844765 0.0380320026267773 0.289720078495969 0.995941955795856 0.226570809443966 0.437416344230187 0.00254667064543111 0.000546601683313851
0.0404981279189829 0.452919801054806 0.0556986173190245 0.62669636241006 0.0164486909934613 0.260472171440432 0.153005704761032 0.0164095959195457 0.103042608458238 0.1372662856437 0.233525252481358 0.674573494186481 0.114743069723735 0.0656983686119414 0.668741802021869 0.16852884964456 0.165659295322615 0.52117200459296 0.000854428891313505 0.000938471594063267
0.292129623272634 0.774916106918589 0.783738033200379 0.550452167595549 0.873329848870996 0.404311007971912 0.370750600994473 0.979390345990782 0.0360513182439115 0.797626389692529 0.692086595111169 0.993486285373138 0.442892021912169 0.298364496617398 0.73790139288877 0.938663964133743 0.435032485593244 0.775703222304812 0.150682881835867 0.227631235578076
0.394983620403988 0.661655115417899 0.540728820619859 0.427651521994091 0.9277024583989 0.658426789991307 0.620422513819238 0.980590507617185 0.443996028150879 0.856380682576067 0.835353414201798 0.99443357555606 0.329919990780625 0.422462482989092 0.891996159389942 0.997551049917018 0.666105868714605 0.700575626222422 0.670277750814243 0.662099786535092
0.0651013407351587 0.4340628045422 0.0942982089981987 0.449030096459661 0.231480619285138 0.662391317838671 0.0381243079662692 0.457098022423715 0.0393976821843935 0.031563566549545 0.109173968704609 0.204341830737884 0.0717303718901769 0.0354832242450872 0.507484021316158 0.990271404881409 0.248014583757525 0.349769397750899 0.829902695850731 0.99983773511394
0.195459139660422 0.635474565055272 0.462781757246526 0.614280933927031 0.953736289504598 0.636396777588726 0.238422265747661 0.659779180349109 0.830095981715145 0.742846302242163 0.110178428098545 0.996750460145296 0.299426585704955 0.050915702946477 0.903339902308567 0.0332678989870312 0.216861068981587 0.744614474511277 0.0933408813455114 0.189477900719776
0.325664970132897 0.686930098136506 0.857838583547382 0.697364751769889 0.801216365051957 0.108983581044273 0.651323010491155 0.475704565229405 0.588975207487396 0.480964205604048 0.201470640528951 0.992607713758986 0.417560713170172 0.242787935160659 0.418421379397383 0.727626894618677 0.52875303390309 0.729089989381584 0.999225259354565 0.28842045942814
0.76140731600941 0.763686595301543 0.690283636516857 0.859684757628365 0.997568802819186 0.683962326857324 0.68823844503063 0.997576243097517 0.94311678458731 0.996039476154827 0.974820970664336 0.999681711558952 0.809294878993373 0.735007803916712 0.956621199729914 0.999958913858522 0.64152381900354 0.660555678970246 0.952166999481763 0.708508740596908
0.317241500958837 0.582965863638304 0.280734117941136 0.701115486464605 0.944240855889751 0.421800082569247 0.0533469551829154 0.682916082512164 0.809567544602059 0.809859548589111 0.851658312243189 0.204333596636558 0.309475067183035 0.320358766289282 0.449544080530322 0.975857775738952 0.46618669878372 0.635543827432801 0.00365994431961207 0.0149779134940014
0.272573417927706 0.630664894672815 0.901986546123096 0.774374635499075 0.693550253712154 0.215382354937076 0.0844570601295842 0.438625701951955 0.993238695571783 0.840628928836339 0.473662911140025 0.566122823845578 0.389006936625428 0.338994188440403 0.88388708226439 0.906610779316036 0.461123103506432 0.70355074477652 0.994581795687708 0.010378871727817
0.0825617896237766 0.556287535062678 0.133567530185647 0.437279482746931 0.171075132229389 0.5020502966489 0.0659831061731932 0.260723413972416 0.780829468226604 0.24144939429575 0.20995790875877 0.953313976669357 0.242689938318188 0.0927868107792963 0.451391317907669 0.795142263427057 0.348022286705056 0.431009322793367 0.0471368059474334 0.882516528195768
0.301702622778837 0.617317494336032 0.270724467339078 0.728959442230441 0.883816509079328 0.399760202311425 0.104641352695769 0.689579981904014 0.777400815300863 0.678879516742334 0.741637930189549 0.988089795111506 0.278496827121611 0.108742959787586 0.745367968569372 0.999449422041671 0.389313751784451 0.568912893926274 0.0106916623164369 0.220933392897207
0.0481264404913901 0.38652992303809 0.271457064711458 0.358081777880206 0.0468932234153054 0.561963130208853 0.0419442997754308 0.0627839020343033 0.0968054688779442 0.124277879343053 0.0530494911440348 0.851490134672326 0.0305369184903768 0.0307897667013103 0.384514071043344 0.962502354370249 0.391842555609313 0.630506210172718 0.00354013864395618 0.968787429731627
0.121999361913369 0.527037037166035 0.939437151505689 0.544099566590819 0.407952467783004 0.169777181624588 0.0595065781364786 0.121320927224673 0.728910540324296 0.268796889383296 0.090902116011377 0.956903537471797 0.077635103340828 0.117558400662957 0.471606815112212 0.943137149293894 0.561877524537532 0.645539089721828 0.00066539602521305 0.997680523270418
0.0165790547299714 0.464744674271302 0.563006769109286 0.352540301124565 0.00532803900248845 0.380248166488257 0.0288487181881044 0.0101338600254332 0.356549590483087 0.067841460128 0.00237668952190947 0.72388009581073 0.0292666222058402 0.0169667661833117 0.3367280576334 0.0785447686300079 0.158138999665823 0.343450346660052 0.00933129504346157 1e-06
0.0465888626634899 0.317253023244155 0.0716684166303277 0.675398172046979 0.219107263228094 0.295803175006798 0.0122795756253377 0.00416430241101584 0.0230802228786814 0.0346473484951435 0.0067597015716593 0.243236499357043 0.0560426919758594 0.0259633090110726 0.218247810740715 0.833477323538846 0.561251158828814 0.149523903137846 0.0189301682371989 1e-06
0.605939849335179 0.700402317772954 0.775122688863842 0.734542707251802 0.975822950185863 0.738566982052877 0.805948410300764 0.962741010505607 0.923595898174514 0.887397198609429 0.951821192245388 0.994294146194254 0.840460060652684 0.488108942137032 0.841888513265139 0.999517390022126 0.620883769732317 0.755030540939478 0.922804828827641 0.99466463041267
0.0531566906367573 0.426150498976331 0.443478654118755 0.231023215407768 0.0949734423612572 0.147805852052858 0.136869751891079 0.216204763114058 0.00217341396909702 0.0384823561147007 0.0247717456259644 0.68912833521492 0.0427339738906476 0.0411710255584423 0.450993160191097 0.00557695789709145 0.247681799881348 0.445467860165763 0.000472466668579598 0.242699961613632
0.725258730030343 0.5989708251835 0.603255036869957 0.835564028478079 0.980341828086229 0.748249865351719 0.606517022976154 0.861200028214337 0.597993171670065 0.947181724971994 0.92512381934395 0.984795268325711 0.836114296312024 0.675775144120268 0.90210221318399 0.973326162028195 0.601530344410964 0.88218602338905 0.999157563149162 0.999997882342623
0.188467053192793 0.675551833480257 0.490377035025735 0.705926099996025 0.725573224927238 0.21786337338352 0.115944331176306 0.289460026869775 0.119043609663675 0.828576750388467 0.482717233333146 0.591273788677063 0.111665032850684 0.133194811187856 0.507790717037608 0.970851480201837 0.417144324784773 0.64058650843336 0.301614634958482 0.99233937685032
0.141657486366938 0.396928166482391 0.660496226808903 0.459201032029564 0.249081622382814 0.646352672976816 0.072259200114014 0.0829066971339364 0.403102763422117 0.143449633148122 0.0806397516055376 0.979187537804038 0.0558531240006576 0.0807612968670345 0.265836975690919 0.938640811721168 0.555917745547459 0.149998532585226 0.0446840389645167 4.36148176754923e-05
0.0262361088703368 0.40552926176639 0.259579258877351 0.644617167867398 0.116605128617991 0.274909103752057 0.0456140406861341 0.0575361789118935 0.00688321032687801 0.0821633179002785 0.014153735750024 0.0858431362847262 0.0319453968508989 0.0687497122826379 0.36337547046218 0.902341013283107 0.377370366259408 0.271038151669027 0.00889294388018641 2.18826600233136e-06
0.133317023939975 0.598454872110221 0.277663895605951 0.736125157999395 0.647689380118208 0.112072124918175 0.0665912890032297 0.54042259497056 0.59741799531205 0.223832188639211 0.414022996288772 0.937902393311886 0.104263860271329 0.110220079451791 0.880082163400933 0.215303613236926 0.554897815077475 0.621665385268383 0.812852688743765 0.208013978935301
0.461256455720319 0.607573991294002 0.708760822338115 0.559274716616203 0.827262428759422 0.549665376227673 0.33420057092883 0.970849075234389 0.929158730064474 0.793860504659989 0.986128621893031 0.991804429234881 0.511363171153683 0.173060600730268 0.740195593413752 0.59004249865948 0.519703344228068 0.661799402748187 0.0920254445519028 0.912792125166075
0.40290626037159 0.703656659304216 0.673946917050884 0.410144908415789 0.845819539589987 0.639807379090148 0.285311824047277 0.893592030107036 0.518786322281177 0.248792334225761 0.950957860822703 0.955379413022673 0.170972171538288 0.15080198395318 0.628781302120179 0.0332255723262312 0.548980308522428 0.651310498534915 0.223770089510664 0.993518052787677
0.190388410799919 0.61774183068069 0.46280309889392 0.801223405216522 0.973206593587451 0.495025965467158 0.122714389150509 0.896046068549654 0.230262027570594 0.822484896534664 0.489335581955944 0.839330529108967 0.28400986345963 0.06842847384573 0.409545457771189 0.695462014263082 0.694895745016139 0.483378809388544 0.955130400054285 0.0689274134373445
0.150477379742176 0.587585784486691 0.488495439636566 0.579410312637798 0.226568824432675 0.177484089456454 0.248861963452096 0.531600450631231 0.765819056540485 0.1249830314067 0.0426977022157825 0.755908569392885 0.211503364322953 0.0996157923313011 0.287879954137886 0.862120029369718 0.381544349538526 0.593964180271432 0.102844075756689 0.000387998488705592
0.213702428117349 0.655593415995915 0.22724108389996 0.614054641925415 0.266155158592965 0.403077829996855 0.33350712998078 0.610795027866413 0.154511939171064 0.737047473898263 0.711198896695707 0.556660103288603 0.268938755560522 0.129617817594096 0.63531315844582 0.705483837574486 0.404565716724061 0.523897220312746 0.233274912819289 0.643194849997667
0.0968969902980221 0.429605846400359 0.63643307959784 0.645948146086064 0.0891202116143806 0.435697626654126 0.0968026947648188 0.0185471907088034 0.00430414889066152 0.137923308644343 0.0776204604080146 0.784125147447416 0.0330081746616565 0.0638041157989065 0.138703616291175 0.261818787788262 0.419620589826298 0.643510329777565 0.0199182134988514 0.000360095719449333
0.104892247533505 0.502840524964643 0.42623424904594 0.631487729041248 0.468945622231959 0.572641265765864 0.253916492805754 0.697167425871093 0.233235277504714 0.107779767336328 0.362583329134593 0.966666538906165 0.258807997504197 0.17667328995784 0.507570074844912 0.975575200872494 0.578262301411127 0.733939011476092 0.500646282722691 0.999999
0.0781237041988636 0.490852419145475 0.581101140528546 0.594504613969566 0.150866074595473 0.537979726375661 0.102112490341241 0.225176013949503 0.963528213190136 0.785242497065128 0.0617792996370939 0.548916463117349 0.449850207548126 0.28340864689173 0.0550338440663408 0.628264879094356 0.682826524122559 0.5449014968131 0.000415997117556898 0.9705533797913
0.106033008106433 0.538572155801328 0.925895263277204 0.430357907163026 0.803304432478412 0.343358141224342 0.2026515548097 0.0269541697832621 0.464421743777592 0.294921058839942 0.195625744597289 0.500209531902368 0.16460730320889 0.138141867898527 0.429112145316503 0.122600937305668 0.702389062920449 0.292618093416881 0.000627462308502342 0.998764491490141
0.575970761976456 0.63587771373498 0.925316115304196 0.804844298323417 0.915862679432628 0.314647794508707 0.486397121016852 0.95075132012779 0.943762384933083 0.899481503090535 0.959297518142538 0.966581828814012 0.752700323378867 0.464109277145612 0.941870551003027 0.99955539988575 0.869421537259325 0.749565685451285 0.196601430500301 0.999993092737224
0.738323739372777 0.61533103769149 0.916885146507302 0.658285339148032 0.895391496709604 0.310293283988945 0.382666088092312 0.952108093426206 0.986335707089056 0.856315570613109 0.91939994113542 0.795540275203413 0.433291575117132 0.569609698059313 0.902904144228234 0.984556167799367 0.835287628504258 0.635148769630353 0.723185065128837 0.997878624178303
0.0265198768599744 0.423628435954453 0.300460258790756 0.474919878746935 0.338431714610132 0.318552053333747 0.0306069709270494 0.00766915661343223 0.0519181975968051 0.0902396758732242 0.932312327488397 0.221348969579203 0.0348302932764511 0.10505846902247 0.469862166901285 0.577638468779707 0.165346768167182 0.381528402532347 0.000296525511715003 0.992016844231388
0.135615530165099 0.564642607399364 0.67553063560267 0.456721996871954 0.556085365482276 0.0481444922341886 0.01980997527546 0.0861895762967412 0.346050541911298 0.44709659205587 0.099350910435248 0.972075446053146 0.148957857156402 0.0749264640309237 0.294729134667952 0.953331216523107 0.454214021194424 0.419949173173818 0.000461884940736546 0.0763748793102619
0.480034010896303 0.663158210739541 0.812506840433964 0.900542229488321 0.99026602754285 0.525776235352931 0.624729194150132 0.997900806295082 0.796332232214239 0.929286936975227 0.993098660162435 0.996971410718946 0.733180667131209 0.230269617138588 0.880963257438421 0.999530382631826 0.707454240579244 0.832900721628524 2.5825282573033e-05 0.253046455808841
0.231649035187696 0.670902799880222 0.618533893780586 0.578705889142281 0.844911318529323 0.347915835467049 0.140459539674461 0.545776353260434 0.314904073039785 0.509879340239174 0.244966333415678 0.698193173126182 0.112166054005388 0.0799111047386801 0.640467910829367 0.917579159097994 0.228629733119931 0.314239537672295 0.680622833180645 0.000549402324348118
0.167359646235868 0.685639386159299 0.482654485551769 0.528112471164228 0.783899921402198 0.942477362947417 0.304530800917303 0.280876846047966 0.670797906062037 0.486321332414572 0.276743878731044 0.393855481142821 0.284454762640207 0.168717551767108 0.72373864489073 0.92789922994088 0.650146111009362 0.464529546591181 0.0167033463157294 1.74709778875288e-05
0.0586315226214038 0.515946666683609 0.294829269229331 0.312172620456841 0.0628765149461423 0.232755333353896 0.0210399776895891 0.39203865693852 0.570779759705755 0.390409834992636 0.0204507507005775 0.654109306327104 0.14959502127677 0.0626306477179252 0.392084433777662 0.410880896365161 0.420101521743067 0.269552245842551 0.0646222479962885 0.516921091834178
0.278900103439343 0.598362180171031 0.455692496149608 0.707951719197284 0.691932472647703 0.152900223031088 0.547732696704249 0.532991946846262 0.761458649377125 0.818674334714606 0.430387582675864 0.94329646980379 0.332099717681859 0.0700977605048712 0.720319097196727 0.971662715785358 0.422589107726149 0.514556071727035 0.017235952473619 0.949907712825604
0.0995112230631767 0.572594030281458 0.815360835073818 0.697992113649395 0.15042459690375 0.681304048904407 0.118910008244694 0.736024747399692 0.481390838924589 0.488428319842678 0.232275640991807 0.962405130377635 0.0628054030871963 0.101525067562743 0.222668185036208 0.794332470823062 0.24267363702719 0.368131790768873 0.000405414540932327 0.225507810350242
0.73850963602629 0.679699464638983 0.690291131229305 0.433702762255094 0.950660221521049 0.648516692951743 0.299429352907678 0.852368839616699 0.985798695518785 0.941030989548231 0.679206937220919 0.994876628440067 0.692011364661796 0.48190640519742 0.959276643623993 0.95606458920611 0.663290074010865 0.821738914250643 0.889028710017378 0.848036623151874
0.097254823963911 0.493416004259454 0.431067468239465 0.520061960683386 0.0203589456631109 0.387732250501814 0.149125950616864 0.234245708679596 0.111135066118254 0.108817293434652 0.0236697098917015 0.88230909605641 0.111861265876007 0.0232717160373682 0.16806635390069 0.108918177551917 0.552524090964979 0.507842599097776 0.761274221168275 0.00373990971308637
0.0714735718374589 0.408764550811133 0.632058099768829 0.710101093873383 0.0770372092396421 0.441906818298997 0.00330925320208188 0.0317621425915519 0.328392030646973 0.0681472902655866 0.0895391060587345 0.977286654247331 0.0379244656532061 0.0188744057173829 0.640830982029595 0.188490801519748 0.348181655139366 0.204475795514814 0.138114488209636 0.889534608328297
0.5814048932926 0.715083801459009 0.938442360856525 0.4364560431434 0.993464860076359 0.583798128844007 0.477609800444871 0.950956660680522 0.0760386148897397 0.965159356782029 0.927976584173344 0.99737594392951 0.6303238381081 0.265590870719935 0.79211883556012 0.709457331997312 0.643888304713505 0.737018399866273 0.0454504697511353 0.000163555116352307
0.0809094738696421 0.446004792856316 0.391851101499959 0.509230061286446 0.675901142119435 0.506268700322283 0.0339944679517651 0.331717564759227 0.745174715819584 0.484120285016595 0.341668612687149 0.782893389625008 0.1230616220975 0.124397589387383 0.289708564960824 0.997897535937272 0.652821683125955 0.420926150803056 0.154357551391687 0.234543705442599
0.0101276706251716 0.36141813082462 0.161431058443433 0.325567187193218 0.0535869552231873 0.268901205010739 0.0268887893971257 0.00261700954182511 0.0896240071267696 0.0119094626171031 0.0252451914396239 0.581953300179185 0.0252386224232986 0.0143076906893444 0.186933750467023 0.0593628434806478 0.250812326235234 0.16855939357406 7.90484957908006e-06 9.07951282376866e-06
0.687065295973399 0.702363992724419 0.730718363836855 0.370373041211677 0.979551771550115 0.543269137526167 0.804230957585717 0.994247484229385 0.996600773102752 0.820301108814088 0.98274392425929 0.999897700472448 0.806025498011129 0.241901274451688 0.747811789759513 0.997878527838298 0.781111141879942 0.76055858998006 0.793472195143639 0.805047550153944
0.872842627577233 0.797592918432945 0.977313971704775 0.857869533176962 0.998186342715987 0.911300203422923 0.612886376307216 0.999445869365909 0.99765621676218 0.956162820315686 0.982742098240448 0.999852405653278 0.90010731696838 0.726395780469897 0.982518202289644 0.999763580425276 0.575620971106485 0.97634135734973 0.999794398720129 0.00143827977182356
0.373709148023013 0.596134025619223 0.51368013252787 0.615518663310814 0.0259022533091297 0.406288889580221 0.0252272886419239 0.79244598592636 0.650542592307605 0.299134649898506 0.631160120532522 0.994143830423168 0.0836544981584732 0.0616659888827333 0.430278925882674 0.990366684500457 0.595186437595052 0.660690423609576 0.227786889973426 0.688032451929883
0.335867053878796 0.678755345613628 0.897405936218739 0.782967042916187 0.780624759722236 0.717893859784331 0.553124978045385 0.843971972636732 0.808088418015866 0.817139180951494 0.647874608208845 0.997069533945416 0.515812192330786 0.220459382516027 0.83216400144092 0.664737810565737 0.535889937805658 0.425598398276273 0.28874336220501 0.132688408606126
0.753671212438391 0.660749179616444 0.831306213505363 0.82098383826745 0.966438901521359 0.894849623671713 0.332785816188305 0.887952475660625 0.605438507573467 0.93262337333384 0.955466144871286 0.993345169128769 0.673280568561292 0.2745376040777 0.626145852685456 0.979555245868128 0.711528719286104 0.783607626832903 0.9980276169265 0.986664244127679
0.0351572924388419 0.438416101137174 0.572422200483461 0.45890156269978 0.0442520066537752 0.341315136911369 0.0227449038317591 0.507377826805836 0.0859624898129317 0.15422707414286 0.0892617874054753 0.0685384481886738 0.0246828396722195 0.033096114017484 0.301664298640612 0.245613828221846 0.197088559833612 0.165497562142065 0.446334542028992 0.776535447035955
0.081944124629728 0.640756720561315 0.0496711953455798 0.67145716321747 0.0573489875871227 0.318142436273353 0.0962078843103044 0.0343619974722204 0.184698161572248 0.0597081224506977 0.0227084852698551 0.632460110600568 0.120285747503146 0.0420878436013742 0.611486859932394 0.392843462030202 0.509374726161937 0.651138481163646 0.0129039347490469 0.00164260616076204
0.643902864924447 0.78707245135928 0.736452726354327 0.686629022369041 0.899701833143204 0.397939245438562 0.554583648785928 0.994143597007539 0.851429197781886 0.853671351389992 0.877560720797065 0.951237448173225 0.601362195877137 0.36827655043581 0.583714910645978 0.993730909352801 0.731811885460889 0.886686237020502 0.930463347828543 0.0131949203932574
0.68720461377791 0.699546099682557 0.687487081162598 0.612102120660283 0.964110314984696 0.480875492848368 0.273963144840774 0.862052426054613 0.147675223463372 0.882082358993259 0.805787157089357 0.999254173698979 0.595609104407817 0.511473664857762 0.88836325621427 0.997780597052034 0.571057899514677 0.838248654409935 0.917828306850544 0.0126530827807023
0.0423508806630897 0.612935603253883 0.72355021258258 0.530389977287391 0.627356523773479 0.836154657424236 0.154185100753902 0.62275948690334 0.111349689642291 0.25344128403193 0.0157031115362092 0.603273681966066 0.16388297347592 0.104982263584054 0.181797896966387 0.670228354843696 0.280713094198824 0.296155224383069 0.325837901798144 1e-06
0.118024241888197 0.510528133843925 0.222890370646915 0.629874361165973 0.839539574853544 0.538875259474978 0.0208103346724372 0.232538407683366 0.0123056730870632 0.226469580298416 0.263849613634064 0.992167896789058 0.226852314318448 0.0726333021156265 0.738333862926914 0.999034124461925 0.354183230363314 0.602168042774296 0.132389127031038 0.0600395792385506
0.260781091338525 0.720463700263209 0.222004022312217 0.736852879759713 0.8481915376446 0.335797975659512 0.167832575064744 0.62543746635914 0.929146837531457 0.688037755969686 0.957102243372073 0.999473511300893 0.256837924531327 0.275663485057843 0.814954979045704 0.949661855057306 0.394797573321341 0.543330032096675 0.508987410966343 0.134913862278289
0.034401321172118 0.497993312607481 0.202422974376291 0.416427957334321 0.09355239624534 0.225644010691788 0.0678324123470423 0.132588930847992 0.00859015567904811 0.00887456826554505 0.0366334277284814 0.604323982816752 0.0655548762299929 0.0159641643233127 0.402206975562069 0.8937394394018 0.224424548204232 0.282181907813104 0.000419806418102715 1e-06
0.67969532173856 0.715992316389591 0.983351123123134 0.626614143388254 0.989934206439928 0.726574732906882 0.780815458087915 0.974155065779497 0.989650187181179 0.993589785290334 0.990941968968871 0.999388805026103 0.908093195511762 0.519644201854686 0.947574890545894 0.999999 0.585867715153191 0.951502544838065 0.966849280729268 0.999980192748904
0.652942769983169 0.660757250559294 0.682924984833165 0.823762147508663 0.936384753198424 0.95219017606213 0.431502373197805 0.995313103545228 0.998826227010298 0.976655248698574 0.999027447758458 0.974549231448 0.817591952265486 0.553793682320969 0.94926860879655 0.999902173279042 0.786703636562757 0.879241620453462 0.905745114448695 0.999504547821851
0.195075425563395 0.588710189186173 0.141745781248248 0.681781058712862 0.610483705040843 0.454102282368999 0.272397175635053 0.85063209917096 0.0866911343158111 0.269953850130448 0.289880120029987 0.824103471691158 0.0684022579316871 0.0737542354695295 0.536941200485253 0.961145779127028 0.522861163333309 0.621282624877329 0.0124538770577753 0.938194139006942
0.104879271451948 0.599125610506398 0.0815299634242603 0.651766318013104 0.504607149755747 0.322979884541799 0.157521462396348 0.444654081355812 0.0257450500571857 0.188953917694908 0.219037921272989 0.963152229651178 0.156987199026577 0.0698840041494577 0.265459345864098 0.820721141583223 0.653002645793243 0.567413695426908 0.198381618596027 0.0130199110914969
0.169455833850897 0.640659779611106 0.584130371526032 0.443446409131631 0.705567511889236 0.552525967743151 0.17264710317807 0.767100443464565 0.892484914449716 0.272789675062499 0.555202889599916 0.992189708116005 0.152060201480834 0.0700640799205324 0.174465503584936 0.0217010209481315 0.697407234571232 0.471762687872067 6.77429108460305e-05 0.996565211331507
0.425418307118222 0.690362214421404 0.816139386417253 0.829318094825965 0.941096011675803 0.631338166439519 0.554075235176099 0.703174940142317 0.894741806863196 0.811336714119626 0.873298414695148 0.995368374118689 0.276297212485248 0.24796608265861 0.882382245014011 0.993306935846983 0.569397230266153 0.671165471462726 0.917864223121332 0.999996291749335
0.247116106868269 0.503643596214719 0.542025429110453 0.722358186564709 0.860056532419043 0.128544796614923 0.143714490998737 0.217110093342225 0.263761682681807 0.191701258055601 0.080775342731219 0.0593353162788407 0.0926741359527986 0.10442345248864 0.524859812106674 0.521939500732093 0.440845750626679 0.719548484177709 0.229000895752427 0.00718854509838683
0.241440427455516 0.517536041077327 0.749474000999248 0.526301870234801 0.953744234079747 0.242678919422865 0.487099494769419 0.898743409453839 0.672872635932692 0.212679765484542 0.936683908866872 0.964974643451136 0.419196393584771 0.0863665098242305 0.806614241579255 0.966173372940277 0.531420874350234 0.364188208373233 0.0110891509642205 0.69870236170519
0.416374709443126 0.655125336228352 0.966476597505753 0.868836816537832 0.987184878883519 0.880774425331018 0.289573096979261 0.964747555361934 0.785070909401742 0.509633139813012 0.843538472354562 0.992947742443004 0.511859487242466 0.430818637366568 0.97957761559456 0.992884030938552 0.550612342096002 0.844560598922749 0.700750942434695 0.999999
0.725383739956276 0.702546602484751 0.986136547050957 0.639572745350113 0.992638160449581 0.607793944581136 0.532035940029661 0.875078608880879 0.0639596543205049 0.839056793251558 0.877630686629983 0.598349344721355 0.492556722447759 0.298884573743059 0.923557333334665 0.978705846106195 0.830631508177586 0.755976535137792 0.986775982638821 0.0492328456516788
0.351211436858856 0.663396008057208 0.919080146954133 0.601571540695951 0.2660691556411 0.560162616223352 0.361141407692689 0.513086424005696 0.910076559977041 0.620783457591863 0.164707510764587 0.959193146646844 0.207267157709357 0.200306612472329 0.888699278644382 0.953362833276684 0.465344096111268 0.526988295363209 0.820270901440863 0.544321142464301
0.0781145729409849 0.47202577671297 0.616822615687573 0.554080662705784 0.0442886058531966 0.76317380781465 0.0456407212480873 0.302903763222238 0.553904088606388 0.083574067973948 0.211330238110204 0.967839185614193 0.0487716150888305 0.0565106087332003 0.646195784876044 0.991681491660157 0.478878558322343 0.398487171176336 0.748639180194176 3.60196420982908e-06
0.452350353602418 0.740166394888845 0.848713799363776 0.60841039057152 0.966250580411451 0.255926268444745 0.201854332942415 0.974364349570824 0.850619085157184 0.909909676500985 0.718552184594193 0.999299024789823 0.253485246232285 0.364507684863332 0.931627425147924 0.999993780269061 0.710640925875231 0.72683092949365 0.160120873814117 0.957424094432591
0.169386375694938 0.522480372586997 0.361535697399975 0.530394118721691 0.160943272477149 0.406921131764245 0.012843502297291 0.132177757375515 0.135233868169544 0.0395929247769767 0.289893454786053 0.962715333126619 0.0395763301673556 0.0997172873227896 0.513569579757245 0.807859422564448 0.565483706511948 0.488048708552847 0.833928521065614 0.230429272093238
0.116228271122448 0.575032584397141 0.0936301693551202 0.360480403402442 0.376019114730971 0.14969337805499 0.0330870138679087 0.162407406405826 0.0951400397212078 0.0510524746728613 0.076551425773308 0.953335269866734 0.128316303504604 0.0385796501922592 0.658749435357146 0.910694271650168 0.463635348740303 0.309086850414947 0.263972275336361 0.0121205069607824
0.112268700587371 0.557877158183363 0.46556998487838 0.415593227497434 0.0681330764094323 0.375567329310112 0.0407387842152832 0.378523050744698 0.224870003078616 0.404006076134468 0.595443198408867 0.94728858908946 0.188140534993595 0.17634735865049 0.598776745617505 0.617484901588799 0.52267319285203 0.331446686538337 0.00286824360974362 3.12903178112727e-06
0.437979107257469 0.630391673475307 0.629926201603508 0.670345162450402 0.481882865328545 0.628998960482273 0.174204843622855 0.676103018393626 0.784204008635414 0.275697645396228 0.885193113937517 0.997619765512743 0.170528357814572 0.174299178985262 0.845674773111654 0.968194883648486 0.547375237432057 0.59295593261911 0.00195752681768332 0.9995032993458
0.409965522602102 0.713936603115016 0.870932220761243 0.743192555291699 0.945581597950116 0.130866612615175 0.0661425763268039 0.653373188896045 0.992994347354079 0.883107248456711 0.797509836802838 0.999057327229779 0.308613112264818 0.379374415633951 0.63828862362691 0.970026288579672 0.303466697917379 0.695792725688078 6.39678088075301e-06 0.998152488435054
0.308259870774518 0.607859047696987 0.599265759715231 0.554527411904303 0.828955312945921 0.501995169675955 0.173956788968585 0.485010972433799 0.957537817706248 0.936486291957321 0.621704555384985 0.999933376692801 0.252753432855554 0.305099054680111 0.765700419756043 0.997897175261836 0.507036606834954 0.63447246893974 0.945450225029916 0.999999
0.47503306074494 0.620021112857647 0.855546587218818 0.850685671797788 0.949873536742242 0.530866663166867 0.179572930890395 0.959534576532279 0.863788516127589 0.727425722590687 0.31602452868234 0.962831174347293 0.790839107739759 0.292648358890975 0.83733217467949 0.520733575773607 0.526698342668932 0.813993386114127 0.971599196089251 0.624111059213125
0.139961070517844 0.602964182160175 0.486827165673522 0.472710320361362 0.16889137090101 0.14989701499622 0.0425047348500339 0.347469150544606 0.761981663901714 0.28287076874359 0.151144521389118 0.993973070079955 0.199409171516684 0.176817869593717 0.791696649048929 0.970548390559511 0.400867713256071 0.652643330745964 0.00107903397633782 0.00153774809664358
0.133602058860493 0.566810927687022 0.361543387284475 0.470897921060378 0.884357331100979 0.0800922610851287 0.127688097948857 0.543400655348813 0.544808191346705 0.149323083520578 0.109017647025171 0.991845074191067 0.240692954378255 0.153377738192998 0.574767987904015 0.98990059354876 0.371918999441864 0.584221974877807 0.111967881921446 0.999992783891538
0.183346158783717 0.708386129807386 0.361950445315751 0.560135559694644 0.907665451248877 0.484272767818345 0.343341215802193 0.683904001344761 0.975892109432152 0.54798620823551 0.351327630240278 0.994959602419228 0.396200398595173 0.109364373874889 0.372552874544268 0.910290873977279 0.23567334415204 0.707200153109051 0.000855158894710696 0.657443610732622
0.142909217551316 0.571383384967206 0.817160524222373 0.657990118470764 0.0538776729756508 0.576904609563058 0.071864921138372 0.308625192991871 0.927265996483159 0.355476675014102 0.338054112896488 0.97607102545896 0.0676346057535446 0.277770651295765 0.421923182747126 0.928326815630871 0.714785208563086 0.337147136981063 0.761604749165726 0.999994550766172
0.0357191550917685 0.366933394017538 0.399110566606494 0.392267364128461 0.00569410727822657 0.286201367803163 0.0396515688290427 0.0848980123484602 0.161133766032743 0.0278687057034232 0.0699186841004723 0.76744340923522 0.0242659981938089 0.032324743005011 0.595123327230154 0.124943987011686 0.285365600100038 0.339399681787999 0.00668116872320819 1.96566277273082e-06
0.149208775440879 0.666018513139659 0.609523526465042 0.4627545520695 0.485561556989067 0.526304775874444 0.141048632326475 0.162625184518238 0.116268104810746 0.108094315018485 0.298977423586944 0.0229916722555784 0.197935155874364 0.145874838991168 0.410289586064727 0.978723762366526 0.642141784993973 0.655032851616556 0.0205487289889213 0.998504066079037
0.671469037323269 0.777597806673008 0.924529958245932 0.641074326942462 0.96617703431847 0.812201034929559 0.290568859406336 0.970619303904088 0.963290675207162 0.950677790108995 0.803821632794768 0.997762862137298 0.355562155959825 0.291915023463667 0.689150632979263 0.98065343428227 0.63267668091017 0.778991216724332 0.00053970201814706 0.000360554301479814
0.151861900877478 0.564615060795703 0.516839084152368 0.64638385769923 0.359506256509689 0.337869475134568 0.0292848880439447 0.553962204816462 0.0353275720506614 0.120075564547872 0.0798960400844483 0.441923717099611 0.0557341585442915 0.0406821765629403 0.433205272770783 0.0235712184818202 0.30104260622777 0.374082818386656 0.331997780843646 0.970100372281089
0.0824046355095527 0.47401604829563 0.486329592362754 0.622562135818305 0.568068337792821 0.115761810471567 0.0561320770043849 0.677799378808037 0.735505777107374 0.29133453566924 0.59731488594457 0.949620150129763 0.305611228996558 0.0493872690462702 0.641023537887384 0.617003712230648 0.500760984254823 0.257511756624593 2.57757404226378e-05 1e-06
0.193466164969557 0.811218755826777 0.185014596217802 0.715039472469126 0.892794194182173 0.529771940480986 0.0676527746610116 0.194663085178955 0.992420885695473 0.605037167241465 0.533186745707038 0.89939268636916 0.508292808090828 0.186653197114828 0.556080564000599 0.961581890695621 0.57083323367571 0.769879092057869 0.943121146019027 0.932597627748948
0.0928160092223372 0.586394973085159 0.19403236734833 0.481876770021339 0.0637471277275771 0.280006867531435 0.0545401948062207 0.344039084960209 0.350570449788562 0.338572416991709 0.344380050901257 0.246944133248309 0.174805745077131 0.178894571928099 0.615274579198422 0.93055923455321 0.448222963369249 0.37169918850463 0.0743596419307602 0.973792285979729
0.445578303885747 0.675997211241451 0.983717340629228 0.532294297541645 0.998312030284421 0.623681418270282 0.562248861555658 0.991062485626593 0.830875396860172 0.96302606505176 0.988394978604728 0.99994305262472 0.613519333991131 0.464070349420786 0.938691969669342 0.998925174259301 0.630545956225263 0.838209169107819 0.941366749034897 0.999997892809307
0.100191926469483 0.482578591414291 0.181388894840306 0.561653612782057 0.501868061101561 0.249042999224621 0.588104739646139 0.299193711200679 0.509539082784005 0.40707013774089 0.103999689513989 0.603679737222011 0.0424310706575819 0.16666673370562 0.67680480723923 0.985089535501813 0.398641137944709 0.575916382430426 0.00834433138858882 1e-06
0.0183807724805004 0.358825020932077 0.516851992143631 0.614047786790526 0.159139165726369 0.395931657198461 0.00959049178484828 0.133014625478215 0.0142281388125075 0.0276080534912023 0.171491414762168 0.137467165499607 0.0662182535687294 0.0528742088126932 0.296116459847664 0.0304723901987723 0.259740465239809 0.321016196725682 0.85083479450594 0.0893228327196108
0.124853264910307 0.538280142308882 0.333171909777778 0.43077947924121 0.506604748549194 0.381389721728921 0.0671248531083894 0.371012825232924 0.993124545088333 0.466085502719973 0.871576111168209 0.994186949121657 0.314132190080289 0.090713754990383 0.850551473178718 0.917476958033424 0.512746905687061 0.453845007236457 0.0261946883332705 0.344693520569834
0.144726540426097 0.567225486595232 0.25079014403602 0.612081056802368 0.754766239278512 0.310671513871914 0.102559054761797 0.512257129390306 0.0655976370868469 0.277312131966417 0.454395323187253 0.958685795067232 0.258599129453136 0.0859013540344778 0.605093748626966 0.948539860481254 0.613708980220937 0.618797645048581 0.93249938786665 0.999995876228982
0.210487115724334 0.559402343842193 0.6256582741766 0.571445993353836 0.869786094880636 0.382545830973576 0.65585075907299 0.916683145478624 0.878371907643429 0.463681120381129 0.40263852623703 0.907181328112973 0.386981115104842 0.168680953948168 0.844249448070793 0.876586464717934 0.540145334296843 0.66210541612174 0.0284193425965918 0.999899115643616
0.0809118417374512 0.773949714171929 0.713736978345119 0.647470823373322 0.418546666454617 0.237911013475962 0.134937453744108 0.231831186101762 0.0830076806441945 0.129030394926947 0.398883772384277 0.925267248796087 0.279522450650903 0.073644373506357 0.613093449890129 0.488778324800866 0.683203325071734 0.424283756089762 0.00102155392191067 0.992099430574406
0.111691167641647 0.537774466254979 0.264686799101365 0.375139954899118 0.79467849436711 0.161091745442389 0.0175639198975534 0.0502361033248097 0.41556293790847 0.087706204500514 0.54734356847347 0.767304549184686 0.0538278483803904 0.0715079696500217 0.493852815234772 0.807112955115984 0.508424015913972 0.276748773588216 0.00824786945912426 0.343569059725216
0.0321345466606471 0.340161871417021 0.0738177571875545 0.557749371911552 0.0220848452802477 0.742891599794055 0.101873010367001 0.00676454971158988 0.245383419687538 0.069456457544117 0.00595764045481415 0.871706568258306 0.103848484634128 0.0561027802838563 0.223652687012297 0.710894652342998 0.428206005529403 0.334801861425221 0.00248998778002751 0.103891195275017
0.328351033191525 0.655983573385522 0.532918166435848 0.799175963955026 0.610014627132877 0.162384092684269 0.214830917589754 0.663445961320207 0.971062570606121 0.952186053193006 0.729558278318132 0.999328115879682 0.367738857763091 0.411905750635491 0.898058513412259 0.990288516082995 0.857460706030291 0.577319952356933 0.59043551983637 0.120825725504177
0.32569266889829 0.64548161936589 0.812222609456892 0.641403345593862 0.579712776631466 0.0875287945655653 0.507929342916565 0.950767747677719 0.582803625666341 0.440483929144066 0.60286896634033 0.998754287408462 0.231292367421486 0.184125320988923 0.662249695672099 0.54191619410506 0.457412998012482 0.489596412804984 0.361035242722777 0.986906147420498
0.112533315079256 0.636300008547647 0.22962691690203 0.404855967855137 0.0593014864619291 0.197749615141843 0.0430963708603302 0.0541161569770317 0.792557651974177 0.102293786191536 0.122246482822611 0.912336674023799 0.0320935548488437 0.0539396886893386 0.467127311583862 0.261589785178494 0.585009600813945 0.237834625987644 0.0236025425284417 0.779007481181254
0.0940659989227442 0.564943864770258 0.496446565657321 0.607070530891213 0.104028827657858 0.260919792198577 0.0446199112034166 0.494969183887218 0.745268673846444 0.0800030566820046 0.103152055694097 0.986512304425136 0.20510588497225 0.216570066456734 0.521357328263081 0.529817672359264 0.610564999489439 0.483594741460996 0.0516697196386266 0.0146755192004102
0.319499998902969 0.696884431236791 0.805330949727917 0.648675237920418 0.95732370984708 0.0847439859070425 0.364679636835297 0.910119815092809 0.930594576936015 0.865980683591952 0.866888659948059 0.621841561110579 0.541887037362793 0.196746833774699 0.885401146615589 0.99518810203582 0.395223529607395 0.684891082432162 0.210982349235949 0.120512653449619
0.179571494474413 0.605121187211654 0.890449486855662 0.381814870431216 0.798839917058429 0.144233833333845 0.164493146353188 0.631588140784547 0.511264869193596 0.0645278828283514 0.300931342229186 0.995550920101894 0.181960306650029 0.160914236338339 0.53003378424793 0.49834413086696 0.611395399531545 0.449974878715134 0.0632646098020549 1.22125148590919e-05
0.131911732000116 0.522564808444083 0.0503957645798652 0.644495572731274 0.449223111817726 0.760079901641814 0.0399713216648842 0.0868668822700309 0.0442278332901589 0.196263306542356 0.0735845188225989 0.920884091588174 0.232757300713349 0.164539867214684 0.419811110567196 0.934326495414 0.405726322813772 0.467979436970725 0.773337191792963 0.480704465362594
0.0563841340814743 0.470312071103488 0.198737303340518 0.355145943367133 0.516047868629819 0.447238981292764 0.0430291408635768 0.0159802097812061 0.0149798983410765 0.0934979219353386 0.0257429230214421 0.455200768148092 0.0894360233265691 0.0140226439368181 0.295503756282503 0.935518828119419 0.320177191461739 0.249852405783369 0.00116732321491634 0.0247979152213837
0.0541100725825886 0.482882272638935 0.197337088984184 0.503352909294131 0.015895279910194 0.426351240859503 0.00849811615528934 0.0359703810352263 0.368132598806485 0.0284161542017384 0.0156747663525876 0.556745221150488 0.0588615987608809 0.0377298304211223 0.143378919909517 0.05166300613696 0.127899428109503 0.247760754400102 0.00913365036597392 0.988736040360462
0.219858112805619 0.653425946633614 0.42612811866641 0.682932932402404 0.834318111022099 0.141412899706173 0.152411591736468 0.609705468558788 0.945038035639297 0.889587666720655 0.426608039224325 0.999064876471199 0.58869403439087 0.307121767257169 0.697632497966004 0.851026966274321 0.760439307607974 0.420673744377572 0.34548207470917 0.00642068717015892
0.640753028925627 0.73839214259845 0.984750532565609 0.819816004302848 0.996316282796218 0.371162667562011 0.38274732211408 0.977726043290474 0.928553076078221 0.940945840969905 0.936057202361886 0.878069706974448 0.656070969825016 0.312623250005258 0.659336707846965 0.96527116472462 0.770534609187267 0.797445054429475 0.952663981277441 0.999943859307576
0.398736059634288 0.630236207437008 0.812401925170374 0.459952529737001 0.79047246857251 0.302086955684407 0.718501963611209 0.610874144155209 0.969631793641217 0.294226300778122 0.250118992581374 0.81210955918384 0.20121761181431 0.0826191974603824 0.521341976223509 0.988538969048693 0.695112383458484 0.73937384819417 0.96593145182856 0.00124256999382829
0.492736953587929 0.567348212115073 0.64023208382939 0.680644896684013 0.951816698732158 0.633345618657921 0.256646952299696 0.967999386610142 0.233414915009208 0.570812628957256 0.628317458375103 0.470203443384154 0.264451197238953 0.214861809937513 0.896113139077612 0.97604450097144 0.583044720109289 0.640331428433279 0.990155285943336 0.85176641944716
0.42096211656427 0.734051454211574 0.619366070142357 0.701875644663853 0.996471533069079 0.882903351266471 0.363543589684039 0.97649958562376 0.107259402713224 0.933531434165558 0.922651739275332 0.999018904741178 0.427361458734473 0.15749047049922 0.808798658100028 0.502472703506019 0.605111438592636 0.679376279916104 0.0193099509929921 0.944271251038096
0.0976811183238992 0.623520257080938 0.366636564368883 0.81901528328572 0.717713873672501 0.374886053991419 0.071732321130066 0.0830296910147975 0.930447336509747 0.217064849226098 0.493608472286012 0.774906972735119 0.157599708858344 0.103742612878513 0.58141568235543 0.219448848941956 0.285128285776005 0.493220821704837 0.0118556528823967 0.392586185987634
0.129182849234852 0.534796703481412 0.706894798831027 0.635703505207919 0.970082896819935 0.317203625616259 0.692068097524028 0.925278863418749 0.89235914718867 0.452178383526388 0.679376970913702 0.828798588090677 0.21591940424337 0.164313401920468 0.79985981819754 0.70005808291586 0.744091462891928 0.276298843052706 0.381904545033692 0.226248871883818
0.0964907848388484 0.500692102671106 0.629938861295738 0.579192247201822 0.0701430562361 0.124570311763861 0.0335522747725323 0.0244013342267911 0.529182480185115 0.0598816950848179 0.0394780667477077 0.449569477453689 0.146387457321745 0.0359277029040064 0.410553176507753 0.996194968205531 0.606502720296448 0.21392432302012 0.842379011511388 0.538874172878586
0.155525104417408 0.584259153495547 0.372744634599635 0.628527663355582 0.0593737978011431 0.311153343182246 0.0416868970480923 0.30133115244889 0.208361324657283 0.116194722681595 0.0238179457142173 0.476000227761152 0.0641500512433027 0.0584325736385118 0.759298729093508 0.939407092546504 0.503192592628236 0.659305940465702 0.00827659441488128 0.00216435280944588
0.319852537601277 0.614774641233824 0.833996439742966 0.65379273540336 0.792255432813787 0.139882698248939 0.357578655030457 0.801282877125085 0.64738018155408 0.629999761986427 0.441575902406787 0.996833739135266 0.409008423620931 0.175847329113193 0.717024647454831 0.094060100716304 0.474877898483445 0.702974851663102 0.353745598082717 0.00640072862735755
0.266687669914531 0.765337662616846 0.914634121746623 0.720994126124536 0.96155697546137 0.488083481688284 0.511414321722774 0.990740902502182 0.635249000695367 0.930894472161537 0.955961044227977 0.999929559709353 0.668030314611231 0.234721685284688 0.845415857310117 0.995503812841973 0.535414560507277 0.85559053760721 0.0885846087467549 0.00722227885826906
0.343620488160278 0.629820212489691 0.685301507995193 0.6967622612307 0.680503185509314 0.70103280460447 0.179533838873857 0.92500352041494 0.606153605375978 0.609273933942323 0.98192841487295 0.988060857052637 0.396266506553521 0.328081801384363 0.57399673454482 0.893123512968159 0.78510278011388 0.746059892913585 0.565611294366118 0.000208784673161184
0.184327741936947 0.663176048262974 0.443848368571798 0.678505205323636 0.337561555217424 0.36858740240588 0.154632800090236 0.541693110647308 0.871709817478891 0.583823752070355 0.885219437622734 0.99928977298498 0.278582926595406 0.152974986325964 0.766118789816623 0.8019950034556 0.54459156662905 0.58564413422059 0.94734583213516 0.691025228024548
0.190881317790682 0.479828569115355 0.581528630307692 0.445590194087194 0.205743752968451 0.463598499461767 0.113722880330745 0.377007196691177 0.926629446328044 0.140293685272411 0.100622270472393 0.987778787920162 0.111441259777005 0.125335517079922 0.355653421429185 0.99979460846113 0.587383368700638 0.501830205241976 0.238217791318061 0.940450644418104
0.198797883183475 0.600483283092859 0.441887402701889 0.707150526970414 0.305289234758392 0.373939511303574 0.0328181019860152 0.572584207436421 0.329278338567073 0.742948264735467 0.587463466608088 0.97485611791021 0.407561791501479 0.156675397535713 0.340047967375809 0.58421953624855 0.733371733486274 0.470653591059788 0.000114929062955362 0.993332801812733
0.153252421285006 0.648906249679969 0.210909248287226 0.531935560835061 0.339702815921102 0.185654189445611 0.256784446148045 0.259837897508538 0.519969673156344 0.0581236670524015 0.0387261101944364 0.585413565961608 0.23954518498582 0.0831467623558205 0.317027201438079 0.902880437637598 0.280575073220707 0.446749610899103 0.000954326104539752 0.00357199737915403
0.142671292728303 0.54064633365312 0.594064411469734 0.719907850563298 0.12058057330741 0.429122058294834 0.236435797016455 0.0228963426972051 0.293687119694647 0.119186145629916 0.00627639516923737 0.207583574220801 0.100728699050815 0.0603625074338842 0.491799268036543 0.74103573188845 0.529658212718268 0.235498011714403 0.0195492390268207 0.83601203689785
0.0904961282034342 0.478203292838697 0.123642104556522 0.532865745385818 0.00946676581939421 0.0703668518098026 0.0297793101919794 0.0109877361263813 0.117639115571527 0.0162161566371262 0.00749773451079984 0.615775567324868 0.0445174222074019 0.0155352227054442 0.113832917344896 0.169172454187374 0.514314834404219 0.214809368995007 0.0112803582597796 0.00621895917499812
0.0919763977263505 0.554655139511426 0.116929841147893 0.702778552924654 0.732505845883307 0.495792659942243 0.0507683727603102 0.461908616211367 0.841677421873774 0.247822965230403 0.500613097495354 0.961472894527366 0.102973393895724 0.0723101926412024 0.69116013486205 0.890133831658184 0.428709944804726 0.450718852847711 0.00197995428841704 0.932284752568617
0.657688971896099 0.812448795184023 0.456787108399696 0.912571877496949 0.917776844726452 0.49126132086165 0.575661220173839 0.843371668807943 0.878438218864075 0.917164554708385 0.943470514953654 0.999025410050255 0.44798587662423 0.420998809188509 0.857135507865081 0.990854055495593 0.460458583799724 0.841852456585267 0.43370612825237 0.998148041834607
0.204297600379156 0.49296585140521 0.146866359762531 0.709870853056459 0.966086964849239 0.277029004198417 0.611280417744784 0.984556611154262 0.956438795165482 0.731292513576183 0.861572573528272 0.999273733783397 0.285065449673633 0.198788798966689 0.696481677437292 0.987736562186282 0.257255763636086 0.762008812123401 0.993369573763953 0.99982711134267
0.0300323538406484 0.463453728346178 0.0916352760105546 0.578402066387488 0.22252490071446 0.295660869925074 0.0690423250703692 0.722733584209572 0.0350836777324821 0.35928060314725 0.455144397721647 0.468259464636578 0.21860420724076 0.0310498316248437 0.458752952233194 0.998629076783743 0.705767622068045 0.325231982461847 0.0166980833112565 0.000614410567571755
0.422218193667795 0.730512546661845 0.669635128274093 0.593248505363807 0.956102486634291 0.475828851364136 0.195664923933708 0.846834909823457 0.962864476614578 0.687466832148692 0.97082446795256 0.999066072863943 0.496192562603298 0.357852212204908 0.814241169401452 0.986593435901908 0.553247855205087 0.769754978922166 0.598734880294564 0.601220605925464
0.134930831473249 0.583957189214723 0.356981502924266 0.723108378464976 0.535321579253641 0.869690832938076 0.0280496656070812 0.293236516954034 0.940505623140042 0.107005965784367 0.0194940660908281 0.252683401414582 0.109132616342257 0.0728460480961716 0.375430628294702 0.570628621109735 0.515900096606315 0.790420826783628 6.31350366114788e-05 0.000224305988227439
0.0515086613880345 0.341039252469875 0.346350220669608 0.804075860665209 0.157384441990397 0.172941338670312 0.0537008965751846 0.0229192359829836 0.0467956232000606 0.183189433435267 0.0426114408803584 0.902184772136482 0.0677791028145538 0.0233230154974315 0.593824373955828 0.994701115275927 0.287246573108837 0.323931778949087 0.0841776623321717 0.999997978442948
0.0301810875193583 0.388277058929165 0.1692022235803 0.74283531751958 0.000415302429377207 0.0301894218195166 0.0236475961307098 0.00558938819888727 0.0219767608579921 0.094429047148734 0.00649599383301266 0.531479168531904 0.0147043702617811 0.0185380183612887 0.362512708180481 0.209160577540162 0.303377996660486 0.0965281212013447 0.0210113967013938 0.412620780406418
0.28631550337984 0.631271331599094 0.567546016683306 0.564023047540697 0.700541683850214 0.731388403517099 0.19171225135023 0.469293914011171 0.913903077959718 0.485378631570643 0.0142234980790664 0.913542779525431 0.317214312747427 0.191611724789164 0.424536528320092 0.990106670703117 0.476137700540145 0.494860080291439 0.000302996304528965 0.98097328034151
0.090015945885947 0.543704109076175 0.0499293732600598 0.531497674105154 0.533668995597551 0.259803461845234 0.443865037017526 0.258768234555321 0.249102015517348 0.44579618634253 0.634960017898954 0.428176748504281 0.227847607816384 0.0589941378552927 0.0469926059181947 0.711970396528403 0.69061088167499 0.478429241559132 0.0286250992781707 0.989652996186994
0.0609673726426145 0.499847487665271 0.332501937709284 0.803930227671808 0.758837322953696 0.62233752613669 0.0256100274357769 0.0770673242455785 0.023907046724389 0.0803860143696909 0.056235692161206 0.149007285343709 0.0648976848296663 0.0208825262663169 0.460773090998257 0.512264329085521 0.514336408948306 0.502852290768013 0.0387170326890828 1e-06
0.100206794269759 0.554060982379488 0.924792366354206 0.710843648434684 0.272755357583987 0.721788894355065 0.120608419527781 0.227378537576567 0.261776326669733 0.134861771614381 0.0725588119723292 0.982242580760109 0.149179099820437 0.0784577269679856 0.170953192322812 0.581238203687577 0.56984318797046 0.583109787860469 0.000312145463520377 0.580526206074322
0.581432664918384 0.724315115105488 0.825426789889597 0.72372500221051 0.984345191391477 0.811636408871651 0.19937610511955 0.962394448167558 0.97191831340944 0.917688523109951 0.87211368368082 0.999561167233313 0.822745039490947 0.349223968528419 0.951708810135041 0.910639159923871 0.681324397495788 0.792693934313385 0.05389264858003 0.885945132669327
0.382454759070529 0.681135595389163 0.735113800703151 0.72494003782178 0.806671774311826 0.210296930409097 0.580352358451154 0.951988881329668 0.315348483481054 0.788524944111739 0.378447037507159 0.985721041876707 0.371759584604324 0.3504034235881 0.975770300308848 0.999995701538281 0.630178246648822 0.78085395387906 0.0170083305134199 0.98466596169617
0.287433282628236 0.592443997602694 0.340226658355228 0.520230399468816 0.968165146879215 0.557326066281428 0.0685998869879339 0.614433644381873 0.314413209673908 0.633473535337814 0.342316722695156 0.888059590375735 0.270357612619243 0.0805447124401922 0.702799513896521 0.685997934965556 0.413407877091004 0.461275702238895 0.099022781269223 0.505504126682173
0.301915204410285 0.721518617947092 0.504872658789187 0.519428369190258 0.811811830285537 0.444996027058415 0.169353308754387 0.571385162974968 0.9436305435416 0.717570625535492 0.763911461064658 0.998316841078761 0.48258618315717 0.171914400201224 0.752211547318204 0.971035492590808 0.485623378433166 0.736732534852528 0.0259242959864414 0.00272331858224392
0.260583040529822 0.579114874455289 0.25526526862053 0.697056514280322 0.0817026739042197 0.193749302430307 0.239539710758385 0.475812330741012 0.904001562052457 0.19318400993225 0.0664437581718056 0.941188046555546 0.121275572343613 0.0889017477378767 0.813293280977873 0.995487099408372 0.217836479732032 0.762954825054599 0.0224762682602798 0.962380815378725
0.263927580078039 0.596291274631619 0.575958447320641 0.568207003751428 0.813119354876325 0.891646153760679 0.15843986477617 0.933795877477789 0.375157385730789 0.552858564121211 0.873814251390748 0.947781146765662 0.535540234572757 0.130143686937122 0.684412601095665 0.783280038620567 0.605239504753638 0.568164152674453 0.109397056478393 0.18096778037797
0.0453813116216843 0.476084998743007 0.190331640227416 0.369043488935609 0.0491537331837414 0.59305615814029 0.055098800942353 0.394755627830614 0.0730333781531796 0.0889316152248486 0.115224667929393 0.872656701935887 0.0329784987573392 0.0370586017430297 0.47355407409565 0.986751189677085 0.334554693396385 0.467234643723178 0.00883078546447218 0.00725981458993858
0.302174935017102 0.688676234301213 0.291882672943058 0.528642933499945 0.737349248332552 0.278472552015541 0.344507705032045 0.561739939129997 0.321929599786936 0.41490665423934 0.902976012712975 0.391005939080675 0.397258984205217 0.0785930458536689 0.902612339026641 0.994654277387964 0.479813903882732 0.534067292048172 0.0742871114375071 0.842458946055223
0.140989646897406 0.644910685671135 0.233585375820938 0.438904416349393 0.877817718215401 0.38133276452014 0.109799072845187 0.297368961692116 0.862428484761537 0.339453043666846 0.141398562781267 0.991356686809292 0.256442611154315 0.179731135839718 0.136794193812444 0.998225024885614 0.323779951962232 0.528048511511479 0.0205440053903638 0.191645857971113
0.369069005232681 0.647578719146559 0.900232974307274 0.766668605445238 0.761045385679364 0.542521629344138 0.276972191469816 0.97250593545045 0.978723797859718 0.932818357483167 0.747408217304832 0.998575684875436 0.596680144806928 0.399494813362686 0.960122973073311 0.986719389734404 0.656874765365659 0.837048146260593 0.985567773781985 0.999958155368126
0.0898845210512507 0.330604672380976 0.0765550538603628 0.511706714850197 0.0585390800999693 0.0819231154828337 0.00379649703261339 0.0212379160460247 0.197013185893851 0.0637301925492679 0.0143178953305408 0.801022763632791 0.075049414939729 0.0275443431183052 0.057498983195581 0.177651011063815 0.48885720207255 0.451635772645889 0.000735490831458361 0.00203105347211913
0.479397529700495 0.679649007426193 0.817678954137706 0.647298690252533 0.76436314415396 0.419386874132857 0.356669088831328 0.243729882429968 0.993837691112388 0.494871017656577 0.909817295595936 0.975877259253758 0.387624838682528 0.230931443314825 0.953131654278135 0.999046611676916 0.749469200446653 0.650395125143171 0.981525699495052 1e-06
0.146399439702204 0.619920612689694 0.523076586155481 0.662224537487202 0.454830616607476 0.510123808423893 0.183812135604614 0.729956977491541 0.503393246026063 0.547744642480831 0.351719167781021 0.851343638260484 0.533391070842393 0.112705614998283 0.613078111362811 0.999278830211993 0.509994848274079 0.368084352789278 0.569959031592834 0.0226503915593073
0.137043610737565 0.534915041160808 0.458181124874364 0.693618334873389 0.550530759516378 0.13310153910409 0.251595117490398 0.620695622843409 0.925275410902513 0.347500937214345 0.736494002410457 0.462689080775995 0.0964452516428601 0.0974550952827427 0.576698736801302 0.995349034376112 0.338208176453738 0.468762565659613 0.0439714421087196 0.654276064785898
0.328848574002856 0.685651432191809 0.449442348149767 0.726295174691213 0.985789183333825 0.11059022310994 0.189619790298461 0.794000127409922 0.795980004158117 0.667303156600244 0.916076673825793 0.999420005964283 0.577904229413503 0.207160016458813 0.833481979706224 0.99604826449233 0.621771907030209 0.64215159373624 0.233068588616271 0.998776245189737
0.327422514939184 0.568963631794638 0.786966582882498 0.55438315982062 0.87256487494809 0.445402312485869 0.475680727460741 0.419522784918336 0.391741850123134 0.400684876237269 0.442688594278249 0.958828905181873 0.373824009158956 0.100794456580842 0.615335818513752 0.963001400244235 0.505784902914153 0.477201190988188 0.553914053919676 0.999991952576351
0.0310455088280369 0.671008064303709 0.412423554617289 0.616692088535539 0.630952938290543 0.671592562486554 0.0117192952237065 0.324710284133419 0.0180257149000169 0.155925829882705 0.00678361568460082 0.752244200516623 0.138223969777912 0.0796952396369655 0.19800915738156 0.000957283534884101 0.401951972903786 0.596506128245745 0.0127227651703814 0.999755497139374
0.142443308341673 0.498670093399079 0.246548748943513 0.68257201049408 0.0902262762906462 0.25545111119859 0.047840795518514 0.0431022240870247 0.910844507706686 0.496151533825867 0.341195878490745 0.915210421121334 0.247788367207663 0.0752752907918908 0.309583842178994 0.474030736985313 0.492967511559489 0.545307224769195 0.331865031640377 0.0977559881589905
0.153580942507495 0.564727908913114 0.762057259299283 0.822627058202062 0.92329451995451 0.165542549723159 0.192107508118531 0.502467615552499 0.555145539579952 0.317855070465098 0.117119042263422 0.862658943579312 0.313052509094078 0.0784452874842467 0.539499198914376 0.890301114937799 0.260431781424933 0.566563328564023 0.487024615720295 0.89269700703845
0.334900074920426 0.566787715114477 0.746082654972747 0.737553729443269 0.917964890587694 0.720754427695164 0.631510806397074 0.761843042519263 0.883371180491063 0.556110521055489 0.799025292636311 0.948994242124716 0.335511894032606 0.129595328597584 0.791230516770367 0.999189292185596 0.611042045546308 0.744858629836933 0.187279575787429 0.0688116910706496
0.0479683988337158 0.488681290443271 0.208309785211918 0.345249116253446 0.046165856259245 0.276915487901594 0.0757247452461281 0.401190502095843 0.0143294726133074 0.107330175514746 0.0471547352870736 0.48832342004772 0.035950728912166 0.059862037258516 0.47853186214011 0.0954364311102535 0.408877896926631 0.268266797316705 0.00890828915720741 0.998719575361017
0.0669589207981615 0.454349909225692 0.167416251815866 0.336744020682945 0.43246109260001 0.581500810904995 0.056994610734958 0.32929805812829 0.530981307960038 0.0806180844938958 0.0875690551480403 0.942486359484687 0.186382609750917 0.0780630645315342 0.667049696002558 0.923152390005404 0.30752359670802 0.26390062979558 0.00450081993926432 1.40207285007381e-06
0.213648810133185 0.667946974424164 0.64739107770886 0.592460035141583 0.661715787211418 0.424033319031096 0.443615517032953 0.835494521719187 0.842642521341633 0.0910421361125275 0.852270645507883 0.941583346813752 0.192313964713029 0.0857818013508213 0.716122857934144 0.89499852260788 0.58127759495506 0.258767678739082 0.886740816189527 0.000652764272873639
0.243455712682669 0.595609893675853 0.697819983550771 0.778774513635948 0.740757640848464 0.760593649204137 0.165231476270026 0.763521498700773 0.446075364220515 0.634603707882642 0.593683478725287 0.766378821934273 0.478695363999637 0.0954081446571687 0.956046475451504 0.847329550035051 0.874729012147062 0.52874841562524 0.0120607480738398 0.0419842542275702
0.954171552151581 0.845460089256594 0.996197211314289 0.822497412374332 0.999426192321605 0.795310151588147 0.97940725274158 0.999679357695686 0.999863150274544 0.998825160096572 0.997194171206801 0.999950417536089 0.96121373494626 0.771722217962266 0.988053501704796 0.999896544667306 0.958619216368223 0.878367710918788 0.823568888704137 0.999998296565017
0.0567773855933585 0.513924565864434 0.13071443011554 0.764363531147577 0.435512055699665 0.317332340938606 0.0192362432373171 0.0156481778911343 0.0381279339438492 0.0564952584750163 0.102243648952288 0.597023453732334 0.0406511860239402 0.0461708315236603 0.354541000324326 0.0110080356233708 0.126206009426282 0.194297701825516 0.0290383933570368 0.0137621294505975
0.828772337858124 0.765731934297424 0.942734865135696 0.475607138330688 0.975317520627812 0.322864409759274 0.579187094495667 0.619205022514472 0.910697182151907 0.951532555879687 0.85922472589511 0.719068764041776 0.656608978823622 0.587943392158929 0.967563096053978 0.999913455822716 0.804261123074963 0.866924479962034 0.809265470591639 0.00719175911102229
0.125354763887195 0.507498975243659 0.48435876834605 0.535806959756203 0.512112784082018 0.61239940288841 0.183097113662112 0.15009735041007 0.929096676081383 0.135950817445429 0.048973050924125 0.866558211924951 0.193384808414037 0.264097022668602 0.564050160382552 0.929268340922018 0.568844158150842 0.597075626762031 0.00800507641477463 0.0345706203002258
0.103295803872872 0.592684299562626 0.0825645986321207 0.481261470928129 0.459540057990708 0.218180018679457 0.0527987154777498 0.047986479095406 0.764180321820444 0.0342350264366319 0.0754867383352835 0.423306431000237 0.0425461328012651 0.0344572009702368 0.268604342150175 0.692939452670649 0.318580735315748 0.441901083872581 2.23632262146638e-06 4.3392148807575e-05
0.130205393760854 0.441943709781897 0.291588935378734 0.717131918795502 0.849666140867159 0.818679245605989 0.115893812018564 0.366024920822855 0.570395289557917 0.347803672607996 0.215490666602289 0.511525690885242 0.181940699581016 0.141645708603611 0.367059929226084 0.338362268376784 0.322787742804352 0.351868137790161 0.0236665911576219 9.99434681715933e-05
0.507173905138353 0.551474752878469 0.850315277968333 0.79508858919691 0.38475834956215 0.654020772045558 0.0791428809118695 0.45908944882668 0.370696798141423 0.294603586057693 0.695718375932495 0.982185367230286 0.28232418621264 0.116992486403237 0.564310734202156 0.99914474346774 0.817079633744113 0.583573099745189 0.000143233038232404 0.999770225480878
0.431819718993354 0.600271933900624 0.615225655376363 0.72073767603285 0.97588444051552 0.610571255681456 0.729234257637667 0.972966283642138 0.920843352389875 0.92626853752049 0.887756722293594 0.993865799537905 0.496661539684902 0.320767680779068 0.901778309778231 0.982451604515252 0.800393588721473 0.53667843093314 0.248452316015687 0.0901816971730243
0.1187657499839 0.599519673594469 0.669733600905977 0.524979322595988 0.950105272314186 0.547379705571411 0.281765247085829 0.467005433485559 0.405139629705307 0.382263481665539 0.418499620503502 0.985783735237853 0.246223133031621 0.201193711883292 0.352951449308416 0.968123610711075 0.723234478269442 0.716013260579688 0.00994082311151444 0.903292513427817
0.711053629818152 0.656088374355329 0.214608040380758 0.827572498515552 0.548934937777039 0.536885704127612 0.171104989461458 0.768457303869386 0.863634208285288 0.794589503451981 0.88778948239129 0.809037250333602 0.372268220042552 0.157432261221858 0.830994155065859 0.967496523972327 0.54324072847845 0.771815880300986 0.0231665686402122 0.322863195385465
0.907098539051692 0.847683465612274 0.805499623770024 0.764409797838867 0.999756190954741 0.394508504217047 0.857210613268314 0.999110603507314 0.999219209018788 0.998032716257475 0.999485045490987 0.999976008241017 0.952549048958476 0.776871152189544 0.9803802550519 0.999991090021513 0.888329500456459 0.893361653573402 0.980626091534403 0.999722323089832
0.250204675269557 0.744179633376539 0.845230615308689 0.462446299352185 0.814911425214747 0.518298719084795 0.128972954708119 0.714551891833906 0.9753831787135 0.790408218687806 0.798984369107773 0.990805204920452 0.603705260280781 0.219196432697604 0.696927024542335 0.817920161031838 0.431050745860459 0.697646395316648 0.00344712344052192 0.958805441332755
0.592014568904914 0.713233353321574 0.855510318712761 0.55464756576915 0.873305483050051 0.649141031868936 0.022307695377723 0.714817091858416 0.98330394037187 0.870169943535015 0.977827161251859 0.999977363400222 0.600059349122224 0.274703171213647 0.745732416165041 0.995331126701711 0.660421365719836 0.540166435022568 0.986775546484386 0.999992201630797
0.627091996549095 0.773754376811478 0.600592480142149 0.492343629053362 0.884333196092595 0.426460095639694 0.149493748524186 0.598879905061853 0.989346256880874 0.961459001120046 0.901637524807917 0.936445613414405 0.696961803694908 0.20479463551619 0.967054942770287 0.414208454290196 0.507416961540257 0.754996715400134 0.578891811459017 0.894946005266164
0.127545246823282 0.577851666538564 0.281593914400502 0.624260989354305 0.0942375162692986 0.476482141798283 0.155077660817947 0.413365378725019 0.632262094293871 0.125321928178044 0.272899764635129 0.761797580682565 0.237459151220367 0.0586092397119293 0.571200559052432 0.922843911790533 0.502158663034886 0.571244594529165 0.0907356737683387 0.0550983251968624
0.0578038860360181 0.532340851832064 0.315571877348424 0.435993676626059 0.242338228865699 0.49755616631722 0.0682223402978506 0.245274043953728 0.992568874983634 0.0344871873774744 0.248207412684901 0.766308032862562 0.0766730817512425 0.0785008870936862 0.547840334865207 0.774217069206479 0.383716309587453 0.208506628408178 4.9976009001991e-05 0.403587648320036
0.0997893226784258 0.50973574199167 0.407155267301358 0.499728210919088 0.138166985999104 0.236678740703309 0.0203246265087499 0.780422683100287 0.0295728735898122 0.148056216888243 0.0334440219809149 0.470685826118551 0.109634341437233 0.100669110218147 0.150477482650963 0.896864424254114 0.293632747764917 0.368440609052561 0.000930290434970636 3.11722674438922e-06
0.169092205463983 0.551170205282598 0.383009203821389 0.547547569679649 0.513560510274543 0.751149997672782 0.0728014213801621 0.903564068612036 0.92796453922001 0.311850069409571 0.118222315732633 0.996375175947294 0.23005013378599 0.125163552167621 0.812507840401969 0.971427395782881 0.474492693251095 0.577332002631424 0.226507845594407 0.0024932511165323
0.0974426455054783 0.608744675391297 0.416900605750326 0.888968112522877 0.246590951162124 0.818239118550208 0.295772473458672 0.196116618224737 0.918628367754583 0.208756354652577 0.481932986214178 0.969253142292453 0.100361398387847 0.187441492424644 0.704657155088214 0.972757000480537 0.685571614868898 0.591774964709714 0.999191800569826 0.991850978129129
0.137629231280821 0.452718251337185 0.215148338719607 0.446326677880745 0.489870715474299 0.307449009596361 0.152549124838863 0.695801351395592 0.208560119177884 0.159713262958753 0.295284021559701 0.82116735872297 0.124204965670444 0.103733531704358 0.165006624991516 0.841135311746631 0.398576256835771 0.472136884640776 0.121848058849773 3.36454673218763e-05
0.0878269497636028 0.60687082012453 0.438222337501972 0.617024863936781 0.609313557477464 0.896052543250077 0.111779978487656 0.437787121486991 0.167499666053842 0.181652468935882 0.110603514823564 0.998693548463982 0.211538094549263 0.163936327122405 0.602955547802445 0.874335889826585 0.387943874187766 0.358320294394771 0.00421685808918403 0.052679123205689
0.111295781444858 0.590616446178306 0.305811073488644 0.616645332093184 0.705698974789008 0.296108157159092 0.032197159728866 0.478155217266929 0.369941557598901 0.177420178510409 0.53585792695182 0.359546235080049 0.0923729898025913 0.0796946882910142 0.403964329721017 0.984557803696582 0.382919195300242 0.434478081705188 0.00269940492838906 0.0158572752494877
0.156191759946254 0.612695211837889 0.330902500621138 0.647391679819542 0.644960013218925 0.630284660635972 0.0457545248155919 0.640049564877497 0.84644891480959 0.208799618368356 0.796584893050787 0.918665723616859 0.0554467370932967 0.107598924581758 0.636304513053544 0.122679123393821 0.400583298954281 0.318914199742813 0.178033508257437 0.015141455062628
0.324370636555815 0.776898180471319 0.923948419299895 0.676169299723662 0.83070922862929 0.178576638482324 0.203841440095545 0.881846278919132 0.690979260061866 0.8406372203194 0.723332362144967 0.986642561750613 0.564373503722891 0.177384648576502 0.55654707654455 0.996206235526944 0.614877140330773 0.661915767854844 0.850189849465225 0.229078960977889
0.276724348329396 0.663648618355425 0.658980512046852 0.927385287836972 0.481088321848577 0.222165106194692 0.424148724979356 0.724210773811178 0.218566702036357 0.471739991756754 0.340090853874021 0.91416999137686 0.264532615334688 0.123164919175679 0.733463476306809 0.899709929681105 0.384027276314868 0.428463557426669 0.102006418379201 0.999811857273237
0.562960045458759 0.738883507700953 0.923921583679758 0.784120409599802 0.983011625058364 0.815879171518085 0.518624711321939 0.824392533737795 0.999149527214358 0.60370586327728 0.909189218660437 0.999020827790778 0.712858668072746 0.231631689079293 0.971537227963285 0.860366328990286 0.825999734657183 0.862863135218776 0.987105353819309 0.0288735446756533
0.693615487563213 0.76777878258528 0.469721317252791 0.63720205387058 0.96492419336058 0.581072200934905 0.571769278060171 0.836061738256009 0.96045262921458 0.945279964004617 0.932148938385384 0.992287245687664 0.791026800181499 0.279093320420787 0.980860702020678 0.991683731926251 0.824254250709498 0.863276033489042 0.991763531655838 0.000370942858926076
0.383426028871997 0.527091382799994 0.279626433026047 0.555241294529752 0.83157548041406 0.61936777455489 0.271138675842035 0.728826171089185 0.646418235486939 0.680595467944318 0.114431554172155 0.301017010470576 0.40667562247734 0.143238184706786 0.769271295944961 0.99572413597508 0.421059160942493 0.327679955914467 0.0237630422598923 0.0163214346280592
0.351035361084605 0.646284815012396 0.956185930871209 0.774402115870276 0.71202708691566 0.568423029525192 0.445641371774912 0.889416340427873 0.97113487896215 0.805594224697717 0.903590695530167 0.998110551762143 0.372801994708564 0.40672943116259 0.830226421752743 0.99870872142173 0.561910145393088 0.57495123280297 0.864967457129822 0.84165107649914
0.419424124969294 0.700652548477212 0.425313889961706 0.55397438955009 0.883085563193677 0.948627283425722 0.343950720566859 0.932570652010369 0.897853226494175 0.708307328139012 0.49981948702578 0.969944875972741 0.745833578184867 0.1716394505979 0.455837325667183 0.986217256480731 0.542443211922611 0.638926787875449 0.886012357205607 0.268193517214409
0.140476809246747 0.619028124462086 0.693529846429559 0.730140722302264 0.940985642422873 0.220627663440452 0.124386410083258 0.502592345689715 0.77271827393193 0.827192839955388 0.849891555945136 0.968278949241583 0.448761626467993 0.167007879597366 0.558311522596118 0.246775607371502 0.606471287968227 0.32831658730061 0.732564772465978 0.00723129107359349
0.0461455322337887 0.512431502165371 0.313118281816802 0.795541054776197 0.596240900523924 0.348008312447027 0.180906418453505 0.677089385582624 0.808952491799463 0.0356375773410289 0.13832317243054 0.348540783420081 0.115304564269214 0.117002898816928 0.823335856108668 0.977324622055283 0.669146946771171 0.46805152557635 0.00162357470726552 0.024087121720698
0.617235032623123 0.746995639454429 0.80743177536559 0.697671083002224 0.55457378678754 0.68617320520886 0.0824601353977756 0.951530715314696 0.969153080212593 0.688174514979485 0.744129582943874 0.998736358258217 0.543047699865918 0.257596488865695 0.703375442104329 0.997312047391413 0.678185902440871 0.74510502861972 0.283208807658603 0.138476882933664
0.163588962993555 0.725869297094925 0.80043026276002 0.42000839318332 0.838917589296861 0.163873248013186 0.370913792374741 0.756613431752593 0.966031350094306 0.14018170801824 0.185093869391459 0.933477376261423 0.446062453151796 0.0922830596231256 0.287626938278339 0.950253000887096 0.439928583394174 0.338321211217567 0.483857445654776 0.994830585954861
0.58198218101338 0.706033597448541 0.911146469367812 0.618710806307961 0.939714907371431 0.368774998236831 0.178871205092095 0.976029360852977 0.291254229665392 0.522699568615724 0.848240801608778 0.997798316368227 0.56983731697647 0.233144989532736 0.931115894488222 0.993915858662903 0.499904138297804 0.741162756082474 0.95804289840197 0.879745651803038
0.00606175061282418 0.387249505477412 0.0341800618163728 0.294262890490313 0.0173790357943008 0.666188131558339 0.00599074216504971 0.00578408383504524 0.00816368662387096 0.00267081784680149 0.00209761495921232 0.0215891844229493 0.0096429678064951 0.0193449545734311 0.252609393140615 0.081604860186879 0.37546042963907 0.156558033938247 6.08080604152243e-05 0.00895587438045823
0.500232372146017 0.578407146314227 0.215002810540784 0.639644583024775 0.978015947510116 0.670276553639568 0.202467566703071 0.968855571616083 0.469102392496981 0.859610495529786 0.946746422199161 0.9147904727057 0.473122365080899 0.0964470970763377 0.924618595335419 0.99443166538333 0.218926246551287 0.658853811310552 0.999911647565437 0.315392404239345
0.430500386286746 0.830479323665011 0.97409659127395 0.57421618831611 0.996022502514217 0.905281594735746 0.236835859675351 0.938860942204437 0.923159901823333 0.986469683943221 0.990198492077235 0.992532693985602 0.851151304339112 0.339313512217276 0.973547850196018 0.97213037983289 0.896404314402957 0.754537993656952 0.120183188773474 0.492002339561914
0.00932116886702265 0.410339497844816 0.0795774983172107 0.241294213517536 0.0177080301890492 0.165971578456661 0.00234024167174312 0.0610905945481949 0.406761440512534 0.00536748269292076 0.000752326978658798 0.16262613779358 0.0111533395655164 0.0269815568504826 0.277178858593524 0.835231832276596 0.172792280838821 0.0481877051917731 0.000606123553006995 0.178883594653426
0.0580574005431756 0.605604629242181 0.47112500779047 0.632658466498239 0.854692185351041 0.903104961393506 0.0538560936240592 0.68327950575345 0.966884521615997 0.0331749285360843 0.0962744006285695 0.863200232234858 0.0514761965231497 0.116528728488248 0.509829957291534 0.886784191306121 0.386801584545331 0.455911732301305 6.69144167981828e-05 0.961521701650057
0.635520768490843 0.701753020920699 0.759738017503092 0.794811690245012 0.166057323670995 0.428809047687234 0.150874259969538 0.786965006962537 0.762556824510688 0.652108801803071 0.513894125505165 0.996681112888139 0.304250042969462 0.261214654469299 0.782471870546819 0.999526431576515 0.597921129134831 0.75616484421605 0.976223452229987 0.0284226238554138
0.31311829753077 0.613666560182911 0.668853951154489 0.709456711987464 0.519772856725519 0.872286141919921 0.243837214790641 0.681640042944766 0.32170882781422 0.779926630994297 0.472457460312256 0.987093871501353 0.182279954421829 0.106670068592592 0.475950502306416 0.994299048600746 0.439185548256974 0.708060405606604 0.878025957797045 0.000340187293536462
0.0154097757258274 0.406110541283978 0.171916138871881 0.407887358771844 0.0022871001210147 0.193108407202713 0.00436446744307199 0.197182738960324 0.0122641066488987 0.0127895301883153 0.00808574061577616 0.567772410150447 0.0230300153318633 0.0344418923427943 0.250996678780089 0.773460045457583 0.303560684186294 0.16159143967965 0.00191187279362504 3.18626450695449e-06
0.402283018305587 0.654263384160922 0.909456991434926 0.709780417835882 0.996929827043775 0.587409959282396 0.242729091747765 0.839036199264068 0.989930567709828 0.671888133905355 0.609593032677899 0.997665232706979 0.638028499814425 0.201215546193071 0.827010628933677 0.246415424049525 0.392484218386042 0.73239244853654 0.666972426224284 0.050727524407033
0.639571746623903 0.744213327183536 0.756181144524296 0.698408900830058 0.93775502953738 0.34800573608224 0.310114471685457 0.870299680013253 0.67024926217757 0.873806675257044 0.880906100593867 0.900378711094121 0.54586066016698 0.278194276362719 0.80699808733118 0.99483013112374 0.802967603412701 0.68195877060951 0.12675366037858 0.0329687400911786
0.076462809788197 0.521541918727012 0.556633229860398 0.720735471940101 0.109190725546058 0.518216396447918 0.0518106806303437 0.631229928305526 0.0835310409168606 0.155530191940578 0.188459346388787 0.927680198371448 0.154599628401892 0.0571440345871834 0.396523509270464 0.116533685280464 0.491410838656285 0.504160602531187 0.0256048406814916 0.0146023498174758
0.568138788231768 0.795746423080382 0.93186130789532 0.842554107278565 0.496693690153388 0.530321064866058 0.170240442638602 0.927608204860868 0.919266149969607 0.971937921733521 0.963798495561512 0.998796160669428 0.702815101346585 0.231741928453796 0.916647461289276 0.963476498482874 0.530123077445481 0.53534155292842 0.988635641349378 0.760767950313216
0.116918871598513 0.472297024906277 0.651239509733087 0.587015728451297 0.859598642218192 0.205871862000944 0.0735237728112135 0.43771115704205 0.153276643518743 0.698844793275703 0.209100098084635 0.629107564692543 0.273477410902088 0.111981036628399 0.43055928882309 0.998863148674942 0.356394388012011 0.609486732304254 0.187993810477797 0.999962120900474
0.617720342511003 0.745822689365731 0.87761369335602 0.902462312342862 0.942274959245092 0.584278378932583 0.56557091777116 0.983858330630609 0.990817551302902 0.96082974866679 0.893382778116666 0.999394049318721 0.3207077497462 0.323324527652775 0.923926135047452 0.987054567811603 0.60094584224623 0.817976797603114 0.148002301606037 0.999992583070972
0.806021339836889 0.672756450215232 0.690830854946774 0.737990655227043 0.997190147084623 0.713663603798198 0.509803664168931 0.510220193943935 0.963334083125841 0.806745491934497 0.803444315347158 0.99661808286837 0.716655287335708 0.354701015747922 0.971014707997045 0.981996619503971 0.77531456248538 0.774968422250698 0.999995621655852 0.959999625660475
0.586475981333905 0.729020354060177 0.837813716685276 0.689984582323248 0.952519837390741 0.45166020173786 0.845489711700894 0.919084801177621 0.945049741649373 0.948384764769972 0.995381037373665 0.991116108329364 0.678004198358776 0.305355895852421 0.877501669585314 0.998799719085812 0.653783934547999 0.770899945604016 0.645070487119286 0.698030582794399
0.178840317346816 0.601743640194555 0.533897892078503 0.73986552753068 0.68027406661702 0.350902570620751 0.0972455149995298 0.659956233912955 0.0316575640493573 0.259273481183472 0.727699875479491 0.992537018085918 0.133275166422565 0.211191382002924 0.388961110953001 0.167275000601437 0.560650492532968 0.640978982864108 0.00858071158113215 6.24758341936005e-06
0.653752721387553 0.659383342741687 0.638877350297847 0.682156341133498 0.969312261379066 0.511456061727464 0.203917169747385 0.932418207656512 0.791224053222827 0.654825984445915 0.989891058115918 0.968888281896968 0.455521136897723 0.362131409128653 0.955206025159694 0.997151201515261 0.782035735659409 0.601557422201057 0.0383452744073945 0.999770141826706
0.101505890036374 0.587415945904325 0.342326681214568 0.741251950348033 0.413384289378987 0.463923224611101 0.0495682166804061 0.0812802368973523 0.84028560752183 0.310491576847354 0.0466446917261935 0.55472695319923 0.174555841260774 0.104525641400208 0.356406734375469 0.969124805958622 0.681675068483075 0.525218380946857 0.0977021185538149 0.00173969362875222
0.0755023505253757 0.465898524015661 0.070799952847163 0.676821422132991 0.175415634854838 0.386676087699291 0.0349168850539497 0.0251419154230668 0.0193984837134505 0.0443813924469352 0.0305301683724463 0.833190528899787 0.0856565598312808 0.0504588773796021 0.546265579198532 0.454859271336359 0.274908151486191 0.626517620377975 0.0271223506970616 0.0111634798200475
0.212161360596 0.680677547228798 0.613519888506079 0.592656468986231 0.118616032928827 0.756912878525232 0.285162208542823 0.834444611107113 0.813154650039879 0.660898726020563 0.73366594886461 0.804214555523095 0.154000176202709 0.150081343172999 0.446311357669553 0.978664489574283 0.436772226308395 0.642099883057983 0.0603730378389068 0.999439461037208
0.148269757383097 0.620788698476893 0.22583192218415 0.723230063899174 0.673981264024271 0.222691450152004 0.0365846635818908 0.106200966697484 0.482119019227276 0.203397161861504 0.129195469416304 0.609335837556353 0.206790816967372 0.0520684239468249 0.715513463767652 0.961872253867201 0.415571665205872 0.478394974391316 8.97240378717208e-05 0.990246586080036
0.342418073579353 0.654266790292901 0.627635419930968 0.618896677653315 0.80403354348865 0.67117315107947 0.0372763998052461 0.962120043165767 0.990902065708585 0.842928472996605 0.708965460991771 0.994281081650719 0.364374486067136 0.132435270670852 0.870706691289793 0.988694833006525 0.621866835290747 0.80430777931316 0.0702267992722489 0.594077750794371
0.0952284209665012 0.507296868417652 0.175355691257612 0.46396439471415 0.436141173149474 0.470782472122249 0.127088771539132 0.370847615404234 0.248568865308125 0.114589613115821 0.0921837306415316 0.958604507006655 0.142419276957544 0.0601539783972032 0.425786049882176 0.916127228935804 0.516555314396001 0.411361149937794 0.00138911734792468 0.0255310795990954
0.439964448201338 0.668634815781997 0.579632558267055 0.620384997498467 0.989940231219639 0.565260782575761 0.272307539754778 0.862006692645756 0.174182405811663 0.567013961847971 0.592635548881825 0.980854259891935 0.29213819727704 0.24599817227245 0.720512498015359 0.774060560867032 0.703959473924629 0.666833682390045 0.648628015998927 0.997903541588375
0.244799111003643 0.630195308268858 0.740870097806918 0.571422262519874 0.591833459878378 0.575517723591813 0.83987343112377 0.991559938737126 0.884852916683108 0.784129936819868 0.841615168254572 0.999100435619168 0.345067300461479 0.419919216566474 0.569510780718439 0.998810408551132 0.645831024434921 0.847362800197478 0.00500104503873072 0.959035388187192
0.552966595479589 0.68007379148857 0.98175398900645 0.885615115185514 0.976402057604287 0.181836623210348 0.739202603324099 0.709492498762993 0.455666821467904 0.880526384530487 0.965817659332405 0.990636783913691 0.881743907916705 0.637238930382153 0.864794897723685 0.998701267660004 0.684232449847362 0.773085736581318 0.0768162272700766 0.999991670625819
0.278568017811211 0.689390830549022 0.904195148483616 0.60606594335708 0.957487943850215 0.386038091804307 0.312784512556487 0.986012145850255 0.994472929332284 0.83380379122493 0.907709212875945 0.993320542697007 0.497381824604971 0.263529128582795 0.926556927760703 0.992280991246533 0.583815341496598 0.760283941697616 0.996959511544094 0.989588942954391
0.184603681184644 0.564039675972152 0.492396938658765 0.735381359686142 0.415968229545884 0.813467584184441 0.0184600972936572 0.161310937656736 0.693398078162742 0.102961979695616 0.237873829664856 0.871967522365161 0.156199965642091 0.112319736651698 0.294709232329011 0.139414982405352 0.430323292509823 0.440179796275092 0.557487743559529 0.996853879965821
0.155792059993398 0.497579042223681 0.655605738934849 0.729919821082978 0.785846850231798 0.412197221798517 0.426383497320634 0.898437692791493 0.00855284538892255 0.594302934232603 0.807558388412033 0.999066912674763 0.219778341536871 0.093989323132499 0.71747314338695 0.702149610437771 0.409996355393686 0.637032378001749 0.545405513123329 0.00175514941812795
0.0246513046390049 0.512766087897508 0.279445905393457 0.618085798265202 0.181037587406519 0.182778885947721 0.0340360770592412 0.540090730814683 0.00573686517861347 0.00814196006834294 0.00681974481936978 0.89268531506339 0.0211720270814529 0.0195985481430102 0.221771792539853 0.426607531766727 0.262234155513151 0.225941958347967 1.0981791923153e-05 0.053301042276531
0.14091320429485 0.585953923705646 0.295136445987439 0.443052490657128 0.24374079338626 0.294402142240517 0.139099409764334 0.508312149756264 0.62338230837543 0.120302649879471 0.568130644692749 0.881732329687145 0.368838636343967 0.0716387203822393 0.226682999906245 0.979239445074145 0.572800477310027 0.582859946224667 0.323888228322312 0.00832945809732182
0.394861007737829 0.706891178891346 0.369259822843573 0.525687753729481 0.992162127479381 0.165875134305559 0.49162054821754 0.922882774026315 0.760424996910627 0.640067127680329 0.760195031690143 0.990272001873568 0.49389752846225 0.208725159902174 0.804350117583675 0.999470225746701 0.610273708595197 0.698243590844762 0.105065818340129 0.999999
0.234844956527932 0.614449190985127 0.0961613281595537 0.696375874106117 0.635314266217815 0.192781618950889 0.0343190487442497 0.0426447973748397 0.487326235575045 0.167446338130949 0.270555476975725 0.956171481158967 0.097229569898221 0.0606772410851667 0.168218340000027 0.98950591030645 0.637278499259054 0.244860662447669 0.00483004770020555 0.823540656814136
0.160588268048157 0.594907875421207 0.494114188809395 0.69501579889489 0.432077369356683 0.452262569687398 0.112589841866496 0.213724660874833 0.0485404860146564 0.250866840004842 0.361619283079012 0.660633380394592 0.0801180743655022 0.198948573031646 0.56499055378844 0.821536270937999 0.118285259843993 0.485492105398322 0.104280571980844 0.999962272954081
0.156552047559564 0.501054019119664 0.317835886169813 0.643641681164398 0.616889943469848 0.7907523494775 0.333446613575448 0.178883131151398 0.874830441714522 0.136918139155353 0.4249221312798 0.565676312864687 0.129827946052021 0.0972588023671855 0.70303490693659 0.998469432212248 0.539212287483774 0.54095679114159 0.00342900218230375 0.000117762319248762
0.35250216043093 0.773313387659832 0.87731795561016 0.447446222435282 0.898647395862712 0.869921621359401 0.650990741170427 0.80368048871782 0.178001715642247 0.937228677514182 0.900744940430009 0.995732705762729 0.494448441401557 0.45340897357131 0.889057995249175 0.947490145997534 0.674107941612118 0.808383520307279 0.00702036446643736 0.999984043838989
0.509745327572071 0.717024045683396 0.928415259395068 0.757997416433427 0.987236225553557 0.418606135815586 0.679973757748107 0.977393201125485 0.989960764476984 0.975034943793004 0.959440540913557 0.996429722784699 0.781651274184929 0.364955483303905 0.815785771480139 0.994139165217935 0.814292728705787 0.75187976329948 0.00521555576488946 0.00783152984869143
0.681057412966209 0.84034455287455 0.931433239414044 0.595222694769409 0.983757289492379 0.492343153294306 0.496258431818257 0.99463916077908 0.831789879425268 0.914904540387792 0.836022909825326 0.862370504795603 0.757198010341966 0.429165256856097 0.974659011550542 0.998033121193995 0.516731098229019 0.777476293963255 0.967794956532831 0.97582459022456
0.245240018621213 0.658987279049362 0.573429822412385 0.744051223452029 0.619452851404377 0.729165209238512 0.329218700218402 0.739660623978071 0.557827325326652 0.877409902420683 0.870259826984908 0.904484692465988 0.586858633291843 0.155078296028386 0.584317063096099 0.629998846112533 0.606742678492785 0.655924499197196 0.0224054234711504 0.999464693673939
0.341455095035496 0.632226700595973 0.827328698123695 0.661531924034659 0.734072373510261 0.714808858002993 0.651165680102724 0.5161233631102 0.96629470855308 0.511523975831052 0.966316225203969 0.988260562179009 0.642974915767119 0.190899222733371 0.838461115606705 0.999387060461941 0.396264906066216 0.427929332298067 0.693827360166069 0.999999
0.319319554049011 0.579782031751051 0.964051865764417 0.557446725227426 0.381182316526653 0.302351493311141 0.0380027562309694 0.580081784318749 0.530879766108532 0.310080726153566 0.357350169779513 0.972364778325104 0.15311438548218 0.167646852606436 0.429845358922345 0.756759890700443 0.603942356544216 0.535668754733453 5.45963849514469e-06 0.999629147453492
0.0570549413235803 0.517274421324668 0.496709462320069 0.503965016557089 0.067022860466544 0.643096885942882 0.031976613312039 0.0113845939469957 0.167345990620048 0.0302516899827553 0.07205907761562 0.520053839256938 0.112491036628079 0.0163435524775358 0.166760171545575 0.34995418832114 0.522011946875385 0.411008781766546 0.000515982234558988 0.999319275779156
0.631299298238068 0.727669952751155 0.940178711603749 0.663683076046963 0.995072314045702 0.297490608879291 0.439968684426892 0.988434024019081 0.801974225378425 0.937624538898212 0.998711817422499 0.998832266073794 0.753461380122168 0.39016586356123 0.97529960050244 0.998946203706895 0.396077215250501 0.823172848931007 0.854813825751978 0.999975578363182
0.506519205095808 0.733385355296059 0.855667452349997 0.67535144845004 0.576134313265617 0.368757100669264 0.635498052661384 0.944720782374177 0.955764491455581 0.710805783854289 0.937611573390705 0.99546256859776 0.242734189347054 0.216680516734617 0.931499186920575 0.998991120229612 0.444475411663082 0.715063843632798 0.973947608449269 0.98241020864561
0.470813477782027 0.753029831117941 0.762095064053963 0.809070419481373 0.848887519199697 0.76589336255082 0.665489432955924 0.940220180453628 0.995984750483433 0.840921676721072 0.935795236676553 0.995996035593955 0.737187919641213 0.293828867089965 0.873498967277927 0.351802469697029 0.424349607316 0.755537816842605 0.929742269407449 0.999891715967467
0.127053970389452 0.657563733434938 0.549132975797102 0.60441747628929 0.78764961111398 0.427722301606927 0.0410393850703551 0.100295503119943 0.604082838885511 0.0975011678541739 0.232655409452688 0.982992430033305 0.0535282295708554 0.047747758992183 0.212947272194701 0.0906390586215942 0.559162541682679 0.476170287447783 0.0733995808866968 6.07095533119662e-05
0.103367078405166 0.571082647649443 0.404786052537916 0.482470508223714 0.31634991598701 0.577177678597312 0.0648231587787371 0.832856223640447 0.240178148969959 0.28907623972838 0.122365001594679 0.971621090354392 0.0910255763519034 0.0748019135425972 0.724149194166526 0.846438996036619 0.70354916511864 0.339533996962852 0.0259080817847388 0.993225761746386
0.100827780059429 0.469663255193192 0.0642325124655294 0.647124841901603 0.0269604256859746 0.110012822107623 0.469076075264368 0.667087252433223 0.268783968993233 0.381226132419999 0.135698025822538 0.558557611343682 0.103853950976339 0.0302840345648144 0.780698891103705 0.149997329440643 0.509451536064006 0.78239558936903 0.990353088480085 0.881486348272304
0.15561295476966 0.612974263497192 0.470733743044872 0.789449449467827 0.938014448397922 0.0449218145918159 0.115640592975652 0.278677312638463 0.288908220113337 0.388741131401871 0.0186066976806796 0.858755560042334 0.105427665199401 0.139989897903179 0.442636559333011 0.063655359329584 0.578518951829983 0.502006212524994 0.365743724997165 0.000913155368764215
0.227892759913678 0.621793278984724 0.367220438417194 0.729056463424548 0.928096553403832 0.267406187628827 0.157114045164615 0.207945825867315 0.987646512546473 0.397948739370734 0.204232669184664 0.922014326472086 0.189980002469139 0.162132601888703 0.65444668216324 0.998685902628746 0.549296477671114 0.539989250922833 0.0642267102223924 0.00271247399886932
0.152565182173059 0.499525959103717 0.414138945108469 0.346619729348174 0.740907642124102 0.204057356158992 0.064457963559762 0.0430579760546403 0.294917042834485 0.3676007793758 0.091842848046644 0.384338505928938 0.326857472256735 0.0497154800308163 0.725994790451828 0.895539683147624 0.477979487663145 0.752398195745251 0.00974508541763284 0.999978813194569
0.261229258649541 0.572580437000148 0.304837038168739 0.53932579654536 0.205083244259865 0.447290734195623 0.0786857741394056 0.579582522646544 0.478691732944587 0.173726138821704 0.0616603536858367 0.987687003025255 0.271027095915139 0.0669254159388941 0.870108588911066 0.974043630441859 0.606676933345088 0.458142134982557 0.0108379029368717 1e-06
0.091573489880081 0.475606391644811 0.0838815853946902 0.512719214083071 0.639240764697708 0.376913899812079 0.0380388869396196 0.0674469362512999 0.650392120950531 0.0245772738446018 0.0575681729702499 0.624710057509183 0.0917349154949875 0.0714524510293416 0.266848808271023 0.987272219826063 0.66729959735907 0.329933369286477 0.0205070857592086 0.0356901253825389
0.044706951149157 0.408048512779679 0.548372788613062 0.411203262889436 0.0642634279648201 0.128181475256169 0.0190263871331379 0.0855501919710484 0.208259242464223 0.489876216290789 0.0830184947457962 0.269427734836026 0.0842774287533797 0.0605575293828271 0.290464903574544 0.287276878969839 0.747630406473905 0.3393662235927 0.00530149319518786 0.825402572118904
0.410278738398121 0.635099590658163 0.233302255241887 0.714415371282096 0.988591440884321 0.614405015660748 0.338594269652256 0.876384403352838 0.93653322709579 0.906181383011545 0.892880177922482 0.999040291016664 0.360201957337011 0.320182455867312 0.939618783761713 0.967287215067032 0.603832995470538 0.468008193528617 0.000455298330886201 0.999999
0.595413322029192 0.76273959316052 0.905620862376238 0.75337284315067 0.999010364616793 0.844132434165975 0.477824341748196 0.994532759878751 0.933746519892056 0.963758639921507 0.992958410053415 0.995381532774982 0.953988369841452 0.543581099242534 0.806165208395966 0.99940317546774 0.579432901357555 0.875919842488164 0.517418050697405 0.999866141557523
0.0375443143253823 0.523866624861854 0.553293632062766 0.785722459544263 0.0754686044139855 0.58087500900199 0.00786459559227442 0.172353498333541 0.0012025916063714 0.0508783381375406 0.00777923969315652 0.846897462573258 0.0475037890591545 0.0603076454631747 0.450370717986836 0.224140028721889 0.36330501410618 0.393164833285746 0.360962945147193 0.0577643723755936
0.477312697213308 0.72586973624831 0.720588473014209 0.756054242705246 0.754436613017012 0.540927404505296 0.830044424524177 0.870109740378619 0.961279531391895 0.556955133512114 0.823922883886989 0.934115089350304 0.288286868739588 0.202116876749489 0.816246131740775 0.99997623687221 0.34153322499941 0.661855459134935 0.909421345487771 0.999971585698504
0.353710408277897 0.666272446919722 0.7542601067792 0.710815085881608 0.77980326141396 0.41263938684297 0.0732403878314727 0.450933407804768 0.573030466247423 0.698110432190565 0.808178713956619 0.986943199835741 0.542883669848233 0.206880097315841 0.607990230744613 0.980710137002365 0.262419957305216 0.769510289982144 0.103508376858555 0.968020896577887
0.377598135170555 0.765985853681364 0.59108804190639 0.834728759321928 0.40866235137036 0.184455944327165 0.337636135034134 0.880877145569239 0.753667423904563 0.911650403662272 0.708433243726733 0.997558067265041 0.394044598664376 0.324667985380866 0.935301549093205 0.959641584784788 0.687264495979869 0.707890738772105 0.362568765344185 0.993688686761476
0.85614193507958 0.789675655300402 0.842410645858475 0.814211028393611 0.979479154889776 0.546003571851108 0.51444710939822 0.955061516117002 0.869579639945348 0.975153475668938 0.990157619501164 0.999801304059218 0.827856214711807 0.629389021122147 0.967931479313641 0.99984581109595 0.856989389928427 0.760308538751497 0.153288112302034 0.960246454660034
0.153376354507779 0.626390487254993 0.273128783822424 0.541045849222405 0.753214807689091 0.789488034436168 0.0423172033682381 0.80969334755024 0.922362123108667 0.320623990484673 0.772860177974873 0.988788512555374 0.139969482520592 0.0663168914778227 0.621367859509481 0.975383079211621 0.717850894806558 0.644456417960246 0.48392543870748 0.00308981283566101
0.464012178849571 0.68926091478405 0.431146729274435 0.654393544335462 0.433375304669696 0.904350498323287 0.145411914532461 0.235785186416824 0.999314439659113 0.337235306734506 0.877626833169239 0.972885727294341 0.477431652064851 0.208917053529353 0.806940922026038 0.987832813446544 0.623977022505125 0.819804792332263 0.0145862620687026 0.0102008828754164
0.0631669626624145 0.493940732582595 0.134218727078378 0.611708957204441 0.549164440635766 0.47592590500013 0.0393854072569474 0.315392508145468 0.638548011639479 0.195536404222723 0.133563235618618 0.922897572271455 0.0819107610498177 0.0421072173672055 0.239486069148519 0.253530187683501 0.30870752866034 0.640093707139017 0.0413428956789578 0.00261502354930733
0.456497994213597 0.718214765640393 0.913825000016062 0.409252413092744 0.98378925696391 0.496134642756001 0.5105308114493 0.878574260278944 0.875238308782773 0.843514461311241 0.546410124107283 0.986958379966838 0.49201527047239 0.226409243693926 0.93979038429148 0.835286127821875 0.570763834836355 0.549442853328323 0.0769119286626713 0.999320849231105
0.201599431466847 0.668482005569959 0.729928525512097 0.577599851158193 0.537824075137 0.313305465922226 0.129611431182366 0.68041097813868 0.983851267947568 0.837403926145928 0.765303820627206 0.807354276672554 0.343894351526101 0.131116209662525 0.939480189192041 0.997968613220417 0.612000762091019 0.764703788083418 0.00310358020841387 0.933284093602042
0.529013656003304 0.665001520894435 0.764970732916602 0.641773514644493 0.846376858422257 0.299778635129054 0.0518808279831171 0.751159041199471 0.973562102997289 0.696447061000864 0.808929620240796 0.220726025407138 0.433648240576634 0.346382794218756 0.972089119044721 0.971052106362115 0.416242805451698 0.583221437184619 0.0623316578338908 0.999992426714997
0.0677173050254906 0.530009888842707 0.0415844253279457 0.648027178794205 0.608267765171267 0.797611598895497 0.0462110430266696 0.256553833621395 0.900757561270104 0.0363919589377621 0.169720514615664 0.78406344628814 0.101358755165221 0.0397499857635107 0.327149824666385 0.682951113388992 0.309213407988695 0.368455462107162 0.954625004686222 0.923082220754674
0.105765245588075 0.610642685658779 0.437509580904806 0.610996304332406 0.45551754639719 0.415037144344702 0.0517185333096781 0.378678287843339 0.702074008933226 0.297134608456844 0.0834093890995425 0.971642214269386 0.0653048193201838 0.0596228951026048 0.83245522030816 0.598811003095204 0.396608543003118 0.467096630038443 0.123422157157621 3.56213693271385e-05
0.455501058877902 0.661881856341081 0.81269406008541 0.453547418110483 0.917745927814762 0.660315086646853 0.480847279095692 0.71670397498487 0.591092981486224 0.710738190947024 0.507842718184554 0.960585032793765 0.405008282136415 0.27621941818409 0.92380995270019 0.999578160769382 0.565119838563646 0.724821943304036 0.968748356518674 0.194732104795643
0.625254457559983 0.651526315881354 0.838766691284452 0.700065086842051 0.819022746841123 0.531835591630084 0.0781776750608828 0.512441488907588 0.972072780152197 0.758779494708204 0.782114095887158 0.856729490446927 0.467885548533513 0.175850687230197 0.810636179248318 0.935024711809069 0.787051181106104 0.64848042255529 2.92227580474955e-05 0.954504287643638
0.0390539596948864 0.408666937376621 0.464971974695148 0.56098022725224 0.403643313652688 0.0528632895721158 0.0245507566468056 0.0753165693663032 0.237727877616809 0.142117607602337 0.0185242677976874 0.48427127324503 0.0583039385892918 0.02120074800247 0.315446443201514 0.352311625508955 0.703290662802741 0.18911083265087 0.00147362575550961 0.00114033889032311
0.707818922219889 0.836954854393209 0.948018618811158 0.303345984356252 0.994568747624052 0.356201600510746 0.365128906456885 0.987148738703748 0.944835007258796 0.989435458707652 0.965425608223307 0.999740501465561 0.695003930335507 0.408806387249624 0.948322775088506 0.999998742327063 0.883139210163858 0.902790014557286 0.988978749146384 0.00678449695060435
0.112992559115969 0.610003137408941 0.621933103862061 0.512901911700181 0.508052377900042 0.48922537210117 0.0397488783563727 0.673583097783425 0.77254473245448 0.842253327546254 0.67729720768422 0.87992025117731 0.114275261744484 0.127246747146755 0.777864217946565 0.587940238270207 0.655408525898335 0.673370643646367 0.387348012600489 0.188748020766024
0.227027207313903 0.494618463611192 0.868603584647311 0.687877028824042 0.509780302181868 0.281031783234144 0.223877713089031 0.417512160499996 0.961033544445452 0.539541333581003 0.743120101788317 0.896967813617884 0.302260001273329 0.114856895436378 0.567991944071793 0.973185897023843 0.780196092937826 0.44160979506801 0.159173920928463 0.969239050925324
0.0658058655685528 0.633286671361733 0.0599734324043671 0.6594175141931 0.0650351510438991 0.487074115452506 0.131305315015703 0.429054432659964 0.963286318233848 0.474920591333872 0.211468445538371 0.74786730622575 0.114591848242251 0.105299944965463 0.733918860227808 0.726395085526416 0.553815990007023 0.591251605568024 0.446312218727777 1.64649264477739e-05
0.249168827769105 0.502659311735732 0.381490076241348 0.743779821430344 0.345607135929998 0.245717472298098 0.172446995724996 0.0506604552913683 0.674547473659915 0.412233224793211 0.0441721804147661 0.939441938636153 0.238443909724547 0.0717119627284189 0.553535858531984 0.759741105857735 0.315628613022773 0.334287089898659 0.910331518019705 0.926888506674777
0.222959681806629 0.67118337138962 0.480382024443905 0.857298501818737 0.310601467413373 0.431535341382487 0.0354260706782761 0.949116739323529 0.581122629131372 0.369807781874469 0.0632493494273412 0.731726918188654 0.240173378867845 0.10503516602644 0.281876702350473 0.831945026619293 0.444575085944306 0.54816396063877 0.0696809046306338 0.999333687050444
0.0978997071987478 0.647355616572188 0.598852595672331 0.616578649015305 0.441798001106701 0.393824621481365 0.496840024100717 0.503988296670082 0.742814833329771 0.528422037306395 0.318825177845088 0.873130063999203 0.19374346612494 0.143807961235204 0.532138662840219 0.415777762081396 0.312170075210618 0.608259252237288 0.129815224160372 0.986058364294492
0.210830379476962 0.602908031571325 0.355389444795569 0.695339185285315 0.677187072747716 0.516925066552774 0.168208660554247 0.44540520906742 0.339418756622439 0.741113642036017 0.553683022902812 0.988210842742186 0.484448257609619 0.167027940840721 0.704804437688429 0.908615907142357 0.774345174497101 0.689596440102448 0.00184093657928785 0.867891323598434
0.0424755563029255 0.381953364679575 0.508287612164256 0.500236844371629 0.150898842103721 0.221496661491615 0.098196034154672 0.0270821103311402 0.0838623397129184 0.122591402941018 0.0289091287701378 0.590357067796812 0.0215861020209776 0.0306855424276543 0.261356131992482 0.974297896351219 0.485629923441543 0.535059499764844 0.660933943466958 0.0035573298001681
0.351492320047651 0.570006131051464 0.516652454422654 0.698601978961351 0.669906765246556 0.617140536081089 0.24918709968166 0.919651876770819 0.723546262294857 0.750986923844279 0.964618778671535 0.997784709480202 0.475519082761409 0.292699312807069 0.917080881202773 0.98768070104581 0.247045959092898 0.750080355067161 0.99873201813257 0.0236150208409515
0.364622437819596 0.679205752884386 0.711600345394662 0.6006524734893 0.957878249205643 0.811947982036657 0.088832555892351 0.994299122209635 0.932782126504909 0.945708621457876 0.868448822480117 0.635280926626443 0.565126961611703 0.503671906306493 0.81879115879762 0.996529065860739 0.625965764166299 0.555009127434888 0.0139624956915684 0.0923160148274258
0.039090738570373 0.490719194235098 0.589362322791817 0.431843277113251 0.0134703002541944 0.376310836549663 0.0739536560484046 0.00962858455623775 0.735218537913117 0.131037033365669 0.00540441328019684 0.548063732405897 0.0445707693512038 0.0394604696761787 0.231959925576881 0.048534093326042 0.466852752699905 0.507713478795946 0.776342963238109 0.232170030364656
0.742679162813543 0.841338266559357 0.933274800376478 0.678847395354669 0.998842973485022 0.659311462720778 0.711024293767195 0.985704257063476 0.842908759509597 0.988911306283672 0.947259619958936 0.99723657860194 0.88772146069098 0.471411496528706 0.953466353645057 0.983358306306806 0.711539988633432 0.928659422854677 0.993045515340348 0.00932994633693972
0.226917322042172 0.6678674820381 0.503632457934395 0.617936720601263 0.685914472236579 0.642016228372794 0.160497191252335 0.897128571491042 0.687084529413358 0.242044732660911 0.405844388605818 0.908763952474462 0.111833375890299 0.13664991381775 0.230267890613127 0.989813935557367 0.34923964555532 0.537220268684331 0.00413906038935426 0.0376757974597903
0.338426609817057 0.564939867728661 0.840176987649907 0.64069446655491 0.444074074118697 0.136674336980624 0.282283915427072 0.88788374778563 0.829242736330238 0.619033439298762 0.781070459049497 0.41990913745748 0.17047970292093 0.159381593649089 0.666959149520447 0.879142358088014 0.467347660091395 0.678468234016582 0.00891492142190142 8.55760670716331e-06
0.0350535142034012 0.408903130513115 0.206002323136189 0.710751811472032 0.135149765232197 0.245223487656618 0.0299053101730874 0.0676987957686051 0.186379543361676 0.102845380548844 0.0691336558881949 0.818613939618408 0.0482254935610866 0.035427216340774 0.322894110305409 0.83368929816244 0.369859560894958 0.486281265622199 0.0136171660650503 0.000733276876015965
0.110899415594811 0.460392257233307 0.644259087799065 0.690481918385473 0.0869909734409089 0.565256092872525 0.0462288482568339 0.016640378641325 0.194539797704855 0.0416533417381193 0.00412347895594819 0.788701398145346 0.0383672606921912 0.0419615320176169 0.188287783277737 0.586035324515267 0.443418162301418 0.255923280247507 0.00120379098646077 0.999444891351868
0.422808531146036 0.655179458589747 0.774267322993004 0.524895106078915 0.770995230612597 0.448668093353266 0.215638256281244 0.835961044466518 0.956421883540646 0.917952707788897 0.848335641550053 0.986140895460017 0.679668589831821 0.15490143840654 0.907257943339841 0.999577999514406 0.867357265214038 0.51804699996399 0.958644333408444 0.984370155974631
0.0376070269499433 0.44548747383578 0.0706560364652182 0.455442959119344 0.132471722608642 0.553481850066469 0.0254667802835344 0.00731730332573691 0.131540492707546 0.0384821636697755 0.0101177373857632 0.263717585312841 0.0388442878211884 0.0267250693909309 0.249409189518445 0.0442552460889959 0.370371802938017 0.224914301519539 0.0827150475941724 2.61162825513129e-05
0.158453114357355 0.458395277726576 0.586767553580581 0.533184199977904 0.0703956757575872 0.218187588034546 0.0546561871181499 0.543504619024947 0.00287155982401618 0.2833086055451 0.127430012961972 0.871848197163832 0.151024063738543 0.0959179069206865 0.783765201310204 0.108602937960715 0.469817816916711 0.697081117718035 0.0126746034456985 0.000162021103879792
0.326968115627494 0.761562978611677 0.898339553011397 0.850085656684457 0.939682544555038 0.414945189753003 0.110384040475449 0.792506089893634 0.922290863094565 0.687712668846678 0.901743984338684 0.987805646341605 0.819178363340199 0.275367331977357 0.869817901464395 0.99885884024238 0.541073435279179 0.574195260855775 0.254765037032779 0.93716745817584
0.0540702834861122 0.377520520925201 0.132196489408912 0.374602198496533 0.246155005065582 0.438298016990332 0.0302189651889388 0.0685249437068991 0.0820408491264398 0.0961442348613761 0.0207010648729189 0.697901843054121 0.0842145911154185 0.0574397254019688 0.540575686221543 0.326450284706364 0.510033699168675 0.297313523341988 0.0059330012836925 0.99287467153215
0.1203473665981 0.470168896896748 0.304061362839309 0.690530279431689 0.44135313775158 0.262106644820591 0.0138497270975455 0.741366217291716 0.0399748793320955 0.0638447893074708 0.0114273037231008 0.369326362865416 0.107879916142792 0.0474902470896994 0.289489041868732 0.847219567102093 0.44465801137703 0.46307675642978 0.0989432502802182 0.999999
0.712292740262066 0.831263295361413 0.69009579536153 0.80935282479905 0.995397641388303 0.831817629445363 0.767705144740824 0.941089340637953 0.229949989313774 0.989261959667026 0.966771812228674 0.996980286025191 0.760049510588921 0.60201139548404 0.984397205289852 0.999741412388762 0.743219618175259 0.787442650687978 0.012456479913677 8.41382533582895e-05
0.0290624060240215 0.346049327520818 0.180391937493837 0.649757489130426 0.0178495236633418 0.12672943412431 0.00571763568935031 0.107665523251667 0.611544520901556 0.115277824951515 0.0237357149128227 0.0883075733692966 0.0156463555535437 0.0328624215872059 0.143614683650058 0.101103221129397 0.392610828715547 0.135704727564815 0.00520871859517022 0.0435600682159511
0.0455549971668131 0.447487964742803 0.540444229458124 0.803766517875215 0.0743148280476815 0.648324565274587 0.00564734051805069 0.0471780982850723 0.974738379988953 0.436152201879959 0.201682763251761 0.964166987208949 0.0983421274897871 0.0716221123323099 0.214729554852933 0.787992043007384 0.499985648064336 0.632830130229428 0.131503251027832 0.0509439597966282
0.191858215985966 0.568035201246391 0.210265307496949 0.814311896709686 0.122589364781614 0.569205549801141 0.123641765557223 0.422563731788158 0.957938516032797 0.245024881851238 0.121046547493056 0.716419041855054 0.0593871625690859 0.070152946653074 0.490307562172182 0.934101375963591 0.31636280885139 0.246597228091002 0.0293821212676889 0.0257557261704633
0.0767819172972064 0.635354326429211 0.53247955207404 0.727679553631054 0.575463925505053 0.580447379452445 0.0231282949303031 0.11589963470198 0.853453421387285 0.0625548362671932 0.0439184833816675 0.819520481598084 0.0733488016296671 0.0441954339320474 0.277381065634192 0.314466388789786 0.641138979292419 0.462211551767351 0.108595795421031 0.266877883039827
0.177218114648216 0.511553640502198 0.667282129087772 0.410701650986984 0.571764883173897 0.203422330138845 0.0916222408969716 0.66171310775192 0.906621974080256 0.271475176589641 0.230896924241201 0.866984288314341 0.274022960739876 0.422431823469788 0.624556024134601 0.284205043405556 0.526005627314653 0.364375935605416 0.0134858971636249 0.130237662852928
0.0225035070714459 0.419675098669803 0.117064595797364 0.670443275806272 0.0475162418193724 0.286181064405415 0.0198560965442666 0.0848601706342957 0.000692631682843766 0.0124555538811562 0.00484874924827656 0.166742342675247 0.0088554641820454 0.0304504772518171 0.224620077434675 0.146421026442424 0.365567463489521 0.0890413220980153 0.761908928100196 0.0517111227173892
0.350347702036634 0.695681926612395 0.937324526589694 0.713708179568659 0.966338902275543 0.684751070354428 0.653605420261227 0.957881217134358 0.974120392917692 0.963796944968977 0.912681684804394 0.91075852956609 0.599957576650051 0.420459000272706 0.769808455051823 0.413783761078783 0.549623389187943 0.796585446618731 0.459007404258508 0.0264058193477114
0.0577651230142534 0.560675007912087 0.564810323769567 0.674104157978125 0.117930374552418 0.411930008955703 0.0268368696968655 0.171672568569485 0.354680792995044 0.138597266732362 0.236623670118711 0.883209046563843 0.110877454940615 0.165485499870317 0.41900159673998 0.970961022217975 0.265037878296647 0.562200081225767 0.991416481131865 0.724186201574643
0.0476459971791914 0.316744649120979 0.103403446813384 0.716255963287967 0.0345089745991973 0.0891030735497062 0.00991849856173726 0.0119814743667146 0.148613538194828 0.0143051553607853 0.00611189924199691 0.98763111243471 0.0341232251477876 0.00943694294400445 0.150450693134586 0.404750637623474 0.259362571068373 0.0951030036549674 0.0388359171016486 0.0175489469628263
0.183738469726609 0.672552933797928 0.537738360869351 0.56725295333628 0.613355772432594 0.174917238889532 0.141723670203631 0.376493425299369 0.751701259361344 0.884203930697863 0.453543545096954 0.9904352751779 0.657345017470355 0.14136242229254 0.793711292192835 0.675332629947615 0.356121120224461 0.729274486290033 0.52205782554774 0.999999
0.0892423983607921 0.621902618001304 0.699016574528832 0.485944131357779 0.174859961497328 0.651057336697274 0.0537757095801727 0.188525260050159 0.830299908758701 0.208222557028627 0.110385692669073 0.819184323395873 0.0787762958149504 0.0682499449353862 0.565607850736004 0.3849312606555 0.307399471154482 0.225605834753062 0.00679532153663347 0.518957008877642
0.10750181667362 0.601902060558985 0.559214539116579 0.416513939935035 0.284276133621094 0.735179425397643 0.250101709436247 0.807245149201778 0.933680320674766 0.66414558565286 0.680355494275921 0.991416495641436 0.404042685360995 0.242647778426533 0.898857521201213 0.878739367532662 0.712741916693185 0.503171070928864 0.998408915695483 0.949280555613672
0.733226441401467 0.737552672965263 0.946719250993881 0.752785652043387 0.998183443043484 0.457788001258258 0.894397449029731 0.899052061730343 0.992141636844613 0.964142574935599 0.953802263891765 0.982236585728093 0.653743591480403 0.27248852904283 0.806113234250176 0.980937483496488 0.717823486147453 0.832440152326667 0.00843346389577338 0.178209770505838
0.29347925052104 0.60330733207146 0.141807069694865 0.645463149520208 0.1879999654999 0.110961199831783 0.18455422312837 0.915397876171891 0.290941678492279 0.41908348407749 0.132076062058882 0.587022594248239 0.230363164635259 0.1128325704234 0.885112407431553 0.809799888998055 0.652787077461976 0.603016980083009 0.99435379255818 0.00275386980391599
0.115566738540274 0.56780805557115 0.391576816075789 0.609325426308384 0.603608518093933 0.130889143108191 0.0177456951593058 0.101918685918595 0.118797189609797 0.0760603980157383 0.0585432446353435 0.767430057678459 0.0361985503004978 0.0510790291772848 0.119053742915486 0.990108795583313 0.183548882125743 0.47231221163491 0.0576108358359228 0.0319040960815007
0.352061693822543 0.661639289274734 0.575520144563123 0.808423218885999 0.706179272916723 0.186747352486024 0.0420855161173361 0.572272390447829 0.529074809144167 0.781485326203048 0.874313060220156 0.932059123475992 0.579640457687827 0.443064887981429 0.894285346372998 0.967690476597782 0.600564915138128 0.680688767967303 0.0758568153501183 0.0474820272647431
0.576375826636747 0.714867241109906 0.847649386530851 0.783515202753759 0.983915044532679 0.605624678787515 0.938957765232916 0.860140818901175 0.893566815853889 0.954801292804749 0.888285103820083 0.992220994678787 0.339681276518749 0.555179704312161 0.907028049799056 0.999967549261292 0.50997008257995 0.811046404009725 0.482462265061657 0.0728387705448469
0.145214229752088 0.502377440544871 0.842034796160764 0.709647406076039 0.906521254098895 0.549299216785616 0.158865759301441 0.291428054923102 0.0719601318366899 0.116618189098924 0.589150662491473 0.828617728252344 0.131144650143162 0.134020749840227 0.758634356636015 0.777223903398294 0.525810965286978 0.720273921547812 0.764347391282358 0.938126413316475
0.103394956484844 0.541817714291669 0.174007147080011 0.478865624234822 0.526333746789864 0.0570238976750657 0.0885523177283662 0.788078929070049 0.974887280589671 0.562498191641548 0.0372835053715206 0.732036950246886 0.0512736884674356 0.0540077798407367 0.39267597379213 0.967074646863271 0.24135623789679 0.514852003896989 0.00270413785955834 0.999558643909707
0.549789935409069 0.67068163968395 0.361232630147148 0.865002297339789 0.896465994170506 0.487972585433894 0.457496159380178 0.844790029925273 0.594151327922293 0.79943677514144 0.318855736131759 0.99334180329722 0.769192932733467 0.225952636321313 0.84203933027763 0.999506750856004 0.803107658074586 0.803869529426155 0.961962635169003 0.946571154166585
0.181419014922984 0.494932521696011 0.667910841099795 0.808801312535086 0.675105622591993 0.495245795814282 0.0560107955147576 0.542801406022709 0.142923777097293 0.461331347573563 0.833894255324635 0.63486147387807 0.312544480568266 0.0863564592064823 0.402847958782127 0.93614053081416 0.488050010932165 0.465034462576168 0.315056477057389 0.999650894668826
0.312645964034785 0.661625056337253 0.760146532715884 0.693860852344757 0.713615161092891 0.665470336548048 0.109814347137933 0.56750331301695 0.749240609241906 0.649011679926042 0.68072688192814 0.652957031624026 0.188009460715216 0.101680641885761 0.776126843705649 0.999743675546775 0.431458865510965 0.594197449834879 0.052509688425376 0.0144884349685301
0.402146223341028 0.658192786790938 0.277803270955147 0.486550029555316 0.456411751348334 0.338983678063884 0.0850773326593172 0.417152086258335 0.932974941747863 0.740895894064633 0.152444165543979 0.992652301123001 0.169665304895061 0.187177350448529 0.122759819359717 0.949515015817064 0.661025838499919 0.641228171098029 0.988813479030207 0.996560156520833
0.413953364286492 0.666626659815588 0.812009742950858 0.740909115659954 0.836330002649689 0.345123158220566 0.386805063086553 0.253691821881239 0.85069918906129 0.797904672867503 0.968179602007168 0.99552605625544 0.421580044751078 0.156356057085257 0.911195091928386 0.99913335091722 0.73477695400529 0.743243754301578 0.73731141890726 0.999993671001162
0.110213512346124 0.439378969734482 0.111803892443632 0.682842261924539 0.564275542236763 0.292817440844521 0.0459279018617851 0.469131306617948 0.0382966205828354 0.296865991052819 0.0683816568129302 0.993122948554954 0.0995671203524809 0.0694509443359399 0.519944789757277 0.960302152404565 0.209657612542725 0.541792762311083 0.921053536206825 0.0622271791407181
0.225551491413863 0.680841362046665 0.577622554001962 0.595919215812606 0.816446567491898 0.605353869937075 0.363777842341053 0.433643402492607 0.766972985770536 0.441607029686374 0.498622485109128 0.847526403332099 0.256528811076352 0.133329236661811 0.658521282568055 0.964633323971204 0.694776808303155 0.678317767205938 0.101521330388047 0.998709179861175
0.0661896981490556 0.494402441596717 0.339529549543797 0.534632483389515 0.461916255575181 0.485639868651258 0.0437613917458426 0.146754264508386 0.0351009502478233 0.0586896929163249 0.0444025100258154 0.98494835395522 0.0676894855865209 0.0720697558577255 0.409769350687197 0.575231635049528 0.552569799082909 0.528942734711485 0.112564285343918 0.000630726942120101
0.429635214215634 0.657971198345977 0.825156573419817 0.800507143597937 0.926382514802387 0.743817277036962 0.0848212081515012 0.965257728360057 0.991563180253289 0.752939156917195 0.734689952069845 0.797998466027034 0.483763895289845 0.113339901538875 0.881241313306392 0.94497159680064 0.210794872282449 0.448375256422984 0.299135322027117 0.00103328381691708
0.547266613805588 0.778973624974555 0.748944221842708 0.68447223780762 0.954174692227079 0.601653627952324 0.129990745599172 0.934127680205992 0.0999341231689828 0.942670222779269 0.903054115259866 0.999902624630849 0.623651169815251 0.531975872636314 0.880092572598626 0.572132959202668 0.854917253645553 0.872918791040182 0.98127213751327 0.15057869581679
0.360706071959044 0.768534145944842 0.75674058582371 0.736981164726397 0.420808922751522 0.796713715006527 0.6483526896743 0.832140785320456 0.497298300960635 0.831056083911134 0.978968458124209 0.99459138097913 0.441897633581053 0.225108434402412 0.648816220975073 0.970092113431073 0.766073935870453 0.530103656954635 0.134623217531575 0.999999
0.159692377713926 0.556473961208141 0.633858240910904 0.520434669337842 0.271148742584169 0.544272699950468 0.211214188987188 0.800554288717508 0.964301525814682 0.263488233553416 0.257799178686958 0.934593900398551 0.260691915591812 0.208752940723459 0.639991157753211 0.951480391406019 0.409185113766455 0.66690954777582 0.399056527730644 0.907145787274776
0.265905584034455 0.680838927018609 0.481796198643404 0.762230962097086 0.891981422644557 0.748499078201443 0.250614977452903 0.346506270979467 0.524706677717308 0.734778074119719 0.530916849012881 0.96869205243948 0.414004528108857 0.181507004315032 0.96250392844086 0.795061358030741 0.737421289455676 0.664215529240244 0.114666738607727 0.247401391810138
0.486782944408892 0.787057952486161 0.603864060785462 0.826694307148207 0.828213312252238 0.121768053346189 0.111183950881729 0.856282635828107 0.542355891402484 0.631272216065393 0.786231027901767 0.978071544698233 0.680370040322338 0.492960301404113 0.793294405987985 0.99970544004886 0.548213322518241 0.618672385321279 0.77143291247047 0.594915749359062
0.0248568094259925 0.402909634981529 0.203096288244535 0.251724626781125 0.0203604261251786 0.170540706854203 0.0100690643030077 0.0309189796717227 0.087387365296994 0.0464866534904925 0.0481933700085097 0.936409457297025 0.0112309027838216 0.0266694497387765 0.145306113763253 0.681594727673996 0.242019365182457 0.216455291361641 1.70635793936354e-05 1e-06
0.124358179446421 0.491446166425691 0.187531520061094 0.793768898783669 0.0847501249106997 0.432308336861792 0.0683338619059271 0.0272786288387403 0.473636657022032 0.0511483864051131 0.154179467427464 0.986437918991729 0.107871214197344 0.0943839325627813 0.739410462712532 0.640894623242281 0.576092582069626 0.435619743958613 0.0460013306505136 0.998901770854964
0.364861513015872 0.589073962945024 0.175574916986964 0.606831578320881 0.726568867331631 0.212317079893859 0.0632606987555922 0.730560915807502 0.933062861925707 0.849176288901632 0.947216944669262 0.992393402491615 0.496681190071971 0.26032286574568 0.904135760061168 0.912458929405197 0.650949404182826 0.7229465870166 0.963663261545289 0.995347902499648
0.715881518458633 0.720039117446992 0.85995036834849 0.843031567288939 0.993173150703326 0.606208611331982 0.756631973280295 0.99050698709626 0.998137510406782 0.834551392138028 0.98889909739658 0.999513922235736 0.875410574831264 0.409815498013447 0.986059227221671 0.999536801112653 0.827330523008947 0.901884479000094 0.263589619234275 0.0302522164607162
0.360153749114322 0.60143527972614 0.385451519981206 0.588971913051259 0.985679438771867 0.596469652260317 0.464268543952684 0.907384336445477 0.548580472453573 0.942068956765034 0.889631204409431 0.939562032478201 0.543757390775294 0.16242628061105 0.572857304887188 0.997684133962875 0.729502943680408 0.64375156800896 0.0352268032191705 0.0168342778867902
0.109511362503505 0.475684576106241 0.344517011710717 0.338721632165069 0.445042240637498 0.397607695979579 0.0156323568153851 0.133811322727627 0.158393940772815 0.328145145153146 0.128291542842356 0.498608694656197 0.195995571797085 0.163523834949041 0.272180592468249 0.323505800406022 0.673787737305303 0.581512732213493 0.522403690827133 0.434651954616905
0.0192073937790461 0.466092813274931 0.31065834121785 0.426918400477033 0.0345614713371072 0.64084034614329 0.125716014246951 0.075981550825452 0.811754776853979 0.0667840180623532 0.00748908354686177 0.656289036379385 0.0235989153657676 0.0501682329472977 0.511102589739611 0.225479352760547 0.17652288255596 0.233224398872939 0.253525912335181 0.0279416445054308
0.0551005712551709 0.391469818590129 0.164669936441321 0.559379589443586 0.431082400786198 0.283905499124854 0.0173686574578885 0.41173529189189 0.0945606996369784 0.0769434946194102 0.323865344034467 0.788617999330581 0.0881688983696815 0.0694773065463773 0.806219334376608 0.880185652499642 0.195086987444755 0.386362134339173 0.0020079446759985 1.40224087896943e-05
0.185235245704651 0.599697303001886 0.442570421387393 0.648380201933077 0.792028704020466 0.388563839686056 0.148441130249427 0.347512205706302 0.859789376604212 0.444606496921892 0.239981707802635 0.96309104576728 0.38833051953971 0.0544505771915711 0.286357465042775 0.941282523121954 0.341510591472216 0.388575752861205 0.00352702055902319 0.890403400195084
0.78771325256407 0.728406365420191 0.912806681473798 0.77960478522692 0.998546401073587 0.768891282858351 0.170658961808971 0.907085460114958 0.949447929046954 0.892022345527538 0.876143139657858 0.997561214580834 0.380091657442812 0.425752827551405 0.846174298618474 0.995090835191924 0.587120729358042 0.853038715905138 0.915151933110108 0.126984490842404
0.353287993897143 0.71920537441975 0.584298161285427 0.619841824864916 0.939925378886847 0.514018527276443 0.1279628192965 0.746840474817882 0.540870886853448 0.865192437729462 0.718896705851477 0.998537373037095 0.553936121742808 0.174192144549529 0.894420263295709 0.999497425886169 0.46308270045583 0.726521766237776 0.99885579683574 0.67839660132087
0.0737710985149962 0.453506374220243 0.470042277282931 0.257193226760603 0.376822333756444 0.653936181359622 0.0186602390059792 0.416892562755219 0.977021799552224 0.480841211631277 0.077624313340363 0.967004918535244 0.130761740869868 0.109718806442782 0.70832414473769 0.983016167951148 0.510258462279826 0.521563139963376 0.00926378127585986 0.23866506963889
0.161091183589015 0.559118324206258 0.662632622584156 0.551860426803777 0.677110346250597 0.474972993254529 0.0124970323780572 0.141415359142905 0.685607447075014 0.48870863666435 0.106990217937786 0.998362994574405 0.112563602702846 0.0727004648565733 0.423266612885891 0.824459162463288 0.258106811115351 0.662918549518023 0.0141488654847233 0.136649433840845
0.0411086948208875 0.480940054200148 0.296245823317801 0.695088704774188 0.452861575905649 0.623674413673951 0.0150725695502811 0.0740270665773122 0.136816746937527 0.119775249857991 0.0251719826878648 0.281052819932727 0.104674483320768 0.0234075479553445 0.064922616032878 0.757304626133472 0.488547149951119 0.56630359091835 0.00818311298919938 0.985584429568836
0.719841291850467 0.809813478132192 0.971604323388696 0.639013680174428 0.775214183024413 0.619787253070581 0.965597772030237 0.992608368492895 0.992856878650613 0.970359747188102 0.827693353670232 0.999988548922936 0.843881091380077 0.592805901309527 0.974244799917334 0.999966848970234 0.797543276740462 0.830257846447185 0.992892789279049 0.989368551748069
0.831265210292721 0.683005913412463 0.661685162058963 0.662438740181336 0.979755268074981 0.253527216816922 0.208929847774642 0.989708512727091 0.391032081939844 0.869941574028728 0.879608929138756 0.978463738082877 0.644742448785015 0.130327790910248 0.95753807831175 0.994308170042493 0.752020349434187 0.421922086399248 0.938701430756835 0.00390062428741971
0.223440029289168 0.644590488561913 0.662725290273668 0.331552569796411 0.811195112233218 0.192463289162789 0.210738123715743 0.329708079990765 0.92954342877542 0.781925796096363 0.942426422887538 0.929042298804415 0.341054754513149 0.149908278778581 0.851211049546664 0.998428478489539 0.765264663973618 0.40124938277054 0.996645427280841 0.985822325781258
0.0858806977926101 0.625938227699143 0.849359567781871 0.779420981268649 0.333978517815309 0.27471845985586 0.215057614445364 0.36071935156594 0.135679538581112 0.219137599377118 0.257475780490566 0.732043246763247 0.239848255776185 0.0717017302896701 0.641811223599553 0.389278681627521 0.557037585013516 0.639031988424421 0.457961154334894 0.00179106410233479
0.421754834040947 0.6019523304936 0.730912966860373 0.803228146016566 0.864710547209814 0.0738257691640276 0.177826403534701 0.816879127634781 0.795357274960966 0.649065059205446 0.490050904297584 0.999017100629137 0.423053856845425 0.178178461231159 0.866451832177149 0.994271600163401 0.598050956911933 0.705120297540843 0.00576930443947168 0.997977040994925
0.892462674943169 0.854105699915397 0.973455894273934 0.585351373633255 0.982228069982783 0.726945517101417 0.626107459856695 0.992320220416705 0.73611694487088 0.989405571681702 0.995530008260083 0.999905028678567 0.817091961340056 0.485508483043882 0.937359898383564 0.999571476935724 0.918996600040269 0.963671512912542 0.396125999939934 0.916971769033889
0.396880413318418 0.617521430514341 0.423981376564178 0.726020636055225 0.81008280213388 0.385673462779416 0.274660489895487 0.858898946284298 0.541916869195479 0.773137525570366 0.458353703275161 0.9526842426597 0.510934869480035 0.214338594308505 0.844070091457139 0.982442703936925 0.734029954374041 0.625063452416179 0.0430789978812437 0.847971403584337
0.126992484478551 0.524692312239388 0.420791625806361 0.590648719146701 0.790364714895089 0.451969843531698 0.0381944982164517 0.58699267815522 0.976985908106892 0.394335361069943 0.173785474901074 0.952164877291328 0.223406265035939 0.119924651756042 0.81483988937128 0.814956892607711 0.703595055394674 0.366900640760789 4.37591295670804e-05 4.31975355486762e-05
0.507755394549714 0.718523644619482 0.645321272391842 0.526613062978819 0.68128744581228 0.140325210876503 0.401803547355248 0.922264160608283 0.13363263423505 0.62259798640112 0.696857175377741 0.93436211804867 0.18096920445071 0.221227418707247 0.916726790242687 0.999322775851361 0.585991583934063 0.573520310378519 0.0315274913788204 0.28514777592806
0.96083297578198 0.912235377329407 0.983922693250104 0.879107274123953 0.999400640444583 0.87321909693118 0.789593817105335 0.999614387829478 0.990351759496598 0.999782141497397 0.999425511171033 0.999995186451435 0.933609726692346 0.789331371128829 0.997927754191796 0.999805936975252 0.769757764262886 0.965647594964531 0.99999773601968 0.999999
0.282428665249328 0.710458954537195 0.155870150259329 0.615620360537972 0.627485346700264 0.230175250708638 0.205267181627548 0.291820119495152 0.921927449979679 0.819340483753028 0.649630030046466 0.963555115961607 0.140360548018941 0.121843550615536 0.787795916762896 0.999826377189236 0.739019598074543 0.692618548213455 0.0373554152373384 0.411877450099254
0.558163186415998 0.679735268520076 0.830540377835441 0.860921218509625 0.948449207458371 0.447437446067239 0.142592016845859 0.985094953339708 0.99181354420174 0.971483516975652 0.950074140582393 0.990214090986405 0.654217619816135 0.436726824288743 0.960531374830481 0.99891668543239 0.612830641298219 0.775322615289774 0.898668516047073 0.0122027788912325
0.284670938288883 0.692046336076045 0.419858495260553 0.642660806969694 0.963492330905388 0.500972849941737 0.335099612875072 0.520259754026587 0.611895384357112 0.834177409196625 0.755789279080434 0.998181156643714 0.308902533301793 0.291535545679415 0.924934421619281 0.869574594049532 0.617377065205194 0.733411901057297 0.28120065930924 0.999996078700649
0.402863436954627 0.716065463420554 0.92070749537176 0.839613786064653 0.974965336678285 0.656043558650744 0.400858881229273 0.981203165844125 0.996109853642437 0.959416619830901 0.963383700028663 0.997066384307934 0.740684948347876 0.58672992819256 0.919137754840308 0.980809244483517 0.777397945278339 0.870374281041812 0.00519397635826355 0.992589156046853
0.0584585620473474 0.497646953692857 0.532762936380045 0.548496151775061 0.0448239235791521 0.336561293928725 0.0906998002769282 0.248204901291967 0.171358209671907 0.262693723169959 0.125236142910689 0.945098256461335 0.0769132364429719 0.0336892494712563 0.555218953423034 0.710711550909558 0.421190047993818 0.372521781334731 0.00214129207361748 0.000178589503013863
0.226659465292085 0.551673317436929 0.433913164912343 0.448955744522717 0.780706567598815 0.368064639882203 0.0325244362186362 0.784022160591073 0.790621481805763 0.583869794532796 0.278062333155856 0.961802803011556 0.143788298487446 0.0715692761437765 0.215987757263809 0.876959076675947 0.378728259461317 0.816866081821455 0.494404907603492 0.942696217009045
0.0965734600262531 0.436331882064421 0.478646067571502 0.439944125497913 0.0155762350154886 0.168430208172352 0.266324104213203 0.0674883811387885 0.0577367969130399 0.169691038005798 0.344595192989914 0.553926749093469 0.0208613643552848 0.0480833177762943 0.481983746339838 0.973720784661188 0.548959858867771 0.221328009974134 0.00555055731752592 0.632794253107932
0.532549374509182 0.712845630842226 0.678529379809686 0.710995094073708 0.793286051031105 0.58195104520809 0.10117073750628 0.946458870095464 0.989118429545607 0.831702608358329 0.645599660358642 0.979857646967253 0.545144076903386 0.390434771037302 0.891273944984623 0.502068204216718 0.461118353390772 0.638432290194896 0.0155689309127459 0.998647141870049
0.256564521179806 0.7102021871068 0.30663392900749 0.654969442422903 0.810004821293244 0.644034518887826 0.188802092962791 0.781191469358446 0.710162319154615 0.736265857059041 0.411185078599873 0.985837266298797 0.1128842752596 0.303769020696347 0.275282130789182 0.479639465642948 0.439076333662911 0.696725116802196 0.962373823552994 0.943399863516735
0.20358978435978 0.485251285957825 0.647419570595906 0.471218888677898 0.815246292148005 0.827948722183638 0.119446255902434 0.961500079047389 0.246758728634625 0.339267141947704 0.86450565813611 0.974835364075326 0.307667624621747 0.158194371826256 0.322273906525327 0.808299403174554 0.642613475047269 0.757985530751589 0.00190900507268904 0.00404640838246622
0.124289413888389 0.535202232969418 0.525184541473353 0.645473949725836 0.739267886644503 0.182039144717225 0.113679513472412 0.226013776094519 0.961064042096122 0.309692796037208 0.385600602668206 0.869206993982344 0.0939288877479789 0.110476647978336 0.800917200443702 0.974704301607738 0.717617093529232 0.636441861563246 0.01167039731835 0.014652456717517
0.278565420463412 0.738341482388684 0.416319437667277 0.697201165948398 0.94718326555125 0.408165572021098 0.0399996844427023 0.296202041121655 0.171873821397152 0.249205397338983 0.236231378416237 0.990725819159762 0.184828400331283 0.0933646522435224 0.633927407197464 0.999538136074202 0.51731849167855 0.663476085601155 0.296765837188541 0.0768791075923007
0.0768956028916728 0.527838025590347 0.304696795938211 0.549143776294302 0.189343418246798 0.331444318030115 0.0348261026427258 0.0735146168192092 0.0178135944015061 0.0700686707136156 0.0152594438551148 0.686025305720087 0.155285760684158 0.114740459668069 0.723150312222228 0.999286637889214 0.46113919871196 0.345793570518856 4.13547173102751e-05 0.0157084232575745
0.383159620387869 0.719981788806556 0.899702708172653 0.716350170378843 0.994388120878975 0.649187038550917 0.189010844810962 0.408691324217223 0.955420976951712 0.660023881642957 0.692038140666951 0.79554224519329 0.329866128222216 0.300734378292618 0.76574332179161 0.993506259352334 0.78020088749249 0.591237083662733 0.89914816512917 0.623308592254855
0.206608696072877 0.652416445589148 0.653875200916303 0.836947356472921 0.919604216957361 0.168379046212966 0.319873679629074 0.271990814036481 0.976643419461265 0.741616897516763 0.972922827623021 0.999347400862167 0.306319051122456 0.167938272561881 0.756793312272345 0.993753501928319 0.633867407015169 0.62136201795922 0.66603695784016 0.42263858917993
0.185114204031156 0.637948738701495 0.913259880578067 0.604672181247588 0.751978444329022 0.335920002033272 0.182926553448385 0.686698051119903 0.971287337286874 0.331780271480353 0.638105689484482 0.551071760853166 0.35048225074899 0.193874662813871 0.690533899656415 0.998191796488031 0.39066478909381 0.620597973486416 0.957629733591814 0.0902174677719807
0.195632954890464 0.661594940768558 0.496337885665691 0.718177197741265 0.797094771446386 0.529159158693235 0.406222698928547 0.573460906626613 0.259139336094785 0.550260926174874 0.879085578613375 0.99834758600466 0.24983836522033 0.176825588074323 0.86995881390468 0.969450278121527 0.428508840980953 0.654535258714414 0.13518350279019 0.999927169046088
0.098845640633449 0.4519054288532 0.433642882207397 0.647234111081707 0.221266667223219 0.171522946437014 0.0189545108826015 0.39653708505118 0.810384853861385 0.125972280538955 0.203899673147383 0.890348670175621 0.0550219493558685 0.0456560242667157 0.340017920198144 0.166936401844887 0.206335696470316 0.431535591724539 0.00931401991114275 0.0158521263057975
0.138431754553184 0.417497582245657 0.433596955046186 0.791396992469438 0.479673394398688 0.406005302911388 0.0508553146494611 0.288764577916584 0.0100095905368878 0.109619685091568 0.354877279130979 0.893846391654567 0.199796385175514 0.0368906841144329 0.216421176295151 0.362403770098276 0.354306726509669 0.307556784162972 0.158134207615219 0.688828857563805
0.0714874947479592 0.359893808871666 0.141300602026673 0.335791096500351 0.414299759973161 0.253783524104475 0.0302369886257591 0.409368610319844 0.585723848424396 0.214682840568165 0.32113374249433 0.319080771639049 0.0363509873992242 0.030411390443365 0.434907828509533 0.819900743146136 0.514813786904931 0.518983596881452 2.71724119788357e-05 0.685671594308361
0.0904378926135207 0.528745223513769 0.80791566428067 0.491262958027725 0.522268663632208 0.30291371296057 0.219562143796768 0.0886787837986834 0.852250180974519 0.532741724314875 0.0842394262899169 0.798175115138434 0.128250594334973 0.0659793348399214 0.65483063279318 0.976839568496079 0.470648284391346 0.474785722976381 0.00339794564128265 0.918182668685929
0.262100018684055 0.654759708374982 0.546232310376111 0.518728030163817 0.80333496782716 0.605022826638928 0.37383614649311 0.984161398515561 0.996056625570576 0.857660852002603 0.668246396511377 0.994720826469217 0.338665978289562 0.144443471995755 0.723335483936443 0.99772853186014 0.652055965009698 0.552752258746917 0.191739579938704 0.699207088217171
0.604915503118779 0.79219990979379 0.947013257679693 0.616959871462105 0.942128742421129 0.359655518359522 0.790889708819105 0.997149892040886 0.993881707767974 0.990448627962026 0.982620518868479 0.990093104796324 0.859416341804618 0.637787990934747 0.974532060927814 0.999349483194497 0.541114120756016 0.888493326321879 0.155279228742002 0.98103232010257
0.0405344959786302 0.490778245382729 0.0796580884099397 0.803962555331457 0.586764597135039 0.42689716999553 0.0373101281736471 0.246070160978744 0.553161411480606 0.101634014800197 0.210642720528829 0.855067498965632 0.114036529152396 0.015825324629843 0.544965769588287 0.420610921985333 0.344913444884472 0.392534482164947 0.00021853914060148 0.000237113161644674
0.0483967664956097 0.443533626995418 0.397204439034066 0.442142927306419 0.319520860485963 0.080526179572245 0.0227760808658601 0.0242462427465059 0.388129018605046 0.107240225040647 0.0121705856864919 0.290997548321244 0.0657497385076878 0.0196698943677632 0.735143443362329 0.978883957856414 0.261430083586962 0.159169447011512 0.16702351739139 0.749677539793888
0.382730494399011 0.67183864372072 0.262554469770046 0.823800711480908 0.142106189200948 0.353317893563181 0.0645908105640048 0.5979521665794 0.789668375432115 0.859125639425092 0.926987290041163 0.969857964994438 0.338752056547844 0.404192813362501 0.702376123823737 0.998281959077423 0.520653335758124 0.677351682050848 0.995802084603443 0.369982170990168
0.589323122615143 0.784845969195473 0.747508905720209 0.537249953867761 0.982329414457732 0.623368581467437 0.491613825280184 0.972053589552954 0.902728804912255 0.783821097936252 0.914497184121105 0.994315857034526 0.756772830875983 0.192057075628233 0.913273905314958 0.999809852628408 0.553156020162377 0.792451544978785 0.98653243937934 0.999953137142166
0.0356824540885227 0.464528460601527 0.323663022574118 0.43773922487321 0.0281897348350168 0.524006787106874 0.00758029054691627 0.00794527262534688 0.0359304779043888 0.00898304183041108 0.00773851266660356 0.0190327986043617 0.0103087879812688 0.0215086097645579 0.123464057010772 0.000443881922147903 0.333093411112305 0.156949337236765 0.228923742797946 0.0105650130991712
0.0243714422734919 0.373329187778905 0.181928797773301 0.432285763900676 0.0384792158990421 0.521565037389371 0.0594409135879976 0.0554152801315987 0.005314182753677 0.0182600597990334 0.126786330739118 0.211406838163549 0.0203958376305866 0.0401755351788324 0.451673583651949 0.281545268576079 0.456538720852374 0.186425154199083 0.000268989219310345 0.113146118937841
0.125411558192402 0.601376097241943 0.667070481281634 0.416863784938611 0.284055598518234 0.326375625111359 0.0204627694558316 0.696268196545176 0.972770338524479 0.272160908121092 0.351726684012106 0.792665074933976 0.285073955319215 0.101179862282974 0.171502577554406 0.989784933642039 0.375625903632145 0.655701757532819 0.661489797595211 0.110812284008496
0.16355814506932 0.680113206029892 0.742058220405514 0.788770516608071 0.552496442452032 0.74973147697481 0.26871302792416 0.359276278055669 0.859284162380027 0.101714397403433 0.353482149468523 0.941863151428281 0.127904006412045 0.102104335312554 0.638703735271506 0.941785820226345 0.629450244412983 0.670378704557989 0.964683398940772 0.203331265666771
0.15266754369227 0.522192097055091 0.720732168931585 0.692629030806568 0.869474036824848 0.649576346520409 0.0533682102677794 0.146820358366415 0.922107947743817 0.301775710321234 0.100575143572723 0.935903657242097 0.148877702134703 0.103225048649893 0.619585435715422 0.742296045014774 0.914101903652009 0.258872807673003 0.0270234449067 0.998833332829537
0.633637195560446 0.72676906539065 0.734747566037169 0.856096597669937 0.985114223524335 0.459306126115786 0.349503466930648 0.989874086848999 0.966927089801063 0.927465698429947 0.534089461973836 0.99947333908254 0.806548910254174 0.51568307966926 0.783790977267716 0.990015287571933 0.467654304754392 0.739771041203399 0.500648362636171 0.999543030127556
0.207121068108362 0.590594125527011 0.935203594889001 0.781959002789348 0.959409815574575 0.504932392660851 0.176861681338455 0.629771246910511 0.981725465950896 0.379759043613152 0.511688269807232 0.808443193620113 0.483631319193382 0.157113347614303 0.765983804401628 0.998194050606584 0.78721267341836 0.551796624302192 0.779457431390459 0.985346979325312
0.420641947525254 0.693491882717899 0.51608455473253 0.81222833248077 0.926057982542728 0.742301149626732 0.141587891266044 0.531202291526383 0.922405223248506 0.811200297888359 0.920870729243135 0.971983332026906 0.26087557713713 0.289825928625959 0.340693325990322 0.813012127776187 0.788901465960895 0.66016086343571 0.457764607760653 0.215362159942418
0.23067403638794 0.63221412777044 0.982210383641529 0.694778600107075 0.919365366350353 0.184876953442604 0.303654708438659 0.176597975329274 0.991724646206255 0.884165943577301 0.848507502234634 0.993380659726655 0.171450131810333 0.223604494126214 0.677400189634363 0.995876275709438 0.38609264501073 0.754530023752077 0.12101023323108 0.326282168309452
0.44419457291317 0.565205425726283 0.556035264805814 0.516377858254316 0.138001935146111 0.828442527566902 0.790533274078647 0.958034079480108 0.7980384283551 0.888222562197909 0.735589496357167 0.998495679387874 0.62620119900562 0.123584407367388 0.953038634985727 0.995044309725817 0.285292093553482 0.610235661179159 0.000851914157668789 0.999039779949649
0.177425208520299 0.648749649034019 0.487231872865109 0.710376286529922 0.0677265448101366 0.709072997104809 0.266257664450998 0.455585733964596 0.957636365732193 0.567550119708526 0.544306427903411 0.976031091693298 0.234220447026498 0.299778182165624 0.827031069628665 0.935582448362782 0.584565177154825 0.590560646568314 0.00375900622267737 0.999949912295597
0.269939932983757 0.644432385596898 0.49456789212346 0.881340925533809 0.196270323264258 0.497101629355065 0.053661056157528 0.607655575548797 0.591899978824749 0.717917939212722 0.664761433478731 0.963422427824395 0.621124403615392 0.397596192965915 0.795388923164864 0.514465662646761 0.730406646956769 0.680208071419091 0.388392219076339 0.9992923803165
0.0965684741201529 0.512659749266558 0.151223793008489 0.449610295124611 0.40215559721611 0.10189176354574 0.0190408749055887 0.0780067618746046 0.537239335839997 0.137374215815694 0.113197932951122 0.954327468419435 0.110878856660431 0.0630578786642209 0.491336954856892 0.342703703169202 0.421473207852426 0.268884422481069 3.74000658867074e-06 0.00183565578969875
0.231792253098431 0.616925383546253 0.613219582724455 0.66474848231356 0.982720413600544 0.541275881291514 0.0963354361056681 0.196491285460465 0.358392835086493 0.610939291115626 0.92747290578545 0.945752090227934 0.419862900381341 0.245453877516987 0.88262102713856 0.978444308913691 0.666750116473888 0.660527980004974 0.962612025588472 0.170056730655747
0.0581358974617852 0.541370459113808 0.102624704615405 0.704382542692216 0.338437627793974 0.1144144046832 0.00957476786959005 0.0593439580122182 0.36451669895563 0.0509827636812426 0.00756948338366132 0.448739236882937 0.0142215483326173 0.0304546710215201 0.31424116653985 0.537824771464503 0.462184869249533 0.327473401027557 0.869717674669923 0.998780492716869
0.025164664032991 0.484696534422984 0.336681610444578 0.441531863454723 0.154010470456522 0.214835799749321 0.0318154245873852 0.571794893303813 0.0558837616620773 0.100643621582321 0.0620933499881251 0.988419943788704 0.191862529081153 0.0437975740741174 0.136212511374502 0.209387894283473 0.505822889858068 0.459748850966844 0.00135476048140221 0.630966559976053
0.133243407672168 0.569406502586838 0.38594569857507 0.630917119356436 0.679143389165588 0.616155458946396 0.0438252976191733 0.0289040370528125 0.783959013523462 0.150779404586941 0.445195646918184 0.860759828089318 0.126200490664178 0.0944530803694154 0.872164147361743 0.957175862046363 0.434536194939426 0.464425450188824 0.1531231723526 0.957342164536396
0.0280325177206918 0.328384423330595 0.374442123884874 0.748799590508275 0.236873583980829 0.293993274126932 0.0306519466492134 0.0199755704307267 0.0345861021127727 0.194127965031411 0.0984535703225103 0.979291357129141 0.0787751410609162 0.0280939376023408 0.523437808758728 0.519898341480141 0.300200958858897 0.325365472057212 0.0112173498778228 1e-06
0.0984756876830805 0.659554458519219 0.313386921720664 0.761866421879141 0.8299019882472 0.187657661813875 0.131798768589688 0.856384365146928 0.0640874919624908 0.313162714278864 0.49076021611575 0.730040586374951 0.153389882744024 0.154402648135017 0.863153678706788 0.91273404677611 0.39538317213928 0.483086504995727 0.000515645080073884 1.19477619412542e-05
0.176191323309163 0.617210312915319 0.672544559474782 0.606133034426458 0.605573479237692 0.405924583504172 0.125525212182594 0.410568309916078 0.609702638197213 0.371046285746636 0.574018708093254 0.813538052738298 0.196423037929307 0.149333672296269 0.948353358945091 0.972907416020007 0.545488037798416 0.386789711276937 0.00433092344857847 0.991754238894061
0.846426655040658 0.846922742283146 0.378647854111768 0.732065372027427 0.994843335583339 0.536719286430671 0.660585801293297 0.992311268683926 0.999258937170805 0.979152474840908 0.990073026528936 0.999764406257117 0.918095017312159 0.564758785260336 0.925194520665139 0.999740347520225 0.722252457965169 0.817981495353463 0.734505991203155 0.999538866399211
0.229780156151806 0.606909374679927 0.758401347741424 0.585355693642833 0.558392599919146 0.373603973826595 0.369011414259409 0.848732639385257 0.972419645738221 0.618755460097422 0.237794869944676 0.859434227124708 0.317943780658178 0.16925745814093 0.488933766677252 0.985588787178486 0.201928670348483 0.775375805038613 0.0393463819240077 0.906312433355934
0.370954483750741 0.746105750364584 0.870506449880093 0.684009603329867 0.910533020672218 0.4070036746472 0.48715791333938 0.994975801550915 0.913249139490262 0.909290209226858 0.970837635669763 0.999041680752383 0.617813688788055 0.311015967137421 0.91552089738332 0.754006890224292 0.800439473457368 0.687082500538954 0.0802954232707035 0.999999
0.1747318048841 0.575439816146216 0.903366687296498 0.518054868164843 0.71857328776484 0.392158857971848 0.126119105195431 0.390300907329935 0.0863009571661428 0.295221845336128 0.135668503903681 0.246752391829586 0.292345216777151 0.113964138060525 0.518318609240894 0.080507123545653 0.59335699291544 0.269122627943436 0.432398220129317 0.0314980804997483
0.312069342599971 0.617432169142119 0.875450875453322 0.740719594849456 0.534465161677665 0.60842613433841 0.0760925466222435 0.795978565370586 0.12991585565749 0.671067865061736 0.746302266783139 0.998843736957162 0.328881899504161 0.143729536467946 0.534812127932992 0.999788790510734 0.810068816757706 0.476413224215062 0.026730012400516 0.998264187042137
0.0428183578732956 0.493908336414951 0.0641392144969502 0.577584529436716 0.19650894640879 0.481984855138745 0.0979578369805205 0.0184773811189706 0.0632203750430998 0.0599319800709484 0.023567037298503 0.276643395569306 0.0911730289373196 0.0352408983800085 0.235668730329101 0.210742977480996 0.426913639627052 0.434646242816095 0.0224318888800846 0.00109561337257378
0.0792570221850079 0.518949151992618 0.434838337684293 0.39732619575348 0.284869489618644 0.579631725942118 0.0264798137149344 0.34696637497746 0.965096125262494 0.293518648837937 0.173602104225652 0.907224089268686 0.117018793297282 0.0390534575649416 0.330387427190856 0.741097579370851 0.541002008167214 0.451797083672754 0.00118439125640905 0.999502496716493
0.23901857417259 0.48347387640676 0.526140613037501 0.517583229422803 0.439868307966519 0.578102400170703 0.131954766063257 0.685831812717571 0.758094908224676 0.16476488093562 0.468520700587996 0.823388948192086 0.100779661476477 0.0628680302759132 0.477897700108777 0.762863030179013 0.400641403898723 0.567588531258772 0.00222070032155692 0.000330488299166737
0.497987631927524 0.533216553242012 0.883622677975295 0.745141860804389 0.921951357939226 0.450131973323058 0.265690792322399 0.994570543974519 0.953602094494667 0.945919910144706 0.975507733965842 0.987764365655386 0.427012463416696 0.396012840745754 0.83512576779075 0.97549607499868 0.66975394468415 0.581484576099608 0.994775089498343 0.839052044991964
0.620366990546339 0.781418542538534 0.689791121223619 0.819345636037051 0.888081213482456 0.757889028690071 0.797234976119861 0.991392181872726 0.998852781603438 0.952941657143862 0.971085837874824 0.999787948477553 0.604677861521644 0.453846312467089 0.950131134809918 0.999860160239315 0.796188861702052 0.85543501884828 0.246177278522725 0.999996923178837
0.172254307244792 0.632621898373114 0.658843358229684 0.773660864086119 0.435267056455526 0.265464912472895 0.132805230355881 0.917249644908768 0.223024098041848 0.483410575386437 0.468243381248046 0.980436499870593 0.681438656463009 0.132815785218355 0.764064368826718 0.97717291616384 0.763251648258539 0.779722960480524 0.75334688955514 0.0295589595282543
0.082260355442876 0.628685652623258 0.0749758083055493 0.787305855930455 0.953586983316399 0.832494136726636 0.114910042640755 0.0793951678853093 0.51951191491864 0.278206413867714 0.144802072003508 0.83382944212552 0.126029452417557 0.0724054657262988 0.430658243901732 0.722859436306141 0.483690567513408 0.560939953222381 0.305263898081297 0.0099882530153795
0.23875808947565 0.590999397165008 0.15225861816976 0.699986505458125 0.0784684270349482 0.906955387693707 0.23609506895385 0.114483792553714 0.652536212137237 0.591080919067896 0.816555622578625 0.68801599709847 0.178111500946434 0.0893676661457432 0.708674982425549 0.516873476295468 0.317794590044366 0.774791112605202 8.94705297464104e-05 0.0142864744402184
0.135760611107946 0.600345608396292 0.395063603145115 0.587595521849655 0.367755515366622 0.27622290379911 0.228529868609817 0.138215871849013 0.417735157434851 0.293265117787909 0.845955914795365 0.798922731520535 0.329046953907488 0.196654013061968 0.523867514550121 0.861372698635071 0.326761096972748 0.584439184515964 0.00042452455287917 0.000282196671445371
0.200217506772121 0.490828657393451 0.327705287320712 0.501217340291866 0.414070186946421 0.206541517665316 0.0975445754205768 0.0196912622451138 0.829642074199858 0.411521409086999 0.41078959712668 0.995873531459432 0.177489227327333 0.15305350917966 0.432905669930975 0.786997536748799 0.381812197139958 0.270563545417188 0.214108051304718 0.322065086238175
0.109970156840098 0.675720933890174 0.850587364472592 0.768416570999414 0.949771206245462 0.213647334746091 0.0267796503241224 0.948681805620267 0.0278794735738906 0.317554080298165 0.562443686255066 0.788604661901699 0.472387729112767 0.168692880933264 0.641914660650267 0.0403918729205725 0.751995351220372 0.35042577586865 0.043414635600403 0.99985585788193
0.124510656304768 0.610315634961113 0.537011773420733 0.534316179784773 0.953124627286002 0.730751484345088 0.300834375663014 0.950847253347954 0.772520342124563 0.252472780562185 0.747084105757349 0.990848468462689 0.123751274378194 0.242086100184455 0.866708644673475 0.984444295378285 0.561138657480482 0.650527628049863 0.116599490466417 0.408662003137937
0.379345256345547 0.517590884420525 0.120965887489596 0.531772972508079 0.625099995629485 0.686821926531659 0.172313421591122 0.440952290127832 0.482849312434198 0.709887013007304 0.384253531525489 0.774771082350223 0.311884500559541 0.262389276998023 0.695657190376463 0.192442058087124 0.419795177022762 0.570993168893667 4.66061361351699e-05 0.0741586461308769
0.365703892514963 0.46843814016294 0.780936861389756 0.459937786179788 0.964421509193249 0.689700766051656 0.347857956193527 0.893282786741354 0.974730565288406 0.669453100015322 0.99139256418213 0.998336908040549 0.516502854613942 0.23590507734078 0.893686718303676 0.984752998601521 0.703568615376156 0.788815090171477 0.227432791841677 0.954752337415697
0.0895511953769031 0.544881818540201 0.139076754211261 0.624066882002133 0.591585442883187 0.157600434350756 0.145800009291687 0.618721154575783 0.437932819536566 0.298362263072936 0.411935457140614 0.973339423497333 0.131518740290647 0.0804137060490498 0.783129625776492 0.999706129766302 0.390476671841044 0.547552415943382 0.116430737811984 0.00100940413991301
0.378963227417897 0.719561866288177 0.765066422474983 0.672764740118817 0.815049315836528 0.649793534483158 0.294110297934942 0.852425956039201 0.770377157519635 0.612715623226763 0.780231934387866 0.997613270804821 0.281151683776888 0.235318005875382 0.709707380948543 0.35761557985001 0.516085888527047 0.683905238947303 0.645694721643796 0.999999
0.33603492868991 0.674316043117504 0.889815081241392 0.642891557715645 0.786918572175847 0.871250518394813 0.138728693583306 0.787669003938919 0.950061995310143 0.829469136525401 0.890321452408412 0.997368552339116 0.278525067890303 0.286484931578233 0.832466727598567 0.999938759491343 0.549989024133073 0.794832026305417 0.365288614904996 0.999808275484296
0.838581860702398 0.73537193666182 0.883083886793957 0.582703092605439 0.999080132422155 0.67519465461268 0.760063898510763 0.983321305541495 0.962796028226082 0.984069638553788 0.996739239283747 0.999980908705446 0.798485235652149 0.571680789397626 0.965851532616951 0.999973062472345 0.885026453953603 0.810470346012195 0.994302884296472 0.884346754379154
0.509590782155404 0.666959817473168 0.66234935159965 0.651543116515181 0.97745347603324 0.749096619966642 0.389382935291567 0.660158169803585 0.985392279889387 0.871468922056499 0.953174389456326 0.999775003296265 0.478310920999334 0.305732846801689 0.546357712698683 0.994048482126564 0.420403784790466 0.760728137835593 0.519516031337246 0.356581239361074
0.0126798301912908 0.472891210463426 0.120627549218493 0.582915912091583 0.0103069326628884 0.616094061160546 0.0163258360411017 0.0375185992883045 0.0117280423954062 0.0694528263704927 0.0446360775133081 0.226757844019553 0.019167302593168 0.0447720060757465 0.17212245611922 0.0826986974012023 0.23979520112783 0.514272704883883 0.000302834917717923 0.000611249193124031
0.11392911737929 0.494278841068277 0.286559140321077 0.865195993242642 0.404662760294299 0.342528325165875 0.0213449927186829 0.764313025717706 0.106185141239024 0.723989697442524 0.342337240583108 0.630910526098549 0.181235611603983 0.0799646644752463 0.248110417339793 0.127866284010559 0.419979885184224 0.255049135822356 0.876468121967007 0.605367194067503
0.237200233927939 0.507806024837581 0.63147762307412 0.621116794029806 0.677989902973587 0.216499225606208 0.152358099628005 0.318825852185171 0.764918254577261 0.327017862880939 0.60982047656267 0.999884800856502 0.252133501239813 0.191086051331922 0.908275739717006 0.976248922095266 0.508079604499596 0.789383174166687 0.766426152996749 0.0307192681424079
0.181959545938567 0.721771484867563 0.439974739692386 0.681714394488299 0.811129813437718 0.492568316619876 0.279030297718779 0.845985464859545 0.570988311725407 0.458227692521387 0.371705994753927 0.872040743322368 0.197160793905684 0.136134226074171 0.873547481644632 0.988970026983885 0.409407374991047 0.647220258770614 0.267846743335605 0.998931785766078
0.0496423277057114 0.560217698795664 0.114363683811663 0.396947467367441 0.14288802905143 0.128811613957306 0.068256850896576 0.0778898783168288 0.779710647629539 0.351515051142207 0.0524186035934837 0.670312426593391 0.0732349205846498 0.0632713496218851 0.561665559526291 0.154250900615091 0.582096424804811 0.507290710295709 0.00101626319638721 0.0179085734693811
0.052836711996425 0.480401324562373 0.0392275929321829 0.259196964902505 0.00275675767235531 0.61028580502051 0.0120422163782855 0.253077183386181 0.104270193121868 0.0421815703335066 0.0235674302606835 0.00761508237654477 0.0274331318096613 0.0470083157410817 0.142113112524753 0.944536615151867 0.684362925006035 0.438130059724091 0.00324638085785698 0.026240068972047
0.60494110307859 0.73831722660762 0.986969432815519 0.77150509473036 0.964530208779549 0.735770014255356 0.616508590139364 0.958553183504889 0.787972282606855 0.988906724451858 0.906767694816497 0.99933060850013 0.828857456834901 0.499185438968602 0.969288121863272 0.999975689734391 0.745839969671593 0.842179549535563 0.982336596138076 0.935553750268677
0.28354622134565 0.801709100497063 0.978250385330149 0.631050621526031 0.848432532275822 0.657831705553519 0.146681890578242 0.995653322257658 0.492023605051675 0.893482524824492 0.968415431681223 0.997761650864079 0.450447810037802 0.257164523872851 0.857669837813772 0.99675576728968 0.547098677386916 0.669582130553756 0.999806392041699 0.999949385124142
0.243323113860747 0.512578947716612 0.745808745322319 0.38153929172067 0.379229504649787 0.290230888532036 0.58629991934505 0.603018657644589 0.535843038404509 0.324049616005287 0.0420498994109137 0.941550393163288 0.130186677880793 0.107257371484637 0.582052120846096 0.915996559846642 0.431876987092154 0.423132571541919 0.80987557517902 0.99985792147516
0.58771374226681 0.742182187940972 0.77132042436654 0.478498180114497 0.970144485368393 0.419417162029998 0.20177281101836 0.936139125553823 0.672660042083049 0.819749378079495 0.60475557065269 0.994320903454698 0.420296780177787 0.259567285144679 0.979446128429496 0.999492191760239 0.486388922231406 0.587324881553348 0.991917310470155 0.886489311346385
0.139908084693468 0.487364299692526 0.605193035039829 0.671949085148657 0.154085051327311 0.094298352046767 0.184618963578506 0.773831224525163 0.8172641414943 0.395467201097756 0.0994821061595845 0.997132135409747 0.104479140256586 0.10598810146918 0.44656539764061 0.998837683799896 0.370291544626157 0.353216324632212 0.00523537892055945 0.999978915497438
0.0216783294234366 0.495652874803495 0.107869350708966 0.569689384622954 0.0603994678374504 0.215927987905191 0.0334097434326637 0.0176111778550645 0.530020190376293 0.114094099252122 0.110590428815149 0.893794626066225 0.0615643000227163 0.0501144608631421 0.100046211121927 0.820053969716973 0.215699254285586 0.265615320790004 0.000602639443711994 1e-06
0.0408300820553584 0.501688626593112 0.604102731620209 0.272680628477843 0.0203016711944673 0.77505855010521 0.00710509809449936 0.177433697417709 0.83892731888892 0.0589677906985745 0.041193719381607 0.0987410463022243 0.0584903852505373 0.0425922761032452 0.436937696992416 0.459448362120379 0.27903829554549 0.302161981047656 0.00197356475208027 0.986213294657146
0.0593865822641807 0.517672567125444 0.516038568255989 0.600359484997674 0.635670961758626 0.709560981622343 0.0357391083501884 0.925018867178793 0.72317762906892 0.156171835512523 0.0209698822105622 0.966201350888581 0.170320554666785 0.111610023477925 0.706782926087735 0.918669486298512 0.641927859388244 0.589366101941019 0.0415379075388735 5.8154574956431e-05
0.510420726165003 0.799908499781604 0.943301550546494 0.812201841994857 0.991205899929331 0.71647661543837 0.419562261214066 0.98577902399819 0.372838895371048 0.812467047308248 0.967231236676126 0.999496812322551 0.683696293773038 0.294724094494092 0.887166891881628 0.662245820562552 0.661080494514923 0.93216898210602 0.787694595931941 0.739056752396541
0.523058284903798 0.793388045030762 0.869698566844592 0.430051547582478 0.872421157805227 0.80707792600651 0.0858473842512977 0.948222430000361 0.943201723432364 0.618885313871629 0.580784261117944 0.993116257606709 0.538891922605442 0.25184041999132 0.986384985582119 0.999720705636975 0.681637646579066 0.67934351514765 0.00103888367337175 0.973432918376865
0.05142067524054 0.566174316601513 0.221787268304758 0.442181501658529 0.0765081036828528 0.655817572575846 0.0763072409019104 0.256780982016357 0.0344100850488216 0.115676025261186 0.0274032487266484 0.0462895694058326 0.0801490354376012 0.0649725154377215 0.108894016982069 0.231745606268203 0.290659812274971 0.30902413076698 0.00754450491894999 1.08355553687857e-05
0.232421960957303 0.717635370009351 0.818688258728814 0.642090303195379 0.779860462528855 0.710726125506688 0.160178052755065 0.699521597761989 0.205739206617816 0.445750537644 0.469918702774589 0.605838913121999 0.531666759805944 0.373674751144774 0.941500387387162 0.95982269873834 0.733488448202253 0.575148946310142 0.970683614800895 1.15664650021841e-05
0.315722610553628 0.514221777622964 0.409762979832289 0.7096873346465 0.704406692866258 0.873209852075332 0.46374136448302 0.729415177984584 0.953273662934191 0.374718567801844 0.647713014968877 0.770678664322606 0.195315319892873 0.178508062628587 0.951391375463894 0.930015466132361 0.339154321476433 0.77925534577025 0.000751112761701516 0.980020873568709
0.308724625829744 0.686112210364199 0.79843852387998 0.706368592158077 0.903306651067147 0.275442096704979 0.457811766454513 0.982544974937559 0.610786441549439 0.797136986249008 0.475269538362321 0.685514982462659 0.303658478850163 0.269417850644086 0.628080608978125 0.998230216903804 0.610777670239383 0.506626374751003 0.561235893068597 0.00898825968743812
0.318280216254703 0.538970877038003 0.241625667385593 0.745442689726057 0.451199493803775 0.187289591434749 0.0418811247708858 0.169255104177543 0.808057616576467 0.0508423610542878 0.747704449272252 0.729590848125146 0.0646497114847867 0.203760857443498 0.68897282900063 0.998999106884157 0.187587972106235 0.649312559398935 0.919659145020286 0.762078772349637
0.108306218993571 0.404388747425427 0.643168907208811 0.332896927833459 0.0395375598799735 0.254076067058572 0.0465064498033452 0.343711766267055 0.803645332005167 0.0268097893128854 0.0623104488733227 0.684995286106692 0.0544715713766283 0.0612776466856044 0.323220938454945 0.663797574425985 0.694067918511413 0.263681973082232 0.0391609619036399 0.0247102480052814
0.568811140332563 0.67852792577764 0.915670725134981 0.619488024267272 0.965852738070684 0.477863048463568 0.186338547753415 0.979067813190322 0.983105026097234 0.742992809154068 0.801098856035377 0.984467619766174 0.703030984415324 0.158903370892302 0.861102086747826 0.664323165979254 0.465940343532072 0.70771793205605 0.998972463370725 0.139259045830601
0.013560218565932 0.418796702060275 0.13144094012931 0.403766281685967 0.0319898762482154 0.208174058828748 0.00846422606163337 0.0081728458509002 0.0228587169622564 0.0110378577396676 0.00656200609583091 0.545013591679368 0.0110526297136574 0.0280530599053611 0.150795356559082 0.873110982961625 0.232550510428676 0.140661587724865 6.56305694401055e-05 1e-06
0.413834798253528 0.66564765428766 0.968913130037202 0.751644136981033 0.337022249315307 0.766799734063773 0.142424518967546 0.784662664303707 0.979441358704726 0.671597357107364 0.815328607786486 0.989442911369218 0.569011001239886 0.296860567042746 0.57017682515517 0.999849204120864 0.838934927466587 0.48793533340908 0.0185909842159579 0.995093302710933
0.250786330010565 0.650541160983435 0.272813718222112 0.726955045393732 0.485564748699199 0.114771004760083 0.101620988437421 0.354156387571203 0.594333718963155 0.668050145913789 0.388282304731923 0.980914571107758 0.401624119785522 0.122664972431914 0.626157243352998 0.937981269989568 0.745060938782522 0.515611121406478 0.000123625474907456 0.988297686083373
0.0819647279875937 0.546245420909035 0.251709141967384 0.413714385596839 0.128598399028934 0.26627601123174 0.00966716321605184 0.187141113907119 0.754162694566074 0.0081055286065321 0.0161412858380587 0.0725231658641591 0.0271084195435454 0.0317886218250776 0.176054002812264 0.992934554519852 0.311744446303277 0.279323248717629 0.296124142997736 0.512604661738159
0.349453008692645 0.681235385880144 0.406702474491856 0.729347325693851 0.947219335672318 0.341483858254493 0.12035032300125 0.982307236027682 0.963206757502455 0.538473907174392 0.335195980496175 0.997447655342244 0.396059249509813 0.332267515700198 0.962578650223051 0.774214593258793 0.853257840834049 0.835152696572662 0.038004697301144 0.00291032489666787
0.255547651334839 0.7578023707228 0.671776397463224 0.646802107615124 0.790728713681271 0.506201350924317 0.21077095929766 0.976261871254317 0.987865383307237 0.6163444897569 0.31348439192618 0.981316795303147 0.388329530455184 0.278376908974361 0.957255651703287 0.999029623777443 0.648779194798011 0.591962361956405 0.694395446743631 0.724755551071252
0.0190082877536747 0.599887414390314 0.177471245896745 0.460382241648198 0.1589100241264 0.193504498677643 0.0229713178825176 0.108768677441829 0.0123867842967032 0.0725033865410687 0.124744607265251 0.166190820185041 0.019110673706162 0.0358771208944731 0.397123621911979 0.883489292484785 0.717541401699579 0.556453097573665 0.752523764066718 1.62654854087515e-05
0.1144019292821 0.697442581302859 0.651637395747138 0.636819310658181 0.808547097172503 0.295443669027243 0.0293334594606144 0.840436965555343 0.858493943856021 0.657615520876622 0.690199855969948 0.88803937302594 0.406050663855083 0.13423267628911 0.567468022888707 0.575988183096451 0.640856011560345 0.692305589347005 0.0026569148086677 0.900682960014572
0.297848111952784 0.694224700233132 0.609516418861033 0.859290854962 0.765458760619006 0.374005851872802 0.119469147651266 0.184944223027146 0.671305655302855 0.654944941838953 0.156193637354185 0.985481248756815 0.126910287939667 0.0927947059475672 0.505757848387742 0.723481117388148 0.515276458030549 0.806580098976779 0.982152331475452 0.00977989934325013
0.26315623078027 0.706965959334402 0.863118115993599 0.71115796729819 0.98734960175044 0.779553322352898 0.379631020405674 0.714461535338347 0.872906724882504 0.917120044216577 0.887468424813864 0.993211499864507 0.454679089446297 0.186472841343861 0.901196970527068 0.988268923581071 0.186956473890571 0.638736195260187 0.141226137566293 0.0662843704195985
0.634828081204246 0.616077951717028 0.3899848597927 0.640745562244382 0.591746956793498 0.805709587390294 0.606331242132851 0.929501751909451 0.0594890314845032 0.835575815020482 0.86289090665085 0.913856769638518 0.333144808422133 0.21801132503109 0.677018787314506 0.912373860157726 0.74555555767358 0.757543718427968 0.413630286891266 0.657388835802542
0.330759470467652 0.786210866098236 0.864420831499056 0.814913398627591 0.961937404992285 0.275114621422634 0.322676460619311 0.798811026196048 0.233055205359495 0.642749007997003 0.858072713829607 0.97218165734441 0.432902995701468 0.211501709947717 0.860206709162729 0.996917453103036 0.248479464021941 0.784160319576821 0.0295066787507495 0.99760142815742
0.245542330237264 0.51974186429568 0.799613571834832 0.68017371828053 0.876242483798057 0.722287367254071 0.133034487837821 0.209914189312712 0.0340910580673787 0.250702498803629 0.529216782090503 0.972930787051316 0.254289029637888 0.102944363266088 0.655823043381924 0.699754106026273 0.319015625863604 0.586647507299791 0.0110206366489421 1.32259051739024e-06
0.375782035100864 0.676228084401439 0.777998112766553 0.620653390372201 0.848287894070034 0.782653849501728 0.162075237820192 0.650438019333043 0.528052168047134 0.828872487132724 0.557385787782871 0.970325425509603 0.503675403673536 0.174654151270461 0.657485043106482 0.994375390156088 0.453568899588442 0.541585787681014 0.363848477830458 0.823763450667295
0.18959184263191 0.566206871805184 0.729982768202704 0.668452300183603 0.143844564774155 0.450074129251834 0.169784478821142 0.523988754349887 0.0660699916118126 0.758995301255968 0.369333569493921 0.945282381370519 0.20323204433206 0.110349945683989 0.672783933414926 0.999751670251224 0.439206974231517 0.828367410325715 0.995522685810716 0.996287073814561
0.0861529774367994 0.511275546571181 0.415565475054029 0.513567393633695 0.117317129072476 0.199312033403703 0.139542911786996 0.0878446022680976 0.796868153690168 0.188992240823998 0.15351334407581 0.691579139762473 0.109371732529641 0.101070004058448 0.8414770973316 0.0645892788455088 0.317411675917696 0.322289571204207 0.0482179084002355 0.999999
0.320390474239173 0.600592226668073 0.858556001435437 0.67190525269899 0.656237630111411 0.605780540880455 0.140264505280112 0.781170182350912 0.57558051447963 0.846987144039298 0.83996690026844 0.997242535685637 0.176490860147442 0.0922562852910288 0.83210424018227 0.999648691367424 0.332616392363761 0.558768439883141 0.242887396333614 0.825331061845641
0.155141305380705 0.463115949053789 0.370044340723389 0.660524823933783 0.468468064866393 0.464382050155039 0.146260874004376 0.795441948486844 0.0827433955208991 0.281227297509352 0.462480855491234 0.977502284892161 0.137880229904813 0.158406789126514 0.835245547973815 0.476095129255825 0.195332237374733 0.361845607146646 0.159143231053856 0.213606765091674
0.139613790843647 0.557374716459096 0.551529165623206 0.692604397204159 0.863864995502417 0.241613134461093 0.0918555273034061 0.724689032425865 0.792165686470837 0.709319067761361 0.28227207290606 0.997831139674594 0.259727772717033 0.165899049939873 0.451128210388976 0.988108770926123 0.242278842422397 0.571316374636939 0.388046440434114 0.999705619833055
0.141756281952404 0.698360174330912 0.513968170562088 0.687775349514965 0.576960840455948 0.785031468631202 0.343031852545939 0.859331941341955 0.941874973332666 0.499856145077617 0.897412514357112 0.830045682149207 0.401257870422425 0.189835527413274 0.81787631576689 0.818262721305541 0.617976431351354 0.786623419802954 0.921443720841988 0.99752502049803
0.122297204711607 0.685222583020088 0.734556040258721 0.835855718298211 0.855893675234056 0.422406232232397 0.29320718061998 0.199196317960098 0.814951421070014 0.724401349589057 0.722164751528194 0.949856294221294 0.121586613261846 0.141220596705723 0.773959272146748 0.782182935370975 0.488467644626856 0.359648021846412 0.0823729091782146 0.000241655104134052
0.110922929228195 0.467594083225582 0.257922270484543 0.68946950944579 0.184187281079538 0.667311661192273 0.043538584629734 0.613439510276272 0.889140517518153 0.274536924996157 0.108181761613503 0.546903032674985 0.0896665689275412 0.071133754798898 0.809726931568061 0.920092361227237 0.482757223683864 0.348756824950606 0.577740796482419 0.924413948016498
0.322289142191647 0.672376771078987 0.233772492214342 0.498752858537098 0.377964908754256 0.580115382497943 0.0945722853385047 0.282616939311102 0.141866560241714 0.526557696288183 0.698930466069185 0.824096648320253 0.219452624268677 0.0561367504456518 0.698699086892243 0.729912244521519 0.472341768760668 0.748275271680192 0.141289637759417 0.105560653812884
0.286794956786139 0.749519585974989 0.525678830899781 0.877208851510835 0.922394887171241 0.153773084467929 0.412615750532292 0.469561326824895 0.944156835179775 0.7674263068064 0.799765862543314 0.998269129246417 0.522366297108027 0.156161342239989 0.847702096101347 0.99963486212688 0.3808638718424 0.727117392728147 0.127678862489496 0.124022141844892
0.506723113083017 0.59740119324283 0.639410303731816 0.716879087301236 0.935225329664907 0.234176957242348 0.625775037430832 0.887042263385334 0.991103700000617 0.670898699581208 0.922530163417423 0.996856020556939 0.289464912558908 0.221536415365092 0.975621082118833 0.982799409680968 0.867982870857727 0.50082035476047 0.00111728681435468 0.835300020495237
0.346439721786018 0.686892393288976 0.612567277675535 0.774356030299285 0.303638596181774 0.317876127793032 0.0619178697285452 0.970304126453959 0.515529190975574 0.716103435311887 0.544389859385679 0.999391792028676 0.591923930063645 0.14499580885261 0.787937884562801 0.887470181738586 0.603406502635193 0.501799941187197 0.0113410719219843 0.000223360296375065
0.573559612426412 0.709676081886077 0.513445829630657 0.853915296985959 0.918941190424013 0.728442195870361 0.389582418240835 0.872681412993286 0.815933701494963 0.805120154493085 0.933732314025005 0.996519397608893 0.740652166485917 0.438178358560899 0.654240954180162 0.999594453361898 0.345615447857099 0.75847047230641 0.995972142692498 0.977758790128079
0.064254017591942 0.55224646772799 0.718615235619992 0.820371012483709 0.950313250694493 0.379196877433665 0.663703663254421 0.762767535117592 0.0642602673069825 0.455520585174253 0.756485548347394 0.936057143318038 0.158483601506397 0.0701559473482793 0.752744436052774 0.0698422238493175 0.484481631122762 0.261170699251528 0.0142166817619616 0.0271380679641117
0.017835366970932 0.473852145339851 0.27572087341122 0.473110210945711 0.0228174015509529 0.665753443865233 0.0446808287037056 0.0435891929692471 0.489556891392628 0.0473601134755027 0.0651598749210191 0.0179780851990231 0.0448948963664628 0.0413996304097159 0.5234491091508 0.178396576493522 0.213292785552806 0.198785991477768 0.00455653038793549 0.00198012284455329
0.337774197672719 0.666158284450365 0.509844527390163 0.814802206392099 0.838956654871252 0.560810516205773 0.587613967928999 0.0717611146057566 0.584671924439895 0.843036168409352 0.820684857438321 0.995680458833116 0.222959322577558 0.169777531992024 0.751141235874716 0.994503747144242 0.401468798707605 0.682126379899374 0.0254490427224852 0.00011456487236575
0.0358122322898698 0.517693013938917 0.188724840174486 0.427921247188752 0.284137307269874 0.018224442011285 0.00897077207279513 0.113369304858308 0.0308106209655823 0.0261706995309305 0.0123226855583672 0.103830329880263 0.018611896343636 0.0338224624772922 0.0331931750611289 0.136719384465389 0.515140890719724 0.10325506566608 1e-06 0.0125819897281293
0.214681864756684 0.550987277165451 0.834417425999526 0.697319950457235 0.825638199361756 0.15719940056474 0.1999439930495 0.397394902529691 0.00508985885201368 0.317124661606722 0.822401128556896 0.994688956946349 0.181204322984275 0.0729353850577345 0.471313595534774 0.83355723694789 0.781496045689543 0.428014634163459 0.935430895187447 0.0171031807977354
0.677259296428177 0.768292842486111 0.948496234101862 0.797704127393534 0.976946235627901 0.724534446616983 0.698345442645959 0.979207304252985 0.731088278542123 0.988202353567647 0.998505736039008 0.9972041763914 0.842256351064722 0.746732946224118 0.781208460313927 0.996376830798414 0.703938096767315 0.42685251992944 0.0715808023894694 0.999999
0.0366248137157817 0.438332949923266 0.0609821843670635 0.594369802912933 0.0368222151958881 0.412468938182916 0.0112247432631159 0.00537355575871557 0.101469197582094 0.0384685730207496 0.00261675414003693 0.936486405883797 0.0763779302901747 0.0737534493320905 0.205576254474691 0.00265610347388084 0.248704314017901 0.311077303025507 0.0051942046618561 0.0018596429268552
0.116268547170297 0.400913678717902 0.0884275166297511 0.48621799498102 0.0947804840269799 0.122719594726028 0.0245486575457833 0.235762928606994 0.142978341790706 0.141226009908951 0.0295245672549163 0.855992145296902 0.109448478748503 0.0243328203438712 0.133593642131733 0.214147581645785 0.410938273465424 0.485245557994642 0.000509689322172963 0.999849451100192
0.243572319668165 0.559590066411454 0.818427989801585 0.538581222629007 0.951564848300498 0.133075658106445 0.331456284854393 0.504545025663822 0.87888848130468 0.731202679515591 0.312554405141065 0.945141415545518 0.236378972127479 0.176402744659295 0.652769173132404 0.292717759273987 0.679589198507986 0.508567349095426 0.000712864006006199 0.997069124747642
0.25874997171689 0.614045685889017 0.90886601594648 0.505325668495616 0.98890381749669 0.328925061326057 0.0065783989607424 0.560850984943917 0.489867649200344 0.85694696967183 0.743048353164672 0.997095416104328 0.427480972002209 0.145528179722805 0.794473652209678 0.998978633282657 0.563392394496804 0.536459809007168 0.0283846740581462 0.217896348873839
0.131324260405204 0.5284257393043 0.29351768370469 0.628314363659142 0.0783556802781622 0.22844733243193 0.139288284827819 0.700028517956438 0.338776851485602 0.364774471067028 0.234425384032726 0.959824662449514 0.0765816588963551 0.0831369493800232 0.533683042415377 0.899321423210163 0.311148181412935 0.532158169133863 0.039218550687154 0.0792668202361148
0.279725293584347 0.72654831929873 0.711850985953752 0.852441993723667 0.827547853561344 0.799415319548507 0.163930216732241 0.251887455656327 0.548042954128458 0.700656971901796 0.728214615685561 0.779767333371013 0.411565819253323 0.101523469158115 0.839721074742059 0.98658525130544 0.468901625975065 0.633347184908469 0.341299302534742 0.282067042129858
0.252961545770129 0.555917117424903 0.612413108633599 0.581278867332393 0.471686329845764 0.186824841495158 0.20507561826932 0.876277958702532 0.31817658871271 0.400932046015727 0.181225839154331 0.725989479277047 0.356070102826466 0.105761845850696 0.808490215239602 0.658359902739226 0.486033215887049 0.824757816784111 0.000334532152791744 0.742684735306101
0.0562286495824309 0.466721152312908 0.297040450240684 0.51110277173402 0.171175536757354 0.483307047088475 0.145906974357457 0.494362572334278 0.0165574931174699 0.019354866287372 0.242320541404516 0.897108348176622 0.0535024181045322 0.0660991126700701 0.285538472682391 0.294755128833671 0.316043705315992 0.301162169522365 0.193212661753164 0.00695173883978113
0.0866439599632462 0.641330926481227 0.724466299187406 0.471260687782821 0.573634347590446 0.20338706192461 0.0991935314443829 0.376330884811922 0.292684898887989 0.244638814074329 0.499222143616169 0.802436124007773 0.162099681368492 0.0854783305455822 0.745256176907114 0.837225606944262 0.282808523044397 0.580608980957513 0.146296010838074 0.530243138558034
0.140368473911279 0.564466071742391 0.497034796153425 0.531598616861458 0.408011405700967 0.234058091576476 0.101103316928793 0.369689701438454 0.910096616013852 0.468085121428589 0.475287238788374 0.81481626699947 0.27269528157026 0.133088594017554 0.616856515073659 0.890820801751869 0.587761457183239 0.852466193988948 0.00133027289711872 0.0520549473207787
0.207996913749237 0.611961853414487 0.541968852914281 0.538702639120533 0.347913742110525 0.375900082671252 0.0636529815733509 0.406291372523963 0.89104651589961 0.250431320157027 0.153577401557142 0.331848064791735 0.151484858909883 0.0945773522029225 0.523890640691418 0.799823834485467 0.424332754398814 0.378147300378747 0.00944188738472617 0.158528175493293
0.0524290875732028 0.576882675008193 0.146602755655741 0.286080401184014 0.229573772914533 0.474843235030756 0.0366621928303529 0.0625410109215896 0.00427777911840356 0.156823296334805 0.0329366344224577 0.0875630859618526 0.042197031457272 0.0491706368079581 0.299520648323476 0.666344796402379 0.878087218195996 0.245113676049019 0.000189706252485382 0.986429021062138
0.164621381584283 0.63641255854301 0.587331421104999 0.596679026178502 0.878053829017779 0.422636971026298 0.0213475122167181 0.419309578233062 0.869728058028168 0.317963780481786 0.614791444330117 0.936415625665303 0.308561946268882 0.0835621175174844 0.741279678871503 0.998662837398322 0.322816441485531 0.56063296478874 0.00430907674068878 0.000217738529052619
0.241250560606944 0.548931212795071 0.384731620100693 0.859333659845367 0.984837128796003 0.34317867553446 0.116915372475479 0.943337750069314 0.0184804961731526 0.903571142157268 0.466171962354534 0.994133712667039 0.231842543840303 0.110520966619927 0.755098074725196 0.961854913964936 0.59539964648404 0.640686139469765 0.980009453169152 0.000751567440720324
0.440421971403968 0.768281049867547 0.651824911691189 0.441576669812565 0.821101919721932 0.51911108215448 0.372831859866101 0.778794448362292 0.986593435130405 0.820449060761855 0.316363834520349 0.999123015737845 0.492322908196749 0.204173540235896 0.860911750949174 0.986634719960419 0.678410477444519 0.636833164828933 0.760906697845227 0.99981567814717
0.294952526604589 0.629488249502949 0.575793934650319 0.336321251944292 0.950739082715212 0.285739346561682 0.193780412273676 0.81124034557324 0.928942054881247 0.909682951285669 0.953165311550287 0.98250334604001 0.291549463277601 0.278012154724344 0.778514166790222 0.957068713467969 0.399686213200787 0.841777183182697 0.999801441953292 0.0122644550320194
0.193644352170258 0.550905583356859 0.765098536475849 0.773040063987676 0.729797941817126 0.310582282314412 0.650388848924117 0.786353831799213 0.0263514172314331 0.660631020504791 0.274967004190983 0.79861209001261 0.191247462510059 0.145103222052527 0.725414813943534 0.98550446928105 0.610323355975482 0.508430171227588 0.980612008360335 0.338101164214968
0.449841379933829 0.784996683892246 0.677607344796003 0.879664298810928 0.557727264933978 0.16904864863727 0.157462117469633 0.969783244355893 0.984403737485076 0.888573826880908 0.844541374449427 0.889720919098736 0.563514463530813 0.422697983133735 0.874721099183726 0.999196301335337 0.779824947238081 0.903295378321397 0.917163705036505 0.0367142457625953
0.15686435495527 0.58287161630908 0.283997399647613 0.355084687332726 0.768142177051961 0.428885741550306 0.0728668679476325 0.379326339807944 0.514243490257871 0.184786059688711 0.739356338619513 0.973732173518898 0.0718826409076273 0.100138925835832 0.447067484133536 0.781636412159762 0.709629194892607 0.748040682671446 0.842320814509868 0.00170802166513907
0.167765582469482 0.376517301673013 0.0429585967666425 0.875780688477743 0.0189152446826306 0.179245985763817 0.223950058919039 0.457291189114975 0.852822367221554 0.475281447034883 0.217652918236276 0.999181926317651 0.313353496453733 0.092135107761447 0.663539597061093 0.917295961268313 0.523372533424875 0.244986177775932 0.814087288996794 0.999999
0.240126080485078 0.637515923507498 0.665498195675414 0.870915363846371 0.963346079088357 0.450377288453 0.068750949437828 0.949641326443239 0.976274178401083 0.868454360985227 0.326001765327593 0.877958942126109 0.473175649130705 0.194061354324708 0.65319306717154 0.806078582365252 0.64739216525242 0.714631847917745 0.166418019311705 0.999799934224872
0.283132942515391 0.63847432309398 0.899946425497508 0.466072039132266 0.959578186131958 0.684346355349626 0.184567154918936 0.761971816141879 0.305977662594903 0.859795224451213 0.707973917496414 0.968120736373084 0.518336291401677 0.29185118401282 0.831951935783842 0.999798252156211 0.582692355025815 0.712357328599516 0.00246716767689459 0.950490215985681
0.293986798483901 0.695290363285517 0.551827323358912 0.782576052697987 0.993163218214055 0.567302309707425 0.441040023966741 0.880459191463502 0.811343676151332 0.534517988662608 0.408955397309053 0.999329509095792 0.423344095795393 0.282717652114026 0.539137891704491 0.892328782964405 0.539668468557248 0.735043859612788 0.539479976253762 0.734658166108806
0.269944537114358 0.772677357210201 0.775858428253888 0.52572949145581 0.982596485738348 0.803058026788567 0.331464990856107 0.773108904749076 0.967839527734103 0.845523133680585 0.392442478077374 0.99831995601971 0.615816744700585 0.247781284145704 0.852466563031823 0.964078536301895 0.627952417134688 0.708401164519645 0.0281126171068834 0.998631484440496
0.623626810518549 0.709920437370776 0.909025298979943 0.783986931440041 0.720858018522991 0.802194011435102 0.860873047993614 0.857566011142687 0.711858912637588 0.72150763335306 0.675207879519243 0.972497498913532 0.766192849707199 0.238373724138895 0.890604956130032 0.857123986964954 0.545529460192161 0.740187529771736 0.497762918126207 0.999999
0.214639957721492 0.623295205879327 0.282295985843588 0.626518704107571 0.0580228014060133 0.233179323623883 0.512750988221409 0.706338401981873 0.0256081262901235 0.0761036249737684 0.17982540272819 0.185317909940656 0.0480647068414377 0.0570109783500615 0.582640388251212 0.0758345073906361 0.32199115624304 0.395059399362757 0.920182813830354 0.875364161633719
0.0758945869453141 0.52630432216226 0.458547798666429 0.561932980493026 0.151627277555282 0.716414078063217 0.189713270652316 0.0751849969907923 0.057151131774949 0.149334036207229 0.513064306272586 0.937959178620753 0.110038536565238 0.0593481852323985 0.464235999322559 0.358019729273228 0.414906136986321 0.472609239579758 0.000214435077979814 1e-06
0.338669656878636 0.754474897648545 0.51399523979329 0.45300515053777 0.887770916409062 0.689138969418095 0.77925229435275 0.801660814030912 0.971126980774135 0.842310175929502 0.865070331907513 0.999261455200316 0.488585382466245 0.325351528780744 0.859941963233635 0.994879208019255 0.851835955040623 0.671991095144388 0.195390583771393 0.989997715520275
0.371765479047245 0.671201438910978 0.366787649630015 0.688021365227503 0.811562556210658 0.854554719315856 0.0543084830481026 0.730171142824472 0.897925684231712 0.26019179359534 0.327513639610065 0.991690629240851 0.433461169825738 0.150668008569262 0.967131219057936 0.995495537337204 0.64462371450713 0.641375437837735 0.00611148916200322 0.0075937477213448
0.0531864402059641 0.47551792962029 0.434451187970049 0.572122686619635 0.125412473342124 0.421619300131519 0.00762851859038693 0.544822534502758 0.413006319091821 0.0908283496398158 0.00741884237151228 0.578311110819134 0.0881886105211088 0.055394026130347 0.213607813870305 0.98875298489496 0.500793484138074 0.436131055818344 0.0837559605116864 0.000124081487585364
0.021035545239282 0.413785905339879 0.0171122563097057 0.272296363320744 0.102201090793258 0.466315739094682 0.0330041249590298 0.0425069278764588 0.143109875560168 0.0244141065089046 0.00708057057626342 0.462967126200454 0.0245002162480969 0.0434164532139427 0.109495671551543 0.927181002127447 0.33903859890209 0.148575691495113 0.0663335317959892 0.00279828095749635
0.262754350451598 0.720518277190858 0.762019283762186 0.769960594158716 0.98329303081589 0.650956024924929 0.0785627882192614 0.968612013479076 0.754822549631731 0.596460287710796 0.956156567121615 0.999456794235477 0.345121174685556 0.212811937109338 0.947597181921622 0.968125181136503 0.156487078762089 0.559517942059908 0.0634316688073462 0.976524250265856
0.297345929708856 0.741301941683184 0.955175336587733 0.507348233727892 0.365435421983093 0.689324242893815 0.575887415973972 0.928600621092427 0.785257307772337 0.797098353528624 0.476905905351527 0.986405421407896 0.519021695551277 0.394871635753733 0.908600370118053 0.999947474767889 0.683560311848645 0.56867331195273 0.0226063861283557 0.999859820756716
0.273106615081833 0.576032612081986 0.887896616363498 0.548181746334592 0.578630113851815 0.578311078678588 0.268351632835905 0.490674587777729 0.749894863665712 0.435931628560902 0.59774648361494 0.998724771217097 0.147582083725026 0.0804624208409529 0.838908136729473 0.995560559173685 0.82859378195661 0.577377326946404 0.0848907578576125 2.1525119655326e-05
0.240224124796789 0.80279516146964 0.292003016184689 0.653955233101419 0.869186874487182 0.691462543244369 0.14192683550005 0.977785181721023 0.953712958468908 0.656722875454772 0.582416292853887 0.967586045168616 0.178776473551812 0.347847183776811 0.589435458514188 0.999382048705204 0.694179224068052 0.581289463432402 0.839933650882406 0.713063576802247
0.0509516548894563 0.542070221676488 0.526280360591017 0.570255008405694 0.80812788383103 0.710723023664538 0.316331250607821 0.097063483208951 0.865986573653359 0.455920983317035 0.286085385223445 0.928670401694735 0.121359033818865 0.0412607319233303 0.609750407872834 0.880019008875227 0.661484984966527 0.245839359898288 0.0393686755673314 0.000311085475025978
0.0804810567023784 0.495742656414152 0.0986500172235429 0.771458620977639 0.247785097058678 0.386452436301942 0.101553949764963 0.437843219725203 0.92536236605457 0.872058587451533 0.593448299368636 0.926380756091757 0.210216399348649 0.144533187797036 0.76559979622551 0.983190858068123 0.708925877273166 0.546798027756137 0.00915917928979753 0.979997989828787
0.426152695070809 0.675666315616012 0.530706495477656 0.662451907119389 0.647360475280958 0.761848023895234 0.302230686360452 0.962057914176279 0.954435747616422 0.515951493828644 0.949620206745584 0.990863538279988 0.504176818558381 0.122113208906608 0.558661940690909 0.723028250468312 0.818567938247362 0.725216014097892 0.0290300473047045 0.678920290071178
0.50221088371728 0.689683446966704 0.89030279488548 0.733130731925149 0.995314411851126 0.810840661216409 0.288817573227351 0.896120391590488 0.755494927447324 0.982138757712313 0.925230262660015 0.966319127276778 0.582756597175357 0.429450540455636 0.841327156128368 0.998061462264199 0.548415778085558 0.769198644950694 0.982194076690694 0.011291550743355
0.470679213965416 0.564509624095789 0.188520947291518 0.624964043470899 0.894599159281124 0.179890397217808 0.121513717902597 0.728113781062888 0.115200075819652 0.166651514482997 0.371213715047831 0.93033718397056 0.217059105446497 0.0956957037558445 0.585413818812168 0.21877377592911 0.286371104753118 0.67986826470029 0.060157397392666 0.0275610052170528
0.380339983856299 0.686198702460731 0.785363537545861 0.466677273394138 0.95570519020364 0.22035547396514 0.62644328622851 0.899109599084995 0.994641617740216 0.61857953872751 0.745096777163988 0.996506165120676 0.455928907861948 0.236081305213255 0.941793648334672 0.990230653375646 0.358154206542254 0.790352344720686 0.0126810820675816 0.976652711739044
0.00692937502567601 0.315812856885903 0.15950710070007 0.570389517099053 0.0104781860774023 0.119519408172402 0.0420357284954073 0.00150441332391214 0.0215393447303556 0.0056826677442072 0.0182900673523396 0.12614935195701 0.0331097405306069 0.00850958605605277 0.169058845248323 0.877277165223498 0.316531177052293 0.270833671796174 0.00212030950781885 0.000218596474381904
0.0153839199466703 0.420532470130065 0.0766759808177431 0.445716826809355 0.0265900655596313 0.602949542347768 0.024706048144747 0.00856853473324762 0.0129960965957469 0.00472403973284202 0.0114814045925958 0.485765218278005 0.0865791041879264 0.0499029008902646 0.81346808069271 0.165079272180449 0.176732584305889 0.163165746028793 0.000107554436655446 0.00364482121177508
0.125275830534137 0.435126272313302 0.608287675159707 0.620713946112699 0.0634854876477095 0.484218462563772 0.0856610320764848 0.0976625697133422 0.983649272958952 0.0815290786900608 0.120375029314982 0.861506662610955 0.0818448941889757 0.0922622288127843 0.324239980366227 0.277266245851848 0.164608139543521 0.412457030227726 0.00398161182688728 0.000413080248907916
0.162568729672946 0.560852999695391 0.25687040746186 0.687278219703162 0.386293738373074 0.470906476761424 0.117777695651167 0.619479212837708 0.227420247386795 0.290052227958049 0.179853774592638 0.146544463908974 0.0666339611234887 0.136989412558532 0.864198945553045 0.980492189654218 0.520865825446132 0.320287211105051 0.827387647801447 0.00016821832876066
0.26624989089235 0.67405910707986 0.499932511701363 0.461261854049107 0.223335934203397 0.473538449736922 0.215959976113612 0.824392698505855 0.756991808493622 0.296176346902575 0.32575020251316 0.934790208523062 0.418415548075368 0.164689213668575 0.736725247973125 0.949002625758506 0.520938870886814 0.314896912399445 0.304343879640236 0.999997976779663
0.200312672182517 0.602197827925228 0.867179570505035 0.618146530505684 0.795045975659568 0.867187246594501 0.0910373897322169 0.458915424544113 0.936416271408045 0.453063219720617 0.507011603510643 0.882563707225746 0.199824186974772 0.174291038544094 0.658477708388505 0.819974030660136 0.549790695021468 0.797548340292039 0.142233999869269 0.978718980935799
0.0320642507404881 0.502958843565502 0.62888551289415 0.506287252366603 0.102728390387337 0.448102698172108 0.230126415734661 0.196921145426322 0.451480865882485 0.125141162863129 0.311006927967687 0.974376860712049 0.123769303925623 0.0559968793689501 0.469331728494115 0.453479706294184 0.471721536729627 0.605171614640641 0.758633750286861 0.985318147319664
0.272993464655164 0.559962634042665 0.668940521039339 0.60035934364109 0.743706454953149 0.381485559726492 0.121267712515741 0.581048680194001 0.156862985887055 0.784260006025238 0.895202416279514 0.997883086600038 0.347734512348546 0.261852346098491 0.794223813558625 0.995448794010038 0.521692052524951 0.399634344872476 0.540839584367412 0.999585913167135
0.240606630457439 0.628784356984517 0.415925733459568 0.629228605346082 0.820320108083593 0.243071323391043 0.300704754526857 0.851165665382901 0.994838246693646 0.497486726445099 0.818381223059955 0.929937427130255 0.243237610083273 0.235579306732383 0.823552165484706 0.342792790340843 0.433585627525608 0.621832517369871 0.271458117316461 4.41372914774446e-05
0.206686924391309 0.656956773412774 0.231261525014245 0.369885179318991 0.359274804004543 0.843678373058875 0.0521853281100124 0.873613723773996 0.974409359200648 0.812715478069596 0.370411941006575 0.411506880704285 0.184360326896939 0.0815722096413968 0.612199608349532 0.868614516685629 0.634550082437801 0.664181149098049 0.789621985513212 0.999893740671046
0.110743313281754 0.684517199152064 0.912581118690071 0.444893192254412 0.528271408978281 0.151729598464558 0.124460925019309 0.666350721911918 0.549831677213205 0.0761249213190945 0.21772656145231 0.250228681836405 0.189975150211949 0.108282964440978 0.271940205954376 0.0343355689488981 0.465713579451625 0.630518576530374 0.0137637521732621 0.99715832177575
0.291553584187153 0.743953529681125 0.873909990452537 0.667519761987173 0.782908665836067 0.620402809616429 0.44365688947415 0.896416207389299 0.640782735835225 0.743922354834842 0.817279280445953 0.98127731937617 0.583144131925977 0.158131034938004 0.677206044162896 0.978872813814285 0.600649150421671 0.749120104356273 0.584185350090413 0.00263483000995813
0.634655925246759 0.751089022471289 0.899553964664413 0.550662406929956 0.967370357777058 0.530501156581445 0.688513067605631 0.995806761478174 0.652204246101168 0.957515547826743 0.994068738824083 0.997814414418169 0.811602870839404 0.480871276751159 0.882677610161394 0.999298469872265 0.599501547471892 0.532672301802851 0.954389677568697 0.999999
0.108816951376051 0.472197913459132 0.140020436034011 0.741588610525128 0.375045325560344 0.338088860817758 0.0220981382512429 0.0306353815680425 0.0283019314518896 0.0313266356708158 0.0356004794957352 0.297032233731054 0.048326439982289 0.0318009573435265 0.207102062163718 0.262697630697053 0.781943199621417 0.270302285605729 0.0390971122256768 0.0642645684567753
0.338873772724276 0.713486440789739 0.542753525996361 0.78704076632767 0.822165894208893 0.340172379957964 0.242336529688945 0.311671143719281 0.188999705339139 0.838729928571328 0.18498509238806 0.999405764138999 0.328196844051633 0.123656854936051 0.783962606286054 0.0991160170416912 0.672833896211171 0.701187659219928 0.999500864262127 0.844325071580057
0.331068436517508 0.722701127553115 0.854017690320571 0.601933026435721 0.968955315755906 0.248002805404289 0.42307777419422 0.890819530714788 0.508930458975983 0.779674802372477 0.893783822530953 0.675843707351273 0.739125135547078 0.282852812476048 0.818160640040899 0.996555869341768 0.726234693664887 0.572597356802613 0.578670727187807 0.869405559386817
0.162014374904013 0.550045047403307 0.127622044068941 0.718828803068946 0.601321422255568 0.228253907519589 0.0282137569099853 0.0559837248092177 0.935507586683831 0.229017161961399 0.367163569145532 0.921266767323375 0.0332283708772841 0.0716391738794289 0.202292370578683 0.809174772605589 0.276084844851077 0.0962449183277398 0.097126067276141 0.918071642272911
0.274000576423646 0.564893466786993 0.802635452657399 0.766990697807433 0.639261645266048 0.384608605303639 0.156671079525259 0.695592691972547 0.190217819918074 0.542312957525127 0.627908074654066 0.982888654715551 0.338039404349917 0.367015800702096 0.864170230120722 0.801881439792491 0.593321282314077 0.458069054563596 0.694116480616633 0.447662016148789
0.0915799506060786 0.44286902231334 0.63891076620571 0.607424911057689 0.279280447617871 0.273446276454592 0.109485720017197 0.0124830942215374 0.0660198552709768 0.0158113246889713 0.0417640292218849 0.759328418205334 0.292566366408873 0.0491639628556505 0.532147119041318 0.140502859849407 0.657788828382508 0.383246810276602 0.928520708668217 0.000565864402579126
0.312009547376036 0.67935234161007 0.212340523583398 0.698057838970633 0.401849526713022 0.690312852715577 0.171360469908347 0.68035885738289 0.574177357357272 0.630079788345874 0.476265070998682 0.994056612687395 0.178537621301781 0.0792183965692437 0.929933816611138 0.910032095927231 0.6151204019172 0.491461163754381 0.843277533132287 0.941747292671995
0.025097065061907 0.511051817406442 0.298627942203973 0.374176213813335 0.0334948671658794 0.482349630408438 0.0431743676874802 0.226154924226991 0.147895032436494 0.0168701104311149 0.388485642478824 0.854946813095627 0.0968444878171888 0.0736910959171214 0.0570217597844703 0.0235822109134407 0.438833395643899 0.12872228468152 0.000920079923932448 0.0177950515716714
0.247218746043949 0.651381133189879 0.61698583016195 0.355206179088249 0.843855829954934 0.838267166429289 0.118610546997275 0.882183395883045 0.22447099019069 0.814784733098211 0.515432556246861 0.747343937962756 0.216266600173367 0.226882338927946 0.658373273215651 0.997260607834174 0.275966459071639 0.662313496542779 0.750484038112076 0.00678459887250009
0.780811908836708 0.773431527313319 0.953646605139729 0.653357066097611 0.996093896705724 0.482451690938329 0.70584818762125 0.98777227463868 0.56442997695918 0.955579715925433 0.989286404854307 0.999599811253234 0.813873014003517 0.641672768206255 0.974473077611788 0.999917540197631 0.428551733897448 0.843313159422314 0.0148437630777673 0.999983449822614
0.108441104300277 0.595280016158787 0.84653360619329 0.352365681434833 0.135431140076901 0.254502163848018 0.0686281626859979 0.490029439636723 0.530792631288968 0.0569491054573089 0.00466198194857705 0.794393815685506 0.0830844327907625 0.0936573895068027 0.744788603960716 0.920752694036961 0.361503921638391 0.366644714728721 0.0015676727659266 1e-06
0.278137442645241 0.817868686382933 0.966064184372791 0.875022735714854 0.568215609612867 0.644125741341478 0.0693852360359312 0.820440321975306 0.930046761058212 0.743220812724772 0.957661945261224 0.985422849201567 0.360683728705334 0.22009829325205 0.748303738557804 0.982283917188338 0.340297170790924 0.705396416975338 0.705933588430836 0.299549810428229
0.241754351624283 0.600889392393509 0.762027974207207 0.753703862030045 0.270516010158112 0.744070615362299 0.11635078353103 0.777734112859455 0.332360651052404 0.235956585327072 0.904137545767654 0.952792904277816 0.192561131906185 0.124265575959364 0.418520972316401 0.901183670325091 0.597981212485143 0.745102899079254 0.00857451046264751 0.996444760719675
0.0206094747180493 0.506690761738784 0.496808736972213 0.844844476764398 0.0775754905977091 0.360962219855163 0.0130638438544221 0.0726838981383674 0.279804465948766 0.0459672336294873 0.168965262442906 0.00871973888277395 0.0643735518304297 0.0544160758188263 0.666524259371759 0.774392233631502 0.425378027373664 0.516761094379364 0.0161934673493019 0.999690030364102
0.0370811663987571 0.446552807741099 0.399544611665038 0.492751140773162 0.0355956244891762 0.291903094893452 0.0214216631400796 0.0788338026377132 0.0963692684879721 0.0302525026790524 0.0155250876870604 0.517918215771049 0.0482649856917083 0.0678167122706329 0.322238357442971 0.165209918911065 0.374469987672712 0.482229256523369 0.0331554338493614 0.00306026870922126
0.0743688368865332 0.564370850723306 0.319471938908164 0.37439925820413 0.586609607640621 0.484024821519685 0.0911412339729287 0.0337101897668836 0.0414719702639049 0.355497949400031 0.0969706113089638 0.77249492713902 0.292145279527598 0.0618492355853702 0.357091232332428 0.989493148845294 0.548492772198363 0.504729102174242 0.146988904877912 0.987564865075397
0.218809190953489 0.631142465922109 0.558394578156151 0.600030217041354 0.826586971495578 0.336799665793083 0.266304759405519 0.184034061021595 0.0443241250736158 0.48929499656564 0.15983062744072 0.938767013442943 0.404774832353746 0.0588958490389045 0.623375987405645 0.989584398839089 0.264461194277489 0.531624910033836 0.00625202888658035 0.99555576113448
0.120666040180737 0.64544219938846 0.151057853960714 0.517228393120912 0.569443298394561 0.333070124672646 0.0596152973294463 0.930764228955725 0.694108328850055 0.36786054531673 0.750822291573586 0.984656151654627 0.167639479910575 0.144674116341933 0.54542219288508 0.979962880903206 0.300204133618569 0.673204088343877 0.000106902256722343 0.00455864162325196
0.617489717158577 0.703725668721993 0.791059812414698 0.487201263552641 0.979814910624902 0.670846490601411 0.570938187903208 0.972085183121934 0.174891344224582 0.850082175832271 0.894002632314788 0.99429823370517 0.603573145069088 0.309152962342235 0.944821395969208 0.993153252450323 0.504152327567559 0.684535515434613 0.992740974444673 0.999995463123736
0.0345755643626601 0.43416897856128 0.31517662496119 0.5837555877663 0.050932461348623 0.221644709036387 0.0219890288940611 0.00537810997127317 0.304784646765263 0.0325781196521774 0.0581011394225085 0.834096885333215 0.0309223075588472 0.0299434505693702 0.204254004418274 0.787690750741562 0.406976960328621 0.225392309041763 0.0394183692060196 0.692931475415109
0.401579354526968 0.649594081165916 0.550618097558984 0.729893609044321 0.793716122264223 0.613435088403825 0.322329869497227 0.327301486817892 0.608836690560357 0.869317944862885 0.947695518296476 0.835354218133483 0.757255785871167 0.256941521659687 0.753983471853685 0.999054052558901 0.759985574171367 0.851549294991928 0.998271009072156 0.999092471878794
0.0708256981382356 0.429312456666891 0.271098057739931 0.774275914290598 0.145551258873548 0.12353663831861 0.0200793243235115 0.242568934711174 0.743812074623108 0.0976742122274433 0.18293676813555 0.900207695233575 0.0517070653941909 0.0526143875997231 0.171478439598629 0.652008057719642 0.245904354340905 0.559604615436863 0.682569907393685 0.0223393086998842
0.0509531981552323 0.485079469428984 0.372810363006987 0.418224969404663 0.261301982568736 0.574649814478773 0.0938677854576107 0.29139723400101 0.203106864371705 0.157293176040354 0.073501761674371 0.939651258966196 0.193189986877727 0.0531117419158695 0.252811130179655 0.122983821582013 0.143515977518692 0.551377019079752 0.367070779854384 0.985118870454905
0.0358537588173009 0.479604808810528 0.799809761210174 0.539611402631618 0.224267754275177 0.108949732811469 0.0110095755628227 0.0203582587674743 0.249957344843319 0.0806297904748097 0.0354966172866613 0.740996508343697 0.0116717063749953 0.0294485517108733 0.294386156042634 0.229441678008708 0.367766120855587 0.343613210230382 0.15648573024873 0.000821522978766037
0.433594198914115 0.595631240736552 0.558447191953599 0.521881841862012 0.796504858479259 0.40224908888685 0.0587576367869284 0.0647949547232635 0.810136353239145 0.443772429865943 0.673838693013128 0.903420632602115 0.404721408481196 0.252051400260638 0.326727947873887 0.861862080748742 0.650110721243617 0.471186516699842 0.378162917539101 0.570909110479852
0.152710417058001 0.661953151158689 0.610941105869141 0.578227073400586 0.924886226052529 0.100397597718185 0.139114623501135 0.152636523145979 0.974535111841912 0.572987745911517 0.341173104409015 0.897395904011756 0.307850630892727 0.111920860944831 0.625654168056906 0.870742735365286 0.393106451972864 0.378970424097697 0.733800719265261 6.6845155056806e-06
0.0234183942119204 0.369494243835108 0.0833057791205001 0.496527353995437 0.224728863265595 0.173745823013749 0.0190235305520069 0.0693894174262166 0.0834223805569527 0.0176213168670519 0.0191619788423233 0.797336141077991 0.0323479911140162 0.0196136415759402 0.546940539032221 0.629586895292166 0.461289573655483 0.208224153858885 0.00075874961142839 0.372406670385662
0.217839973881715 0.651838982648978 0.876857576021899 0.305277303696593 0.52484296381321 0.254684665006446 0.154173584640245 0.610294251096444 0.296071058833205 0.328941085348419 0.289362627473667 0.907435355529032 0.166617266087372 0.0864031837314827 0.748446899205796 0.976374660274829 0.350216270799322 0.629523028279163 0.188671000156845 1e-06
0.0863240670220097 0.560119293795213 0.491451160857304 0.545521688757052 0.273334462004219 0.667301068168111 0.158794986486291 0.759020576679805 0.0241648966534742 0.270141283800916 0.352204622941317 0.999281835402915 0.361785198193118 0.128846138071075 0.315956789188958 0.892331593788571 0.556916506217434 0.412683271670122 0.982064657095222 0.0284504029984497
0.324697470143046 0.580515997430213 0.639702350848138 0.422100474844781 0.748294925154505 0.52111169543515 0.0650174909527299 0.927151714886404 0.892883363230035 0.659983446240151 0.441373545326522 0.995156073311952 0.351428837842944 0.179832397832505 0.566095418147699 0.997950667669191 0.491161170920078 0.445733609754803 0.0469741756947187 0.0004315610438015
0.149526916445631 0.380096227969979 0.3841191127671 0.605891955642846 0.5668786591221 0.39478988494233 0.142084105048586 0.330858491064293 0.854840331387616 0.0910271037055263 0.0600063523977312 0.458113526760398 0.0606907534158417 0.0925538557801547 0.359909214119676 0.526720445560922 0.7381196168089 0.472271947772891 0.81737487373259 1e-06
0.0154581613868025 0.425441242691441 0.215711382717635 0.769362662316811 0.229638989345803 0.412975575260162 0.0121699713143452 0.0653529315934888 0.768862639540954 0.00664461990112171 0.00572243401304158 0.827537140746593 0.0335344288391291 0.0219655803659354 0.0768312011416481 0.398964545426096 0.113163718612447 0.325913230295974 0.0209623093500212 2.06050431201895e-05
0.578013134250999 0.729804312407409 0.41434982309246 0.76461628375151 0.938259734746928 0.225595969029264 0.594820238558883 0.987366813388335 0.987855905871176 0.779364142240894 0.96898059162642 0.966311742127098 0.32343082915884 0.342493107389605 0.859290631992394 0.996307320831111 0.551996994117904 0.786419146513249 0.236794959492025 0.16311797900602
0.32432237927587 0.579194641668151 0.436348000612554 0.706319677117943 0.679073382162304 0.487469859469123 0.0581252573133203 0.951559841872062 0.93545703854663 0.633234441073803 0.667526201596653 0.934455516921337 0.307444184018074 0.239416131055232 0.955614581719366 0.976625487094825 0.651934991995722 0.748168867992513 0.0601793188206108 0.998621128205484
0.0600457585809017 0.441769824709406 0.152586219061702 0.57829643114533 0.486384827490343 0.181040046370831 0.0650984181005717 0.03938813365167 0.0514893143505425 0.0389974585018484 0.0112215075909706 0.0473223950888079 0.0613480767248209 0.0396743208031937 0.146402619083351 0.129568194177573 0.277673389359543 0.138856359608966 0.0910405838357849 0.999825324397786
0.118467344013151 0.46158484696281 0.625845667279035 0.585200272582203 0.0121909252533901 0.213747040497673 0.0702880010464766 0.0394274265215024 0.420590196072551 0.182087057055124 0.0913437208907702 0.424235435682538 0.0450231919943225 0.0520822866021845 0.218194341311718 0.107745670261224 0.414868253785233 0.219633531302621 0.000105001997104719 0.867612187216999
0.291407615682887 0.749663564649659 0.83570894421268 0.712787895421901 0.918657399570632 0.833557391393293 0.134370306087786 0.783833532343189 0.750260034580337 0.684141681460459 0.825810148526833 0.903432831126063 0.255972861941179 0.598161331089157 0.76605161078962 0.997624329164475 0.405539949385348 0.635883488188036 0.177737684969191 0.999719415107986
0.0220288025296712 0.470112675956156 0.302507761024742 0.597957437458688 0.215475310594683 0.404993093733221 0.0102511015399663 0.015011879233267 0.00294533520312344 0.0422259568967744 0.0261008957667908 0.0205924185570909 0.0198269006629767 0.0413840621179605 0.238558073429388 0.943728244164958 0.470189466241776 0.371582608581433 0.360509490568256 0.0363358036111417
0.640653416996837 0.743237661945315 0.807122227401537 0.702848941089421 0.971596670180898 0.370138492715062 0.0799381712660432 0.996298275282677 0.985167764424935 0.839179812879922 0.770805241405821 0.997563950972776 0.401479167642511 0.475107699949767 0.874653122920619 0.994103872723389 0.656703284935776 0.690641519500712 0.991040341243793 0.000161436800519983
0.0347306075461036 0.438409043032803 0.187319343918027 0.635886887023302 0.136715150913844 0.252683736192199 0.100589248535846 0.159281420605805 0.0455241478252043 0.041992821379787 0.042829948093231 0.93274737793578 0.0381256124875194 0.0551859874632784 0.554766495337999 0.610333491057594 0.259020259682947 0.283331197533696 0.00557689804890849 0.982005353780344
0.322137946457769 0.692243918917172 0.740593385521281 0.563952521439012 0.977171689349856 0.55625033299268 0.103826007904898 0.843105014982197 0.964202793248703 0.921101967082393 0.814029140889315 0.995633729192975 0.628207381314015 0.23018921634527 0.866274621331009 0.994794456747984 0.553347815862899 0.474372148606756 0.408880045521121 0.941829908136743
0.279055886651432 0.621452324718199 0.628075051860836 0.33168817145697 0.803821779308264 0.335956557459652 0.247679907437794 0.392448754650238 0.984274264287354 0.54371816341811 0.454073552954228 0.334975377978492 0.238487573064156 0.13000940148544 0.730413529783534 0.993856288292342 0.52688725032685 0.624587964307155 0.976604396517328 0.000814569617314965
0.248125598054889 0.528681813476694 0.841393132343284 0.452856921052387 0.0295113834251815 0.796359195163227 0.118779666031079 0.159425262902863 0.273938533811118 0.026415359894833 0.116100948013939 0.970420322293044 0.165916959775944 0.0490502351277216 0.72610239348839 0.913532607926194 0.400366874252735 0.542553602179829 0.000273876222931661 0.998678106043138
0.0681253968341371 0.49260083234888 0.530145589963387 0.351708380238577 0.391980354969553 0.100471916088898 0.0117911227150452 0.0815642652165753 0.222538717298631 0.0329206883582609 0.0301577202343396 0.372741254328118 0.0400691809878813 0.0497337956471989 0.745595218123725 0.163042048524796 0.440526928840884 0.259651595328218 0.0259038517198101 0.000716141766851291
0.121364023758365 0.676331053147796 0.551022622048489 0.449088790406323 0.902958866755731 0.125323102760961 0.0504298421871879 0.665874077528991 0.913399322978623 0.160594258881194 0.155731612109612 0.983263580136624 0.0890437307528903 0.187596059065815 0.887443476611076 0.935923414905409 0.281403537328043 0.161464374713701 0.0715483557590474 0.988517518045339
0.0777756487157404 0.565735376104261 0.523010657848376 0.588417611687573 0.233766059548879 0.186242782319687 0.0609118471995162 0.400219276404301 0.612367276086173 0.141574328305356 0.0137487542144154 0.942116802540174 0.145607852262899 0.0872183662722118 0.359150124953581 0.772915777946938 0.293941756302211 0.537467944063965 0.240278950570683 0.000450043144008881
0.460801466972515 0.713473302210208 0.915449070424452 0.69628971266692 0.966607249197315 0.543830695792835 0.258509674074722 0.998164181917475 0.974404533006611 0.941958272555286 0.984427064904623 0.999012121707753 0.577400530033091 0.331368407582144 0.931434686823498 0.999936858880324 0.614208896837022 0.65419128036011 0.999823192345777 0.589923716968711
0.415108784441108 0.659922632201469 0.664665474178409 0.439062777315916 0.288426845954566 0.335621517773923 0.295813711457999 0.575615368506195 0.754178135535316 0.89862523106869 0.779585614147002 0.962964034107562 0.248151619926709 0.143267013803932 0.740462010835668 0.618895289562299 0.721023966409563 0.636328736729257 0.530683364455027 0.999376455390351
0.216140382395005 0.629417133509969 0.250231166397375 0.471477642015617 0.568334103677387 0.418646514976585 0.252750193637402 0.562682518517894 0.147137593488672 0.836704020175144 0.497088089554315 0.895252357922494 0.276157627775967 0.4312980515496 0.622401579288304 0.903929265894418 0.848096128987535 0.681184376835932 0.426444466030164 0.128850570670958
0.16384209263459 0.464495685936122 0.519589961881384 0.801656198796908 0.616113859995986 0.241041821275753 0.0666024186585426 0.0113405478613184 0.194715755918429 0.246807691654242 0.0341816918505449 0.753402005367203 0.0881044834534448 0.0790013865872277 0.437963732903546 0.980403150693831 0.624960484120521 0.498009535555267 1.47775315268346e-05 0.00152381696631937
0.0921379126604879 0.437497945105221 0.288332399762448 0.481846358159278 0.0674702515108184 0.108013224096151 0.0653937799524738 0.535444405724282 0.0819111688843119 0.0441960097790473 0.194358267890127 0.183855671700295 0.0757457332987934 0.0565777470887851 0.352226875668522 0.817579527699444 0.684617221430354 0.19816457934997 0.0168960163306908 0.634766922148268
0.205512769227358 0.586869554405871 0.522517598461 0.628210456153648 0.166989023291653 0.382757918096911 0.0918206582377162 0.236424576356048 0.962203215371189 0.399851807229616 0.103054717754594 0.975802091953923 0.0679082717443697 0.059123646471991 0.412042943108267 0.732391505579538 0.55247267428626 0.190522429149511 0.000219124918635452 2.52779573938533e-05
0.123758372495866 0.644494583584123 0.296962731809056 0.587604001469028 0.655928809448605 0.643024598092168 0.150789103804434 0.53783326517098 0.917859104971168 0.42472019626989 0.891745679449231 0.99428101052562 0.325464065474059 0.168450405293606 0.88273149701771 0.99742890773511 0.67966626277506 0.430850235634828 0.0379950275735284 0.960605510895059
0.105951974775591 0.620134615933398 0.356646149722724 0.762352899872709 0.413106944472863 0.178849551564879 0.652635527508747 0.73797718643907 0.424651336637675 0.766147131795456 0.262173374616334 0.829190295551657 0.354898221224808 0.144102488587523 0.707165965480116 0.820581865411759 0.626066468790888 0.497032258941625 0.0630185041556938 0.0140230409885507
0.238756246967812 0.706347081080262 0.722721565371247 0.508081234788153 0.840082242593029 0.7513916435371 0.0869876277486215 0.148943861916291 0.846963886706306 0.45685789264706 0.232401768384316 0.701138654913385 0.191172111663809 0.148241773524854 0.39429707328387 0.676160013147032 0.302131105096843 0.519163805849513 0.364122746779994 0.81270554338948
0.0938046006228365 0.616377407831858 0.310940178659516 0.707590836584219 0.268868438930979 0.814549543862363 0.0683450889329221 0.4148053286992 0.117298917668168 0.121240495309418 0.0385946410586054 0.900825921650365 0.129785253772272 0.0827258294405846 0.885418321523485 0.305780306197196 0.302562268567345 0.340334674044484 0.0349759719795993 0.00543762356739148
0.429803490616053 0.667979877667551 0.956461216401344 0.627090493920001 0.91737328178219 0.730058741578186 0.214255906782369 0.812129846793072 0.994702708084254 0.8292290221694 0.686364981596483 0.996754737943229 0.543762022318607 0.337538631781402 0.907128504572015 0.998039972632247 0.7541050791942 0.641696052825815 0.996154358109426 0.194613289908306
0.230768378163511 0.575083204444413 0.393424997509776 0.44350560827291 0.87200204022311 0.487508718129268 0.164946011476418 0.978737711257061 0.461789291272598 0.229000916986489 0.837925798795466 0.942173955334894 0.567136789744365 0.182427004955101 0.873318326166586 0.183336508216541 0.646630638783101 0.649541122170065 0.0107232535206775 0.00940085630499852
0.555729843411205 0.738188233625354 0.816968469575064 0.715692389538503 0.97433454917991 0.423850682017267 0.827983983570421 0.763407706795871 0.794957628904769 0.762744620630582 0.917704501667364 0.400772572480961 0.655637424198467 0.379268302942543 0.551303915707006 0.99787854837009 0.370985678946711 0.625745777016538 0.00317582851331069 0.999998435527358
0.0880294262710599 0.582157721448067 0.367691759832802 0.633134097194266 0.880531166917732 0.295747396370191 0.0576246815194741 0.265870327448536 0.857038963914598 0.183577426117453 0.201287131922906 0.990214958537437 0.0938695808014986 0.104907005563905 0.279846815514547 0.87790085133542 0.649896376929221 0.43223188130481 0.0274194550415881 0.401434304994244
0.308751939247439 0.532753078107008 0.272557564778165 0.575521001264949 0.690519077514152 0.61203131036113 0.580955317475398 0.75831283009952 0.840152673254014 0.483254578439411 0.857387099886897 0.990698186584549 0.449917486789039 0.248364013440395 0.622652670633279 0.991453805275525 0.306452075638401 0.533863514739176 0.00895242595903717 0.0131582776955782
0.0780945951523739 0.54313594057981 0.593048503670434 0.765954863690681 0.363150048004051 0.546176255103822 0.0296391590308314 0.161308883996915 0.121432346023704 0.871783224930802 0.408455158318419 0.995388446633323 0.663112941032206 0.116183499072515 0.47504632915521 0.977608300455196 0.768245289651459 0.58284628192468 0.00806081140597279 0.999999
0.203568370056893 0.712298589916113 0.941480589935277 0.567799796852926 0.972391564202741 0.531083822487704 0.160400722209177 0.937077205305822 0.836756053757508 0.567514329849401 0.501651510527437 0.99903435348354 0.348612678812581 0.0929766899139406 0.922784490497717 0.999957393838237 0.500740904336676 0.426001851487073 0.031224015173122 0.995200424296253
0.0211010872206063 0.531370273204878 0.925482544694268 0.602705344468228 0.0342611888913785 0.787718101076342 0.0243109465243597 0.0488456961251557 0.236831494024349 0.201219559886648 0.0762808374425629 0.746527763685361 0.21767495387014 0.0650847842643308 0.437477304189898 0.587379760924609 0.392580052359823 0.44390656827239 0.074070092913048 0.000130374266616878
0.547120932606024 0.724683926395564 0.841931970257524 0.802562347988948 0.982572667331946 0.060008490936751 0.332650124224666 0.99732147134381 0.970761699130025 0.978696781189362 0.994109216236207 0.999874827506455 0.610031030144114 0.502106271920974 0.883257892422148 0.993191187728904 0.507894262929063 0.891595709053177 0.108374502964006 0.999985543272372
0.0482432092014472 0.475973392669947 0.738850731892691 0.377852567019781 0.105319486177953 0.347260126352821 0.141105239282547 0.0687185377097343 0.781801616088385 0.172292349140851 0.293237658029948 0.497751878180642 0.0588979147350471 0.0272841527247755 0.373061627831229 0.49094963303199 0.496182532311542 0.340118879910472 0.00725122474266198 1e-06
0.276646962725415 0.671468158674386 0.355348014270347 0.755605888835787 0.561237361057976 0.594175013685109 0.181838125224057 0.794376110877075 0.324385967773201 0.881772380439538 0.951882251219031 0.997334509570318 0.337838085101784 0.200232031330141 0.68113166998131 0.998908139938155 0.808246707092402 0.552717969440062 0.914914705700184 0.545842601225734
0.187917934566984 0.595594207017534 0.902711348129017 0.454903856873962 0.92427100413731 0.133291046685571 0.0299320410106746 0.529641580611966 0.931652180793335 0.203001265638217 0.114561152921848 0.984934895675093 0.124340863864191 0.0540185223570434 0.283774841337005 0.969016310130686 0.351653342720519 0.439467685112442 0.964183524752263 0.185031204141565
0.468498367144099 0.628362776564084 0.9301274852887 0.384618093934729 0.76193162252032 0.568892021857747 0.161097218501272 0.611049306688185 0.951631635442233 0.487666776411881 0.556005247516155 0.983153067595275 0.231229886455357 0.21941734263307 0.460969045446868 0.996838620902149 0.476726194872352 0.689348456301889 0.00147909628322112 0.167386581246719
0.454182224463089 0.80077589757717 0.905967215320581 0.82591119128899 0.98757174649209 0.419249583295379 0.129588612723048 0.965185446665632 0.7851206959192 0.967975172959862 0.953849611438279 0.980370707906774 0.829444035985079 0.420917052612009 0.970500538074798 0.991039610430112 0.414063952572395 0.72601993788298 0.236250410454094 0.0251770998096854
0.127963718455943 0.52046178205649 0.058399136092019 0.556428060379394 0.0650309248537487 0.278582971752899 0.0635422932113369 0.0480130590372585 0.0211393133245873 0.309220650928211 0.0676784682194201 0.845838494341779 0.0913489542836633 0.0730462258752541 0.388095760001747 0.368321298710701 0.145241912067633 0.323048900699053 0.0501238787886445 0.990018526784414
0.490706469107899 0.635290787039867 0.310513970797346 0.704291920643657 0.964146935159669 0.75766102674168 0.220623849941426 0.905219497142869 0.987568660231696 0.890612007704151 0.957604226907974 0.999799208914957 0.617324413791401 0.187352024193094 0.63008872223051 0.976809576449174 0.741833099112519 0.469939340987345 0.997645326732671 0.0481805262908071
0.0690537135832199 0.660255059520115 0.869030219989958 0.614380588228938 0.761389867279463 0.369019204819896 0.0341571036168265 0.581480155155201 0.224869928294966 0.192742531921597 0.230417609593656 0.93224288567821 0.223541267580861 0.148140631161787 0.629469396421259 0.464851821250417 0.547976490279806 0.156668632570557 0.244306094879848 0.999554396973192
0.275019743362608 0.667792899071534 0.739211876019045 0.705117309470443 0.806951995816312 0.496306099907107 0.191099652845947 0.947086718085746 0.223356140343744 0.76253099072414 0.868634099995038 0.990694323323257 0.65228954976716 0.302833764023194 0.949966562964183 0.694855953866899 0.342291223198822 0.789763589705054 0.93871286812967 0.793027265540301
0.0441900582433919 0.396468399403423 0.204530224662693 0.482312354652961 0.0571672815187362 0.325415321973028 0.0197869982262457 0.00768771881033788 0.0806010069513244 0.0264489198876211 0.0319177540711855 0.164939729569038 0.0292155785231941 0.015078620574494 0.0777768586366719 0.319147027648797 0.324128656959679 0.254180421022283 0.0012403624810192 0.000118723614933138
0.0486367925749838 0.583405431121384 0.399218028568719 0.512687547753906 0.0453081687310549 0.271330630038575 0.010781860364148 0.0765525060677645 0.75180743676541 0.284260315488213 0.178425648997261 0.58742618429649 0.226419507432747 0.0421736853319618 0.402485484212386 0.931008432218633 0.468482005042499 0.451337924978485 0.00200069031689245 0.0231767692380648
0.201996368996322 0.565762557558389 0.654291207714841 0.479187936093923 0.777676722807887 0.46277704702436 0.109382622083863 0.293718310874593 0.0382079824117025 0.418300584884022 0.304179986479534 0.997023278352615 0.114517679988786 0.122301228972163 0.660924333954986 0.984261036083187 0.764784770471362 0.643369522205489 0.0131139204451687 0.619709725259069
0.0503958626811437 0.550674209746426 0.651932875070216 0.575636581364495 0.139374487630704 0.483144151380659 0.0288847232719512 0.149872149544047 0.186701779376745 0.132438366879608 0.0647568781329744 0.677703513262216 0.0710015938356038 0.0724128414923937 0.537197265205823 0.641269392092403 0.28715820124569 0.552038902699261 0.0282944534098177 0.996592364130906
0.730626479119282 0.837208599770368 0.968146652972693 0.84895098738715 0.999546560902814 0.427089749747327 0.230326784752496 0.988969718600596 0.363153758167785 0.95208521467437 0.943048854864847 0.526228202464105 0.747525046595794 0.526910199978201 0.932840023036999 0.997522461303295 0.814790073813986 0.866745408012755 0.79014572564387 3.0605761271235e-05
0.12580413444379 0.56442140959705 0.496264401169902 0.651478480698412 0.143334164633862 0.170591433622253 0.0593651124370337 0.16459123037605 0.99533756969444 0.571444971838787 0.0940134531235294 0.998551148480514 0.131905077172172 0.159711467819936 0.221867475043689 0.982943801776443 0.383455492794967 0.431117156302974 0.0113495123863417 0.59643704492855
0.0624895007507474 0.428327137570368 0.572723138474517 0.62162024365944 0.537415672874115 0.575335138583973 0.0719748808988477 0.125168368975671 0.208060484498119 0.0837984721640088 0.228034806129407 0.0340487187503277 0.0599124966456582 0.0759353689939282 0.280197838020939 0.493511063571357 0.561131832564324 0.60294553387829 0.000416574501735563 0.191941692565687
0.167843513058299 0.586193983613083 0.49844071273999 0.5725536937011 0.975119971372214 0.595743599120385 0.0119557595556594 0.143488267972451 0.734707005009382 0.281515973215863 0.126348813867035 0.939889714989465 0.159639395691554 0.133493063365255 0.825033866372093 0.995828256537143 0.593774685374996 0.646722962901956 0.00141787796842498 0.99943086784145
0.183335098374566 0.730027630377476 0.556900811540176 0.759994898743497 0.669460756656191 0.270221918861101 0.33484821228747 0.673543573937817 0.873062914615155 0.570241273845661 0.860379974834615 0.999121202539718 0.305190892773039 0.309502236489158 0.821337690428916 0.802421085164606 0.820635482428477 0.865709135054544 0.00218895636288544 0.000437686445379992
0.491925914670468 0.833214781642203 0.553740033300222 0.891635063212188 0.970976967018382 0.180732817218561 0.385887160252799 0.804953177850778 0.222898021816169 0.948056317243517 0.968182125272224 0.972494586584601 0.53563572323363 0.353328445527812 0.952313146153567 0.999331333121602 0.348772978092188 0.841869869931968 0.959048432659846 0.000934667604067972
0.557336672642485 0.640126883765128 0.745718205741122 0.625562785807914 0.673127785796139 0.273819967419392 0.459744488286798 0.954872897729926 0.953516163202112 0.889130401396918 0.590140328301501 0.999762687336402 0.177810880674213 0.130987138491396 0.843088822394098 0.866673074940017 0.510957901689253 0.697062377018237 0.996150712664687 0.996452940132692
0.0345583435134074 0.430960802087631 0.842963694780025 0.534036419295733 0.32086713015689 0.35927140107135 0.0876187958470745 0.0398624249690738 0.00554225507186053 0.0636676388863387 0.00611877208589398 0.218787392436813 0.0461555880579901 0.0238212914284483 0.15312820744812 0.984401681810037 0.42207816347752 0.22369024454881 0.00146732935765353 0.000202626214718763
0.159360521724517 0.624235783907678 0.661351422859401 0.752620292799246 0.135208488044168 0.37136204664334 0.143872561648718 0.893643207169904 0.0427723933001734 0.533027171339723 0.696354575147801 0.584275408731278 0.184944932491614 0.107599642061839 0.829113863232243 0.925611750593363 0.930788862686602 0.370584319624502 0.00409186489428298 0.421622487823068
0.0475493752262575 0.532425607246076 0.361417643386232 0.60537534454547 0.732544271749218 0.103036318748992 0.143114711154483 0.262764341287649 0.0830871156870401 0.176035912264665 0.0303834710499995 0.99398449079026 0.0201422778346243 0.0651506283560858 0.239433498620495 0.501669984586772 0.336500126855242 0.208035747734591 0.0147956809477353 0.000569180976327961
0.0689457020699685 0.588037831030993 0.124768306413758 0.887923068224895 0.0299021582098927 0.830194238810693 0.0428593458188238 0.152857894714199 0.20702515565353 0.0626327496879713 0.0348796783294367 0.288022526189535 0.0726324908231071 0.0643077147581567 0.265039342708929 0.549122034716849 0.290583098133078 0.351435473176389 0.0446399551542112 0.963639505537289
0.621311914107449 0.847010103815652 0.79626267492555 0.65449602619853 0.986149105536706 0.791210398021264 0.83887916330382 0.98697638373563 0.867184059490933 0.962113833269127 0.984274618091504 0.982039709894656 0.836222150324162 0.494011287131977 0.980239159153924 0.969695962592508 0.758768715605435 0.788637160777155 0.533496193743266 0.957716144198134
0.226946681221385 0.570391309272286 0.482108317243445 0.631181007050889 0.428689531664255 0.146399167225082 0.263664102501268 0.546235754408017 0.00190409853033476 0.211161955972713 0.377754689857883 0.743978983426637 0.308861675935821 0.0624456620596158 0.875225004369543 0.996814973074922 0.192678414726802 0.508935830082156 0.0144620460097027 0.997067011283828
0.198441653931202 0.660151527903096 0.486332199055296 0.640349010515513 0.363789572509745 0.322238284266551 0.254622681573195 0.326286294550452 0.584952302285608 0.674090922040841 0.395616973636865 0.959770870723301 0.239732400652749 0.192025822325358 0.189583943818903 0.153278214562044 0.605916897918022 0.311253785546654 0.921613877649394 0.997412532478142
0.0623913816188914 0.579409738614727 0.199992489018346 0.448745940872442 0.135768758399336 0.178402266539968 0.0154109928744909 0.0417019075947186 0.182665771136617 0.142944697118052 0.0794971588823732 0.36949776129378 0.0462977462941539 0.0382985181031465 0.144570225357757 0.997196371126723 0.388108289128518 0.265991187275576 0.000754807062445386 3.97196709768331e-06
0.0624086192622171 0.300042789923935 0.397721365859461 0.467371520205792 0.161203663216668 0.201925857617316 0.0232348403692692 0.0340904657694152 0.194574152388814 0.00813608616234337 0.00426602170919663 0.493899342761108 0.0876167372870785 0.0255886645626342 0.516880956548696 0.48814945731346 0.134847707617144 0.276461229279134 0.139125450965261 0.653920265396816
0.0888653258212002 0.530143531635757 0.465476005644925 0.549257465030742 0.775098790853726 0.321651513530952 0.253126540659451 0.0905182113905703 0.770510192980174 0.10673395664688 0.165361266372019 0.996016101091443 0.105472514217345 0.0633854485078748 0.622981406259061 0.938517908346436 0.421978055695538 0.444020017970275 0.165692210921907 1.96660932903365e-06
0.014325044003823 0.368619908478132 0.105242271546431 0.295660407375087 0.0299922481548034 0.270337749835464 0.00519998451683119 0.000585003255031391 0.00199606332798377 0.00121100649593104 0.00569659826912604 0.00771967797555473 0.00534838974695717 0.0168348144283503 0.146874343784783 0.00641323936798656 0.17174797279356 0.166284803901938 2.25395339380427e-05 0.00211668382788004
0.410477514631706 0.604173633929033 0.654340314051217 0.571100830213334 0.462584073421376 0.789802742970063 0.0909199375569366 0.735942701158238 0.65649397415406 0.790041946523063 0.485140812671044 0.589735434684035 0.381382949392715 0.205570540644577 0.552527516563867 0.998311675226469 0.551669118360013 0.463295793765766 0.28123351086141 0.99378166283982
0.465139360191767 0.680759987696307 0.47588360089971 0.519950701012883 0.690600264869122 0.351118415116952 0.198626363269224 0.952631944466434 0.0950771353634648 0.79011218959272 0.817421768194757 0.820223387457326 0.305718342574953 0.277305869047983 0.817355160488915 0.984963114806719 0.747770670368601 0.760933829541517 0.708931689328858 0.825211465509401
0.294672219618927 0.654566462916533 0.557919413805871 0.669842880365639 0.602931063298977 0.73148691395472 0.423124821895391 0.580530034479835 0.945608664514104 0.772562146353902 0.658634364755405 0.921591716977527 0.524301532123889 0.274317368515137 0.767635743076501 0.973184139621076 0.685846962024021 0.477035319423788 0.0211526368575324 0.999988396743557
0.149801767832118 0.620773711120481 0.577013410553804 0.685669506168773 0.669735537866646 0.256770113201189 0.211197300845774 0.886088707378191 0.319567190124559 0.710273251909264 0.143717052527917 0.986961160670149 0.144834592396672 0.0670421160364201 0.805417265280255 0.996575161242437 0.575880637357252 0.561220151875773 0.0460408063760884 0.966095261219219
0.184981982696451 0.566769598348021 0.744187866770311 0.702629341179289 0.108988686119189 0.265961189285703 0.105500021924236 0.326498725682888 0.0436324535019711 0.336153615783516 0.113534842338794 0.902604286445454 0.227599625881143 0.0898015842719071 0.571744452544317 0.587665978378229 0.278585027644712 0.403608014225769 0.000340277052651269 0.0145924518063734
0.0870942154816386 0.519937349416618 0.104840833393296 0.280897887514093 0.139921767942829 0.763505118678674 0.0273099593546626 0.0868869363960819 0.0599046651027986 0.218005472576114 0.224123305972786 0.949882172790553 0.145922829817272 0.0658355829883027 0.597020834759082 0.79198655858699 0.421530347604674 0.444669101590817 0.259662070563204 0.0279176909233813
0.480780185652331 0.735118075609318 0.814320751433867 0.831426164076948 0.833636190447692 0.786003833524912 0.381612152963448 0.756712630995826 0.205986774940936 0.508865733919898 0.965141344813378 0.999785005747644 0.614055316997456 0.300629018033814 0.928875231102085 0.996703853435396 0.615583067106839 0.679749173328989 0.834203081436735 2.19066927965445e-05
0.488276360509021 0.658468277562362 0.979285542409942 0.842389436561585 0.976662969570675 0.188951657601659 0.920260913408425 0.939205870608995 0.400779166832803 0.980572516492314 0.925358665793762 0.99837519856237 0.844382892791338 0.52003595854206 0.957130608298326 0.991340161937635 0.736791653695192 0.719764900089666 0.053336959689703 0.999585230102696
0.548459950103001 0.714658644527504 0.626530744478431 0.874832580950509 0.962326583685203 0.811952065106255 0.481286495662466 0.972377809391965 0.907265927052558 0.917902673301961 0.90319259997624 0.821819920902717 0.471007666706285 0.362476691924499 0.913440779075147 0.999939492320838 0.697920387232487 0.730326520794112 0.999375398769116 0.999980189157958
0.337815151700629 0.719547893263992 0.94032185111474 0.637663947595612 0.900726229225389 0.296159562194386 0.303804672947509 0.961937825145297 0.944628705869279 0.705215652398035 0.987126552533287 0.96837200911173 0.566172433065928 0.280291524959879 0.899101556865853 0.608456569202377 0.440792753913498 0.585472861610169 0.783830944120646 0.936718231141008
0.179787879932802 0.579352236064619 0.48337503405165 0.811715162737919 0.0874627178138311 0.800872023062674 0.17115525985521 0.447721275345545 0.0221153794788844 0.320585278784669 0.0997658083437554 0.971922923379842 0.0848773363483826 0.0864554617343782 0.753249250257094 0.00485679333651607 0.243624376872602 0.559896763363609 0.526827403293322 1.11472482873777e-05
0.00566292897478564 0.335713107694962 0.0610470674279851 0.654994830705358 0.00375825248688632 0.460484744457127 0.0137885354500151 0.00420187855478943 0.00770818919751699 0.00472007249231891 0.000840855751105371 0.15654424901689 0.0154030673905823 0.0164872188789035 0.262396051590868 0.0111605866904776 0.439080901915473 0.0586533417311947 4.40702429131626e-06 0.0509681968613791
0.0876814658172885 0.556727984406067 0.449289472981058 0.660632147703589 0.588273462177265 0.145496667264363 0.295380495358929 0.821434624349115 0.446310861507711 0.138523184177979 0.420153700196291 0.658593229684178 0.113419589050772 0.0795520563927857 0.514543156466295 0.991993312983145 0.604487609981014 0.305993130321757 0.013901070714288 0.852631160563255
0.0294849804615388 0.484108678327675 0.155701107527518 0.628576889972504 0.71395494369615 0.22041083183586 0.0264610400320275 0.0980239897398251 0.14374180931178 0.0246583044205681 0.0411508827912533 0.478234509065873 0.0322860695560726 0.0297232567522617 0.0942050841735258 0.91508291137166 0.0491450264849748 0.207365823817974 0.458703727619607 2.54811043572749e-05
0.425252873339875 0.441053946939386 0.687648336819075 0.559429975341587 0.242180320761714 0.179577055070291 0.114367674301339 0.883163662418801 0.960993736639961 0.563792246989329 0.728225564873403 0.895029271419963 0.552911380840456 0.323014715911845 0.730289556548676 0.999981036433347 0.349925102131292 0.801121252862579 0.0130616578636522 0.0375127466593097
0.347369553643756 0.708787577157691 0.481778242563987 0.692124246002612 0.931287897175148 0.667838317003358 0.128762145167559 0.857058661159843 0.995562392860045 0.753210048767138 0.955913089157253 0.9920881713146 0.348461456226229 0.194953369703582 0.275317761102574 0.991225989583098 0.427202338006355 0.629775647737825 0.990014038290602 0.00596661397619701
0.819034600239683 0.782158068078158 0.971558412081498 0.711005998871326 0.993345367279267 0.442609405398759 0.925602000695621 0.996831015968016 0.994112550170129 0.99539710771749 0.999559225166592 0.998215797503903 0.875924172296524 0.639791914957498 0.892253421471263 0.998751075645592 0.703192118024991 0.943498214781958 0.0770404350256605 0.997395818261858
0.0447020978619261 0.653955019265379 0.661112755531812 0.567549762170131 0.467052781991017 0.383644560293841 0.104947844770748 0.0996187579487244 0.552310196736497 0.245997659028053 0.430128902169363 0.943357922306416 0.135091838761905 0.0882859426546357 0.694178512954395 0.297075784053723 0.354307818185002 0.301875779001473 0.000473933196573565 0.151387202831235
0.183458256348223 0.53062485902299 0.467398214744604 0.797807659060853 0.65393344862592 0.501071155053368 0.202282151514596 0.729289440873824 0.439990147287617 0.831147590129912 0.297454423961158 0.52408479674176 0.186398030663469 0.104776027195247 0.238559308021017 0.995396433475105 0.643178909956604 0.831945499597568 0.0642817035669575 0.000197354589187
0.00612815474138826 0.27404158912473 0.0126446484355088 0.377331948981606 0.0204050842164774 0.703439825023314 0.0208279379845645 0.0912817748431006 0.0264607146211812 0.00212630331982878 0.00413504103681336 0.325297223822912 0.00734732783900018 0.0338747280726265 0.229563618476003 0.13168130843797 0.274159008498747 0.259437599363573 5.53148849415235e-05 2.95081803379652e-05
0.349278488118491 0.701342366818906 0.820563606714411 0.765998054931176 0.920746828465354 0.604226895625967 0.188278344362101 0.940586636941318 0.557664585471057 0.710207355143154 0.552405083395574 0.995956907092142 0.301871791555116 0.297434397569905 0.709029972328602 0.992696079774239 0.683623577213124 0.727959909999098 0.0374740207400016 0.943424525164548
0.600951072411258 0.689744800060052 0.961091071863869 0.715415632865914 0.860748481107148 0.438362964142471 0.645732732440934 0.989194530646949 0.909266710367405 0.914733445973696 0.833035591076884 0.999491504599659 0.939673250929264 0.57281255391345 0.965774837843829 0.387902966705936 0.680050033945321 0.837164973192063 0.78300180743744 0.922634623314481
0.110182482293553 0.57464468372214 0.0513299116428508 0.617470262911254 0.892664875027396 0.34538914238956 0.0377178680863422 0.0213388621340299 0.00158403348681538 0.578590918654424 0.171181455160325 0.981838730161742 0.186850650326338 0.0774760380986599 0.671308662060808 0.849322519247366 0.247735316050915 0.383476753131072 0.0501004457695545 0.00088103675093301
0.0882091014147577 0.671893465630463 0.331594071286974 0.649259511198563 0.276257902365524 0.435895753416295 0.375583399108921 0.078998659912226 0.0173647438338603 0.0254249090410679 0.0607775548735584 0.63496278472843 0.085243530489507 0.0893877764467185 0.135951608002016 0.538544519226137 0.520281341124038 0.25701549838859 0.0360478184082159 0.92486948416158
0.108629587200903 0.657043397583401 0.609017686471439 0.578658411190523 0.893698003053544 0.442861459531157 0.0648326802971443 0.617757277949136 0.820185473874567 0.547738406487442 0.411651738960712 0.983185460569336 0.424496538372114 0.107167617530141 0.684529315703343 0.9597261166191 0.738172311519836 0.587887969858684 0.849913128943074 0.965329541982988
0.0845252087905758 0.50005648855324 0.46941635113978 0.42052953497801 0.142301258125409 0.362858850025515 0.126162005629408 0.463889166752005 0.172374485680739 0.0351164774789414 0.0589799996006458 0.833672256554418 0.117504743234995 0.0703778950034946 0.579724038846661 0.217456204965737 0.319654503853791 0.424592826525041 0.0758179048129906 0.981949362626713
0.461198732427203 0.694819635774845 0.784889169829244 0.780477631102271 0.768957251433262 0.582193697932659 0.393969892186981 0.895046789033729 0.873030046684449 0.801166438039691 0.851191320507807 0.99922269275233 0.513108566396228 0.235706581282444 0.91990663476119 0.994114484670944 0.551587972452932 0.741915740303299 0.987334208201503 2.33655078698041e-06
0.349456980071019 0.679398453433935 0.56456101422647 0.929789138719962 0.894753607332313 0.201385181841324 0.232876395090801 0.5778134410956 0.990025562468557 0.585202313886149 0.790015030738941 0.964457423000069 0.377632948725596 0.230680325068144 0.936897136498459 0.776638145739479 0.676273475014862 0.807008268411521 0.00114923970726099 0.989561676970031
0.887952044976538 0.724306792010152 0.991665322081574 0.663658964503976 0.993027788344621 0.38917775898758 0.818188253196967 0.981199530951853 0.945348416546141 0.966262600352173 0.927688786938165 0.986353354842165 0.864888956502 0.685331058556472 0.800408440939983 0.999997136529157 0.83158957911823 0.769740174848435 0.982349313791457 0.0016075043343073
0.679490676738267 0.7896247546363 0.446245672600454 0.735337781326334 0.972629306747001 0.716634524708688 0.39349301031699 0.968216927901789 0.90920479324453 0.858049108661627 0.87432165542254 0.995101723605438 0.614115947430582 0.40206450540715 0.865230771422461 0.996548776615193 0.67317264589556 0.679232111617544 0.0288977303054729 0.887090565361914
0.524715737066139 0.657839097692525 0.715778139207194 0.634850765156739 0.415811690184563 0.258870367070553 0.311285235598095 0.656807087510808 0.890333398898047 0.811452010121093 0.834563827461817 0.937425431484199 0.39366284794244 0.251797630844226 0.461947431684437 0.980190331159353 0.680371608542426 0.742834230395228 0.0879391864313427 0.0235876395536359
0.257683877511239 0.665575841691452 0.670401787192063 0.868658732607527 0.773944452729294 0.359107020641174 0.283124038620533 0.942007018323134 0.40526755652203 0.847565309339144 0.936311074341709 0.992772148880254 0.564680509385273 0.183573321547771 0.649358216714945 0.991388422914214 0.843908938305993 0.627312817513959 0.618960966279267 0.000579962298182723
0.100605552065662 0.464316107759547 0.241029163828049 0.538579394925475 0.447406577701075 0.55501158920711 0.0293335066047252 0.0665919921703208 0.0304238683136427 0.103907666099568 0.394565262678828 0.915092446692635 0.224409253178843 0.110363922554482 0.367305095125544 0.711746576734685 0.526178038325822 0.206160442060935 0.00637952452251108 0.455066410638962
0.416253146741909 0.704106839549923 0.596037555812805 0.440489299832763 0.820503348064687 0.569669112307104 0.513608383830351 0.75164000001995 0.845209293693963 0.852856717584095 0.75068407806931 0.98675461939649 0.517406773862276 0.451360309209132 0.603024631011467 0.882278545090659 0.221898839683002 0.679324684924409 0.921436798528083 0.999991626349641
0.470972124249604 0.649320469644246 0.994580207267109 0.48407283054716 0.987808956767197 0.796303230578512 0.0633994620159018 0.677214543195835 0.393007348801185 0.648563647300769 0.898297779677786 0.951659230789496 0.571463099116045 0.519460102930401 0.931755394159903 0.973892490681436 0.633557872508252 0.688479763940866 0.729648232553225 0.562997284979903
0.0960637847935919 0.594611258155048 0.846438430621883 0.487548155735406 0.395677274622245 0.691843881861236 0.160645382463411 0.445621859395649 0.980106320289527 0.413598929719711 0.242370419843312 0.931991397830022 0.190856101152752 0.139043623841431 0.794647913831896 0.941957731515307 0.575024159907672 0.548190941066136 0.000575680263363767 0.0341646180549571
0.14133169600676 0.44405812018424 0.649290781100188 0.73358095256294 0.782460503335764 0.721320870668849 0.120151874305463 0.247510986468664 0.469849758977894 0.142618262323545 0.294576850717884 0.986047674759027 0.270059130266002 0.0876014982863486 0.6727556317772 0.241640924005805 0.575717474633821 0.616079196728683 0.00341510020143886 0.998308923682515
0.040165265437563 0.428645631269478 0.141897771617072 0.40328160127444 0.0526602598711641 0.216699140411802 0.0212008831981923 0.0258251776568839 0.114986534760029 0.0381281266897244 0.0110493737256545 0.135397466584127 0.210622168502945 0.0276217445809254 0.535840086959729 0.176602099793363 0.566053239972691 0.27548884371369 0.00559280126674159 0.00370174978588598
0.550032120979746 0.74503933424368 0.958177953314829 0.805872980842748 0.989393054367967 0.731300410412396 0.232778181340247 0.986439483174398 0.739578360973374 0.944185148956103 0.972479809038554 0.972935024286329 0.466159382510714 0.441142101586161 0.797483324026753 0.999471558537753 0.810165872840964 0.565100124862601 0.00329697976533513 0.00893424907916415
0.127195152988086 0.722723004264965 0.625944648004307 0.579566889152356 0.941320047344391 0.583341649121053 0.510375214995226 0.394593722840817 0.730351263145053 0.549468760960717 0.924601755034799 0.985503308241794 0.213409392011251 0.190933639630349 0.945426604872501 0.953653294080586 0.524982552596142 0.745091124919478 0.044511040250363 0.999900122371369
0.233326838162372 0.570321840822535 0.35942506312222 0.486233699901695 0.236319096058335 0.199772012989696 0.0519032036104941 0.81003686167185 0.480589545054945 0.520162222241031 0.0884259998706912 0.971784265946961 0.241166238491493 0.177964490370055 0.804783170335385 0.952073649739984 0.541016836810096 0.579021566432007 0.0165501756726878 0.693499153658223
0.287925571310718 0.674765088573395 0.853695203799574 0.706575258441801 0.941460701074004 0.766273664986519 0.622630769511377 0.98994039745312 0.979691876641667 0.89068122488817 0.261796574048637 0.955466780957176 0.431228519962561 0.264670983371277 0.723242946933345 0.98506626770485 0.471509026161519 0.813284736927543 0.038233937328991 0.712310461848333
0.0767795145803028 0.542143182762328 0.260878345461085 0.683958625848432 0.148253640949402 0.470652734488033 0.0857171738566373 0.64503999910284 0.511837246360545 0.279226883370295 0.489183881161797 0.161323304176008 0.223970155802611 0.0441133570911185 0.59287191880198 0.878492275082347 0.386851791065954 0.442488871766681 0.0945320781662827 0.0298771876556793
0.514670037411458 0.611494603039261 0.812994365740816 0.777622935990181 0.987345332502912 0.421229457916087 0.305930964528652 0.992930456396311 0.14242381550737 0.924157463007908 0.857041597994929 0.999066640307886 0.671793197039381 0.225837343985582 0.706685047089369 0.999294786719912 0.682787726934228 0.491775966144207 0.42940342859432 0.95493126381385
0.458662676656979 0.75784725434988 0.68841241939733 0.786358797603703 0.989905507002348 0.311166685920534 0.182046202599184 0.853458561609792 0.470280649577859 0.708223206057274 0.906063412033779 0.998192661245356 0.213958818374303 0.174837990758292 0.819682105419415 0.99719101966529 0.556090068199917 0.579452063418756 0.0659785995962651 0.827785842019041
0.0460340263531847 0.509135647754201 0.154299701479757 0.594913608435824 0.17343339340487 0.558758667741121 0.0346026725910561 0.00795804000568233 0.250767897220157 0.0809322873249424 0.0531092961131102 0.907348834927306 0.0354615680501548 0.0696101616514437 0.192977795209065 0.708915359068249 0.340505871767148 0.285987642169378 9.32127633136218e-06 9.56578293830104e-05
0.178929273289299 0.614777034891194 0.593357227194609 0.851838482761253 0.276212725808375 0.554527801984873 0.224911559763042 0.880247621998038 0.705321683306882 0.379081350818624 0.8567851363038 0.994442168953868 0.192004273707335 0.140496395925677 0.812635402154251 0.486117165259134 0.604737992135664 0.58225791406425 0.669066914920076 0.0576532680289669
0.202701635497127 0.608111648935271 0.352654400816485 0.675192530599644 0.0856600269394467 0.430272686323154 0.0267896229467839 0.229311667502282 0.925678360235939 0.314899221023391 0.79640256692936 0.327357110110232 0.14964891452633 0.110089786469712 0.388697442671143 0.978333075596719 0.409586385830232 0.364308405387798 0.593118705045545 0.86333226534391
0.657048315829392 0.804002737559389 0.948214695126609 0.452741614561085 0.996491577501342 0.593335685976236 0.397222013367695 0.991413088367828 0.982182799213447 0.979267500063 0.958083645572885 0.992023384542809 0.870760494012951 0.500080838505489 0.990338515163476 0.996056860120055 0.786863244578257 0.815955895233001 0.968476667645067 0.999992838277217
0.219186689292766 0.687346689342324 0.32552928382092 0.731608253273353 0.515465310735989 0.152266066439061 0.370863215384283 0.0680675765758622 0.0694384327761315 0.273897332900007 0.351534635553222 0.94531948841805 0.43940898528642 0.0584727387523889 0.382487584804534 0.73579913120644 0.390531811631113 0.464330311209265 0.753017779425916 0.960626912692567
0.527677835864093 0.654066775920256 0.235471797956427 0.781002566474118 0.976663112655329 0.126599332045047 0.57081263323607 0.97250173418253 0.770337069840107 0.971890905120628 0.958481779152225 0.994234875295094 0.43096244319226 0.142303014210631 0.853767462611787 0.98078805989697 0.675085879632048 0.552048120410942 0.228898620234936 0.997119209633674
0.0482073095510398 0.383479825074143 0.0508226629313289 0.654446258288722 0.0451524940340573 0.161128092039016 0.00558239992518319 0.0159792794179248 0.170463768067859 0.122357076390817 0.0244476956157339 0.849527524512109 0.043073332804125 0.0369400429932142 0.46249890062451 0.970031762087473 0.286846375343751 0.172877770804992 0.00729452232205096 0.000566948817393008
0.0413890731036316 0.408324097245706 0.333410322729529 0.699550954612132 0.342388390560155 0.0542695657193998 0.0355679996422709 0.412379930967367 0.0943222803238966 0.122051563472014 0.132615143766463 0.149444270960569 0.10021286245536 0.0822464192838848 0.610801466372507 0.780316309696988 0.434046648197968 0.387027812209591 0.00951559529168254 0.610660208108755
0.111750084464246 0.534588295116426 0.0399687641113222 0.757896313640218 0.056698656515568 0.150066515582839 0.259759259465424 0.0114094236708042 0.0690991087426596 0.163491514545841 0.133478278988914 0.0968477241223866 0.0536866511339873 0.0351039161579444 0.77035757433411 0.899672249169539 0.282115708197205 0.272654946435344 0.848390047416502 0.998788245993626
0.0657154810791814 0.491657896682944 0.700586260944211 0.614731553712218 0.00603975384275679 0.559012364054015 0.128588944059357 0.158578995247141 0.307348358910911 0.070274827242844 0.0356803733656353 0.671281047307028 0.0803409474506324 0.0657602200870234 0.673781387149358 0.989536232731414 0.292125631463889 0.553664959186423 0.0182453885025109 1e-06
0.244458763692924 0.702875340893414 0.155753901625865 0.701221799015047 0.760126419437038 0.207024990117883 0.0693285443581611 0.954377709061837 0.837412098398073 0.331813158401433 0.85214436579297 0.998423444140983 0.190188677521733 0.165755195474994 0.873603566375464 0.996486349094514 0.515553372659749 0.558483219996853 0.95901108223623 0.95818438737454
0.0525429635378026 0.303032472455912 0.0135200123366371 0.243199112305868 0.0347290441819914 0.383848670079694 0.0975298288085352 0.0214123528072907 0.00810157717963731 0.00706437349063508 0.0309779453201369 0.504228666664307 0.0121965761465378 0.0388424927433729 0.104004447349547 0.000696839980109607 0.328447458139082 0.245721833628466 0.00534979240819823 0.0056363051614378
0.711425022930263 0.831671132417735 0.642761263343267 0.533747602211417 0.991220671592256 0.204478972793099 0.443555609852413 0.991251349447352 0.993769510756348 0.962816757985182 0.991726465993649 0.997702016037367 0.936999374879776 0.381412453435843 0.981475518154126 0.996157320606886 0.717395260973574 0.952196096342587 0.995778697391222 0.986086518031969
0.690042815282509 0.763443300441875 0.982590261067971 0.715971801523227 0.76832218052902 0.643548352370271 0.520930486802871 0.996733841006688 0.891560120441203 0.981085268524285 0.972985465472207 0.9958885502014 0.913948134814851 0.434007416726785 0.857304197521714 0.994363625084658 0.825875125606089 0.935816919340373 0.966659317988738 0.999502758478479
0.00939720105999161 0.432531077149813 0.3460616907981 0.444549603147051 0.000434000090701629 0.272579889626568 0.0178138285205757 0.0077368655110943 0.0141492020304484 0.0117178345346971 0.000981565252267715 0.224029565641602 0.0323177765771981 0.0159754840561688 0.126150369207536 0.0328635203403254 0.144050675944542 0.309756633124462 0.00147609098091303 3.43852970450149e-05
0.440800968498812 0.702529612349443 0.311373400912032 0.766610948852983 0.98000034441958 0.554527438066814 0.557293989751263 0.942951642656537 0.9973485066835 0.479229590626724 0.96755249780864 0.970129496485258 0.551975345932677 0.307132056464411 0.973279375570402 0.992459958089004 0.70506436744097 0.613425812493736 0.958512749438842 0.189634224591209
0.0653302992932354 0.396653131893395 0.360624314587075 0.799544676994262 0.391017305992098 0.48717435737784 0.0119429666877584 0.0232631169121193 0.0887854836405398 0.0102119772984433 0.00336521144095008 0.995284243434055 0.0344817778874238 0.0224337593666561 0.383777324992186 0.994780439082634 0.24140052482212 0.134563720223967 0.0998201424316996 0.0153084284563091
0.041800545242902 0.468439340520981 0.14522526088073 0.482894207905623 0.0754151730895891 0.0365385840940609 0.103269647955173 0.0809537860990176 0.514159678274962 0.217513107179424 0.0340611972225385 0.908597871037813 0.109822538841247 0.0386705401644531 0.351812143201107 0.0670102468677208 0.385999146676007 0.550246568028124 0.0288664742185024 0.000159794192130811
0.0255539980762663 0.447530265624715 0.310124011865971 0.403083738685954 0.0287419882711065 0.190311853514459 0.111249927465317 0.0679472441229896 0.0408347289905615 0.0316493949996175 0.00906352577450521 0.611605496847699 0.0309723019192786 0.062546150292231 0.665553572013559 0.0138421239612253 0.627649720879209 0.221295815173139 1e-06 0.00026635752540346
0.530192765267326 0.775233155117118 0.8785604059441 0.725481079311282 0.998382800679848 0.914009144835978 0.461536774190889 0.974845509958136 0.995382421632149 0.959373648351325 0.986830260572843 0.994786364965953 0.616901348475945 0.462600015600379 0.934962772233949 0.99973236129025 0.801658655404424 0.697037810032571 0.956250079736102 0.964643379548315
0.0990988257560953 0.404239624782801 0.501295189177953 0.874620794217739 0.617698203199381 0.184107457474991 0.049282911019143 0.520841740802713 0.177306159276316 0.342372376112464 0.0547240665849394 0.797965927918954 0.131618681516603 0.107272588049748 0.646603724461789 0.999383750964057 0.677767846411776 0.510653659317405 0.000397479557526115 0.968304655027012
0.585806296233052 0.763946349869169 0.75315512936838 0.760155167025559 0.963411807520931 0.558454605014056 0.208539289601615 0.88943263715637 0.996190005857665 0.925887123566827 0.963352139876701 0.998925348575339 0.370457477547972 0.346734769826065 0.979531586863511 0.974467855885441 0.931221433652146 0.927853775432927 0.00574403804149973 0.273067709002106
0.0430841107433116 0.491966791817616 0.0950430833972254 0.633632193531866 0.204458011848414 0.304500920258209 0.042833191659246 0.00560400059143698 0.126376444705171 0.0150334107692324 0.00354180115710729 0.423322773285562 0.0349167584411211 0.0543564632672635 0.117680624628326 0.778773862642877 0.313310220943132 0.366885091331408 1e-06 0.995246990119987
0.0535991492003204 0.518639780791247 0.482460485133305 0.769447639727095 0.151099361797065 0.468226611281941 0.0957182418284369 0.329351002021121 0.0496325160240369 0.11503637021734 0.017472324910583 0.43212529096768 0.0908431997884554 0.074293245417614 0.690302166826432 0.158968573979294 0.383706914064911 0.23143242358348 0.952378919538797 0.0525097164405989
0.609963824376347 0.707439346478955 0.846312173529094 0.596067495647563 0.989357800174131 0.236787542671063 0.480439753469252 0.997199159415559 0.966184969951594 0.975788038333791 0.989960406497318 0.995109333583968 0.551929876464943 0.328348806240561 0.519304046449804 0.999218642663462 0.649062133639717 0.829231412895743 0.975201322610999 0.904568305724221
0.0958853104967283 0.556735325563377 0.535443540530611 0.635395500331639 0.740744449003643 0.202483179014541 0.027157205739665 0.540308950035934 0.0719417783754857 0.330197964017542 0.390968731614328 0.774112818890576 0.145588832344071 0.131602574763399 0.592326830590002 0.942196471938553 0.719489592040347 0.561424073445432 0.572831125419857 0.165734949885775
0.150007231124364 0.516794147826581 0.405011181879575 0.506516532161596 0.188438270541527 0.17772827399238 0.0244732573649305 0.289963752303086 0.338336066624184 0.410763781193254 0.313069384148554 0.815323302859974 0.229563413727251 0.0752566869097691 0.525082928994081 0.37141750520125 0.382686363309823 0.778675985796645 0.0164142211361305 0.620640796684251
0.174350820574042 0.50499299100514 0.0776443855905196 0.49197798845786 0.332518837219103 0.331609072356024 0.196392091437135 0.424821126302364 0.932450260702234 0.750473719625154 0.464099825509302 0.64711658120858 0.294190906363054 0.188403505250349 0.878667486090323 0.996612262688294 0.51044552017133 0.459131416369619 0.0206860368348877 0.999400670693714
0.0701815557227288 0.645901327894608 0.119626702268041 0.220395486481936 0.174519269383301 0.502790414631286 0.0444158175810408 0.112228349615942 0.187189566326193 0.149808489888974 0.336190761355451 0.668785966730547 0.154975068216724 0.0500502655423307 0.47671398369136 0.494872777436274 0.595727144455762 0.299681030090111 0.000736068321274266 1.15401321241038e-05
0.0163105768031807 0.408624738259424 0.106204066811574 0.388153079878061 0.239087410242936 0.679299325753652 0.0937103499529921 0.0106287752078042 0.122025999250327 0.0290057753388086 0.169773290203619 0.787714744365515 0.0131056770825319 0.02270982886302 0.1439866725835 0.871317357924247 0.189244862737169 0.128857715455328 0.0750848441651579 0.00828077406016391
0.517833655852265 0.723459470257609 0.58984164190588 0.724677349504785 0.858227389572254 0.235671735720464 0.128002913537588 0.890907897124488 0.975042515680027 0.388476512992396 0.823406719502564 0.802210459644188 0.640673899883137 0.183289655992452 0.802725027541007 0.977282529134192 0.661340015803938 0.710849999650531 0.152251276297055 0.2793191423941
0.0173646144757841 0.536582921506895 0.806617301386623 0.446411892878117 0.333502728082256 0.0854892929870759 0.0103701964426606 0.0916309659416424 0.148923176157215 0.410469730217783 0.0355825781978132 0.876608237089941 0.0174111765598903 0.0899100938362227 0.249191892142749 0.981987462967494 0.25182969975606 0.36354471721239 0.253680622594189 0.99992342656605
0.15991124792272 0.600354387729815 0.136033316354869 0.720031404512934 0.859638282184105 0.533529844371147 0.0349136306766785 0.878758639879361 0.183038456317989 0.402420202277842 0.73330273805927 0.140004424306779 0.113965320325262 0.118340352070043 0.578939545738019 0.994550153038823 0.588990877224053 0.686834721150015 0.97835703015668 0.0656716088279086
0.313585115359908 0.606604474166933 0.161968713330392 0.663160103453599 0.351987265425293 0.509329370183172 0.0631583556014647 0.75723034417646 0.81002513720759 0.337210989017437 0.375460075101393 0.757528312499917 0.161741078858277 0.132370097907724 0.890919814005255 0.984249123864581 0.301907924212185 0.5453243489913 0.000266899551308365 0.00244757109832144
0.0424651735281233 0.555338703144917 0.0465164586707379 0.652606061230809 0.420149075046124 0.145129788762734 0.211595839438952 0.072826333146081 0.307795307251263 0.0348995009873578 0.00262857902773927 0.912895532989675 0.050258356355519 0.049097060405312 0.35445377251306 0.898846438215224 0.388173118953597 0.435988882101998 1.48675730113574e-05 0.987331466865908
0.126982099081619 0.625806880475704 0.068149628816135 0.660083583275734 0.385796521148382 0.328027789664115 0.69267368055983 0.0338165954922332 0.661993106420243 0.308507290756401 0.229483220384371 0.955049901443024 0.112650956881632 0.140268137010694 0.459868765585376 0.996976359990701 0.476653076602546 0.616829033324651 0.000414880152441539 0.987982220094684
0.0237973197144419 0.407575082963633 0.22737377037657 0.386162849909083 0.208349813123655 0.191810484028784 0.0137724122066222 0.0191993313767606 0.105022152418016 0.0106953697820944 0.0678254410936195 0.161197428512217 0.0292665067157203 0.0172744230594345 0.195396216034984 0.0904748434591439 0.181386322481531 0.316823405002366 0.00426684934176532 6.71944648314994e-05
0.177725639981234 0.770294515834025 0.578439455357767 0.624538887869871 0.305967938941608 0.447957885379271 0.53713184434422 0.1225562236791 0.976619665177662 0.417743202295112 0.418814405382697 0.966750524687349 0.223639808138244 0.112164761186898 0.905791823835839 0.835281212704896 0.492737730820674 0.664869017434306 0.199064977541199 0.999441458171527
0.235221352861309 0.604613160959066 0.854728219746483 0.541929073171115 0.895757093400396 0.463727767079197 0.105391386656237 0.712035830976238 0.870029887261172 0.280894413123277 0.264353023399302 0.96746741714402 0.347750453092467 0.283873751084917 0.499186156749515 0.989180054524818 0.735153673714744 0.364444168923086 0.000899341408297719 0.00129580632489963
0.537230772367543 0.728995887957737 0.768759707457569 0.596460153479105 0.992701690723 0.368921647563094 0.53862318747375 0.701994312152171 0.887226611010168 0.943740512633531 0.954432287934145 0.99323076615931 0.707837575070167 0.232009225309818 0.732681338781872 0.999761744176339 0.624000882669978 0.680575635299285 0.150817635961214 0.928575178538175
0.238274789549768 0.666535844560553 0.361796869592807 0.616562982197344 0.723301736529829 0.460772888927501 0.109803288930884 0.841227761861056 0.294724319425435 0.257065018918938 0.805427240564319 0.889690792878771 0.193974781025068 0.264629232538262 0.901907169701106 0.996085879658658 0.59784578293455 0.684938816501547 0.104186293980253 0.168665821498969
0.483398960234045 0.643111928224048 0.633636361312696 0.658367880007403 0.772345024741651 0.387441823013345 0.259366276204826 0.946278885031915 0.945944736276576 0.931334696986246 0.775993234523304 0.978331406212358 0.355798946111798 0.292083322073684 0.947699059253378 0.795660059624977 0.465625473743171 0.545624393230429 0.978249844792166 0.000352058389773342
0.120920908829453 0.568493686747422 0.36887318771286 0.791488767413298 0.832612879929275 0.524541684517742 0.346428767832921 0.278807305875306 0.792278037355208 0.296847403967669 0.0934416154981585 0.980428703105906 0.398037743272345 0.0947445816567672 0.303741341716118 0.901160323498103 0.408323263953966 0.410489038767072 0.000767605907213047 0.00283178329608686
0.507662955048706 0.776168570608863 0.810533919834618 0.839592993810361 0.97568989348474 0.814069389268997 0.341622549138935 0.833376020016146 0.101274214060069 0.935239751130478 0.896282925607687 0.986192533564786 0.423077109534662 0.606975807011749 0.969723335628281 0.999983181873412 0.561977936475773 0.807296499103865 0.999923302536897 0.999697661410573
0.227689662784785 0.70429285930472 0.794634070604492 0.531616716189836 0.988757683202252 0.581578749284971 0.114630359833847 0.225657899911342 0.460351121198706 0.374214798494096 0.281829844606344 0.833743209395631 0.21667669961235 0.16292441510837 0.815392374901711 0.997354339472999 0.719329108039501 0.574889280977378 0.994773732466693 0.00365183279544706
0.470059882963818 0.765522622201367 0.856525011032851 0.753839873720503 0.975677860427892 0.53100841608226 0.695882900280978 0.96037766583817 0.944486268653886 0.703096545540323 0.907330565306197 0.967856480157887 0.589921819487472 0.357264879880145 0.705422228654584 0.999646482594586 0.594852304516346 0.81730522522861 0.792964056681227 0.165952709099112
0.0233128083600527 0.490131482883102 0.324176227713607 0.353004775611396 0.0279132092788407 0.112846186057799 0.00788704353164907 0.0158060682976572 0.0127873608197435 0.012418650152531 0.0104135550528208 0.730166515966962 0.0466793559318276 0.0256083008921599 0.0546861492580337 0.00361451651814459 0.430727546589971 0.208889341604224 0.034964548113594 0.00164955019766369
0.214652353535829 0.612599426869181 0.173541774549447 0.788258244477517 0.798422299513952 0.138223672733121 0.136670656352682 0.262997618160766 0.952022003701978 0.307427172317232 0.235424896309813 0.969862885487519 0.111919707828218 0.134604002190314 0.43611399210051 0.946816371038079 0.375667356900748 0.663468805092982 0.0745587796034477 0.0108396856196077
0.32090910924937 0.646472766922137 0.0703536533703524 0.612705862658854 0.892468171877347 0.361283643037413 0.272842919590128 0.566364335796544 0.991055006668044 0.470613524780803 0.864530443685393 0.950627997404375 0.218032043397049 0.108178973093665 0.300319669423387 0.766627823299122 0.478172218741807 0.734532361811175 0.375489509085108 0.956845003460773
0.116587466924783 0.516335364969118 0.452124944007554 0.601504831819278 0.462720447244029 0.90512367491511 0.0719745825156887 0.633937648087781 0.108720427947191 0.209690943007393 0.0887561442828634 0.982224732170338 0.166916748379753 0.118790473424704 0.786497049863973 0.97783090347059 0.694681512711491 0.448411142040094 0.00392028006502144 0.976281011574784
0.262003848070191 0.65813890787191 0.852224723329832 0.750633139883141 0.960476512096982 0.214320406712023 0.0999993687009652 0.938762907962651 0.568749245308539 0.929126073758265 0.793634810035833 0.992601015328624 0.644118897567468 0.315648435642824 0.830369705925582 0.993639970952186 0.69949430037272 0.844150998475174 0.970239930542781 0.530111367400668
0.239442147243906 0.580982130958241 0.154953393138885 0.65488836614544 0.776540336581889 0.433210040375855 0.174226615048676 0.457631655173824 0.949215115689769 0.411521312291957 0.364251705990106 0.967973928712886 0.393606101117967 0.177351604297863 0.544185771903698 0.162333930251389 0.482290365719487 0.330970681856193 0.153332473856541 0.542165889840511
0.316723124649777 0.641770766693846 0.184084703237544 0.510855828486502 0.985210013327695 0.159365635719491 0.420567817469679 0.845057805454271 0.903025150179604 0.625208955781549 0.905927490935011 0.997499041509806 0.607243710624183 0.187732819164767 0.696949708102563 0.94662815166448 0.186561322544636 0.781434334181438 0.689703685826986 0.980348916566277
0.0694696353291678 0.524635578252399 0.271968119527937 0.725391633606119 0.215521393296756 0.914914963743131 0.0458399777382639 0.129756106784052 0.161452486907732 0.140013608482947 0.387960872222869 0.51300764055243 0.100114001888552 0.0384870843345655 0.905399324187737 0.521991138609425 0.360484076221183 0.251664163141764 0.0134280239258231 0.986192720886464
0.647774950708923 0.70091989885301 0.776812614398473 0.855515720698223 0.741710002538454 0.207704736858334 0.169710713244492 0.970682906875489 0.997917797244519 0.972747135916067 0.942825303369115 0.907795639847199 0.591784124762823 0.390941580068523 0.738512525437953 0.99996739635096 0.626671667443705 0.831304595007185 0.979017990126212 0.999591116398672
0.0442271584121084 0.596732461914205 0.232961182327138 0.711145973895142 0.261134015666501 0.254228497026494 0.0372546530494714 0.467369175444123 0.327096056317243 0.0670432890316033 0.0245185678550768 0.981843692371233 0.0581177537011145 0.0641173455334902 0.316489239148976 0.732890811867604 0.141422885798549 0.48071983121269 0.24609085859842 0.939186755456142
0.0350511168362509 0.507120262951002 0.146353702461013 0.445589510768986 0.0641446546027679 0.619916372762613 0.0184006839172363 0.546559758991828 0.48835518252945 0.245218765484999 0.123674309031356 0.516332816035885 0.0657785864398802 0.0644610824820194 0.15208949274833 0.185274247983372 0.496541601311091 0.385276520325805 0.729597974616193 0.0101574408967699
0.881891789597273 0.882387689971091 0.983459492390703 0.730272984834936 0.9996948768931 0.389035952866816 0.941715076917576 0.999458244883063 0.99531460232502 0.998232789845657 0.994409081896186 0.998861712657625 0.971369295141475 0.890180158292988 0.97496045517771 0.999909693325066 0.86971394768228 0.924335704727793 0.00298376350293922 0.870982233430711
0.35722733881631 0.627322292810789 0.740404426032623 0.626644196990861 0.950981742758959 0.372788738326574 0.345580386633099 0.881085739580651 0.82874093494491 0.794307481002098 0.89285106845569 0.994064799119307 0.677798602050285 0.243894402824705 0.899386940009275 0.999887906526375 0.538099364464454 0.681537547764785 0.227127005945249 0.338541708282567
0.513213925944655 0.769872772615069 0.417416107988402 0.707557085896283 0.951375942921426 0.425768327216242 0.753064259128372 0.974731359952902 0.553987062267919 0.939201550242933 0.934922407284655 0.995974379668511 0.713291737870925 0.481025829984659 0.937922771657592 0.997180574118759 0.599987874806932 0.824274239550973 0.112051043906872 0.996914231964936
0.29903148769876 0.713784661118258 0.906449633576009 0.689072003409094 0.873332774144162 0.385762208841211 0.364363862191106 0.745158053258143 0.626316265299077 0.443561215830792 0.975531163925189 0.989079346255347 0.417058265844994 0.116013704455985 0.852727930597867 0.892908392395227 0.597469750901584 0.685305784941078 0.00213118947705868 0.431554905488999
0.028461314178104 0.348611308956326 0.520007909928131 0.320228684294138 0.0241752411340028 0.729979072200674 0.18688484107777 0.768609733139694 0.471696684619533 0.0412658335176372 0.00374412400088695 0.683234238862899 0.0395009133755259 0.0435778723711746 0.52836237665416 0.760838275115794 0.25593211516614 0.0904485679393729 0.000194814523693513 0.86387579834401
0.613425273272412 0.665145524413964 0.698069187070226 0.74208189393217 0.921856069285632 0.329202326051858 0.20002581611381 0.63350008278024 0.616158248757855 0.922587140935613 0.977495512811324 0.997296979480181 0.609456020649024 0.299680441069979 0.96518253115319 0.996327778650483 0.516124872905785 0.656920262984284 0.999773689097435 0.999999
0.176849838702233 0.706309309098925 0.828125230441132 0.765471562840852 0.594318177616801 0.48660978367996 0.0325842482008362 0.310553016615443 0.576260297926156 0.583114694164492 0.313223784110364 0.908427839877312 0.330723386327035 0.174667220591473 0.832895260795 0.162188961122474 0.417941308004497 0.694574857931002 0.00252926122623976 0.999999
0.330516565051469 0.638177696965404 0.261766318328624 0.76178463517265 0.767931609371214 0.607699720696268 0.135971253605612 0.979563928888555 0.995594513930318 0.385305136362007 0.0544049579927244 0.974480355308815 0.249219221874315 0.258851866701752 0.448983628113033 0.954043666377487 0.45539850590146 0.481948014695604 0.339376257150559 0.0697376567900349
0.231470045911058 0.695439574046172 0.505955594411195 0.905230377833039 0.885107008563915 0.486718536957977 0.0153791169302259 0.506581181749165 0.995313896647081 0.152218785755657 0.524366332728422 0.905520776908171 0.268537386722194 0.185771071609804 0.640111429970001 0.998860306780368 0.222189803969685 0.537409513054782 0.593427127166976 0.44797071382058
0.480364571865217 0.794990174289518 0.954713957782719 0.387354190805596 0.984485450192365 0.770951801396633 0.538552498958185 0.942439280576382 0.906979064539626 0.985504875829429 0.845847060799097 0.995147038755377 0.759158321237481 0.197013324684201 0.864697668849624 0.999553742658961 0.465895500484277 0.645525338058951 0.00282424725806053 0.994877790330213
0.167278572813302 0.607478856907143 0.841333113097804 0.777953093283543 0.748937513228212 0.877784933713205 0.176740854386514 0.459700442844297 0.020712223157176 0.256538311130233 0.595146397115038 0.806976859059428 0.168815303978899 0.0466863664402173 0.897581390486478 0.0933675289293618 0.451117567409087 0.363803093820297 0.0181089282568149 0.917849503009801
0.030677035209655 0.408221679884297 0.428680340280043 0.51617175325254 0.0501571821655165 0.570222199808436 0.051192376950222 0.021075546921991 0.749574588114414 0.02361404825777 0.00759411267553035 0.0485493541427292 0.0552132010850091 0.037234176973977 0.25083655213278 0.813822475626465 0.331961974724371 0.180077610163204 0.0397591911262057 6.88106134757385e-06
0.0590903358494154 0.563239700317133 0.139690810440683 0.744602817401499 0.539234652563483 0.514752285223274 0.105855151535164 0.109479762191824 0.527158989702441 0.121393201683212 0.0670347111412279 0.706080850082037 0.0550485916612712 0.0516996296902694 0.317723740210426 0.966202973726393 0.257178874194656 0.60953299529349 0.0188270528456324 0.00183149860606515
0.141891139382129 0.597940090197164 0.503627287207764 0.769335050170263 0.93725657420916 0.521743362553104 0.193478496152852 0.181905747234009 0.814641919133946 0.425694919995791 0.286558588266219 0.992114377285728 0.190495206802709 0.155907675034118 0.642869707789811 0.962356619055869 0.331190829157957 0.601706511855535 0.997133090604298 0.553017816434199
0.156200072619057 0.538866102885088 0.495255946782861 0.851667637438878 0.93930057400232 0.689761127848389 0.0229363621140398 0.901661617273381 0.64316103056973 0.226082065506486 0.544558805508913 0.925788787647653 0.103122343284722 0.0986856387279995 0.686912364870037 0.684699262873204 0.624634917809921 0.461549656201798 0.0105317017941766 0.00178511766333314
0.119896869925409 0.541926375697925 0.481451944996063 0.465132846750815 0.923457887569709 0.139476966484222 0.119974996386662 0.131799898802218 0.000945667117201243 0.374475015475515 0.161622367108812 0.940940437979957 0.173438647787714 0.0432735430040166 0.65853213863394 0.988503946238589 0.537094886526632 0.421828620819291 0.0391288157567374 0.874142179406207
0.121329007268552 0.584462417454095 0.796493135074532 0.639062967879722 0.942071448620658 0.545826589156558 0.0520156675161201 0.187477345927146 0.738112073065494 0.373740793964301 0.186518985983255 0.889475113211648 0.232038695043585 0.0897795956929504 0.933576598606615 0.59740544810201 0.45342419501057 0.356597657062078 0.105966580442751 0.189066819548381
0.101480873625936 0.398568637824477 0.214459118034272 0.723881787010297 0.503751098924856 0.45671584958851 0.0884165547758082 0.161688187575447 0.851665325039632 0.0814138128551569 0.111215548470536 0.980609471679594 0.0808872385720485 0.0753558814968254 0.550556987256496 0.931444304014531 0.306029317860586 0.441846293461262 0.779448344836495 0.0388615343979491
0.0527498049381505 0.495296690077272 0.285160345553302 0.292459867930218 0.177320368884531 0.103262438895355 0.300342391918333 0.0499249910794123 0.0463413815613907 0.190528368503515 0.24430226968622 0.685430654321281 0.162779782221454 0.0678897675575882 0.168329732776776 0.159531473935364 0.47140611991105 0.511659062210635 0.00475959552991095 0.93383276727277
0.275453671251927 0.591071931233124 0.433230267883558 0.579833907054285 0.593136783237471 0.590859241008752 0.0781450750999827 0.433343383020027 0.505348503551644 0.495534461825636 0.64856488262889 0.974405742074956 0.093462777151483 0.109767248354262 0.803337272648034 0.863187021073531 0.663887597352265 0.813954543080227 0.996670800714052 0.973765146560239
0.198894116993184 0.588941236858534 0.746863289726501 0.541115343440723 0.995974411263045 0.378378340149121 0.278968297951428 0.278269086598219 0.186378963663942 0.649972363243927 0.493606455132245 0.829962947330098 0.421504849040716 0.112298253237439 0.797019591355809 0.819532508876302 0.752131087949008 0.50323797602349 0.10421509687872 0.332707169159873
0.06175496524056 0.633843407669166 0.622436098564689 0.326570181399259 0.198340784708787 0.36162088430191 0.739905092768656 0.784222142639404 0.495624640972711 0.143916064537373 0.235269996171255 0.923176630218097 0.103612546062882 0.0523244548922207 0.496749042259461 0.837355707299376 0.572284830762341 0.370551391769052 0.207570227563899 1.18093524111577e-05
0.138602394716511 0.582546658433767 0.16397921442157 0.618648827381537 0.666478607363931 0.246343129781613 0.690641263049709 0.408864243079767 0.746263341525723 0.635692353413714 0.74544083631211 0.73978902735953 0.216242185270185 0.0871930799520675 0.400344403593998 0.999776471373269 0.533671781059268 0.55236727267633 0.008837217774432 0.998196105136782
0.071832010910776 0.537818348924488 0.325688941617267 0.737899832527068 0.763660435072548 0.179295574537147 0.248668196548894 0.1306721815674 0.306056448655002 0.134551638636412 0.20103961797718 0.308099742187657 0.277670011959859 0.18303095452078 0.35267690119508 0.930031199017837 0.803206992949052 0.544709529091512 0.99919927111472 1e-06
0.116753755180735 0.615540481386177 0.449035874449249 0.648785910307311 0.723885478700129 0.579778295000738 0.0522428083950298 0.127037779205231 0.595241286059446 0.0536735417407599 0.159011460984668 0.895371164404648 0.0876812165419591 0.0353630877577974 0.0586765623618737 0.889640276950265 0.423592304648091 0.185713540187488 0.14127229575661 0.000560905971464533
0.11764178024648 0.766950230817317 0.741691565365182 0.456584147928 0.897075073611889 0.688852006910042 0.54574003432742 0.745507264679116 0.99409331122895 0.682285249423477 0.746262447550867 0.986355109019726 0.282223160227443 0.158074234745236 0.498739080228477 0.93221969720932 0.713614821280705 0.804649354047211 0.00192509317392949 0.717777418662997
0.0318377686114595 0.446327195635149 0.392363787044317 0.622913158350567 0.0130794812714169 0.197979398210526 0.0881868564913014 0.019060141036455 0.00431477020542753 0.0964615729575165 0.0212061021878069 0.896450739022256 0.0432615139368438 0.0372070145364629 0.118772927503888 0.948978939781463 0.293346915937364 0.351156957728421 0.0128100809754517 0.855961691587254
0.0726164867027626 0.505224095187074 0.17777314801277 0.299120924576918 0.201879588275941 0.406995795952325 0.126221762086506 0.0451068318747381 0.754877577756034 0.0296699111259225 0.122264247961717 0.983283127083369 0.0149123425520315 0.0423123543750966 0.515699050200886 0.856556200548119 0.501864994835045 0.32280619195539 0.0160360707926951 0.00212115673000981
0.0753532315118757 0.619063890799773 0.214292107308076 0.357558962309697 0.240337268314845 0.149023679536868 0.00430187757739467 0.571546597225456 0.151608886076402 0.124890093106101 0.141371811040865 0.501104517475215 0.0581463524590558 0.0854200025848468 0.345901858929985 0.993684140020401 0.287505777269463 0.466700136334545 0.0126622212847848 0.604609405887121
0.230313612927026 0.497995726507793 0.433337733597642 0.759369994710661 0.123613283264394 0.438236272529776 0.0541890753874565 0.343179186737047 0.960269423628326 0.0220213133370555 0.468111633191976 0.973173548832419 0.287861627403729 0.0815473420878642 0.524116284423381 0.989143383212399 0.341783919711204 0.237361330828077 0.991321233120276 0.0110006414452728
0.360448093470746 0.696815854680907 0.117831804911767 0.687203502019365 0.723393630710491 0.248395080736306 0.33157362850552 0.0422165524053114 0.0732254543770924 0.423436685796792 0.601257739441185 0.984028285928027 0.432179894079248 0.129719138573865 0.745430974405632 0.557426077341028 0.366275063980831 0.443587153393705 0.0100099891131225 0.0409568881279173
0.276941665387272 0.704300993773105 0.642934137630609 0.819631846964821 0.644343992768076 0.19943259220449 0.158146175121135 0.324382469052596 0.544653897931603 0.499896969862113 0.960311778605039 0.842095259399569 0.406128306110503 0.201652154839771 0.837206749935081 0.98098620841678 0.42586639195874 0.755377359538582 0.00480254349841832 0.979632570619706
0.37760118876323 0.769014286032944 0.413492818212449 0.801943139094192 0.914579250215342 0.6602934487556 0.314574760394589 0.918527095169751 0.573409815197971 0.461180308351664 0.935113892849956 0.750390985954938 0.390559828582226 0.37286981685199 0.774731394674499 0.999765549902881 0.710837356842172 0.705753921265085 0.148499621683046 0.998932639993212
0.191693680451503 0.598808328221754 0.725929311611796 0.718678504212023 0.0599549321068569 0.298743865045748 0.166698926779345 0.424313341552938 0.954540871415029 0.375427489404081 0.102425616259084 0.999210484748391 0.361380351116715 0.0750134134791117 0.631694766335773 0.838049279420469 0.462517240382555 0.479628797289636 1.20255817660128e-05 0.25425230740891
0.0701806682035653 0.514930761428195 0.275146834150721 0.530837398000432 0.0110120364051834 0.47235385889594 0.130541403391785 0.268821663058416 0.322695096960424 0.0493445181512884 0.163372095512296 0.951803680955362 0.123845276523483 0.0987091315233995 0.786129909058833 0.195027147537831 0.543332933191177 0.458785715483092 0.675237664093699 0.682219058429896
0.0916874689841021 0.594102046654441 0.387059047357741 0.584887627634073 0.0452044776254869 0.162631147561641 0.0616187115065462 0.119747502422247 0.434965118294679 0.331452983397676 0.0498597092980366 0.889165472500109 0.128763028852567 0.0566225233737696 0.517925454909618 0.479182233234111 0.147502869930676 0.433715414633402 0.0183671081051529 0.000217238180298146
0.121664050917042 0.628762026165979 0.272666994417707 0.756325039288065 0.181962469756872 0.149376365737494 0.286691793350596 0.825892675436322 0.960114115781703 0.268180575218057 0.231503174560073 0.97970176653627 0.133605293955149 0.185233344223629 0.332004426984604 0.013593300711321 0.535445479328945 0.68188364382911 0.889373863683496 0.793209595207268
0.210749494589256 0.552953741624676 0.682011101646778 0.66117702001661 0.627806992115557 0.318214726104285 0.183851023320582 0.208599220558581 0.438543931277677 0.553834994679969 0.291995366341879 0.98034246592169 0.544224532047573 0.239926746033843 0.853901699630415 0.995534701929461 0.528514545635369 0.576074752407343 0.557552350324871 0.00895699536466851
0.355833551689066 0.662768901073509 0.460946541806766 0.579344270484605 0.368363016688309 0.176633804787806 0.513649420522038 0.961815118580577 0.648867844317346 0.734519421497407 0.602163178555538 0.954569793662246 0.398746277198036 0.208501695115467 0.695124099790915 0.781924998886583 0.622138480999994 0.730701771136404 0.99090605756011 0.445528947604856
0.362043970400468 0.75028143904537 0.7067518869552 0.815418478147618 0.990141783771815 0.674709785162569 0.454016493231997 0.87482488010089 0.924446799735216 0.75071613938976 0.373510977788556 0.953466293728632 0.524825396974303 0.204498060606694 0.876412440203832 0.956536489460632 0.561310474169164 0.716032053619804 0.98490793836806 0.976169355419527
0.0428116448976838 0.508650673601088 0.0411460891735751 0.693253879970183 0.167373144733162 0.295038306779836 0.0353434467834064 0.182596979429896 0.416976701494829 0.14569284327784 0.0166188821310568 0.908952466197358 0.0818308755292101 0.0381866929445625 0.639400235158625 0.0020914923068558 0.351531503886476 0.396625426260502 0.00693301299539117 0.870695640091941
0.0876242865271909 0.507649665257488 0.78556816917854 0.514992632415716 0.771780880275366 0.549056191523995 0.038349120488145 0.327175272665015 0.00291479971342708 0.0350191078767085 0.0781421060638777 0.997239224486744 0.0278030395675602 0.0651912732502534 0.759189955857569 0.232264850297711 0.258793568745448 0.511822538816033 0.00408493377757297 0.997855153767622
0.198898847884379 0.724569637527304 0.154340961406117 0.738491151038888 0.979756257937062 0.640027226366219 0.154251982768432 0.96272527512688 0.922223991120988 0.690208760960743 0.922053756085456 0.866499411315804 0.395842267954991 0.322941163033527 0.694176205279031 0.992309034783068 0.74711390470649 0.578860546785347 0.599646253608674 0.969913902571344
0.28651206612923 0.515808883903156 0.251202362548139 0.700250441466279 0.730811812616756 0.394599440464458 0.146166462076172 0.929694624735511 0.843283829922478 0.100655101618937 0.299460070395636 0.949069255257682 0.174853151829305 0.109918248451671 0.838052875094649 0.98656102506223 0.512892668993273 0.451432577221472 0.0221112046078913 0.992869813307798
0.120793516959355 0.54793394829639 0.153842149483221 0.486994411433303 0.381593175200665 0.265644369268439 0.265429978473347 0.151503660282701 0.854897001254165 0.618410864579761 0.0432630055114489 0.997066213699059 0.0720627271563603 0.0577259412348064 0.295409668386767 0.724190314496821 0.412376885212102 0.580116101655232 0.0188125747801278 0.218482532497309
0.0671452245635111 0.477319743697329 0.729726492141522 0.393864666872712 0.746482539979819 0.404030408750898 0.109393975864532 0.350046746062903 0.117385946876198 0.1343109757898 0.183091427822469 0.320071667720928 0.125525451189781 0.062746637838681 0.904375058671003 0.186288739073376 0.628112903598654 0.549631819918013 0.00178920524490382 0.828292287934103
0.129463515639625 0.430099942080411 0.11463188927277 0.431203463130812 0.226218582114568 0.37502274510711 0.10513089081433 0.115925877473597 0.337759135213226 0.0496070457577972 0.175823215898046 0.971769981310703 0.0291183037467867 0.194062516539028 0.235628961361025 0.0792341949758727 0.246074423266032 0.308870852526228 0.00622544813248698 0.300280852295585
0.811631761769401 0.749221791492306 0.901584584263384 0.749309886108693 0.997028363880119 0.369209927698788 0.934401140728341 0.965213777888694 0.877883599132329 0.980638125460533 0.986938603163081 0.997859743426358 0.605139905723968 0.352652056859902 0.941174579347341 0.999990754056494 0.590490920077415 0.663479838664241 0.956124988468993 0.999996401862936
0.15975144826148 0.507369081181782 0.531061097482517 0.561991871854247 0.33568201387991 0.214179000495914 0.132459491602414 0.233569651104809 0.0165544258647212 0.230867703322612 0.26710729986768 0.163271966681373 0.10980139928355 0.0752395467391288 0.0986763592241206 0.512324241909241 0.405595683475949 0.411016972352015 0.959947925093048 0.99924860507721
0.802988597410428 0.819420534696434 0.981279375845846 0.650800811341853 0.99871402608781 0.528105559029665 0.949970250350131 0.998994376892245 0.966969039580193 0.980710898128534 0.995822145420458 0.955391433031225 0.837323238121081 0.425646143355706 0.953798352639993 0.999942150051756 0.756849431175792 0.909720899295967 0.993970711555647 0.0101312622177639
0.0411169258248159 0.492258386263094 0.648223579464827 0.656231385250842 0.0172469619291427 0.0729868631139867 0.0134473290868896 0.337990608402215 0.146768425650551 0.0322150514493538 0.172512579705628 0.664492383774946 0.0794118857868106 0.0977505032244947 0.211466854594515 0.738840665144617 0.220390253279261 0.19078170389995 0.000791729594686396 4.37239151580858e-05
0.311002690781918 0.650114714200985 0.538870632819316 0.884543804177296 0.670747738073277 0.470037265052342 0.925076632585371 0.769945000923826 0.779385134517263 0.674809243215601 0.58952899686115 0.985479355284355 0.23250627311783 0.300730078273543 0.895348797384996 0.996394084628821 0.640670250533072 0.591543376489521 0.723626113245712 0.554411803425822
0.297502032100469 0.7044693418227 0.598036947927479 0.659637606168319 0.989480606443124 0.523417251757982 0.226441193644675 0.871060076140563 0.900442812109228 0.86135554855655 0.971593057460968 0.945578595420851 0.479417415655323 0.249100469501801 0.918553391544193 0.66798857391215 0.585280683964398 0.564429870328839 0.866161299918758 0.999998965308405
0.326517094469088 0.594793477211678 0.889723607659078 0.816790387632658 0.925033343851171 0.233697858239615 0.604352084686394 0.97684262611899 0.964041305997301 0.714878889753419 0.753524116438867 0.982010119901786 0.435482434090756 0.24096720220511 0.869037882751809 0.950624452758542 0.35375574650144 0.716196413591189 0.722386450272928 0.998170993718082
0.150297263929268 0.534907639213325 0.180736013759391 0.579564386161727 0.184364819662033 0.324860292783931 0.139827648952926 0.113076821097762 0.96142477536022 0.181047925796158 0.0941600064846564 0.822843269321155 0.14241662451833 0.0706924768513778 0.513855646611594 0.133810707593448 0.490401641932369 0.727537539875061 0.380383898654137 0.999076243702835
0.223956766178428 0.607861441552606 0.617699534206485 0.653830659198765 0.846137351366239 0.767057905933007 0.0721582469330896 0.165633894270867 0.943578725176969 0.259654990399839 0.910942045846497 0.969027389391431 0.152010872518215 0.17527826833742 0.467286378299648 0.970722730724408 0.53868470834617 0.495560044343467 0.975214597561848 0.84532695264081
0.0349744727900664 0.342374872729013 0.415664850777775 0.316585534020652 0.431656012957464 0.0741953453834513 0.00411832946023367 0.0163362365071087 0.0252022321466058 0.00641336923065185 0.0010278766159469 0.486730953509449 0.0199135395637953 0.017787948604883 0.134214118706705 0.0332753483145137 0.12067674653229 0.129277984845637 0.00535459812161106 0.298905436169601
0.109325311711692 0.504769670259287 0.146005153616977 0.763703402331917 0.480799734525362 0.568009177699024 0.0207670068085915 0.36310787268864 0.118994292159284 0.290263792721251 0.0460362025521786 0.868868815832025 0.113304456510365 0.0676575936914338 0.300203960895366 0.25950587068943 0.384125408616557 0.568705021814241 0.00323697156806286 0.0104855618983677
0.272753826147853 0.687984773274006 0.892843782039348 0.653545641388385 0.965554373507764 0.400291625652407 0.360722992654304 0.983340638396926 0.796121884288154 0.881368879190212 0.644062407398739 0.98667164066188 0.272173295370939 0.332466574831057 0.718783869914286 0.987867948855998 0.514648177638572 0.818416614690593 0.95107827704279 0.0839819824198166
0.116121211526751 0.430151189733733 0.274699631917365 0.257513529387349 0.0104222251904003 0.531937816576743 0.0296008078225682 0.046150238317788 0.25564999302208 0.0209172597610815 0.0234222945742024 0.0176451053251602 0.0464674160015604 0.0272954015619573 0.622098340318779 0.0355377451718379 0.255795194692212 0.312949595132253 0.00353090302056734 0.0883247560710506
0.869005312693405 0.881879562870392 0.974711977268913 0.783804550133907 0.999732493131643 0.782932392743324 0.900889224087391 0.999384441679221 0.972408925394223 0.976922358263445 0.999001292462126 0.999296459532793 0.944094755277251 0.796602700343443 0.993017782998619 0.999999 0.740526850248298 0.889856162671051 0.999886886643672 0.882180535369696
0.208386160024931 0.739125789002731 0.85477639045245 0.673088905739507 0.980041605726651 0.859665509353101 0.348229470584759 0.739177225411332 0.0541476747220483 0.704841333239157 0.723943534545068 0.99924083942946 0.382881221349132 0.165075195137668 0.816726381933374 0.999105060804975 0.89692692211037 0.669108975005198 0.00364667998497982 0.351891078628354
0.500786794719439 0.689624825355204 0.465352617121764 0.523086846662128 0.992977720520942 0.616632353213768 0.235708926410682 0.905439310818102 0.289183077338233 0.851336748779089 0.62952143325337 0.979512907088594 0.504877786689739 0.365105131329453 0.841423912550872 0.994685318602044 0.755382747866895 0.677349067990818 0.996464592681084 3.55606974639253e-05
0.218629005987171 0.599030906371118 0.185795742615751 0.774306384827008 0.915701549499709 0.766214272032691 0.178137530512996 0.62769397470974 0.955068222214967 0.555873827859618 0.351958332552912 0.997924124924897 0.0794883164671423 0.0997932117448148 0.610230684872696 0.924225030423056 0.566928383796419 0.824889948878761 0.0177373704350063 0.948067757678225
0.301254554042321 0.613489633930063 0.596432874952275 0.333680120067088 0.806959765100348 0.0746282255901196 0.38322662280047 0.119214410161503 0.561764983220299 0.503883369484149 0.418082719655298 0.611699844358552 0.171417507194803 0.122014981550375 0.565993101877997 0.0380387274914435 0.277267492902609 0.403022832007088 0.96387441399007 0.338128681565461
0.604807412214007 0.753499941725854 0.872136175794031 0.524754332534855 0.988873842022991 0.37593827015189 0.0481446346099537 0.940512722012292 0.0277410121099649 0.831739744570443 0.821910943342568 0.999288746025263 0.680667995446782 0.565523208698558 0.953903356178545 0.998099712317002 0.875483140486333 0.779017279260404 0.914738523418651 0.975268585233455
0.0676087893311161 0.515063888420689 0.18533024872628 0.862730235583842 0.125599007783168 0.677691387177736 0.145792725276377 0.248692474372371 0.636216565504878 0.110403425704748 0.105047954275067 0.958692478248348 0.090170065178037 0.0389230012450691 0.515336171359929 0.95260858003025 0.313986647805818 0.434268034626353 0.000310554126179353 0.0157795585065547
0.119011869650495 0.539102182014201 0.663067523015383 0.445335393348196 0.415315252596101 0.295454730516175 0.0366887799872325 0.23258290887498 0.375789186530179 0.25425096930528 0.191391466399065 0.61324130085391 0.0495408391306054 0.0964830628923775 0.454535623096215 0.694107240655516 0.549984992970506 0.572147435037369 0.053653457961024 0.00160642526701605
0.0282957184761902 0.506579400976812 0.0323662484977748 0.395203696380873 0.0145857015446159 0.740169710422712 0.00397667170867836 0.0586756577039307 0.0477636892496314 0.0287956566306876 0.136070053309142 0.0643815985400839 0.051609934661789 0.0221495156934997 0.163161386852772 0.595615535656191 0.496746149342404 0.417521457169452 0.0201314497828626 0.190563941565747
0.0802905535929278 0.466279608184881 0.268261767958354 0.517429033610588 0.0953922107254348 0.163091156620409 0.125552660135488 0.0435273890827833 0.0059723311873972 0.104366661119346 0.241571075638391 0.383925662098151 0.0850776418991456 0.0518462230528081 0.476902228130231 0.559407106924657 0.203949928769971 0.690752523387924 0.0135351975136706 0.000129029509191256
0.34969915046105 0.535802643802108 0.471763702628977 0.558161663122516 0.822040072667147 0.309668152915849 0.191246642703182 0.475124574984109 0.905947740745057 0.767446006782246 0.317192471394055 0.990548493206051 0.589235569653166 0.124461682393187 0.768397022127124 0.999963468588125 0.255320401426908 0.620088877472507 0.019997416587627 0.0458185093928055
0.0785823699857445 0.513311022855816 0.141146647215797 0.55170097540587 0.148627550260815 0.11668361697079 0.083435537374803 0.0187170522545901 0.41236017358164 0.0329915552635874 0.033906300054442 0.638919185866238 0.0365905866069846 0.0317954352929528 0.124899065689589 0.158169786784351 0.490100755858732 0.481696078347123 0.00108062116653666 0.194118204742818
0.140832754971976 0.500606043989926 0.377851321878725 0.751866514892904 0.362104749969139 0.184748624998889 0.14101497112608 0.28574767081528 0.611961536360764 0.116025170020507 0.0655749176474917 0.253944749363379 0.0870204311267698 0.108960108774998 0.472145960925587 0.994307274024856 0.697999778210883 0.385169279293228 0.836192048454468 2.5713164516025e-06
0.532115913802843 0.687774184375258 0.902400599361795 0.507806003908578 0.774373612731362 0.388027470610368 0.555206278276463 0.378328803445339 0.95380560205438 0.839605306217331 0.986675999934779 0.993428098292374 0.883215398942658 0.284215564067475 0.886080590208879 0.999633289803607 0.387015531891987 0.643733494750798 0.989406412978134 0.996550763410089
0.230586514266939 0.49548284086564 0.677524202771738 0.764337918771101 0.738522675177694 0.359417098740924 0.131655978743332 0.0655564115995166 0.991834047260636 0.226258952556805 0.487716090536036 0.864499490636363 0.253368903980549 0.15874843475107 0.846238387331999 0.924030513014507 0.811737518565616 0.798880284733634 0.0516198770150202 0.605153511640154
0.0337635745124712 0.561051210828117 0.153753530208822 0.311535450407118 0.524101955892935 0.689877482172565 0.223394023733142 0.0650308253821439 0.617296642209712 0.0785134759268572 0.0328268370503527 0.996786182918742 0.0985638222846652 0.0934977589693358 0.638464440127587 0.997277266948191 0.272172636091951 0.299645859254478 0.000100445079896489 0.0130319589163726
0.138543942968784 0.590877042644237 0.536785029825362 0.593978963771756 0.891571002354588 0.204286711919235 0.0979248225150163 0.439042791301665 0.828987142839904 0.226523727434762 0.125720745055814 0.439460307073188 0.188942361320717 0.0968075251674222 0.117204184455167 0.566330049609962 0.178043712507379 0.40317350791997 0.0288067347264414 0.88077265770344
0.294502794565042 0.688281938796024 0.34412923072887 0.843998576842955 0.924917599584752 0.377225417582658 0.270674822809046 0.57051902301788 0.67346765226193 0.229603387903752 0.599127152617977 0.930709189567836 0.303579234642444 0.133241603282865 0.849378198526806 0.999841454189575 0.206714539047176 0.606657392530882 0.00017409260369221 0.999767968590378
0.113340009531611 0.521029000382014 0.123055990023188 0.770434388270083 0.105872080319965 0.35216977050326 0.0375818476704554 0.53783144417255 0.51726118548068 0.156050456401367 0.658182321409114 0.531123431979929 0.14552618380518 0.0654137720246394 0.531978153955172 0.00125193866432248 0.404467695834648 0.666425154119531 0.0303502266970825 3.90774255772405e-06
0.204616743650766 0.683579928293205 0.665572758490626 0.681587365494636 0.901015211825263 0.585177112989815 0.178897207634809 0.217266889365682 0.637077420611584 0.381616238422637 0.336081379931965 0.977888509410293 0.358938983980022 0.192159434285375 0.586585244450683 0.766571649174739 0.318942619215683 0.497307859272648 0.516890046886728 0.0012128446277792
0.760117287363031 0.809795148700095 0.90452804006364 0.629272503202155 0.98751179023012 0.220686281568456 0.515289509185587 0.990485593147509 0.999004963281189 0.869400574324747 0.992577010689095 0.953072608928281 0.901281740555098 0.495150273452142 0.850040197418829 0.999955915297983 0.838897194021432 0.801577125140733 0.986633945414156 0.0738854534636639
0.470596365492359 0.673571846418873 0.431749782414913 0.704935808511496 0.787663578960645 0.279769742121459 0.072548572202228 0.667316870263424 0.0219977368487826 0.659329544483307 0.325651001024088 0.99323629245396 0.425967158180454 0.156040575140593 0.7895171780524 0.901770733888971 0.815725519779793 0.614214874182203 0.0448464872904815 0.304819581434721
0.101754822488884 0.632288659104611 0.728219932749763 0.724791135478876 0.853353373151713 0.430112006063422 0.229495041669599 0.607219414618019 0.509244712453636 0.371894315277411 0.190547680808976 0.876178390572173 0.251848531932328 0.0548280349726041 0.534411408017758 0.986265269178544 0.610048095796909 0.61519682770888 0.0287169249770938 0.000314297082252593
0.163739837977507 0.514441639756588 0.550805997257709 0.491445296423192 0.405837848698624 0.794813772335878 0.0587924508753286 0.814759591420981 0.184855598028556 0.454719972607797 0.356036322466292 0.583909186641818 0.0743346103859051 0.192436095017477 0.238155660556162 0.770938056452046 0.529269021359291 0.588809411080951 0.0138321477865078 0.999997574090662
0.0609358294603971 0.511674527495616 0.802708770004206 0.656825936073049 0.632420197498875 0.174555293899403 0.0318890954999544 0.208920930404151 0.506453718265719 0.349418561526277 0.170069194637466 0.935088211083475 0.0790283595617803 0.12777652078552 0.483223010991836 0.00702998650228742 0.317321452056831 0.340882168729523 0.0126766723473422 0.984057654629132
0.0477936298745395 0.505902225728717 0.579479194820091 0.49472598928239 0.0671859821678868 0.168513893453969 0.0285889123009785 0.121685832421354 0.371656322458343 0.347819799873495 0.192057274956808 0.761072859088675 0.12984435818133 0.0363037719587781 0.686716999846735 0.624450544178983 0.337725913231346 0.221860326398602 0.0234430335371813 0.884255549198428
0.482362815374821 0.75516167872282 0.753349535989521 0.554909915955288 0.987714634080584 0.330906435169761 0.169921405364182 0.950820598868336 0.468478791120585 0.959913863696972 0.706275402980867 0.925040857500112 0.184654701636618 0.211693910267272 0.888268799265737 0.386545706991473 0.700510189160131 0.647712230803388 0.185132000198195 1.08785244703183e-05
0.459400458719241 0.745591396388328 0.860698490507078 0.633064707976738 0.903295016858548 0.25640089013683 0.320636974886456 0.969439168676479 0.974392590540829 0.91872443402137 0.907259433059721 0.973573736945581 0.522934920075454 0.172709359212723 0.495024373083863 0.853491300712648 0.52593794887376 0.658530359816806 0.17091364360913 0.998882627544297
0.157242884303158 0.534021570454123 0.580929956734568 0.491409424448042 0.0876018881655738 0.452953584637288 0.0363027929162844 0.479524024440129 0.104537917082994 0.0372320315045101 0.172831083541289 0.955684767997716 0.0526512038161974 0.0654455446100963 0.610565656227815 0.00909009118347866 0.374302952248906 0.603246605131403 0.277077065662809 0.00358142141902453
0.0841452218087981 0.460520558761389 0.383507124319755 0.561145435091626 0.0461574752477146 0.27540271194029 0.191581394424494 0.032188334750636 0.0674931543938495 0.104126680797154 0.0544588223295446 0.567450470076612 0.0693983891351004 0.0626688524251036 0.368056554909588 0.253549238570084 0.607857797923587 0.416834896039069 0.285086475719246 0.984768231554404
0.320217333145181 0.506363689284494 0.770503247225503 0.624632749464948 0.211226765582632 0.301176543546196 0.0658170555840026 0.382306287922526 0.99123905143196 0.525745693417185 0.197733083965879 0.984975197990493 0.153588848369036 0.235651591001315 0.540635351904878 0.553291577425983 0.398353165195842 0.666314464725956 0.947198978553088 0.0314811303011913
0.0500780482298547 0.39823265309846 0.175123973331512 0.526481115788539 0.2268101659913 0.474437302694166 0.0931263650801374 0.532129298868171 0.0952728594508446 0.0362248423798242 0.070251118198301 0.764838635224808 0.146270668740688 0.0501239874325503 0.328048527502599 0.956533013552748 0.259784610697974 0.293456304538311 0.101606915287066 1.20119048429216e-05
0.760102533375495 0.691083644079264 0.568003190930813 0.552667243882788 0.996482770485193 0.421250980393538 0.341348783202008 0.989223755821588 0.912981843691866 0.955626052094792 0.844899807175943 0.952838632759174 0.877460790072973 0.533681052173831 0.926115070899732 0.911297232652314 0.528674697765155 0.924702634026209 0.995242986698038 0.00238482456389588
0.0540732484489799 0.403339692477228 0.337944883637844 0.611258466946083 0.402501265096641 0.15110329722221 0.0101077949992272 0.0119906193322465 0.233962737849149 0.155829935475837 0.0656062781873221 0.416421918733878 0.0688777492134048 0.0648318823265917 0.78415741853007 0.967281847837272 0.563532614867032 0.579198864250712 0.667595267494284 0.934353843003372
0.374348556602244 0.60248385001802 0.829085494232216 0.756217751409304 0.968767105937282 0.206898926504225 0.0936086701840346 0.827726460105891 0.384383579415217 0.57122891064132 0.177404189286007 0.908064500152013 0.345087491289149 0.133399817614249 0.656303557363554 0.430116790731785 0.372593816086853 0.595473139642326 0.000333672629163456 0.999998479330215
0.276588772497833 0.602987486099107 0.270763972541697 0.587729042853382 0.245766187087081 0.780088046786627 0.412834997726372 0.446169985209157 0.884425592100141 0.488645439807588 0.641986164036015 0.539051226509507 0.191491494557192 0.107827173132292 0.653104263921015 0.983168285138454 0.609357465585524 0.461715099115636 0.629215869829449 0.889518264161316
0.171239068345146 0.570905920962682 0.689014940099857 0.717608899338945 0.882916755419416 0.526285698902379 0.366755150343743 0.160339488564495 0.163620475904946 0.371516257821429 0.0645702048526346 0.953041860632792 0.156829043250032 0.117558340608206 0.606478486647465 0.974309881607202 0.1354916123455 0.534305503037673 0.0304476429105017 0.460450140579867
0.154266635354139 0.600185464778303 0.128048208980131 0.642718600556452 0.50222577554995 0.390499530584881 0.0823755045678582 0.0476043320806688 0.145059734071766 0.109016744281558 0.0748535525901556 0.940553194135379 0.145586512611353 0.0664657091441351 0.47536938292775 0.836555959896486 0.361963393905161 0.713727589224136 0.00148313515472188 0.00174334867075569
0.270478407444091 0.588665072529058 0.583999957191057 0.825954306900589 0.777349792291183 0.313955959640618 0.125678276946721 0.941755730959059 0.0359508911352724 0.625112589079199 0.333158607318059 0.818066854002083 0.234321197800869 0.173107561631499 0.793258327054218 0.699999960830231 0.603088949804284 0.652669579865203 0.976553857892045 0.795116527003214
0.312735492977892 0.679124545976251 0.528027354670053 0.770453804647728 0.928100653379421 0.422220628547592 0.452132673631362 0.918658526167358 0.180048481746177 0.950707889538956 0.920710548158205 0.931946066617109 0.639467020451611 0.434943112980463 0.955712660844472 0.999864114681315 0.640496391457406 0.626690730330814 0.958441458442241 0.979320649008185
0.225902134709687 0.597548080561772 0.516936029467998 0.573145130032106 0.539330822154048 0.673340058357283 0.0603106472305209 0.279115722226661 0.835656607195729 0.935987825424846 0.280463584456744 0.386751599991755 0.363948747087875 0.239598691452911 0.274413745579204 0.862559342631345 0.424983011787457 0.608359569077007 0.0108266122360631 0.00553557864557386
0.0389422496318159 0.378906546968217 0.53913577637863 0.549091761860425 0.423917384883722 0.140207761762686 0.0628447151264808 0.209490285570528 0.792418814889284 0.181448143334464 0.021840181153977 0.811489204959067 0.175170964603941 0.0684638336311953 0.563121224890056 0.977849180425069 0.444016316021084 0.539561010482724 0.21219237274592 0.536613327885336
0.172870615124441 0.564503852772912 0.632306152676241 0.564529036281339 0.816946978710911 0.431723714088235 0.0279233919999449 0.126376538896863 0.797646890774073 0.328799560298172 0.0704669297130513 0.969581237339067 0.137567551786271 0.0826797566287959 0.617847941524297 0.834373345138809 0.364984100569924 0.54644621357657 0.00151563556791492 0.672389770824875
0.653190816786094 0.755553821776933 0.908873398836782 0.851016417519254 0.975440760697021 0.854197521244254 0.65525272627998 0.803885723434145 0.936188383440863 0.990133178891193 0.993525469143026 0.991844523929537 0.857164402236202 0.50769259391441 0.93281188199503 0.992403793767683 0.596333766869883 0.930653919052888 0.374771278038586 0.00509238526645064
0.0831809850938407 0.591509797258965 0.274668767150661 0.6722068235337 0.192935390717997 0.307879778561559 0.139107115065689 0.866549775979576 0.0355227185726362 0.133070958569573 0.110647691765874 0.997495796475731 0.256003639947728 0.0608477059255149 0.402095791122579 0.992108666662377 0.735979735113519 0.394370009376619 0.0369113639424593 0.999995474873293
0.177996899213714 0.567559681268964 0.688340736117549 0.742131065537746 0.148402922534224 0.767689393924684 0.117364193991493 0.0908648012780343 0.11139898028617 0.158529701134442 0.109279353210506 0.984045986654344 0.115856431733073 0.0692437724814809 0.546272640657424 0.21489836741557 0.333250027042331 0.498054153285956 7.92778803926984e-06 0.0412499845756599
0.216972249820826 0.705809766975351 0.169977942538693 0.55181498561006 0.462174079663195 0.398969087590511 0.0906254093626545 0.368739883956937 0.961305054429069 0.476984812286488 0.414118266395611 0.99374015268922 0.180291993203884 0.0889487234201631 0.710307751066616 0.957989647089598 0.63027639260807 0.566445507612054 0.227753203305679 0.000165968026532946
0.0215249507366906 0.463048838936246 0.620471932515906 0.449615273352281 0.0103865390893822 0.282318917033009 0.103604511832372 0.0193166321349681 0.318408027351584 0.0146440908467516 0.0109118625216736 0.190871624426988 0.0420451159137948 0.0137793711970528 0.230244650300452 0.0207380981067104 0.19310761246131 0.170742590914853 0.00748310474431858 0.000458413192565885
0.0949836667414216 0.629224293513976 0.802245467759991 0.66801933617236 0.346392935945882 0.371118808206741 0.110652397984201 0.368140993252893 0.552627298719513 0.424407202054418 0.198657717524849 0.0618266928533055 0.0734914339504877 0.0858034096509076 0.212225949960664 0.817311002247842 0.309504534719881 0.603904283469192 0.0160762710795816 0.000366569565586716
0.134724242394063 0.668305846624457 0.732319355212188 0.768446425579197 0.784308343316745 0.624456278346699 0.129586354241817 0.689994798741911 0.305441044617666 0.668343757075818 0.629166917629283 0.791254244697333 0.298619127936185 0.0797500387617003 0.895907439268958 0.941459665276889 0.594178419145317 0.587422940845767 0.667867452935213 0.999989440424614
0.456377648603487 0.566992776476603 0.941152936093638 0.737629140104179 0.947031172426218 0.311676894580272 0.193675379378843 0.94779062529148 0.483071968717255 0.811914992224175 0.93403395584739 0.998347028379333 0.465481471934991 0.203235669660892 0.861680565282831 0.990246166523015 0.799732839209964 0.506183528116685 0.145231227412961 0.999496320115126
0.211814001640931 0.560059055026474 0.609121563403601 0.610523062769654 0.861332180407865 0.284229875544821 0.042875824392744 0.0878031237995519 0.896608741210336 0.480717882881229 0.158233165315925 0.884339524224852 0.165826866262934 0.0796916083164537 0.60961876547348 0.996808518661585 0.405869736522313 0.546938698350939 0.0349717241306094 0.962211934434169
0.0189160529801736 0.417335786317162 0.174573134685089 0.598532430488763 0.0742207357093276 0.336270163238547 0.00493488475745067 0.0790294226385081 0.0037519213466391 0.0514268844865877 0.0155252983928811 0.231631561188486 0.0197570397120287 0.0203468110249966 0.278506595882031 0.881659341281397 0.202684212741343 0.333478903809349 1.00252632801713e-05 3.77938571059547e-05
0.250894820207515 0.636691282927242 0.597846763352114 0.758927937335609 0.153547143672783 0.336774233270295 0.243780584033915 0.400699960550756 0.921465981188074 0.796565912969002 0.813944372781674 0.92876929720335 0.269211373318959 0.2564181112181 0.901867930509877 0.999619490907137 0.574608941559465 0.524653775427854 0.0422491932938765 0.999819077790419
0.0492232174672059 0.56911839386363 0.19012518279205 0.425971719477239 0.248955955631106 0.654709217493338 0.203999049735857 0.531344436362389 0.363213553156493 0.123335116980502 0.378424602829391 0.00595957263156332 0.104690312291349 0.0721144342558978 0.621873076237902 0.373544239985108 0.392492565422806 0.204460987752843 0.995318256366279 0.0167510500633954
0.154235752190962 0.723972871701577 0.865229299453929 0.794702540664466 0.99549432094752 0.68238805214867 0.61996422068445 0.712987802091017 0.99771049583526 0.738311473804315 0.979140296879349 0.997568684317547 0.625808207795776 0.228145960719613 0.614093748653465 0.937338112122975 0.50657782913335 0.615287174543798 0.188048109052681 0.835012744552146
0.748893393292491 0.808610391590018 0.906349472659768 0.759981712299531 0.989903521015458 0.62622274663664 0.625700662055811 0.998659199120692 0.999495375971609 0.942946338588816 0.871139105046265 0.996175267023139 0.908773188284312 0.592746822590566 0.925750367797547 0.99895088599395 0.942731428838596 0.792272204981853 0.991958328605691 0.175325965465845
0.448180295746926 0.633650799726474 0.592190433977334 0.814251748859333 0.527787731653418 0.427083225424072 0.321964422593875 0.924408528674222 0.964510253293605 0.85585584315303 0.866382595507966 0.992198332319967 0.291284770475829 0.336748241523858 0.899229412838851 0.971471235151151 0.402071366430945 0.794022890802358 0.202029650283277 0.000123802395384197
0.141757381953537 0.530577005654827 0.465214254466606 0.467755413565258 0.814246117814397 0.495792608952841 0.0210968677602455 0.502516588282871 0.856022011950787 0.105688328335662 0.391170854170173 0.995123241349411 0.0978664510468592 0.210952494497115 0.729216061744485 0.0792505626947369 0.226646394379701 0.52432383461912 0.421235447997041 0.457720525023777
0.076438028704031 0.49062427934038 0.581034078206164 0.717208551828616 0.248419213809729 0.717813813884042 0.175898993234442 0.196133802562491 0.0902307361599427 0.0521718173349104 0.108460560153699 0.912315382105655 0.202519105085587 0.0821856884667152 0.832778364768809 0.879761839184838 0.691032171228217 0.298140518259775 0.525421378774093 0.995499616766732
0.015654463297857 0.515067038923703 0.433491419255334 0.421335700358892 0.0690588739517082 0.198469503100606 0.103788876941713 0.0668577254525786 0.00684080880641872 0.0616642862868351 0.0534432533313007 0.0306566302105265 0.0359937629552254 0.0269424518921561 0.379945797337681 0.88235841153988 0.344070814927491 0.344069199308156 0.0046503701253437 0.279754901699043
0.0371634985785044 0.502258818741649 0.109912486661692 0.404365967504668 0.0106496234609388 0.402403112372952 0.0091750337901372 0.360191307498089 0.346882275386447 0.125419091672849 0.192146772966126 0.978669237303394 0.027139636276358 0.0332881909560115 0.464018242792427 0.33173715656887 0.28062814158064 0.290906427158811 0.014862360688268 5.52026146362288e-05
0.0657353675751009 0.488733740480604 0.705936846560163 0.622292938998748 0.0684788432310305 0.15371777511068 0.233589557317351 0.0345167339157816 0.0191482846745136 0.0495173256930872 0.0179715816913246 0.571847778966591 0.0755643137202398 0.131173756701968 0.773344270983114 0.0688483727646259 0.227851512210635 0.332186352875722 0.0974578690242491 2.34835021829167e-05
0.016687637522387 0.407243110295608 0.0338451665680947 0.380945618726117 0.017686790514774 0.173181373491327 0.00332656168695162 0.00832644786008438 0.0388853557262143 0.0105543523379492 0.00739737914294537 0.55527456479502 0.0151283699148776 0.0184082627771874 0.104537142610444 0.0175142830429542 0.236783979666254 0.206470310379838 0.00550808728711132 0.00193118358208218
0.154841859956758 0.591202193795174 0.562817264648193 0.68466318679775 0.538572102277602 0.168426480297835 0.129860637515377 0.408124581126759 0.997881744853258 0.111272982333024 0.176984102206913 0.693805998867385 0.114037835368939 0.185422668181911 0.83120365343397 0.927996933817332 0.71682765034233 0.349025093339561 0.127398926385383 0.0712998004396567
0.287349486039532 0.730339742912633 0.910251673545943 0.562590444122471 0.860128006615086 0.391356292592239 0.0428349103779884 0.199016572147281 0.103487210542566 0.354697682944968 0.778967114684203 0.895877308111014 0.538055160155589 0.304308654675486 0.555339042605686 0.993953105218125 0.457407232411964 0.479150669597245 0.978669226969143 0.999777820119083
0.539150572202659 0.760866660735293 0.726150983428481 0.497379622506656 0.994851022245645 0.222152270938556 0.722072593753822 0.989791825705605 0.999560778470846 0.678816378887991 0.904503790674157 0.997287686374928 0.57611449143385 0.416914552641563 0.862889595603139 0.998974225453557 0.685163149968785 0.843265551109214 0.0796031345750381 0.994145318118143
0.0115556941213468 0.395227618473166 0.17779435701727 0.263732586026017 0.00739934463416428 0.158450300754727 0.00137555047889147 0.00199168956569404 0.172626486347165 0.00282364138978992 0.00192698231427935 0.0426099640048629 0.033605100770368 0.0147784121485495 0.17009146526175 0.120438664204171 0.258660419823709 0.219373394754339 0.000301104616559333 1e-06
0.570934621637573 0.6682954646868 0.757291295640354 0.52773944401731 0.951387572371728 0.83404152870501 0.80368256907837 0.986938936219535 0.99417981238793 0.813094026381175 0.987205550390024 0.99847508792524 0.466286081058339 0.486948832949374 0.904647937226921 0.999735331269297 0.337536858508983 0.736728687636944 0.92966659647421 0.999985834705392
0.348547000647887 0.62202046922473 0.60871834461321 0.493741857183555 0.891957118605434 0.645449608911916 0.240593498264484 0.558088926521238 0.320857281672811 0.217811326352503 0.883272741463629 0.72679939101736 0.175227453896646 0.253561019253912 0.310343228702169 0.929896319769906 0.552709010930803 0.509920483418782 0.00119212134334899 0.999905148303753
0.16839828640607 0.495753775434745 0.633645789943141 0.427763147512353 0.474444604166513 0.2491175469168 0.267547991780182 0.857280136971284 0.472815552156005 0.463350459855954 0.21939171217163 0.959268507597304 0.304140972688508 0.193355762059598 0.438249609562441 0.999595052157594 0.454457953240087 0.641362726213289 0.620740482875315 0.643739538377857
0.157772521837344 0.630614962292018 0.571546554881547 0.779993664715648 0.860497181008875 0.244718229093593 0.258413603000202 0.785578356856016 0.745420173122143 0.519483190240263 0.671047377062886 0.984672999161226 0.275705988149916 0.1069676499851 0.601758412281937 0.599936638533968 0.591211428017735 0.4503029177367 0.23208639650479 0.997581044298282
0.382369689392468 0.688583242686206 0.730011208128126 0.253696304097963 0.975156566060417 0.384000807324718 0.24152836497828 0.623456011828487 0.740421726412905 0.859658550793229 0.582354697560153 0.748311461328067 0.538122063950652 0.383236760886853 0.829864517783775 0.980547573258686 0.553461535822067 0.736159881158839 0.0588432587101539 0.104127770877292
0.0336894025251456 0.457409088984901 0.236974320192266 0.433485508242491 0.0743051572467901 0.130007847657441 0.0112358293579851 0.0515197602334263 0.0918050028972641 0.0325217800609299 0.139069002560754 0.676913969000419 0.048998497135863 0.085094546873902 0.161973997141984 0.23415870733642 0.215960039583274 0.53347892481476 0.384772471539493 5.02822711693408e-05
0.499419701130426 0.739604165125762 0.829162453154492 0.472106961534502 0.98462330181919 0.926941211510707 0.395715944738013 0.98179681961917 0.946231501871617 0.960141606584283 0.984560614721899 0.999486142418614 0.295200780046542 0.67795445729216 0.943822292579971 0.999781709996056 0.372143547013988 0.875720017996304 0.02451619939058 0.825338540040482
0.149779787299663 0.463697686972314 0.439044010251488 0.569572750815761 0.105234602844917 0.197909172887722 0.273476172286888 0.36356585770821 0.393995258706818 0.248672872698249 0.357740411719701 0.764918003018678 0.0523648089512836 0.0857938918233238 0.695602620519118 0.866167931660376 0.62702019954545 0.20119868803235 0.00266488404143621 0.953996294746858
0.0179618961159358 0.39833470418608 0.0645282173607026 0.37393035420395 0.00618642506788373 0.482568871340743 0.0137918829179653 0.01414700645657 0.3370817159076 0.00644908073650759 0.00719402957602348 0.887680166569005 0.0111597820576682 0.0108279215050615 0.857712135001163 0.342893476947081 0.282665516469199 0.285776557352345 9.91799167146327e-05 0.000475648651337814
0.0537663050110764 0.398061158679927 0.261940312869554 0.717746670113758 0.109594427487496 0.184278113180579 0.0370430098918448 0.0146666426124317 0.156935254165446 0.012339146386077 0.00546583153506244 0.175443019868609 0.0401793714176115 0.0131570169221938 0.375737498632157 0.0236717455852842 0.372038983014867 0.129599837793335 0.0115979772335499 0.986525510893969
0.0318061178386837 0.400004782314349 0.222646888911281 0.3596581583321 0.571220720606598 0.475558980292623 0.0316336179146091 0.00391803615216343 0.285308205678892 0.0435855419315264 0.0215464773938696 0.0109339446317888 0.086576470661465 0.0353071251969305 0.277976052723684 0.806593542402836 0.3955361086148 0.311898160083288 0.0108406790535962 0.99274696228686
0.204722324118759 0.700705682581356 0.724024000090127 0.529652233265631 0.952526063615638 0.470340966921841 0.257615467829113 0.989983411358398 0.907039518742945 0.579323784055263 0.956116192061468 0.993659938939121 0.398886722607347 0.336727564912262 0.804688951639286 0.988968191308466 0.683604520127546 0.619005551136207 0.605101010061532 0.999762709434203
0.0460330498101512 0.630984543736517 0.474328360524313 0.723723973859366 0.103967843643401 0.236028890307219 0.0910008029934344 0.120755444241393 0.530636847437584 0.123175859171284 0.0235424464291604 0.63401186609993 0.0599757169779619 0.0478297721819205 0.188740458350319 0.633976961181067 0.530303334411202 0.641067261513787 0.895410841107079 1e-06
0.170679792786305 0.596930159672845 0.205052598299265 0.752841995214789 0.919853614698709 0.633272720644378 0.668077204154727 0.635127860143397 0.622731586904381 0.71618452140464 0.0905562160390458 0.0972983654426823 0.470053392065143 0.0952272412778006 0.582757153995442 0.982370307295723 0.340832348198491 0.698396803369532 0.00447224641415737 0.037792980886923
0.083144304402015 0.383508831612488 0.123877362451816 0.679843522901196 0.209650627366467 0.304053553099088 0.144464141353847 0.64223077111771 0.00641827299675363 0.077295885569757 0.037429083576913 0.037465594856117 0.0679774942902757 0.0889142993383615 0.46204919496611 0.530342750631694 0.434437812026588 0.418159518548634 0.00212531416565803 0.309759466494159
0.12616553225404 0.638321778685142 0.642381923754617 0.589688345221631 0.131497704432629 0.416563923181032 0.594618540264693 0.979400977222397 0.494877033497106 0.568888320232104 0.0711640934148086 0.992949715504583 0.360023045271636 0.146150754450243 0.822607418911274 0.979846891054139 0.860172857493759 0.611715387272596 0.877448358342713 0.998034798060998
0.501746072672056 0.707591133881019 0.967298669432521 0.782751575634598 0.887192669391521 0.849073756971492 0.325044092195841 0.589431134659876 0.991249908735604 0.954504893716227 0.975053986589468 0.998938152773302 0.712125563748013 0.503177970809112 0.961714172243332 0.865457949456389 0.741684422886018 0.859464257712672 0.0361315339896413 0.571126714208402
0.449611247850126 0.629915683353455 0.766785539313315 0.62058709891818 0.843894231439347 0.881819162810408 0.0339183252051494 0.0953086116804899 0.375092308686214 0.169410183179094 0.697663541728333 0.906365827526001 0.232400290689436 0.103899249370884 0.626275676349932 0.896892977343916 0.417420672257995 0.666822024324125 0.394735413417114 0.996103184556755
0.338929785695565 0.66632480276037 0.931618508332647 0.676629202214139 0.892500158879937 0.469504994985278 0.265253102946359 0.904340719517041 0.454513095804213 0.517703837858483 0.825250795293499 0.784890449476398 0.241045610503881 0.174312360820291 0.879788893306572 0.162927138907365 0.269296434523308 0.549376669336151 0.00179276632072244 0.990708099527327
0.25459247461928 0.646726905812057 0.725806120759576 0.552911397800086 0.680871993926789 0.932302559183689 0.140864473032684 0.498332546095527 0.447066247432391 0.724537337252151 0.887322899536235 0.957515554921418 0.167880148060077 0.100909234886971 0.261534005776328 0.999092714262227 0.629692727440742 0.576919245123379 0.0488828599182659 0.28083451861528
0.74139423588853 0.725556558056177 0.300326337095481 0.942889868517487 0.991629753865781 0.374939598064721 0.659690833668922 0.962849711839915 0.736225337303852 0.987762948236139 0.998475939792252 0.991306709409841 0.679991200387361 0.35505704205645 0.952570438701957 0.989431609290091 0.826710184033389 0.89320132462591 0.721177436282358 0.921483115781223
0.54673248173968 0.672817074882637 0.825982000256249 0.69717379351063 0.963358180836866 0.740000714892471 0.426053563392644 0.857554196910174 0.540127820247352 0.427191559281345 0.808825982857229 0.610070687182423 0.337516140650964 0.246609907867797 0.79949897586555 0.6735902793078 0.644370885196634 0.816227476960225 0.0738493296569508 0.999996753170103
0.245573340064027 0.588158125524286 0.867897387602609 0.80369994975374 0.845705229819922 0.628870486733153 0.0661218320821445 0.685515280148149 0.893500790176014 0.693841168301413 0.893217303131269 0.971739279059208 0.761480298183872 0.392457984519037 0.519784763481951 0.999832744502583 0.573363968111735 0.769624262108572 0.313384422307384 0.532958952983303
0.0894149121668531 0.500944403310739 0.263125519415206 0.483447670204482 0.848531272494818 0.507479522568572 0.497091857259908 0.67402451331888 0.347690023794526 0.508883475561139 0.25287887894521 0.964050891765247 0.226602344256661 0.100249268079315 0.703934591595179 0.798821769315071 0.300818377085797 0.61647954826964 0.877330387109947 0.00103234044438976
0.166070240503346 0.730139146440294 0.652461634415398 0.783296221928355 0.823522492706041 0.347543349392953 0.0128134756540344 0.295939851955953 0.716428860689672 0.393854757804629 0.145996452051308 0.199394581021854 0.229527835842731 0.104087267393246 0.868178652509114 0.960627207721827 0.481303770757957 0.379699869770805 0.000717853138428735 0.595557232283876
0.797088333057633 0.800784116078562 0.785669477119087 0.816027712791689 0.992343173262741 0.771341052454547 0.426775494657025 0.996185730354514 0.998437429792015 0.996754806260113 0.999408846226849 0.997946691651652 0.915119144447401 0.621725771672404 0.987897715731375 0.999980586979889 0.791040187629963 0.884127824522336 0.244849335752346 0.999921198861551
0.0488606060622375 0.401160828357715 0.138611708723807 0.508295350969556 0.362449880831736 0.35822548305591 0.0194859616468355 0.177309715337684 0.00577811065721969 0.156592764371633 0.0974339743523698 0.733613324570756 0.0353366645137756 0.0326279027505436 0.140750005788236 0.978328848616085 0.387543759911306 0.421906755719349 0.0550862252570584 0.00540138317548581
0.107468243425196 0.565853355508547 0.5211282612372 0.488584030260433 0.39402433318044 0.765879983605198 0.0219550811279253 0.255299171405086 0.928449874858779 0.170490476898592 0.744864572502429 0.787572253336654 0.25911389342233 0.066600298079963 0.592303928649292 0.0978134871358729 0.565702895313267 0.708822679199161 0.00026288899678757 0.84794843208708
0.341799222729563 0.660780450746962 0.694134808089361 0.733713138934285 0.937156083470648 0.5345956590077 0.387714562688856 0.334405905449451 0.975968753164632 0.55413406198933 0.770633179186466 0.976969550303977 0.339635625478018 0.397411185025485 0.820354086027102 0.899161752274897 0.493461047111636 0.688529798733102 0.633547170863372 0.999927691991246
0.469199931228487 0.688406483116481 0.824659483912429 0.642061360824035 0.872737594694102 0.543839206336983 0.212383262625744 0.0597947270795832 0.849825430090004 0.636628386776421 0.889649533530616 0.995799953889453 0.463497276833312 0.245432085438384 0.430319643101226 0.99919301515652 0.56877879338145 0.51377253748905 0.361009060351084 0.407647266106544
0.0402404740263829 0.592252789329044 0.108648860564367 0.455696668423945 0.0219928586082271 0.314072016637687 0.00653269909253112 0.0603484959190322 0.184022120438876 0.024093336539439 0.00338626622605995 0.965184101671181 0.0892256289425123 0.0572116785525328 0.170016318184466 0.592891651418543 0.365253788017056 0.559026732800407 0.105961332818177 0.395790909689577
0.0946591454564589 0.43174227204688 0.289492924039846 0.524929176703237 0.12795173761324 0.649291804338885 0.0482847681476766 0.133000990074168 0.36623746232881 0.0833218860677926 0.0364691801042793 0.603532690274407 0.114987615434573 0.035978576808327 0.434997780181172 0.0560171515608729 0.612446665301143 0.577114096236267 0.894594398395992 0.00637819615336158
0.626138837974205 0.647411070805978 0.694493314636583 0.843562488254188 0.809424162757134 0.18603394489041 0.493459734395613 0.942703237246738 0.0937429092174789 0.821277954136479 0.978997793539266 0.756702913154593 0.531213661603286 0.298663128447981 0.73659716614746 0.999743388567574 0.446960097505819 0.566279770823045 0.39316293890724 0.999901170324486
0.214245336476778 0.602493673213454 0.790738353746072 0.724555023198565 0.431659025589213 0.769537899920927 0.263042414617037 0.180099219060539 0.936991029018513 0.783468378914133 0.0899750807030506 0.981742739372588 0.310364183162637 0.091300806263181 0.308226593748585 0.948087635784011 0.678281906065805 0.469354434104193 0.999627920272619 0.231785400026611
0.086169611072675 0.622733300983513 0.7903656290617 0.803666138485323 0.896973299727884 0.117997646076058 0.432073265416687 0.635450932453817 0.301796723796614 0.439597344027578 0.0597530846792936 0.0914620951525813 0.326305656954048 0.0553175019112103 0.702859835094438 0.996501079675143 0.492302469401731 0.208615735984737 0.41372160168595 7.57630357470873e-05
0.281185642611885 0.704949318304234 0.504019349237008 0.748988849495535 0.962738985534827 0.59691694620433 0.28829523710414 0.867908851322713 0.995667207780756 0.787470670677041 0.805679225602606 0.879100979439625 0.638433535370573 0.408123091396182 0.780861949597007 0.993245847857005 0.62273185277247 0.721584447819353 0.999146770533904 0.129120713133996
0.0988945706761504 0.537632255950649 0.0838356342931814 0.429592286571653 0.223801305647002 0.526615268172664 0.0770596002984957 0.0400494469548155 0.141653171075748 0.0866197702925902 0.0660582590783561 0.345300076473131 0.0645569007523012 0.0586078979773265 0.398187768745072 0.0319431348878482 0.28899802515271 0.253975907075086 0.216148781949128 0.0192009201373666
0.234376041098898 0.52268630709986 0.592252140251934 0.54949108365785 0.837658998558046 0.143883665388917 0.455801418704341 0.374188634974097 0.654381315175602 0.369623993152789 0.241669131195263 0.658563772229915 0.40346594115501 0.188931633203457 0.508392958508738 0.963947558264726 0.312412806517508 0.570330560235051 0.988274972758367 0.989559324982528
0.0190304334029311 0.461910523320531 0.054329647562421 0.648923939218838 0.00729859787529461 0.78345211784378 0.0129186404368526 0.0100068625076351 0.0342195328583975 0.0118079654653087 0.0122590908335745 0.721028225894629 0.0262360751815409 0.0153030763950265 0.0440612866592132 0.0579536529924176 0.779793482007875 0.419576431091458 0.00858506123858428 3.39211579059491e-05
0.0983329493786047 0.452472302884602 0.468855806068667 0.573494062198277 0.768604392518359 0.198786164303142 0.0432768019873345 0.26807323968996 0.158298876102836 0.564595583962516 0.00705305446896924 0.991080643764153 0.0732999773166238 0.0666078010714073 0.386699858871533 0.0145170339358829 0.474052067169688 0.507587604097511 0.996467706855932 1.23302650223201e-05
0.653311542338997 0.754076271315787 0.639539297434826 0.651741661616397 0.955322834493162 0.51242319513551 0.361108470501603 0.920749635653005 0.982224177759177 0.987213450628524 0.996631679631219 0.991413227485125 0.810357632497198 0.576297995868341 0.993016007889428 0.998738776745601 0.830228547280585 0.794618834267574 0.94579000059502 0.000239628018000464
0.9543020748479 0.864076217302731 0.938223869764841 0.771531963774138 0.999740911518567 0.570156607071113 0.947227206661835 0.999764931334018 0.998005052110693 0.999383671651272 0.999568964506488 0.999446673535682 0.976439456701663 0.712310862734169 0.983785710123731 0.999985314114983 0.778979962466081 0.947238145459553 0.993197526328126 0.951981675782526
0.0307323581766856 0.581324306715355 0.103926764186514 0.302598949039476 0.103619373902137 0.176908362072179 0.0155620459026873 0.0465584001146646 0.238359311595097 0.0513114730350708 0.0292162484792254 0.433493497963287 0.073416720105697 0.0323833278821548 0.715632262366706 0.0302756247615658 0.532810565867703 0.203377284713622 0.00656707846779202 0.00146999438800602
0.21576931443129 0.497173459004144 0.224206338743382 0.450948693214862 0.324722886877348 0.192275503501817 0.0822298383101778 0.0228747084230152 0.80430528540046 0.0674680384260946 0.0530805148151 0.870835019222462 0.0413376990030881 0.125449322623306 0.194968921523106 0.934915466684015 0.28038554039037 0.55814826839511 0.086899766115996 0.127445619033571
0.547810684821968 0.685357266521706 0.889291357723482 0.811312729979067 0.95094769925795 0.384963921242743 0.171005122091281 0.949007970084216 0.999419905853953 0.666519900568418 0.984055395082154 0.989099894976641 0.666943295332151 0.279235217811499 0.537295092595546 0.888120860276729 0.663363029441552 0.75484912543507 0.148375609612762 0.171543823271484
0.0388134393906541 0.416689454241975 0.325323753709501 0.646105421802804 0.0072308822702069 0.135140504685596 0.0425725433776741 0.00470980286224876 0.248779851256464 0.107038606197229 0.273421244636864 0.94921411163428 0.0123614884789629 0.0379363675917457 0.279886900333099 0.108169332330693 0.575249127153285 0.364175400154971 6.07142374544539e-05 0.000235265544457289
0.217363488913005 0.487994671620013 0.160242989171613 0.434779896704 0.79399804881545 0.227957954823935 0.195232191922214 0.272088799136919 0.921527597204124 0.713416928306323 0.424856690123079 0.792032961950839 0.159044418433738 0.174909723498409 0.710598926191186 0.572498504245441 0.54223037689525 0.645193543115117 0.180817714791954 0.999947589176102
0.317312913663048 0.684145361927137 0.334672212612159 0.622763830594323 0.992665782579305 0.660864160943341 0.0949702137421741 0.917386008779545 0.970895632604804 0.858881095375017 0.742601942734791 0.957077025706353 0.30300368564998 0.0870106593353811 0.912779298064152 0.925058826947568 0.327346571426719 0.622200100004062 0.976527370380566 0.943040462427852
0.0756333550745306 0.502917320972994 0.287960323530436 0.731395888578236 0.338033153812299 0.539142522676682 0.262960566117158 0.228439744574201 0.69310112176168 0.247967321704245 0.0378050611922634 0.904241533088281 0.140629097977029 0.149441618548775 0.547729170636869 0.999611991895825 0.651476599727321 0.344634610254666 0.78395001847776 0.138769790635114
0.293321321327171 0.640018580684668 0.869429723845163 0.411372416748946 0.947804689504977 0.323648074107389 0.697346501516978 0.575389707702361 0.977228063049322 0.745160039725511 0.902124885346114 0.987043274588765 0.373068492015292 0.183941359543044 0.715946717620341 0.985287846947823 0.450213293235199 0.388791715857761 0.215515104789174 0.992037587427952
0.393166041667185 0.670688233892554 0.772757417857804 0.279961643031459 0.906823067065354 0.878211023143341 0.213285076945565 0.629789205840704 0.226119836515398 0.632681330803887 0.932250521422417 0.995107130600998 0.465939186213066 0.199224863781885 0.864222855166145 0.966133573012712 0.776314173345093 0.663107715346978 0.09228612650694 0.999902646440528
0.111200830966142 0.518616341867497 0.230719078977644 0.402938546724968 0.251429542159316 0.456837406848462 0.0297467500668422 0.106790462465308 0.443683181806479 0.223430973524843 0.391439420056211 0.997316948840703 0.232905051187574 0.0551080554654215 0.510746344842553 0.752478448422374 0.541158405444945 0.321670610890463 0.00340404739447584 0.458913298383575
0.0851104865282115 0.468371950220523 0.408041476123948 0.767380020909861 0.246316740259956 0.716440543307994 0.0798413693238628 0.517524519241127 0.384859028811113 0.157111298372415 0.118099280674303 0.347318408891512 0.235444963011304 0.157142925183244 0.349793030030677 0.981284108189057 0.459812485362234 0.582752747745584 0.000908828703078512 0.0639129738744897
0.635490217342083 0.715733862924049 0.506454300781126 0.673372063591132 0.993627651163059 0.480579662109645 0.408654513319382 0.974564932623067 0.991120594424901 0.909291584115955 0.936844581837957 0.999176635649361 0.638367056341257 0.425942480930257 0.939184397002904 0.996569038022236 0.391784234011969 0.75898850693852 0.980156114344529 0.999919018242088
0.0598266675406586 0.453771611280055 0.439621182945086 0.487462738547949 0.037716524429541 0.806018434813232 0.0244929175004511 0.0635802880790553 0.107256360101537 0.161588449332198 0.0348434628193309 0.478633141034798 0.0257263907140136 0.0753475085764259 0.191022072054234 0.616328491252594 0.641188361122636 0.276397645229019 0.202461324572644 0.427759072048598
0.0949188564437486 0.529930519457885 0.0659373481000455 0.772393583428233 0.139982026415114 0.45086185717674 0.208371391631098 0.530919671408883 0.469391817941101 0.412766096234124 0.0771780135037111 0.192122145458489 0.181125117080394 0.142565689123077 0.616178068087092 0.965967064173285 0.574857289350374 0.669048832387368 0.00117988571553886 0.734305619963408
