0.439602959527667 0.656430588471116 0.843289828977591 0.640371347312077 0.84214989239922 0.192063798825774 0.40730254747219 0.647449299872361 0.715530854287147 0.697387634669823 0.939859487382894 0.935972538590178 0.640196566427709 0.307448811767318 0.83836145512579 0.991751092561332 0.678922052296554 0.578065352265203 0.049691100673831 0.0313544635597603
0.114113125644637 0.57263050274428 0.240031907009545 0.701554861878077 0.262613747941352 0.116674903866033 0.00818369028389928 0.0431028045539296 0.577175276075468 0.415655913500849 0.237168283581722 0.967077776097051 0.1808180122562 0.0608376340411849 0.575065992703995 0.853325450607264 0.495631145173042 0.555079674890385 0.219595302261987 0.00322440457183467
0.026195502388557 0.494105333135815 0.470293389185138 0.338355697796535 0.0871360402330733 0.15990485849103 0.0149780816864243 0.0207073340316258 0.673036633901043 0.00501684245320147 0.0111367352656687 0.437321695708929 0.0252139044833726 0.0133221336228958 0.109304994667012 0.00885741690612347 0.421972895350396 0.301232650482379 6.8904591035838e-06 2.39442203223205e-05
0.534211527101891 0.576223735650179 0.652309671437197 0.802461204460144 0.83449284966749 0.137505992667913 0.486093664049974 0.89054265731639 0.890296217569146 0.944596281539904 0.894858931176347 0.991603547648854 0.558185170857639 0.131238764358164 0.82540957900108 0.999875441399598 0.725754623711703 0.764705439416206 0.445628233227712 0.999815321774996
0.289034668102506 0.674526937089651 0.927549601502091 0.765583624102605 0.688045393029447 0.358840532116479 0.0600992310900092 0.631134211401606 0.951125806018118 0.735565029044642 0.731437812963207 0.974403982573529 0.357848357812076 0.0909917949755813 0.597447013790288 0.999588629415773 0.515966317330788 0.356464347836356 0.361987913517257 0.864922427982169
0.0380848702004955 0.348200089978163 0.118814596335974 0.518975367540352 0.00811084462513724 0.578346539522472 0.0158112063373425 0.0101537660405704 0.295106514034508 0.0134231794509475 0.00807600499106208 0.158025571808888 0.0216948384365452 0.0415797530823858 0.193221057581752 0.34021403700206 0.426796792536565 0.160316220411215 0.0797006066435256 0.999917669001693
0.214990700878318 0.629734621131095 0.500291840453253 0.64616814741594 0.909345584464338 0.665065294173294 0.122523008509105 0.757740762900223 0.0776230575788538 0.69518444660447 0.815446385402353 0.963954480247758 0.573522343090709 0.153716351900434 0.521864847964898 0.520298516942658 0.768286490079291 0.576204603094807 0.610006355600044 0.989769050128889
0.42475037979229 0.764664777516529 0.937786728104108 0.70583527314623 0.976160282432973 0.538256925983684 0.366807766780398 0.892218277966469 0.984254380938563 0.906123869751807 0.951651901412948 0.999369967568058 0.609686198452842 0.333764337804586 0.808492035492719 0.999130769648876 0.595327862821071 0.822897066141332 0.734465777739863 0.999252270724627
0.227895584827675 0.555130809965653 0.633233931117804 0.45703675764453 0.707818252493839 0.458140123303518 0.0764936380715589 0.0938046707296578 0.890805977290726 0.299139759308782 0.746791419522562 0.993113251177782 0.111088965358922 0.108694572941908 0.798407931863021 0.948374937914616 0.482553084285404 0.461856575006729 0.109833328576688 0.000231982614257187
0.0657168741773169 0.626068168547956 0.156358625540943 0.827223482755826 0.775498452314113 0.388865342951399 0.129215503612171 0.570615902979924 0.0995417170842617 0.139486324147068 0.208329127247304 0.127448415167163 0.0897503260194105 0.05095443844826 0.781103617651188 0.90346402654003 0.217933686961602 0.407984992853237 0.826238187668836 0.776395627269659
0.148941660132078 0.646367279694486 0.894076822773246 0.75809037001547 0.202149706381986 0.604198856387333 0.26659372562655 0.559014688075533 0.493478868004452 0.0969620043065309 0.786539873538672 0.850874769096479 0.16301305100428 0.0573323922817388 0.68308531273987 0.997212938434124 0.276466623775014 0.221934417166214 0.00348281061625581 0.999329070217991
0.119545524332271 0.539073447232552 0.441364190966631 0.707881011573417 0.394410995737945 0.300055621657128 0.067100107597699 0.0453186315534336 0.265932363859191 0.0257751026968893 0.00961087852956023 0.897913021233319 0.109389348340657 0.0608813545782682 0.388267195256156 0.107110752164249 0.291733867094513 0.357972544531262 0.0168146722126554 0.00285083693062881
0.0687163763251907 0.414207822728205 0.165141497412478 0.583448327725832 0.107538570549546 0.600002997601451 0.0930450166430115 0.348049492268513 0.0310780542271642 0.112882369487782 0.0312915055152434 0.91793468390526 0.0759513429881866 0.0577891460796599 0.867699962531346 0.874298437633041 0.132698079339304 0.328135205103379 5.43534907047271e-05 0.802199728855726
0.143512687184115 0.474288199802479 0.455776782875257 0.737432803451101 0.285383755628152 0.394660321919994 0.00881515748427493 0.577268667106629 0.740875536262694 0.365323501215927 0.778489242540983 0.926288676718312 0.0672732803420852 0.0750346663876632 0.49491719284963 0.460323732390263 0.669742064724749 0.416375299055664 0.16991853539161 0.975006727724367
0.111753139244852 0.560315775305931 0.360113607178492 0.539918820715332 0.137821254938796 0.201533826472339 0.128673832170044 0.327020893349654 0.149785952164114 0.115595544034625 0.151235081526178 0.998972488533158 0.159858061161427 0.134945474416539 0.513287472659465 0.190964851094907 0.436496108256766 0.403343626923506 0.00040209575416009 2.31255647641996e-05
0.362867725809314 0.701208933074804 0.715029748108536 0.810418206720916 0.382786900821842 0.793146883164318 0.486339203888901 0.868873091662482 0.638773425734835 0.864896103161701 0.916132764170597 0.973322928119017 0.670585310319628 0.346531786457095 0.827940172432763 0.953634865949471 0.706776156624471 0.914335831205124 0.863322011273967 0.999998834666018
0.0829139670452436 0.614289949567335 0.74320368770747 0.702040301243494 0.210562335227629 0.578211567728138 0.0730327368881436 0.647335466843379 0.658796376992429 0.0393935021669232 0.357583811605509 0.199274685524635 0.068529789786528 0.0787113480865355 0.673299866370048 0.915515677936502 0.481138351231549 0.603172906600574 0.274823385160951 0.997697227820773
0.60349328704725 0.696645192502388 0.832958433322174 0.592357720264005 0.972618435817989 0.577261961696913 0.831527146600186 0.979931246240386 0.954092049049524 0.97216620374165 0.982253100105278 0.959332417799906 0.367531294844728 0.351823314794142 0.882713119618164 0.993975679166774 0.835858704485644 0.732956021830993 0.849926910181726 0.67791755039372
0.230119373172686 0.611013737527019 0.709150963914057 0.600510734655015 0.553989625979598 0.083258398663921 0.33232277015857 0.946010094366594 0.754423875195576 0.716450703870019 0.682609961527368 0.97971147869103 0.577938155357145 0.124542381252554 0.70816638388203 0.994891443921234 0.699681887438035 0.659110343514075 0.930024173665196 0.0315360614088129
0.0648389940565699 0.483101332486615 0.377442944061148 0.440774375600856 0.689624849732099 0.571544725350747 0.120243891003973 0.688415476297377 0.797731193960537 0.304044736952032 0.768468878554508 0.759500240997893 0.189933270778113 0.0770086801467231 0.621728822112768 0.186663632923861 0.331529968655551 0.567007915730169 0.802259550968998 0.998984776939878
0.374047935863432 0.629570164178238 0.744621775900154 0.427232072543282 0.753261053109614 0.308230043826511 0.468597171621297 0.926383620741413 0.990220001336598 0.821456850745354 0.99071631429038 0.994706787648667 0.477182351885169 0.281187820025153 0.678945747939245 0.864224081482817 0.724586369264492 0.493366378997823 0.224577500136528 0.497412878185703
0.0612475559467698 0.452412325554364 0.444112949236968 0.661356600367005 0.042175918203982 0.190849027715248 0.0157846804631438 0.648225792107931 0.0371820885020659 0.0192483428812624 0.0643072660171568 0.871764667546763 0.180930992588492 0.0376273551845385 0.645939959006456 0.329237000722966 0.271428759321527 0.280836068700567 0.1696726484873 0.618741930685896
0.0583735926095452 0.540190114605749 0.72975587165453 0.849057205253625 0.0399539677375097 0.638418734144149 0.0146999765815155 0.0155171995594953 0.205411439754815 0.202089319669796 0.185733513766348 0.903080166877441 0.0796854663181912 0.0716219619585707 0.577569595569827 0.661703013235542 0.588188976668182 0.426605994962019 0.040279438728184 0.00038132064270808
0.139342462393162 0.574004136740218 0.415117741080363 0.668281906099125 0.822668413253131 0.418871139110181 0.0711089152648928 0.941014972272637 0.906535714210193 0.480383751827431 0.283548877575494 0.983357802939366 0.51216087478876 0.195325707372657 0.446587787571997 0.950523228620828 0.396872593317203 0.647794026295441 0.836454932664377 0.0117755122570827
0.463539482390632 0.694678011791963 0.483585245392581 0.750703380654345 0.950324223093594 0.225357344896547 0.46029264466377 0.838628926576972 0.986706037316569 0.795077969015133 0.564493056835983 0.878954910739397 0.602915367779915 0.324582220076591 0.959345877849489 0.982129625297172 0.784888486305319 0.587718947333496 0.968595263644318 0.999906724565348
0.160319528547693 0.654198660044954 0.385438094722606 0.553547120523686 0.195288649555969 0.445882218115849 0.471747541892225 0.89294152696396 0.929252152710302 0.379109763739709 0.291098976423103 0.927453089696785 0.0735829943766035 0.079801096206458 0.566107948308599 0.0689495980696948 0.607235327578072 0.366793601648845 1e-06 0.234720556958653
0.772180267606266 0.847949857116769 0.94528407932761 0.82015299428021 0.97843595369886 0.661028732824458 0.52638982763049 0.988600294837709 0.999769551993291 0.984026697047216 0.987215199957807 0.999881871428423 0.871414889583743 0.614140955333359 0.973411747647571 0.999827896189788 0.800284571517856 0.947226361342539 0.169086300117823 0.994336796660833
0.0940712068298989 0.514902797379937 0.254654690671678 0.373816849914134 0.715042355471721 0.495114621776558 0.0513084344928414 0.213127984507852 0.00143057712017763 0.139350288298567 0.0683357515340875 0.971384635471159 0.0727957273746288 0.106502568644627 0.311434151482143 0.936324628386065 0.191921009527646 0.335059363833628 0.11500000817355 0.000413553701903444
0.46329704452535 0.804955484458933 0.945406946003528 0.761589879189743 0.990186228970636 0.826239513865546 0.806726768989195 0.979143291186266 0.191311306642087 0.979199867747034 0.982823088256096 0.991648955714522 0.803871856843515 0.338704603813726 0.796890406104911 0.968151370522998 0.611214575861866 0.793751385324499 0.616941787450942 0.700823427495539
0.222838376486136 0.583341057501161 0.81016647289014 0.288655723075305 0.697070559133812 0.398678297495934 0.116348140111811 0.51271276279007 0.369170921560129 0.28223959148883 0.518157264245399 0.991927232373618 0.144163013833254 0.106611743704654 0.74754793640728 0.927759394797873 0.39625743647055 0.443524053506035 0.00979447377773628 1e-06
0.00873667636497157 0.41164680334731 0.0894035575058072 0.310105662773341 0.0346341961640817 0.203272365528354 0.0382389838472037 0.0990225111282759 0.303419682314925 0.011618761275995 0.024554161309224 0.417941904234957 0.00598960780948597 0.0162857830443429 0.270623021309113 0.0386602904432001 0.575095922243837 0.174529644052113 5.73683075343923e-05 5.65815383353437e-06
0.00833134146262909 0.378343382315886 0.0379101329015242 0.231443152858882 0.00648241655585559 0.0787971954157245 0.0128219234674006 0.00026630243820715 0.153710912987905 0.0104540072441464 9.74469854462812e-05 0.362015205406088 0.00828961742975845 0.00699611329153188 0.35187478120853 0.000110736094118187 0.20883425963279 0.167317494744786 0.00207710312379328 0.00113821573424821
0.316060447444555 0.553285855956118 0.222162367089955 0.59159185225071 0.966709692646445 0.261713285387937 0.0383138234721708 0.902056983130915 0.993441365630513 0.754634925072143 0.699112273520301 0.944680295329789 0.656229879885491 0.213860121354429 0.689237549891217 0.999842241213046 0.745532651546278 0.692606336361759 0.603841169648795 0.610267133306996
0.0728481978850925 0.417857178703155 0.553509635653569 0.631480886860225 0.152689848176002 0.105243703481774 0.00818155332384952 0.195973786340892 0.000778465005111418 0.067257136139804 0.0535700810536053 0.979845182127456 0.0480485847221348 0.0450187362457533 0.161177427427437 0.093082926385064 0.20825123527953 0.216575267454905 0.00030766774910988 0.106834367378537
0.0562391068094159 0.39538480001169 0.0536944846761977 0.610669232269376 0.0285239296731076 0.196018962771304 0.0145102017764323 0.00824335283570918 0.0762316852444311 0.00626601754503226 0.00506036882872796 0.442024752528905 0.0168506054017754 0.0185106469519819 0.593039063945639 0.325544184970406 0.210534199191768 0.168411171177744 0.00637767494408562 0.629895990983634
0.171982554642713 0.617924161988761 0.775520099914864 0.423505624684988 0.820269021009269 0.285386039549394 0.130728574492173 0.216697713377773 0.0600292697520144 0.320142920887112 0.115315652142164 0.977073932718581 0.196040289594524 0.0946382435680488 0.448609215569569 0.969640798520796 0.526890317624179 0.665667777038993 0.00252252632507314 0.999918332128841
0.331134756261418 0.656068914715053 0.285425843814129 0.361239323137187 0.922457625893995 0.345036807423081 0.0771216140302871 0.956798306598364 0.900478608535034 0.706621595711603 0.25760165421933 0.899473989423211 0.362282548116526 0.199146785230286 0.912501094684753 0.984965887857906 0.541591866133236 0.654363625674648 0.95865433107056 0.877000176548824
0.351625661874988 0.787912133167874 0.530125279938273 0.685552785427819 0.86454970836615 0.201439523184632 0.578881937734643 0.90041526874842 0.736301837985939 0.957588699663137 0.792650300883779 0.983623292916736 0.425655868761884 0.110716503715183 0.664953609875642 0.980666420562111 0.708315451647006 0.825391403590142 0.170437211773391 0.0404491019836336
0.0846094470546252 0.440446549963127 0.207111901868478 0.582154022614341 0.120912568944515 0.527277277621772 0.0068913292765237 0.0353502884041316 0.027087584595445 0.0222502003585751 0.028303017150023 0.72223278221757 0.0444305975264861 0.0381642076693373 0.234528577937255 0.0205440131356693 0.565572514247143 0.278204513284622 0.184767747160767 0.67290344388226
0.0787126540473339 0.529856612546664 0.413553363257711 0.593295047868821 0.345157143377851 0.619393003916705 0.0326356668094618 0.360708266263649 0.134542906171259 0.32177223899436 0.153981846352525 0.308890052494121 0.230121502353594 0.155873627837417 0.542212151678468 0.854480718555669 0.418990993809513 0.457650016546964 0.0649355077439253 0.233425586497247
0.673842788039189 0.717345830096004 0.885246874503283 0.497000257035871 0.907548831190335 0.397677236327404 0.675920449045479 0.936070023292617 0.899236847275302 0.973154202883211 0.951461216802128 0.999484412468236 0.77087887181022 0.453414678734726 0.976150728407421 0.99040637667437 0.826462267594581 0.800270602807018 0.0118121474547123 0.00959387305056598
0.0254339863540364 0.453204493801651 0.076938559412073 0.782468087474243 0.137706885766694 0.11942597342841 0.0445575952437549 0.0702333857988963 0.0117162028572173 0.0520646514631535 0.107812461038867 0.221327383066698 0.0799545248457506 0.0431350036998838 0.420435511829495 0.741828164025208 0.335024044461552 0.229633584234194 0.537958842922416 0.0164606625287411
0.318736921818889 0.713810117771379 0.898173242813826 0.683726919796171 0.695647393756014 0.0391492952445145 0.240307504009541 0.8777868565396 0.870829167546795 0.556263445030497 0.824565053246879 0.990813114103403 0.403480941416861 0.159085669059928 0.937584924810758 0.533697681407335 0.440641555258995 0.61008340997597 0.666924461196296 4.56838959762268e-05
0.17160891608745 0.603888120253857 0.308240450822602 0.813022645428059 0.681590364670395 0.50058137294303 0.104856533673834 0.397443509545472 0.937831590335905 0.397439012816317 0.105306992195667 0.374907900856193 0.178627302191086 0.155024011443758 0.478810099494243 0.464366688325795 0.504548085150561 0.474337507312658 0.796236989647392 0.983993756770192
0.0645562243201398 0.461687362128189 0.718296829773982 0.478812196141274 0.0194900066467686 0.108061358547242 0.0171277304750008 0.761727777851844 0.0449864878312433 0.179257603697501 0.0200112448218898 0.997662893928537 0.0321605503447329 0.0503745457616742 0.498150324597688 0.98912426234405 0.497864766581659 0.620876346180291 1e-06 0.999995877486918
0.721807448220484 0.712830237421563 0.792536218514061 0.657506201146156 0.995063062500735 0.646860731709669 0.627002322332255 0.994140031074576 0.917151577379281 0.987735614494671 0.989120771142149 0.999712635533199 0.562236098579162 0.686076546194977 0.86122877369695 0.994489803289905 0.950386166679248 0.780885875789346 0.20202663503584 0.000675206293828185
0.270873227451676 0.703884653590074 0.704931874004629 0.829462468429665 0.337338632877502 0.257616708254433 0.597219536473395 0.944752789870735 0.956984047768907 0.453945274080429 0.196075930681957 0.758614755767366 0.165925990402531 0.148428084229062 0.874983915784616 0.726426425841977 0.421277129641066 0.462912891308284 0.0612614187131812 0.00326124976129335
0.0185051376008464 0.320596531195233 0.174971819621065 0.408410663738901 0.00218253484569725 0.416773310855247 0.00309400637728991 0.0222201661461098 0.214010837402206 0.017108598479771 0.00254329341102935 0.892190986835534 0.0196994541043085 0.02152313739244 0.212561392251448 0.0104898377723988 0.360520725426551 0.103594425833695 9.270216731184e-05 0.975138673749241
0.149681418496419 0.743749400402339 0.675796639393977 0.809838774566112 0.551371411082537 0.241285153430645 0.174831818717836 0.136648806510476 0.241247417042885 0.612787721143055 0.415928887819731 0.864945716448025 0.183120754836405 0.179177346072192 0.746323678231621 0.902998381193483 0.221955779110178 0.67676985827313 0.764787525482473 5.75909443271061e-06
0.345919766655391 0.606503680083068 0.905061255185921 0.595495881195186 0.952284556399684 0.513388480504217 0.238842772526718 0.74072171516979 0.947213631694351 0.34345872215558 0.974000716021388 0.994972828457919 0.483033194485238 0.490558055127013 0.669430611320055 0.946945486253224 0.704377298967628 0.546347243948416 0.957965913706401 0.999921224667542
0.311170585192564 0.601649554018264 0.89970839529445 0.667365079784737 0.58430787819562 0.114921741842225 0.171503482801979 0.605486886244967 0.364223268162877 0.875186981708844 0.595680298232075 0.999110515668125 0.518986642573031 0.360794795222914 0.981259821314804 0.896632674673091 0.687606014948317 0.544132863405543 0.999680196405114 0.559956734308406
0.231071356369697 0.715062466416309 0.429914205738502 0.638541833720074 0.688225399524613 0.441980021708164 0.381681988077407 0.878112869705031 0.251707722878303 0.7050924067923 0.16595552071645 0.923265715773193 0.204715351055209 0.218851112225896 0.836719731892588 0.891569621026952 0.41345846837383 0.878781634981118 7.27499803101687e-05 0.00250057699759329
0.0549742169705127 0.56528875962957 0.418013582186585 0.347218954843489 0.518168831926209 0.0648610825676709 0.223780778399911 0.702370997789413 0.0764008431553893 0.105856808377609 0.206749437629164 0.978706456275564 0.050112581848502 0.0624634556581977 0.2405941691029 0.0261457062996375 0.76221600519721 0.239287094342018 0.0523650065794027 0.999731339756861
0.0852125910969599 0.48077244811269 0.388704964733522 0.535983590953739 0.480477678796336 0.459994687990364 0.131423472688159 0.150400981140015 0.00323458881333622 0.24918497477334 0.104011253394946 0.820216575541325 0.0760351472098945 0.087989364112416 0.358418720994238 0.978097536534107 0.386433068911245 0.147066411006977 8.67823539697938e-05 0.368547996771962
0.0052819160789555 0.231432930870805 0.0531218166892064 0.408942600046428 0.00583211869612255 0.25744045995696 0.0317681434446544 0.00620985736490629 0.0185257520426284 0.0119737262999784 0.00156181959091279 0.404343298623381 0.00640514531900236 0.00913219168229214 0.0980129826272872 0.0263991326183721 0.212499799524808 0.138765279589285 6.48829812401866e-05 2.52307627444015e-06
0.201345183077177 0.797420601108371 0.844552007428223 0.645311931259186 0.899393376221975 0.308340396796955 0.143127035862496 0.465424508786771 0.0266224535866676 0.840711832051698 0.744919742803806 0.996753999812924 0.302268706815542 0.2005119614631 0.807391100118868 0.970011352237942 0.498960037396084 0.628383172973632 0.981004376166339 0.999929493917455
0.230757411805515 0.6325213359571 0.571721645474001 0.773020081561706 0.919779794836977 0.283281930717348 0.206082992105085 0.793405295776024 0.911532811537908 0.857804793540559 0.801750549814842 0.953414975420909 0.479203414012824 0.193874746179498 0.723397494849155 0.948599782413369 0.384518200507929 0.7206160798633 0.987409346129214 0.304868663605721
0.0695801952874496 0.427053870474241 0.156838522844375 0.501971146424401 0.0638002036683178 0.12060718730597 0.0354647276121057 0.116986252265769 0.0277916591583479 0.0374971234874047 0.0207417522744662 0.278543562994358 0.09410572443399 0.0221292767929067 0.361978854220779 0.260085149889681 0.307443231097835 0.216405685152373 0.000177649051317687 0.263190033535913
0.114765070341918 0.6242498256426 0.211482170857729 0.649932986360071 0.281243679074237 0.322984321764227 0.0126663439523886 0.0414160183050719 0.415859001386603 0.101252380338671 0.163458232485086 0.757287626212759 0.113316798422336 0.0320171668881607 0.375724804778076 0.975861504427803 0.479167873414845 0.398067615191913 0.0173125064838991 1e-06
0.608566204465145 0.789209111775661 0.93831116353362 0.333115111323375 0.998331507351147 0.332010099358682 0.416456172652935 0.97097134703431 0.0651974487363446 0.944528663261692 0.979725939160846 0.999284383248983 0.690415009754143 0.305717394726833 0.938636617642771 0.993509632034906 0.626354521397533 0.739958483316267 0.296332182648927 0.716645507543132
0.0638872658751025 0.546144203067543 0.0890314239695818 0.716092172044295 0.359148542744755 0.461924876862002 0.0203458313088608 0.163187178178404 0.70709727229461 0.402382731765155 0.0296597560789279 0.883372383354563 0.0573589221208975 0.0650410684991702 0.506735381461731 0.857366342673357 0.287457095896614 0.464701002012278 0.335977521524764 1e-06
0.0898012982129924 0.587502597096478 0.248713686732866 0.573257244122098 0.0860095337192589 0.105510816023197 0.031880545077989 0.276766399939019 0.033922444725078 0.229083316851151 0.097010251934701 0.524587114956827 0.0611305790056129 0.0302811434120606 0.249491785499851 0.919394235177536 0.520670226203637 0.679522483764016 0.267022809322202 0.00648540694530162
0.155890663701201 0.55869160631893 0.147342467257222 0.454838472373149 0.678730866867958 0.488121836887068 0.155831387518604 0.127072975578746 0.792156692239903 0.418570331568793 0.140038159846889 0.637911318865908 0.131534768818312 0.0559297190586262 0.364534889813468 0.919593961004701 0.553600901322681 0.536919069406713 6.84209884837644e-05 0.176042920950948
0.132796211765575 0.52396800085954 0.126886927024601 0.614370730323106 0.189526626854878 0.375367634315469 0.107014999644537 0.246263790907213 0.519887496716373 0.146800085907846 0.171579257096268 0.584597662899102 0.109661797353765 0.0738881678219959 0.576942022538715 0.140878330420244 0.624126153600586 0.290095907404881 0.00290860727212612 0.932654476394064
0.0216951567140203 0.486480882132855 0.0659159034029854 0.689212048364799 0.0393401431595948 0.0912935491638111 0.0706473880416714 0.677807635294089 0.868105792672189 0.0977382188695294 0.0504688921587745 0.0945838927246121 0.0621228275441659 0.0407394313708595 0.214422463151131 0.543154006095818 0.428770766288226 0.523825085613818 0.00810692113142744 0.000317870020400985
0.0942649550575191 0.495844263826256 0.297095838800048 0.671317045839089 0.71069171542984 0.348875586543994 0.0380095192979006 0.440090829879962 0.769945341561735 0.0723685515613642 0.131224166690985 0.992042701721943 0.35597072364763 0.139253817483452 0.147433564004105 0.159617522568158 0.45538022127384 0.415522616793622 0.555356101351544 0.000195504694946085
0.153919065212766 0.476943534337464 0.407002823806667 0.554706688879874 0.12411677730506 0.415793133860201 0.24219060177404 0.434196225174063 0.525035724234977 0.263459177070051 0.272791897720861 0.982389870136484 0.104367604240851 0.115060619676999 0.702375296659671 0.0646056614824196 0.339543083952267 0.441115887862767 0.905365240587806 0.238223884414616
0.560297660417396 0.69848357955347 0.888880816421433 0.74915901311223 0.938537278634946 0.669874812018956 0.523876335033702 0.898372962729016 0.649510262249737 0.941890055606782 0.936999486115115 0.99397527455924 0.786981636499002 0.411148991144144 0.807304519605271 0.653519699429193 0.711393823039304 0.741783194534365 0.798794203865733 0.09439984621692
0.0499062269449045 0.416469860120711 0.342998717248191 0.547710741277812 0.018344107699595 0.550244617385221 0.0377405056508798 0.0573347685000774 0.133957924544173 0.0266004428181208 0.00210728426746697 0.612126093847347 0.0272806197084476 0.00896357018037372 0.163980152419564 0.60260233910413 0.42061835545266 0.15844477907247 0.00767335084285051 0.0518390392730764
0.256594946015292 0.604499463312324 0.793816387708549 0.531265807213253 0.315220838738516 0.366693526843511 0.330939697687258 0.0665455120290737 0.586087366764605 0.421291609809476 0.135965111790356 0.610127361652875 0.206368003696113 0.128530530103884 0.395526117878398 0.998419974773828 0.703085984305906 0.668776992195823 0.998788937093536 0.999766122937704
0.20176868971811 0.516514223977516 0.0886870676144363 0.460360610189057 0.233425877789952 0.235789764133665 0.031486889544376 0.370780863589953 0.34924046192155 0.151078419623337 0.13751649778801 0.91919633131653 0.0479108000166655 0.0730496038428795 0.154274892831311 0.240004742013717 0.70366937013606 0.624949666999794 0.0166367276157531 0.869491276760013
0.271673711772709 0.592676188341818 0.139998924439495 0.626440376356375 0.0896034713702115 0.504247880380194 0.0352896505204321 0.759636112890255 0.93294743133501 0.512024731652388 0.00626013973395635 0.860202753487492 0.217757746698468 0.0733327941423694 0.401906045793488 0.493888908078007 0.576243266481021 0.466622228175829 0.0122184895109552 0.995702246836388
0.155030078785951 0.623957664383847 0.505964088795128 0.706790939962837 0.0624795848109567 0.337795124251786 0.136537914328845 0.48067619182646 0.696426613235918 0.31052762912178 0.157155248661865 0.645772091831258 0.403946394242081 0.147690225571949 0.260869337339092 0.997539125741563 0.534156696172486 0.471207629298138 0.846690471161989 0.999592685738868
0.27737573929933 0.592888856594919 0.119761279060382 0.375406868003035 0.068628657459172 0.052270402216838 0.0341587642110123 0.307206103220264 0.172953036290969 0.296882982637911 0.0910605414446315 0.500285457155188 0.321186003182882 0.0914942353326834 0.671934911194348 0.991535134009016 0.23810642391767 0.32992341983323 0.000762813099200958 0.135086813421936
0.459224641622045 0.614864346801085 0.659651731655221 0.550839084908904 0.610329121022454 0.573169753742947 0.232625569355374 0.181055044157782 0.978307468204662 0.674130285098361 0.677092046690826 0.992641400947786 0.447783031770573 0.362546403960086 0.477952677988143 0.99844707274713 0.534995886274583 0.77849254161165 0.724747267287867 0.990479385195656
0.660080608991326 0.770930490788792 0.69296091960602 0.698724108232887 0.986014131227322 0.205224191764386 0.166769500655317 0.825361393689955 0.988926518239662 0.603568652972344 0.990025371482259 0.994647971398038 0.401182313128133 0.298804455445561 0.738490882675798 0.972902056246237 0.603297012220442 0.540274845595575 0.00725252312792081 0.000836166502220947
0.0458969897490629 0.451471797833267 0.167756561689937 0.382182868051725 0.519966421533321 0.178033980063789 0.0697524266738099 0.00606941081267993 0.275994500457193 0.0211901083728274 0.01770038525624 0.652898387191335 0.0234401146034742 0.0287856769905913 0.623288401145021 0.0629103830560565 0.277637574002509 0.365410943402586 0.158559898808125 0.881937518357631
0.0401915378646637 0.498877050609773 0.0728675176560767 0.364973475035497 0.483588308191456 0.307373430123125 0.13178148870356 0.0156314012259344 0.0129679166859913 0.188850177558684 0.00473652991053721 0.935622544775012 0.067398149287074 0.036608526524919 0.291782327358865 0.0587241945392605 0.2720022910913 0.348271999330037 0.00451802149732897 0.992969133080408
0.218325199706046 0.647827951702364 0.850273384258727 0.523217409418799 0.70131523268712 0.507151843749463 0.204818535501317 0.988827264499411 0.81367393914586 0.708680699255581 0.782098252909186 0.990027953892624 0.184104216865509 0.226790743090718 0.92888388076348 0.911002390609505 0.427811320454815 0.620520462092266 0.445941373273329 0.000263688671911603
0.0355497965528374 0.503551345527237 0.167992536898712 0.62879839015869 0.750620517641172 0.0912112845483876 0.203167788040166 0.0386113102526399 0.0451460963983347 0.0750852830001636 0.0126029816227582 0.668981308062035 0.0648987823722773 0.0204011465710237 0.208341669218725 0.0282818808328043 0.381563516091393 0.261661695312405 1e-06 0.966661826972043
0.205916773471341 0.552799967872572 0.260877505930332 0.653315437905711 0.437769893635987 0.236321823683086 0.040594523289792 0.172359523089094 0.862064219700874 0.0568882034693252 0.366945145847487 0.86876811424922 0.135782797941816 0.0852949638923307 0.520980241825123 0.995884322044816 0.618957367680623 0.297541252379419 0.0297496571788777 0.999371145516405
0.179565922200039 0.59241954774783 0.524488275801061 0.600473599168855 0.112765776847923 0.579915735950637 0.106736306333849 0.335462478628368 0.95565914447935 0.258918819906868 0.0433091033966641 0.653283796341172 0.053072032607281 0.0851462559570435 0.546224074650966 0.549945575470778 0.568475752881272 0.50332659604598 0.000720481065867999 0.808183564555467
0.106991388752278 0.615493367029554 0.611672893168657 0.593592948786025 0.687138548871786 0.359014807068111 0.200288329729257 0.189879897672114 0.419176417602156 0.228526750110676 0.242192957651731 0.966565995471551 0.0990090843156727 0.076492200093546 0.546217904292433 0.0669260478034987 0.256318313355962 0.637175492698453 0.318891722472271 0.995559869153431
0.192686347977631 0.532367058204395 0.798169979000023 0.793524351628402 0.240140846212729 0.3884004474696 0.0684201664108626 0.625901066715333 0.274077757355446 0.788612141689507 0.304816962327655 0.932168100126264 0.38924217310039 0.107998197209346 0.851682297548213 0.988999636130197 0.491569652823313 0.165839581653309 0.999061303032762 0.00435624919967245
0.0836277385650643 0.52855176024157 0.293167169460085 0.496548208909322 0.0376466899537038 0.188329976606936 0.0334435288062812 0.675526697599668 0.0320296826342916 0.107039441067184 0.167539296427538 0.400694086443693 0.126005631991779 0.0626701585240779 0.0581673347769439 0.778283352604958 0.625394932954594 0.727607945836478 0.000927554257927931 0.00132304708052472
0.093020708231933 0.397396827587297 0.0834650802406343 0.618848387599108 0.00468834496904464 0.447490310002237 0.0421064112398005 0.095540713799335 0.0404745844261973 0.0684080377799583 0.0486286572631715 0.549706607236256 0.15686066749282 0.039494917833908 0.285765786912032 0.870213181698047 0.431023387964803 0.43026935243035 0.0933688340534633 0.999919946539894
0.337091789010464 0.709375801501942 0.944493080535762 0.816476546824114 0.931929502347877 0.851899771732493 0.336859421072549 0.777080658875309 0.709290619946435 0.837707802101308 0.888096168913418 0.992513970125768 0.512768510241763 0.24536247475046 0.774789218825646 0.993130196679654 0.217452961581341 0.862265042977939 0.134811810615788 0.693943628208188
0.475593388945973 0.713133939422594 0.667838212744914 0.640431408175807 0.854778363058931 0.151023781163747 0.0963400486867599 0.94963476580254 0.917850166360804 0.746970205734891 0.947266280151234 0.969938738214998 0.538577097049267 0.159581932903354 0.710341482099253 0.997401046169298 0.407653620102334 0.718759502167811 0.979445351499982 0.0394753915442244
0.0727026615481323 0.420949181886879 0.21610774014703 0.386858237775146 0.530740464752677 0.16458407179767 0.121265908605176 0.108322320135712 0.711865060099777 0.0192932792663734 0.0739190576150607 0.147054479739621 0.0242798889312397 0.145668532998325 0.670063544685486 0.119998574209944 0.298379508709048 0.303549649251145 0.00357720797459731 1.64942023511557e-06
0.13924803114303 0.502498840887521 0.467012468447443 0.769897854063681 0.6404877734504 0.0898864051651798 0.149231146610893 0.2313907143165 0.00928151305384234 0.286857758109252 0.276502049878308 0.618190704393159 0.262887786574289 0.0946328776292483 0.506805951146459 0.960035904479415 0.332740684795025 0.572916216662599 0.00651750446430499 0.998811518442592
0.2529485358187 0.653366860533759 0.704146966529789 0.629026551079297 0.736825722510004 0.821565922719586 0.0715410576821392 0.494787206380255 0.503636160169262 0.679444581744208 0.541558445938793 0.81543649814052 0.287389706963427 0.191243468331601 0.764576638115915 0.464495793398864 0.397091419920918 0.582226832569094 0.0746290509696869 0.999984313247857
0.712585827243565 0.75440383700756 0.69626335431744 0.917183283155366 0.994137335385463 0.707393928813651 0.818314972631137 0.999417349959251 0.588962448940601 0.997608556895805 0.995849146124284 0.98176227762189 0.826250703962917 0.667809525717892 0.984766248389373 0.999876577891339 0.720403081363582 0.932910861950939 0.710230060404056 0.837980806926481
0.337622200779933 0.778199872216096 0.310312525723 0.776257963523249 0.906445238120033 0.309662091802735 0.159099838809634 0.905750366521883 0.452256509591182 0.539687431015081 0.744320745257221 0.487580436766675 0.193937902952061 0.139300957214949 0.619859319888079 0.987238677107647 0.622980936735123 0.709719468707485 0.00230480127463926 0.00615908730191436
0.351736275379184 0.687792368177099 0.701490483761395 0.469776957814903 0.960430400194128 0.306636640645568 0.162797857769322 0.483293027854765 0.696350287942169 0.944324933818328 0.632377048700126 0.718930503583425 0.493474475949307 0.333687210686648 0.868064609207845 0.997166775119681 0.502501447572855 0.694897214891065 0.706971652733992 0.999978944284727
0.0340088594163722 0.639754596931985 0.0891209382623736 0.588902452585972 0.718291617572735 0.793532793944678 0.0219687471698414 0.0237742408862924 0.788504498843257 0.0472237813066851 0.107936234087839 0.176988756348145 0.112337981891676 0.062496735474669 0.851229291526438 0.975593501211276 0.296269854576759 0.28533044225095 0.000434848859375052 0.0162114255742141
0.420687608879646 0.747683146102783 0.506919400838991 0.785485884245635 0.969400697850022 0.871743286646596 0.234179852825853 0.815088251939725 0.648061339043831 0.762929288176021 0.918328578129211 0.994488542885443 0.370611715759312 0.304284401083762 0.771906347986787 0.990939108742516 0.635899010098459 0.634224021328057 0.947463862256145 0.808246895890415
0.086134865646575 0.531467317843474 0.133128692464929 0.440270280418085 0.464368796124073 0.527098020495055 0.0161897129502626 0.438583635886699 0.906652338822404 0.131452405750544 0.0865174890114783 0.196910341653952 0.0260504658190124 0.0339349168016755 0.433862486811474 0.23036028861664 0.209471533358702 0.491333340129302 0.000127168030704335 0.89320378053928
0.102896810887376 0.4099631072973 0.147297916404617 0.633876506086385 0.743439145164353 0.0692061503783031 0.0673512931869897 0.404373436525038 0.983251314470898 0.142781223812222 0.0274185576968825 0.95082608991164 0.0589839812975266 0.0567669885910289 0.588623912384244 0.686388001813985 0.623629080534559 0.274899280221996 0.00291667463291265 0.316065861749005
0.0216072701351499 0.312102877302488 0.165726458307177 0.493023480659731 0.463176111563753 0.223580494432002 0.0175432430360978 0.00372227205150577 0.00156660678780719 0.00797207583093495 0.0596570760891384 0.224850725659559 0.0250739457801527 0.0210818121751655 0.243437529965399 0.909669876785927 0.116816665036505 0.401224912318519 0.0612009359032222 3.39800480564977e-05
0.0652618706937018 0.533720601909911 0.061736715294681 0.477048021881352 0.27205718940621 0.374988100779183 0.0102203640871177 0.241449104719467 0.12048156077265 0.0137943920078598 0.0651945733871638 0.928805835895771 0.0506979234762504 0.0389488412103501 0.497751839883692 0.469102743070674 0.578771588300144 0.439980110073904 0.000853846251459709 0.139503492370564
0.742942627888551 0.780802899584185 0.673830113049605 0.731995055993087 0.859971579355917 0.433657167152591 0.221691424896298 0.990682182235885 0.995434230570201 0.915948160039515 0.975627570599816 0.988801066787892 0.790965084787505 0.302391542468148 0.770639686420781 0.977945892006864 0.594940680899529 0.754272798194568 0.992356366022125 0.679774940524483
0.0163230930068692 0.512079398932744 0.239170527904203 0.593642603267387 0.238170609049489 0.167916559864994 0.0479755008370348 0.113488242917629 0.0535187758241415 0.0223555711732987 0.00397090050942033 0.798818094936089 0.0216313900118683 0.0301173646660278 0.575221361292167 0.996974692643739 0.241544467363864 0.308535408787983 0.000134073981387656 0.000122239063085809
0.535149000661925 0.737080681084035 0.862793362875227 0.856352769927044 0.995506525058758 0.468299914078803 0.505409143008442 0.971836450045405 0.770819436556706 0.976092026804864 0.991871675445103 0.998500966087311 0.686550940081998 0.379854762403031 0.975829730363127 0.99938535213698 0.690243047654389 0.814074472650375 0.942289031162243 0.876212257174582
0.138895494058851 0.613222528037454 0.815038931037492 0.755746369080231 0.940489059970779 0.532734113426945 0.23946248665731 0.309028232934377 0.898845151533391 0.355111113796937 0.634136660391787 0.992712073704511 0.399811638502274 0.135522542016559 0.785569102529144 0.983063516569408 0.663064770109415 0.540453337480604 0.0113050172800721 0.806615805779559
0.0523946415901514 0.540088525722462 0.108358397433914 0.467830811824064 0.407161451814204 0.24097925996318 0.0159020821371125 0.13352765112517 0.107224257525577 0.311982381616603 0.0898509393927731 0.458788705476506 0.0794727742063781 0.0196103133664699 0.883445659492103 0.873507943841905 0.314868379655498 0.324727768202881 0.195382228268252 0.00181538782422472
0.0119787245759198 0.340964270768614 0.203856528022095 0.612145339934521 0.0120029290843824 0.366797786910239 0.0284906216529661 0.0132896686245474 0.980409513535374 0.0293408102689037 0.0264467414909612 0.0628178235920789 0.0438847491018999 0.0654886440743085 0.298129793663399 0.0578494657147274 0.480661432319146 0.276533771582868 0.000713482287872484 0.0256635329957637
0.184478037734812 0.571831037483676 0.582084924684256 0.650714103712204 0.42993720003284 0.195089388659258 0.189821412960445 0.678488617609741 0.991534506121088 0.374318126921389 0.389953931507693 0.472289342028592 0.392542085055143 0.106005076862693 0.439966084438957 0.979813435592414 0.315570255854666 0.565638120165965 0.986401482468769 0.000418400421286913
0.413829772037524 0.644768117873155 0.685465420654106 0.716669260377734 0.833343017348141 0.412934678875029 0.717335489623161 0.575418360261654 0.897500252575339 0.787843061215685 0.565798446876389 0.84474747657378 0.267634977453529 0.327708235881655 0.330875440827332 0.999388717533946 0.685095201463428 0.611952144973463 0.0306632168416987 0.983946960207147
0.324168725058245 0.692097516624332 0.823811688511811 0.797307898742772 0.844614835330215 0.834277972327185 0.066407665942124 0.628154016523623 0.967705340709241 0.301492598177986 0.378365693098087 0.924936517875557 0.364107960669225 0.11171025844582 0.791588204163978 0.794379570855954 0.631116073907484 0.594557790000398 0.347503333577316 0.387168462800797
0.289254375396358 0.540960470762697 0.678429906359055 0.755066293706656 0.915866957029062 0.564664522783344 0.0784418841849559 0.683367248644603 0.939432982155947 0.471740877248556 0.625868987998992 0.741446380856387 0.0933430133195883 0.215374824385339 0.62055735284084 0.444138377669513 0.44313377114938 0.51843625228612 0.00039259718831924 0.999600373733992
0.0853320422147626 0.659282002988949 0.293373552778473 0.73669545388388 0.669868522222885 0.598996833034361 0.0724532546497559 0.273633572047481 0.211740944458013 0.145845868232333 0.337097029667297 0.403237300173844 0.022515375650963 0.133198714952466 0.586186003020256 0.198974825616076 0.602232215690474 0.335117211173607 0.570852393197039 0.0795769542266326
0.230884446775627 0.658308399137795 0.882026208176333 0.546479683648795 0.197862416462183 0.496528446236282 0.283052312942787 0.13525283192909 0.859626381844266 0.696147931429857 0.873232456599955 0.981519271153583 0.25848663639185 0.132027908177438 0.667917028448734 0.995678403627487 0.610348343367267 0.459284398049028 0.99928539544172 0.125730914565627
0.0731078896353412 0.477457089213237 0.342851661800068 0.823453371304832 0.204519494785811 0.166081949812198 0.0750258401682385 0.109736678044207 0.0890586385935226 0.093758389029106 0.0729444886657447 0.0270891415368247 0.125796892997034 0.0511375191603192 0.332934974591702 0.925619064691136 0.314076465753793 0.430943551567675 0.00136217931781274 0.000121237336439295
0.171667342012508 0.460239897748435 0.739902358498669 0.595685627996722 0.0442959460994548 0.50959331354196 0.214697963195062 0.437915840163609 0.335040127871486 0.361960653873429 0.152441502646642 0.984427009382379 0.193771145974625 0.126475564258327 0.541104642290016 0.998908603060259 0.305817556919755 0.577831282082021 0.382331110141641 0.98391572766057
0.124234146159348 0.648481854086623 0.54012661855069 0.608408240839686 0.91367658628653 0.384406935588235 0.242793244682979 0.33928117731146 0.915322469002193 0.232094424317275 0.650045002336276 0.719300493215587 0.360482379251187 0.106785504806723 0.634851235671817 0.99933822698245 0.585273619546444 0.455612752182117 0.349176713113474 0.98663444286117
0.262293262273978 0.467076108157221 0.125233958269026 0.698814189354739 0.282914406951125 0.437230599048795 0.0321562834041489 0.666172045680287 0.492987912943163 0.167935873192142 0.190871885055275 0.968179465970892 0.107226192224254 0.108762960101867 0.749914934998235 0.679005499487494 0.470384506510891 0.391376364301326 0.976157801512508 0.955132035796462
0.407187615444069 0.668169661396993 0.942623688997451 0.79834237601222 0.997758428606577 0.255009564751858 0.206409878419199 0.601460163577061 0.890781400063583 0.81644933746532 0.892544043007638 0.997656763108785 0.862353992736638 0.325577726498782 0.80088342654502 0.999256423234849 0.756213187456944 0.791038833014713 0.00483249912629062 0.868187781256185
0.426470300151126 0.743479689673242 0.875615054948859 0.72961685771435 0.943039756446092 0.566890412335621 0.794201124932505 0.952050713211543 0.989851489314189 0.832006790491915 0.963608805822254 0.995332163566824 0.555485695510052 0.426435802873496 0.874504789810714 0.997005477391192 0.481424889604703 0.773350123672488 0.707619632330664 0.999999
0.0671575073994395 0.44207460531675 0.856817630746979 0.497603395481129 0.404219250440935 0.809008113120137 0.0372892949546182 0.222277790615622 0.692844332219184 0.149759286212525 0.00367916640841613 0.253474534034042 0.109795659686902 0.0405909880219798 0.516827468525424 0.108492994953708 0.529584335745721 0.353765998350306 0.00136527999604054 0.0757535875166189
0.153177498232802 0.532019401320106 0.517458527644335 0.523675306230883 0.285453370878324 0.396028174025526 0.0336370103740709 0.288228816504465 0.102785657960839 0.257791992649127 0.0480957235136009 0.398163590415226 0.108467778759136 0.049736340884533 0.620296544644463 0.989430927607561 0.334064610898605 0.399161883578653 0.0105603072572981 0.000525135931323451
0.655959163330142 0.639479175622807 0.90995123751428 0.705789129311938 0.944407693652248 0.687476685696096 0.695277072344562 0.902217550886944 0.958489698284182 0.910990382574198 0.991667469100001 0.9937169960387 0.682685423458135 0.5771556038087 0.883492817029743 0.999973665194186 0.485097086632176 0.927418239672227 0.955732007298368 0.289703429510331
0.156629690285883 0.547890626071074 0.231488329611419 0.545562443566557 0.103257096760427 0.442415327531832 0.116050395854642 0.272531371714951 0.57385177451897 0.291184541982961 0.131709119346204 0.945456987670363 0.123686819043102 0.1039326425664 0.893922896561088 0.555713021492327 0.446453528812777 0.624131721532133 0.00176024746689968 0.000195770425631364
0.164793149889324 0.72127320086349 0.373020241039728 0.623775110621218 0.662994572844763 0.168281735514849 0.0714028217785665 0.340488182027512 0.902208448294868 0.793947001130447 0.202383432506188 0.842990139120214 0.153448950363185 0.126161015785257 0.512178366166127 0.784081226741719 0.328243314564101 0.526913199305594 0.00927644780325199 0.0304951082053305
0.12841787300021 0.528556465057087 0.172187007131431 0.421804895342015 0.387252500577022 0.163989879676238 0.0782625064570318 0.140137711119566 0.0596054792400972 0.215406788644824 0.145527442560838 0.8147586637533 0.044231877954856 0.0832759549329537 0.434097740829692 0.489413644037508 0.652303898657409 0.389351714039088 0.962396956633132 0.699287160832144
0.199832974712213 0.598729743876122 0.755687046493016 0.562904979901738 0.796874156384717 0.850718110580381 0.694889629575589 0.371044255524544 0.895919988270387 0.260755825766825 0.292612142566091 0.932890194580821 0.374872489867464 0.263155697769979 0.59928722839023 0.732065525383168 0.631495901008737 0.532612309179567 0.00138528381382533 0.183916945238933
0.168037823577099 0.600936396869155 0.441488823656253 0.764179214260214 0.684520570255489 0.399267235535056 0.0525557992929095 0.10120541497499 0.354444222264755 0.246179645101121 0.244743219054793 0.956788140163235 0.160187249833409 0.0745218429244454 0.623009271732633 0.946357499946166 0.39567908614651 0.434998445292956 0.0162318527671543 0.995518604944571
0.537606743922092 0.681562924670001 0.313095696677683 0.699407276572118 0.911472192309839 0.372786242402083 0.239572051023629 0.715231160523935 0.998837653946593 0.602267196239757 0.956767878514375 0.769128057394926 0.542369428486978 0.188617118741592 0.789226044271679 0.999299571885046 0.389811177654798 0.67068323748895 0.949047489982239 0.851652471869037
0.0851712752543985 0.457140250332616 0.814363184965074 0.807932505062458 0.247368152618172 0.177735922222383 0.0198827838531264 0.0446872282434639 0.22682263119648 0.0478981934336011 0.0294207298001284 0.0290087584688134 0.123915561664771 0.0491480315108277 0.462714644810258 0.000323122047025696 0.312477322953635 0.637968945284545 0.00170505602240579 0.000433238169837513
0.0518995125349899 0.509919515699033 0.0604218013398291 0.672119225265539 0.00732850902322738 0.568047109862482 0.00167728700390236 0.402654818483531 0.564825760853548 0.169547865602121 0.0911796432944548 0.934737885543364 0.0706237188932155 0.0431840646787552 0.193681499363292 0.392687108601827 0.215906565480375 0.335080775095384 0.0040397013234709 1e-06
0.418023430283174 0.694318109817178 0.68133816241565 0.478986315192895 0.946404678081299 0.843429622714454 0.121146662836641 0.666092203775578 0.974996586093248 0.830231732374078 0.664122424014128 0.978369576438071 0.686144704711089 0.57034106649188 0.961384751818706 0.503242132779966 0.470140868227674 0.734923752161104 0.631881158880103 0.0337149731230943
0.249854272018459 0.596251853667905 0.18784753494958 0.452388523780117 0.684436262555826 0.398411047879425 0.0712602768498262 0.561838852111686 0.115520384795321 0.4905674151341 0.164869534155385 0.988002628793991 0.136204766095873 0.12173431020891 0.567935405260808 0.499924114272802 0.340651987290304 0.582182894871319 0.0103932267783783 0.335980826777794
0.03095104257772 0.285486963135304 0.142785482926873 0.493432051495737 0.0781265233474498 0.21669283911108 0.0105010376707617 0.00966074437169483 0.0668079653751479 0.00459379339084438 0.0134259316046467 0.0678344649220096 0.0261690919148698 0.00987479973468919 0.244570537353314 0.571290606088572 0.217733363730755 0.213042554749543 0.0155650249999772 0.0284525359426201
0.47515856224317 0.681122676624284 0.827691779960363 0.793666127113613 0.989026340081526 0.540336691258402 0.259939887611127 0.954287845669927 0.338402517805348 0.794988870972201 0.941259387424896 0.977598934753664 0.848028503269575 0.282642535572453 0.742170738220849 0.999965773109133 0.588331338352366 0.726180739514332 0.975918657734015 0.999859300307951
0.930790964439446 0.833370854735009 0.949817850361088 0.812263687117319 0.987102909180545 0.532395573888929 0.783827570178662 0.995804715000469 0.965373847494692 0.996133181495213 0.996912861929578 0.999740913472546 0.889084610656825 0.705313375990829 0.993589593515927 0.999965176483681 0.747582457028329 0.770473244724979 0.999945096868372 0.378478380273989
0.127370186505154 0.551544666008939 0.353611234312172 0.558550729207578 0.629660468219513 0.569200682016672 0.218614023945328 0.860282117060378 0.0194202662152312 0.155807323449739 0.320780134122155 0.382050214977804 0.0693078093534672 0.126291979082772 0.469328245448622 0.998942842657292 0.312760020303491 0.295893102690819 0.00960882021234136 0.00381945928820453
0.433769197108835 0.717420922092083 0.73062242887205 0.730339213032416 0.866547193555117 0.67776906144268 0.332957107580187 0.912736681664162 0.799664413309321 0.824411953883834 0.618857974347216 0.998846860849458 0.63266666819646 0.14251766117855 0.874136455645536 0.999296922351926 0.735591082103383 0.763445718033976 0.811914379579792 0.416202535911903
0.405997099139688 0.670975499228335 0.43846661406947 0.372380556432033 0.899004400678849 0.66811016288268 0.265168949368081 0.954359504277653 0.843566264124519 0.991324940166414 0.951177382892464 0.99148013687899 0.723701190470487 0.412461054743476 0.970218660311997 0.999590561034792 0.557530890324731 0.892263001734523 0.410763391309469 0.997348994534815
0.0263937331394858 0.460175480504527 0.0762913426182148 0.378865232199048 0.153923568790877 0.238813839551613 0.0459668384341386 0.0462878755666623 0.0807086243950143 0.0535219755865438 0.0221063001778501 0.591403435771537 0.0524987884157036 0.0499147522229559 0.15287553614768 0.176349012081474 0.354115482628926 0.374703670592299 0.00166493744846332 0.514682736168933
0.10479429599041 0.502699071968093 0.267981850284285 0.388665749818138 0.321310104608949 0.416246823970013 0.0201651672641458 0.510404411912054 0.815133191116698 0.0383998451404183 0.0378419465377434 0.895254614239791 0.0476324787380848 0.0659913079750651 0.593054854823944 0.836609116149184 0.535154569978879 0.319044982893348 0.000149237218822467 2.41549232226358e-05
0.488966030682208 0.785646796610973 0.564411378772506 0.330930499236442 0.982467849479502 0.447873973921328 0.188282470031095 0.955276280723082 0.90125119252408 0.945051627940125 0.989810030684585 0.983851394543063 0.738656657982803 0.530252475981326 0.752250249093819 0.995466832978359 0.490358850623968 0.907336267034311 0.973645028849488 0.565689364191619
0.573548372499885 0.667076064375369 0.930476562158154 0.683307809659846 0.987095942631342 0.639758247509002 0.20182179154323 0.939304497437089 0.993636913253579 0.925657022667726 0.860631269333565 0.999536894417888 0.514157022923064 0.536065885978906 0.882139998282952 0.999937000466198 0.691234487456885 0.60439237898169 0.23119255219108 7.54328706495954e-05
0.0999566672640626 0.514346143094212 0.280523222817112 0.350052194109116 0.349162181457486 0.451890625915985 0.0245863049180696 0.174001727679533 0.344371065787866 0.148639178953726 0.130043774560286 0.499006107593283 0.100881783762895 0.0288902174847497 0.422886207680113 0.997704929684404 0.289984578909347 0.5603647645789 0.719005728354062 3.62438703427021e-05
0.0524136489971097 0.613549591842409 0.101027378223641 0.56445231731402 0.457058384027498 0.546773760079963 0.182731715374393 0.266491040093444 0.648352768710163 0.330114185705059 0.163221849512523 0.860047260535344 0.0807880546665001 0.0618951619394314 0.591362851510354 0.946960767627912 0.65808383681336 0.411867276488372 0.0698696210146255 3.84760151978642e-05
0.188710538314082 0.686767988237588 0.839099908297676 0.758558172363273 0.963978036509422 0.326410681284242 0.347223951638071 0.507699889533383 0.867263253804716 0.549723466022972 0.874400116920895 0.995950884603559 0.410731554922439 0.154621934439655 0.819449877612721 0.889446785416124 0.653155274986347 0.355246089274049 0.408496702420616 0.00557625040315509
0.0375380657098814 0.402297826826616 0.378048234460944 0.421524811511882 0.0198246072991148 0.338426557206233 0.00353293698261174 0.136314947777449 0.846971829448686 0.0487218373992545 0.0050519771490479 0.7869743566425 0.0187115822199123 0.0320236129777634 0.668338794764632 0.0337575732861579 0.234667681658494 0.129565438649134 0.805313514605328 3.13858616435211e-06
0.633762781910613 0.763441782245613 0.853865729685489 0.899999819534737 0.998250514087696 0.82181668995599 0.633971614913708 0.999811396712441 0.994373599666872 0.968285854956897 0.997306422121996 0.994630719999213 0.738362037991247 0.625184196910273 0.985273237651741 0.999164592720854 0.523512039640557 0.943332890919633 0.968719387471103 0.97526556363171
0.629330405549612 0.844658217697555 0.946808696544292 0.649417141864611 0.948285250720761 0.549547284912401 0.659538940327514 0.993550988840887 0.952736946152775 0.881073640840632 0.991555273361159 0.999598557685041 0.917034347120251 0.261739801013268 0.956764922060339 0.997443527041855 0.59087430027571 0.838522768938204 0.0149148789693081 0.385644668507812
0.119963769810095 0.548308566431552 0.697763467930996 0.765629404104855 0.562003256132393 0.3953058540718 0.250343151348555 0.810410016572676 0.666787952297601 0.387288337417683 0.411937542635522 0.912608435049903 0.260952331372998 0.145903168415342 0.336606386076959 0.931333353295935 0.544099885322811 0.460335253136854 0.00701190816965039 0.861780509517315
0.0792670852105099 0.543205184345672 0.529027031741155 0.421109028286607 0.0768249910388265 0.531277059912857 0.0496305786757547 0.106482070981797 0.952401231372119 0.111112047792139 0.201028382505692 0.799605132756774 0.219571287694734 0.123090803013328 0.237343951974321 0.948283073638796 0.338302949235471 0.250665316491205 0.99427096645822 0.978148718650698
0.0384193922191665 0.584236180494693 0.34823981162011 0.57298508573468 0.703677087199792 0.425767331141322 0.204869670940661 0.117511043987695 0.344801940908177 0.137725263341743 0.558300010195046 0.873752712398969 0.105222160891292 0.0653216392022926 0.854575235915989 0.856592059598227 0.342374910316812 0.510968432556795 0.00176198261397601 0.787960800339591
0.535248506398181 0.709441173142531 0.460641547715936 0.558725424176266 0.994431284076151 0.803342935268314 0.312430947618696 0.89661134512187 0.555169980924591 0.844286743194322 0.354803568681786 0.983733505175714 0.495817562998795 0.261684800095687 0.759450309551997 0.988654346851771 0.792993028410921 0.61054655290709 0.0288450723023529 0.992390056926983
0.0890394935230751 0.459625984378339 0.0528027933113623 0.585458852839826 0.765681575614122 0.343751452718865 0.11079888422687 0.254781555093842 0.0984605240183206 0.16109727660499 0.81652755121101 0.421967361475954 0.234756298402858 0.111567625674942 0.790693420181403 0.607689297390207 0.341994025519391 0.376212034745081 0.000788193439175282 0.721066932314175
0.146377161597247 0.647694937332491 0.890967926702268 0.847014699777081 0.676279712005989 0.162251401676684 0.703280670652554 0.868898199142586 0.584786337693885 0.426744387433173 0.796407060223192 0.950160510225697 0.234398367184203 0.195809607829683 0.919544351209973 0.955469849756456 0.375358967046823 0.537108476085986 0.0125816796204178 0.999931189887811
0.34170059737569 0.532345542963974 0.886417200085379 0.665192248430229 0.40443927941084 0.725846779252706 0.146433329766174 0.682055613530267 0.946809482612168 0.706361525437667 0.759749379708794 0.281335529149726 0.390079804284687 0.174697889240433 0.845677600035489 0.999900546050214 0.443174025489418 0.84706497033026 0.0157549876321395 0.987025963452051
0.523650563780095 0.605378970235023 0.938554549499006 0.821618818900114 0.976303526920109 0.806060645750005 0.634893192246814 0.976601323170803 0.852577784741369 0.854435629427534 0.835014933375037 0.99911033362682 0.678764251045814 0.215430611984166 0.888095676631432 0.658129466004605 0.859000500765134 0.682547257246221 0.996890938382525 0.711738992481595
0.169236895836573 0.631953659365501 0.555196642180897 0.80736609651449 0.641984699003007 0.57070122836095 0.0212877451833663 0.850270454849472 0.0306040996313995 0.863550399961782 0.320969094302862 0.462391766511424 0.328569552193872 0.185654990747718 0.862019229933325 0.986706033302302 0.541256899324864 0.743037932168017 0.067063562565678 0.644083706184537
0.0961486403526001 0.551632622345516 0.0730016374141774 0.476427132005904 0.208530547562421 0.132759612116801 0.0405072058113916 0.147912536668908 0.840533839815423 0.10896115454985 0.13000766790147 0.861954645122342 0.10971043657805 0.0838701216214367 0.25270756228664 0.220913130625298 0.354758926584926 0.55811383194985 0.00515320512114916 0.0686603024171695
0.570285498240989 0.722867952242456 0.458651363980015 0.735460898498607 0.978904188755243 0.0963739226771932 0.215435137123251 0.953637271734825 0.901873496215511 0.778448875238024 0.913837942118633 0.991239557298539 0.30425387658404 0.186870524249707 0.71460384040288 0.835028911501331 0.608176336746882 0.792234910751047 0.000968184604623492 0.999615683777771
0.155605536371202 0.441105967439376 0.336492657789188 0.378003195042397 0.308053104423649 0.0602994646202476 0.161429635644655 0.346639590203919 0.0179202182823207 0.182490898057012 0.109671946781226 0.987723478687772 0.19991208635942 0.0359802632292029 0.0867482941086682 0.287760299287484 0.179194500542882 0.269344506750654 0.0186741296904682 0.904796856326866
0.125172622448519 0.502584594568167 0.604210416253707 0.706263584991263 0.545309194557526 0.544654429097162 0.0745065099304564 0.0131300200941322 0.013686283700925 0.0354192374363773 0.0580744446064783 0.111297298884299 0.119178705205557 0.0273496003981227 0.252874815404326 0.98418805555198 0.466505281076103 0.393445095685923 5.22549103516648e-05 0.182468591700358
0.288588553943837 0.617726824338806 0.448915484689222 0.67317372666146 0.923797092703483 0.138083574839755 0.25742857926454 0.954502612200025 0.0612719592537033 0.183008817991267 0.62851790311355 0.801490885778323 0.447227349839884 0.133392885479745 0.522155340279661 0.853153641003277 0.392656448667627 0.490594935798941 0.0264536261557627 0.995776700134472
0.201819677046981 0.611929757546717 0.569510828172741 0.679710022897295 0.521568082915238 0.482246948353824 0.668818919506117 0.793612058562185 0.694477597154068 0.571085302467811 0.910356009691455 0.990344688857579 0.257301967325614 0.308778108217641 0.857496386721695 0.988251579533053 0.229752569446565 0.68872328518966 0.00162215106062795 3.55911329001556e-05
0.254625854404107 0.665199173923778 0.779355010024784 0.419587859533089 0.828778056355277 0.418472769778563 0.169096563491782 0.271578667151074 0.948033618480078 0.832599427279952 0.768406624867148 0.994659690620999 0.223452006994535 0.236806153217301 0.589146696275607 0.893485116305397 0.307420614624932 0.793510629195232 0.590663377617328 1e-06
0.46907151880832 0.601638753512471 0.356935002461776 0.672692060162103 0.771560761741496 0.662782841437117 0.766611508085043 0.790072360615729 0.794389732208927 0.809473528001743 0.973119648679528 0.998935404630284 0.551352562246786 0.294492026473439 0.847751882373881 0.948969133096165 0.625180770422071 0.659821339826693 0.631558371925901 0.992083959369044
0.463389182360737 0.730140609064772 0.736188634467481 0.856568084339534 0.923017152774836 0.662139357182892 0.332738866830851 0.831170110846343 0.865546674384001 0.864297230931393 0.612602695046486 0.971438791732387 0.56243690394152 0.0780058770235141 0.879234016622399 0.992046456879258 0.547956552033247 0.669938469151713 0.00485117654139272 0.284225076328185
0.103811047657624 0.479676901384725 0.806117317135048 0.693632022767941 0.544259446129387 0.563204762207842 0.0244143755095011 0.66738722413805 0.0477891033235706 0.309070895574009 0.329450790644707 0.990435607694358 0.219196677072259 0.0590217529119058 0.307005248159407 0.988402148044635 0.541774113058509 0.359101371950607 0.00321623278863309 0.995328032289851
0.0941733016547083 0.585201213858607 0.451763675418015 0.611201718313539 0.80326085265979 0.189221520100695 0.132007318905893 0.277736468658659 0.129828702495805 0.445708940146133 0.279607724868211 0.605553408514964 0.185199474140817 0.0996507047248435 0.400585859288022 0.951756833874273 0.501007758597467 0.553750762117353 0.856454239513912 0.929619959877488
0.187860302438215 0.672201904911462 0.443672319958773 0.730068432952835 0.0498566633766205 0.631072677456808 0.123813110554702 0.89473484146187 0.955809667569019 0.467867450241841 0.207600982922771 0.915612377808697 0.256783586110315 0.188961946983858 0.786664375244983 0.888914411567687 0.2961947891305 0.565300926923642 0.112231463126936 0.998407105333598
0.0711561993428254 0.627590134957659 0.543647474081526 0.720531845447297 0.794188086975952 0.359350465399897 0.0306109604041837 0.491577058328496 0.57738116309857 0.164668500186014 0.102496532308032 0.973058536688709 0.10131367752468 0.060814362677988 0.802616211830694 0.0324207222386711 0.341616029764662 0.429349688501625 0.37369070087358 0.644545655312667
0.0571743094124116 0.48717753010659 0.284957436871927 0.536762908766463 0.198571929806378 0.306162376644909 0.0307129035549596 0.139304516152161 0.0428988908722472 0.0999250401321339 0.0133132693655365 0.10136661965286 0.0355488945753216 0.0238698412256044 0.82000890220611 0.603278106881755 0.306827093458697 0.108484624807213 0.0136354787728847 0.999948817074777
0.10256761659834 0.606332984241347 0.341304025166481 0.639415813474157 0.701389682158854 0.466817051356926 0.0882572879840206 0.534897731890225 0.765380587500217 0.100921573470653 0.603927982678758 0.585099017573347 0.316341073728413 0.125959577145969 0.253705207871405 0.909106866561441 0.643481980657791 0.410429051153577 0.108111064920446 0.00045979694433685
0.456659864889011 0.727826778064303 0.800590863028807 0.573089934508355 0.98007021013673 0.568371893558683 0.829045438374622 0.973290566685628 0.720312907781345 0.967946178731252 0.90410566586867 0.976199273900228 0.61016843419715 0.45188026499865 0.967112757711939 0.999813484699342 0.603101225897983 0.783712856120707 0.0270235770328701 0.78548075813635
0.0395193219122235 0.504453112492341 0.135913591597229 0.579292169390376 0.683073955626349 0.413618041727958 0.0715649101745592 0.0552780621208089 0.834099310421819 0.0513013409249102 0.141026741513785 0.924737492005096 0.100430897222754 0.0714294649712825 0.396043628671544 0.816363639197538 0.42284974841502 0.23949499080919 0.214817631578449 0.181693980286839
0.222598744243296 0.522868589339294 0.574876823720433 0.683211042292784 0.883726917911606 0.730213444023274 0.259526207990262 0.139370528002598 0.729364098671134 0.0948421668870386 0.122728730249877 0.716113151588015 0.28773035377412 0.114113749416481 0.597849538555194 0.420988472862894 0.591247249400128 0.455239716432424 0.17067234950624 0.0121918759874468
0.146193734745836 0.489358285425436 0.823278808805266 0.721354110888337 0.77495602172927 0.608833511253069 0.197830851622254 0.957949307051564 0.897049111134934 0.604828019196927 0.926841922658369 0.968701302492609 0.423264854369707 0.375944281189072 0.862264112310043 0.993598394035563 0.607375727029941 0.829818837127741 0.971631407980927 0.999434013682056
0.133853969245945 0.627720989943072 0.237375464436329 0.694311427888536 0.0440664718908038 0.394074339252025 0.0631048619937127 0.18493487582894 0.89112467086132 0.0561807333643712 0.371773546159016 0.99350276511624 0.130034179777778 0.0651106156128663 0.751306944170442 0.865931089255836 0.421358200964606 0.668885607774767 0.0255516633341936 0.00990967164622511
0.687309300736588 0.72892954177716 0.928372680168907 0.837836810985311 0.934141096361605 0.801105841059957 0.244282808651794 0.986298916778588 0.991346137104 0.933827684500411 0.967925301225925 0.99905633297198 0.66801453103457 0.474252383904997 0.980094905032244 0.984117601421108 0.749738445731879 0.725751648592788 0.970029006728812 0.97494673307335
0.0851944680542561 0.487717776678465 0.424129539971767 0.37224497250469 0.191190184246713 0.202764363529543 0.16559069990745 0.128510564442098 0.903109419441019 0.0978295570261268 0.0773797636805054 0.836598126940641 0.078189003265321 0.0598927148897253 0.811511349371107 0.021591043162779 0.327677612588121 0.62236593593203 0.000646056963541108 0.0139703306024058
0.0430421771756838 0.487388482042819 0.112526615217684 0.60454707413242 0.183911783183725 0.353882579432242 0.0491323966671495 0.00979085676417912 0.686635911914127 0.014141802259472 0.00993595347767945 0.238255097111818 0.0298820985268623 0.0264528477437754 0.21469855890759 0.000298332136148287 0.165312229282662 0.474308467064575 0.0266329200753775 0.692226526415961
0.301354315835785 0.64999991738416 0.403983457666674 0.663374892452598 0.325085122938317 0.786363603235332 0.0772647851338779 0.514438321438757 0.196840618265443 0.632439918246532 0.70141912563447 0.747765236505727 0.401472805995544 0.110688217365081 0.793504887382931 0.95178182184621 0.423767732625665 0.553403749582143 0.00195057825452211 0.994433695978657
0.245526468010846 0.525865514678035 0.515494743702054 0.651274417721157 0.528981644423845 0.681119112045675 0.489458237537494 0.929542054210045 0.185322692476909 0.604965075542287 0.0111271930078032 0.413158856125847 0.419699491679438 0.133078702707176 0.674756595350975 0.919515510821416 0.589265746696673 0.28056351942013 0.97281211400241 0.999998954101431
0.425392361522008 0.655464594529242 0.3085921702191 0.729269841665512 0.550485160277215 0.357121236712872 0.0813867226496966 0.558777428089335 0.885426248459023 0.618119242114113 0.889385195676996 0.999703181788315 0.533227656889122 0.236492385740281 0.340793074271808 0.993402972817543 0.407718401978374 0.704867022172295 0.80514596305939 0.000429243687830215
0.158575032558062 0.681561696109483 0.357298956966177 0.479151827478303 0.24923998278751 0.127537013381304 0.0136547377655313 0.419635402349137 0.439788275173398 0.279715046806236 0.0596554721501754 0.597671612223449 0.294908514706268 0.0860409570552234 0.499355776160673 0.911167325762488 0.50198816441834 0.46475392437781 0.413634010950267 0.999225740730547
0.0913362482516843 0.532973264951862 0.733971923192115 0.636622887947776 0.0930235510575067 0.197617819956114 0.104489857729787 0.816738963011262 0.868162209426699 0.107818078881327 0.281658298999281 0.628672881582064 0.191604810224193 0.0780661565737142 0.343151265448377 0.94056560159569 0.281674163752966 0.607765211613751 0.52279814904105 0.108154884268154
0.0409050292974332 0.38378500306 0.401240418419469 0.272608161188334 0.105133587280699 0.217825480421042 0.0375955283548235 0.120697767831268 0.626306757708311 0.0361989251978174 0.0270974239898799 0.92416594872933 0.041436968275634 0.0536086822967804 0.728964026639546 0.261044566692294 0.186638315538292 0.297308073442215 0.00303101390528595 0.319706434339373
0.320598620950866 0.729604880858377 0.845386805131946 0.860010710098101 0.597448914821393 0.0868464843280862 0.136729266323338 0.897263058383702 0.309250145059213 0.759801028464549 0.883918869467102 0.995402694140341 0.250177063416584 0.178164166887806 0.890375318664574 0.99862365037962 0.710731944888607 0.434496492392561 0.0150260528904489 0.713618172709003
0.149713385055747 0.703220013542732 0.610648594769845 0.771391159736874 0.835083733301191 0.216977426435945 0.172842405138988 0.547995560019604 0.67369194397472 0.663136103106739 0.579161800540725 0.984617906560764 0.442145447187672 0.198961144653044 0.742170568706281 0.901485094451856 0.439157197308388 0.577073642309408 0.343785769958396 0.999993102433334
0.0783797731814535 0.505345923632635 0.196214998953664 0.594785531434086 0.168618385805602 0.295863911179445 0.0308984158136705 0.156579167645507 0.1360208549795 0.0274895610338881 0.587096297629701 0.330251635376999 0.0764342958443811 0.0486178605922113 0.346588571209563 0.921362116750242 0.45706717661203 0.245107493731617 0.181359205814356 0.000172920974269169
0.0888260283187616 0.487958687872105 0.478460882153696 0.498506579686624 0.489811992644293 0.619026991776495 0.0468254031532734 0.190921907582416 0.0552941664552296 0.0922652462352389 0.590901461321988 0.862905323201234 0.151206051535994 0.0583486253812761 0.832189608050944 0.940815966848613 0.542639737164556 0.483729563982351 0.00523042818458671 0.71288690961671
0.555924557513728 0.709999400033765 0.755787891236903 0.623790842380882 0.981214660739961 0.449649434362093 0.141487444351991 0.915002747540471 0.988574303974883 0.912263712581038 0.842737254117732 0.981108951803948 0.581006735019445 0.33127598518221 0.924120800910915 0.22401721623325 0.590547483445214 0.731362456629524 0.10120064378581 0.922976125530012
0.380076285863488 0.560157808153144 0.273745427808503 0.271509266623343 0.093311531455779 0.265847877090483 0.284101272095112 0.219552210111174 0.295078727562369 0.131913444747408 0.401655748813525 0.95584013311077 0.186895661032858 0.179079961539992 0.378535987446434 0.997840801039106 0.553766519985751 0.752417095498155 0.0464156414478755 0.0340336775858519
0.117777450329712 0.683956324637099 0.538225539111488 0.595247494364716 0.875985306449469 0.555800844865599 0.131243353919844 0.392878949726275 0.734495653523405 0.458348252368684 0.117185015675813 0.696523946924585 0.0967825216746074 0.131169187203438 0.393742602556475 0.373403620492586 0.588578731206623 0.386324661204275 0.797735978115793 0.9995372013994
0.0373231282558828 0.442730434084722 0.54585857652299 0.524643329918691 0.405375359494507 0.474831289829704 0.0334321041333565 0.0265626034948144 0.255425270521137 0.0827254164494355 0.0264177337481718 0.243282851015312 0.0399513023137706 0.084812286277497 0.297778807784772 0.0395921495495994 0.455763414006887 0.319873648775516 0.298949425555261 0.0017804073417592
0.0323999433423049 0.274490972781444 0.107094106399361 0.383180835342266 0.0581642154448954 0.0943664939645477 0.0147241354963477 0.0333310651577034 0.0542106054059532 0.0148668487254329 0.00370119913960482 0.630159158559708 0.0152109856587288 0.0245776389422031 0.0695332096862789 0.0358997548797976 0.278304334271617 0.295494094888022 4.32872677546701e-05 0.730959671674905
0.466193708919466 0.718383421554897 0.511380035283076 0.816520249435498 0.419934886343433 0.576127337819219 0.0821281645589324 0.148602144749521 0.212639158576316 0.490596946718312 0.784079930666803 0.998820338800377 0.157873671826898 0.252374811742769 0.94634135080541 0.968817144266071 0.427166568089831 0.606081883391706 0.411444721893217 0.693120133440825
0.701439101112214 0.83417546209641 0.936535935219157 0.611091578119864 0.971064534845182 0.837890689279929 0.137188761477906 0.80025455500205 0.99477110441017 0.901790910844138 0.87712351906887 0.978502162843105 0.552985513172817 0.294228316065285 0.97294395440175 0.998732301316198 0.709629236476214 0.719500746200043 0.259701783560181 0.000961978651697278
0.124501104612229 0.671671252754018 0.485826583823485 0.591449458950292 0.418102565868806 0.536015150746133 0.414184794056361 0.342593554271851 0.484897880693529 0.517857761931273 0.359966473338794 0.973721648043861 0.0863187555409688 0.163265972612587 0.752372799421249 0.958791491164753 0.380517694807863 0.701319622982508 0.0765406741076586 0.0913904472239383
0.385800801863527 0.765749915142262 0.604195310244295 0.300077678713983 0.331085935400914 0.516862444813676 0.277903139627953 0.858946954968852 0.929541866720311 0.523745020783011 0.898202987642786 0.997347992581297 0.480204428366932 0.280455613690537 0.842183779230595 0.999501365416957 0.469485778762118 0.567908404055645 0.0924451778368934 1e-06
0.39665971331504 0.669090028713667 0.946828845601299 0.577185357564074 0.771750676997356 0.64381019413721 0.408432950920843 0.863556543276829 0.0568729077173012 0.852879776966673 0.343326064130914 0.991638957868584 0.554084990398822 0.39745753747042 0.655229809208859 0.979425234774373 0.734807451331786 0.746809856024853 0.816828417821961 0.00253381711271953
0.119291582678901 0.605290557287359 0.259998178916897 0.65387276353504 0.405923853986447 0.753623275260394 0.243091824629539 0.797960881623045 0.92414645966954 0.333519984133162 0.370847974356616 0.99221698791569 0.2233722348595 0.0955511681078355 0.907841926930338 0.312389528198633 0.363501210898376 0.464282311548832 0.0353903573734127 0.998346222184214
0.415245310419162 0.690875520930294 0.786093087062108 0.639211952193228 0.321757352395201 0.606216361711691 0.316200273677153 0.544884565226502 0.647623676538879 0.63122165360958 0.495567532493467 0.831695652742498 0.413178820899768 0.141770456411037 0.689588787181084 0.820724445483894 0.537898272511751 0.586534085563477 0.133408999246173 0.996986570742857
0.113516952585763 0.437578701739797 0.0411155047038641 0.66567953309171 0.0531391364416473 0.08856237359856 0.0451211898688207 0.0979777002994484 0.24341572329167 0.0249199608780776 0.00731045107499708 0.100361406800055 0.0988640555761318 0.0193008941284493 0.419026026098649 0.0918227181438091 0.546332097401753 0.448370358243432 4.21143114029609e-05 0.873109609490565
0.0862182135324973 0.486492927225774 0.208149998696183 0.65692937647707 0.320329148243746 0.602840274406575 0.0232776599275039 0.0410115037615127 0.138429999150041 0.152867966582632 0.177242374723764 0.0654299169488248 0.0884139573542682 0.0341829961878075 0.6469328919186 0.355715051397277 0.422594301631399 0.449326747141986 6.84300533259438e-05 0.0672557830536086
0.296086877045265 0.633866726824286 0.755282049663123 0.555344667493929 0.904517104389786 0.551936409658583 0.122613863749191 0.494735573274599 0.590178325134708 0.344988921469758 0.810862529855745 0.348419115283352 0.560708240761863 0.34883440029358 0.906486014053249 0.98208764992662 0.645356137197998 0.750978451448914 0.156110829806337 0.999941426114905
0.494833610786006 0.664216666351396 0.837351838249099 0.558338238498577 0.991916261999807 0.124882680532335 0.283288399630579 0.98009381900959 0.0880728965204927 0.918207769047248 0.740402206568908 0.996796088326689 0.731190822419781 0.241604520522168 0.977854658783411 0.999981474472052 0.787471463963911 0.378349542322143 0.991688430239497 0.795684998353661
0.150790494219753 0.690947035444655 0.55270335176699 0.773503871002287 0.771934162701435 0.812467758505643 0.436498409052646 0.953222707270485 0.487287745757208 0.468491537596634 0.98615327579522 0.991149327615723 0.563267248360913 0.138723211722111 0.746464204939953 0.945797996254614 0.876430269357179 0.665841219078545 0.322662208986125 0.253500914759909
0.297009650701656 0.693984879133143 0.872277090809829 0.745610233463217 0.826179126492883 0.0865280381582324 0.568267004040014 0.868574402738561 0.315324760042268 0.898287113422117 0.894355031476999 0.985809834773002 0.323869811015902 0.188535983987342 0.836300156291843 0.990793440638183 0.34797082303886 0.70623367136949 0.997809827735412 0.999787456724587
0.113266666516247 0.452570303379384 0.240358977984473 0.270416257785253 0.293834771013282 0.286255910147288 0.622767305455511 0.0756761040198762 0.603943457107303 0.446418077932672 0.320946406338879 0.994660098283258 0.132719984703503 0.169624913639329 0.587528480403336 0.962912335229597 0.313791297376863 0.61572752432991 0.0239645873301537 0.0108160493731295
0.137802833035341 0.51816397364828 0.376638106141721 0.5823584532367 0.561071968789194 0.425873401190732 0.247430876209673 0.156795171558021 0.664161764880002 0.467868761935113 0.111841907863763 0.915076227311218 0.190772824155288 0.107213255133217 0.39926414534838 0.992928695495951 0.418839086142268 0.460610057647794 0.333230075696151 0.826082505619586
0.218472857893467 0.614450985063897 0.464201814257443 0.738314097573465 0.165326270499994 0.548527581174437 0.0406297644320104 0.466909541859493 0.911267324888749 0.386446773136948 0.619691858095251 0.874453686816289 0.303313795710665 0.0924882389223114 0.557916662189786 0.338924058949684 0.189506350931713 0.542920049800115 0.310277126951526 0.980746913193105
0.0584226627902112 0.46664537749508 0.408423620699912 0.544000845116557 0.111511389515179 0.396716805528607 0.0646461985704908 0.249680570580973 0.343597241919724 0.115201436417141 0.030807504286917 0.923600996317118 0.199079599783475 0.0778357239108128 0.6916219410371 0.0477230990736874 0.5526854142414 0.505613508883837 0.865139165282057 0.997568373585701
0.0473301818818319 0.482856392310389 0.226484919549615 0.459765788343199 0.00738482848924523 0.385039295033238 0.0327209409488379 0.112748533432121 0.4604621592621 0.00765101157368101 0.0111921462971691 0.0693574696022889 0.0311476439190194 0.031038096802562 0.445990465282995 0.136114912565826 0.480335493779587 0.291145392063363 0.00670057322771654 0.0155216940278286
0.259409349743114 0.51630472015058 0.527712897129909 0.381401302525123 0.324401854176541 0.14195287818345 0.224223816131561 0.0809242444067666 0.816297244354873 0.498223404652577 0.517310106268265 0.918460282836381 0.259065796215133 0.0650225460392917 0.717119085341109 0.31558474329517 0.199610991632704 0.481310293516865 0.99794576977129 0.992372757564279
0.519885637237313 0.652295520859376 0.61999814679559 0.734007183225862 0.996835212331904 0.397969233688445 0.622850726660212 0.853596088584827 0.5907627496642 0.789955726284536 0.956701199304784 0.998386370564926 0.50071161290377 0.415393859998743 0.777116864569526 0.997375817661603 0.603075200539435 0.607893902860445 0.736841559918165 0.0433890981360941
0.23651621144906 0.545701448128639 0.932232429107997 0.54790768340572 0.860274841875795 0.679316341142296 0.286371340194486 0.0641963086301261 0.929332899206685 0.590083803768374 0.637378144869198 0.989026175064515 0.411756438406463 0.262057782916018 0.902679478796519 0.984332679902156 0.68649572456988 0.501679815380321 0.995717135545601 0.4210565587568
0.0532068731705789 0.586404615382014 0.281709280610689 0.517863083539166 0.0268612868452068 0.204742745676922 0.0113849231836526 0.54452542205085 0.0571668898954414 0.034063578699823 0.0137605888966166 0.287593141674581 0.0834446276340726 0.0469371740979623 0.43697019810383 0.710790123272031 0.521684915887739 0.410301949046991 0.00857096498500855 0.953130438214977
0.596507692524581 0.701522030369217 0.85737142000211 0.820594330537919 0.964557478493988 0.702674563209704 0.725983761936763 0.624752207000363 0.982770008542384 0.658983865394915 0.809699490944401 0.996451550973164 0.544288002915382 0.210867551203243 0.844731227412521 0.549447806010149 0.59514275665589 0.555447069427542 0.989957726608718 0.419774599615565
0.128749247332442 0.559895683482037 0.507625495161119 0.706870187143711 0.93108435733554 0.162889833892318 0.00721015027891856 0.323983847984314 0.717906176777362 0.0166905892522172 0.189025440057203 0.8633313198231 0.0460485139094607 0.109131355709666 0.539065798788968 0.973935510917299 0.374430101998204 0.365162144520877 0.9560202801253 0.034885195057733
0.0435586940265904 0.408049356520781 0.318052168762467 0.498458124500832 0.38198596697163 0.410110815763833 0.0852244828875596 0.0728557134747507 0.545909634533807 0.0653218994878962 0.501379672024407 0.676564591145785 0.0535450058536459 0.0344732698792046 0.773703979591155 0.55480805650184 0.456234520335673 0.456489290481632 0.00100888597202439 0.0233392345895221
0.00727657749409361 0.381602676044825 0.329723689566546 0.418523150514865 0.00242551826375102 0.227021726106815 0.00101379701191893 0.00484922864689801 0.212618197815093 0.00202931630331156 0.00792999324335056 0.46742383817985 0.0124106328372962 0.0102298035528931 0.458390934721849 0.00231953427659289 0.259620617598918 0.130719582092235 5.90659085474444e-06 0.988758820041206
0.262377047784167 0.661593634518906 0.879279510428955 0.6116119810235 0.457751104221877 0.290831749036607 0.0437134589246219 0.419393391374682 0.880521151836122 0.684922447922415 0.506531765419555 0.80676724145289 0.54085478163747 0.210836170590628 0.459540837333991 0.670020787863224 0.283975057422906 0.341955466720625 0.772767224798681 0.219192427874089
0.166034695381369 0.664680896724116 0.0983173800883886 0.889364603131948 0.745905523019895 0.471840121182312 0.0806728411719418 0.0783309526109654 0.252416612802475 0.563206169016757 0.319752714170722 0.881134983696786 0.179573720488979 0.262764902921443 0.499129338496762 0.688147828992836 0.347932035076612 0.518666209935775 0.836908266866676 0.999395402291452
0.0347201444607901 0.388224454744312 0.445676798283543 0.464981023285351 0.072076530370711 0.322950882120517 0.0812676967320235 0.233579194478172 0.626961746204741 0.0436391961716202 0.0104362780513237 0.193036114144417 0.0784416018143132 0.0652035914110046 0.318916810967063 0.938551394376855 0.428161287015537 0.31903430080966 0.00845220389055805 0.978735111367161
0.205548681820882 0.643472864632786 0.344729053835197 0.414024562991755 0.453101533278507 0.380843898563247 0.00680346202034457 0.409717484157517 0.102920052610386 0.391819404969674 0.438007040778519 0.998758704801988 0.121863883945049 0.0931171902717869 0.576002392322525 0.599156002735817 0.39454593167824 0.352074606527382 0.985962127092723 1.36603357638644e-06
0.713683312793208 0.698796047858368 0.618963889253572 0.497726610173246 0.996995877306598 0.724363507471758 0.701622355421826 0.772178915223172 0.0561555239317548 0.94699740474418 0.917886229600438 0.995606882093186 0.751309489459947 0.329361462146299 0.989113512229257 0.968736631799281 0.464969885569475 0.781096979539466 0.0626403715427493 0.886052713083655
0.48813730673927 0.66518753816174 0.444981035617762 0.533977808703745 0.809577022834218 0.629425045840129 0.384083714514808 0.5060493145917 0.677170493263971 0.880205747588616 0.956827497991005 0.937480963672086 0.570830571646411 0.404470509292513 0.640938652781356 0.99616875178541 0.196505533375004 0.748429571837228 0.866740173880055 0.999495148024864
0.378295784120991 0.557735128531679 0.527848665385639 0.364187605613376 0.695815812957486 0.79363537977474 0.140933658983164 0.940289753225608 0.218019761138063 0.795239324979644 0.146834536551807 0.81176813760963 0.316828014555794 0.108395198928903 0.47959774829948 0.944238482689592 0.240711544473149 0.697468411456788 0.277026059931409 0.0967697729701572
0.296454226271459 0.692964411464077 0.657289662785388 0.49449267862508 0.947361390544962 0.58947835183979 0.0632517974145839 0.730477844450762 0.850658809196676 0.426707168275594 0.358011150206258 0.996926744110847 0.391982779977746 0.180874173370321 0.573781972438827 0.968495526920152 0.76909557998092 0.615708274318655 0.00247262067912236 0.0418615966466334
0.138896071500837 0.560241597179776 0.153270131938512 0.683035438951993 0.0338012970974988 0.38176717809041 0.087613630191026 0.46539981769046 0.746821165537016 0.416859189942239 0.0195863129651384 0.317308191479286 0.177023621732441 0.17807020312907 0.464215745986298 0.476433273642457 0.552117036569808 0.555275078077959 0.0391790144630619 0.999998476405242
0.215141675903825 0.598311966403279 0.547440405883969 0.642464743632961 0.692849998230724 0.83227873624745 0.305034232211183 0.794022940776472 0.530295743754856 0.619990825499859 0.937644025287618 0.997656257598976 0.423081520163515 0.255125332747595 0.444475734436577 0.941831571432858 0.313591200940888 0.270365457746571 0.0013484810220755 0.998858320022274
0.0391237243878173 0.439913582771071 0.147779766827936 0.690483751837334 0.205483461990062 0.125097781513785 0.0304386527340571 0.387053726211625 0.0110497393202074 0.371124799617068 0.0194230994608114 0.988960590955631 0.0411231880211696 0.0662084467480369 0.234406109116178 0.886276236214052 0.586088460402517 0.56341565948799 0.150836814073067 0.00219803558996352
0.188416738238139 0.702531931529513 0.913082096519467 0.407353989449102 0.932375984015171 0.680052579479934 0.155963419743508 0.413341353520884 0.0937340656331769 0.614030306924452 0.574919145160568 0.996299478802103 0.315946801862192 0.150298990346923 0.793366543751644 0.413899945151246 0.805336756043203 0.45393840037759 0.99951118383932 0.813248010539095
0.0980945508597067 0.650265263700415 0.437118297636651 0.528904091970681 0.28262018632913 0.362771999587642 0.198449215363198 0.251227663016617 0.959862791438824 0.547168535319837 0.341141295956339 0.909658242431359 0.283391738306203 0.180890008372493 0.705749031300864 0.9780655794857 0.199764311138499 0.812144210526136 0.0711633202172397 0.859429408400044
0.50857810753698 0.804169005476921 0.712564674367335 0.702506479874233 0.935702511134006 0.836602068760861 0.21712611150939 0.909296065742801 0.380173851861757 0.888334798890489 0.92775218482134 0.993554526238453 0.621653121573689 0.235242249627492 0.718271992122257 0.992046538095843 0.547887002417742 0.693593083760023 0.000936292240321015 0.998022890652318
0.0349936335158205 0.498805777515579 0.402201793206264 0.566255809816218 0.0378667174264457 0.533148942531913 0.0158785816995448 0.0293133536725319 0.929259922177067 0.052326810727701 0.203451797528104 0.994678747803852 0.156228142719357 0.0228622600424055 0.489045284823708 0.321986247690628 0.286036732485422 0.355793957090581 0.00209769249821061 2.7061784260046e-05
0.683179126329104 0.612849661306308 0.858488406496337 0.761265090378938 0.895954087526964 0.15979071901834 0.488545431116673 0.871788901896972 0.979889674546897 0.957720706519703 0.716013106522617 0.999827133069543 0.579110668430932 0.310098440730843 0.94627379243812 0.986759941175141 0.855331709156483 0.714706520810829 0.979519585499188 0.00390820378254377
0.354743029818769 0.659127886382753 0.340233360109978 0.559188550126026 0.898019457628805 0.329490539714761 0.71283482701078 0.632517515040081 0.960294059958735 0.401758509151633 0.70219428359443 0.535315312936694 0.318742713831027 0.19269852438422 0.834083946070159 0.6844677027147 0.584094411769391 0.53334944337212 0.929523683863349 0.233368315262693
0.112121466841655 0.50737134160276 0.324899254494386 0.420035825014721 0.228694731527933 0.505404312955172 0.116039316066295 0.38552305366721 0.147156655795762 0.264252278337356 0.181000505350491 0.97060280767983 0.398125016452466 0.145547820279086 0.693441875736802 0.968327484456592 0.380600878457013 0.46653273380503 0.106236937930704 0.998101576278336
0.300040617726042 0.706754628361206 0.900921769247296 0.610774222368456 0.945875618020347 0.57246091847364 0.160246916335459 0.66031558497888 0.299657356550784 0.934358772271949 0.965439659946271 0.3770747036964 0.695305129881512 0.215600362038501 0.711854752371165 0.993513759665948 0.530852019039391 0.65832913642003 0.893082555779207 0.0880806487578649
0.163133597778526 0.65441319279346 0.953139761959212 0.683151827270289 0.942007646786494 0.380676960122149 0.0614150888068167 0.922786091599334 0.781366394179166 0.557155710919658 0.447211604158368 0.75492583518474 0.303889708668796 0.117878894806886 0.844363152436202 0.860565036802664 0.487843510246074 0.193296968548698 0.772053357568387 0.030278277882393
0.0567551526638673 0.529876759994637 0.147264587793839 0.592017143800968 0.120253966725774 0.240730097522329 0.0401070065446219 0.246844395106603 0.446208301142335 0.0349962680742069 0.0995812308966496 0.601271377184563 0.119036274480171 0.0704150713975687 0.516160511594774 0.101674997075364 0.278588202877533 0.38396026344481 0.0107356928099662 0.734620682298524
0.0785518972856563 0.493950337255139 0.182931759172132 0.399480346876665 0.578560569944046 0.404724016891825 0.584536165605173 0.298381636782049 0.978560338495381 0.148552851696186 0.043526580833194 0.995572117911735 0.171109067984035 0.123889133504512 0.436943459607559 0.30150212768565 0.49571309651146 0.374484623297792 0.00385072206731022 0.97581823948679
0.0963306112066178 0.64761838223289 0.558704412080028 0.36889819140637 0.906598348851419 0.707491777132628 0.0673341455171585 0.603616225622222 0.578387687551476 0.645203997992301 0.692753805894442 0.466888205765049 0.325539941843051 0.261227515588106 0.634902456158077 0.977398498302533 0.59067825151324 0.547205062448123 0.79838011669152 0.000102181486922011
0.251661233258268 0.74784941671635 0.553150095120266 0.607650408741 0.779897416044874 0.158398270194077 0.047557380846864 0.12110707009497 0.575543938522598 0.577640773449654 0.908235180630695 0.973822132627301 0.206818953458128 0.135652634837617 0.883238978402328 0.992248349548765 0.672705643286593 0.838568687172069 0.942912195649093 0.957360305662241
0.0966887085708904 0.48352012745022 0.726278718458068 0.382193471514725 0.703816164777121 0.147043312513857 0.159929014901629 0.442743333009353 0.0912117265226471 0.226165327739017 0.0231031028489863 0.949511701656491 0.0649818151908563 0.0825948910283162 0.140698439553204 0.969853653722294 0.376158742058681 0.356401573294664 0.0095591821507539 0.993140169189497
0.032760725206257 0.396658717850177 0.345146169931302 0.224156218470821 0.103431798445552 0.286924284036166 0.0157817128529763 0.114240918713836 0.0646881534886864 0.0695741540970573 0.014908714434215 0.997992892904912 0.0963044353148874 0.0733472765820765 0.686367129742075 0.626448581420009 0.25494395761641 0.480639634735927 2.47897350017035e-05 0.968024420592398
0.101629822549331 0.623366143767181 0.418405370301209 0.301075019640577 0.852021758179814 0.200602258217843 0.107406770655012 0.33796652062828 0.793017860783035 0.262986744760637 0.342949392375044 0.740633145484148 0.285412572280388 0.158394591907243 0.673703789011304 0.560597766075491 0.523448751699196 0.527263690782727 0.0294800604591293 0.950778940948815
0.219230978445793 0.649318829412975 0.848827990142324 0.741086016710747 0.716137458127307 0.237945429072428 0.205936150983587 0.667476988943944 0.703523688423587 0.52741110494484 0.58653033985206 0.933018905607523 0.25690978693475 0.214044915723078 0.704062767597525 0.944845066548121 0.671424109090076 0.689633630771233 0.027434722461985 0.000903703069475169
0.87728920883872 0.841279847048892 0.900507532691411 0.797719979896676 0.99909084489125 0.737828576219443 0.859241223679089 0.999723161738506 0.993394817250944 0.997871191403932 0.999385468562355 0.99978261835034 0.949461942403952 0.752237442680475 0.990508540751955 0.999959209854167 0.874953425208612 0.910055159298753 0.0113087817030482 0.57691231544247
0.0760237292485346 0.483843586153268 0.658486875894116 0.412037751591589 0.212435432779345 0.2877632262245 0.0318572198974 0.0182673480116591 0.00865653167816159 0.111952353617488 0.0236412574683523 0.724195425516425 0.0422225797493996 0.0313544531129308 0.127635291598366 0.247908976412215 0.339217943007528 0.450256715685831 0.000945235836240192 0.918957388732116
0.620786260425704 0.738025216388185 0.607242998425194 0.634957938587726 0.922987831949275 0.459785377459691 0.721081397273277 0.981166862239041 0.915027494670021 0.863758292681706 0.890184849831657 0.582448241101189 0.644820694124131 0.416759427429795 0.829822879226912 0.998853550002938 0.643215096463407 0.89919829918458 0.990239524272734 0.0935509197940858
0.11318516480784 0.522437933098344 0.435021356474326 0.24888971498566 0.161203463174337 0.590345633594475 0.168140919077107 0.519182676661452 0.890027276573057 0.213690182422677 0.363692772032067 0.311713851998551 0.127988557916332 0.0329153171794047 0.713386513216364 0.928751143274706 0.746613662464161 0.305407579017199 0.00391792233174207 0.348375027522266
0.0677226171872819 0.483756073906364 0.0790488392325026 0.706866728487378 0.0158979904321439 0.291889362651033 0.0888463662517346 0.67033852227822 0.840670541171087 0.101139922606817 0.111060411938931 0.556581481455567 0.0482867184861932 0.0522669522935816 0.35883756220928 0.777612902698277 0.48199288592785 0.364964505221028 0.699015743885558 0.0433250464143117
0.104206638724937 0.44959859349334 0.276694268550385 0.459150347610645 0.504165552924099 0.30062192535486 0.0990232862786588 0.442105870067267 0.915389148918697 0.0746063297193548 0.451168715809076 0.992189447536958 0.114473110094222 0.127648811111869 0.656823207435261 0.91172748796573 0.457180528679215 0.250631526142737 0.0261030391121253 0.984820090107575
0.248113486528889 0.580037285214575 0.089930193584987 0.770420712041336 0.500095359163883 0.0797766667034894 0.422890121413794 0.571486954757511 0.0689454424608272 0.329725833413967 0.85023538240658 0.836420501056974 0.216595326026235 0.180582069691121 0.867800851251649 0.906802780350315 0.429652270585858 0.490305948204322 0.404503630799742 0.177690027908138
0.262811427589493 0.656007156633983 0.66978036069163 0.464364796519044 0.912393749907086 0.322519370961963 0.514183631039128 0.945202154637451 0.598948186197201 0.96337111698249 0.833757944291665 0.999081849657377 0.721557012127489 0.362404471719631 0.734832835215315 0.414070815231571 0.377304230073167 0.857764582790571 0.422080535955569 0.80107043652217
0.0911883782101647 0.618370748671353 0.775494365623413 0.775380990660879 0.885261743753275 0.339312741665796 0.0331494152727519 0.260962919656601 0.958812383603711 0.673692985217029 0.304140142004388 0.865242241584852 0.212934349312516 0.231644027005618 0.624950130814366 0.436655110413506 0.775777271185641 0.620408483314096 0.00631604992043533 0.102557545961291
0.474630897563837 0.752975952708672 0.414759917225466 0.648241963214791 0.378347798134076 0.258621673452255 0.420717644893888 0.416184381135236 0.982698502780775 0.784458700262511 0.68167696938153 0.99567641533252 0.474822848503275 0.230682836000918 0.950499852941154 0.950113550798483 0.828705917443865 0.368541135850654 0.0161194131760435 0.998403244416468
0.950923598701621 0.853798258756449 0.943367303041932 0.755489454466788 0.998972038464847 0.686468027895542 0.870966620315545 0.999523215782702 0.981347708956942 0.997938368508926 0.992750092731575 0.999091435810367 0.986712578085548 0.920482073307137 0.956889496768927 0.998850923367425 0.764217410298756 0.820079299259699 0.999971123996707 0.997759766258856
0.367949751665034 0.755354565293333 0.804315841124103 0.63292761966205 0.790963642078968 0.263308226425388 0.193871880545528 0.92832061652179 0.358617281355334 0.890206296654141 0.168726249804 0.982510196413279 0.348879741998691 0.349261342521744 0.576256271708016 0.990153207057608 0.506549063357677 0.655405050390184 0.383807113012366 0.0120417463710651
0.227556542663661 0.652355766293384 0.551729630030649 0.768248382665146 0.93216471201391 0.0999209227969687 0.434170836421223 0.971536153758489 0.850457358798112 0.371230829548469 0.978911550555732 0.998603287981952 0.702355734464076 0.342706904502943 0.917861418926797 0.965666463235065 0.52033503063145 0.82526743062017 0.31362052865541 0.989594125213313
0.450720940561949 0.815754296998879 0.946450662340279 0.660045075592983 0.941096570985111 0.755900959952163 0.267200107039295 0.954308345587655 0.661383824615959 0.946925478913936 0.966565914870123 0.999893415043147 0.448478746798736 0.366640693660192 0.944150393407792 0.999180110712141 0.583015310326822 0.69674346180204 0.789359840551975 0.999983472747066
0.0626462595170915 0.559271858482654 0.254500004474849 0.620513021441887 0.233609189556704 0.040399293871578 0.0161711193055937 0.0540616585050116 0.307143457712304 0.0495831879057827 0.0236257203361101 0.92954302930438 0.031986435369684 0.0598389176978558 0.176679799421678 0.0758232583163977 0.414479426549658 0.501719161145768 0.00377913149301805 0.959439055355212
0.0758483681088357 0.557843474502059 0.482682060404963 0.756138484040202 0.0344258802395725 0.167508858221964 0.0840248881048409 0.14952060109179 0.543035377115141 0.0374055780805163 0.0382183816357876 0.968661881610079 0.0302148781852953 0.0263123625942839 0.539129661487697 0.742180845121872 0.453076852236646 0.705004636588906 3.75175638221896e-06 0.000151757416098966
0.139782637789359 0.537545396188069 0.227183793258886 0.500431497260417 0.178008680162751 0.203388164169064 0.0345417854881278 0.195899793208213 0.0268273557872043 0.0636636539619873 0.0327621561115428 0.699939755849635 0.0625318587185819 0.0943795627299469 0.391486975237095 0.627245786372547 0.486118495887633 0.496785719569022 0.842058102869679 0.950030926975654
0.154328999941688 0.562421456890507 0.517441143766212 0.55880250793221 0.945908604448325 0.19762599843588 0.179783182826486 0.482570417100096 0.0379395682687182 0.250054096336974 0.393152987038904 0.992020084507508 0.0831539489745287 0.18570663794917 0.434422383530879 0.98373344533607 0.72669375144577 0.281694279217056 0.379741685436689 0.983984114252758
0.136692087698971 0.442184327546617 0.146194998722058 0.476353663218499 0.45055244262455 0.733368183056202 0.192628016331864 0.246947430958542 0.309332338399751 0.415907179010747 0.137283628248787 0.705580294781593 0.430678989752841 0.102226145738376 0.85034014463081 0.870903653980467 0.560331196256803 0.355570552798066 0.48534734989746 0.999331234700311
0.16627873927589 0.514174133843385 0.0952410536298638 0.629748415196183 0.382227203940834 0.384261814281187 0.187884945779849 0.115979541312105 0.589123904869098 0.418941121268822 0.260427821119725 0.949893787476496 0.289958716189837 0.0526321176770994 0.265277871318181 0.962254754208619 0.356708019608635 0.382252791054284 0.286581784712736 0.569526639834939
0.145885523486476 0.633169473195166 0.135229845393196 0.625326109479095 0.495707772119275 0.511371669307022 0.0806459466545235 0.213595126351588 0.603754775856295 0.482688025919953 0.636040055430824 0.907047206249545 0.200549672521513 0.110318645554595 0.748153683258401 0.753245504753553 0.560028740735135 0.363793960385678 0.00123183773577871 0.999993049985428
0.169417479480692 0.48544068911781 0.15058449461441 0.403622898777449 0.169587211688921 0.358809596735771 0.0577894589037166 0.750021086614698 0.24929225027751 0.240808123037523 0.317878526011469 0.864036814844905 0.22423758361034 0.0647460967119706 0.629931463385936 0.993735972465798 0.50606568362693 0.259369543430224 0.893209748351831 0.999997230817327
0.186458336768207 0.609969159662898 0.774011679756224 0.50369692810985 0.0548856435309923 0.772810334661679 0.163042626662412 0.252855359455926 0.0739401552136895 0.176389725375735 0.221644546680361 0.955763950514689 0.0666317574605883 0.0606440965018677 0.297232708515795 0.943119221761673 0.463916267361131 0.571568144078728 0.00184593154318716 1e-06
0.511060903610686 0.754479105522682 0.778052625415166 0.787956693405593 0.885506953784143 0.391469595511348 0.270101043176095 0.702056620386733 0.584730489074499 0.79592860530218 0.343445184974134 0.928298836012431 0.651033562071847 0.285421411733359 0.889287188677712 0.583882191014488 0.402044639120808 0.752052588552247 0.960441087420484 0.00917207662959703
0.127061703338891 0.50830528103298 0.853238706859138 0.681844111027307 0.250397879620876 0.303352398809175 0.0364094936351941 0.66157625063098 0.18252943536882 0.389507074726689 0.417776207837403 0.415830865650578 0.259824995708784 0.1706995285193 0.752980860441617 0.999774611996056 0.452757873655243 0.488866444767089 0.00178308845503335 0.999948619664476
0.498536135304386 0.730153590687183 0.580348790985897 0.896258385624337 0.973300601996225 0.4664342434401 0.662705236097532 0.880633301525278 0.998482748073007 0.826302564771921 0.929043123575723 0.997831652586875 0.506038757836558 0.267216715962941 0.967652995519592 0.999683029614577 0.582845247793444 0.760151285014822 0.970759310277539 0.0108813395532109
0.80051624795565 0.759621804075812 0.837401408431822 0.792297277781514 0.997865591317694 0.484104836316358 0.160096508233213 0.981665273329334 0.976224818736875 0.933727772895486 0.793280128057531 0.999767157816506 0.836766267297106 0.544662039781451 0.983006563092099 0.972383238001207 0.49256764603316 0.703803374441644 0.946790954404732 0.0259024888488317
0.210877455205768 0.586092826520813 0.425631224640004 0.76319107997297 0.769792644728516 0.261995170231068 0.0733734977398959 0.519615356879778 0.199591819807153 0.695141223650109 0.4071131112247 0.809179347318235 0.181602477438275 0.20518299126113 0.6160470202044 0.98765067235463 0.376084371545213 0.420549342177463 0.224216417944997 0.999868418348292
0.580399753201953 0.654148127449861 0.933634540336741 0.838516041827284 0.9860878418166 0.544781336145338 0.462523493314503 0.988703262980252 0.704815943649403 0.694752546063316 0.934116396400973 0.994478205012252 0.596772461774958 0.331006268997734 0.717165131535003 0.982992540564729 0.672318289552683 0.840577218233196 0.229085939502943 0.0241966810198518
0.635332135040871 0.726147284042481 0.667229889279725 0.712187415834634 0.910033492041975 0.118697841866007 0.483339857194828 0.942262868678403 0.91079314395429 0.743319238603168 0.275212935558439 0.992413543213467 0.534770812113713 0.165908752729986 0.952350144823946 0.992853941300769 0.657545413288432 0.826087251429836 0.00479523251353543 0.985072584315951
0.293403470324041 0.596653536227039 0.711305367067301 0.715739166620722 0.982338501803582 0.305727268234006 0.273908931140671 0.724625571330818 0.107767365034088 0.736557719194256 0.929642371380053 0.996966320771565 0.362614581939246 0.133259749566485 0.6926233617646 0.998504038097022 0.840796947203139 0.391446402937334 0.1145107906609 0.000309087196702016
0.0966249382748671 0.484823296488723 0.421472135247836 0.568838499738402 0.1954079930787 0.229000802476223 0.215722234571662 0.187911151068314 0.539612075991335 0.196375828914824 0.385109302110966 0.990194060606095 0.224074817255264 0.114584762560267 0.488753635081004 0.698378339584092 0.624194848170706 0.708806640826398 0.0191363157916299 0.0225703424116131
0.570448958346344 0.689908924394901 0.714439579199604 0.718721254848313 0.969494279920225 0.123381996670203 0.64961778817968 0.826994979777826 0.993704831185322 0.9239607244135 0.848967505865539 0.997625317558342 0.391656509713636 0.30490262083951 0.558713536951368 0.99938968174157 0.677697611324833 0.533490594130757 0.726613951131567 0.999957051738417
0.241432668752522 0.663121394302589 0.415119437025209 0.550414888852433 0.959599153303862 0.247388889209717 0.0895281239759993 0.126057767478051 0.760271123479977 0.479663597232987 0.567266784675779 0.983902451229016 0.25537084499374 0.160998328319215 0.879790568092485 0.997016819634827 0.312273999718867 0.484153848044503 0.87875209987831 0.8700681497668
0.582440000661218 0.690808093887005 0.917819284347317 0.761618697188422 0.848581140136841 0.224336155386096 0.199456715732546 0.747043802822361 0.939866109679339 0.810767394041531 0.922109384672332 0.999560448087013 0.661952586158974 0.304427002853176 0.939529784425591 0.992396151634427 0.785422018620031 0.903400779646291 0.742637613136308 0.999815432188644
0.0118109192311075 0.227267593315055 0.333865919681739 0.508484283291335 0.0576585157442958 0.299363668125122 0.00396667718433361 0.00245138300947979 0.571602654631965 0.00490106097465432 0.00603401907446096 0.184750840583391 0.0072259701765002 0.0137433153305646 0.14464545097205 0.0561223272366577 0.690674075418309 0.179300784718671 0.977534947534313 1.00468166560357e-05
0.481401135620409 0.643464471864491 0.818969165370383 0.564852139758194 0.96565086979655 0.223046340943845 0.185585748877518 0.825189299788676 0.985971030846202 0.570264605853244 0.905527120901346 0.989159052306464 0.575422336480406 0.259362188625556 0.724604704821705 0.98935685160747 0.710499233437747 0.621094342938233 0.894221243753042 0.97074795437864
0.739116864336025 0.773340748195941 0.574277626789339 0.818294973021736 0.997377776821033 0.63228678750389 0.692663826076297 0.990688719746626 0.99248948830686 0.952164228890476 0.89859807516106 0.99996816592672 0.748800172924148 0.540845300209345 0.955838731451003 0.982115305841607 0.799410801896864 0.865007675380244 0.176561501759546 0.998149088011065
0.00919264661578888 0.30660322979611 0.0353016477279903 0.465866484965478 0.00180383737863602 0.153022011020479 0.00888138888148279 0.0231524277249495 0.00291640873543698 0.0165173120716922 0.03469474199366 0.0896864792660705 0.0131692896332357 0.0317099087575084 0.128272126928851 0.0146375295935181 0.391445105696187 0.213185140953824 0.00442691531659598 0.000703560955250242
0.107934742484604 0.599917836497133 0.335440878773544 0.686515017503119 0.752500607196987 0.101998279994807 0.133162638282369 0.565360193255239 0.504821975832933 0.347515166312712 0.773513006025934 0.183574559068915 0.246725078711859 0.166988390771105 0.362740420485118 0.995171192180811 0.767816885397817 0.444832987576272 0.339160805879018 0.000392189434238
0.319969735680548 0.761239864282079 0.772803999776822 0.7243405372615 0.783024601727234 0.780059370522617 0.20266884393407 0.965327105880143 0.997627211862152 0.589425958055307 0.262241230204819 0.982538747163205 0.652024162222256 0.188279416093252 0.969967920401716 0.995489455884819 0.507836011460429 0.908782011261116 0.00267686365656624 0.99835641853463
0.273837216448556 0.597452252620625 0.416842462606062 0.906963640768789 0.576289079709093 0.5361539235465 0.245016797280402 0.886468091039909 0.919919913629683 0.113055616570555 0.424819842254673 0.664672735756015 0.332416084687176 0.265705358244106 0.420662920431567 0.298089974718579 0.735072105290734 0.514775482934395 0.509061735065076 0.191463781609891
0.0218356291701394 0.430163300156606 0.21034223180312 0.425175888550721 0.0063061865839497 0.101780098238325 0.053416713382378 0.0112775045307162 0.0448084604258522 0.00857224266897073 0.00586047230069265 0.739517969457593 0.0393010329216434 0.0166813063823919 0.198351845230097 0.582137091481737 0.170567582554471 0.208052195511332 0.00778996802785214 0.28343959748424
0.477040938752191 0.729302225909243 0.468608598041541 0.871187030877561 0.911977752614459 0.130095644619737 0.660282943071187 0.896923901512643 0.75903730064502 0.662285477892096 0.838499235887778 0.962615029500819 0.533705743166377 0.187956109267797 0.880862922941168 0.406846035974107 0.577188501682888 0.521008119567842 0.0137714570231972 0.0933945820926431
0.362605092380259 0.71501659693051 0.783210827153744 0.722302421334047 0.803325711035731 0.625733981476224 0.356675802732488 0.924370570828762 0.776532303161475 0.898088239974704 0.852875250947143 0.988089028511998 0.638587772706478 0.188141222154199 0.871405620058707 0.999865398775029 0.53247766520625 0.706635318525532 0.257311149104355 0.00464810517242549
0.169616336111918 0.613166888124689 0.39595550104938 0.717403239955428 0.953718400874892 0.383371835079649 0.625205519922264 0.507231827214723 0.0428152451162509 0.136923531952355 0.137229402567689 0.750323821575778 0.192815549841392 0.0768697037849592 0.532612775323058 0.37709490054184 0.298737818595506 0.289333939963435 0.0617351166277568 0.212787832288007
0.536404212010501 0.740057469828522 0.790693950425215 0.680944629681247 0.963594261279251 0.405674378793704 0.512534595627145 0.793025224920966 0.978069059368395 0.902260159351828 0.970528885098853 0.999373049124034 0.732274042528355 0.323025100349659 0.899349641382789 0.98857696693457 0.76692187439923 0.796046021649134 0.766943210136229 0.0460850168463057
0.172279947206717 0.490094978954983 0.41936307532519 0.758015541221939 0.751247038584035 0.337841025436433 0.268502010032103 0.453435181104407 0.566997696120877 0.410561237809666 0.567809948855229 0.985258610391035 0.229679700206958 0.0742240351483389 0.855057553890795 0.986204199151519 0.497857829735055 0.662258753268638 0.773691090697157 0.999965749912453
0.56649522656708 0.753211122820217 0.899556786703652 0.728544730955861 0.8493329787953 0.283453527239016 0.72122800674506 0.98255991521087 0.89830995064882 0.990008694652376 0.98853799510704 0.997914767662987 0.816770247486646 0.245994351529584 0.947117508499198 0.99982461046171 0.59311686521227 0.802511241445524 0.54659069419656 0.998747366680729
0.374436052729084 0.715676894847969 0.804342121748749 0.828479463647053 0.911392646124628 0.657869979970083 0.184976485691774 0.577552572876055 0.984788212170717 0.90891782217516 0.727776703405592 0.949830974926013 0.382112758488279 0.290180353973647 0.970906802132408 0.999955982019231 0.649583809342706 0.818923193508949 0.0888152443204646 0.123039059869727
0.552015495612019 0.649960535886925 0.811532779839668 0.826537542655405 0.956550740559238 0.225824731031838 0.259938742003254 0.962392631030945 0.983513111905404 0.802714670673391 0.922730312964977 0.999017640554317 0.542707826103407 0.335813362745832 0.925880664912695 0.999888269780011 0.768169370035225 0.666686027589965 0.966032727962296 0.99996606430666
0.407500545256628 0.698031931867446 0.650465775266691 0.588326894080912 0.729232670107136 0.099703914873259 0.217122861236277 0.811901548237131 0.94486076305395 0.624866659767897 0.595509561526392 0.961590932242947 0.263707537715175 0.182280335587192 0.436975624738116 0.44618512244123 0.234445666695733 0.397669520789934 0.00198724868029011 2.47857570161234e-05
0.621338876768783 0.774454381686434 0.628213038940489 0.645198241179489 0.91568879806465 0.866848726625604 0.335760459307708 0.809242482456013 0.978715045029416 0.904585360282411 0.982248668856873 0.996932590345621 0.408082653579321 0.198450328216594 0.651449190748908 0.977626053588177 0.438055437119255 0.756898733102188 0.754450620529393 0.000402083319940779
0.142196425006347 0.631617686257381 0.25586294298316 0.255512916531072 0.913131807037473 0.284622911546704 0.0511040526796329 0.34969625501894 0.00251203958767301 0.307212625805148 0.25527621969431 0.980699364928877 0.562521161628534 0.140756579347918 0.428715080318768 0.956211836598173 0.510632982479275 0.505434294644405 0.103729484760977 0.999803641073794
0.0913982682935064 0.545846012532957 0.696877904636003 0.40968122509707 0.0896833460841523 0.127095034484077 0.0887132115694163 0.104452362269407 0.368351657659596 0.103831029662915 0.180424586305316 0.106948646588488 0.08183326948606 0.0337247685534608 0.29846967074312 0.124763751827666 0.211271305215973 0.233597939650618 0.00342580266930803 0.028175823903249
0.271692047211974 0.659516675788357 0.14086789748579 0.713507475366444 0.264595360682674 0.205067129156264 0.0507646870730807 0.788006421270325 0.654773301610917 0.326386004549717 0.226392340058111 0.981338781104396 0.436538461749842 0.209234519575175 0.922740155804397 0.778597295142711 0.536892586684974 0.433183348031425 0.00324945662632843 0.0105720873572831
0.137198633166526 0.483760214530505 0.210802981478388 0.750197456053965 0.276113241564141 0.422431693353225 0.0432527733011171 0.604363350714758 0.458365924501175 0.246355087936731 0.0728121700104101 0.916939125044446 0.229849816282988 0.0480762529939103 0.759768454848199 0.996577094740659 0.34103935704557 0.286290219899799 0.251190287648946 0.0531241091170849
0.353021945091468 0.617718882673341 0.453266282651354 0.780722357685657 0.916009044832173 0.361033762177227 0.22365611391821 0.353366416284625 0.535253960341099 0.741394470940773 0.904783237979079 0.991055389417603 0.432587783441375 0.297069266211337 0.834535953779619 0.884646608483949 0.519913307185162 0.584516929401182 0.999297576694163 0.670495742613275
0.148090279564453 0.562255250586884 0.206615499023239 0.421214613973359 0.252888120149967 0.21454031273861 0.0905247843712906 0.312942433827326 0.536865864744563 0.193730954737194 0.247467046569687 0.820301296042029 0.215472516268303 0.0695376942947617 0.320161560549686 0.651239065384973 0.273692339951286 0.402357933353402 0.00172573755914505 0.0344776053988596
0.309055372307618 0.631089494663571 0.80862949856908 0.723848229087699 0.890323613041505 0.828564340454057 0.636102227407822 0.889817045370446 0.723106937962149 0.668126941725374 0.933129931957052 0.972426659875479 0.382439337016259 0.304255126602539 0.923300240487075 0.645666178375718 0.638382982588285 0.662100284489629 0.102568480627797 0.797697911497241
0.629543968681746 0.63085195137801 0.827214950856264 0.592534441880731 0.991201939259909 0.403485248200375 0.488763375934431 0.928318580340846 0.830560492016945 0.626789871654943 0.312163854343733 0.976560831491465 0.279706226758071 0.201867622693698 0.859371523827351 0.975771909056029 0.796049998636977 0.598894105586739 0.990558166162317 0.405212251542494
0.452324962829556 0.75930217978929 0.795092732187996 0.732159988838188 0.946905110958736 0.148132142706792 0.847479050861676 0.972039653042355 0.944005857406032 0.919191889608188 0.976898285357482 0.995157940624711 0.612323708046591 0.484540257540219 0.927870123016585 0.999138301193653 0.827128162462286 0.850049791088806 0.983985079403338 0.999997691522504
0.319051621815632 0.656702647697017 0.741958812621715 0.621599340269244 0.992517614396446 0.127566643952155 0.433784608616787 0.840801030745142 0.872243867861495 0.894359970734359 0.980181885676712 0.981713168303675 0.544606804697613 0.222919772027384 0.824317353932234 0.993700096308272 0.697623063420235 0.834357551110959 0.975481216251175 0.0851227805697661
0.106678634705656 0.507580629005221 0.699162517470641 0.596971289542946 0.376704792609295 0.199972542442054 0.158513578533279 0.0104610557595705 0.111775939244757 0.347951345165094 0.0802196462051137 0.862531794329296 0.213037651991777 0.107819558055529 0.709187189118598 0.571423762238896 0.623287428993002 0.281895970641486 0.000848854881140373 0.00252332127869605
0.285033423847361 0.585266740187732 0.555840948982707 0.553587049050914 0.744365994018874 0.829768079130521 0.068713316829439 0.710381964717588 0.859847805537241 0.663056559386719 0.211358816877279 0.892112640838193 0.152707806319533 0.0898657445845296 0.265702786578291 0.994684936643093 0.543273610933843 0.68601599605038 0.0208856713268746 0.925590696880618
0.0636924330250477 0.382579979835764 0.176622371004039 0.310786128989598 0.011929856186628 0.304312399371704 0.00861903410407312 0.064502374865584 0.12955636214403 0.0215007977556246 0.00971730361676756 0.617979450937309 0.0504817202899433 0.0144197787181894 0.310718435496386 0.941137896699487 0.212967613639372 0.273587322519196 0.000609216569012233 0.990311904132948
0.064465691853554 0.643941823010758 0.170711964287299 0.524754964965588 0.210937569946914 0.359881288099272 0.0489282089625578 0.20402947239991 0.0287774648593878 0.54979086140627 0.155209188125009 0.615979839085348 0.119294803908181 0.15284389725081 0.459369252122386 0.943397750082536 0.692880618399103 0.461907456146673 0.341243181741396 0.995692206463295
0.275173650790099 0.708790904769058 0.503290664099419 0.551461517562831 0.996796525345503 0.200940898342912 0.204126885556856 0.529918570854099 0.995650097861705 0.927547811449533 0.904886395358258 0.999705234585588 0.469105285670376 0.340624600988695 0.733111993558227 0.501748444687841 0.397100430105708 0.594949628726856 0.0202135499014012 0.0596637069307023
0.0364440966170576 0.528908981493654 0.372823127198709 0.528903430802438 0.70787323178664 0.399967091721249 0.204852080923877 0.0142471888161836 0.0335134020356747 0.082084615639591 0.479043398882517 0.839924662871827 0.0874928018143683 0.117249685147081 0.175417572794428 0.668526999879523 0.335170153772201 0.424890939350446 0.0332768666107071 0.138813439735888
0.211628514829912 0.569847792753604 0.750725064239329 0.455041624878108 0.434065518806626 0.424999266737176 0.134837114481763 0.545905679634283 0.468212625966191 0.19671338105566 0.816832536549681 0.988386080539799 0.237886392702016 0.151794165802324 0.7588882298383 0.97921879757874 0.214392487753053 0.643750861123802 0.866911495594302 0.68054810125553
0.0902009699230007 0.670196861111368 0.262014644764179 0.753705594928474 0.35433941507076 0.245760382730598 0.0407363187844523 0.339754526687731 0.285911739673096 0.134245041248946 0.869628682022736 0.929457611270532 0.0826359217884532 0.12460017180194 0.680830407108521 0.865469148041396 0.480394887047694 0.543348052090549 0.209733933312784 0.987749140682618
0.301273810242014 0.689499681846334 0.613209200108162 0.651920723932782 0.94075305040819 0.370968258328429 0.665455360387282 0.961946681795597 0.948482470954541 0.719136454360179 0.638225238475028 0.977909080776688 0.435441243555939 0.252794564853935 0.890661066385673 0.997810268796432 0.715693927424578 0.661620929115156 0.991554688396694 0.801966407498789
0.808085241525966 0.795020029814825 0.82278083181743 0.583432766583999 0.998638384941491 0.276325503126843 0.239428622643131 0.890235786730747 0.772831714423256 0.889160608117428 0.989059678093568 0.941989056839611 0.622456368424955 0.651093203085161 0.955869285161724 0.999839203184815 0.332767616180194 0.793157763252347 0.898145370754165 0.00255925575587874
0.425682759070284 0.766018875920194 0.734658797403459 0.691239624542688 0.983816390564233 0.89212991067036 0.670672172077851 0.989949136940658 0.998638636521452 0.896670000792317 0.978013982311173 0.999074004816647 0.707992910543176 0.415831811481011 0.96056151768646 0.998473791051447 0.679958564423493 0.696805535350457 0.420831691746783 0.999997883600596
0.183741957299825 0.567668875720548 0.601451572559227 0.697443907145165 0.88878305810525 0.576879646697878 0.170642942883829 0.91959223341034 0.866458791713957 0.462996040942494 0.914440453619581 0.833187639858064 0.361686939490475 0.174596798049354 0.606561486242529 0.991484714358687 0.745862235261545 0.696916471370089 0.00523882255390528 0.984108114916401
0.47469548720145 0.746169400609162 0.495779015609544 0.615471985276954 0.943995759841114 0.392896209234904 0.723364853421244 0.48581386276621 0.860543999373568 0.743935430822335 0.40702079215755 0.982529212805312 0.356366087125309 0.173420972085968 0.617221435286698 0.931304901926915 0.739634987237448 0.628222572065987 0.543159299072028 0.125646196654806
0.185588355421944 0.588612988316918 0.845871717238617 0.356010204248466 0.336128108342877 0.374385846375004 0.0328107548138643 0.325256107560987 0.309573375220982 0.297868540227205 0.70728148768993 0.515691524859038 0.331432301634656 0.117846836980223 0.653618032154459 0.990668671157458 0.348051160068698 0.352167986514927 0.0288575146777134 0.996477029604001
0.0404161719215151 0.428404221168015 0.209101350338192 0.650214808689508 0.350571726821036 0.623382054008267 0.00643597790058825 0.193588990694145 0.240915217267871 0.050409985454049 0.0630353605969653 0.472924039166668 0.100790704835212 0.0421873444989122 0.369961636716271 0.494246486952298 0.599196715283351 0.601729323816502 0.156762487564847 0.930985204724803
0.48738367160696 0.786168934159291 0.946214725983813 0.467436758700282 0.906324265188085 0.733260725412117 0.475385922768236 0.981053881835157 0.97361304541007 0.984487704742818 0.810942657651437 0.999359486986621 0.664818166566171 0.439108376076378 0.911771143536903 0.999029734049007 0.648875280159691 0.912611442827944 0.95992231108761 0.670038915891941
0.487445555572847 0.563714105087166 0.923166774148799 0.79648519485718 0.879068796020891 0.445621991457322 0.497711470179975 0.975751724718847 0.964158732078544 0.790134131598441 0.890244888948457 0.95080342005571 0.417252725198499 0.37974568285423 0.951884303584723 0.726903049682905 0.416668321389328 0.865624574028589 0.977269751152744 0.996819316437343
0.322079579009866 0.758933110349535 0.830227228175119 0.556376794870699 0.993763632973958 0.186357610907329 0.713501056415084 0.995724244679241 0.94494635924747 0.87671454723551 0.838115423619772 0.991369701229388 0.666528475486185 0.265784166511707 0.910667582264229 0.998348140392559 0.768231902382694 0.829889827544515 0.999132137380549 0.0326698619972817
0.095081900403238 0.513543343146664 0.539216256535814 0.441536487255655 0.685635885452074 0.379424646176351 0.0995815583783142 0.0101486061414036 0.184473887567698 0.104067177711016 0.597546646072649 0.875931587350584 0.135927586706017 0.118470363369202 0.307977762128628 0.976621660407766 0.467144869550297 0.234124877675959 0.623050294235604 0.999401404481665
0.11791719963746 0.562344641282134 0.456032778486086 0.706029833619682 0.816595423801139 0.51768476534215 0.0427827652254148 0.71453958057211 0.830315545930434 0.318510864472271 0.331940680785398 0.362771867081263 0.164916335886073 0.192331633292868 0.848439441713034 0.107071421617126 0.364775021500792 0.604348293464733 0.0299375450158026 0.0405944029400733
0.140985929910242 0.618719909629404 0.664070931670633 0.442520894965023 0.42416290787661 0.297721449058886 0.146050124401594 0.324313197937616 0.933093985834802 0.243702392241064 0.308320146110457 0.996821422241408 0.184904576109301 0.10558254878382 0.743158558527477 0.000786141909404891 0.608713905278935 0.432396155119334 0.00867850044024172 0.864059527472891
0.104354396258687 0.532736536070018 0.629558294814536 0.506851371744176 0.105081898346149 0.371453416675502 0.21346565779394 0.195309124002127 0.90353093596456 0.0398172404388247 0.264993839437316 0.933393302435124 0.142936529257999 0.0519918626812619 0.359604971600457 0.510216151378107 0.320810908441898 0.488434658108351 0.014198066030532 9.85447089908062e-05
0.180421816086082 0.648421556913641 0.860097881738047 0.397175148882177 0.873164259184493 0.236973699877582 0.107312011074121 0.335828829496127 0.609486768676606 0.697778090726571 0.250839459365486 0.664636862407729 0.554418231715817 0.0957414049251594 0.610911271558372 0.934039674943255 0.630984378507929 0.638945079066511 0.082625252975548 0.933961809305836
0.117932427684421 0.667829756976002 0.812609134353314 0.662459302589229 0.859840146683731 0.749717185886203 0.10456907028765 0.831283680849883 0.969747082395615 0.211852440996187 0.382306052237538 0.976973028688799 0.173510317403613 0.0823725562460029 0.634957288200781 0.998153691954285 0.490884606946265 0.354160128785271 0.840462725615803 0.938193577073575
0.26070435262397 0.547693425220704 0.128519396687232 0.585565997151994 0.217696275904455 0.720779381852412 0.127776769336009 0.0181683025874531 0.555517610587406 0.0791793088097182 0.19958681480475 0.984690169541145 0.0317824942726404 0.0752701168430256 0.206667049578749 0.0203976583271096 0.630915747613316 0.432499567979609 0.26818416646704 0.00607976197410915
0.0395007874561466 0.504621748956509 0.379454542171083 0.239802271125724 0.277030783113028 0.16454182806961 0.00876832266340431 0.0314648909600816 0.101905074971116 0.121858600816731 0.0197939715914327 0.759776528725623 0.0385558474361693 0.0581435117588779 0.352343425231149 0.20169463842618 0.218406759961616 0.466017865055081 0.005941406494604 0.991489502996333
0.0665907476606627 0.54018842197908 0.445319124142777 0.605361503742212 0.10522226518365 0.33687556666677 0.0906624199070525 0.507617646513202 0.888616417766087 0.365470140500001 0.00279604779492853 0.905197634307282 0.0538213396713072 0.107524056887878 0.570461651820853 0.998813911437627 0.50227312837176 0.48256805731465 0.653222354456878 0.154788878334241
0.446786153752339 0.704895548884603 0.715201294248051 0.514148856926992 0.991474095435586 0.392893909039611 0.518626380466667 0.994118352802405 0.135346696310578 0.914632601482766 0.546007942022614 0.920454894833052 0.472477003532358 0.330055932770259 0.94050815353631 0.989116877353697 0.644471550737427 0.522000338896491 0.00234480725634194 0.999421967545855
0.644467390312126 0.69128633076866 0.91716741024064 0.536269094992435 0.99823007256475 0.766599681982238 0.753947765357597 0.995017232860552 0.999302373583965 0.968672591968529 0.995955077122774 0.999918386342296 0.663883749351232 0.617422391277559 0.980020864510528 0.999888121463835 0.640550905994079 0.866601349793795 0.927089636008427 0.944504881400871
0.0307543161129849 0.511833887881677 0.0299489252172406 0.56372413952921 0.0270435055848247 0.0792865264792991 0.0264957364268123 0.166624523448178 0.881983234189103 0.0261165386199758 0.0128339792017262 0.942474458142544 0.121355639194273 0.0268651270343869 0.566809800610118 0.610666506401496 0.511812002357262 0.187594750966213 0.00107175037265281 0.131148193051673
0.356300553716065 0.616488900553022 0.393002159928566 0.677977772806994 0.848233309623059 0.141315026449523 0.667215967310863 0.292777415869442 0.0306041162351909 0.735673566519973 0.609319995039601 0.999229386514453 0.155503398723276 0.342926657282768 0.481197231821331 0.981857593691637 0.458188284629007 0.778556988753791 0.765616269570927 0.000452655067209562
0.261361901075413 0.703188674296386 0.890982991137841 0.717096924903261 0.967145048672154 0.275026643154541 0.210100913500979 0.445201293823025 0.95195149930646 0.935364308949084 0.785572533087293 0.98741173429009 0.375185311553147 0.149198172320113 0.768644700430443 0.996877659887001 0.430660767566359 0.81811916140624 0.621420260254037 0.000524002327769396
0.272151642148676 0.604915402872149 0.751876602282169 0.880911406571209 0.967528304866583 0.465394105427452 0.483604043188296 0.813899243857372 0.093467849962134 0.885107926166995 0.797477497184399 0.997642322334809 0.395179410859237 0.141282330349906 0.858510686022908 0.96669232526336 0.574308202934538 0.573478833990562 0.102058692408192 0.0665286834803375
0.69705114712425 0.798815755246793 0.993700346709558 0.833301243605792 0.997958939863021 0.412137542119972 0.625365003729288 0.992361557909792 0.996030831329469 0.979084850166609 0.99397743999814 0.991689902729367 0.859595213170945 0.481113097117287 0.887714539735493 0.999747643885464 0.655220014694313 0.869542432357382 0.0142590429850816 0.985721084358564
0.266236704884511 0.625977670532819 0.220026977779673 0.518254469992244 0.113335776474833 0.650572566148076 0.276351907824071 0.55387557886674 0.47869733519994 0.571701867597525 0.10916258803808 0.961932646353689 0.165009068394438 0.0720267699967186 0.236061050418322 0.985104521562717 0.724753627937516 0.544327819148618 0.380190619350702 0.106856303257783
0.178629747807727 0.559903407865344 0.537697975523215 0.79849330738871 0.506302152239796 0.727281126225163 0.196327124013257 0.934524456725465 0.798574849110266 0.652087864206321 0.903994659835741 0.860174866583545 0.63573545111975 0.189114777354395 0.438390675108622 0.951570711171017 0.450861606950586 0.641830686929151 0.0003073803046243 2.89554553587685e-06
0.249802492086333 0.444065412892886 0.673256550776718 0.528284528675024 0.621542277132217 0.0768494202778797 0.0649436025727812 0.0440538512934865 0.083396932494592 0.174297840351757 0.0630181208632692 0.922561796332561 0.323723015913712 0.047935962628758 0.596867096949408 0.998395884880998 0.624622550415017 0.480782572158097 0.00105599431724064 0.00324213889751683
0.351017589598235 0.677001645746804 0.7067456552509 0.735445488379801 0.835461057582074 0.164739132983529 0.280613539548403 0.905596393140043 0.971974211594041 0.923017246965206 0.959321957340418 0.995177408336431 0.30091965192505 0.234044371583136 0.886879611179809 0.992678063632012 0.668786480877551 0.790339566776899 0.980826415174275 0.44521915690709
0.300205907607492 0.640760256157178 0.290070765644876 0.683790763990189 0.812604428847538 0.218053211738995 0.0233976757609336 0.494844211242816 0.612809905972497 0.505733809180572 0.740657023715806 0.998794769352596 0.387205231645904 0.313326791317579 0.882387649219107 0.824370791635735 0.643693956437514 0.792680384402942 0.979860660303432 0.915875198903864
0.208572362358299 0.646082766131693 0.844104794515997 0.727455177579131 0.72773251602759 0.27285571725203 0.23696137483035 0.953394573203908 0.124162396709801 0.743306343436003 0.64060240281834 0.939887925170722 0.215457566056126 0.214655596171521 0.83612029150585 0.999988938395723 0.745169564789757 0.562611373920802 0.706572236880883 0.997629110549613
0.128106598901113 0.490239293223424 0.674226467056547 0.482373571105446 0.128246517777839 0.268621461061312 0.0607263209027474 0.0645457095424084 0.19221275734984 0.0738545813243173 0.20528550334448 0.880948227242905 0.064134801627173 0.082511210578396 0.6646005327954 0.943887024520689 0.536126179275709 0.64521114918008 0.0142535191175969 0.026220113766748
0.0785953052874555 0.581969057154707 0.412752551536406 0.482103877470411 0.281125031805394 0.268638111839011 0.193335685078756 0.0525112729885603 0.0385059224898825 0.0995955113495009 0.0496157984365996 0.0575741058090712 0.187515687105995 0.0573667785043826 0.313390731431162 0.842797305029142 0.414482308401219 0.430454746752807 0.0461298430020472 0.0358564445576754
0.494551996307419 0.679375147821456 0.806313291066881 0.680002695897712 0.930596226772794 0.122593764727432 0.145989892615204 0.686063693754727 0.995585470856035 0.680209180680538 0.406212081708722 0.990626231589027 0.174452044823986 0.127880532029522 0.547326960944479 0.891484358274688 0.687257143488982 0.720198544961674 0.90938044238757 0.431096601134851
0.449699684408013 0.81322180816868 0.607789868038003 0.763366756383629 0.886411886817789 0.82150547253856 0.733257045305868 0.864750191996409 0.418005050653889 0.758045862336434 0.858742657321431 0.995975670226431 0.450837617913227 0.364840198851444 0.984048174497163 0.748367255997761 0.43558708205923 0.84922700729699 0.977706013578282 0.7904238530524
0.0914344221270439 0.510413844921345 0.243497307082191 0.648100242094981 0.058845172884874 0.249081501096704 0.0169692019705554 0.0293211013541615 0.00481698998460452 0.116134291689584 0.0158333900048967 0.973335861180076 0.0557388869676252 0.018089807036382 0.474647298375059 0.260458691196912 0.382199876026408 0.308498359749696 0.0309009343711149 0.204299271321716
0.792813496989715 0.687171233967293 0.833951941194771 0.750496271042519 0.910583881927538 0.685306321920793 0.444692692947858 0.99954944125006 0.925736859226988 0.985874338338121 0.992783004594805 0.999734379461066 0.887932922880852 0.535116332099563 0.95075247248708 0.99932382787507 0.69573226728121 0.866644160026235 0.0426204398301984 0.999716400975538
0.236260508113739 0.558772791927421 0.333956101345812 0.683083045698278 0.304050713250165 0.118384365684413 0.025395932333753 0.53987994445175 0.156933160859737 0.227731010396665 0.327633997641933 0.958633419613725 0.258576037471207 0.0638309435280663 0.777009854027499 0.832978010951975 0.53439281986941 0.775507039687477 0.000611923643752763 0.0521099032179442
0.24132373654501 0.606025220770106 0.658834186370158 0.648524030207238 0.352392849382975 0.209791061421926 0.3285112120431 0.806030860499263 0.154929217424417 0.305250315549083 0.447455598906867 0.999500323487471 0.0551175489454461 0.122501726201784 0.634019289782842 0.994011363647618 0.201228783986822 0.46789184918389 0.75939805589468 0.82117971754691
0.149399650723697 0.643558372669641 0.465080258641844 0.66452278939781 0.206619769008747 0.216679129093113 0.0743680611887751 0.719692452027849 0.138349807375195 0.648516284893371 0.134020826987984 0.943876889490474 0.330684281224595 0.0967964875123263 0.415031444696823 0.997940227929426 0.821803243113027 0.521046168425312 0.195933648797141 0.0228508549103499
0.199600828346645 0.501771689427855 0.182524229729435 0.551387668487201 0.629855674036588 0.0718924047959881 0.0208419473607885 0.159704975795613 0.791873618323509 0.141916556691936 0.232800385941062 0.496581377907208 0.075767977748603 0.124354069579315 0.482696265606877 0.516917473924761 0.527930287021732 0.600245908478043 0.102545055972754 0.00395332249287304
0.273561491933039 0.456444679259748 0.167398406375811 0.692784849037821 0.105124395660424 0.567458076197091 0.108624940422408 0.05037483535881 0.0590292989881937 0.158099442936769 0.0555697600030916 0.997448879368664 0.126352768153987 0.0804068251101744 0.40149622100506 0.939618880728482 0.50973795628459 0.478261920479156 0.0412572144187471 0.0582707037287948
0.115276059320601 0.600464266377639 0.247763165673202 0.517486495740938 0.657815401338025 0.115623618286158 0.0165266092299938 0.730527665973458 0.17226612700359 0.214192669413797 0.586610981592846 0.817709341421737 0.247022173002059 0.0715009151977381 0.47437318185981 0.838778196358015 0.357912513487127 0.242358738463677 0.262895062043277 0.0436179530225706
0.155396456356433 0.698044527197796 0.734944413421097 0.667542030385506 0.876420788342448 0.368957727009593 0.242148829137076 0.36524812966077 0.913160940647009 0.698851448660748 0.592428741901124 0.98393344941582 0.32991648177256 0.119371334613773 0.902953402091554 0.90172280404981 0.526966379895305 0.615373884077071 0.0366901983387323 0.974961199807337
0.0681562387440243 0.474278052099503 0.238041175141122 0.405359308416289 0.0154548894797017 0.384683055583395 0.0179352942741977 0.196841982071076 0.689896087372274 0.0845419422572356 0.327072954810557 0.146784918828573 0.106091075781365 0.107691819105445 0.721145493083314 0.50881711006119 0.462893436756279 0.419764222832492 0.0151140538969119 0.0109890396381144
0.259565196136303 0.641176566656949 0.760556524131157 0.706564147855781 0.848585218630844 0.765120820923596 0.0918570101082922 0.815651102891076 0.869225702859728 0.750203845957208 0.784570910460199 0.83991635965213 0.280567296479347 0.1389628813428 0.665668989687032 0.99779560662096 0.62827688506551 0.625233327861963 0.738017194537226 0.98362164474855
0.236949176316166 0.755442411994048 0.162057881640371 0.465655615539168 0.788692516119372 0.765091294983079 0.313721684887936 0.995960699125532 0.99968279693727 0.625731801099758 0.903866670128203 0.761572704610111 0.368769019924534 0.212483109952444 0.799711864247904 0.981100713224501 0.750669622170581 0.891374709877801 0.575807271165877 0.015963051218575
0.0263139872861279 0.470911359211355 0.128164649733645 0.409446061799435 0.0396536962214667 0.593284018188432 0.0277205353266532 0.0337661085191169 0.0371961778174235 0.0244107790943565 0.0767096661709863 0.526889014053096 0.0266084419284951 0.055007470726408 0.0853685065861335 0.00102518601815006 0.190528181343442 0.231580988440152 2.27428845119729e-05 0.848396510673957
0.514817228002827 0.771797335783572 0.879145830164172 0.850980133612478 0.920103112362542 0.135469449537716 0.349886062580849 0.873635835989071 0.827233501243418 0.950827489970516 0.926596472229319 0.999502594526191 0.766745589719141 0.446322457238181 0.899856152036173 0.99995624141684 0.373963719481049 0.729448410399609 0.272465624571257 0.86289248475455
0.2008845881936 0.589762780272776 0.497156248204745 0.394299701620871 0.36758324005692 0.620601336695734 0.0141118657676442 0.801599635566 0.927203969664025 0.48944087934493 0.354310752181157 0.759307189722304 0.170774901817287 0.125334933483155 0.662991743501412 0.775181139079942 0.478910040446567 0.527413109889302 8.78129936332481e-05 0.999298191968343
0.311313908817204 0.540150961371514 0.543335765064392 0.44993289390325 0.952301158812535 0.567548962045099 0.75814862959013 0.530491896005863 0.599038631949351 0.188823017628448 0.668378966932982 0.981271178213308 0.495739181397662 0.133895130004414 0.971650827345904 0.999057494685879 0.581254748197304 0.797376271942717 0.168696981497745 0.153346152702234
0.0536513309963413 0.464573897706194 0.346934175025519 0.219679809741262 0.0363526752423648 0.137014073278322 0.0128951155867439 0.0314774319864417 0.0043591703102304 0.0135392743779297 0.0388586265186022 0.695697841930919 0.15449385314727 0.0371057364158125 0.47142431265993 0.540808385466024 0.388182793613106 0.259288587176856 0.226090064292342 1e-06
0.0288363760305325 0.493770458656518 0.590600024208718 0.511733974347544 0.00755857345323252 0.658693787905759 0.0155894087883471 0.0569077942142624 0.138799677004281 0.0748660671808827 0.101713996970411 0.634426030459689 0.0288241757587841 0.0484720002647927 0.562998341406682 0.234070524350986 0.204102565885567 0.191547607752499 0.00141358404143288 0.99990637784697
0.400650737823915 0.715723654718677 0.447872609691931 0.57331399984844 0.629804615537313 0.623036706017483 0.171648281361 0.82072603348597 0.905829975269406 0.705661995446455 0.962645394758475 0.999727498305668 0.447449804362446 0.334930844699008 0.460314589322386 0.984159996987325 0.213608076167617 0.508915762136412 0.974209891500695 0.11018645932876
0.0408974749118518 0.597382705713252 0.0373255946172399 0.557847747390952 0.0106365767734463 0.150899888849685 0.0128622748069163 0.000587366018337184 0.143030095505215 0.04278295334566 0.218876739756618 0.59090209206929 0.117753228426206 0.0156149624023499 0.170434771012971 0.157732868489259 0.256576064899746 0.178793081909218 0.000774986300286631 0.0694268243971598
0.0780776151295113 0.656717355176979 0.209225459973653 0.599161426540253 0.107664793667917 0.083863288538533 0.00744314581163304 0.168975637765023 0.00644143518779056 0.103670393391206 0.137361107611651 0.190346431439167 0.0468421313993494 0.0881549878142751 0.423215063168287 0.24435797226209 0.150968393395987 0.428594270013951 0.0129423629974701 5.9277153900276e-05
0.353920724478073 0.683709469978463 0.769565162940378 0.601846819857137 0.951717096392134 0.464406951043902 0.314125787981378 0.983770618068229 0.20752337238085 0.885943811545805 0.979093674093389 0.997490157584209 0.639541566208737 0.247726771891059 0.916788926223197 0.999790726887147 0.679300510468397 0.83069111272946 0.985757533062087 0.000557474531477581
0.0675073489085958 0.423109477302389 0.228782075258714 0.546191462765183 0.164186694234576 0.396249654548255 0.0230161601836131 0.0170650257144011 0.360942900138531 0.0260524134822484 0.0477351760745736 0.918646436377336 0.0609845078075909 0.0374673974185101 0.559954082316686 0.939367351593493 0.47726696795312 0.620299786685006 0.997185411025541 1.73081732093318e-06
0.0949987351132232 0.427884757396653 0.148384173350841 0.538437137431378 0.562878482402855 0.272962611291423 0.264695457642964 0.119115404249901 0.682403501336735 0.215616730572615 0.0186505343578307 0.304648223783229 0.0538820008232726 0.0479386557564648 0.515918821351868 0.981661307508846 0.71121106489644 0.442671130216367 0.0221097862649077 0.0772344763258009
0.729498054877402 0.763430773956617 0.771021626113339 0.500407489654695 0.994654956966211 0.460604257622503 0.880584822064093 0.992637262903066 0.791293564810208 0.99353922089869 0.998590027121195 0.999779099399155 0.728734723537335 0.593747019585637 0.959661828076561 0.999631928215041 0.747128056904397 0.870549618219083 0.976453788401073 0.999999
0.107084668288824 0.386877116400136 0.100756869982125 0.553063292020048 0.0901062071761432 0.101020610907426 0.0216925928596166 0.334571462551207 0.708328145638766 0.0219539144803501 0.0795792966754521 0.469427809840052 0.0238634323040487 0.0315738238235607 0.198663858376742 0.670645249857046 0.433745781420355 0.205471564767099 0.0433655235882676 0.118651248572947
0.0512326590019437 0.507045167624862 0.159939477042431 0.666783136158569 0.280827651600053 0.204875116060433 0.133103965195198 0.749731031643799 0.12593711296431 0.188054506017302 0.216426746534635 0.655569328549193 0.141994746709421 0.0750219214055691 0.615651183999022 0.84103437390262 0.667875131543998 0.567650836498122 0.990017813005163 0.362021890840198
0.14371619059068 0.539355709316205 0.488752578718294 0.778165810005202 0.339562345468345 0.634522820058803 0.0299514428770388 0.130764993671827 0.697060949480978 0.110925842706414 0.693681405853833 0.700063307472913 0.19787630689537 0.124142781854595 0.544412075458007 0.967449201627129 0.549947511091508 0.546071079769172 0.00281749788960047 0.792924637724067
0.220884666374095 0.576912879327658 0.154413826228298 0.54068632625959 0.740627193839345 0.574927798246843 0.140968690752691 0.112752604542561 0.00938074620306815 0.0214631300639438 0.0607667230590258 0.958306063658294 0.0964884474844104 0.0409064770316043 0.341951282958106 0.147470753397849 0.746792886066894 0.358316219571582 0.793254773226485 5.6055219185298e-05
0.0952359926341239 0.594186613033997 0.575622768435802 0.477305799799733 0.771254422410555 0.472083627761602 0.085104707016053 0.692054154769431 0.985171886963828 0.262391466586899 0.574981710173465 0.929532773565486 0.190027414109349 0.0809870984147154 0.5481014953817 0.352841345566745 0.382838867960146 0.723961303843086 0.435333876957664 0.999484322308199
0.0293555155995968 0.462991507596042 0.454334663972121 0.301709430364799 0.0895894800154103 0.0908981921592489 0.0235740011012969 0.326823627886455 0.00107917149289652 0.0179775596667615 0.00199079615215597 0.62922297162054 0.0166503786543917 0.0242996039046126 0.192408343945313 0.0231744015818792 0.339098954880263 0.370210861701228 0.904544173646142 0.00122264874266613
0.315399501568555 0.799544893033766 0.78923155839697 0.593759985429369 0.87498237368988 0.72598350237519 0.520553300704066 0.967913697089023 0.992620066178051 0.912926320654651 0.915037878284811 0.99996537505186 0.352051835566978 0.419859022009838 0.981782313714852 0.994866669624184 0.519974142957909 0.803174144510417 0.266920561839787 0.0898969564594835
0.190505606910294 0.474726531548343 0.259836168570867 0.716246223890377 0.342697705870458 0.0875482382065397 0.110979381805525 0.300033647950821 0.13029941317998 0.192355461394922 0.287191320577061 0.269748221118496 0.0800472157061905 0.0724022745326898 0.652093754264186 0.98065975453055 0.354339810318503 0.614039552099585 0.0414411370957682 0.000158893596780463
0.00858316626877044 0.440657124130536 0.118540581869662 0.635878632459829 0.0221629930436906 0.407599254985601 0.00708131605014133 0.00820704152237718 0.0044266293797852 0.0184523241283196 0.00193762446067007 0.933339786830939 0.0167933625858234 0.0238620076471683 0.278393286663598 0.00481956952356849 0.20622057756832 0.198564925153993 0.0162930448279808 0.000212926505527477
0.295107930556992 0.58535280598701 0.763878824467814 0.473114017976017 0.403063104466533 0.587171170301708 0.294961042397614 0.364980825656253 0.267024083612064 0.354865651219305 0.128020274485304 0.920407053393055 0.413923522662108 0.220960365929925 0.842007566287185 0.844850216444168 0.470473643835022 0.75798056239477 0.279965917213963 0.043499894642356
0.0543449643634558 0.462432305486499 0.34396251418352 0.753688427630151 0.0805242066188077 0.187695363474653 0.034735526945677 0.0754061573212721 0.05796491150123 0.0564693959290192 0.0557623813871523 0.778118965403507 0.0393105411709779 0.101976907771936 0.284629856762839 0.673172457729121 0.365727580854803 0.123314885717821 0.0566631303584094 0.00126302727065541
0.417664023228424 0.70188501359092 0.296813446997568 0.754312041756072 0.967930263843034 0.665932463906006 0.223448160107417 0.366023276949374 0.570249539975339 0.86963068261744 0.811035109277239 0.970096369927553 0.565969550479372 0.239340080817744 0.918914910687571 0.986929127914719 0.422737091042098 0.740011070337698 0.471483061356424 0.956849300379073
0.39528624279944 0.740390210208194 0.819281657533776 0.760264515873024 0.993366040539669 0.744413140280535 0.55567377146478 0.940678941651556 0.99442628166996 0.868599597285029 0.876289229550316 0.998076999178026 0.742272003594936 0.3398248290805 0.951252444898982 0.845632451787815 0.771291099027586 0.80492456771665 0.968803831479259 0.999885239083253
0.239296401662648 0.52525752883242 0.711080290700278 0.661117277256196 0.619104362756541 0.379392558907622 0.336345955449941 0.214203210056977 0.825371836988558 0.582416201963069 0.432754167841833 0.906572891317481 0.245950853146857 0.137166786316429 0.649263902606152 0.908740361594927 0.444735567381754 0.446457346447622 0.827210777251845 7.09821760778608e-06
0.119686960560983 0.501776987155447 0.132523750658432 0.632384157747693 0.502996057629554 0.392233800526344 0.107388930314466 0.0875596803475279 0.602232957846728 0.205530715098842 0.0391511849510845 0.682968891398035 0.184657593853756 0.0876049986479563 0.364125269158617 0.934103813204253 0.179318255374715 0.159700591785576 0.415309672469634 0.99997747007648
0.439287856244343 0.762671307451559 0.802568299947268 0.862372887309764 0.973559127129475 0.319425031176589 0.160340138967584 0.834175175835755 0.700117078547678 0.300726181235196 0.519278947571837 0.985458058949974 0.348754999724895 0.515869811598123 0.801431594770643 0.996894589172212 0.259036931744197 0.638589966996536 0.0135551200965555 0.978142808804557
0.593216532579199 0.777529844074416 0.778196176124869 0.745035650212446 0.936344979451959 0.299094558957959 0.731018803221737 0.965536909825233 0.398569709766978 0.912732747091674 0.945301267961362 0.93117512199715 0.838472966215471 0.332277721539472 0.942075901621725 0.999590496674002 0.37474820330206 0.657179177465434 0.0727648677920654 0.997060400310739
0.118764292778079 0.579473058797811 0.679447545774615 0.63463418044522 0.38176546465066 0.620863168705873 0.215755906438665 0.115479918124203 0.625600347607879 0.335531256026153 0.405975251826381 0.951912353593731 0.0870896892521764 0.19364257199979 0.684283744090341 0.984720359718734 0.635871557591381 0.726418785681646 0.0726422156128549 0.999969608455551
0.184655097069845 0.595972494990378 0.206788562125884 0.782495993886478 0.206487622143455 0.394292361818011 0.0178600962489571 0.108002619157677 0.628074550490999 0.102110842326673 0.445254802527226 0.389645531412677 0.157452739911001 0.0489855289129307 0.760211426888636 0.416382501013713 0.502412904881193 0.295986180833223 0.000932133973200685 0.000194504292620595
0.499970951339023 0.751331937256788 0.964355907004225 0.658031456343145 0.795384859084868 0.490852249790351 0.24690832142149 0.70702032051732 0.719953727260112 0.789596402236937 0.958920722730617 0.993718344603505 0.509674294898451 0.2038123050387 0.882586361614293 0.843202770740267 0.479889321524345 0.655772344590482 0.828602729292998 0.990173889779865
0.0922141000590441 0.682188566880669 0.929257075991677 0.557709572136173 0.300949313550753 0.500444617504345 0.214133467803216 0.0686634987760778 0.0347670487962007 0.601020046641642 0.352893237582301 0.976896862762561 0.282153244358148 0.180821264158963 0.573419960353009 0.885563595024021 0.463710228087201 0.558938867637165 0.409127251120512 0.987746076484962
0.100289371757441 0.627933714362558 0.534436510075183 0.73556657729721 0.862935267991997 0.49615469274503 0.123144155452911 0.991485075580004 0.757516849612207 0.617407467972902 0.333311529937739 0.835964941699984 0.309224051652203 0.235682158372729 0.309793392302897 0.926938359020527 0.436542024999649 0.64439086156743 0.960481459381715 0.981097842871947
0.20601011274188 0.585172612400658 0.824353465821779 0.493967744456814 0.438993959555156 0.506721503334263 0.083950403116561 0.424811611785692 0.920516196491515 0.130540722024111 0.676733518744055 0.957589042528356 0.345178315399923 0.16325842971174 0.655592062774203 0.912131485523307 0.646143619528201 0.395831292256432 0.121929389296682 0.176709173046778
0.285593824866082 0.798414218627005 0.618617256342343 0.805873561848845 0.488920549970798 0.184512672581445 0.80016853512247 0.956643108452361 0.538971844022565 0.773382456657861 0.807327577821747 0.99236709292892 0.396587915221929 0.368029464818294 0.289296449047539 0.998175099686793 0.797370059820496 0.722758906217031 0.576411916225104 0.999262924609564
0.150900821359894 0.556296416179992 0.598946991808659 0.591907493473845 0.128112234357841 0.691636304333086 0.0350549373082101 0.0425450341649941 0.667072704269356 0.120522794124637 0.0626312180325537 0.403888910078978 0.0992951474201151 0.0626742799785495 0.374423110356309 0.928180057131374 0.193024692241429 0.646828687645023 0.332200858687596 0.936328049510364
0.159804325789594 0.567123450954611 0.70462229896184 0.721060878215165 0.394711107662142 0.261837200901143 0.0836672428714096 0.505897191593459 0.51906629504434 0.651389269358615 0.0702013600288753 0.99066903391077 0.146106659796158 0.33830502094934 0.764939313297999 0.986163038961515 0.563380156532783 0.551964074196534 0.00108378183059766 0.999999
0.134830958542267 0.575895649193322 0.273596157341131 0.737798947865091 0.260697676898637 0.126400247882077 0.0470422412254143 0.106282535897381 0.0617789031579151 0.040071602746649 0.105851589359206 0.95861573027929 0.0379009163287701 0.0571229691570896 0.138848070698153 0.993553362066631 0.378177033338811 0.373147190690494 0.567090843993009 1e-06
0.372168367496889 0.719411819660421 0.269087017966458 0.806075165646538 0.641007505671178 0.126045143077583 0.245153028608729 0.964063219684283 0.954325826645819 0.8164837752718 0.938023928034614 0.948094425088728 0.332879351422726 0.166891230325947 0.701945432166219 0.986259352812647 0.677839214921829 0.578248370094145 0.712134044444233 0.427874295285642
0.412006711465522 0.733323250817445 0.928464838492353 0.710829333377768 0.951273120196575 0.186711041769914 0.30813547229063 0.804192603787353 0.594472215303284 0.957303396683196 0.96055376839017 0.999669395061275 0.680580466690923 0.405454976735076 0.960832108726964 0.984505266129042 0.719998716579777 0.677220281665497 0.591372867095899 0.964299508566484
0.326639199879433 0.812572205831454 0.84518793897176 0.549360610452227 0.853317927234932 0.333098210236498 0.106215588231546 0.987137057079676 0.988086553078216 0.866456876219743 0.714408102744263 0.974513147060189 0.696442788444271 0.399673113987534 0.900238219934978 0.998620280290059 0.43294599525982 0.622878361515964 0.00806874688835497 0.999999
0.216875855912607 0.592684712676445 0.930570216068143 0.352643660350663 0.896895364156057 0.0730932229682171 0.430331362113736 0.740181659947672 0.139658506742423 0.61923745918596 0.287191073794175 0.994697992007895 0.25421697055004 0.170024771304568 0.360712829394673 0.999084423162125 0.449250602932918 0.487617839618047 0.00387970877356872 0.88961029632484
0.338996920857982 0.691519118109227 0.762852593851804 0.55388545065358 0.618075856847824 0.250576121940683 0.36376728681459 0.942943606060804 0.70610805048935 0.831857830426381 0.663624903850605 0.934166611136696 0.447505296225778 0.204033887014331 0.884575033356885 0.993373146185284 0.524219805373496 0.71869126223136 0.0158803448810387 0.259738009154246
0.434570883277056 0.7548018443204 0.741985353307433 0.582162291688085 0.971929104341007 0.246018455564545 0.674008558871152 0.989747810584538 0.955560050419998 0.884177496788236 0.929704334121766 0.988060792748389 0.606088401209852 0.263280270067802 0.783916438024479 0.99734706691212 0.434614363620074 0.504431025228393 0.995509998731142 0.987606624113281
0.0360590819427667 0.434139791480491 0.0666292964342384 0.533174726915019 0.00207886455407112 0.475874598545984 0.00736381407267883 0.0357088092090795 0.0424444273447277 0.00981371662442932 0.00550167052125233 0.822593956537173 0.0200247430931376 0.0116416009107248 0.318570949566412 0.128293137326711 0.160138015135329 0.27983189889616 2.9324999134841e-05 0.984825157214429
0.0716248167484812 0.518713106629894 0.345236776076583 0.560735382421591 0.0403314042905758 0.630343350140274 0.0597992710217968 0.238926871155392 0.983770824308223 0.0734875729404351 0.0284084064709681 0.981442445623413 0.0927123137780197 0.0623204669253305 0.897546259882188 0.656367328920282 0.346138573476346 0.639536944683803 6.17341038633593e-06 2.70267746917749e-05
0.421672407158213 0.717531192399718 0.830337228172413 0.440530250905039 0.296025835899248 0.681950212606126 0.0436856554191359 0.942024097508846 0.954114979156836 0.734618536974276 0.869247857780013 0.922858201655334 0.535348638766541 0.162957380489254 0.533008667680345 0.889532063039385 0.27307319191285 0.706676268876421 0.0022047170927019 0.000277401802849522
0.797168590715029 0.723875227087706 0.560243417440302 0.576786204182837 0.964957255288003 0.556198720050404 0.606106060358993 0.902501654135643 0.873497431309532 0.95975557409633 0.959082005138941 0.999789938876259 0.713239900863181 0.309547453293455 0.978476038793556 0.99971847763246 0.685953366007351 0.844919619472125 0.962869967960939 0.995542116778456
0.305428663245459 0.591726626501596 0.910552764486398 0.848827540072049 0.886915759194033 0.853696340455012 0.288684758248296 0.967563070860758 0.926442165453756 0.860674015932677 0.0788336061902656 0.99463867569707 0.293723142077385 0.22361260350113 0.851127931838051 0.998578906569154 0.280633029911257 0.652600063863723 0.176307532402725 0.688288281339171
0.103434025245858 0.506283881236895 0.318679526411258 0.69994710208861 0.543443505029369 0.871186258491009 0.0984324406342999 0.575081109260433 0.0206284470056652 0.158322371648075 0.190152831499418 0.970775733385482 0.298103943603984 0.0742260605190925 0.325632027704475 0.587710171085118 0.396367701638213 0.356631944157151 0.0309729132720003 0.999811205660452
0.0961538043575983 0.445140513843705 0.618964435474492 0.649183297683283 0.0879738733597656 0.415416600440817 0.116103302759405 0.0231452324330284 0.428966170764711 0.00813898547172157 0.0138015823119157 0.799944393992017 0.0090169747172586 0.0378186636491085 0.81600918080052 0.811701106556073 0.326403591919694 0.116047080514292 0.00224602052232185 0.086925436996355
0.147571485559607 0.556501511293419 0.489928600428968 0.194932272992625 0.38846371874423 0.415255987190105 0.0614668161331943 0.0728072371938624 0.043974598857261 0.0447279575005417 0.153911882112331 0.167334458569795 0.0672970339296944 0.0384396192872034 0.721407002453195 0.896871608939896 0.295115543638284 0.455437087097815 0.19310213677228 0.010845620732245
0.0748424448437188 0.653860951601102 0.715337429647981 0.515902979573143 0.739470057360402 0.823096717507573 0.0515372775376983 0.339137484504285 0.834060492971748 0.107120147609795 0.86988973080768 0.179548157043859 0.397122398510659 0.149558920617173 0.663838650626179 0.98372800049211 0.605366713694453 0.384238817435656 0.462697017387786 0.552912506977122
0.70386904106728 0.653546657404689 0.900574989293074 0.575489573125536 0.955893979841412 0.574185937025307 0.167368649553785 0.986166102552667 0.610999341260656 0.909053122989425 0.835830652441343 0.998928187030084 0.633688478206766 0.260190234717055 0.887769032382188 0.998927058261865 0.51848400154891 0.743180940693726 0.989558384009421 0.434907099298008
0.467535353045281 0.671726748264678 0.901412764858034 0.758795524133713 0.946218860560909 0.264334405150602 0.443055212071235 0.824170319064701 0.905692142243702 0.723548051233014 0.576546472082835 0.893687363316887 0.348548496619065 0.42012383158207 0.956503452604652 0.982917999344298 0.472815768664916 0.628074623135015 0.990164760274474 0.999986383885929
0.0880962478924432 0.58067377804755 0.173469654606741 0.48265001132295 0.141400574571457 0.392354937369547 0.272203910071712 0.0694713398219021 0.330898515343215 0.16444477212185 0.633245207068704 0.400663568342822 0.224553077229282 0.0536320073923546 0.248644511909501 0.976291672307046 0.464438957145405 0.257674839761201 0.701641053250624 0.0101780162907309
0.149059348578823 0.389583614978451 0.657513058463008 0.592345508174223 0.665169692466238 0.900582899537391 0.0941133664944973 0.444792361986848 0.306652877407998 0.170829468482882 0.57946380000884 0.938997458893863 0.200336958834496 0.124670545802681 0.464699206112873 0.688655636004988 0.533399739712998 0.291025488492156 0.0730443635369403 0.00718915456910667
0.0448935750597444 0.53225291622305 0.270779900863128 0.561150717542918 0.0275321391550622 0.565079464668653 0.0111954120412522 0.12187157079668 0.0592569802843358 0.114527211633225 0.00590505842151167 0.953820468153096 0.0556168195412283 0.0165150357252862 0.693408763977197 0.798748711460803 0.223275467555225 0.210111705754244 0.00172350789130235 0.569162198664177
0.753282062858865 0.8719622524963 0.921126602453047 0.738780891058228 0.983593774901635 0.703266141169598 0.451266762360144 0.996218456158079 0.999214802495844 0.971393099329831 0.995387661875266 0.994971010895741 0.816844204953806 0.650364587183466 0.930563634959995 0.999908020238951 0.711513106871714 0.65388599186844 0.989184133555229 0.999669189246051
0.464921516894106 0.749447962576769 0.898423675894923 0.72299860208385 0.802878625946458 0.239161712576201 0.566294352092764 0.889812066490169 0.997653938559585 0.891624257511172 0.898822402972807 0.808066665901878 0.662003785458311 0.545973668734806 0.752332389154869 0.997982027595663 0.80684879938544 0.866529376739486 0.997483066126608 0.999616957900452
0.161238303027623 0.749788635877914 0.814285420475698 0.442489993211772 0.855363047141947 0.553759912219134 0.357766707461268 0.53473324067996 0.574383099210571 0.606454087827352 0.724063121044476 0.602326416092589 0.414528342927953 0.211150988315353 0.878332752134889 0.995025210519563 0.680381321022055 0.65551401849139 0.692710671920018 0.811616662612132
0.134263051975342 0.585638183195435 0.212014796898378 0.754151300731555 0.362004412683929 0.0858283982859615 0.0448906612695789 0.199087188162864 0.275609708584405 0.255906753647139 0.543512766707421 0.901465186302514 0.112749068680645 0.156010802082985 0.534108784222029 0.941720987283559 0.28564755380278 0.585697404798632 0.00244944485540383 0.999977055167389
0.503541073499753 0.655571446866944 0.364829917801798 0.526993359600765 0.967598340612666 0.637639710466062 0.724098208510951 0.943226691357065 0.519520500153439 0.778808235123293 0.741041523671582 0.991172528012689 0.354713851570241 0.244844174342391 0.87839694212532 0.995635620819002 0.604535923205094 0.629408166147575 0.565640561896234 0.974259481875072
0.728720643447708 0.812927345802727 0.913736150004355 0.795946253917279 0.989368251476128 0.230619043009482 0.835316573789938 0.998732818194427 0.879252932761676 0.876744237280079 0.98747766572863 0.998909879894353 0.862801631269053 0.537489087298674 0.970505607476393 0.999874876431788 0.648972401768496 0.874570047883617 0.996902776819038 0.999836160719389
0.319765157781076 0.773145321582687 0.774294263667457 0.726477940802915 0.528949760692067 0.650943790882163 0.275828906692267 0.357250941847072 0.983974408616201 0.83822593123866 0.636610391241567 0.97302536053974 0.569134013344351 0.249723436572064 0.849330368623265 0.996188420397965 0.585570514126971 0.721072246865937 0.000313017326809214 0.999949859666724
0.153559941668322 0.609686785755072 0.81684686997956 0.592663088960705 0.853707331790747 0.602815257253999 0.266580227629397 0.315490170975997 0.991764614091147 0.374279420338348 0.231771804320066 0.55901689306112 0.0956066120953698 0.146805273539837 0.798126957303072 0.995703803410695 0.425251768202065 0.511739823504193 0.038641050143206 0.994721343882463
0.207865891070616 0.549137237789801 0.735336764448745 0.741689393234683 0.964222260415119 0.446546695486566 0.367416794102364 0.787165240847041 0.875287936171362 0.436239190060317 0.488931809786819 0.747373539369993 0.469171533940318 0.230493672134007 0.899771691098528 0.999328967972565 0.448419768941742 0.772318689476564 0.745597660492956 0.977668273894458
0.768620092896649 0.89107497942026 0.996342204046212 0.648543393644344 0.999773380430097 0.367369599136066 0.880453597487275 0.999787892317206 0.926412385549158 0.996613881411789 0.998834644481826 0.999958695478581 0.987105408131801 0.769512456004049 0.990629512390413 0.999975481353577 0.87039432954416 0.954826569733058 0.999880209434378 0.999270954995054
0.411436707191717 0.551463219236516 0.578955460798953 0.582819758068319 0.918337055109741 0.225019266918316 0.414019365312699 0.0895879623504455 0.123045450563152 0.605297302677358 0.652212592308539 0.991476392401125 0.245596727431097 0.237747693334087 0.748829763301208 0.168523579996707 0.6282121930024 0.563793388635318 0.99999655435417 0.990874304254254
0.718342217098674 0.732778930152593 0.938795419527138 0.729220876922161 0.937028636386022 0.5888215897083 0.652876723909061 0.928624233714292 0.799896903783483 0.921992081520727 0.741671307000342 0.985338776225888 0.735104630062143 0.239958532452744 0.948104951154049 0.930451741401748 0.457420735526488 0.676715482932561 0.998347836339831 0.999992528574638
0.307474849560021 0.640888522791075 0.834373235726171 0.748934852878114 0.949985661075208 0.656278229454597 0.707034431689153 0.624934623602754 0.461346304487989 0.88591500703991 0.488154618088896 0.999401323391546 0.534984987470465 0.41866537722536 0.55568909354473 0.993624382797637 0.683305937429433 0.715340836686193 0.712081898816973 0.997321811762335
0.568148957058676 0.706069994586832 0.838400948436764 0.695258071941308 0.989257984202031 0.346477535457013 0.377254683332149 0.890920701519015 0.893443212160203 0.972287566235224 0.980937289989495 0.986671541008274 0.30966420377896 0.452923851976579 0.848072802835325 0.970597160636127 0.675739633034347 0.88713048002356 0.305140264415725 0.849837189375509
0.0557554655419989 0.502611003160279 0.138722628746965 0.664404755007848 0.0526942794362963 0.236528932889029 0.306372266572252 0.099875663306471 0.0140901943208068 0.0371686572922836 0.0115826053522056 0.585282551965889 0.220888606013427 0.018048814550742 0.13402536256123 0.792052398156082 0.163938978433903 0.397086460573348 0.00109352292510868 0.99997342366608
0.13828161118728 0.685968586089261 0.398230595575966 0.546615697684883 0.458360916318134 0.628316305466723 0.405697449991349 0.633017851195297 0.674842289644839 0.557798230092317 0.336802793173372 0.886003369892498 0.122000495380682 0.202262900229071 0.719002125038152 0.551364094681209 0.473827980514026 0.347122265824947 0.986891186051701 0.47995214996314
0.0974268396264395 0.450703690958949 0.512259891201766 0.497675785883426 0.16046343039254 0.213789955152916 0.0262197855886755 0.216818087811222 0.0563378624151648 0.0503035168284907 0.0716895536052955 0.746588559938458 0.142846653976833 0.0475803853684284 0.102258307223425 0.991113547589135 0.315090948585197 0.212341554373322 0.306837471949434 0.132955944056749
0.408271978599316 0.709294078671934 0.560154995461815 0.525854826616748 0.769863896489995 0.421170749913398 0.466432779168349 0.901673727209841 0.865432708556231 0.728981184438061 0.782087975865145 0.998315678213569 0.377951697374603 0.426810647241818 0.903960136133469 0.943744250248554 0.314390181220344 0.527166848692454 0.937422265505372 0.893569496658815
0.305138785223948 0.58846428894225 0.613276022090127 0.686865330709398 0.667630667676585 0.469729240891238 0.160897371276955 0.900286923223987 0.954156912407092 0.496021221599669 0.652228449605577 0.98394322459166 0.242127269917059 0.262462135634103 0.800466734378204 0.983047357920039 0.404804627728692 0.487136376396926 0.947446617954465 0.998599189112548
0.25940590054796 0.632353935526663 0.726403495104258 0.741230958734884 0.846117090442984 0.418076758229039 0.128841666686919 0.448548704769463 0.437320867803254 0.860764213234875 0.678377319753626 0.969470372461825 0.569834169682737 0.115378350106061 0.900486851500944 0.879765787552847 0.594295637105191 0.540614363639261 0.0016066425166331 0.00735113358134978
0.126661873322076 0.575443745250796 0.41237028198807 0.607168635759406 0.146487736731515 0.418840417291188 0.0418377116464312 0.478021930705515 0.561617033289122 0.108920924570183 0.206423516754449 0.970148465984421 0.539683020146805 0.0873283344836501 0.919588671179963 0.945002631475558 0.339462244127163 0.377319494112758 0.0509738311503905 0.998301186550243
0.135066269946869 0.741184120544787 0.617091518780729 0.527668761246015 0.968820271177631 0.592357778918411 0.104553381291544 0.629800430061516 0.752364943724666 0.729186703300235 0.307649108522363 0.945876446080917 0.222016636851292 0.225985638311539 0.453396927855581 0.539813327562996 0.30189113004487 0.583184276557786 0.138760767657343 0.878487065343077
0.141223007007388 0.487832295621851 0.770071946913672 0.439686252302351 0.0334897525298024 0.294494260658487 0.219584583787486 0.682307794153713 0.886416233384312 0.203173982976156 0.21053438368479 0.931377271806459 0.121688407011003 0.0600179985972733 0.32196663841529 0.15409109403533 0.363483812163669 0.203874420922759 0.0346787173808815 0.0226803028555336
0.228885635782897 0.750021361373509 0.298538823195703 0.882834196141279 0.976753521560713 0.652574778623708 0.203782032974148 0.524885137653067 0.880656665492125 0.640004084458825 0.937936080409524 0.83469103967597 0.501252992581192 0.409611077760225 0.674446268781924 0.999766631544634 0.776406211171354 0.744185389118632 0.00949208187846322 0.440106012175588
0.292425548351488 0.750164464139659 0.610540464405829 0.479399834517597 0.896616737932338 0.472454520595961 0.351627252881032 0.978421240983027 0.940566089323633 0.735235233553144 0.920479657819031 0.340765471242924 0.629992527696702 0.0968633347872564 0.846806244179164 0.998381803789322 0.436302720192251 0.585383258445641 0.155028836550507 0.0619395934125098
0.228956468464732 0.606982102212844 0.844942090150339 0.761383699613743 0.867107908767352 0.558513780054281 0.0850300730531729 0.724187503652891 0.225692862934333 0.837050369566892 0.481501070743465 0.543235356106973 0.540272521669328 0.139327628185715 0.606284617401284 0.999025295276721 0.348324019923749 0.730844491646393 0.900106742745504 0.993646963905328
0.417384822550042 0.638882687828508 0.586811492571701 0.738068949128773 0.890957253148231 0.191380636743715 0.284333408600107 0.903432319306491 0.925729396683301 0.45602113532826 0.552763882154952 0.803892654835379 0.377727351963727 0.120604677388876 0.45637769240671 0.986790735990038 0.50412202656631 0.643052227436395 0.00877806006345937 0.997675606584763
0.14253228165299 0.480849782278662 0.22745286662535 0.724387014286505 0.0732020449236836 0.197515244283364 0.0782861669340492 0.233334137023912 0.712559722121863 0.106616196282718 0.198292900280594 0.516855076434168 0.0833403017573497 0.0862541920232239 0.478854686390023 0.694081055393047 0.323679766272406 0.146854184393259 0.0438436980059559 0.972065313978896
0.0394688812558006 0.534267160272544 0.276988972005177 0.513419434270501 0.407196505008984 0.17127200688454 0.137716501032276 0.341251682474136 0.618940813460561 0.156549316051379 0.0463018423330352 0.591417215990874 0.194107085958631 0.0412733912217379 0.558886158420873 0.642514441418591 0.378807475019617 0.551587200577385 0.00612561704897884 0.988415717671641
0.0322571504371284 0.510020354296423 0.736798927838567 0.547895104388901 0.167205539566631 0.164339136604048 0.0136247101473771 0.186359621358019 0.165569047411591 0.0957892763925096 0.0471877537452382 0.671768669028249 0.0296846455194646 0.0896238864185229 0.351477338630033 0.491795114065754 0.403817797334969 0.395251263577527 0.591219721819954 2.46656050064005e-05
0.101133075792008 0.520010896036642 0.101413547244567 0.621550481950012 0.862179204771353 0.400162689509721 0.0491638604839802 0.87926521316076 0.0892366630042769 0.297032340489061 0.155382744681486 0.220568202516883 0.119796627831791 0.069227359270165 0.618657624784186 0.546558258215283 0.405899445156993 0.534911984575133 0.0452079574389282 0.0763138087118577
0.229162325464888 0.587082914513496 0.820064497950638 0.531039757009876 0.868486072222607 0.137802351228771 0.586138067292338 0.959803497907056 0.955106063100035 0.510684499144645 0.955994917329737 0.226402363876208 0.210301244655278 0.181039340819479 0.889222586210734 0.855957895276042 0.554258165367809 0.46683508974066 0.109678995528698 0.984791076334273
0.495670661032599 0.778797823564461 0.783535845387416 0.520760481398131 0.996332282091496 0.501580919910422 0.376069706333856 0.996509855830672 0.988496394964486 0.986017755239055 0.960323265413182 0.936758166158017 0.779815523499036 0.595211302670405 0.827048959131437 0.999632828735344 0.558900487872292 0.770983602946994 0.915470376749095 0.975697315610175
0.0523538368568613 0.420879162551039 0.438231165670831 0.714624154713636 0.598147419185547 0.34191091064274 0.0294997623353871 0.0856497022219802 0.408574247325176 0.0580612921444459 0.0450936315914369 0.0912648246049552 0.0372452763971327 0.0279806642993696 0.568252593477753 0.956275794194758 0.355925429248206 0.251103902870819 0.00204819409348694 0.00665929300696068
0.0585846067391682 0.381549583373332 0.186190654965032 0.556076898837302 0.00293395452366821 0.215540264680701 0.0484447824154633 0.0229660133792365 0.0746305897237293 0.0554016330637661 0.0260330772498917 0.370412034518686 0.0183331043125933 0.0167510919284807 0.297728051272992 0.245681718927385 0.342439151617096 0.274547569252352 0.520699030185633 0.138642989157228
0.43036095362983 0.734945515554222 0.7732658042517 0.838173354698671 0.952686190412136 0.417378734384722 0.194187141577562 0.954246414518241 0.674594779495038 0.884637420928943 0.413522835701126 0.960052425783183 0.150801676582874 0.171912879145564 0.925332188590684 0.999621669752029 0.642345096037181 0.583941685874301 0.999884934531017 0.999776154808689
0.719897462075606 0.739622949812124 0.785991808340545 0.592174344211811 0.992135748529066 0.764065285946055 0.648770141964298 0.62040186059235 0.598869591414338 0.976537382686641 0.785942623464479 0.962344298570418 0.652974287126612 0.263629413650119 0.960354861506374 0.992997913020327 0.405709081309023 0.63963907814432 0.0908511848621414 0.999992796940786
0.024709310230868 0.388823517081755 0.299299851532993 0.428991007616455 0.0137706407454024 0.386726552843934 0.012644797012215 0.313974650945621 0.00957145770689589 0.0330759795919967 0.00192398228629484 0.604829392831278 0.0180091585629165 0.0268031774397225 0.243243201855847 0.47209863997912 0.178234615032253 0.256252973186805 0.00642648401391736 0.000814510734114535
0.0149021823245307 0.343137240181517 0.473723486304782 0.622291730064513 0.0552749192247278 0.0820487554408973 0.00407161666483976 0.00627385923089471 0.0429425966885358 0.0292846197110664 0.00532197956171359 0.430435234469425 0.0695040408498596 0.0273190483756304 0.156605786178889 0.245153474787739 0.456906674744825 0.219437030632329 1e-06 0.999751433780984
0.130600880254848 0.644938257719737 0.283922522045063 0.558316610089324 0.189892363122888 0.384291297652328 0.132166229000475 0.0475313522367468 0.465619055775959 0.145264989631294 0.115352457669722 0.998599755359165 0.124925602309548 0.160630817798032 0.698651222965195 0.99961965306755 0.421091510724419 0.66566923024721 0.0234905654286501 0.150637074192073
0.227872737038434 0.638804227368232 0.251042657004266 0.402079311583987 0.959574865357425 0.495384800634193 0.273726484371973 0.552828156373117 0.620384376858909 0.373032434841807 0.531517425280454 0.697825137812306 0.122812332382077 0.214654094426239 0.628409866777083 0.752205388636578 0.484242524912567 0.488199391948698 0.00140721645064098 0.999999
0.130310095368015 0.640082892475522 0.548738991124405 0.342222591973621 0.104933672348789 0.736994225257578 0.342405905067943 0.564108209943083 0.83503082299241 0.221503120962156 0.069068610728794 0.991826222015819 0.200103988644007 0.0833311730150651 0.923104065488029 0.861350763516167 0.294773788277881 0.656255213093621 2.96029021522463e-05 0.99999437595566
0.70923953111808 0.785521360226592 0.601332340118041 0.777118259656484 0.962785424415557 0.473167485059926 0.433413472774133 0.994385519075552 0.912825838901803 0.966807133883114 0.864165860342287 0.999363285184569 0.386827659436097 0.527109147697469 0.853212086883558 0.932578686009734 0.490825023734732 0.854474524593524 0.874260873214249 0.999729161692713
0.143475889643974 0.497705229218609 0.302005578431364 0.549709732865623 0.691843388585071 0.4249193962502 0.400973255552889 0.843022429107767 0.043326547705691 0.668454986631186 0.320594689131506 0.909831693910127 0.70155532348092 0.165771519428369 0.843884292190405 0.999638428617629 0.741940847429989 0.683348802129912 0.984394756081393 0.980107130679995
0.233548003469839 0.698874773112769 0.676246515421824 0.802069269847869 0.540178110403237 0.474904663857686 0.0807963284103333 0.961768542118666 0.997471649527014 0.716841828493055 0.892318363974514 0.998579382947401 0.482984909654637 0.181155610477395 0.814931119290498 0.978824894902418 0.560344791181187 0.839821459140092 0.0199397916864664 0.000521931888173525
0.296173634770928 0.623388437699067 0.843941985598077 0.581210780752111 0.901619729498069 0.535823358207999 0.446372803018523 0.884578580253937 0.374736755915763 0.662308928671636 0.328218626143656 0.675865509014985 0.279499618014992 0.184656194224879 0.824220915269364 0.996037174281011 0.523336270407237 0.678958260838539 0.909333931508569 0.74340493514063
0.461915658089643 0.71301526943362 0.841310672396834 0.597982430113614 0.987596968647851 0.644879196161769 0.651948399625677 0.917634929808843 0.910160074923161 0.805075242571965 0.776540820975322 0.952026807667425 0.639337926952772 0.28723244504899 0.699219645956819 0.999156775923814 0.75858708736795 0.690828255693159 0.23158623250821 0.168384798020836
0.333362096183723 0.615098558983921 0.570648102842369 0.585274648014469 0.573580864094563 0.472622419239373 0.0628836056642637 0.260863721260796 0.98243943308322 0.316918046941119 0.167387406824532 0.847832390810481 0.26351897209347 0.15011750517355 0.649266074126745 0.981267053158843 0.338392681720369 0.771838594229523 0.0811466193897916 0.0202647910086282
0.265281415615341 0.71223691133653 0.69803759699615 0.707204341854435 0.56000483864392 0.55960336746808 0.176679500250258 0.725151265725038 0.0639716113373093 0.617397371890466 0.631838400886415 0.914525126399726 0.3868497496448 0.107325514808292 0.737747112761402 0.920591888164794 0.37084192341123 0.524497582257137 0.984581783618186 0.998072931011391
0.0869880604685686 0.615001745342999 0.380376544540842 0.585715050412727 0.364560022307616 0.276909426493861 0.128886573863536 0.70703587476204 0.946983484409837 0.0116377295762121 0.059639104157639 0.883352443809004 0.0858573138545585 0.0552244375022245 0.560957304535064 0.450082735658507 0.41872333649094 0.212128502039549 0.0002503399065537 0.00076299448249878
0.191039286391777 0.736639653360457 0.182005487125429 0.556281957875467 0.158606847706384 0.411218703329923 0.211568697610343 0.393777167135971 0.521653968581626 0.695268490423135 0.341110569219184 0.940917477033227 0.378367130256506 0.276247700415055 0.67481912245007 0.961970816849345 0.372987368730833 0.651188871776364 0.988204333080315 0.95127561106684
0.0379550747227406 0.326703023301408 0.377032936681882 0.54134951476304 0.13120953789265 0.175372495435969 0.0464151364686212 0.00518319779591557 0.0115659591667926 0.120555789324498 0.205654791900592 0.815945965876151 0.0357681075898709 0.0352411261385859 0.464146662128439 0.0422014664662143 0.297201052903796 0.576194348382821 0.0256086101614168 0.997185780936826
0.0721464528025208 0.465738701246932 0.237150973129221 0.681242838316548 0.043623269505696 0.210116417651874 0.0555942142134753 0.066005980039391 0.944439134401269 0.018216844370204 0.0999524626057358 0.975420644696851 0.0421276076595623 0.0941817757833191 0.243736274626437 0.551329243691169 0.383662451834393 0.585930658022885 0.601113858549641 0.00257873735787871
0.140432017401165 0.496597127374099 0.637291999941878 0.44940441761864 0.302344271036043 0.688348514701142 0.186407616213831 0.0425448639495792 0.291622342257644 0.0582568627999205 0.458407111401338 0.883162082822789 0.154900401432113 0.144439416194093 0.605919039528872 0.92438417657069 0.561067142450812 0.186888188878344 0.0164252120248672 0.831753759452673
0.043967176507775 0.566985364606684 0.456647620064649 0.459032721791377 0.720256121168698 0.190142348432847 0.0300865610948632 0.243011658280055 0.208790338257581 0.08915881908448 0.194514032515652 0.255646351454736 0.0592244017785947 0.0413894074758594 0.317140257574869 0.498876737057869 0.282559066657015 0.183142780125555 0.0474578453015347 6.43756252166122e-06
0.14479550333643 0.585398221010314 0.263004718053679 0.575297410385144 0.977516710502218 0.285927038937018 0.0962398630006499 0.474971402254798 0.676011125470018 0.308143317745509 0.677944519043348 0.935962304321167 0.258730407358527 0.105901663264915 0.694074726373169 0.359654697405928 0.364915316842263 0.343575840531952 0.996363684638256 0.00466031527842575
0.253039400092399 0.605389361124888 0.542372671884446 0.37067663828979 0.156556076941314 0.0884702452690742 0.607440610267321 0.124532335993311 0.965959633557153 0.413804854352118 0.392217967435083 0.323833327130834 0.307935820806573 0.126803796782936 0.876584870429583 0.985084456543265 0.567799202851246 0.30572406681477 0.0772586669764907 0.983983867287022
0.820959852328386 0.862579411692443 0.968696137933507 0.816762153226298 0.997541523684368 0.514577381804265 0.670314209005241 0.947609502466085 0.991368814810723 0.973487333806508 0.951459204000488 0.999764316715683 0.932570802941733 0.544372755101735 0.955355799281626 0.978616847374787 0.821235548482628 0.78933431843476 0.960027557004959 0.999990255850684
0.317745769606533 0.615830277991956 0.363052934037981 0.627230051908616 0.62871156503475 0.311395681800212 0.106147706305224 0.84884727622825 0.958873909604467 0.78556957564842 0.688092303292622 0.991922020224514 0.354220600787755 0.138648999764261 0.764813291757629 0.980286316180381 0.596279464102822 0.518772295812215 0.0305715474427394 0.998380137489569
0.445120877909274 0.687117776344257 0.799383385013901 0.761114818461276 0.878703439998959 0.385380158533257 0.196040021486054 0.988246678994963 0.993135791990625 0.854683157836724 0.872217986208876 0.992350531448904 0.444850847101315 0.223247687673462 0.8846045599476 0.997348894313546 0.405672644618956 0.81906984118805 0.971063169680457 0.849468582788048
0.230777916413849 0.630656540942073 0.404631364636245 0.66808178608935 0.5426094381797 0.283652421179631 0.215556584772079 0.76577635914405 0.00955823054171022 0.128103958500952 0.815061369138309 0.670813061051763 0.225013523614317 0.105905334841183 0.499624584304628 0.984695097487569 0.540687937197193 0.742424616929474 0.910121350657319 0.968410226086675
0.413490346251252 0.653008239235375 0.525372480921837 0.682185086334271 0.628572466639144 0.388702657550364 0.442503841176818 0.948341862148348 0.902394928603552 0.262174729105769 0.12282845923864 0.996266292427041 0.225033431251164 0.250120649344355 0.447996667507066 0.943042699521452 0.617549407684881 0.61913136227969 0.434065208176973 0.0060673949561116
0.105515881462025 0.482758445070998 0.692631656611944 0.670824174303386 0.0215594370587246 0.217104372257416 0.0793483516670514 0.101165643849072 0.582340440651838 0.0202376844320088 0.0516987196889702 0.430311846837998 0.0658638283705222 0.0392780660607873 0.211996304325504 0.216813317233977 0.528593366930785 0.280310368952403 0.243695735962975 1e-06
0.190605139460804 0.615031117098178 0.465312413014756 0.670555129998598 0.121214387284316 0.181628131242876 0.0775490444610067 0.518099961786855 0.7767018321157 0.281973529312846 0.0668649240316143 0.89401977480011 0.0764383185717772 0.0399921849898436 0.424642087554354 0.97179822697307 0.644511531687541 0.459764330738533 0.0264553998677468 0.00068399598978789
0.0725839306478275 0.583922529737927 0.431846906778939 0.662689264844039 0.666489796218251 0.237479368069265 0.330706527106529 0.0611828155364869 0.474471141721738 0.270395261026055 0.15106582259593 0.994008154483212 0.158933922465905 0.0689668274426017 0.344375606036166 0.936259118017607 0.690868968949543 0.65396480047396 0.0428821494076424 0.00149508624949308
0.369030426955059 0.703643089834326 0.553688745026402 0.576256118458367 0.933477712208109 0.559522339231555 0.161022791560984 0.988818991865093 0.951866199702581 0.923979359005822 0.968578708843875 0.958715095586133 0.509703421618914 0.354956461426628 0.852312370873906 0.992419338894369 0.651762370859679 0.57398076666787 0.544894390898652 0.999902706824485
0.536900897499579 0.801956793828279 0.891185803936941 0.650434044591092 0.972884492235915 0.140571213902222 0.202522415196367 0.756162927004442 0.872815514957313 0.93670707872345 0.953983025906671 0.99854575507349 0.830348744421841 0.396698923788376 0.507741154438965 0.992921224333897 0.671254879218744 0.824831863059946 0.403719504576848 0.824780630065859
0.503108329915702 0.692996676197961 0.940218258771108 0.675420945453778 0.761769658660315 0.154026666275175 0.696447180032391 0.916811246394725 0.796500443768065 0.829267631012526 0.784507669125424 0.989375227525132 0.272965997227309 0.222991333483802 0.895941415832136 0.961529589313282 0.647147392176529 0.404408908710404 0.807076102631555 0.0221070319296533
0.215646138742857 0.541450593635654 0.706253050161669 0.645738731859532 0.214334852703537 0.39936180898574 0.0221298142506934 0.872123828385092 0.198865469081368 0.159951335459676 0.384183583640317 0.825681926868748 0.167117341143679 0.0659352224989633 0.756794823554616 0.981243111792551 0.449312611207469 0.311686955689929 0.938416153669598 0.0317654557870253
0.166976440718025 0.625053592585953 0.372036595289079 0.667955756791958 0.819745418158037 0.405868504187478 0.167864510424567 0.822822294512504 0.00181357306275066 0.783024600958546 0.722382505742796 0.398762729224271 0.369713595029192 0.130247685534422 0.45625769386368 0.574249995816383 0.480403624102198 0.36851611158159 0.654685642657241 0.996622799772232
0.118993088927864 0.555822245269278 0.326218453457654 0.423306246353859 0.757375407430183 0.624924611432077 0.0934205299095109 0.383732277204715 0.957524819786364 0.147044084902344 0.0723073891330897 0.966379343680731 0.136230350870373 0.107978171239111 0.697745635098629 0.999441334113559 0.356758985859312 0.614519849928906 0.152566736953656 0.944094696304222
0.108428311240443 0.593838519869734 0.123455989957997 0.703642944698811 0.488165579341663 0.390868577754798 0.0755327156183662 0.365607237611533 0.0905480850856077 0.0824918296849137 0.154505427594766 0.532296458464727 0.129373936935338 0.0609246484445663 0.592460541991407 0.997976148946809 0.561818864406287 0.381655249699765 0.0048811465180353 0.000207075472619693
0.068689678070453 0.659701922042507 0.682687415501841 0.522488987145568 0.599375262073213 0.381204081980484 0.100423271867048 0.89727132275508 0.247872575836285 0.117803376313293 0.654920407416671 0.927495657707035 0.344650356203945 0.165735919934062 0.850332601746791 0.815813619280072 0.751688802524549 0.477405459316181 0.042674568841023 0.0253957959359554
0.189731151620976 0.569301153562659 0.88312050791137 0.51409580529132 0.0727876394362703 0.115174564069315 0.460189775970997 0.695202031575912 0.0289409506995445 0.704419862105559 0.724705477651254 0.63905222433606 0.23194714549964 0.189046845334231 0.70582187374208 0.978707278011119 0.639271439778574 0.73775237907192 0.906412284368588 0.00940777011386191
0.269409715234813 0.612630871641392 0.770427081099348 0.447318659644825 0.76028064595041 0.280900259793818 0.0233768270971633 0.635306550397263 0.979786045758936 0.612687914740618 0.260728728391096 0.947782223330741 0.211278249218391 0.096024735410447 0.596097898316047 0.997636159248354 0.442922951650881 0.617080534018005 0.0832156389760179 0.00123055017878646
0.306485634815498 0.64653512738151 0.848194598757535 0.457829558144991 0.867422980042372 0.237929238635841 0.553931661654458 0.907481617467386 0.729882666545943 0.825769869669925 0.812524629348142 0.998000412726222 0.765795203639494 0.229429732573941 0.947339390123603 0.994800907653538 0.609280770028514 0.620468370680183 0.283800138549089 0.999575060974884
0.172620828243553 0.684714065614955 0.452663432331803 0.536296921986362 0.610857791820641 0.458084300774532 0.422624628973566 0.575156107378798 0.248836068920479 0.210795889022561 0.805859117546179 0.979449588859424 0.187896842183506 0.0855572503068356 0.520875228877583 0.993976707990879 0.308880955705163 0.72081850902805 0.993339613230103 0.968728553977099
0.35270583253409 0.656775338151165 0.799058545705875 0.579512446164814 0.900619520226354 0.634308058224028 0.576224431297616 0.744617872633023 0.503046712907812 0.612905873716351 0.908094233799899 0.978310551706182 0.370553947754165 0.298815058357006 0.796842776952961 0.977976462577982 0.32255576123295 0.76348761676184 0.780795597651063 0.998219082381242
0.405079660190459 0.637206440121894 0.823103397133895 0.697125446307189 0.880924545393623 0.504509283685645 0.444799478647118 0.815548263412334 0.328685618817231 0.956065404603102 0.897040857992124 0.995959224743311 0.588993653743138 0.252088535495715 0.691569450379727 0.995520650497641 0.371667442236715 0.74802280946243 0.0633715208071046 0.982094874426684
0.902520202125989 0.810233546045631 0.670976913827429 0.619456586625383 0.994245696509026 0.376209774656486 0.429359531363463 0.988757098878283 0.990275897806246 0.963852303563825 0.964835144703844 0.999632593890081 0.917863717908515 0.578143509645791 0.968498614331075 0.997747518903591 0.711980506866872 0.890682623497834 0.25570294343824 0.938796861228397
0.419722455113028 0.609736175026365 0.701529461891463 0.79247290558074 0.86572164614988 0.106470127613297 0.189390459360918 0.602903986600642 0.362570777208073 0.527936043886911 0.88587424998403 0.950781247630622 0.428943207616063 0.293338685830695 0.842624314002252 0.996907933575229 0.802978819997233 0.501809480724216 0.0414899032632389 0.527043801469876
0.0273500804093134 0.450747305897711 0.340947829604901 0.495494866179495 0.00456489066645753 0.584270839637833 0.042116306227167 0.0513266038784356 0.101346336718973 0.0212089324127816 0.00807480600659741 0.941228093554243 0.0333553475555714 0.0351383193835138 0.164116770995333 0.954795660177761 0.275025086411496 0.115418736367409 0.00704616898116244 0.376944986647903
0.13931633992332 0.593302416564578 0.328130684288612 0.497443351862114 0.139177935050684 0.591758545303699 0.0528714083880881 0.0213749802503289 0.11021023448095 0.134407703464893 0.286732201773289 0.953712488288951 0.133405460418118 0.0348266811540357 0.477705481956288 0.854903059121697 0.624855028910312 0.313696632854736 0.944457793102272 0.000302647051145316
0.192821677975001 0.546855311715155 0.40944540640388 0.59890028397951 0.761733104754431 0.420769004180406 0.302665681579877 0.637698362103357 0.940857694657408 0.179366317657586 0.600782623398492 0.995126995337893 0.321492765758209 0.0928294428494053 0.752949166326969 0.956201068217278 0.421776600050088 0.572459452114314 0.704239507118525 0.9955471622134
0.190757864765758 0.645279313596718 0.753226922281788 0.583273175891429 0.460008758073016 0.591339010148097 0.0310471293778456 0.891452169435189 0.251790451292129 0.304826454004613 0.381492422536383 0.960625549006604 0.215132880605836 0.237375634786583 0.415754875439707 0.994248674610819 0.467560278524227 0.773172362046331 0.695152988027758 7.11268610375879e-06
0.0882229384378323 0.498139898753747 0.071426361805609 0.742011046895127 0.598937734962872 0.156062476251685 0.0918844618091006 0.0263649825609078 0.0192322102892435 0.121260967450991 0.0485481869897872 0.837151331943313 0.101058069360114 0.0366356105775877 0.301959020758047 0.855599880364133 0.822847746766716 0.500956027796421 0.0122261520867285 0.0777446572294443
0.0359111079885327 0.442419595116302 0.621752026060861 0.317224158816721 0.0154736032764584 0.440873274345625 0.0166400931614704 0.0686959503916779 0.839929487157414 0.0366246502178779 0.0524359178684249 0.86802808146684 0.030678897338172 0.0423846472158623 0.325458823956057 0.99756109529834 0.521512947143649 0.195054630394987 0.000360211450242069 0.00031523602516783
0.776992947985624 0.828371022361692 0.787516972791216 0.689331617150354 0.987756220844193 0.308134155039323 0.564942336125559 0.970324016612779 0.535289105456674 0.972585259992987 0.982064891512799 0.895215970146334 0.898002190656578 0.520155715744951 0.929644714961298 0.995595851857598 0.550682145099051 0.845483032499948 0.404584925304742 0.397041838114222
0.295060289191233 0.693610177722233 0.970731520881038 0.810141035550204 0.811029358062571 0.5469997921916 0.292312072347991 0.56169508811042 0.97815039914089 0.760039333865384 0.875596614641551 0.99113990766201 0.240464320135978 0.169151533643625 0.955503609289425 0.998810252867252 0.413354769196451 0.722529639666324 0.35780002427156 0.0586532326100552
0.204816461179212 0.525704518163516 0.369147920250548 0.392009765677387 0.106013859416702 0.114993528079524 0.094371031614691 0.618672387796999 0.3853806335741 0.148787427997579 0.744573795772233 0.964286738332635 0.171747295648038 0.0841019608311378 0.495896477405856 0.84333683699748 0.361643921006024 0.543694012292816 0.358742903660689 0.594607881360694
0.452358196040773 0.671979043534827 0.471314358179972 0.665352026123609 0.944888446069769 0.186630602519902 0.866870627015273 0.701604452843244 0.503576211227106 0.879654447347052 0.919551603067187 0.980717778538386 0.581100686251492 0.14400449739047 0.628530517188908 0.997370705454342 0.571399290227839 0.259658732375771 0.0281278943666999 0.303178157348708
0.134315775289515 0.612925352265445 0.77813788051893 0.573297314467762 0.264004952423692 0.24553368126919 0.0385411597179112 0.35511773923285 0.259360283257415 0.315150703229515 0.252990554219225 0.956339656272697 0.335614533809349 0.0896788416209764 0.774052380640869 0.4065550016355 0.42212235172073 0.117383416256318 0.338169262699461 1e-06
0.0368238858678465 0.549580818907629 0.357926333653902 0.469560384221609 0.016446272678325 0.550021464270164 0.0141992903164205 0.0730876858621955 0.109558771201631 0.0582990422020734 0.155280764127899 0.492514726792085 0.0874527342852792 0.0321622953999619 0.2561650332947 0.687063450451794 0.571945301843592 0.359700847298632 0.0501581216770877 6.49947540331367e-05
0.0686436203345359 0.470288177879364 0.496323238319476 0.628551514569443 0.246808448605409 0.0440435575510969 0.024195086727017 0.0390098592428126 0.7320091369196 0.0354227063750007 0.034868988983853 0.776292938431586 0.203889031268049 0.0452390244182761 0.586783284235918 0.247228390577342 0.36497988895678 0.240141918467191 0.933693915102307 0.491959517566415
0.120756252510239 0.430311887327781 0.650167575055634 0.685402560847299 0.511718159559517 0.311866898787865 0.0145970877463384 0.192116377028701 0.06447054393382 0.0898101219634966 0.291468845024753 0.972745685498955 0.070474676073944 0.0659620756296011 0.293402122924633 0.547289247255606 0.394097527547123 0.399425610748362 0.108658510282127 0.661126280913933
0.787187739957931 0.694379939580099 0.84178263909962 0.683241816449117 0.958679612710047 0.401238124737088 0.659949672960699 0.885596314627039 0.467636582982152 0.968195818990491 0.982876134749639 0.999948584231212 0.539004518511027 0.326795854760256 0.897445200042407 0.965330306746045 0.734122184276357 0.734873092896369 0.892011823225488 0.292024161302343
0.402369038591435 0.63387766070387 0.820716463728183 0.791744163754386 0.971271522456904 0.487359653255573 0.208460893873076 0.911790421680501 0.867928008286066 0.69029109595402 0.86097409832847 0.980191699117647 0.573931984098859 0.458077331548136 0.947456131368745 0.998832857464414 0.757183542533443 0.676378785773997 0.163666638681581 0.0299806526999911
0.0582791295937855 0.578685011342077 0.536864431141163 0.577882899728772 0.409176666279384 0.381239304642209 0.0234363252117892 0.465977049547098 0.00209439893512021 0.096767294385165 0.125061867654178 0.972674968340912 0.0527656874489776 0.0791645044080036 0.432024041002455 0.278790789961065 0.453480121000667 0.357951685655217 0.000220634661236067 0.999979256275439
0.104972759284394 0.602958318012828 0.637949362884393 0.518037286653881 0.964120148880965 0.448587235444343 0.689036631742726 0.938326215462368 0.873800690666275 0.538397025703797 0.815616979132747 0.952066197310869 0.423192490069457 0.198103080382544 0.45629343434927 0.988907408462803 0.626081914358185 0.447090795086209 0.000131123198791996 0.198171153400154
0.233104481053831 0.629932939042717 0.575199542888096 0.729774007733233 0.664623478551664 0.756387560827706 0.806629675443775 0.925425197661246 0.210404894732528 0.744877206825291 0.705746530323859 0.909155832669513 0.183235322490021 0.115993857100843 0.282601171478255 0.820498186527826 0.498053192000208 0.580618158769663 0.955049109690195 0.988829180567948
0.505088816248665 0.595932579972426 0.785021866370393 0.817146509769539 0.910386693563557 0.710050032407098 0.213775482883851 0.904657252812144 0.873682401040142 0.800406127026157 0.694796149241237 0.949603071762672 0.541077815187479 0.128846444851987 0.957764916840556 0.963310380381276 0.530052407658441 0.866036060513891 0.116529566791529 0.999997056722989
0.0910029279298678 0.672560173291587 0.750131698565272 0.746545158061796 0.0839750405597008 0.301383890177036 0.0700859716085518 0.753614059054999 0.4618579590298 0.350535671069896 0.14417085652205 0.879883955095862 0.162563832147981 0.126640173538535 0.626909870301126 0.0506417372056779 0.323953424064464 0.420582584377833 0.000516171012585091 0.264923204612246
0.0374496887302523 0.360151193832976 0.476490172152008 0.3597649887723 0.0648434276071014 0.240436952865695 0.0862071563160724 0.0551358454523539 0.0894672561025606 0.0877169103392264 0.0561095331490609 0.651771412912936 0.123589696628521 0.0134920542185677 0.495382306712319 0.974217234802797 0.406608832512269 0.212773308061674 0.00590000078891109 0.0001833406805933
0.569731256434889 0.665746612907298 0.573441139437243 0.757007631376626 0.958255368153072 0.679288090933501 0.466242082887072 0.973717097404995 0.754758775415015 0.971137067508996 0.94014476855896 0.991400502947416 0.734697528227948 0.295001236988 0.861822691456406 0.473459721301479 0.661259155661618 0.79030608956671 0.290963104255787 0.950688985362759
0.0300523987862845 0.391222723491786 0.29786173225946 0.526146073315647 0.0384434770059176 0.453860741461363 0.0107326386034292 0.00191452093836976 0.0802321079199286 0.00899790005800454 0.0152109862653939 0.755385347353327 0.0309004927570759 0.0229533713332299 0.175934744914898 0.129558448574898 0.356801633451841 0.29479924159287 0.00169045952368948 0.00689203787703705
0.375708598292068 0.676134025332298 0.930140842289222 0.43713690884981 0.988995898972794 0.350855872688663 0.493559889339152 0.726192100929193 0.999318628607889 0.875648764268932 0.933925711394344 0.958553464034021 0.428578994314953 0.420884889675483 0.813103600379557 0.998142577367748 0.67746335833542 0.705804042603279 0.977484052688645 0.0273127871907229
0.28208575618413 0.681064561154608 0.375914133651675 0.61279968369482 0.90371058680104 0.256710616241762 0.0579486076591163 0.884106018115239 0.991310254860364 0.553661524829122 0.703197181507107 0.830082090580623 0.327158442741325 0.110916063432811 0.948304438497228 0.967289758766408 0.6659395358319 0.431761097482519 0.208530837782375 3.51420767934803e-05
0.0604107021225628 0.426980196523432 0.0829333456695896 0.456734480508002 0.0291502216597469 0.558296638335597 0.0577517644327456 0.145539124107388 0.0638204460166908 0.00902749614390868 0.0267377186824043 0.628091459907412 0.0334053820038264 0.0292518542650982 0.270536714943233 0.559319459736122 0.379975709613575 0.216730295770163 0.0157240879350846 1.91239079723042e-05
0.458949599361129 0.622328351762203 0.509567335191766 0.811933461765319 0.979517480697095 0.481304965498372 0.353149035553896 0.894311455407415 0.997241474648422 0.89426919034257 0.950107983977913 0.897673167055247 0.377715069849997 0.236765602848048 0.93159890454974 0.973592895224662 0.73360074421179 0.485697335203864 0.994083331725079 0.996320276500993
0.245446373035104 0.574156928379105 0.831178909177158 0.367646686440035 0.787082158552206 0.418071039456165 0.152522156659758 0.74186865704045 0.599539472729564 0.886326794299225 0.954342501325318 0.993591868734715 0.353388944385597 0.165269101651703 0.856313622564571 0.78038868975809 0.393759752465305 0.68350386148658 0.000134141695520786 0.976248832131476
0.0608023517947953 0.50383545485353 0.257671909262508 0.59133427086054 0.139672539279435 0.243076851950145 0.10438635111245 0.089469970031049 0.0125115732101025 0.0279925447920102 0.0161506403441144 0.380937418999255 0.0720179613658991 0.0310142666437615 0.24491990169965 0.914394585711009 0.504191254346261 0.377230352464791 0.00140300735946984 0.953740306958529
0.141716892116264 0.588026352878955 0.100861149284564 0.39079144839391 0.0278843905693372 0.631401458379879 0.347249477495325 0.633309645538119 0.74466068887897 0.616411661068387 0.365448022369689 0.949964029613087 0.323905831348208 0.144108320289808 0.650842542955061 0.977054347526144 0.728493851076317 0.305370215239453 0.997265367925951 0.017480937654845
0.124216892307607 0.613370402503264 0.729802261875931 0.598751178883719 0.474506371308275 0.284747125248001 0.480690532188677 0.920123135116877 0.962767276141202 0.185345415238764 0.499824300195208 0.99721578610608 0.484599026220693 0.231472883850502 0.87850217286394 0.3538547887127 0.829530672006261 0.338847383705 0.0257954233209228 0.99939202292818
0.405767969343072 0.688268879840154 0.938541059034612 0.854089974410345 0.691326053920465 0.295574901529908 0.193446817337079 0.899907674638149 0.937374506595715 0.791379427450032 0.897526247346165 0.999562330854244 0.670690905431007 0.35858852175258 0.942190924346241 0.988509345964068 0.523844432586183 0.528848834567725 0.176668360154577 0.912387988016338
0.492492721384946 0.547567544664267 0.765368474429773 0.510763569321764 0.916099938655067 0.500589826647046 0.350828479624702 0.924767441319967 0.646829247911732 0.81418498104418 0.834690228457886 0.992374521176549 0.369735826938529 0.232502825763467 0.839459270599094 0.940938399532973 0.229288242322961 0.769208489821905 0.996214015067404 0.998306686970432
0.312931632297324 0.68678456081585 0.79138716139751 0.667088686759324 0.924391367392227 0.805649217878156 0.209978436554209 0.734160200477274 0.983966898628784 0.750198134719057 0.598240910654556 0.998625646907162 0.586142860416611 0.103852358837013 0.729696518839909 0.994674290165202 0.801843088397607 0.708406577780662 0.990052255839266 0.999961612699876
0.133207762101286 0.525936757112581 0.451690901089761 0.656953872000528 0.576587537998687 0.915636059935136 0.18252600303451 0.516064900684175 0.249438217872578 0.297762724897266 0.367573032847202 0.992093413256964 0.48227935387511 0.177159269278035 0.346246843212186 0.315529395498366 0.428180502763684 0.390921113496924 0.497851981607536 0.0565544053646595
0.536676244981039 0.751544808587496 0.852590601113313 0.587431238096046 0.824893938696655 0.527706704640348 0.155796320415407 0.186540299546889 0.975573814044151 0.573776937202012 0.884935337466457 0.984533020362872 0.3938128931097 0.254437427299074 0.90665214292561 0.995874257374921 0.424231302640378 0.634016288198923 0.0172865676752204 0.561161524821539
0.193176076153222 0.483016407689131 0.157532230836309 0.547470935189871 0.484117419277144 0.859230954173288 0.476973537056468 0.920853698529375 0.769825574140668 0.217539896877256 0.706652741364611 0.974100661211891 0.151411445572002 0.273963097034597 0.379768398872244 0.996151986080158 0.648016680800873 0.180412988124293 0.813761403985716 0.912295375470533
0.0546743171222982 0.443871674117534 0.75314877847583 0.561708244260712 0.108064231483534 0.412538870541568 0.129699461062019 0.599155673296851 0.0641701777000025 0.678796396830005 0.0377449021184987 0.751676838788288 0.11617871295834 0.0460531480528401 0.450751185672225 0.0206679897555965 0.474729945903444 0.357910261026483 0.243822523604029 0.00025912985906043
0.331232358990335 0.71171857277296 0.52918507494729 0.678054854428957 0.528272130114023 0.150326592061355 0.183496665939771 0.861074349912647 0.109873461537101 0.501046686831184 0.616368173288623 0.992667935895693 0.3354676738428 0.107415592703779 0.856604228828409 0.739906221010525 0.32881850302261 0.39706927375886 0.0232717739349857 0.01364109301366
0.110906451835653 0.583071701584135 0.473583966744482 0.820165200909742 0.157282160081963 0.64786204249122 0.169318407101897 0.145057707697358 0.655104690396611 0.303519970327674 0.268956785294157 0.457764842059036 0.166880855819683 0.166884580700116 0.613885959802227 0.978886707877788 0.49177542814719 0.7134712994236 0.000147224838133172 0.999908063744987
0.184708811343343 0.646100079081222 0.872485439151939 0.452915706102723 0.334806556324235 0.264848374956474 0.167134546217442 0.463181844689789 0.0249927614216974 0.591406123349324 0.340835147153804 0.637825513335878 0.217752158907295 0.0954279231709999 0.830565223045204 0.247805153845648 0.708639305844455 0.89841480741951 0.01913083747833 0.726220622998942
0.298237012500028 0.706226992776855 0.617923649192139 0.748380160711988 0.908684192666148 0.51170320404649 0.490304961021736 0.89855603022914 0.861779732659204 0.758083635984064 0.183788792272484 0.973174874864741 0.408807040547788 0.272037554743288 0.779679626739109 0.996119218328418 0.511713133376252 0.779287016381668 0.0601038478656181 0.995116088897256
0.169117410287732 0.633854166922589 0.606724858076123 0.693333913336826 0.177385613104719 0.479542919693143 0.578630076543317 0.750566130934731 0.852132026449921 0.777624415415578 0.887094946958115 0.836381889598097 0.180757819969497 0.234800189020581 0.823887265409717 0.915314612995179 0.631236455064362 0.597939246715698 0.00342763974939021 0.00448238084199684
0.138038093921456 0.580088532288469 0.319293041695199 0.560060202680762 0.564151510205607 0.589911826589981 0.068816118114374 0.277340339599621 0.975533949106664 0.609905448576159 0.24237965441065 0.143244053341111 0.0626785937142036 0.056756426079919 0.456027507242324 0.983452525293819 0.53498590802873 0.536954814986849 0.0273285403136774 0.18549731642258
0.31117388840759 0.56553964783333 0.860682170704932 0.633559357356715 0.632147994152594 0.666389003681613 0.640484267723053 0.516907264177052 0.617864588745444 0.315016016158616 0.152280598754163 0.65172343889389 0.290393738388909 0.271193747963058 0.71509701888001 0.988843882056066 0.786631769089826 0.600795320838689 0.998295350389796 0.00789035396598217
0.403559027463405 0.734801117542015 0.734468602314078 0.695024240814162 0.751316765880744 0.427539765777958 0.0815749086812222 0.775836652660371 0.152208136784304 0.822526991793084 0.873510144166566 0.937780382543485 0.259437487883042 0.159909879913273 0.670470261488388 0.997787763918253 0.404846131823767 0.727037780269955 0.690692739218742 0.840188425881353
0.610217195008996 0.807072075788502 0.751196339548483 0.71548337153509 0.995183531292856 0.585087129319896 0.150411872402385 0.976057635189365 0.726933794460193 0.939342113092843 0.974158528308557 0.995808804955854 0.532849136184339 0.348249927423643 0.881831929808408 0.999973162792353 0.772926907344902 0.872291793883282 0.119775709012223 0.820154222504767
0.28503473114094 0.536264790975225 0.277401821138113 0.5686133510086 0.681839333695301 0.766544507637457 0.32685651313348 0.851587476430023 0.412008579447926 0.487410793084116 0.420215115372064 0.990159262883807 0.157417934965626 0.177051479645397 0.868181322967634 0.985690518336202 0.29582656147725 0.557567651890676 0.954750201100368 0.30326036128369
0.653907948983685 0.687005721154715 0.86065106246254 0.75633759410286 0.864059415157931 0.775259519708955 0.544588837620218 0.809935159734582 0.994828984440803 0.933445807079986 0.960593077910405 0.998589653836503 0.525971535403689 0.392518644695522 0.967689788702193 0.978443571181671 0.883366223536383 0.909474264000605 0.83603948403412 0.397701321291583
0.179720779848112 0.600305136849931 0.570287944588301 0.64787743960931 0.104443971780853 0.313390246145638 0.0857076534947194 0.109290049415766 0.606768363984661 0.198396633823613 0.0496040325865616 0.912276782556094 0.195750710183363 0.173595165817644 0.560048046884403 0.887301126823858 0.288321220499772 0.588307020983394 0.26549299611104 0.00163448492836534
0.0244051458988621 0.361258653301204 0.398076717699924 0.605353414455629 0.238371573553559 0.477852178747051 0.0160121669874072 0.00510922730723212 0.281349828495613 0.108145239713923 0.0200731482354685 0.149431537002802 0.011471645227062 0.0202216855496224 0.156214272685693 0.154979795172525 0.225649071375822 0.190995499606157 0.000695427926964367 6.96593914632226e-05
0.553463441797127 0.577156123816508 0.910348927379315 0.425240399187181 0.960658094985465 0.445332092699265 0.270702721155886 0.210213111656369 0.693109637019486 0.874306986489254 0.237190341451582 0.729819819282688 0.390707147060985 0.275425197867186 0.844265849158114 0.991615861777853 0.294667841985347 0.616704992898538 0.00737247474423659 0.641854811472721
0.00677111773320546 0.40105152240956 0.0832155590234672 0.434107301954949 0.0130665983095187 0.784319519992329 0.0169943860705308 0.0873213721248531 0.138112368382558 0.00153375440059038 0.0156318495012927 0.166368921183293 0.0290588365012313 0.0224826250317877 0.0878546498221886 0.0504164325999124 0.251960589996744 0.359057466080602 0.00417002908040191 0.913979282481264
0.196568834108883 0.676411693925539 0.335484182697797 0.670373557680888 0.941366427524289 0.36224311036728 0.0207015496306456 0.0979162462609744 0.113645903355225 0.545040813524575 0.301756052910158 0.839884582237175 0.193792920640797 0.11163300012582 0.550641159781081 0.999400383660302 0.457500259329198 0.427049789853829 0.0161911202445204 0.970470269388524
0.725698182176411 0.762366998809046 0.816604623705419 0.709121124217758 0.993284721655049 0.584292512038841 0.754447966693097 0.99009680731743 0.993869391131477 0.950924608040833 0.97339663954722 0.980436315073898 0.710334539024972 0.543210116318884 0.980381519285371 0.997157028008661 0.651857380958301 0.918452078306046 0.996730809743588 0.000828884550402287
0.0292409105359331 0.373475226703708 0.0397279961944361 0.529492213027855 0.0407845856664341 0.346356346592269 0.0155296819023969 0.133354325260219 0.440771274423295 0.0315546311165268 0.0113224045554866 0.495681893169095 0.0401586018272337 0.0279134230654381 0.0832349329418472 0.129009540380721 0.356868875825489 0.462040171662174 0.106296634307996 0.999701325175219
0.0513249706807042 0.472921557197435 0.376881177149299 0.43715997824113 0.298367746623621 0.381395478510097 0.181929375403134 0.0526300035088412 0.00103127440517097 0.0435485398857815 0.0145036370110077 0.988590136365645 0.0785773922755818 0.0590323206770714 0.604075820059677 0.227322091332494 0.592376249269406 0.156895203252167 6.2585367483527e-05 0.00157919156153623
0.271741498861815 0.577835635180805 0.494672160494569 0.658322096208166 0.255924975952514 0.223638938373947 0.187909170726091 0.385411685742037 0.581830165985357 0.309337052195274 0.17820005023864 0.950939289120309 0.156979244708186 0.0837000745020675 0.633797739966702 0.994966191358416 0.521379425554224 0.452755355240306 0.0108503284055714 0.00018827010181467
0.129932927592033 0.496035562147209 0.836241245247089 0.452228582610834 0.957637491006566 0.41050374649846 0.0716164715333026 0.846658953859451 0.770123024437802 0.924772144213899 0.950675857838764 0.990836194391938 0.423727307786735 0.108695198494597 0.511699087235072 0.975269421632285 0.529331896282408 0.548976513918765 0.202576304143541 0.182415982896537
0.0933386232501395 0.598777572346219 0.419129204210573 0.402789034851264 0.142688566827745 0.222112026766932 0.0838097709302136 0.162636375983206 0.957641653162978 0.176896496248414 0.0293584968012899 0.882537838276635 0.262043477966138 0.0948289252746717 0.752896009129882 0.994498416826278 0.548208021996245 0.433451860648544 0.167620968374505 0.000130613854298422
0.296696110207662 0.635687242335836 0.278805243241874 0.567820528495708 0.607887194107865 0.110903688261923 0.415566608447314 0.460014273685589 0.987363533311534 0.606977985641143 0.640137721202704 0.78639753519411 0.48129361482198 0.0959507004862466 0.851042095099462 0.999889611700858 0.38060841402508 0.495507968197545 0.143208975450903 0.999999
0.316780329913871 0.596843750439485 0.427983965498583 0.700099379179443 0.404235680199 0.518930219183966 0.105239492058392 0.123635313619989 0.226716710871589 0.691302440133214 0.289829218712319 0.834068110510638 0.320584947493086 0.0831451380867456 0.848870927077711 0.881720537802635 0.410124265704573 0.702178905280479 7.68003859498745e-05 0.309513499321405
0.141636076372218 0.404252654694033 0.62320505307244 0.658213494696187 0.551919282416553 0.150988108093591 0.0175854842330898 0.0759442722800541 0.116631448891716 0.126057761979811 0.0868493721044032 0.921271916541348 0.0754009596832455 0.0237725934047947 0.662995859908329 0.548940239276266 0.19536432406018 0.393043565554845 0.112671839853877 0.971981464808615
0.219217080858197 0.582819679652439 0.185549315183107 0.626769278363847 0.572655286512822 0.73726341644204 0.177976236677386 0.225923989248645 0.0884706051263434 0.454560762878436 0.271791047223897 0.719052185953586 0.32494488935612 0.0937444817470963 0.630982497043353 0.947134079921986 0.318089387436082 0.634289832535867 0.0234118508102029 0.801545564407574
0.20688693733545 0.663061398082228 0.419065637209333 0.641861674845481 0.281600184767949 0.147791643977496 0.0756130841881607 0.827387786525651 0.439053127433048 0.271909766976364 0.084774036350622 0.434838521528858 0.238286908505352 0.0733800575817598 0.540995523021668 0.77414285882127 0.264038458529654 0.596712241071182 0.00329380675531278 0.346490662303579
0.0529771352042597 0.521126188693091 0.318086910308264 0.610075194547212 0.0214998297633728 0.309435047420988 0.133989381101457 0.167107336800142 0.862433879200323 0.222571439227826 0.26649025300873 0.944037006793565 0.168079636299443 0.122356173752509 0.320676107642957 0.741511004686052 0.385478173146437 0.522704240607565 0.223254501887236 0.831155225498341
0.0968525919928018 0.389439440450121 0.299905784791317 0.568751579279844 0.0653554613443948 0.229746361361796 0.0241030753782918 0.0633372869327187 0.088057312625504 0.0811405311470916 0.0290995388058581 0.0836241568695464 0.0270946163646239 0.0452905432114936 0.190018420467198 0.989798198676616 0.238693500914002 0.391110412748533 8.45614794128275e-05 0.0402943321988589
0.089259242895383 0.600760924192287 0.322819516678136 0.456237467550256 0.931136081864497 0.44407445362597 0.410798125283491 0.520347266880239 0.458921723883074 0.423593503063665 0.362334835045977 0.974765730748096 0.22366863249428 0.140583947181151 0.709278389954835 0.903399201174494 0.538245413556865 0.649014180251918 0.456232856874089 0.743770135317312
0.196244108315419 0.591669139842766 0.811108195246605 0.515479300415493 0.876277029105705 0.656854977101843 0.14152015092028 0.888015105984006 0.719702906747301 0.713906028322095 0.587486153852153 0.961805041222404 0.336536803488992 0.137913492955398 0.620994794289632 0.881072656684857 0.720992744538276 0.491840189970168 0.867652248151804 6.71119367946247e-06
0.383231011704095 0.712787865870066 0.704106404693317 0.696091285910469 0.926861676335073 0.312461689414823 0.411849130307148 0.845352953510173 0.308820480351254 0.956899144698253 0.725332812928982 0.995159694718369 0.441571208332283 0.29725691119183 0.87817182148926 0.938361712615848 0.735088892550405 0.529744422573977 0.88123551923479 0.997664236248374
0.449177129040077 0.631281099611786 0.337592571854827 0.725458530306406 0.87862364722629 0.694153025402704 0.243746816825348 0.682426349680826 0.967669697561567 0.727687901870336 0.942361218274803 0.589774956639454 0.414111629899011 0.265930153600852 0.696388718545567 0.997902724695006 0.691602979073333 0.614411342704779 0.693561015757882 0.999999
0.273761981182849 0.546137050817374 0.474383691697132 0.430224195994769 0.704170731263275 0.351847583729809 0.398427753516178 0.916637339492517 0.968578751435987 0.451132112642658 0.790824767639331 0.830395889438582 0.399739377468616 0.160407164862109 0.807572230863709 0.999314869166115 0.352025372323401 0.522543405510563 0.884599181022577 0.996369979923549
0.410412952165944 0.713962802045023 0.889319228226555 0.710792510089868 0.834753727992463 0.821739430604543 0.188660495496484 0.575871281980353 0.989731795638928 0.797798582129398 0.943470325696433 0.999334605780629 0.738748726072849 0.464210069583875 0.786002391191205 0.999898497324039 0.625412685274856 0.864803880297977 0.997971976474127 0.552209183142101
0.0945320614377613 0.665878595317428 0.567182536221327 0.772435533876265 0.828682020130639 0.0798621571179649 0.442046884704575 0.160205717114154 0.274306779702058 0.224989514809335 0.20488236421875 0.653346177491768 0.181781493505395 0.102359264745354 0.263036351158293 0.994466186310315 0.234245402688704 0.475681520510556 0.994742739388739 0.963420838317746
0.100837564287297 0.708733679082641 0.382731597789576 0.527581924242848 0.688005048851919 0.838422122717197 0.0618679800688601 0.854192512261194 0.422379175595153 0.409315955036086 0.52902829257467 0.995704629737217 0.0652859202616592 0.0781151967180914 0.493385394960436 0.968308681757971 0.472132171135543 0.293071427974723 0.000325721737799745 0.997578936111943
0.144640117561974 0.634034911344617 0.50036338740262 0.790235450739343 0.846477350345837 0.701665163773805 0.215927100173789 0.68045289707825 0.989839788948003 0.780198474565888 0.590707032005636 0.99947726379769 0.0949623462807094 0.19709685137075 0.740689235731879 0.966699560578846 0.385750236170522 0.799923739441797 0.0311493546720716 0.846358076851407
0.318394764508313 0.694750409643606 0.710969801850046 0.859457990316068 0.978141367303478 0.575833724902154 0.115406860335033 0.923142627577714 0.908315949758685 0.889804372755597 0.761656432811012 0.989508723293223 0.584845532274387 0.295736305611783 0.877559807196436 0.964840326944361 0.723760842854628 0.553921363949114 0.0382559351887799 0.359599929962562
0.253239895471057 0.589357593971356 0.385763982082711 0.535333323211369 0.773240005863055 0.116057041810601 0.124476696624065 0.737010709625878 0.933961465954351 0.828700677697818 0.734932947625563 0.983408636625521 0.287374554496009 0.283059425097514 0.866604006997148 0.912975183803089 0.650056447016494 0.504945221975617 0.857054359674351 0.999893509477106
0.401273143346441 0.684389653062854 0.867546270548425 0.253694253397051 0.985334776307169 0.293084699458603 0.172795451563152 0.95213709787596 0.995805509673404 0.919436785224485 0.314001702611595 0.987630515978454 0.317942324630705 0.385779756133016 0.252277977134778 0.99759988845268 0.805243478626422 0.7856556627099 0.803179794283237 0.863188928775076
0.330768272293583 0.630466762689381 0.905321375053033 0.612046562804834 0.94520543358248 0.212929624185956 0.364561686626386 0.965640456530108 0.930454975225004 0.764587723090906 0.798931732812072 0.987750201184714 0.54475099241529 0.466775731257563 0.793438449141035 0.710964837835461 0.360589349033221 0.885268521374685 0.587614797647347 0.999970311193757
0.0321277555928038 0.522908241628286 0.179897137788244 0.694772079434743 0.385717779690868 0.144347293587102 0.131566592459476 0.0466185102502936 0.860828421630078 0.242575593938723 0.222397472171789 0.911833246372454 0.133596527911711 0.0737292359448878 0.648021892129219 0.286694115840976 0.551294801555833 0.365744197356327 0.00204633918233924 0.0379436800219624
0.0749758116839271 0.48841718910898 0.484932235779309 0.478765050880391 0.143843517838885 0.353356628203453 0.0550294931003352 0.49435888167464 0.442196063933025 0.12059483234649 0.017416341953897 0.864811071442158 0.12683917323319 0.0384017956976055 0.857745529342091 0.597780934158942 0.276207510440681 0.244531778933694 0.141354495619012 0.0351792358982969
0.43042955924657 0.728096711165185 0.42438326479965 0.692273045724239 0.987925292710152 0.272756313831291 0.202569201330382 0.376472383361841 0.746060400625704 0.908225253568376 0.93080020164249 0.974519419983795 0.604068860762424 0.274429386476619 0.97224977961563 0.782389174750774 0.500186508216187 0.519782740688637 0.979364341389576 0.000569402724724952
0.320855708614013 0.635550331768071 0.660773722840724 0.467215655349625 0.763056096074618 0.479138254823344 0.166461063179564 0.939741243837006 0.282611810672827 0.931823980348256 0.58048767191232 0.980590681820877 0.230502153035863 0.225443737807934 0.744477358437937 0.910239089943975 0.429160265686039 0.441013722512177 0.760320262456812 0.00274244433725718
0.171081643190638 0.548903255191063 0.473415866012565 0.72866003082661 0.00981980789307122 0.249072432401226 0.00470447183517425 0.0475507775182432 0.054940935711548 0.168056863022649 0.11930332787549 0.995095577666568 0.0218307123817351 0.0408853315411503 0.642434455565694 0.607713970271218 0.368314232447515 0.149541017049407 8.94828328496933e-05 0.625311257099486
0.0147754915524347 0.40060284032477 0.284880416562097 0.541237253229491 0.0102807027657358 0.143465717752395 0.0536578307397493 0.00447570376429811 0.00596611435104843 0.118780431987816 0.0121903651450813 0.481600522717874 0.0170002509431589 0.0198333353351084 0.395573654558682 0.0387641982733638 0.0969611329557633 0.349288795994098 0.00364923900295099 0.0126258572736204
0.416423133892002 0.745930850730799 0.717018488565024 0.659019920540366 0.185778023523444 0.515864284461775 0.254500388528396 0.78818257653013 0.546152865405598 0.880150693725915 0.749483499602353 0.993980291321382 0.439107335160086 0.358935072115433 0.767856717288413 0.934385005031717 0.623175912716159 0.520835291078666 0.841872960347783 0.0460727109629981
0.348056953583513 0.72676451817868 0.967899046413528 0.772002895839603 0.774389447802614 0.0469414554884477 0.75724911526698 0.722142813756349 0.257490505185836 0.499631505739504 0.725395996330292 0.957969285792395 0.572686814401063 0.318769441622111 0.66037663612239 0.994634134220426 0.584895208926331 0.672688906138729 0.999727102682345 0.935436465800707
0.279303626024769 0.742116913055417 0.76262250609745 0.802057987189647 0.799183354187944 0.322882366810525 0.646338789014952 0.840453152198314 0.851476430992598 0.666694036345332 0.199352167998897 0.952662391197277 0.518241300591702 0.19810515979504 0.926156518762795 0.995710129090988 0.282199833203405 0.554318043947305 0.0278854396837998 0.99931710030759
0.679243596381595 0.758394351482751 0.757129167567362 0.675687646189477 0.909982909928108 0.540871041317717 0.335618780825828 0.43520002662929 0.935028244687442 0.852576014893968 0.883628451134385 0.995921037487647 0.41724558310679 0.441766923431138 0.849826772505417 0.999449607365985 0.636515302502338 0.68867485700593 0.0864960256369312 0.0975822217651913
0.10630496448415 0.605814381415037 0.351949292677099 0.790920702035787 0.442028654291336 0.451727021638101 0.181005721469864 0.152530192746846 0.892912425001764 0.424441760936355 0.193032350908771 0.782072194811537 0.0835026433219519 0.0898602676749969 0.51775736506335 0.969911937759065 0.187707914984616 0.374994576125576 0.000623690927494906 0.0573274546965982
0.105401071149602 0.499879487246774 0.379721320556051 0.912749112945961 0.543566254960808 0.194728352883001 0.149780842074795 0.157633966277564 0.0993547532379747 0.179761342891063 0.186597232823923 0.916937697287976 0.228526384098256 0.0875334393795458 0.706894389096716 0.959759071571427 0.460041563263249 0.222317130015759 0.000326155811049007 0.0115053162685645
0.480615653739029 0.637651040868858 0.796708600435386 0.684639385885212 0.851540153601656 0.162886562092163 0.290705833244833 0.861007621044109 0.986445357397347 0.709882313261101 0.71708645878685 0.676634709098135 0.682706506132388 0.330787150399709 0.419798548723431 0.990721858579384 0.637901657423763 0.550185703872144 0.849800415984749 0.0452884286708773
0.478800355576999 0.651899925923243 0.96096149737434 0.679511282670944 0.991646163494553 0.556299246751036 0.14232597114101 0.975090168842679 0.633647658049154 0.953107848098651 0.822682211898089 0.989730273348782 0.701022475103728 0.354594304086409 0.640043011018188 0.999320096007346 0.474922527390413 0.877662322736866 0.951698919324231 0.999995219152237
0.188886545206982 0.630297531093555 0.936979156117503 0.408749932966183 0.890609983316559 0.138490345851507 0.219545305656644 0.289262354487967 0.861701612029045 0.358949805868688 0.332188632479282 0.853356242427915 0.213624227243559 0.131962449887376 0.836108211459934 0.73760002026966 0.29479341407833 0.487578466295604 0.368550511357561 0.00291641912671725
0.368393048803197 0.664303374368594 0.654394683254563 0.610352275497622 0.320605785079719 0.782826202046539 0.58516842604528 0.612899814319409 0.0951670225914449 0.790944135472633 0.874997631328962 0.835158601006034 0.57056742393101 0.302886874100805 0.849883355035543 0.999077258003925 0.356637387237398 0.587355605790641 0.09335959677916 0.99982318848023
0.0185316216485253 0.270807214005026 0.288274953164058 0.644535328755381 0.00221707846600452 0.202024210755804 0.0207421021476635 0.00365692461859826 0.34259271538019 0.0311707578127764 0.0151387730839605 0.0636300978283081 0.0321415160236218 0.0208932183444359 0.180600691352224 0.144750744557776 0.297742204445199 0.0940312963757739 0.0014928154083992 0.000339335535486406
0.0190465315476405 0.371791116752749 0.0343202144090025 0.466341992514076 0.0035899052024578 0.128898932379905 0.0518458639436398 0.0188391163733673 0.157031280406733 0.00257086123722743 0.00212181643093814 0.199950577666044 0.0104777943945789 0.0121125827360391 0.162270243016431 0.0774987164079169 0.476489967939872 0.175340826841162 0.0147070785159932 0.983829425645874
0.0967028050767981 0.471488636111578 0.350690616040579 0.52464820044589 0.0361810578995966 0.608200805673726 0.0497349815157525 0.129385147226021 0.183130416213368 0.199830781696081 0.0149706643467954 0.34644679034953 0.0939030380813532 0.0636614356147025 0.850670060913769 0.261681072515976 0.393388376936872 0.589126311661826 0.000231690077361009 0.32760404569413
0.17998313335446 0.725880191455528 0.537372631786586 0.702124410206554 0.656205291063836 0.275508474664843 0.060668086332495 0.0138499931343821 0.81956954988068 0.231335456129399 0.137636611006561 0.834267894136281 0.101698551521815 0.101555033930441 0.622573432850314 0.942235370046201 0.795669354482088 0.592637639506154 0.249115234097762 0.982004427039881
0.224519722618524 0.59151467767334 0.798124701899391 0.594488804505959 0.951000951951249 0.245746429280716 0.164339049156678 0.587051377318343 0.996271497537123 0.64390669049012 0.439923436511533 0.722114859280969 0.136612833102777 0.123634667694674 0.488270519602856 0.947631394797497 0.529828891011096 0.438625126190244 0.0851628086864834 0.480908828045989
0.187937416406343 0.503793591536288 0.187529354795137 0.777909457048556 0.948967328822476 0.504705964689299 0.222749516790384 0.437362824121551 0.401654230402041 0.906495570257039 0.307495185983957 0.975422255386813 0.414692257018686 0.187632365488074 0.728218242372291 0.415134124668981 0.557831911358331 0.563083711926177 0.110964741000695 0.704030739719628
0.222542430514843 0.602635002724298 0.715796806561478 0.698094216143192 0.403566751291135 0.0627362003179704 0.0289794143748118 0.450688926686709 0.327381058132012 0.0652905508923182 0.393836545405572 0.666891927253551 0.162866189166676 0.100168366570073 0.262559619051176 0.649989269878187 0.256168060730304 0.598971567427685 0.593033040715742 0.994248527261294
0.155216397777276 0.506681582025129 0.828197740792644 0.589857440817571 0.896229311438861 0.118355159666561 0.118326460046264 0.769334451748172 0.910026702874403 0.889216362266496 0.402486974425579 0.99722394156955 0.747395765517231 0.267781619924368 0.676314051002773 0.995324293156223 0.423772726458929 0.549752711010732 0.845122077505688 0.999998384002863
0.358624160803003 0.621354265580517 0.670384336670397 0.700782775995419 0.923567582070814 0.222662157634408 0.205444116049161 0.486965460043953 0.630770746760391 0.608984428258648 0.457862500896545 0.968475910064617 0.208369344059549 0.167849767609055 0.286082186485049 0.999570489146492 0.471631403669635 0.689089506210391 0.501539269418441 0.751530210109343
0.106760502799359 0.585994029704307 0.121837778100971 0.733640587508669 0.105631366973206 0.748855258676411 0.0532157963708715 0.333890198351543 0.0839621098273454 0.1761835402535 0.147239339996485 0.778580681901555 0.324968746692195 0.0847114086972048 0.601277935202298 0.824101075542335 0.702526417167259 0.369786003942927 0.000150505823976766 0.993899747083528
0.126704852795417 0.589438446668501 0.172585467044836 0.736968832805613 0.568667074109862 0.101767968948118 0.152889507993341 0.244193441281297 0.541678308698032 0.402185182207057 0.247266748184679 0.899004845402992 0.134042922737917 0.110281779531293 0.429822818444567 0.821783018378584 0.437296202229227 0.247182861317658 0.0414902690325961 0.836416587464211
0.192705677183421 0.602843964184471 0.682124402984123 0.736493892546892 0.457013163146839 0.668465704830436 0.517811572281234 0.917004695775221 0.899962918475026 0.777840803506226 0.826956433434831 0.999218524792688 0.574442201942111 0.293829525087565 0.906407677634471 0.985916145981781 0.71111933004636 0.657394304380282 0.304855948247165 0.999363966416597
0.742475655694026 0.732266624929043 0.920576530696074 0.599438481625594 0.975414497041329 0.417746478728834 0.492089764211775 0.998182563978453 0.999328240222806 0.943502009830401 0.956614636610333 0.978686627507811 0.799236452995124 0.169922009569797 0.942145476382225 0.999894778195396 0.810598236051123 0.581654014431943 0.852754993257879 0.00517559337782211
0.0706923871142263 0.528647531513906 0.294913548901045 0.466797966416029 0.0631969490213926 0.0934567895893297 0.0146665717846155 0.190908403960994 0.0170835834719648 0.0117945736022415 0.149537474009313 0.791120817447031 0.0448560121004214 0.036740913491804 0.542486845760038 0.0766901861667665 0.362378353506371 0.442982333441708 0.00660788844721296 0.169475174773114
0.228667686642591 0.662615394404762 0.964851060021033 0.65461384752629 0.770269470402092 0.55172037455719 0.229949497197551 0.98235454586042 0.881696591565633 0.882404829717953 0.918393302768048 0.993679963565827 0.345014158296637 0.293774336590454 0.880474236287747 0.995903540765076 0.546921884763435 0.815438598259076 0.991542145843666 0.010149392471096
0.360414700272114 0.776620276972614 0.734564589547008 0.612246194954327 0.643761678217344 0.27300275003196 0.445112705438628 0.89525221397234 0.727075860978932 0.875205147695415 0.900474357472669 0.998781898931867 0.813355154158044 0.180063704083526 0.709903924384632 0.955660340376133 0.585578850865784 0.814823582761153 0.979408226154944 0.989120130863625
0.0730624100202606 0.487191331032159 0.495940049352994 0.698521369598249 0.168499853865759 0.376638612927995 0.0560111632371644 0.20764564668365 0.0103425998565489 0.1443435462455 0.523886701547207 0.396958575327577 0.171595659256832 0.110670315374613 0.641344997655751 0.635300362870661 0.660739937607276 0.361549466124719 0.0160662151997572 5.68923753918785e-06
0.207282151411351 0.565766021627072 0.392164740823678 0.565308027637717 0.657949946078475 0.328750445298247 0.145908946995532 0.841495982624901 0.476675393480789 0.496827090117504 0.894722125118777 0.992584145125054 0.367069886542006 0.151451339976594 0.904569637732846 0.963593273468626 0.532188266192571 0.637619085674619 0.617419396571672 0.697653432696436
0.0870197913496091 0.524341919154444 0.327547775816442 0.455458821975582 0.0988128831179414 0.12264064808512 0.00867353562301882 0.056705590086682 0.355652596859415 0.0188556433268476 0.0408973690434957 0.911708608404111 0.0342968285673907 0.0399571762982901 0.162074023051922 0.0778279697504499 0.172981124629642 0.369896551952651 0.0162204652584541 0.0029701780843933
0.118907748477624 0.70116628700292 0.286990043577287 0.660834760464113 0.976062683756385 0.111643712423281 0.0970772196352236 0.796625874892433 0.903781293591315 0.340570055521907 0.539798125728895 0.980244220368896 0.296199009782267 0.167905913752295 0.86671911180932 0.990696326890496 0.556733564933939 0.672992021929195 0.0838808325181741 0.00575603473984318
0.05947677578665 0.553303230168973 0.257851713039432 0.490327340503107 0.00193570612848421 0.191297324065573 0.0114607118740136 0.0165107772625873 0.417018017811804 0.0285020888271551 0.012825245907168 0.851252675111215 0.238240348058251 0.0257855329457607 0.207069590725292 0.870040859810722 0.362324937425773 0.384562185901909 0.000288318043866803 0.999987137361623
0.213292186633271 0.753934786216394 0.730406222168851 0.566563517918234 0.806153690186601 0.176095931389862 0.232806950011756 0.360195007304981 0.162206010118547 0.629427263390734 0.402861706193672 0.983176577403064 0.22429359783933 0.0803172106378839 0.871812799075256 0.951267101945071 0.723277980413081 0.479874402544452 0.131804950905218 0.0911956756463646
0.656012191109745 0.807551497945217 0.857183784888641 0.677222671057574 0.988477863876044 0.368950567252644 0.465425644119077 0.946621486469759 0.975834028651559 0.976147160003524 0.976936287670952 0.999546991864254 0.67643036761992 0.320910957057633 0.965517204761007 0.98471760224557 0.679811237962511 0.688816008107069 0.323752436826016 0.999298812036921
0.087733004474005 0.541708028486238 0.28160185986189 0.787907248204702 0.150243419993726 0.534409226873709 0.061676918331729 0.153117321130328 0.293715977349449 0.176742707068477 0.252287838225285 0.337147099789148 0.123512514004343 0.0623556170548284 0.178634399172448 0.964207936947577 0.171496071761676 0.485921790890938 0.0440874556328605 4.8851981826065e-06
0.506888883149348 0.626735726944297 0.187837587691551 0.870050229356702 0.940338427685572 0.0638871449367055 0.194496131457668 0.479267930970457 0.822429506961182 0.864368719877668 0.729089320922267 0.898450338893432 0.556465828279069 0.171227020004928 0.875505597148747 0.997981930894671 0.822275781919785 0.542442961429736 0.898974085095705 3.62125676763834e-05
0.113184401717207 0.620818567499453 0.551609184742057 0.763054041351966 0.971685586267876 0.36428160689015 0.158049025641648 0.80515384039839 0.961281282586475 0.429179759777731 0.490636247373479 0.991908191196417 0.299346186113094 0.165524451063006 0.481997806454207 0.32998175476212 0.376049834323477 0.818556013751792 0.0454370513469897 0.757340385258608
0.0503814212607588 0.402933340809831 0.362310881855564 0.468638962247467 0.0850770836261084 0.161365606843158 0.114063168370144 0.0654450739996453 0.0168360067277757 0.0909246813940402 0.00399284657893 0.141156856225759 0.0711282860407338 0.0560413864789516 0.588896168445439 0.378846624620075 0.429592601665925 0.400315737069636 0.0543633106364414 0.00414154979770699
0.0297744689411127 0.412708517780584 0.13755118240946 0.468936528196674 0.0060445777478818 0.666636625300329 0.069282782322627 0.0595654764682151 0.0115487902070472 0.0144991709558328 0.00722700005718502 0.0354105038234947 0.103099682612741 0.046445435249104 0.333657195556276 0.132731694417793 0.275108201336336 0.313116153125393 0.010765329162011 0.908903762503056
0.0863539735917358 0.609583243556565 0.335241157679762 0.617789564903774 0.448277605755657 0.464971774988928 0.472657470607405 0.219071691901673 0.0335863148439497 0.287190673637656 0.0790735177977633 0.493847773432289 0.117802048987625 0.0412537073676219 0.465154285515487 0.969082301993941 0.222167820208416 0.255758975310231 0.0034756088440185 0.952089532228159
0.114624592720729 0.584431861585055 0.166943264647536 0.493698300159472 0.0661982744237917 0.303077719631435 0.352705489507188 0.779922096854754 0.957217411798987 0.28656300765526 0.350046865437028 0.104126532216734 0.132193862615269 0.0969868935867317 0.364943514386252 0.98431354538023 0.676163325327157 0.192232610438123 0.0155009779965872 0.982309568311123
0.139963363517728 0.642632278211246 0.256053113647648 0.462887158763169 0.545130008722357 0.213467933293518 0.106587796774408 0.831420061576749 0.0740732331762369 0.640686774513309 0.448063344743896 0.924273858006671 0.243232032924485 0.143015967682399 0.503728046045075 0.968906314892114 0.446176996392027 0.373156542372099 0.000119179806146834 0.525859675519023
0.325600501555721 0.704760922384887 0.598941222843964 0.801832923559615 0.919714208418917 0.82768267618618 0.775145999465451 0.978146791127886 0.246625926246582 0.850285143336225 0.807662151401967 0.991202973349472 0.727671664258355 0.216770418184856 0.978726066604003 0.98997474656823 0.516024052166477 0.776139024788198 0.00865053861482077 0.926238360142475
0.0359356274992537 0.523842093950202 0.153652202753554 0.406406156142394 0.170466361226827 0.186301084121637 0.0729085460056603 0.0460392506616856 0.00552230264452349 0.04226742436431 0.0835241729820219 0.43289959064697 0.0850221414191409 0.0488726041849457 0.279668223344855 0.0817814505075008 0.27220572688636 0.248450706439761 0.00206658613526786 0.921509329848877
0.551509216072687 0.639076094717492 0.624860899065618 0.455659355487959 0.971244154856232 0.416101926670709 0.217106137821516 0.638864704437236 0.900179836641618 0.747778423227514 0.764415647110227 0.967419439396907 0.307140372803302 0.220535423742981 0.682709784539419 0.993602031961305 0.602424960554541 0.607664751624754 0.538193288105061 0.898077932694814
0.0817787384887283 0.426881888793691 0.442663382179941 0.567284653848722 0.206210257484882 0.501175144502049 0.0111333654939826 0.777613695320082 0.224473557639458 0.0689106761708981 0.0320701637518599 0.121690611964004 0.111823159131619 0.0500405136121839 0.628491725319977 0.852233251894759 0.179996404000219 0.637103922636398 0.00992336840181782 0.00436460434933489
0.112869720948014 0.498251865347722 0.54262295523042 0.84966684723971 0.145634117938177 0.154233279010585 0.0827835832203519 0.748720723509004 0.703464433296745 0.050447893288844 0.150255017412806 0.853376387531501 0.215667531766146 0.0827075260857913 0.143486941762542 0.119606674663484 0.393489793950626 0.45949917124574 0.0070096835334873 0.00019892001069085
0.0512997477720156 0.344646047859609 0.447724996516739 0.743646523852447 0.0714896114770972 0.0725002767346659 0.00389190266283834 0.0745106851788214 0.10399336116949 0.00573801585649222 0.0119608945982399 0.84088779706775 0.0550170505428383 0.0298598580249445 0.537838660778193 0.608934783669136 0.232810003925718 0.467518268419727 0.000282451932959885 0.0124364741076075
0.321295749659354 0.757693991474104 0.102603508848045 0.449413883769388 0.710563926199197 0.496462629522809 0.131340765021578 0.463143057021786 0.219212995523974 0.61847017488051 0.600129885858543 0.891668755468037 0.210820905922095 0.0785210719392048 0.833329622360643 0.720687860444682 0.435619732606418 0.676946939771885 0.357291336537061 0.985478823796237
0.17476650917351 0.722960954017175 0.844968908965743 0.63986351190477 0.705006892606724 0.462061873822594 0.145048506060319 0.873411406887235 0.076647048826077 0.549630267525354 0.44468951537659 0.929930643053918 0.208431039312115 0.126915401499991 0.839463015214613 0.992069131471966 0.565414536859506 0.592013239025014 0.18519640606944 0.411032567482697
0.0101534770834077 0.443634438660765 0.169898247565807 0.717486501661735 0.0283511204318578 0.22365155862849 0.0474190533660254 0.0331149750049575 0.0719459210684191 0.032624458315782 0.00168209793665831 0.865118981032191 0.0206218212532715 0.0270604472340343 0.110219560023351 0.221349807642151 0.541099892324665 0.0888732840197028 0.000208620314004 0.9192460955189
0.188452497874001 0.474775569680722 0.560491658849082 0.756244077768076 0.316753925995333 0.318914760577909 0.0918526472609998 0.400121583274391 0.355575113975237 0.271095562863212 0.0845336411927668 0.982835835133672 0.294230125698391 0.119025926099991 0.382059159095355 0.349857794505381 0.522273185502921 0.305922777681951 0.0928680724643961 0.000227573142909488
0.177517029851979 0.646707644520394 0.763360933348068 0.658031976559219 0.5029863111318 0.450352652877726 0.0429169343476588 0.131407791985429 0.844266094220926 0.495096217640905 0.412020172578525 0.888034781979695 0.135970740620952 0.0669761190766878 0.20186471730323 0.968085724145508 0.672512134300915 0.54909652513913 7.17888630926813e-05 0.248441971418825
0.628336766754548 0.574185231780294 0.838320756948862 0.476044581855465 0.89684997845427 0.174985710928029 0.426331640747076 0.647665349478815 0.791966123477986 0.71234810875311 0.878234436054184 0.874313443033049 0.183886396842859 0.173665934820173 0.826278046175137 0.927822201304918 0.49831658092176 0.645191187123548 0.153875166402576 0.989037682792359
0.0737542103452147 0.576298690946746 0.589402849899482 0.546619910597094 0.0580343846035135 0.924440693343948 0.0316664577359219 0.12269413675133 0.0234134270568093 0.145855377722339 0.0313395745329221 0.918920139039833 0.0649798911322768 0.14517858535056 0.387468732487927 0.0162955015424767 0.429515493319355 0.504275098053853 0.0106282112007116 0.165797178721444
0.145410562812784 0.470190731530361 0.242918347324589 0.349697774085236 0.022943804146411 0.244206198275553 0.0285488361593054 0.00913489308884059 0.915626267035413 0.049199366652835 0.0207741470084235 0.887124818487163 0.03081201872 0.0242566692133946 0.51401762073539 0.916088367028737 0.707925563475411 0.245138337412169 5.99302943382961e-06 0.644250827301949
0.357769868390611 0.706356733491988 0.601522539295078 0.767813914560168 0.97370186447035 0.625215363793679 0.690015041999784 0.9979732302499 0.979252077415035 0.84146790452556 0.875687171568226 0.982188547759237 0.742022137256422 0.320123586031942 0.858749463216488 0.983006138950735 0.612708457308691 0.730651790304465 0.947578714625777 0.999931990639007
0.385849816707191 0.576510478305717 0.183785007288456 0.695809362887622 0.941622376324108 0.59257613612185 0.588042982094093 0.91129807398669 0.975122169608105 0.901029237331737 0.612421571047047 0.997752998022792 0.617724974113998 0.194895059747767 0.562640854956254 0.998907674392569 0.748283728231287 0.74909616591377 0.078088085748891 5.51479166133116e-05
0.106897738426791 0.46899153300357 0.0712192558175925 0.288236164585117 0.146552296288328 0.115665737174182 0.0090805603998766 0.0245071689208867 0.648006671852992 0.2234845157353 0.00847505567746298 0.840753560269451 0.0508366566934283 0.0483671412964773 0.379175892939397 0.112783579605594 0.310372867986908 0.150935394196331 0.000106461123331907 0.00388272527814815
0.0750367887266204 0.400495274149307 0.124594404429325 0.728353784328472 0.114161528841993 0.210704376137843 0.0146220110069381 0.319493666050246 0.670705452004862 0.0709102359199634 0.092552280342258 0.730517423398479 0.0720129691312924 0.0503745476545375 0.338331502657965 0.078468261480004 0.43370611502973 0.264926155686044 0.00686191320839182 0.997780684376854
0.306669217216114 0.706700099462102 0.428230846433218 0.788311389382001 0.968270475004845 0.743300713519549 0.362482550213769 0.914581136393435 0.866566428349236 0.870525476323502 0.708417362917346 0.999186608541972 0.450444094820285 0.281263670713416 0.925119287872827 0.9987623342187 0.44548694070441 0.414358717433001 0.994898415385137 0.582226294944335
0.0535700213996452 0.453431158487498 0.301545823565271 0.388257616281477 0.150416370963872 0.153606154276557 0.00969280899974751 0.0484340410239176 0.856020127116261 0.113147192206225 0.00969358497448689 0.479500426448655 0.0142055644728068 0.0349167157487542 0.301398251021199 0.0254229197274729 0.222808002214532 0.18252708918278 6.46582058361133e-05 0.00794560469211321
0.515940696912129 0.704904258065128 0.649191928919058 0.660934324908484 0.803362615309421 0.528904666770921 0.305971219729741 0.940642740863421 0.945040944887715 0.819795759986295 0.119711760785896 0.987942406200396 0.464442382228238 0.381467486371177 0.900566960781312 0.975846910968971 0.736026921706671 0.773142258185305 0.00105125644728952 0.999999
0.070397663224944 0.591129667638916 0.58342494929274 0.247984918261127 0.0373338794617255 0.00799485859110666 0.0153424024939456 0.0559115026704354 0.219793126538428 0.0437959465153522 0.119522278686878 0.510628665821951 0.0332504204720909 0.0188521468663829 0.409896041384182 0.958452676022145 0.418228462685638 0.535345001454321 0.000278214888056287 0.999999
0.553807492900023 0.678721132587377 0.651514752411021 0.56772610003223 0.643884669821097 0.4676860343141 0.169897751634358 0.966683468941029 0.876954805802715 0.883940571603854 0.539678350462559 0.998679977063105 0.240802678226951 0.172524737349922 0.713245491796837 0.990793514582015 0.254545538153218 0.802594152236923 0.173430618023565 0.0242149760510493
0.142699432491194 0.585236995413343 0.597985599186335 0.739638132329283 0.824716092342305 0.81781636198526 0.319571029853069 0.543888142774232 0.819171368286016 0.618840692069834 0.720404352266655 0.965898792412077 0.220880739724714 0.0820137390537528 0.737300916873557 0.983996652715877 0.573755122868214 0.602965872428436 0.995258681220414 0.999999
0.111664273449519 0.449761511042742 0.192206801605166 0.554674678999688 0.58954170493213 0.326948102693796 0.0855641501862827 0.190459631989579 0.292918324523904 0.20306570853157 0.0358787377622238 0.724867848573529 0.192920662770096 0.0716173920536117 0.511898442604017 0.265471917133731 0.894686932225862 0.548130068494642 0.00640032812966337 0.00187821619812864
0.0359637157472278 0.51099687057575 0.214164319355089 0.574699094259809 0.00783216524879306 0.495511678964268 0.00720276162866843 0.469766424628215 0.00132187824248322 0.0310567891992169 0.0405830294320138 0.420039900897844 0.013820003316583 0.0160922370880368 0.202000493353568 0.09018017974148 0.363610094109658 0.355380982877212 0.00457551477093665 1e-06
0.179222126780162 0.585806181661944 0.542826638493671 0.592172862165184 0.854884599408842 0.682254251270891 0.054663192745345 0.136019179326343 0.825598587876633 0.221264391835563 0.302212114770289 0.884412788577011 0.372285658143704 0.149089569829422 0.541892239552811 0.958084185746158 0.480008690682829 0.310101222160596 0.434487168637225 8.95611274949756e-05
0.0993862645511441 0.595279200114166 0.152322186029879 0.738730136370458 0.442118408295718 0.607384673148489 0.0153574679897611 0.775690491931017 0.0337778170679481 0.109134578483464 0.497161907330082 0.993993454223265 0.0908225897449595 0.0650630224362288 0.349441647050336 0.186607593743853 0.422491896148046 0.173044987169267 0.0468299951469393 0.000888005365177252
0.576348308337645 0.754473756960686 0.863612068800532 0.736752679562022 0.994492016404854 0.32238162871394 0.223480714903632 0.964382341064898 0.590639203225669 0.957045897627724 0.943785764982921 0.998244755895255 0.844253246390098 0.299117691119521 0.867382383341822 0.974000843260551 0.230369276959403 0.81973975898782 0.998791619954136 0.0319670135482021
0.275793498649193 0.709533820006911 0.798446346057872 0.583747249263892 0.780509906592996 0.508937954346098 0.281378154763412 0.576459450587168 0.676669602659223 0.601617198707897 0.871676740903367 0.988629873436644 0.474103572024013 0.183837334641433 0.889401612465025 0.998803325570843 0.790230960345557 0.637035807477146 0.35435094406801 0.0370964510621253
0.293108315490778 0.629451910489557 0.719468932987302 0.630682169207204 0.734572977032474 0.117647746496091 0.551131303745147 0.540077221807694 0.76017261313854 0.505278117315781 0.54840173213254 0.871750798883573 0.403680492984388 0.167167443720016 0.760029891117904 0.986379117654069 0.558286422772799 0.74290857343727 0.00367696040561271 0.929402789940636
0.127219097270595 0.451531688133138 0.11142578528817 0.675093686965484 0.213961155364075 0.162137040078925 0.0261974085090213 0.011176494723806 0.0861505014802026 0.383446142013805 0.0677961705835718 0.68933991323288 0.036856530583247 0.0458546443039972 0.472984321720432 0.109127062240227 0.216597225052462 0.309915990413564 0.583966939686653 0.969440538108642
0.0554459064785765 0.499001819088417 0.53451110975256 0.631724133181963 0.161807497703542 0.471254440575859 0.0710668964133123 0.0878801696889508 0.206427875157557 0.00995975188542523 0.0945381344943803 0.315971294025229 0.196128953179731 0.0722388205280367 0.356963903494016 0.508954520237931 0.369802123134807 0.269983366782903 3.68440332505198e-06 0.00716064909125859
0.087258787820641 0.503079458455544 0.142625354738606 0.571344260852174 0.837176739096673 0.466097428298879 0.14458036699473 0.196785674137316 0.598054079107407 0.127791682920729 0.261161805112861 0.792329994365249 0.140584840857338 0.0491833135187785 0.470120579869134 0.805732560017206 0.456529855307771 0.357224428351684 0.000563924572460003 0.00126991843135359
0.168767429302783 0.53718256286776 0.903807103198419 0.519005847804859 0.921925326158801 0.433881693156742 0.189522954715714 0.604285571932088 0.934386285073514 0.366541283219984 0.707811625931868 0.989175492696833 0.255140782076036 0.19882823448323 0.880030935695697 0.865570658116032 0.557496708949029 0.753596513733049 0.00540734777528061 0.0427524451784681
0.216467380913104 0.566308209490232 0.816437762714732 0.698245150592319 0.282155199936827 0.485671994733178 0.101754430429257 0.215514397005369 0.657458952026627 0.650837798036907 0.607101623069059 0.959780919630736 0.448566074913965 0.083244650046008 0.748386079691783 0.880329535250208 0.64525210396784 0.534457384507336 0.00110358431737798 0.234743747847597
0.297552923130839 0.670202542100709 0.720394512318816 0.498166917871059 0.765019225268913 0.645933461009126 0.412502511078793 0.568489090642251 0.41349780295341 0.413284367757502 0.702019828655064 0.969683917785243 0.2659784173565 0.0373229038615638 0.569362132844761 0.992244942631595 0.58331366049713 0.332813456133512 0.0552225193234131 0.999146116327926
0.100767026593256 0.492578763320787 0.344587735376393 0.682389779537399 0.116863282545493 0.0479404361021031 0.276601683447746 0.651558232118855 0.995296072965521 0.172708836704457 0.476869975641144 0.229099071862328 0.143023425084481 0.0833117575286628 0.0790547708966144 0.99771134764488 0.358250262798988 0.459191657719622 0.348071996023169 0.000923198110080609
0.269622376486407 0.669287998850066 0.847841586442476 0.759507492964622 0.944227983204145 0.270627442797545 0.726166808724759 0.920304487530471 0.730580052992657 0.917827986391228 0.979638482333106 0.99805605953699 0.387693660547953 0.231127446518811 0.874077324235187 0.999611863994403 0.351166137651522 0.554843230255526 0.0336379491281051 0.997395025070935
0.257979904434018 0.533106426827518 0.0683733715491292 0.801225047172621 0.87468406734543 0.324481561454422 0.122552048017986 0.744918037504774 0.99801411433168 0.507206446191653 0.0765011402613917 0.894539243369281 0.285049965230698 0.164860376224432 0.321900438180978 0.997419405656393 0.223574446396845 0.57827691970084 0.0376423855302443 0.215693207583479
0.255335138188885 0.762035476279683 0.857423665583073 0.707675832573115 0.979816684550454 0.788487818315027 0.0918798843340102 0.98543077762706 0.0226045832048616 0.61970144223905 0.725515407428968 0.969396992570218 0.626452356599384 0.357151437959735 0.927883949409772 0.86800789208615 0.513366662047672 0.746559824207782 0.150961490845033 0.999997912923889
0.114772152705101 0.539534352965853 0.841470287531111 0.445035352830422 0.0557694250144071 0.484043151407475 0.127578048542477 0.547226714515112 0.0603384008208371 0.427395781150221 0.337906932879388 0.909742681957331 0.146363446830346 0.0609713561139392 0.650890566379341 0.298524767125531 0.446507753022469 0.359108372557811 0.00626746686788955 0.041186346368957
0.568698113526698 0.677324750300539 0.793123574881454 0.475193545650925 0.990859556711728 0.144785652266949 0.084759453321128 0.511701801950054 0.951083999151325 0.297427718849932 0.775835350801108 0.997015286265546 0.679880546453277 0.371992029366528 0.804396825049764 0.615870803957716 0.475944492642476 0.716624132769353 0.00123325590395403 0.999978663778871
0.340507251014587 0.670335464705596 0.224483069346121 0.552445071367037 0.225047845718642 0.0695806402427519 0.050529084468847 0.912778216455493 0.957398623635793 0.846439949246081 0.898040500487987 0.95619455916122 0.233771560379928 0.255525572909469 0.459059730854139 0.744528529772618 0.5523005453233 0.478943189137795 0.962011409203008 0.999000597735081
0.379702153594096 0.621856131449512 0.703136185411129 0.627239127995497 0.583913670688104 0.697712846844658 0.178069504475939 0.821697627558372 0.994088487766126 0.857824568065203 0.909149720038895 0.999539700277208 0.366591100584559 0.0996556952807142 0.838703845617311 0.986476465755137 0.460275249427106 0.634736006287199 0.87284500753767 0.878952235051269
0.107082797759411 0.453170750814943 0.549623244818835 0.733642193278814 0.510019932943992 0.334882956387368 0.0155414967300042 0.0172699335072032 0.517172764743101 0.21494030751854 0.0315972080536906 0.76341322984408 0.177467332413132 0.0408032127971026 0.555108815755658 0.0741997419133088 0.265972513884118 0.425657453892192 0.0336227766912619 0.996935223200814
0.684204521440751 0.792809598093796 0.589936324463782 0.814921913005517 0.902340148571253 0.811595383883813 0.447577508810272 0.836295298421216 0.105996150419877 0.966427316352219 0.984219382542563 0.999889590201154 0.547002031291361 0.502275507678392 0.910105210504869 0.535803283119259 0.649978222646415 0.783919489775337 0.993444791138072 0.00122587877298262
0.11261637056037 0.500680748332791 0.607933167339465 0.578244548555203 0.0111398596298018 0.313011732796758 0.0608662058962995 0.174338126613198 0.800208457292123 0.0611778604621287 0.00820677348558325 0.0586885739622612 0.0430263941862151 0.0775912075942369 0.281082193504953 0.741661250891804 0.256389723575183 0.535708488972966 0.0228573782670188 0.00532747742640101
0.514363357296115 0.613230334128451 0.814590854051007 0.641471824269992 0.696198713597045 0.755979181100601 0.570794688674963 0.734661672285251 0.74414652235207 0.91471641607212 0.881921529907026 0.980053254886973 0.733331465793187 0.264519128845161 0.835559282032732 0.999702326299558 0.788891224705048 0.755053535111451 0.575356573904899 0.0197702369533302
0.128426019575635 0.601349213289948 0.592045327635538 0.72248846585127 0.53113008344239 0.543940035615929 0.175640458255437 0.486303014322689 0.988227853784313 0.327641517274418 0.17775119097726 0.828007452467643 0.20585311250641 0.0756822508289831 0.593158391105811 0.268728179617794 0.690140496526303 0.467618590939471 0.0143845898865277 0.974612226411397
0.0534232617588515 0.706921843749497 0.848510394228228 0.798027246123631 0.394508392118489 0.239756090653862 0.221254322279995 0.988598893807158 0.128590787585915 0.593980700120048 0.404423109790221 0.235311624248337 0.277101173861854 0.0473743449714737 0.194795825523256 0.98939977410247 0.385398249913223 0.428779687481436 0.565204904919535 0.999906959204968
0.302530024326136 0.701857758457297 0.917557600319523 0.729320627203149 0.87292667736131 0.614497157537997 0.286653722194582 0.972559563125854 0.928084253868433 0.924839418002201 0.981499601331589 0.999548069986108 0.600593053715053 0.59689756551089 0.981836276267247 0.999955367248409 0.635077156061721 0.917536828261708 0.998883325938113 0.078020686579199
0.114065226543894 0.503889717715429 0.577775965913237 0.404068955372248 0.633205267692578 0.555544202682154 0.0107908397904674 0.298072595518615 0.238932220725345 0.07911754105871 0.00167585683828392 0.166359537724224 0.101081285666061 0.0312516508330139 0.208182696272439 0.456187327765969 0.439000086634596 0.270257400454945 0.00208423907229977 0.997850264604671
0.397168418100979 0.72196932958968 0.780572003343032 0.809920863750745 0.984035402517884 0.555304461848289 0.431035261388577 0.837691244891068 0.804944987238926 0.934664670714448 0.952262134549027 0.999983481240219 0.78491142223498 0.359538914067492 0.884452238555803 0.999779506904584 0.48916669998641 0.708529412430355 0.999424859622623 0.00343145010994872
0.293130420333441 0.534294715671945 0.833767956097253 0.681699737879698 0.72708181388677 0.542958748319059 0.368237376034356 0.386845511633417 0.832169316591441 0.504908212749834 0.275185621651907 0.979128535063827 0.126551491770384 0.136754721929349 0.894153500272453 0.22519782034843 0.279639154506968 0.514702377063772 0.844981005550804 0.00310023437919369
0.325701601375835 0.705722896428309 0.674292504745066 0.716353190207506 0.762262990092177 0.46789212219433 0.432536774497438 0.978231784111782 0.881333592359524 0.853326528426216 0.922195246073046 0.972001670676836 0.297282815219808 0.539716594114614 0.880387711184244 0.951154970722267 0.624583622852518 0.559451767500433 0.0020253222915302 0.998976968548075
0.0326519418674117 0.456088124528923 0.461216025215487 0.395565364140597 0.902636297162484 0.493956000303441 0.030934952590116 0.0249986435309827 0.333633975961938 0.0118680506168744 0.133237456556555 0.387664562816654 0.0303591436857924 0.0303071561507236 0.316109600241782 0.447473315756922 0.320535957343057 0.40847236668869 0.00020960077685939 0.999863355654021
0.0616133384907402 0.521040015977631 0.16222591975166 0.372977083818047 0.73682541208597 0.457942533987082 0.0438836560619681 0.420842753615637 0.463321208217252 0.0522799972312116 0.312580699089207 0.256989612758392 0.127191092058628 0.0986997149845827 0.208211394231289 0.165751585173439 0.443049801779379 0.34106972391413 0.985795882301539 0.00207535230605673
0.246918612619985 0.497313229346741 0.59388566125874 0.632245099683108 0.841809347064162 0.436920427797264 0.104064604760725 0.374239014617084 0.612980701284986 0.375190962971609 0.479773503473913 0.939724382423921 0.30302531053946 0.110967264288925 0.877130007882741 0.998419500688827 0.680725820470597 0.731458664869025 0.199309126211797 0.0463556531433301
0.0687523084404491 0.481146132592553 0.395257996823055 0.597083259318853 0.235024096606546 0.705030944640943 0.0364929973017464 0.0648343172504043 0.302151894245556 0.118813233375775 0.139148266440146 0.535545493921773 0.0843941812404517 0.038882610786535 0.337848614690677 0.266733897210634 0.635319555571948 0.200314646503959 0.00182027541973659 0.875500058983097
0.6285755524049 0.744182860888621 0.953947644104656 0.470328284161097 0.986997204963738 0.690732378806239 0.479148487172343 0.968284921512149 0.98736995287867 0.963271977928394 0.982922245535877 0.999222661011414 0.613983270620013 0.345645013854351 0.954392031038526 0.999960910002479 0.834262232908535 0.895995372422737 0.352003032223983 0.999799006434798
0.177305543078503 0.552373523537046 0.162242306759452 0.69354731231445 0.25041473583608 0.223886300672791 0.207384682838625 0.36339615607688 0.458438833739238 0.500460207206566 0.516006879964413 0.996331411580842 0.281608040530285 0.0585143976352625 0.813779154951183 0.362786693024905 0.484314527199055 0.627259764259634 0.0241262671196611 0.999999
0.0396953055664702 0.475406597707078 0.157171887669303 0.614666854821903 0.469332747300632 0.322511793419146 0.265663610068307 0.210940491755923 0.870048933930337 0.195417707896169 0.00672347444918258 0.498623393944722 0.0522535503343842 0.0646487551080594 0.464115138400506 0.0259878337032437 0.390735387372607 0.658873179409143 0.000545931898108241 0.99728443585532
0.184576989488848 0.551282449562461 0.42151345320323 0.837435795227191 0.764868783198935 0.522021818353176 0.0371313472082082 0.566185772025715 0.931700389184768 0.257638256025538 0.656139682092663 0.969197870056931 0.325570135225032 0.170549620588435 0.871459141585845 0.0125164067001741 0.61907852067403 0.505320917773991 0.938209035089928 0.95989520785684
0.303958378781803 0.634737193418752 0.849247549797257 0.881155141317986 0.926779964736262 0.653402094092986 0.188819961085534 0.88086273310929 0.597901280625007 0.752970155799889 0.722712080477028 0.983681671625897 0.804292846535928 0.157053136402872 0.530858976516249 0.72373117400295 0.716479675484798 0.278921495543066 0.0931047453700673 0.999357270614616
0.687834499350985 0.745597485525806 0.787639360197211 0.804567417781843 0.973970756879421 0.612224895219097 0.692030484814016 0.976998977298449 0.823573946811442 0.930179145015897 0.805015775105895 0.999165285154677 0.729621330728022 0.430732335937242 0.890416493589118 0.999575913706572 0.760635225666745 0.631856729462411 0.899026557224192 0.998787252045864
0.240952359543843 0.695252940771481 0.941718138648139 0.461441872622112 0.832280704802199 0.325350656200281 0.113113184852763 0.349258240623531 0.908645536409664 0.649141730161186 0.449954478927344 0.998455331797679 0.564694036479074 0.273791373147152 0.922336434809436 0.9893378539647 0.590738817010196 0.753838957384769 0.0118462838269019 0.109738214847364
0.0634425933052806 0.443044707750698 0.414844229606551 0.64240180152001 0.10121138212398 0.560897549583463 0.0155808691137927 0.0211016327704063 0.29497470421621 0.0227624816264617 0.0160008725144274 0.153938081525198 0.0479911370134478 0.036963798235875 0.555546537725469 0.00865692704534824 0.656220601902703 0.321110486325267 0.000376925178981691 2.31778741503916e-05
0.201878745145233 0.462339677661691 0.77990311927023 0.840821832889044 0.495318072673297 0.570141431392254 0.477722632538515 0.669598909276743 0.410536869379078 0.809543063860859 0.148248358487457 0.980600944169968 0.264815739681956 0.170954168715951 0.550112335504191 0.604591533210518 0.505849083077905 0.603061546166635 0.0309671054125226 0.979844251999607
0.0759629760387657 0.468227693818425 0.0634512105755958 0.779773014877724 0.310917261438517 0.106716362730699 0.0298185512172281 0.0446833089032628 0.0204627144338634 0.138778761425671 0.155882290309731 0.365787466723391 0.18254961710637 0.0214533021691481 0.378694589681371 0.970553117064129 0.486246319601327 0.316252381414234 0.959909586040418 0.000115625351472996
0.03961864868759 0.508704795365616 0.461910398206236 0.746323311456488 0.154510447692523 0.470971715462111 0.0242060412128298 0.0544664100369899 0.171318625960368 0.0296163016311784 0.0156053278954658 0.986383778654743 0.0852474224224005 0.0468624730158289 0.555193567762875 0.40048917184344 0.500022928584641 0.490777447035949 0.514854144392115 0.792375271943545
0.755930058027115 0.72852150173159 0.938491712360232 0.542550340660086 0.896576653971794 0.113022411411117 0.554970787989605 0.914953758853851 0.97776062660552 0.974942738029062 0.962519176783948 0.998256985402373 0.885879876138659 0.361716574879923 0.904890536722766 0.992368948499246 0.686981457761445 0.797784000002556 0.228586179087381 0.999995742852126
0.127799738419218 0.517586367497996 0.395501388192675 0.595302667411347 0.419553021476361 0.211257096925356 0.108067994303448 0.661809313993322 0.749458027867494 0.255753233691199 0.0685076154713477 0.99962388142091 0.087122466091276 0.0562067840578268 0.626478260975365 0.100958522511092 0.224574970641829 0.628005056117991 0.98911959635214 0.259708123395232
0.151219807587618 0.613773733865636 0.475004148155387 0.741071624160093 0.732639191080916 0.417079064675821 0.295965536609354 0.350070804681132 0.038521752865545 0.407610407467247 0.175628317527077 0.986422174734622 0.192744573979682 0.155249268969287 0.793039096057847 0.895834045209867 0.260904139727983 0.345943597007468 0.42785676408972 0.00918631951389402
0.0670050368454155 0.561158624604414 0.506512218507771 0.267761211952178 0.0631948751410687 0.301390210583402 0.0261942084832264 0.00614972783343858 0.961241333070756 0.106106215508331 0.0212828200293157 0.959890960418332 0.137632320118802 0.0397658412819488 0.221768034944175 0.357529744006051 0.409434056602166 0.347512422228823 0.00010962705838418 0.0100196599492551
0.0158621545818079 0.44602503558667 0.0600820596670768 0.51856766288935 0.142923789451113 0.644372273749666 0.0024013707687849 0.090323236188819 0.0624775268437783 0.0215840177611949 0.00191273749052344 0.0745858565334831 0.0156959131045285 0.0296351570026832 0.402351223713883 0.998948471622605 0.395918422552521 0.326990645149232 3.93130406052156e-05 1.10289943357824e-05
0.0649499376829815 0.625684875921607 0.462332891119118 0.604709423271603 0.56848364634953 0.161918587996594 0.170405645364534 0.356266476568961 0.049239174411138 0.24553616254442 0.157405322606509 0.973416841500317 0.184835019788414 0.0448450125733509 0.583750909901781 0.268773075655676 0.383067471467813 0.152713460271197 0.000346060900043694 0.00301127970169771
0.00421054380906482 0.383749809081183 0.0482535550259698 0.438348481367506 0.0150596115693317 0.466506600481709 0.00688554624227465 0.000888403532530167 0.00293187028817143 0.00693758143587294 0.00997596092494112 0.144910374308567 0.0114911119264084 0.0173570813828167 0.13246846905263 0.000329639961467964 0.110682258035883 0.258611105666824 8.67514189293711e-06 0.068882767827881
0.23426756998796 0.572670536874583 0.6743515481815 0.769704287489321 0.660379744294738 0.217645796046822 0.13238452103508 0.8346276406846 0.920979340018755 0.747712273157907 0.433747804613015 0.986862480243337 0.357302472452295 0.174041108772525 0.452417825197924 0.791426113543266 0.526486514265682 0.659349438055139 0.96567776194055 0.0284449500750138
0.451938555576027 0.645410161002673 0.523291777099422 0.715684876653333 0.764577852845312 0.484370289281734 0.112899494578178 0.819170429715739 0.893590824983344 0.867079815510922 0.734981165840201 0.990877538691584 0.525033036525529 0.142237209068131 0.699997926595378 0.940102687070877 0.474740723805345 0.692820800323349 0.604078247718743 0.999988869267756
0.389457194649201 0.547962466334063 0.790860765429231 0.762470843612261 0.434740292734966 0.500198419903947 0.123997129274662 0.81590550258476 0.979230986302491 0.819044133492222 0.757648091814081 0.976952863816948 0.111845383833 0.193334809258514 0.894804999277795 0.614656350030808 0.568755217018657 0.784866546444422 0.178112151763303 0.507395976439104
0.228899201453979 0.511123674098816 0.284919574819332 0.442514903156144 0.912666210218871 0.260714635494176 0.228585581453461 0.549343863461998 0.470235288847581 0.396533882276653 0.961899544613062 0.902936985816208 0.275169164832575 0.162976436785621 0.458803863237916 0.990897601186991 0.348196260809328 0.627525862078469 0.000637726271847866 0.999946119553445
0.133756453051238 0.573776446564626 0.236081617040253 0.522880122133752 0.245675613449776 0.146963792809511 0.0186520864623591 0.644032653823223 0.298224854799945 0.137911652013949 0.0583754589758805 0.96851157368864 0.273328886166868 0.18646009216527 0.304017357754648 0.0141392630448161 0.438490249690221 0.24373164330584 0.0200886228098938 0.979392005426857
0.049358340768734 0.471645906665428 0.678547624637072 0.55977695394114 0.603031730755043 0.220610378525731 0.34242234901617 0.782750236902358 0.0785028029282667 0.0853495559568382 0.047130457101277 0.175088220980089 0.23748030409135 0.152716048183778 0.304750222632457 0.997871685811542 0.437017122102219 0.409604704907209 0.00052913388380429 0.0168760348931174
0.362840514137559 0.723655961028688 0.695332169279692 0.629579527434053 0.655079759046899 0.600683138120946 0.337918022775811 0.947170931458073 0.976144222009074 0.685262548667058 0.826497807678683 0.994806018897049 0.419066754109018 0.23581690091301 0.78562831125848 0.996972531149473 0.576442095599896 0.682494623342534 0.951387524522425 0.0131702746253562
0.535439971400459 0.662986438646124 0.913232669466041 0.560618492820827 0.997810888501584 0.458351895869923 0.317664468843732 0.988596934136811 0.696660480455442 0.986190233790035 0.969845292018505 0.991704629781713 0.747862267858231 0.636210159510363 0.950132040057205 0.99664215510452 0.529238464332387 0.642774598435781 0.806935354800048 0.997206371278277
0.457968245080755 0.648385383166421 0.88312846971351 0.821671936655555 0.959766954913036 0.182567883487579 0.0383644804752453 0.959136324871333 0.795726208271036 0.773533613198541 0.959881540368425 0.996198292960858 0.342972477466655 0.201481314454214 0.957540225972729 0.902119021821291 0.778953318316189 0.45124697303632 0.927162599644288 0.161343096946281
0.372082105670498 0.656774774060219 0.897280553264826 0.216594009520361 0.729045786888089 0.635454540553247 0.640724755876256 0.589867534933548 0.634104922164111 0.934158071080321 0.704724532915465 0.996772640574609 0.583055791361633 0.250696641512781 0.683527544984319 0.917296499644159 0.337297383509583 0.774684480443353 0.11924547402968 0.999990859514068
0.103245471019895 0.5771335632796 0.744553376468641 0.734584099530097 0.0349046853941548 0.554133832804837 0.0456478577023325 0.00754229915732353 0.796774304335315 0.35835011640683 0.132689434107373 0.531297786597516 0.161510308643044 0.117938377995098 0.543943927244159 0.245712705264175 0.398828035248513 0.470272552355549 0.00549375134994272 9.14033642538893e-05
0.00980033460844366 0.352358271918399 0.188422128908564 0.788335186432284 0.00788876821376806 0.298407588657881 0.00288975674080655 0.0127274105925631 0.00106074177781781 0.00143492127561357 0.000954892006703253 0.0410376300566475 0.00478324986469067 0.00679664734317835 0.29812114949667 0.00176549728657174 0.306877386808508 0.469652944360179 4.75264381880002e-06 0.000279845756740384
0.117812185278844 0.510283609659165 0.690877181848708 0.41559709620882 0.326278759983505 0.588682088383196 0.0585482031467578 0.374713746128616 0.0217624266190479 0.309072827711877 0.70137337887353 0.930198069243073 0.288504156625622 0.169393525912348 0.83031840782128 0.865204634234409 0.194213370085643 0.45989478117505 0.108538574547614 0.0899603870060532
0.0113958710939304 0.419066459960653 0.273934839003118 0.503081430740715 0.00847676460560796 0.199279826191566 0.0082773245944262 0.188947206401637 0.127855330543745 0.0318480127784098 0.0279472807668359 0.997167196928041 0.0351331742296248 0.0244589142692041 0.244391141677652 0.917445811379714 0.47866974029853 0.238760018805923 0.00457259706662747 1.07482510876356e-05
0.110521123624164 0.633047875866402 0.815821169677299 0.700566862315071 0.136822232840698 0.399091308547274 0.313967934771016 0.398109010931094 0.964218439858054 0.610461693776291 0.450673955277504 0.992553940196359 0.330492545854341 0.270512116916326 0.660146984823555 0.9994464602766 0.432089491627383 0.727604338933955 0.479532019738338 0.826358671574813
0.305383729717718 0.696651695095113 0.686482671411095 0.520417974205102 0.891269564298745 0.503095347363784 0.566183487133694 0.925649435262968 0.290747452648771 0.546953008560478 0.560537418919843 0.998684365431911 0.198789528737387 0.120027399384605 0.961630630217153 0.974822860836994 0.50322282297876 0.512688364379096 0.27544656864209 0.619669811610867
0.820499833403396 0.776626229013709 0.846780665496376 0.681755406139567 0.997202376255887 0.0578811849618376 0.882860813902296 0.987890781269756 0.995723020227287 0.987882817141691 0.987387839233165 0.999868372205849 0.835223873269074 0.465273613422134 0.985082104780811 0.99978456451252 0.693749214014268 0.868504214521877 0.840213995875457 0.727030312399588
0.0628025438633892 0.609369825880877 0.134961193273942 0.655870682064155 0.349923544215424 0.538977522513697 0.133997359113233 0.324583689289058 0.200367290926304 0.445423172010542 0.194935353498525 0.959419536666387 0.0954606984843976 0.134718504178085 0.372769415972827 0.808845256754523 0.68466919892023 0.412186773536799 0.020343501578226 0.00376903095160757
0.194876067195455 0.62668254424225 0.865479239277696 0.636530020323913 0.491368469796588 0.189359798069244 0.293059736957615 0.594150116475139 0.961603764077316 0.458576114706795 0.618708732504753 0.97871419735191 0.25367928444454 0.0988470683176674 0.190573145567444 0.980209213471402 0.71606203144571 0.637801983475311 0.000622506127392643 0.998867005617721
0.0288878029532937 0.36488156385332 0.160868723237131 0.793605026694521 0.00156260348543361 0.0886976773434118 0.0254108745901866 0.00935924193264972 0.044980482493946 0.00856782499529112 0.00320330414678911 0.378149361868349 0.0134208318611626 0.0157000519199911 0.245518408320157 0.641146197587395 0.633765343983056 0.365964640414582 0.00335054845886436 0.0187755956415593
0.339843331199611 0.664934971990029 0.204717903256044 0.772428282275447 0.449796315701773 0.783930777509995 0.303606646516852 0.505764066425637 0.75248671367629 0.245004005265382 0.458534067809908 0.960517773575074 0.369296755694818 0.311809028571969 0.640905762281749 0.996806071158286 0.496883404792932 0.663327888137762 0.525812942844727 0.450385265594227
0.501490709676907 0.707135643001162 0.856730663620409 0.871601139319978 0.988805445640981 0.259403379223605 0.831037597641963 0.963818984862869 0.999445050500266 0.963347588030132 0.991970966759661 0.997972827572141 0.65839665140609 0.463868273807125 0.802594444943316 0.798910662512578 0.72260805373431 0.754007393077576 0.999332701494575 0.696847809065842
0.129183952392158 0.651268142079405 0.44747741822674 0.445457875363973 0.683488382278789 0.707604315731446 0.0930370600022128 0.142164733363742 0.617356133583607 0.0941957634422216 0.0745673817172402 0.857923529377839 0.152475827195924 0.0813769651996615 0.713575194190326 0.896260008930387 0.346494413650568 0.616272399207922 0.141484965636974 0.518097085070612
0.0467611085055444 0.358834978144046 0.320696771984922 0.458469678279471 0.0228609136690699 0.43880248251065 0.0324744075071816 0.0875012503270158 0.378757272334282 0.0780363690475795 0.0992027962502497 0.84854097357491 0.0819183499761353 0.0440977982289778 0.239983462476033 0.728410214008128 0.416183891649963 0.405588589892751 0.881607554278524 0.322846582221319
0.069011019561642 0.561084153543462 0.305838605582149 0.591030360880622 0.796307820983907 0.125627423176853 0.106847191215404 0.274595860053001 0.507284520444839 0.426799930025095 0.170438071323761 0.775302350494072 0.258691748383392 0.14939342954388 0.743721746806632 0.994344631530007 0.81648507845119 0.341515773022027 0.0456893025527983 0.697443130396788
0.0728439021680771 0.494618909261842 0.0794255828652929 0.529206830560941 0.837488085041241 0.161367222778682 0.187627466136009 0.139634515988969 0.574082053485337 0.197462869488392 0.0322642624534552 0.591232714849931 0.0722690245908202 0.0758946072694149 0.551439920918124 0.273605420990051 0.393133956544177 0.199906302551233 0.398307562095221 0.198394826685203
0.382114722058167 0.673219098534758 0.844931372513522 0.83354155477119 0.543118675287171 0.376281803772658 0.362010966393946 0.893500391596247 0.941799982008558 0.915698901429401 0.969876751886299 0.99831572588806 0.417408875473295 0.335075368140589 0.720620964544986 0.971435141728576 0.513437408299546 0.721143866836513 0.999773876580137 0.971457299224625
0.360988973074839 0.67860034560631 0.225309699325509 0.849160178778716 0.964109789855228 0.165297481794311 0.212500989921751 0.41391944450112 0.816058534031875 0.59875895108908 0.6830344095146 0.980760519558284 0.331241136246136 0.209833950233297 0.362848185125015 0.591308936746752 0.323311984049075 0.74222505217268 0.662484365747285 0.999868088677314
0.751632383523802 0.829219244818045 0.863899630381634 0.726178435081825 0.99316207470714 0.659765642498806 0.870421839505707 0.997262720413221 0.994546372908369 0.973769171458955 0.944238051107239 0.999413937797611 0.861898592903368 0.686876579244835 0.874428238145057 0.999811362327935 0.8065787150789 0.708360840363439 0.0879331277920698 0.999999
0.403199105059749 0.789183797672442 0.350173137959701 0.572048712562411 0.820628638699294 0.408644657919851 0.174047759061731 0.73616399952404 0.998197272466162 0.883818886752815 0.787466042179671 0.994703170191547 0.57903693643228 0.156714043990168 0.870723739233936 0.999940647715006 0.432916610654953 0.70061160561831 0.990354219639347 0.999170670106959
0.529361505246992 0.774266839981259 0.806356100696628 0.526168783485035 0.92584813181764 0.356615855006785 0.339538013234381 0.831005249732094 0.0724373287852197 0.835049387947188 0.934678769971571 0.996074523716386 0.580948183364586 0.196917424975129 0.920646882879106 0.99805194072603 0.731670901998541 0.782841949739404 0.990359803517934 0.00262299263625329
0.324493249028386 0.734635029595022 0.584764650249746 0.738576784886802 0.977260522616719 0.645356248393683 0.200797137538743 0.863580630835318 0.876622248491258 0.960223779387355 0.892713157546339 0.879285913157992 0.457369504783128 0.216068891834272 0.610354843559907 0.99722554378911 0.489679313040398 0.580505954438935 0.999424974355145 0.853662040017735
0.162894307730185 0.567395613095957 0.710421215895561 0.623667631593563 0.198582660485007 0.146019559582251 0.101292901234517 0.341526235731863 0.013557150331206 0.181721376877207 0.150282576701888 0.130601374644624 0.0828405845703675 0.0947108666102201 0.388898429747225 0.0314921282224336 0.667544756536953 0.518669024707399 0.00276297517424521 0.00674008538223154
0.366501695966702 0.590138032686734 0.454193695918176 0.662276384832699 0.837807135306294 0.605272516802867 0.420972876358668 0.978962801165503 0.708698131710766 0.544440266743941 0.878671305243005 0.992102341489201 0.341681081054982 0.187950407762815 0.743412239401513 0.940221783690834 0.431700724978341 0.561929123422163 0.923169200026659 0.000131756597500585
0.594256129491853 0.814515771703089 0.608331830825142 0.694079002884561 0.992973797706639 0.637974169770739 0.56478715892971 0.965046102164808 0.872529401949735 0.766178678281898 0.951349510530895 0.999801428544325 0.57885246783879 0.352117220590383 0.92189723162476 0.999885233186752 0.607867052831551 0.630641490492843 0.999080172095826 0.999999
0.252797452835652 0.587394403799954 0.725030148646385 0.644415260288581 0.42573516358214 0.185289917521036 0.0150211930248803 0.659928861132802 0.906068150688691 0.483708641619917 0.614202194787607 0.370497328450679 0.08186177076348 0.136833661831048 0.520374955125608 0.993153759208434 0.513101091727769 0.401695027181906 0.600713760675361 0.000406018273032592
0.144527581438513 0.538893995390543 0.377451125406972 0.689747873800193 0.0124706623412858 0.262852362979281 0.344788299920497 0.546256330427896 0.234541413644335 0.160653837165602 0.149770525658346 0.874159110984916 0.179289067886168 0.0682828497935119 0.257666891646045 0.823972152101265 0.475058357991493 0.502913690014807 0.889994613799362 0.975556908470714
0.0461724673412412 0.442163868124268 0.220524263983706 0.785053659163669 0.0672860721519927 0.356313949641268 0.198300118342836 0.0611419197623719 0.640040476137819 0.00417984263287806 0.0156328551905495 0.910028407095069 0.138560557302907 0.0644897949947186 0.568274644445864 0.85922966311359 0.612096923056033 0.258352048525257 0.741857577573356 0.0903852428711566
0.644163791068328 0.714906725372605 0.788390240702935 0.614036881000046 0.980048183989622 0.347341894678679 0.575916552427305 0.740056450499463 0.800644272763172 0.902497613376942 0.960193090554246 0.959771229568123 0.633703007113384 0.619370577965427 0.77166851305369 0.998097369282259 0.368900227984193 0.768816286940971 0.990354620725829 0.999235984706217
0.264884915913953 0.628628825870335 0.843989134748629 0.640560547646419 0.779743810395307 0.433040135549621 0.71423622248359 0.955626394438719 0.820327475779202 0.891796523201963 0.560792148813924 0.971657172508632 0.383564746649711 0.402896634014075 0.866336271951456 0.999413463446244 0.371275419560564 0.693958319525987 0.00572973193240455 0.0795145485175692
0.203643456034001 0.538166066287151 0.819351688830797 0.610900198967525 0.57004930717196 0.136425855500035 0.0510769686895526 0.198684879482199 0.505320776337734 0.350333466328327 0.290691452589485 0.989970015749933 0.203552480666523 0.137362977020352 0.346029304999911 0.892151123759726 0.536940056096044 0.616816983379314 0.62054691609176 0.147137021000744
0.453201196534194 0.590706910104669 0.744501216478542 0.668167758725639 0.474822825966312 0.670599486825562 0.309658841660529 0.964713704694945 0.992196827612741 0.754502781613036 0.775644137248908 0.998833946971763 0.694145232203887 0.245167976050405 0.597833510560013 0.990232909815191 0.696064500351497 0.676384989670874 0.317580295752547 0.725101529421957
0.0531951052626511 0.598636450392668 0.738235496970666 0.799832329912555 0.0472707859498459 0.406376056646734 0.0729558362221966 0.280377779745368 0.0206893104181034 0.140022866684538 0.345079288565255 0.919535343964179 0.170384107221511 0.0803079375269757 0.551731556797179 0.96808428459148 0.634643662704053 0.575608152829389 0.964359910150991 0.80064563335161
0.681038042751881 0.690428417808261 0.84572220118631 0.441644177432378 0.977653545821391 0.261787681632199 0.469903960546723 0.920568037323079 0.972381359801574 0.688522477320296 0.82790661560272 0.976612511896445 0.635245240553677 0.679301175773826 0.890605589501174 0.941646803715672 0.656254110755216 0.767806813678691 0.533280848274666 0.999145293053566
0.614577117352875 0.656584121795668 0.911392029268741 0.678384147161921 0.931405082410293 0.19833332606761 0.296906116008234 0.886638325689776 0.979147681802894 0.676419515470294 0.911125766803751 0.949912970693799 0.416728334434704 0.235144945562697 0.658737630464092 0.792918327532351 0.296126017798998 0.749297791578204 0.989103306402242 0.424055993447446
0.0478165780589876 0.55434483068105 0.415653321242171 0.523528608804184 0.638207620498508 0.409401972911062 0.0899152052752684 0.258703513986086 0.0688832808162727 0.130062394498568 0.0344813703509872 0.889758478160725 0.0914608601884285 0.0523598045480431 0.418992031069641 0.995861342571986 0.456796433559829 0.365299016859053 0.182590552242537 0.00977387970720561
0.138972619994251 0.618056675698334 0.63092485338513 0.52855215577532 0.981438526048991 0.392798448308255 0.13499288776037 0.766016174850759 0.93954673200185 0.544344210148675 0.558564349541658 0.757880742672486 0.188050327296618 0.13890101132749 0.825845383601309 0.9836190955239 0.839631361268251 0.557541635070529 0.0159060535244703 0.103834385871047
0.154051516932757 0.541904568534546 0.859791788818372 0.596356740252282 0.528365769924272 0.383323628545766 0.173407057350446 0.142594867063561 0.958878393111624 0.31722066910915 0.107491767523408 0.676486860890496 0.276503605793446 0.276992281302699 0.179359071697251 0.998472901701018 0.569037089422514 0.585244418366235 0.877046450154231 1e-06
0.848362926512462 0.772545842497512 0.977274817477825 0.63643576869275 0.998436913954093 0.599062240656287 0.582553185244656 0.993422957903624 0.938889008854735 0.971531826427561 0.999636805669494 0.999757369283008 0.8938585185572 0.408967410304777 0.945982683863448 0.999314170338914 0.92245654197447 0.905403147180236 0.835719611121539 0.999881689142306
0.171959963685076 0.599010970798896 0.722708076924872 0.71450283963359 0.373633470924166 0.693282226095839 0.307971018259405 0.449434026029369 0.0972116512794297 0.334654630208241 0.202623385014902 0.950763017772262 0.199139782856372 0.0873916721266688 0.723371714397846 0.992808326786562 0.274778305903707 0.4438264192091 0.275722628774443 0.99425712103043
0.282087489757756 0.530806030955899 0.736206208935677 0.331411688139764 0.718187571261034 0.340710091439018 0.636206728457894 0.566354746144229 0.974016154905184 0.632622155441221 0.949471675581051 0.998126797565822 0.363170049808651 0.254314149704913 0.863285946135635 0.998755338887695 0.553348540637137 0.742812789419384 0.00309356961798823 0.995769859498563
0.0377273454111523 0.450310042261397 0.10079983023866 0.569252508711603 0.0686098283733935 0.23484871112114 0.0103421908521949 0.250243461293654 0.0361522877916798 0.0411876560148932 0.0249442078959935 0.798261114651233 0.0165923633714872 0.027164193166999 0.452138297326693 0.378776008710468 0.533649564855493 0.205161688602507 0.78136982047906 0.167230818689231
0.133994630500504 0.65552887811581 0.852586100800583 0.701689670663415 0.116624834579927 0.488474406132744 0.13382688177644 0.0384982244775927 0.52952552577016 0.124556313051739 0.0515466586758858 0.224539119110398 0.0704674839090825 0.0679860236151744 0.389022192294773 0.346617417263991 0.589770035990664 0.650486878372415 0.000165451559094605 0.704520994133639
0.0908249567688186 0.474539925988187 0.158405384387223 0.37227978746282 0.133680813455895 0.867705764635494 0.115165463048504 0.767851344212339 0.32239524613243 0.102615875647613 0.113089204357883 0.639346373650513 0.118241853062583 0.0378219649212533 0.363518176394227 0.993961009149739 0.32461380476087 0.450684233075552 0.00152743434957995 0.959754170095205
0.0353589769075519 0.519091564961864 0.550540416098887 0.41081734061369 0.10781200930747 0.664189760810672 0.278289414495871 0.0130077462129622 0.492330393766505 0.0628831135559857 0.122041719030612 0.906114724198837 0.0639365933224283 0.03761842639988 0.787674265302509 0.819875434871393 0.553703133434152 0.477094891997474 0.361474671823086 8.93049213215767e-05
0.140649456962462 0.602636187204527 0.829296392667438 0.548669673684664 0.376516825550337 0.744431039894082 0.251463091860343 0.384082172105796 0.70037307507851 0.479533884258596 0.378044349102415 0.998602051853156 0.146985279756594 0.116406486070484 0.65143493233413 0.754354033989349 0.644974132947448 0.823905118487125 0.440098811010612 0.00119011739260158
0.0279091008003086 0.398756787786387 0.0629782378723053 0.475074042224218 0.0406817209812243 0.0461387325441726 0.00676047559538337 0.0313468077877467 0.0098791455759165 0.0336686136429188 0.00794906206885715 0.657326855655923 0.0460736100364136 0.0187473347271278 0.187977496134997 0.979857118770958 0.289460419082761 0.507704274920677 0.256536783072384 0.00135926342739827
0.703935245342771 0.790052673982786 0.909589072509905 0.763841529703971 0.996970208943569 0.686876103574231 0.70300269267437 0.99041361848701 0.971568629572967 0.995445087736018 0.983212613886067 0.998455884384812 0.918360707953448 0.659220892654495 0.95616240021749 0.999850957720387 0.73205487963918 0.878114215506723 0.999783982205062 0.12363755685787
0.635473874785317 0.780145354141929 0.947446807176555 0.528519420021029 0.936420090931752 0.492517799174758 0.246142821755984 0.993883210592503 0.977838174018104 0.988460900889095 0.942193838543362 0.854280410522946 0.900411763938731 0.438820667116455 0.901050172691432 0.998785222195682 0.65376047502147 0.903037694833996 0.944239613260447 0.999955279044417
0.0264122191820734 0.358256107498446 0.170616193562679 0.526508413085454 0.0234188570847084 0.706062395561965 0.00496183398921961 0.0908595947380268 0.490215012426754 0.0072358838249535 0.000338233575633139 0.100805949846539 0.0214216531176496 0.0160002959122865 0.166023365226695 0.153929755067725 0.186344509962454 0.209579640417213 0.00808296785305417 0.0121274999335908
0.45546711714235 0.65300310560162 0.345469040359254 0.718506590892338 0.867464710695298 0.242677738180382 0.101509621411665 0.936311619511141 0.891742370436128 0.862468009952287 0.285680871519837 0.990716740463592 0.487552821956034 0.298701031761315 0.918083103865943 0.695088363461758 0.645693397177583 0.8216784005222 0.988674994061846 0.992499698625978
0.0850333760990006 0.365036143164621 0.444811133133844 0.267873792869565 0.0133242684373128 0.302143888811926 0.0325599080456087 0.0210051217147912 0.793387793489477 0.068779068127778 0.0171877455887994 0.902880782866904 0.0606770247728769 0.0200623336691486 0.454150089859565 0.248702062867465 0.332215767753991 0.214304506021086 0.0531055821518256 0.486416297707107
0.0634067588423543 0.53171128849468 0.561550355256129 0.750830360329361 0.0612307758914699 0.431430199635717 0.0696737229668705 0.548247151265833 0.929755831736236 0.0264107477638763 0.0270133176927235 0.883368549770587 0.034701889152423 0.03389617385179 0.403147566234457 0.868745798273262 0.268798645522797 0.298018813871185 0.00321331337073601 0.00319298626817782
0.0701063022523461 0.545728850630491 0.210170142389676 0.396912885498638 0.0268291927646734 0.200687943910472 0.0113322888505909 0.00383757201503132 0.0652302275896697 0.0172509944333695 0.0119765893291791 0.785547745866578 0.0557462443432316 0.0271710741993794 0.205219969314601 0.256567074449314 0.33991645847648 0.194288603614773 0.000685992728966484 1e-06
0.520127052886916 0.677789205270334 0.842281981690435 0.759424444658573 0.991094711984357 0.646171201028788 0.517276958351234 0.970059012906024 0.748218895854936 0.879918973112791 0.665072511938751 0.831745291562741 0.718388597593934 0.365260353011386 0.885932765603665 0.998075387008374 0.899357647836005 0.603618058969153 0.618837780753409 0.96203702788633
0.155480131310861 0.496266013900269 0.783194157018019 0.505009036507803 0.939197598132636 0.258912165493939 0.0276108178804484 0.135531569098036 0.235783194830419 0.444978586213105 0.566571336430207 0.995456540794228 0.224770707234585 0.116311126238879 0.556317760404897 0.767037025433404 0.457042006388427 0.435407146428253 0.516985428657394 0.799021562763845
0.701511259764403 0.770710262623034 0.902358684295923 0.8818212936341 0.908835972717502 0.161799334354068 0.869172826428423 0.766371436874485 0.68259024701613 0.948548800937292 0.808062014672515 0.98480032802978 0.571501754706911 0.428707236590518 0.933627829765284 0.995628831593377 0.3210042781176 0.746707191274507 0.969187605027485 0.997010011886059
0.0605950254350844 0.376071012386418 0.631718000258667 0.552891192926109 0.0101495982142661 0.322853854644411 0.00580840810943569 0.0183662184495337 0.309164461978555 0.0176565023723825 0.0169706782607343 0.0741209610749142 0.0449594934693674 0.0217422956633221 0.248594211936647 0.767350578870171 0.172984593845801 0.512398230096198 4.13970846876522e-05 0.00928921677389249
0.0873678482545159 0.574242601373445 0.178680776685096 0.615468038794832 0.334281081737199 0.159544071966366 0.0264488969046104 0.119546105773447 0.215437658365221 0.27504474767034 0.326887615002382 0.910458995585479 0.0368659288647505 0.0690552081864829 0.259597705913644 0.924559577708237 0.307803284546566 0.322371125690258 0.0579193811502695 0.00273828852497133
0.70184897159454 0.786854175527849 0.824608380757116 0.623853352950803 0.978479110751714 0.214331715077508 0.227365095024146 0.978218144866509 0.98972992208232 0.937783078245394 0.938109381516554 0.99868106469779 0.797903020446618 0.499085172131795 0.903031488806645 0.999981315732426 0.65343281720009 0.731079103752429 0.989372051651344 0.134906530653394
0.134063772353088 0.62144844732068 0.853070409544202 0.799815618046312 0.273471109066258 0.0505927329124439 0.294505947832587 0.624749356706028 0.757530111951318 0.137389150373926 0.279708605672998 0.99874933508855 0.136807286355182 0.0780873539638729 0.244136546916997 0.968053665294106 0.337347097818334 0.676392147636648 0.0871594480609865 0.993561426126673
0.122040942783415 0.573903393320852 0.894350818130619 0.5944035642146 0.413898666578286 0.386736436017263 0.0600399170978492 0.0403701646074566 0.586653843407354 0.178846215215604 0.297009071085674 0.974263004285535 0.183115719794283 0.0572231346783464 0.466826951945076 0.711613658921145 0.326156769535171 0.408746059493637 0.323639794671254 0.765502498856023
0.197140447700834 0.745271429858346 0.392725734118887 0.561281420623045 0.272317282380782 0.297479906316329 0.19122420881538 0.899949849805451 0.636350544186393 0.789862285142087 0.255774398039983 0.881899177325421 0.53439226881352 0.231325525641949 0.773171086999086 0.993594761958129 0.421472574058332 0.416617916468771 0.264121175808959 0.106183815632092
0.0312537618594902 0.468103703287195 0.753211261334278 0.650427408188756 0.290212675496547 0.309005357091014 0.121348171262002 0.452100863653666 0.409302440239451 0.343292513559881 0.0676534309917682 0.965604384162937 0.154362754546215 0.0511763537466179 0.777149719671353 0.384106122342356 0.529683573360825 0.189904038390212 0.985099870194689 0.0105615994953231
0.023167982494634 0.445054969314165 0.366439176710767 0.284173247309571 0.0154894541519834 0.444507820554977 0.0276548938582237 0.0063183394187211 0.00738682542700675 0.00629069697357406 0.00807589713533199 0.13634911531988 0.0185202736977698 0.0196401519807883 0.114543302239354 0.733187019313645 0.501338067983437 0.297972708222568 0.0353978513559742 1e-06
0.269505053927657 0.620104463638181 0.410397156171818 0.719004214286788 0.772807876072455 0.237231428414603 0.382632734183095 0.336673108254274 0.327801683561982 0.70837486505172 0.787278747887537 0.488802554641023 0.400661233675342 0.294088030091617 0.735338832836083 0.999100490929908 0.316461783601513 0.619245600886703 0.565854918771274 0.98728271277241
0.0187550264543159 0.489265629072886 0.101923277449875 0.717491891832183 0.118157266595507 0.226316323056088 0.111887800630003 0.280895474370889 0.0388389364058282 0.0655636623767668 0.0537911686560512 0.868567840664987 0.0808308791202448 0.0267219520497571 0.19641467801891 0.78839585708309 0.526342677851377 0.340199139846583 0.160061152084871 0.00277367771785231
0.132262962084358 0.586918772952264 0.659106710561134 0.649725497388874 0.198137350684011 0.386460234874683 0.155677023782285 0.903705589502141 0.21615267042065 0.335704859464492 0.53100823174757 0.953279334666952 0.349201482995801 0.128535389726513 0.711049067612991 0.971920932481206 0.222339844984621 0.599492764681112 0.0236766150080654 0.953591747093725
0.468035725113982 0.577803560782692 0.664933838600743 0.544141040552496 0.824316144455798 0.167885058162615 0.104283205122757 0.744872247847816 0.620081402370274 0.634580935839195 0.331395508815911 0.619363694063555 0.404136272776293 0.16251363256647 0.666614871539254 0.998552868145276 0.485375593166512 0.502910293000781 0.477140175725406 0.994833366327479
0.052979269447538 0.519166969551056 0.11342395521889 0.485611285957429 0.00724374658491545 0.39662387106017 0.0625934566260148 0.0809570071558418 0.101022894093302 0.0228091469862515 0.434452763435747 0.456129501326965 0.0559249906558095 0.0892470615324523 0.16589968552597 0.543862337522905 0.556619916856889 0.313479641733063 0.0041859141298502 0.968082261129772
0.137668504361822 0.502941236025854 0.23368597996712 0.772549776439479 0.0549161985697125 0.434791246820882 0.0462684405593137 0.422453559642622 0.965935220403533 0.364824332248139 0.650388969403097 0.925383220175693 0.075968231867131 0.207524488584612 0.316339240574233 0.983296804721673 0.157524674405997 0.36172036595693 0.104453162767402 0.0508538280682235
0.0428996295994689 0.504725681637948 0.0243227725370474 0.512796361259427 0.149478158794155 0.649027587996375 0.0446516454684601 0.0240305467810453 0.573636471900629 0.0478695855036221 0.0405444151818503 0.103829445229998 0.0363879027494053 0.0248668080172807 0.391522593287747 0.0914953596515443 0.220016453776883 0.302267756153441 0.0467896848185084 0.0140538012930851
0.200583962317933 0.607737723648372 0.453805796729248 0.540413526571169 0.659659497347528 0.383372975757801 0.101398150536002 0.414936901731829 0.204094902648384 0.284596330912362 0.791834928755639 0.769184294266834 0.264571367285395 0.160942693961294 0.441825690768645 0.492842360786163 0.433631329829867 0.711046831953915 0.000838193512255857 0.39934133372719
0.210096277716249 0.675128212478034 0.386985514943479 0.782204618593456 0.664077620575531 0.478328520947271 0.104440153066534 0.666950300112276 0.29468542631408 0.557945615067872 0.368322129562366 0.568531219601585 0.252145853298518 0.131496293943394 0.600885576974955 0.913433982938227 0.38162863043898 0.745214637650388 0.424427178371513 0.99698591868814
0.487558439647879 0.719307376491677 0.744306216835241 0.872702656510707 0.814998810124753 0.381755397787071 0.34075520887833 0.990674973597468 0.715210657171323 0.929017063330827 0.857813864775476 0.99990399855973 0.762672819292564 0.488897577549624 0.987825924625034 0.999506096047119 0.708551816645095 0.810794362766171 0.99819191995014 0.981640056931321
0.490492863857511 0.766004804215547 0.479530494690045 0.424715548776184 0.960168927876307 0.219295534951941 0.251392986879222 0.73589845063319 0.194536666935502 0.728899607989596 0.977162169854849 0.982955679211244 0.185884035841912 0.172597851688582 0.780170097614087 0.904958185239282 0.722437681068621 0.609142551067789 0.99670120484734 0.93420534906937
0.37879685977134 0.638583952286229 0.645495367663985 0.806936838040835 0.979924775943575 0.181352651528938 0.135399994352637 0.798743069041634 0.905019063122735 0.531580379756426 0.73999528772008 0.971670040776884 0.309877367994398 0.27756153841057 0.805001117029251 0.999204335957049 0.549837864107257 0.523256807417566 0.996915222907814 0.000566814000203555
0.0716969151439266 0.590621509242073 0.132967080750117 0.742797252332028 0.232589692361913 0.537562398208646 0.0554395376459482 0.331591498117414 0.927024567030942 0.190763351484857 0.747595810266445 0.994981099797402 0.119832451062846 0.0976536805209709 0.56006736298572 0.73814000376141 0.400925513703378 0.540679046174251 0.00349611412673223 0.000154938850296726
0.479612608692088 0.732095703010304 0.817215766362216 0.886763323352268 0.95423238862991 0.100601663553696 0.646085007556434 0.994021457197762 0.863767438538633 0.980526356960655 0.976269105079307 0.999916101511653 0.532857998458076 0.41804075648162 0.922273695531101 0.999625643688878 0.598087651070539 0.758743050157856 0.597619781433267 0.991434670089177
0.100824328540804 0.688078989222543 0.660288774305103 0.683359946244156 0.988968788019849 0.261175887143582 0.126237226532805 0.38289064237076 0.0945373226477163 0.657031728292103 0.595036011655328 0.98908116749695 0.266786756703498 0.117520516583376 0.519381644325397 0.987834865150715 0.411545623841425 0.384000959113797 0.00814785655032156 0.985360629998929
0.396286287588831 0.639472004462017 0.898775638352551 0.736111013344573 0.79432071023803 0.34448549996725 0.314719498515242 0.976865484698604 0.83404539798832 0.889469019785578 0.817055329437139 0.930221813926562 0.804884487242649 0.320034995589674 0.895050057881089 0.858353921367232 0.47195985672613 0.58295814870989 0.0192665022812355 0.999789216226363
0.0190449251989275 0.458203349611091 0.382798153758571 0.406890464611576 0.0342836783750624 0.34893111507674 0.0115318511813333 0.039585054427383 0.0347655154476879 0.0222840090932851 0.00474111833002481 0.539227568688028 0.0202688673683802 0.0160134112569406 0.0261137807700614 0.00544088011578155 0.274796250521415 0.243726004352236 0.00901310471146483 0.98685481842319
0.146480253524955 0.60815787681332 0.877763570905522 0.759824911211233 0.49692871405717 0.742152053176406 0.315408005816538 0.452650259345521 0.390823289545706 0.220083754300425 0.378765818759169 0.905443964620362 0.11944305753951 0.202658551240463 0.765496685529685 0.580346384908323 0.594063062416089 0.448770943216798 0.00862739312084731 0.999770091811565
0.396459607623822 0.605112705479458 0.838320558095072 0.442504909780712 0.592882257726629 0.528319964443114 0.423262885819477 0.5366530629896 0.996286441967472 0.668603008114551 0.380836786886104 0.424609350957148 0.514440099539638 0.148459211530572 0.806057761544769 0.574590298031242 0.796324523573381 0.700298552315004 0.0677780496714798 0.999985089338836
0.0665681867838009 0.476862294749772 0.518368816158545 0.637752134462829 0.402927418239617 0.273434833942307 0.1744576943574 0.467808343524432 0.49018215905594 0.118054647143736 0.423608367012033 0.721292582764572 0.244752160149916 0.164408838298202 0.0723333584619383 0.866355955499411 0.84126118831488 0.640808645766176 0.342540416095059 0.894848844065142
0.540947738143344 0.791198152728485 0.655066379880454 0.636709369031591 0.991592461985104 0.223129268712237 0.206261002124503 0.980754935001107 0.594596241705398 0.923581796903382 0.569878774695336 0.900013501542701 0.650284209032189 0.279025653774162 0.740706436622283 0.99993571883916 0.650587993237732 0.74213558387894 0.0156614263244939 0.95086392485348
0.125988478204104 0.673401017095732 0.555597514539012 0.617287071148118 0.480750221912052 0.613247696638317 0.288420909083864 0.375048255026039 0.99058571384977 0.695222587297174 0.1211892503292 0.984654633507133 0.25272814879236 0.242688198053239 0.478621798559637 0.996773087377378 0.570324119645883 0.390298601763762 0.782015282807435 0.993348449806214
0.166680203737635 0.720614563888793 0.251967201490894 0.782858213847863 0.849841249271328 0.517360184243673 0.172822889631719 0.739910800446639 0.831815880861012 0.951054253879515 0.769254952465934 0.607957989009508 0.599620908504934 0.317989923657936 0.777471529953223 0.999707047310031 0.73213435451739 0.747597629765297 0.69386271565514 0.153920807591243
0.186681134788203 0.533866914703177 0.677195888115432 0.740958735960494 0.13930899313225 0.598606631095885 0.142808955027133 0.272874173440785 0.389637875611133 0.0645725059354585 0.0927891757555718 0.48529740677204 0.136274368335317 0.0600527035591341 0.533696427299767 0.286785981637632 0.496861142363725 0.283019689889402 0.000291308107259536 0.999748798482074
0.641394943921106 0.754252365872059 0.970721782147828 0.679736311407026 0.987167440662829 0.580836297207127 0.322109149700418 0.911987111634845 0.638353302905696 0.662630199884497 0.821731165805958 0.999599431106858 0.791008513572608 0.379566185373392 0.9572442179732 0.965089624206604 0.786897424060352 0.649044640804497 0.998958794718874 0.928063266896181
0.0588911819339733 0.455119002226667 0.386415231799774 0.623907362275878 0.545306547964377 0.122106699804651 0.0200939062247704 0.230901254949488 0.0458771676886272 0.151754568972561 0.131375294165707 0.504431703583079 0.0518830700994538 0.051506875242626 0.241029212286287 0.302962337251377 0.567349596351487 0.409245055941717 0.00306134725505362 0.00387112859824025
0.112039735257 0.64625191862135 0.114857224431868 0.58520988124265 0.354326731947582 0.471426550371031 0.0195851876091017 0.228001606471772 0.369047587310632 0.0508144248504078 0.27180090753064 0.598890653299635 0.103338196550431 0.0608262714992929 0.584273425899155 0.924893914003237 0.312360362903415 0.649463749163367 0.716823895221356 1.18726585707321e-06
0.832758508524115 0.851964944474978 0.994320427555486 0.638450099575663 0.99796766913298 0.505520827694871 0.444847074381672 0.999297398140247 0.673171881323554 0.982739826442825 0.969565834169111 0.999970750309537 0.971371344925211 0.795080408925448 0.950393606314325 0.999231592054529 0.704513898598073 0.931691271387189 0.92639847486959 0.999999
0.454880248898532 0.813015513589594 0.789346639379098 0.609118813427285 0.351547104006628 0.679175050423131 0.072574155829184 0.926473553949837 0.28831372137415 0.623719727859483 0.973586669540945 0.939733699337 0.618486972614121 0.135489854551593 0.698031798444393 0.999940313004537 0.778118182519296 0.599835973076052 0.998498374964303 0.0776244768143173
0.696309281349572 0.801339088141591 0.895304975248623 0.787285337995387 0.548010541195584 0.825668245878876 0.538715761339939 0.962650218095814 0.924440368182299 0.83591448398239 0.987173203065924 0.96931811794167 0.688848405911713 0.463631829883957 0.906194956327068 0.996221529336782 0.674241665603776 0.816412895967243 0.996181874851043 0.0233604807414968
0.259883846518109 0.598251639143404 0.642222484022415 0.586462776478486 0.413094996615661 0.64200595267735 0.225090299312131 0.424501515372136 0.69460930594668 0.670581899080475 0.886358093696923 0.985315768803314 0.186666772758099 0.246109221873294 0.817224949741759 0.986447895504513 0.695609869719269 0.462047424197449 0.0128254293135759 0.691191876261921
0.0132381886150695 0.562829357325917 0.343361550652474 0.566001537245445 0.0457130554787216 0.121086866424823 0.0261284450410805 0.0434186044573015 0.0253467098396548 0.0311405816419538 0.0505668106571006 0.962579665086498 0.03350456481492 0.0248213031339701 0.517913639400262 0.983876954018608 0.262919369304124 0.257046331896805 0.00499616550045464 0.844909370779122
0.624831466564887 0.709368970747085 0.791215361818214 0.733824244494535 0.984650237742983 0.415861499815734 0.547631211784731 0.928591512560403 0.615032081105826 0.896974347347573 0.843046414453321 0.999122202721079 0.752881068889396 0.279765333140921 0.779206891580921 0.998438437539353 0.701946620347607 0.752552838802268 0.9997990594571 0.999999
0.228148111113626 0.591031758376015 0.855792799997618 0.609849631631547 0.899501117001755 0.252213250825991 0.187232803715578 0.835102679090719 0.310164675707001 0.562095917010503 0.284864685383237 0.997247737348419 0.348967918179457 0.144578802450328 0.651438660608092 0.967969416123642 0.846665224638166 0.572615143339879 0.996332933089803 0.000377740900550421
0.147782284509968 0.712334486060658 0.530075851715403 0.530887565978664 0.326826385964993 0.490946441394839 0.280452910036291 0.692839937796824 0.249574636092124 0.384521532557501 0.433758040555222 0.898626816056367 0.537548958802428 0.124241102664417 0.316204247430518 0.816383759523075 0.443121348103081 0.507355016322724 0.00315564827739692 0.00190060929177542
0.222615254298542 0.597625261898193 0.2075646806367 0.608887455019717 0.475892705050175 0.505796626850275 0.178687032523476 0.497873762671829 0.741572929884584 0.571395192730076 0.140673095658941 0.864889542275063 0.378638540090608 0.107556111855396 0.760149623029785 0.994749368963748 0.534490928867398 0.808884113578188 0.324189776231802 0.999976841028864
0.651903690796311 0.743020594012262 0.956288374958314 0.37628770436906 0.973922926355421 0.846208607757013 0.605469783144353 0.854784611629333 0.887207078638906 0.963316995316876 0.899426998337026 0.986992984658932 0.519579061907432 0.420645334925028 0.889997569946649 0.999893839176137 0.416477054123739 0.584642683555049 0.835187271244764 0.0505030232580925
0.0438247144100441 0.601750859965576 0.155963348437955 0.345250757597545 0.0820871729671851 0.434645320707605 0.153195910731871 0.487570813773935 0.916648980161225 0.340725908307865 0.366717579656425 0.217733902292375 0.16329627810793 0.105402293470088 0.394406806387162 0.941562224999331 0.216408297952113 0.377157037777512 0.923908953201944 0.991842020080223
0.0288381773222899 0.494618062264156 0.04462266432413 0.564154654007825 0.0160513999522776 0.1163180910527 0.0116051993787092 0.0349842115599364 0.18702761753347 0.0773551715724311 0.0308504602344757 0.0322476220982589 0.0162068089540264 0.0191982182783359 0.125055692751543 0.0351535574301802 0.227171141818955 0.294653874266131 0.000143651219448392 0.00340007954063572
0.0578253605417589 0.533927504022235 0.204016980781888 0.656889054435408 0.100790414231911 0.41655517208484 0.036000196421902 0.242711406432956 0.00239075503901065 0.346975003394002 0.127864897195594 0.993087987096504 0.0955555679251331 0.0743366619213376 0.353024107150108 0.192190206465434 0.322030230744123 0.500354679582762 0.865609672110247 0.999957240267458
0.0866861568013149 0.579892750983958 0.611080057981239 0.858096814878111 0.338589425448921 0.817630492434052 0.632407287473025 0.0798035838435964 0.813970124890764 0.415803954174829 0.289887318649909 0.898415118543966 0.327360565958022 0.129048040582499 0.947126907837029 0.99985891005016 0.591870678962895 0.597103097766032 0.102818714637805 0.99860138906873
0.133003794325414 0.583654628635858 0.749828482580171 0.602253628442726 0.55680759312845 0.613628547379591 0.120742577087915 0.606668587866037 0.896236131637703 0.339887650509221 0.506886356791226 0.991189263791453 0.0472049022373058 0.0807656829045723 0.454961115147863 0.983697419355759 0.663944333761307 0.37193739883713 0.326616726035715 0.0696759718368078
0.123932937735308 0.694227259471523 0.637976802907697 0.55723428294845 0.1031509155965 0.0399367541312706 0.0421887589919219 0.179742802166504 0.229114642324353 0.236138711387135 0.0142838949143497 0.961166212695376 0.377914341536743 0.142791511116381 0.6579986013902 0.857697956953409 0.251041990796367 0.39376186633411 0.00140244765954456 0.190000917262025
0.196837192813287 0.63243824478973 0.143994167478567 0.412233677978381 0.60233803293251 0.318275038761734 0.167900328695241 0.423910009810136 0.509166404532017 0.654659335633223 0.245177043930382 0.942773496964127 0.333899327693263 0.10268800735295 0.244456428570084 0.0702116073587479 0.614258797799142 0.2554892963385 0.00397967236797936 0.879852153252116
0.0492130372716129 0.477503456340968 0.20608934599966 0.789634008412369 0.315668438409482 0.0175458632207705 0.126117076511846 0.0421880084573618 0.0190057875116009 0.143337278385089 0.12646350374318 0.852027036393946 0.0802062414687009 0.0468301939685521 0.482225986668661 0.478855723474891 0.239988549135688 0.227463771617841 0.933269763679038 0.0159549064542718
0.0424899944562585 0.496396585610861 0.288995382469574 0.654907321367752 0.272885110226848 0.780119244754642 0.0658237814300002 0.172367964416593 0.463369236492172 0.0948602884884241 0.0186754973057217 0.989146945540406 0.167908421308375 0.0860086145276069 0.639798298124021 0.888034917330933 0.452442550785142 0.27003451151819 0.859375011514151 1.80522550580127e-06
0.216971518004502 0.636998020658173 0.19068571129193 0.529837152360052 0.451745869854777 0.324600670857134 0.331444511028762 0.746336934730715 0.979217313417792 0.618530915578888 0.128258396025223 0.971508700966719 0.156864508034397 0.172701685729188 0.284379177274063 0.97437530395367 0.483106852495658 0.581938918414846 0.610809072996911 0.0063137842457195
0.29001372089504 0.559992645711663 0.889179150542498 0.676376474873801 0.288134183593094 0.717165188794223 0.104544370102824 0.560566839674592 0.348719048725285 0.691889350247699 0.620704762646845 0.916299155984109 0.294255039520751 0.342946265038421 0.808619966115624 0.811084636617585 0.568641721926701 0.365456392711226 0.814274979525498 0.999969282595257
0.0964104137614459 0.490641368419809 0.388345274029384 0.300067398571547 0.376579991289409 0.274474699452527 0.0432231335554502 0.0232703739654572 0.493873481911263 0.0622323867883889 0.199021375346788 0.206997042807162 0.335699180127158 0.064319558976774 0.69373661072497 0.977341176620123 0.525881342846081 0.288266987815181 0.0201999670838462 0.113693384169517
0.163486303993351 0.605473878863991 0.706734642618001 0.524892964644898 0.836795883064732 0.470181296687192 0.289393923795949 0.280162671884561 0.997323196178991 0.73915600414359 0.79458092889224 0.932496135490242 0.468315608076022 0.125111757612737 0.469623518725278 0.99022552185442 0.241747726842568 0.574214034644453 0.379569305101349 0.521026427736578
0.114521702013372 0.552895882288216 0.832948454915125 0.822324367058581 0.152276434808516 0.294325014077695 0.0244109038537766 0.305377397296064 0.0508973140363675 0.29470350348684 0.353127493470874 0.638341727910279 0.260341181847505 0.0704994525405201 0.604754498971626 0.995659811823412 0.392557313888912 0.480575718749258 0.0322320801418799 0.958594119124808
0.0325889139461696 0.578458699439913 0.390893693372274 0.77436152199348 0.79884579076042 0.590167344642201 0.0851873424248503 0.0916421802663761 0.576369502037567 0.127757431284601 0.418516835284173 0.944217974821612 0.214779363026512 0.0610449812389741 0.696212745566592 0.579419606105451 0.519466498525894 0.462476723137024 0.00600513918101102 0.988401946796177
0.396367843881529 0.692631585911633 0.47114946910099 0.569735398983505 0.883330526012126 0.299197495232963 0.291803624541837 0.8205773336917 0.0475078161210449 0.845689735292536 0.762827292670171 0.975305407776935 0.345572817281237 0.176474925869927 0.91557769176567 0.998154168628448 0.524428594544968 0.754939732737507 0.0468637681096571 0.0930462712757947
0.0398396572359193 0.504344736281369 0.249959625496537 0.512045210066964 0.681280300423711 0.222117513228227 0.0102556923229387 0.029199556207515 0.275768016416423 0.0335065991057515 0.0116315849370272 0.39851935802474 0.0545187065144886 0.0361555379166757 0.275806187117552 0.0720401736379792 0.326453223259074 0.391168956731555 0.61187728666524 8.00781908344701e-06
0.0312200174226456 0.628176503181594 0.347950890369255 0.74693156636904 0.0888031533561764 0.5089923457263 0.0811326906348769 0.070192721211907 0.354092975668739 0.284801992545101 0.030673960580206 0.685297076073588 0.0647062938359764 0.0360053007904689 0.495703766340035 0.668731604482309 0.35470733370826 0.408031851012303 0.0978639240257533 0.968862911131168
0.0734351089371262 0.411061740306316 0.328435861701829 0.461826587038036 0.450002339543478 0.546334635059828 0.120256822292016 0.26124202420169 0.170545344590327 0.0167391956573963 0.0633834942078324 0.898824690649229 0.0632371775741646 0.0471094990221744 0.207198039842017 0.43601841909511 0.437138826351744 0.315854276234624 0.974863697226273 0.0906507434649768
0.0960706019229296 0.6088514430535 0.451490369580495 0.553267326161648 0.261366472790238 0.345197631010537 0.32690731802349 0.214748856773804 0.865524593744423 0.139902353245627 0.176545153395657 0.959117820662989 0.141261829129625 0.132909617731907 0.142672866437843 0.127626323061029 0.503198447473756 0.488281585737169 0.401074276278573 0.234439439460122
0.189945447037715 0.588614924586004 0.165899227019072 0.607400290863554 0.938301041430163 0.299276813431955 0.103338984016904 0.679350326808379 0.64414536058626 0.50793858838299 0.302234390465922 0.740611897761035 0.107689508160175 0.152474932561548 0.536033445349696 0.991654673981702 0.394746252975267 0.465885322154064 0.970757858248513 0.968575392184197
0.086984888847518 0.699623613876314 0.965803643269791 0.753708289351851 0.910349908529821 0.553859203890631 0.077538896750296 0.873368984695422 0.675545427497029 0.835799108940426 0.729278260841417 0.951873430803787 0.540998582177721 0.143821466412908 0.594275964655534 0.974948051109681 0.432198231374755 0.635577786967443 0.298001983123572 0.00508964002720531
0.635576444191948 0.68853731129781 0.612927231040352 0.682908413969325 0.551596691303083 0.466275521814426 0.285745293222962 0.983866770180559 0.818262329645342 0.856793963408088 0.916423543011798 0.999340623683591 0.374101863093711 0.324228927351132 0.954997809395042 0.975548860144631 0.753677720256693 0.734596553967782 0.838063666332168 0.0101474084788344
0.150146429532736 0.626420688545183 0.541223670596486 0.449807842341067 0.449642159007264 0.491953947951931 0.0949454860779691 0.0214123428069044 0.526610381557492 0.303752107964554 0.186703612115336 0.972562409417403 0.105562054389143 0.0984999694359678 0.275307349122514 0.910775804694316 0.64930528504397 0.572453550506507 0.813971825218766 0.846149522740179
0.0860927483811331 0.486592190866455 0.116627974982714 0.500024546507562 0.0955993927354717 0.259701298553022 0.0244407630475789 0.0738681241041257 0.272826354502988 0.155351004502365 0.0334100543859258 0.363644827243515 0.158878037121803 0.115056016116749 0.6260799627307 0.90725337563604 0.327120376788687 0.408492667812937 0.0225203527824911 0.234209978367865
0.0837691961435378 0.580568402960762 0.200951309967924 0.417231271338391 0.0444843823050912 0.207713931145412 0.0465279396581409 0.193521204858924 0.78451521065262 0.0694007733688304 0.138181407536324 0.0927861242557972 0.286615578684874 0.0663429284320967 0.139346442325841 0.683209221396814 0.793890115292506 0.777537362355922 0.00935557414997387 0.99255044741451
0.0587453137576913 0.460904807589022 0.565583660219176 0.590122497559714 0.859302666834619 0.339694369592078 0.239013109647044 0.749718811012945 0.0115072069787288 0.0744360685408853 0.499013514629536 0.348395871471099 0.0905833597028541 0.0490928251717798 0.649032425948382 0.94716428773008 0.207282477403746 0.389809798125327 0.876783478665711 0.972088293887409
0.099182225360943 0.702019855656408 0.298542413862274 0.564953649567422 0.641354351187156 0.619041686177994 0.3578299984181 0.598406051269028 0.896192943316965 0.835531660266567 0.906573215701922 0.986299149786974 0.592189669386741 0.26032166469116 0.817818545836306 0.924613499696746 0.645613560934159 0.684096399220251 0.323730643017411 0.03393059992953
0.536296955104413 0.625612018792949 0.819769255740077 0.558392287132825 0.290721988366716 0.295403169682649 0.367671258411287 0.677761673817375 0.986505612830588 0.794122978464657 0.75362760474129 0.997635081572988 0.246034913881159 0.257855233646065 0.815488056054014 0.985931378306415 0.232510489638051 0.661837359053953 0.0067167521555553 0.983610380883495
0.490860168757725 0.677794846266305 0.926887831308259 0.554612793997508 0.566065497088498 0.308652610496711 0.510644735834032 0.924877291381051 0.502158401612758 0.827953608162666 0.753377706444272 0.991603639223953 0.37013747346011 0.208385628945595 0.82582727851615 0.797140492245022 0.470726372720656 0.719377729356845 0.102320645265085 0.00247264579510019
0.0370795002378503 0.570095871248445 0.321598636561135 0.515214992446435 0.0257526168652187 0.102858020098212 0.152302264861904 0.0129982952595143 0.055466985420375 0.207484391879721 0.404970497084359 0.525463080043949 0.0779967705491987 0.105226886294738 0.725724428951922 0.857857216274593 0.253631173925414 0.64838560192108 0.00195799869285949 0.0943909440110715
0.0662729283803423 0.496022448535408 0.086365039825807 0.646124067703221 0.316571408565719 0.143095052968936 0.148253245962328 0.0398681584003799 0.0744330453205247 0.0449371981886494 0.0661677402551333 0.807066050230934 0.0888271973562168 0.0563357136781615 0.0847706496795581 0.381037784261287 0.386369676379454 0.478360157051086 3.66396215360808e-06 0.00332680351152353
0.418226162190564 0.783878305663199 0.449226932753034 0.640811894024756 0.91527413727241 0.439909995237182 0.505459433955139 0.82747149735946 0.792003854583962 0.926184222027012 0.899985482379355 0.970869432790652 0.492501637841221 0.24162480041119 0.821297692694908 0.842097267938261 0.791342437474888 0.718880233630499 0.997167419559964 0.0449112483644452
0.0744575814376464 0.71172785036772 0.687513703981025 0.654904618524866 0.110497852491246 0.430732915553782 0.039605338855426 0.411062403283106 0.152029299686111 0.180283024057777 0.462226955573065 0.981082246423358 0.158022446134197 0.181879470541402 0.829689887293967 0.939135478183564 0.552979269666533 0.599023058428358 0.0159368776855489 0.0423773271974372
0.246022243474239 0.519206052616004 0.657304864579888 0.667439375036906 0.213257750624596 0.469816716629558 0.110501288946091 0.489713524906281 0.124818732303574 0.26193028474512 0.453871845283946 0.945363856450859 0.0900275453131886 0.113253843405408 0.60685527822997 0.681389960555478 0.471930366446921 0.561422268776799 0.988787759157975 0.586724855371987
0.111689435258117 0.6334670477483 0.627364381193937 0.622047515362504 0.446113072161257 0.671640586677119 0.063890153930446 0.628688335239393 0.0607496084585012 0.180359831471857 0.0540943789657522 0.619555397287005 0.171254889392688 0.0803006140275848 0.407484782362628 0.969911908485181 0.611765665235065 0.42886491485406 0.000955633608865719 2.36873338228279e-05
0.0887325475726941 0.540367147787649 0.352969783394906 0.363193518016209 0.191152140375738 0.287490405164362 0.0470190248548558 0.306385411708229 0.207990823031572 0.195615048093916 0.0512926569257193 0.253691590935999 0.0765649029126977 0.094262068629378 0.438020143417877 0.233030755280233 0.394989462379851 0.311476429706056 0.653013649191348 0.999998055452189
0.633098400399348 0.791756658071568 0.701977281144561 0.899501102505337 0.967058187350459 0.344083785269518 0.71925690147966 0.804872340519439 0.55416304824679 0.931545042395679 0.884579904753612 0.999436494007796 0.750283386987246 0.436975241405992 0.990528394450471 0.998949588867237 0.788945034639016 0.542142506476337 0.377568675361823 0.999998204504038
0.0955368078195982 0.62853875737212 0.635738256602468 0.725095254985653 0.0810187290731077 0.158818171467486 0.0521291306241636 0.361364404617176 0.723304428023421 0.152094330700536 0.0565438133995047 0.678367227651322 0.360993643719863 0.114366687170887 0.578416967979379 0.982845948025903 0.515903733276162 0.305731957918534 0.0547167310522519 8.37441019447476e-05
0.780118811271278 0.792899270905863 0.966380416433501 0.719681512064753 0.991707847270363 0.731167794357257 0.751144091808374 0.974780355804446 0.964101476002801 0.973296282946763 0.966404403870565 0.998227288980516 0.910264051676934 0.55455431215272 0.96932408535381 0.999885530393957 0.623767425217018 0.70533245591861 0.973866693866438 0.943227358587334
0.0474830669184721 0.563863769633131 0.48133441539451 0.828609080817398 0.116396628125737 0.435836453552313 0.14290106334285 0.159271387361827 0.957900698107968 0.017302977558481 0.130160850849097 0.676472183566698 0.0299272567669915 0.0437302560767564 0.650840187773414 0.308004702110216 0.549545365855886 0.615160417062596 0.000233815288294459 0.00326844763263328
0.570512595787308 0.670930586066924 0.380110355228115 0.670757961481115 0.921216805370261 0.471060031010063 0.70908779086575 0.766805432169956 0.636347553542733 0.795932324305321 0.869909667074608 0.879327268836833 0.661676555150323 0.291150691741605 0.881659555480912 0.999433125271847 0.656011340782528 0.774142752245889 0.231348745414267 0.600595244658783
0.523410033772443 0.750397569004312 0.905605085199561 0.450775239647838 0.822218686889359 0.732997060352966 0.254851359526551 0.904526716338909 0.961858260627549 0.697141890763916 0.971469436095014 0.993496852288424 0.460603712461854 0.277955110170646 0.626874245643989 0.995325599724463 0.752189419886916 0.638399373589069 0.999703458405409 0.987151698717322
0.231410457724718 0.619407371069539 0.640010881617568 0.535927332895565 0.919180430449053 0.643651946267826 0.127574492145577 0.760304938324033 0.522585455501543 0.548792188119078 0.65020376296075 0.986456929430414 0.508924223495395 0.243715949110663 0.666835896200682 0.994019879222458 0.618670732634814 0.620883076999733 0.128605092787949 0.99999224433877
0.102571972591988 0.560601528340453 0.676542303811636 0.584830710562521 0.751033794361769 0.316076531134507 0.0973442596261395 0.153490095903745 0.621909041975222 0.0995306014418788 0.00718900972051872 0.975236098542499 0.0736223522512811 0.0853323185876866 0.448383590716737 0.87293858305896 0.444968834154102 0.613115608283518 0.000277007405903032 2.68639590479414e-05
0.254865881699858 0.522672595540941 0.788910437992922 0.782152339235844 0.845766866635112 0.166814445816054 0.272121589401318 0.949121917385562 0.102826159832856 0.419503073486278 0.673450092275275 0.987800479219637 0.137189349808592 0.0689619256040972 0.807942419482103 0.0191136069269127 0.511584273081103 0.451557080010429 0.00669112329808622 0.518974419742968
0.00752698831458217 0.30916303625478 0.026386642907588 0.555848096423332 0.117963231048149 0.750536787474186 0.00756285156323588 0.0527269597903814 0.314865827643842 0.0157578891488987 0.00171807294726257 0.227195761811328 0.0293107325707124 0.0202266726722824 0.348633227423813 0.0398718142330647 0.54325706238061 0.279573889960887 2.20246336883887e-06 0.812523418249775
0.127543368216041 0.461928109634907 0.594860966235433 0.452705279973825 0.587376006142317 0.0610511554000002 0.10088109982206 0.507180195257923 0.321211246827062 0.166833939271455 0.0576494928181822 0.292594855111038 0.199136427989597 0.0734388477497902 0.721934991316858 0.208988912830622 0.273181953290572 0.531618356809136 0.00662276695526836 0.00599125473039635
0.456691604550045 0.650142838368172 0.719268135804148 0.556182065965197 0.899230070142303 0.702504356583027 0.220985121982536 0.641811450712709 0.152587037444735 0.930301687057175 0.889528347177286 0.997941418214297 0.571123841933796 0.268169858530992 0.740477640671822 0.99117749368233 0.737603924934144 0.353519294380278 0.012406087449311 0.26661909857641
0.0902232029304118 0.318481133018459 0.172666931380178 0.734690327255065 0.0284750087626333 0.251940457437441 0.0464259257317065 0.217505918169941 0.391683230830782 0.0374343588172034 0.110564362709012 0.861667498487778 0.0324487076169254 0.0500830328903598 0.217031385021732 0.0779768531275705 0.251749329921612 0.617341371663011 6.27245191208009e-06 0.032772908964844
0.824727522024512 0.828478811727632 0.978332315777589 0.598011155889049 0.997348788183651 0.500694061048844 0.724444190487692 0.995789649551671 0.987487680347728 0.998744710785774 0.995182299771096 0.999957566053185 0.943369742746078 0.720202128436268 0.996984321981297 0.995753643858516 0.651143646366701 0.973177639070659 0.841386490370182 0.999998641582909
0.437079684907623 0.705705019783409 0.612701951757349 0.72133924352298 0.742914477367916 0.802696238188793 0.159014910735662 0.953603038223376 0.963123115128146 0.306957283844768 0.835255178902352 0.942895935913108 0.423283764576063 0.274620229589799 0.446212741417882 0.874630436168838 0.429909324934618 0.715727907105045 0.0500313345257951 0.348986079181715
0.366132084051957 0.679836811796498 0.932000525809569 0.326159644939629 0.948868290810233 0.414386407743404 0.53268924067358 0.978855588932958 0.94058296463382 0.933614079708997 0.934124285388054 0.996991327653678 0.456917872761276 0.385736428880122 0.67579694172444 0.996909992689961 0.339970901819836 0.723756669812531 0.906227095499153 0.999449631858086
0.28344369374854 0.655683897792065 0.605084490373988 0.575019350564759 0.421218008182876 0.887851419299667 0.0673140101222515 0.484590495073052 0.892598051003019 0.874949131797596 0.0784008114557177 0.946499992997639 0.275150363926247 0.141676601857461 0.664109732617344 0.886512288051446 0.280688344305663 0.458582653842381 0.410051284956246 0.985166407410951
0.261356377551319 0.60472660421333 0.52104286290645 0.215030065156491 0.903369445051197 0.217709789443731 0.377728985967098 0.439205859163558 0.560783812976793 0.347982763539413 0.310733646154554 0.926593933442142 0.153937950428457 0.0867786442627824 0.545859668292468 0.825697675547897 0.453217894028716 0.532306674913573 0.997303815630493 0.553763081572225
0.468333760516136 0.807889518865486 0.791052975548446 0.59308158180933 0.957941255379964 0.338939985615336 0.446105403401571 0.774029864787119 0.977250323208182 0.931171783428513 0.991299300317747 0.995667893184664 0.560211743884253 0.582194596983221 0.662668925022513 0.994978628475052 0.682222485216454 0.762696424683484 0.061472222054991 0.839534582220581
0.0985488843545154 0.451853202751468 0.362876142650318 0.709687125473148 0.768171055891133 0.42962464879813 0.0519668368038148 0.165898824738592 0.691498543704426 0.267654702180349 0.0946080503104454 0.472116977376416 0.0878987429887942 0.0350843974543925 0.6825125619507 0.821379637110451 0.459872923102235 0.566730925036269 0.0275376882287971 0.00430458359276207
0.306299701182035 0.576065374698356 0.624434431054477 0.395024577020201 0.0548596354154305 0.283121274727742 0.0267580103099327 0.124515768617001 0.935838048894287 0.26984256750786 0.0257746762148662 0.975963752627588 0.174450569472574 0.0550839611642398 0.370562806356068 0.0807560106276724 0.253580495418596 0.403696108600086 0.00257365888172146 0.801639335700235
0.0189074282882071 0.507094630778995 0.2108278475245 0.424583477159961 0.403869242727669 0.432100505441157 0.00550832572858212 0.00299318219178292 0.633697147108047 0.0150138002494937 0.00896090798162169 0.543036804413292 0.0596346786141551 0.0337854534057252 0.041739129047066 0.246434485874047 0.231873971991254 0.282606277241527 0.00832398814590005 5.08362379499428e-06
0.124662863954079 0.428640290337832 0.201827815290668 0.703483578420953 0.125171715605681 0.814054760534138 0.00479860394488939 0.0978675091984604 0.586199841619254 0.12373065648282 0.0101130164332604 0.379561043589523 0.3077569678406 0.0694420104044519 0.389054766686499 0.149456079086532 0.448267710370122 0.286261773161856 0.00166710994727825 9.07031790913199e-05
0.272531517806169 0.799759927009937 0.728214615923642 0.466126978431581 0.464980627003583 0.745459307428829 0.301574869870568 0.774532259398137 0.927268883187706 0.677275107080453 0.443764170716883 0.991221028602281 0.570307494977462 0.0711191234943664 0.473420271044348 0.264725782330687 0.503702012720645 0.834282165365436 0.788402303283857 0.00139632179773159
0.0201992535903765 0.398790560430764 0.252347076466303 0.561474832529952 0.0825239257387362 0.382900953457143 0.317669487150752 0.0540699664851129 0.00531970511195543 0.0682722137739338 0.00607585722309589 0.991570326918846 0.0343247059398066 0.055160460862993 0.120617792870922 0.0207163645946435 0.255635525964327 0.254806130118133 0.666938995128249 0.00385008992608786
0.0686690103725237 0.485789034658835 0.402602689059949 0.739915722472655 0.311310837695735 0.722365186816057 0.122743646162558 0.454649705039942 0.428674207647208 0.232525051268361 0.0519604895642065 0.721025037194814 0.169190796053121 0.0508204095789269 0.549415544976236 0.993394277679136 0.5211728548675 0.4487119199994 0.185230171575555 0.997832571532514
0.499971383747583 0.640440548848836 0.823410362547642 0.857303390088018 0.844577673598291 0.704097894625751 0.323608338059147 0.890966097529377 0.436140805836512 0.846159984588332 0.991410339001345 0.9499459740127 0.39328730913059 0.128620191479365 0.836495430233239 0.999809900886964 0.652087264682062 0.769006751387013 0.687751364625328 0.0508465563526087
0.241542934086387 0.571839406298782 0.531465188623014 0.629146981608071 0.842419789329457 0.502038007033682 0.0394360522022169 0.177245402514828 0.915764648219848 0.327072818473233 0.415712466685676 0.930155085974749 0.184656384273816 0.138007771732612 0.794129778654801 0.981827841036371 0.462696045682702 0.762886304587008 0.0209162587100012 0.00274251963906829
0.113406238133223 0.496524177659002 0.148906972897529 0.563700865358766 0.112205538029623 0.451364612428249 0.0629527414177219 0.574713471283721 0.25951503907497 0.175992002022672 0.211752321344749 0.92904563412988 0.10031686552543 0.091641283673147 0.647020063993308 0.720483669138677 0.24974946860617 0.283477576738076 0.0721183352332634 0.292526510330755
0.203412627454399 0.508296611253797 0.863402800487754 0.73308673545552 0.887573208514743 0.176277453983749 0.0853218207026731 0.467627675780828 0.93879786032761 0.289176733552398 0.144897677365293 0.849474811307939 0.0872115077767383 0.060179151147943 0.380348216854504 0.965257517816919 0.371788588571241 0.659370118315324 0.0753610622436686 0.105316619403416
0.322147882694501 0.58848629366064 0.977169213783843 0.779488792855913 0.549383994896315 0.576910673160206 0.125411067517292 0.130458287164724 0.456718494815918 0.370424699514284 0.52977228463076 0.973117059155378 0.389638043247848 0.200256147046304 0.518415958716363 0.732428145789076 0.604098443907485 0.53389787502665 0.165715949077526 1.50424441364035e-05
0.0924244263317918 0.431793647820789 0.395358281567305 0.672367237707004 0.328923641947856 0.0737704754819406 0.0308710653026995 0.333067582177261 0.859895836407077 0.152904375364366 0.0446768716883978 0.96472694482133 0.0962952800317703 0.081708486717731 0.775694290477952 0.973642094035001 0.471795267121779 0.487067243290068 1e-06 5.09699751318574e-05
0.228996349296693 0.691548562203294 0.619176897302367 0.911662059667773 0.768484414250939 0.472986977260572 0.0434074413882225 0.837965875683221 0.604486037724595 0.558075854696642 0.433122407710681 0.997786403638184 0.209881088260319 0.131416985489168 0.905243629300311 0.983099226445397 0.238679082540243 0.681533311548471 0.437318269587857 0.999891584596356
0.757774164955345 0.772839077076436 0.971232799513472 0.671024118179047 0.998133884253501 0.157480302201876 0.64817848139506 0.937445195450361 0.983023798056992 0.909998157540291 0.990954153036084 0.992906788370944 0.643074138769472 0.253409731236392 0.901456290150892 0.994667493681935 0.774399242808095 0.807053732573044 0.96191038401094 0.98017686646601
0.26352291894055 0.601725707165772 0.903219053711551 0.640819562196089 0.615271726157128 0.159832432629183 0.340212248488607 0.488375685175556 0.660614546688354 0.239679526392341 0.916818384375153 0.904029545267122 0.352170329300275 0.281781532662974 0.755686473699362 0.990616114269308 0.444655739499723 0.839302496540651 0.00824077395963338 0.31441810379203
0.0763234118810621 0.599942851046693 0.337343484880643 0.72766342750088 0.445300661645551 0.591633590532494 0.0443512843992547 0.368171857140294 0.156946166300796 0.504004553181723 0.35445983283912 0.929702441225434 0.396074570642407 0.105899887337553 0.16859724798359 0.650392637780316 0.552752439228855 0.522394308779463 0.00107958656015268 0.620039067862611
0.242339299469358 0.631878809461132 0.387778968238428 0.323163276277136 0.633421787095796 0.484097598243115 0.00254056617070861 0.459661062230772 0.06035470395007 0.142878699138507 0.243338639288916 0.986067051802033 0.294271262538987 0.0496107888936593 0.438491165105732 0.998488007359446 0.467384264472894 0.660129751343653 0.929871261161748 4.00753701684076e-06
0.112157578279995 0.463659242932668 0.450596673883907 0.510624442242274 0.210489849019234 0.433187842069533 0.0998769128709646 0.249057644280337 0.427913759178796 0.491893761082147 0.672883797986028 0.0711886525921811 0.194857239695706 0.172806161857322 0.212652298691001 0.976922885520058 0.245775387046732 0.515827657116446 0.1988280423524 0.00950591550680709
0.0920974402735024 0.427194466817167 0.342846541668972 0.516776472628151 0.166242614830452 0.397807930521449 0.0883742574977358 0.0382221483811297 0.933143429106403 0.200775603083921 0.214967669632171 0.60812874901529 0.0917858330750021 0.0459465848732959 0.342520408542695 0.841315737135799 0.680679109122282 0.220250116792751 0.204166709749183 1.66672134247873e-05
0.363120109216009 0.665216208213763 0.910326451823955 0.630700118896711 0.873214284186925 0.668804826236472 0.0867111224801045 0.913721038441271 0.963352250674088 0.913693823680422 0.733844747532333 0.902793823235693 0.382125480124005 0.20614357175088 0.931517448060483 0.998367976043478 0.472706683094893 0.688046627351019 0.750309010325329 0.999998737339357
0.456323966837285 0.621970308977514 0.56855397566491 0.621026296739014 0.91921576340092 0.56544421779701 0.254065757029826 0.897832634938403 0.922934916166626 0.715239983760059 0.9809456257955 0.998851705815229 0.575621351938287 0.313201530972579 0.79216744922511 0.973144378527325 0.295564006747817 0.851963883767743 0.0249271907145807 0.991386330491467
0.164838643646525 0.691700144010397 0.600587128854416 0.623563037029657 0.234096982820831 0.371985098771431 0.0865781233591946 0.0721247284306838 0.495967831434696 0.174432560880237 0.315590613262924 0.709435105145122 0.148898929811732 0.0483752583263104 0.850067020109145 0.248554250138206 0.362115549472896 0.449641748673663 0.00394247612849797 0.586401212903026
0.0692066162916448 0.536356146999065 0.120587318053066 0.593452400200957 0.440137542965386 0.378926735656656 0.0648048942362076 0.0121211893967431 0.936819981167447 0.0605056153626197 0.174093108065036 0.782266664067758 0.118825691088264 0.0842604957751407 0.599414705020925 0.883694730247914 0.270513422414197 0.348480852960051 0.218079529727132 0.899811349442118
0.18421422103536 0.561897455034707 0.648382351458332 0.535770122065269 0.725554369474982 0.336507616595992 0.114590313190862 0.667898060040272 0.966200698574618 0.355019556461465 0.726933058662632 0.993104809332402 0.160672532848044 0.0826465880491686 0.60466509133012 0.99480322598013 0.620598101528986 0.800590652338555 0.0015138950997418 0.000649015870640412
0.0255617078283993 0.409846434383232 0.479471170194224 0.69399922058305 0.880699568307078 0.142846424312009 0.0534983947043335 0.0697948982931384 0.206935150506896 0.0875471586750957 0.109348084510371 0.363516655182657 0.0598267696931508 0.0380110977584796 0.309390873136161 0.668751322680321 0.429441223671433 0.347754508814676 0.00112957078813164 0.223705185902224
0.800225567247483 0.793382305681695 0.932370467883694 0.625490866638473 0.98741301944528 0.328130972365664 0.856681461461971 0.970425267008236 0.995277821265755 0.72724782912306 0.696929230400188 0.844478434716225 0.87022491296808 0.305771675287743 0.978329460529857 0.996252480259154 0.810059464957674 0.818861023885581 0.286087565166117 0.999993665067289
0.0696398508220204 0.377572867793906 0.191944839968367 0.523377313544605 0.079176082963493 0.26493031327494 0.190196092859168 0.0364494006263198 0.562328380074243 0.0534629704229832 0.0177043381175916 0.271248299110498 0.0614551613950843 0.027896160232227 0.284579039283088 0.704413669946496 0.335810932116319 0.475240124497337 0.00240695636900528 0.00067449264731605
0.165162062343773 0.61442344389972 0.808249291701602 0.43277387172986 0.947493164644566 0.670108667769382 0.59744152631936 0.625882386010762 0.993243971337075 0.698762049936786 0.575571504329476 0.841824788115186 0.408533155804386 0.41199941567088 0.787763301307715 0.999910104461438 0.596278933358312 0.640459757055086 0.940244569569736 0.928032574870192
0.387110648476519 0.515494673156206 0.311105264904395 0.627918984722483 0.544755927030272 0.597120438209469 0.196463376201343 0.860474587438924 0.97487456802633 0.682691976481662 0.290479095633342 0.994473940175693 0.173122135131158 0.327595645583029 0.573990423861899 0.167007339381666 0.596472997465784 0.867879792723099 0.0175778729331781 0.999639010257643
0.250648568782131 0.539398550825916 0.515883010527199 0.568109146983029 0.324220903742522 0.526945420070272 0.0475749460365231 0.640608909539474 0.379306383449146 0.11397693165702 0.168965666173264 0.961574283364303 0.11800435790862 0.0266686518418262 0.4405602586699 0.917490091492069 0.458769510825645 0.45865958135185 0.108251339992759 0.997058424874373
0.203791576658171 0.60382086518291 0.208748035875279 0.682637768416639 0.364388204872442 0.399153843569059 0.036980892252751 0.532051332713188 0.406288243720498 0.0836836142470913 0.544326637961223 0.969727783251453 0.0826727772054488 0.101154215522361 0.426212241177535 0.352870579849669 0.456590042958284 0.513996873810906 0.0716378199351137 0.840501193543142
0.279546279061292 0.654072337343752 0.897883023025238 0.834967975643241 0.447220603877664 0.30761853590204 0.490035471874695 0.865012935227639 0.910652200433852 0.26925241176483 0.703060255392592 0.920824791720066 0.523930651802139 0.110822213429838 0.74272697954245 0.987850301760331 0.633402929947164 0.393483215993238 0.0257641775698679 0.995634166628178
0.612219114977009 0.651903603318196 0.873477253313872 0.878010209187826 0.932330221078411 0.236226069435406 0.446569427817533 0.994834306737796 0.998265367952911 0.919586638597976 0.983125131101243 0.982376967476904 0.48774517893417 0.358574580121659 0.828698257405197 0.974074840172269 0.68020330407967 0.896697445260266 0.000170562393653353 0.998590351795435
0.139113098641479 0.601591723525554 0.882418616444038 0.760935586189438 0.890756334607756 0.144534350596974 0.0544714766306802 0.905661194475781 0.660522944506069 0.64967702440084 0.772901489795154 0.949787329393079 0.534892385914838 0.117317449470246 0.821880472622814 0.948892005096053 0.518186210861687 0.881089355212596 0.000921552477851007 0.77196775591244
0.0784888873023804 0.509681698709278 0.141008376367982 0.785927437876244 0.245315189006016 0.148127128124251 0.0132719213504857 0.395592635095061 0.0456336613979394 0.0858606898814942 0.0813222113444046 0.991968267561197 0.0989538003031584 0.103676328808146 0.317329814541469 0.040282017273098 0.508359562127454 0.518421141535072 0.0906783209608132 0.666280315973415
0.104729240380112 0.537567202617422 0.669370275998945 0.692763049323203 0.718701860728324 0.469028137603433 0.023622003550068 0.190160528191077 0.410661516556719 0.112910482014155 0.805236502654313 0.992958520588939 0.155109133735838 0.1901569704828 0.436266186787644 0.377360471226135 0.267608703596215 0.438558514689945 0.00149445150251874 0.883882093473752
0.766172165807348 0.706716480611069 0.550226192573843 0.721863689413219 0.998283195740808 0.766256991628916 0.460846789862789 0.995602338054922 0.883447230975884 0.955548829886668 0.998876567396212 0.999566204807088 0.815771572785893 0.498736384387013 0.926902953011314 0.999742070166161 0.780372912203877 0.804858454826979 0.508657281003517 0.999908843434183
0.149095792465308 0.525896395440716 0.0794957833700426 0.4989188923857 0.106251257977793 0.618623625409731 0.0739603314195879 0.040517093854946 0.96138264676127 0.243946701746186 0.258620403784615 0.995452176425697 0.388446606410179 0.0902658064428253 0.619370447308987 0.598764724980912 0.586555689865143 0.404997864901768 0.607276671041879 0.241530609192952
0.130583387116202 0.473150742308618 0.877858437072428 0.714806956096669 0.079460533586969 0.230065265695536 0.00644016719764138 0.256223086850512 0.0179101365482014 0.137498989971986 0.127585771526877 0.817519946496105 0.201014911864247 0.0797744519132754 0.56604947738666 0.943631862137955 0.430263807221546 0.163606252643273 0.00388292180214416 0.745956637522975
0.247646812595348 0.635144340139063 0.616815149386215 0.705967546241722 0.870288982210833 0.712191029744483 0.0670670348630005 0.200377549621308 0.935854677795022 0.649547263641589 0.696898059837093 0.943145309456519 0.395021529704179 0.138775753353022 0.916559467634362 0.999459608912938 0.547044435386891 0.733419539138471 0.0012442700585048 0.970078534903504
0.0366588436420972 0.520798962841582 0.529997195598366 0.636493884714947 0.00860996616850086 0.150366514205116 0.0251026497966239 0.00618827413224698 0.120214498614739 0.00638418129706564 0.00447831786409163 0.088311514724691 0.0209300209650183 0.0152892008711179 0.208381052080503 0.182363395231886 0.408825992971358 0.286397670279045 0.329918265190642 0.00114165179718775
0.117335973048099 0.630455762726365 0.537746648193173 0.523257951796163 0.780173592996544 0.245537422469472 0.0554439568340058 0.735436693021702 0.934019197152228 0.185177328191811 0.483224080430244 0.98306771682259 0.0808245436842832 0.0495772164837476 0.668949846805551 0.911362819442714 0.414338609631887 0.533899949302747 0.431208684548571 0.99383777552935
0.0922890721429254 0.586978781798307 0.508669365177218 0.696900243842003 0.917635574680711 0.650004835638665 0.124954403065194 0.835071855361331 0.465762401353039 0.159504660864997 0.259401371568087 0.998803981502274 0.205817999045296 0.246633908554611 0.854963762199667 0.982383653294312 0.777711721554822 0.439495012981152 0.93615461417773 0.354123809581829
0.457382959085514 0.672110255693666 0.864378029456021 0.44206382939381 0.832484052168412 0.360928016920023 0.467581494404992 0.912462940787587 0.865865502778251 0.740041502332176 0.875612269172477 0.989116529350902 0.446437163004312 0.486214329733154 0.912467684620964 0.975880375529778 0.338775628289515 0.672237931766034 0.991634133960751 0.999999
0.124774706711803 0.706808772648966 0.846687361561913 0.645864772410234 0.405364835780169 0.151165314693971 0.0333440112137656 0.473796653061642 0.281377561783488 0.548737238992766 0.488608878138635 0.279179372622419 0.282490750860481 0.189091186822242 0.786964329695103 0.0175634714695357 0.494120278999661 0.540798091732873 0.0512441136896981 0.00349912247988891
0.0364250622806407 0.462032247694042 0.511712772044266 0.654109920089161 0.0293338681958418 0.373898925928412 0.0255914386696334 0.103123220760992 0.000979801199681664 0.0516187277951625 0.00631068191664759 0.628790473193543 0.0673755018579917 0.0176608087647327 0.679046592647746 0.883741138876928 0.208471993622837 0.354342379463583 0.0001770522155152 0.0828905287570424
0.500935615429973 0.588055486448924 0.316266486590093 0.790386625068109 0.9687480156913 0.278611159373453 0.310922794941289 0.718940322148756 0.405682602616555 0.788322751396907 0.61981576515287 0.997952667871087 0.223429408400072 0.297889403149687 0.598136670020047 0.999618330219835 0.651518797999872 0.781448817765292 0.000615299147660368 0.69163228954179
0.0337177611991529 0.587172764868476 0.0777685400244754 0.742027218265814 0.0161096234087407 0.234417313946586 0.1435785695982 0.0193937617067966 0.636953241771957 0.0709655122699734 0.325946319953294 0.999377608903407 0.112409859732175 0.0543073291201521 0.520923809906419 0.535489323668504 0.603698300748164 0.179034203649053 0.00916116190641067 0.939498724802868
0.492946543760388 0.695857084736467 0.612182523636866 0.48863169276266 0.869770001539758 0.435775100275567 0.149146022763991 0.7860333873353 0.982236687316879 0.816044172536399 0.391713926364516 0.983304297721772 0.115493659886809 0.171551719824868 0.843162467900935 0.981862939951133 0.462424594593275 0.581232175868682 0.163861613483369 0.525071036239015
0.622653720442701 0.75653607170179 0.93506028686525 0.488477251985783 0.993286338190421 0.474086838258729 0.518133885459928 0.998900042016139 0.982590375119186 0.968665946200419 0.9970965704304 0.999923190832639 0.817830949152843 0.532299583704576 0.898596416947992 0.999805501857473 0.670205479345075 0.788602244112539 0.370332265388685 0.999142969504614
0.394337601709934 0.69923567661681 0.533175865189204 0.5739218823479 0.734818546163303 0.605652063639261 0.109658357415882 0.988707993969318 0.947940446745974 0.847172003371852 0.858399990514959 0.998476875359605 0.470968117846958 0.210422395937444 0.918139515308426 0.995348242227276 0.298916487667429 0.611105359522339 0.989733121399305 0.999979547601308
0.108532540413712 0.625806279977948 0.60383992328507 0.564997318301177 0.0556444530124413 0.302493599239016 0.0377969873902364 0.0412739729301594 0.241422594573574 0.245157190530861 0.0391530250636168 0.281090911721212 0.258588405608434 0.0502407211176273 0.801415727969252 0.987189581944909 0.347235301468829 0.654977409486285 0.535310917320237 0.11433924326761
0.131001976967938 0.496820740934098 0.838852754327566 0.427379096794638 0.350473837461038 0.949544675773463 0.0112118784075248 0.639213606518452 0.731047299034345 0.463120434591339 0.259025133699065 0.625343095845932 0.400085593891491 0.111275805228857 0.774313977796582 0.582180815152384 0.741039349983246 0.618228140438892 0.157724927725567 0.996072921735767
0.0379097589958119 0.45869938995817 0.141543873668979 0.301229895373387 0.0182996951261832 0.452264697251423 0.0787133025351623 0.128652202334625 0.918669096796171 0.0135007743270444 0.00677091819706177 0.394620794486387 0.0294098888400854 0.0304379952036403 0.32645239135909 0.420509318940514 0.205042217111236 0.281236768651741 0.00187515463665823 0.0976190476165676
0.0673720192739452 0.391752249174753 0.334652788166585 0.723282020416102 0.754456946563351 0.517307020341796 0.294970956277723 0.0126992927613407 0.0358536401152838 0.137447922500586 0.131584122744967 0.868732448512889 0.0563631236680106 0.0538447499082775 0.50174347436957 0.65931863660712 0.403521146817736 0.482324030005726 0.000195828586862223 1.06372381074678e-05
0.100606910944985 0.434379267527967 0.578332465050795 0.77585326678986 0.0286131181863054 0.125305162990421 0.205773085220791 0.0745642790220784 0.801206808526859 0.113793847537418 0.0398482652736433 0.10946311656553 0.0384833906400071 0.0905216486981337 0.131379079943598 0.823027823411255 0.323980938408629 0.196725547458924 0.0239673021299182 0.025155848627558
0.0165259059362239 0.360278858925792 0.491786394819783 0.325474610210381 0.00277226177691063 0.591245394234954 0.0302932671399562 0.00528611923095449 0.0855408053089849 0.0100149573062733 0.0121641170243807 0.213997874123367 0.0193960101626386 0.0085191261063849 0.0163975625664723 0.0142891975470486 0.22213012824997 0.15566301067843 0.00246944260561792 0.000817176460755627
0.1017193588814 0.631555485794327 0.609060737712816 0.628793121612467 0.926882482215634 0.47317269802199 0.163379940554564 0.425279969372197 0.60021005006499 0.269667433452594 0.253603141872569 0.853761897968316 0.110844006049313 0.0755993181354059 0.699052412728459 0.827594979782846 0.57175713043572 0.446787571810167 0.910458104620135 0.053690862413235
0.118193645685687 0.667871549580676 0.280544152978507 0.604666989349201 0.039602222935624 0.638677348842462 0.304912031446879 0.743750466579991 0.912811001408585 0.467950236370147 0.383927879486396 0.998997872773224 0.197147140444466 0.221070679244349 0.515069342917352 0.369659715251572 0.233829206727717 0.401081429859751 0.0155090449664873 9.83894370015986e-05
0.315298451246702 0.747206084720698 0.696156786457649 0.566461684947604 0.989973116260664 0.152708264067979 0.958419339464123 0.762183282881969 0.990276172004722 0.879415098170965 0.362156922091393 0.992312273035756 0.487060435271237 0.233426661419749 0.837639360046777 0.99965639833384 0.858498868187547 0.842748468425104 0.0508029741529746 0.997546228087716
0.0122605405021913 0.192791161204322 0.0327053808501618 0.36219743305268 0.0192231275900772 0.232976641336914 0.00383193934818079 0.017331260541551 0.155618380706024 0.0052170131438463 0.00153865387962286 0.156712632037049 0.00653512191781737 0.00553693546114311 0.200961406179144 0.19370767725046 0.172604861693925 0.177224183332893 0.00116157331332177 1.53528670201163e-06
0.546939514787349 0.80854967021874 0.931626192255963 0.462229796241795 0.997255830984979 0.283786498215359 0.52152655156879 0.83627944858478 0.968446159576696 0.747076257547531 0.943398153111018 0.992731859608754 0.83936865113139 0.368472507325021 0.898428314546563 0.998895749865695 0.565150202892081 0.628985142616867 0.955707446235242 0.0440430956412949
0.179467692082989 0.606290699729167 0.69524793798954 0.76139644981102 0.284362298144722 0.175292632777801 0.0298719600825912 0.797401837752134 0.0619706132236514 0.542273679080565 0.412319708314701 0.944736711577877 0.0892459687872463 0.0898093060844199 0.846627936756043 0.263875642057043 0.295733476452084 0.686768467312119 0.00182537315590229 0.00256658577703855
0.106112812238483 0.545851904702229 0.648350950466588 0.882673997739948 0.608874654272901 0.407907270911485 0.122391089926478 0.937590234284139 0.104176032911764 0.25031784927702 0.226285600510306 0.900100333510235 0.220821178702874 0.0822010400473516 0.917961650888066 0.897749046381266 0.533259274117656 0.791198370328463 0.14118301818043 0.961095123879916
0.367156386089307 0.634498479250355 0.750198925876969 0.711011743084477 0.924480599877827 0.280418756002144 0.0634448506304499 0.188547689354335 0.607752868450318 0.636791827149284 0.953973378697561 0.997633843150222 0.278632123460393 0.185349551907932 0.427244225058618 0.963037493359501 0.671394455682689 0.709941605179086 0.98944946502535 0.276601966569894
0.278060650182951 0.584989903925069 0.949191005086209 0.745639310700888 0.937827956621054 0.234804733330446 0.0404342428925804 0.776307089166054 0.0902249507742756 0.928578160850793 0.661309182158911 0.99203060503411 0.307591690921124 0.213066933147129 0.95085385805734 0.991961124514046 0.744190836839171 0.524739448086515 0.842995114084545 0.324914869806149
0.0469073031160821 0.430254921757166 0.216500014257347 0.660984768054613 0.190940204404916 0.671950672446807 0.0304126738665551 0.0208576684296551 0.00379996221371904 0.0326559937526828 0.0105450274994114 0.78599488325558 0.0337761560776537 0.0158830739089462 0.463593111585779 0.697847343323482 0.326150026249824 0.269563089888422 2.81212585210505e-05 0.907192362076585
0.730457506598482 0.838506123446266 0.235578936019506 0.787286880244439 0.996672421071657 0.78083882288116 0.264242227378244 0.947904671894972 0.996830992230916 0.875462296635133 0.818624854156379 0.998182392905441 0.733158123911276 0.510580547313514 0.935393331558743 0.961430196768845 0.775613144477208 0.863771960693112 0.998434503222459 0.962651212677679
0.0623631570284288 0.518355814201934 0.287136971711321 0.679209037289143 0.101019976273702 0.529032343042573 0.115673125908942 0.245861765813255 0.13197169393565 0.133895108647628 0.0195280291140393 0.764173509514252 0.184918551458076 0.0574345822061305 0.278626231916042 0.159002539884606 0.278916138383665 0.498418137193416 0.00198096245044494 0.000489476655568936
0.0270084440998323 0.371848496304771 0.14555803342298 0.229148652581902 0.00666409062287818 0.335635067623084 0.0213627488453106 0.00164578258307977 0.0115903062676162 0.0245681082318706 0.000738158429422209 0.0718297319673024 0.0313293800490929 0.0331896816113137 0.15857422014851 0.0230312011578734 0.277896120158067 0.225444642893772 2.82639038914315e-05 0.00156835642601546
0.020599932395685 0.531348010239475 0.0234362890272882 0.573218022660896 0.195419790846626 0.277986280486729 0.0239438788524284 0.0891715850103072 0.325321957579796 0.0231966838253824 0.0234315190297589 0.790514468380235 0.0217815030806257 0.0549803312899141 0.483368502772236 0.0743800803933389 0.0989483494985521 0.160301236928709 0.000118558401451413 0.178816044815444
0.0643261572405285 0.426323192077482 0.175589838389525 0.250433210627424 0.103547858352305 0.292098720068754 0.163989087061897 0.210528921175144 0.980331675069474 0.0139899494713328 0.0118844570685996 0.834058869073472 0.0177799042234282 0.0398969034107468 0.166304178841252 0.962884733710146 0.145416289768639 0.26298364885011 0.248126468966878 0.914467413737649
0.236167647492106 0.643361500892985 0.569530031067907 0.667935139768912 0.959902167378898 0.248070450505925 0.794576357602611 0.715243099681599 0.495340033953933 0.643134973570614 0.707628083498892 0.931161245047011 0.513257839138555 0.358622849525082 0.884042153000102 0.987887952104705 0.726120538143676 0.691197201540231 0.0673563761975075 0.999956430976149
0.0215226857085129 0.307041962964888 0.207967580983825 0.6649857793309 0.275153386827041 0.650008305827587 0.00946212168212042 0.436378986660679 0.131936674350415 0.0306257874260801 0.300495947274144 0.457956518197075 0.0765124563346669 0.048266644250775 0.295441006920938 0.316095850465926 0.0992376528928205 0.483351706824898 0.0101872858944115 0.00793794539379518
0.163714723410796 0.626472687372897 0.240910228976086 0.466848886050995 0.897376478748336 0.185257335205773 0.159722957186959 0.46321975091611 0.281150141525812 0.363088079755091 0.525609714491516 0.913234224945203 0.0904605415901651 0.0890296913674179 0.778582715119728 0.456222526187735 0.433271764416812 0.259100504357051 0.827957027222637 0.245407061047226
0.0946359032680045 0.521163496587873 0.33756477592624 0.506931036496366 0.184166745039174 0.334111059478136 0.0496383563629289 0.17297007885138 0.0206598948789581 0.320147643338506 0.103249554299195 0.376022492475453 0.0715500387904995 0.0961262519806401 0.237545025277976 0.8856344681854 0.254493464430279 0.302153914191562 0.913741813191339 0.965718875329547
0.223519997631943 0.678507067476635 0.597919909872582 0.70520787004029 0.938377337809263 0.785702726788067 0.303283182671291 0.939111546037227 0.150068718393031 0.813446768300555 0.57871347599497 0.626342545495057 0.213741128626367 0.300732847729163 0.567214014262412 0.549455250309399 0.513047848528827 0.667323580505378 0.96007888230762 0.991213577253733
0.631363993240252 0.75971901596835 0.896511356235083 0.620812604222356 0.913631439322272 0.831400711957746 0.709568229188506 0.976727500273827 0.998602660003918 0.930991198245936 0.978119390016277 0.990825066660822 0.821475599021099 0.343200986883252 0.968536579169045 0.930995897346221 0.795602546357151 0.578495292842442 0.0883588885864354 0.999729326994628
0.147165138833337 0.680161070357445 0.169439818111891 0.881355875336798 0.0684717140328423 0.441102147261487 0.0249665228187362 0.763920655405653 0.106157684803206 0.409240324085825 0.319386540331033 0.988779181691144 0.121248048571109 0.205212626772658 0.514404285759252 0.979830977808017 0.738908001976197 0.432677334167006 0.218620776111992 0.97662347571892
0.436265655708068 0.608793061467124 0.463123116973098 0.742020635211746 0.641162421164294 0.550181175518005 0.248786307702543 0.910610326998029 0.863331646873521 0.94671802346592 0.552273240708037 0.994670187825541 0.408578823537984 0.296601805642956 0.691223726856623 0.99936474738255 0.756149146426665 0.685818925027701 0.113819956086162 0.0107587011202481
0.219581131782295 0.655370506806497 0.647653269749169 0.747945027826421 0.468058610427978 0.269210638494679 0.0742381333530117 0.0408313906785113 0.960033464520917 0.321532567470686 0.590666823579378 0.694410738634357 0.342120194794369 0.223848527542307 0.43665618919261 0.412454651768446 0.572581016768092 0.60468158658525 0.0248709445242224 1.83953278809513e-05
0.506697538718728 0.693933845163722 0.959127994460828 0.680005047324611 0.996316080691437 0.711168077833403 0.670440201182207 0.938900179053646 0.68482493993002 0.938799579769582 0.98991276474796 0.999162000055707 0.773257976437002 0.456782005870575 0.951729627098984 0.99993258540527 0.514776453329508 0.849059557512487 0.493560267218988 0.99065686021872
0.179502621187355 0.587064986750226 0.73959951098201 0.741255665001828 0.955965680209499 0.493550265697433 0.191259119073183 0.705553127355709 0.509570458412049 0.632770344554749 0.714847524679708 0.997640962918326 0.449740178583512 0.338214518364365 0.891578896525256 0.999596555011332 0.458068711695524 0.579682564283386 0.705561612927307 0.53789821314681
0.324961969110903 0.785214530047034 0.930420106254155 0.804327048316206 0.917858816542071 0.88036908131536 0.569471955174088 0.892317210456647 0.924711096177915 0.848726429334258 0.894516140914362 0.988721715523681 0.76577070799047 0.244349079999661 0.634815771146621 0.918826029172294 0.306085139475591 0.812246896602609 0.00713476024412484 0.675147519427295
0.140081745013258 0.522170696957633 0.909620003040241 0.847307572917555 0.745567789966933 0.547862003625041 0.129836769557282 0.319703738970453 0.667542769033492 0.535225601259492 0.210167747248607 0.997994046352025 0.400681455256674 0.256160458641926 0.405795569579169 0.889047422341102 0.629221060697288 0.608439536723177 0.189520805195858 0.00703887988469459
0.176521509047729 0.587277607876142 0.554667775478886 0.292227622680568 0.464234767377739 0.331061347347639 0.384809950435629 0.476161972644616 0.962931584768184 0.13478382570597 0.493053076792862 0.969999523507167 0.252506032839241 0.104748454362238 0.58161743724499 0.968053804126828 0.437482591906272 0.638346016058115 0.996191621401965 0.197775224945074
0.714185136594979 0.804076267731854 0.989125835957304 0.859851527478845 0.994471773133107 0.886347132193679 0.798027025381502 0.999090302663749 0.999186764691642 0.993843768212984 0.998682255632746 0.999046456349848 0.922442442303807 0.864676093813199 0.987956253163756 0.99883722679645 0.748425384771005 0.869615608160376 0.999890831591084 0.999980049778909
0.035044578347016 0.511607445945839 0.209565341690615 0.771382603831505 0.126568700064683 0.380026271023065 0.0161372289740954 0.0452627687078953 0.0474232975765411 0.0918855772928419 0.0356142364250907 0.279301214689356 0.0623497288156425 0.0253811208702303 0.142749294847645 0.955780686124467 0.350448716752425 0.630847386441026 0.9906834654286 0.997206246581768
0.118755756400419 0.569663458675782 0.484480965682631 0.456286450445448 0.554508976514531 0.71125497556668 0.405926284359136 0.257382162414389 0.962570974567006 0.220969775358176 0.770482434277632 0.726235487153475 0.476857953202947 0.152137011916218 0.656483745271493 0.491624367014289 0.626109607273218 0.378108353982792 0.00205155467739415 0.0121100406412796
0.332037660629653 0.648368775133121 0.812928692150897 0.600169401728163 0.734375170427806 0.736593310255769 0.099869037651517 0.907661499932097 0.541949325724801 0.286163037531473 0.363691789585226 0.935384933095639 0.414605327034569 0.251418669404999 0.798147411494987 0.998589722271565 0.416797938284707 0.576112856597377 0.868670403471759 0.999338870943671
0.441718712814382 0.735015309854894 0.956978279316156 0.56379836490067 0.91578085087238 0.688166066334086 0.209437119002952 0.374043675515425 0.60632482414442 0.861812359131872 0.846130780103157 0.998283039074215 0.572381728442075 0.22526659984595 0.897932045883479 0.919616013943344 0.412578551306975 0.676626527594809 1.91461547223223e-05 0.999999
0.0343039097340642 0.437552484876398 0.265432414900081 0.614584585224326 0.0232960893097009 0.390024916238696 0.0155614776398261 0.0264475228494427 0.0239824117748626 0.0396503364147594 0.0492456812223193 0.995454763206382 0.0415480682628846 0.0385110399516514 0.421130027394293 0.533834749851568 0.370274146121363 0.188638359989692 0.0151282933964947 2.9628266741499e-06
0.100130825400365 0.596969294824763 0.19912160812444 0.732596271633159 0.682023140123157 0.606344073574693 0.0169642810788256 0.176481127670657 0.378330645257295 0.0275406776235941 0.0130484761749771 0.900334154458419 0.128421776951677 0.0862236863497203 0.58974640441252 0.413091792357043 0.598074621426769 0.307401636241888 0.941623876692691 0.00146093346445296
0.518912237606369 0.692538380828202 0.658741241666264 0.742435774935356 0.857475632651932 0.512747004956536 0.120038853411462 0.953637982032603 0.978580988301588 0.875838662325485 0.780406264653334 0.997008690223763 0.416451183684883 0.298192132190198 0.922101576422566 0.958443676171904 0.792828869269266 0.739534690695773 0.912971844438326 0.999998218862584
0.193169915266883 0.61166196320973 0.179029328783458 0.622197233529143 0.81743185791004 0.336325856650074 0.083014085599875 0.611528820429902 0.780983099973997 0.453154120283707 0.327661124496251 0.369667227694301 0.393948692806377 0.0683394927500728 0.444372265378669 0.981488546495894 0.490437432527309 0.481771599840751 0.950976115452476 0.997466143193107
0.217415037624176 0.553376467300138 0.721008926991717 0.727815988428986 0.262022520462429 0.277829950212452 0.139471154789963 0.0726601242937383 0.0105498896570412 0.529346678325347 0.814350893814086 0.563466640109251 0.139785087628972 0.0990723355967799 0.33914814613204 0.724104107409018 0.259574966060606 0.599177864702993 0.105046086232061 0.441960674102348
0.4025111128432 0.748579187851344 0.884194581070518 0.669980791237992 0.817551165267878 0.458173420027537 0.662621662630031 0.932642522363243 0.865884828158397 0.777479587646661 0.906890089368066 0.986252502732235 0.577760861496123 0.368599453008027 0.710823772296443 0.999864224240723 0.522294399959608 0.830678044047886 0.969895528338195 0.999183620673952
0.109081886193704 0.562406782671212 0.0435400230488727 0.322926437278681 0.0908987496345467 0.221145949840387 0.299381404256379 0.107090623738797 0.865246495949633 0.0242514646829427 0.00603731100262351 0.433573610048387 0.101694827850322 0.0433978302992746 0.354436721819677 0.623683767586025 0.456561175568547 0.2147964209963 0.00101536591560506 0.996909557766374
0.228003695331748 0.565828517673982 0.362031579716579 0.82387122406115 0.13185644447451 0.881589005713871 0.0926740487627077 0.657497749229186 0.900179225477662 0.642235809484362 0.169315709677465 0.977630316619724 0.226602130046195 0.061386395708161 0.426750174842318 0.172661382858881 0.548227928402871 0.310874947108822 0.168509632440322 2.98574880846203e-05
0.0188537674341302 0.346097152971709 0.0599839153700788 0.792076429401668 0.0528574887583496 0.489179775480525 0.0235737022915398 0.0432052682043236 0.817767585921588 0.00101006689494843 0.00205668360470023 0.318122037531568 0.0154928081841019 0.0199814485001469 0.75612343279533 0.0953531717468351 0.149231157205064 0.426545272948376 0.00606824544215664 0.113103054411013
0.216652423631565 0.523876107238745 0.362485479827521 0.527019881297771 0.43119161656436 0.439809877522806 0.0200599753492006 0.0778500853384789 0.42624263444269 0.102724506229513 0.0252360383718116 0.778026684646362 0.318482698181328 0.067009849470387 0.54870092572034 0.594657499283662 0.372158244084567 0.265649870644057 0.0159644163034693 0.666413559441066
0.657275542694242 0.753910495369613 0.869809127448968 0.926198267678291 0.990496245880088 0.583618863981037 0.269162138428675 0.990815259672758 0.971813369303111 0.971602478105976 0.975451467356089 0.999145225634836 0.738031859197467 0.357758266764593 0.870721927263756 0.994518564043533 0.577763588780356 0.835608650738587 0.936496646599806 0.033964841354902
0.9369421197308 0.801816678985601 0.985850244339435 0.842734812617458 0.995943481219012 0.643829047010846 0.708391486402813 0.999689944851405 0.999861170490518 0.998277917518485 0.999835621054876 0.999662434500444 0.964567099649609 0.598962158156793 0.975313879773136 0.998233345603166 0.894871864520189 0.940482411118413 0.99188752342583 0.880115487702532
0.103692271630387 0.497163167036359 0.0429397519443241 0.57785546485772 0.141943694808818 0.281182032200362 0.0475731054500509 0.0319379982963409 0.237924180285508 0.0556629171695687 0.0895118902394563 0.978189020543009 0.0496509617962455 0.051657782715562 0.0804021912516343 0.964828042493308 0.123736764118667 0.398764733447018 0.00114003480068832 0.00993141817896928
0.0606357780300012 0.491508914600045 0.395992660767646 0.546641208098456 0.652439571648935 0.612129428087935 0.0943128362922853 0.0400835971365728 0.137556920346778 0.0979352411630986 0.0347790398294834 0.96636219145257 0.226394096384773 0.0700151502790641 0.807082173767335 0.988968753893417 0.343905752832 0.514508396719248 0.000983620173524877 0.0600299535149323
0.63400380953178 0.638368261151049 0.662912876314324 0.46920617640626 0.914624348651353 0.340611973901742 0.736114585118974 0.907941970994058 0.789608930948375 0.891353595085754 0.900978680558931 0.99792827273817 0.600006651841808 0.335049122354746 0.958917585874943 0.943224608912341 0.500384037206627 0.740234437184078 0.757289674920572 0.067603110296591
0.022432540990122 0.477584103297472 0.318624183973783 0.742064794735356 0.0995655653821491 0.310631312735493 0.0322241321151542 0.0296706460870933 0.258436002337153 0.0546185320508571 0.0262979916721089 0.757397643020511 0.0574326296185043 0.0559982958261085 0.218342640524281 0.262269307443496 0.243966923835175 0.369575409575307 0.000686922133799198 0.950885059752546
0.219006759405618 0.647693154819594 0.601379753031217 0.624023133802811 0.846207723004113 0.260641863658246 0.480732331537929 0.459366316633306 0.883025269930844 0.340475594595542 0.384935627148185 0.998801486384724 0.288152139024749 0.198738908091798 0.532068848047618 0.999588721378875 0.598011498532923 0.534205064450335 0.0398830726335761 0.00369628212062459
0.385068323773568 0.604920439928969 0.76525026645214 0.46352269902616 0.6870058546999 0.607055713324308 0.360598628314779 0.884024059732394 0.740449884031253 0.767312433001365 0.0860948130453518 0.881307076057886 0.36904524352478 0.348722459047511 0.327461342249934 0.995496194779327 0.653374033363046 0.636529523000518 0.128950066484543 0.49883227832352
0.0557391907292328 0.575360844964297 0.123310359166936 0.428281826284106 0.37951426718778 0.702726890006539 0.0454048080347502 0.0383471485238254 0.763523875272759 0.324903590549787 0.701745559482996 0.906073337251487 0.215871984279923 0.0696820356102119 0.46496745093457 0.963402906025723 0.336682131007716 0.490968272888644 0.000168906086397378 0.988786670268382
0.195288592014944 0.71985029917793 0.235079161792395 0.784288999935019 0.933600985477762 0.416021768733697 0.339458385413013 0.768175655747407 0.897540813906562 0.42033923293322 0.535510071654051 0.931369752597793 0.279333084155208 0.130518564621535 0.713492965875922 0.956455040006518 0.727311072348154 0.786057488602463 0.872191007422953 0.181085409985201
0.337156354600114 0.719723896490266 0.752050911104324 0.710188400936267 0.955026740148956 0.727554285516809 0.423521737963782 0.960605023442911 0.816409088082556 0.836832868034584 0.56798769806614 0.963297778552081 0.554806167233695 0.253660718468339 0.679293923795152 0.997713953495772 0.425084500145011 0.778501233905558 0.0888579500908079 0.0194232589225007
0.0508553765777134 0.431701426659356 0.741535116386745 0.808712507853768 0.351841784686888 0.264583764869688 0.0253490186983834 0.853696032610674 0.217217828138558 0.300464046346207 0.0719522118838505 0.0362141008650798 0.159633422206934 0.0668159393812869 0.335242927153366 0.156737881816983 0.221742860351702 0.312948558453637 0.278582510551868 1.662340342967e-05
0.148007687820229 0.522752116773634 0.172274198875275 0.546981316046849 0.802142599388242 0.710160012345635 0.276530180820153 0.49734671206629 0.0672918271256864 0.195077357264206 0.286713506504536 0.353617148125409 0.148463603190393 0.121130961922867 0.538384005240103 0.743945969911491 0.269121068457931 0.412286517484372 0.0218497951122444 0.0014158410407209
0.514451415543069 0.723928864371361 0.809977257010451 0.547118046893853 0.985552303684222 0.292623262577543 0.602193359337326 0.914627738375767 0.992910022476664 0.835900723079522 0.984559881753813 0.992731863860895 0.819648711439184 0.613458772528041 0.931594694333631 0.998569798619589 0.56679480696209 0.869371814751251 0.316956861209918 0.145266986001826
0.150114795975063 0.581387657833879 0.670170964681159 0.382932759895624 0.0481205696005319 0.350456879065794 0.091718050591355 0.0437809690576991 0.399432603765876 0.136432675376899 0.0970228268098388 0.564931501092974 0.19776383332666 0.0204784382485947 0.49160249969752 0.998766662153242 0.317219226501482 0.5799210678628 2.65580841815425e-05 0.998157336055568
0.121099632679338 0.610468645278322 0.473795970107173 0.669131592993829 0.344663548010039 0.313398287114509 0.410375618855555 0.925706465421741 0.339992993429079 0.304557888925955 0.299063221635393 0.991336592020206 0.172921878518608 0.139066569379044 0.48342567495925 0.821154469370676 0.730715635567789 0.430514256137676 0.0251256192919101 0.997805821678223
