0.535524891273719 0.803509200518207 0.511660254963588 0.843816399550433 0.983157798985557 0.515873933251497 0.101947619741727 0.928739702000008 0.997068621609566 0.83884565642066 0.850542344668854 0.998706039792734 0.616917424585797 0.29885503623685 0.943272491702055 0.999716375132496 0.727813311086542 0.812248148006112 0.07739455302008 0.00373098084030565
0.176412699408072 0.617168570008024 0.567803951292957 0.529156031356164 0.497490498402999 0.541519092047145 0.0285191682989235 0.199277533598074 0.0519764310351423 0.49751199619526 0.492450760160363 0.885927894478996 0.0985386482579262 0.147509834212049 0.497861684796133 0.728266211664873 0.239761077694714 0.591167215193398 0.000148876601389275 0.846120052227138
0.0211766518062479 0.393811401276325 0.224202422839889 0.437413089701707 0.00267500002490675 0.284765539142735 0.0562247898111742 0.00535925799816429 0.11663675975109 0.0236023412249812 0.0220308156137352 0.485316366847004 0.0459145275349208 0.0237527935044119 0.509244600704344 0.065845109132461 0.605143147384403 0.194809821311497 0.00122861253945998 0.000812074447019853
0.429573924462681 0.830770732966265 0.927570508325313 0.723985093315948 0.956683221098789 0.4083100514602 0.348149186762039 0.891953192908924 0.869174219017149 0.753852414165588 0.813596185697467 0.996197643471504 0.435575980651338 0.344612336932022 0.91414620842074 0.999465094946729 0.46969210952712 0.743597035427474 0.971398208923409 0.709449574896926
0.294232144771111 0.687811034870387 0.684515326350003 0.794622654226912 0.51811837878914 0.396214677102605 0.0935479010622025 0.84711250490558 0.775382293154373 0.603685345420113 0.925726270936787 0.919232320123369 0.553338338030294 0.241339027371915 0.937462723966911 0.991191984449279 0.442691792499608 0.424016641941486 0.999965255118577 0.999797876325602
0.0149723793571875 0.456810695517869 0.429877041115049 0.429967591205081 0.0689872259386975 0.311355256527232 0.0507598776987258 0.0219124968448582 0.0326365336621801 0.0787994175261541 0.00483191481937849 0.413493439795537 0.0687712252563226 0.0197674100043251 0.39165209575155 0.165484573012784 0.586682710636061 0.316176069394187 0.0647011972556042 0.357313577406952
0.13330720637756 0.654895598865313 0.525801022024331 0.435081156283943 0.694923157291285 0.257652523527438 0.160684349076763 0.759777534029914 0.986561324882306 0.585715142749112 0.29219063777684 0.983591548365216 0.683653842972727 0.165962010283114 0.52401248179162 0.99923643951574 0.666939881006307 0.840383793210356 0.0571101246023646 0.999530335120044
0.578703455771589 0.781999812065963 0.92363576159228 0.61016787788704 0.975825725100034 0.865955406787943 0.750824835995151 0.962256017834948 0.570523302420328 0.796194071659381 0.959596373470815 0.958680124688665 0.464057572272789 0.286209356665418 0.770158304684756 0.939875668103415 0.671442067548594 0.694659158250165 0.0625553060259201 0.999975311546901
0.135622083682542 0.495524544692396 0.582917210365751 0.702150612679308 0.580662685375401 0.286587700286016 0.0661440698123304 0.848394106312363 0.121631248979915 0.291679041515433 0.244811234725903 0.945483970197675 0.137798248950373 0.0651010907086436 0.48329856023589 0.967829594188694 0.366246340641566 0.331439615372018 0.322352826526411 0.887105738657756
0.0984618273881045 0.651133947978077 0.547083732217322 0.570534164113361 0.133217958742002 0.275945296868212 0.311621782288255 0.0385118367604953 0.255960612815173 0.2047513570788 0.67221426386487 0.93232916647952 0.365544697029773 0.0263482491209891 0.628640511731172 0.809289779469649 0.581364024061435 0.584402000284676 0.000646358913486223 0.931737150752909
0.185738944474129 0.574494487299618 0.572942802357097 0.458776897798508 0.383623849847148 0.234656183010322 0.136921050164663 0.0240870558003658 0.141032003016531 0.245086346196941 0.084953735522153 0.892641313661998 0.197244432898395 0.228700848473428 0.696442288382384 0.880919538217617 0.24039154272732 0.493576823080771 0.984760328177817 0.25180407717021
0.0536407419009717 0.409026826322845 0.638843133745024 0.324064003252039 0.376607962066443 0.43462717954562 0.0245536224989153 0.356212075020706 0.0267885760457872 0.0560853984540686 0.0256308884134355 0.981296234292006 0.0955465148118043 0.0913360299386801 0.20785071863007 0.00331729517925405 0.497380443802992 0.305046661602391 0.00107606232057342 0.197159848401518
0.0210886838840379 0.480692654515459 0.0939657178615659 0.515811925358097 0.591159699272701 0.645871778344485 0.0304758169486447 0.109938322200279 0.720904709262197 0.0945405577197526 0.24605293509902 0.825908272534079 0.105512579121677 0.0799930722717228 0.299638342887764 0.964082431365302 0.430136546922718 0.435346099623014 0.177174706740837 0.966842257926879
0.252568716752045 0.595248497751526 0.427444787834838 0.390517209408311 0.175560362032176 0.167257521279036 0.274815053135745 0.459455128697823 0.12262060773461 0.222788632253648 0.651311844544834 0.929102802252049 0.191542675200997 0.172297927297015 0.562413880999632 0.979695502534183 0.601046871012933 0.307100854321844 0.0872047682613898 0.999994389893228
0.110124641688548 0.549411186660606 0.299554470607688 0.73571666685058 0.208353637772256 0.156364539207289 0.0284734957085923 0.148875067470069 0.199653661215429 0.162052667199656 0.046955817988306 0.956256553988151 0.0990392260972584 0.0693391581829338 0.363907963433608 0.0338403653187994 0.586937988504001 0.676915866813361 0.0251792982194561 0.493569659011883
0.325435128177383 0.616736181830258 0.90337336975286 0.621119983679476 0.963335620549794 0.468129301061531 0.502164431829236 0.498223851849386 0.959614090954 0.882164187430403 0.863525484011587 0.999250970319489 0.543960653811505 0.22981135562241 0.811497615713535 0.999955432409518 0.392646505320023 0.60119611355803 0.493266208789096 0.992623680596613
0.221083631577534 0.572941745616247 0.0748962306068162 0.493463929754776 0.91703909964275 0.432881888502302 0.268250662310434 0.158663672534679 0.852640172906403 0.132636369690345 0.63365333112696 0.793092423046815 0.148553570621215 0.13928654611604 0.826219697591872 0.91296150072206 0.31210198188681 0.574000677780308 0.000509030165174219 0.825674482761735
0.631916424070758 0.683775672402201 0.905958040754651 0.778256888616626 0.91695174472217 0.479919767080751 0.348769680347325 0.822280480153497 0.342329914125291 0.852417289914281 0.986617614786147 0.946602130463242 0.581438632276111 0.300150631908215 0.56664638823094 0.999147567303701 0.480580279547751 0.837032146698225 0.999476604445239 0.926505140978701
0.269125349696512 0.607740633309112 0.668726703025387 0.841403569864942 0.75999053725818 0.213474425416825 0.216191110699924 0.989354680645884 0.720099614333115 0.761418847682343 0.580531519761517 0.878694907967582 0.138880325694375 0.258020572246559 0.778688699407575 0.603727563199676 0.451112059089157 0.549924889215078 0.0539224385921737 0.997092239726263
0.248077813499102 0.505555506611762 0.695923252235201 0.730292060587096 0.81717203604287 0.14026201121626 0.127997654948368 0.418932914301848 0.397451724394419 0.653756850517407 0.225504724577994 0.991507534474406 0.208324926700745 0.154335018197098 0.843870908680072 0.92268094739026 0.427094583062568 0.474094156934765 0.98796652996584 0.919244509233065
0.419562173610806 0.733169685711627 0.871393211539389 0.484835527164109 0.962322557945308 0.472278769707235 0.435681739730821 0.674857066966674 0.503712044572295 0.760814795527293 0.88390312380691 0.997301067349652 0.397662321595619 0.287839689137291 0.962479730452168 0.998832946787203 0.41214054251639 0.548192158246728 0.997126971051524 0.971146577654663
0.0528837197024164 0.538146087735238 0.229974501723364 0.808816133147626 0.371520541169096 0.644788626652355 0.0151741168959144 0.0553714995203783 0.533112828786718 0.0869968633409311 0.144516086817343 0.984298639328673 0.0939405608958655 0.0815257321033776 0.310270694125968 0.583883968849809 0.507173871523607 0.403006600023769 0.00273047894741872 0.00243301150729588
0.101144478744918 0.575982886753291 0.334609250164509 0.809368322448912 0.160640090369985 0.382180301451325 0.0281461580679996 0.506509728716223 0.0720061768214488 0.0291007351502564 0.0649677209077898 0.934284872599747 0.102072514881251 0.0530808571665764 0.450929217958422 0.790846114839757 0.116167034432072 0.158621500229078 0.00218453227297802 0.0065528591743548
0.136071242278285 0.674672984987398 0.92970085138461 0.849771217263045 0.426770269692233 0.316910724076267 0.170535215847674 0.954714514573509 0.999008942047797 0.320604920283919 0.171912578663962 0.585100162764231 0.341042752162047 0.136150496937556 0.834494171767277 0.976971911204336 0.61189894018886 0.612144390800246 0.000945520356803292 0.204526413288846
0.271303563645505 0.752647455199545 0.901612169281953 0.749979984790014 0.907076762418129 0.860708456423753 0.128728375848337 0.960443466260906 0.997174540460869 0.807594378728536 0.36971691821598 0.99632269822636 0.649700992572523 0.168250194727054 0.89516326650393 0.989959626181972 0.730650883193546 0.760713177738537 0.0178800070534434 0.99896464399597
0.0632496935520528 0.534068714655159 0.257559665192682 0.425174223214978 0.218304415126109 0.0627155797515837 0.0579599533256163 0.294896260113731 0.0536640105233203 0.301928652556805 0.506876995621514 0.993925604669537 0.368071967347118 0.156745309156641 0.622122976072715 0.80712684090778 0.662796866793729 0.446337675086349 0.455098716290814 0.649376176011813
0.880518711572531 0.840675961622813 0.865091656755463 0.819118516568292 0.997650194619818 0.851247741389784 0.425582204361779 0.963221090686999 0.99908310362757 0.992541161198983 0.998968036810432 0.999544257607836 0.854267430196124 0.591514937854094 0.972796669944655 0.999906868167478 0.909824207309608 0.908019350389733 0.993892561830937 0.0125045374628126
0.0652796752158434 0.529050616319834 0.397999598125658 0.264728495531666 0.12403601946755 0.364725921385364 0.00666308062541741 0.128187170513289 0.700899241015066 0.147710032576491 0.237779658167101 0.984546281452956 0.0430042362695321 0.0548569180063711 0.157384866954492 0.989339766152552 0.802803613744243 0.306799841197502 0.000985348618748732 0.735382509918556
0.412731190185428 0.735325603481678 0.48261777694937 0.835717990565093 0.992818371277038 0.659368682727377 0.76028037712933 0.896714040276299 0.924619664904085 0.9725390982438 0.894686060391174 0.977604974473421 0.737524314058493 0.305925878809069 0.93568683433769 0.998298100099956 0.735512350901491 0.815099445488257 0.999149140151823 0.278331340706064
0.118322006682738 0.481459956314721 0.469798099916999 0.254836889993411 0.522263200886737 0.757890324980771 0.189745885129014 0.156502824005704 0.160996860270553 0.612805261034808 0.655927694908568 0.777629047415925 0.351396058723445 0.163212971134287 0.452084940657562 0.642105804068547 0.233610288591553 0.533323596921175 0.776220298695236 8.18165693035656e-05
0.032504460615522 0.367996397398539 0.0842573925595617 0.463768560801501 0.0235963085761269 0.532669955938346 0.0557721057757019 0.0985100631391701 0.0828963510479888 0.00816793144372731 0.00171296780448612 0.750534831346268 0.018286207332439 0.0174297522754237 0.125070901108404 0.615573385413163 0.407204124264993 0.256532012189965 0.0887145823915173 0.0125062568570342
0.00546637849240573 0.431825305877459 0.0452314902075506 0.547958638109748 0.00126586672936824 0.103002655402338 0.00316542438351777 0.00524066417835218 0.114646632211271 0.00900255922351917 0.00262276513725402 0.499135440395592 0.00611126133432548 0.00287428550237133 0.0862758204161013 0.0168039108606028 0.254793543294019 0.101785410468022 4.80646698458712e-06 0.103003897495848
0.336574593612052 0.783255673475411 0.760880434108984 0.538490917527788 0.447258870708023 0.429949614917029 0.353192178281426 0.85070415247838 0.88476265004267 0.465789095059375 0.964897231150836 0.727194454504969 0.670920497895887 0.398355978697296 0.847832600947494 0.998323977535381 0.542077558848884 0.726689853992659 0.966039595013879 0.0888334302617953
0.046381078230541 0.513355726120479 0.321006000721054 0.639577020031446 0.115394354504049 0.176782934224463 0.0178837676154241 0.356706327275046 0.527948209402725 0.147759162634626 0.240949937488446 0.0653322819407362 0.0819297394709565 0.0401269240960751 0.559034718667436 0.195268816876666 0.287997974640777 0.507991861025801 0.000389668728464687 0.824605979813939
0.0186536112392513 0.370251938144158 0.20787728094911 0.374828521129293 0.0435870199096349 0.119289117137765 0.0295357034324624 0.0163811527222911 0.0175171409658263 0.0181162148715119 0.00419405286913261 0.0333792562067275 0.0205821965841404 0.0129648576901082 0.0326952385647949 0.0343611356047747 0.300406095210867 0.0757764936519569 0.00165004912070284 6.00582409482961e-06
0.143856484243905 0.461752939918784 0.401983655051788 0.307589902907199 0.652657509137493 0.372481177450923 0.13880709324071 0.160402847859718 0.0975357078021935 0.226909130322296 0.0748054092188054 0.991966068956113 0.207829431596735 0.0675715209113504 0.128112524156944 0.993003052483164 0.376294956606253 0.629223311764288 0.0198784504545086 1e-06
0.254339028718412 0.608251179278514 0.329382978003937 0.442346367012068 0.767520853723451 0.469579981598965 0.294377145554713 0.922771060752692 0.657869317666226 0.567492029564411 0.474925687717672 0.992961871588863 0.23643492418901 0.148136359289005 0.615943940537254 0.862516956120054 0.411661877520798 0.836580874207067 0.221695457439108 0.999059509000139
0.387829899206634 0.82459504857995 0.606222416515682 0.696751871982634 0.959848012749364 0.503477738756325 0.393120269442844 0.925978627626934 0.979291189327367 0.970542240131077 0.942769322191244 0.994612653562084 0.764555412572026 0.271587831511149 0.760767619842953 0.792980853490429 0.619883099859617 0.366275839159902 0.244611933947847 0.717181092102437
0.0390998122553813 0.534233827108424 0.386709231280013 0.495956378696764 0.133229824797852 0.544652445489086 0.128090696665268 0.09689695739418 0.510894046137532 0.090109554494855 0.10218525171431 0.963775504390533 0.140757258203731 0.0393741592095464 0.215626689485403 0.832500277663358 0.47276569294068 0.398234762303141 0.000229630039022044 0.00871459947894219
0.246718955452355 0.544621775112344 0.510744132313193 0.58985043254049 0.199130805359738 0.176501764404646 0.0686356357041543 0.270648443949115 0.909320468603238 0.0664619737518385 0.0930642989710174 0.943116952257206 0.20296087504717 0.0669114073796674 0.582761484985042 0.977059106746163 0.613911710280857 0.445954316999206 0.00125579725265318 0.0214677763740442
0.77012763521808 0.813041910376306 0.795201365424279 0.820578225506009 0.992462296476168 0.431582417239792 0.74616745201609 0.997944200133746 0.981748498006841 0.958752546287971 0.883811188343988 0.98343127184719 0.792444545680749 0.510309654872717 0.978878159912222 0.999890278721068 0.853197305132994 0.900321885454663 0.992663977988544 0.998434706047379
0.051020753119515 0.505855808863679 0.403598090344172 0.470467836360697 0.00265988905968283 0.17375740561426 0.0423189275084759 0.0915398588177778 0.0242453272884602 0.0128326607442136 0.0331461834197833 0.897115695149724 0.0195252292520427 0.0228938304743016 0.209626314725354 0.980915002415993 0.251041397519137 0.129543896230206 6.21057541342719e-05 8.16882699561927e-06
0.389323315253722 0.631197427273185 0.548750606266429 0.721689353770488 0.891836924028014 0.561271420687425 0.0432067553968632 0.373739487241027 0.983148686718956 0.732135407148733 0.596862309443952 0.916357477718561 0.256483223274037 0.331347975340273 0.822897181115077 0.815786430119005 0.264745910707127 0.59834763082204 0.851936597136475 0.316344160262558
0.131070417278888 0.6072407826125 0.72265033783935 0.605673206424495 0.615975299136351 0.621917903372389 0.0155003640031141 0.715952860605494 0.504805721310181 0.434535855629752 0.429134256843585 0.950397046305709 0.396782484068706 0.136652488010758 0.561005434771626 0.760119583808972 0.552953268607349 0.526877449631617 0.169901023943791 0.998602860151297
0.0964969640924913 0.622541453459115 0.291402126615943 0.556148136676802 0.144295461631781 0.904275142856583 0.116670634240136 0.0510945048426798 0.441099461902664 0.1439652955181 0.0278216514314442 0.989217812749438 0.188864483554897 0.0649121160805931 0.423214957045374 0.395617562222919 0.630950858468455 0.377574143321555 0.0557693182634223 2.47637964977199e-05
0.673734744894677 0.747508133178509 0.95416826869155 0.80730509591915 0.985763902147407 0.632633880347145 0.945171708433183 0.923031606299458 0.937739032991973 0.97186584252245 0.940358936518566 0.999818168306559 0.848220907491996 0.373217552625196 0.908911558025331 0.999617201022883 0.507448507695978 0.906214383531287 0.00100907866695455 0.5406742774228
0.50503772667103 0.654868809403593 0.372481917035856 0.45807031635167 0.657398995181518 0.440262166057309 0.0909521200230264 0.870346663004288 0.300005738943171 0.338048046401499 0.404081840139989 0.978308913955987 0.322989973023398 0.19205248806226 0.47806114455038 0.72779856384189 0.593466702303983 0.6667654735296 0.622710780208655 0.943814036886223
0.0262938103178008 0.392412692528109 0.231966312566008 0.53092804989101 0.037218148549019 0.286255442257925 0.00867551711907411 0.0482502656018698 0.484416544158162 0.00347111258449627 0.0059728629165373 0.107810740616417 0.0323911892283004 0.0217251006357163 0.0390845422302094 0.0809799766344667 0.30306918429553 0.119533383852772 0.00152247244445731 0.999168298700553
0.342871400187562 0.651356656068261 0.610042557556785 0.543503306654152 0.889620082676989 0.527475164988112 0.166422685620035 0.947631901183934 0.886143397377286 0.299338528326684 0.185432820816096 0.915558816012826 0.478115696391965 0.149858715004804 0.570006160675684 0.973165835695447 0.596441829502122 0.833970100437863 0.553196520853374 0.0976020062803415
0.235161798848667 0.688164326245653 0.581408688156144 0.668720133757253 0.798835878756129 0.231972155873647 0.511485819640975 0.950421395885408 0.860565428766001 0.898989447566826 0.760697075976362 0.99782461406392 0.685061413556244 0.202975248847526 0.596310671608626 0.966137635537864 0.565366447511229 0.651680299234179 0.98295879483102 0.704901471125723
0.376887085276821 0.614470193527437 0.605343979089214 0.647972200755873 0.96144503717106 0.311692268255089 0.380887351347386 0.957437403401686 0.93192669862227 0.450659679354513 0.720972503572356 0.942473085128317 0.187320670948283 0.137460272717508 0.744192567138701 0.99710566409708 0.637267926136446 0.824698717817122 0.00349089715020558 0.994975567193292
0.200136375458821 0.627740871835714 0.658771973103628 0.620789708959032 0.331088950949894 0.639940404681365 0.255319407549211 0.699781275874153 0.992388127727262 0.363361973664829 0.385647216066494 0.888701990535532 0.371602077331258 0.193468019892057 0.49679165228946 0.987153887179255 0.424754981865517 0.492765595996548 0.709609900181777 0.00138812468295636
0.0878822670595116 0.6382416703911 0.273133329449909 0.519985616131034 0.0565020862860757 0.0647532093259557 0.0368686201519269 0.0623235581594982 0.884282037929405 0.0800301866303112 0.228884512995635 0.472376386058048 0.263956520581377 0.0622264615163305 0.829063860006245 0.903679872330495 0.563845109943243 0.358102735805312 0.027011159457943 0.000537991579731362
0.0430736284858301 0.616623428801027 0.0293931012823097 0.475825285438048 0.0407218137064523 0.786797222997864 0.0240560103669961 0.103263453466829 0.216553951194112 0.179065259271767 0.258898099194447 0.266824870242134 0.116603728965201 0.0598045922257334 0.336481826124211 0.796587686284923 0.323018529731006 0.271898823765047 0.279463898221828 0.000937764120865405
0.00942235006612633 0.432343910687164 0.0209264851004096 0.191699044300531 0.00563844394700372 0.268213419465302 0.0536196936349923 0.00271178912562204 0.0131808281446706 0.0050555123124938 0.00606217250757119 0.560547526617704 0.0261826460876982 0.0112571625621391 0.190764326756038 0.0677699057472832 0.134390172390782 0.0923858243660629 9.35507263992368e-05 0.000526639273632043
0.219850420729324 0.575764180887077 0.432227254284523 0.60990117214869 0.72629201837631 0.486798114485347 0.305828490636206 0.236969924940801 0.366112982210978 0.436232585693564 0.923142141477924 0.58737210102718 0.454363856618259 0.343630495103479 0.679690383098356 0.969223947971198 0.730983446272552 0.656830961911571 0.999419401684205 0.968969608316911
0.284961259616073 0.645108808313499 0.698226446191616 0.533470797857209 0.375177749732431 0.206372853873145 0.300833231831379 0.871186075009867 0.191999201305502 0.730018896358978 0.827978652388431 0.896043526126383 0.515546638845108 0.321937631773103 0.445377197136369 0.636165997828385 0.559276264794699 0.513233814315023 0.051858299318794 0.197731532827204
0.0181668081214812 0.333409431058461 0.266313975848184 0.610450592656084 0.0112577281526509 0.606111358038987 0.0104408641044353 0.0187122900899041 0.336972022160858 0.0124037558327889 0.00265004336393021 0.954869142581471 0.0249656113064001 0.0245560711921488 0.32716438114652 0.437392454998904 0.340538138254225 0.367249305005572 0.118971791128889 0.110743000657056
0.0516946331171009 0.501640383456597 0.171245216811772 0.795950940882931 0.0325798640400618 0.134099787303913 0.0152118192920695 0.292588627859999 0.832442291044436 0.484092466078213 0.210360485828423 0.9866611743137 0.050776389230291 0.0783584396627692 0.610022662959915 0.58093221142234 0.710746744608385 0.37656309914084 0.0105742744059691 0.999945023324997
0.637142208210362 0.721438469413812 0.933546227645159 0.724261410321407 0.985476097484124 0.680973184670962 0.867478133929079 0.95160952971114 0.835090179686409 0.870878027717372 0.987637848605061 0.954004422822856 0.445983854525143 0.456590782421632 0.941012079786294 0.99972294133508 0.416478673057762 0.836904629573482 0.999846667031251 0.0146365191416795
0.0873366858530419 0.49585352201282 0.602157128198545 0.314224123819366 0.427113222743237 0.333430555880429 0.0265730420532436 0.507425336040589 0.219980533429188 0.104226870115733 0.084219117306089 0.300812058682158 0.141213258269412 0.0587719816141333 0.362432115061365 0.0995928733350443 0.559998476155138 0.465629080120298 0.006337931474285 0.0457975801948567
0.21777962361318 0.38372559558495 0.249175673756777 0.829982207646545 0.13488429445515 0.0867797472590538 0.0788759391949721 0.2384218420288 0.329252264941941 0.0344999439238522 0.118073783774383 0.12786683106218 0.0347943652628556 0.0826350525839327 0.518086118159121 0.0399832130347747 0.284106458343672 0.621434387004119 0.188872943710969 0.0013371164905847
0.21496127578456 0.481740762993809 0.566831919964285 0.390097075670232 0.896897464880796 0.470120786154336 0.0774220794590734 0.104793374350016 0.225849300216175 0.210398769517778 0.354426547536703 0.974137896905411 0.100963989217494 0.168637524134937 0.434174323326084 0.27563192694775 0.287136442762747 0.497009620536707 0.000416358579124848 0.999882041399857
0.188275631170351 0.514536077982521 0.871153930709181 0.500163294187901 0.481080165631367 0.184489841841612 0.145356952165696 0.3090168294011 0.0277985650919455 0.114237481232177 0.506985336402646 0.886012221220944 0.0578273368321044 0.0567017615004204 0.444324679403832 0.282770404568777 0.592217971446923 0.752466039367201 0.01348217890888 0.112107505014788
0.0518888288671881 0.482303601468414 0.749568266794528 0.229924330006703 0.19417896997418 0.372257023526575 0.0699191579731547 0.627385422305071 0.0750449976568709 0.0223260042552438 0.0495994219925005 0.693346058416067 0.0383756450677349 0.0604316088975885 0.413540936036242 0.292399562285568 0.262902383747137 0.443370518839979 0.0651002301589855 0.247853177198023
0.132348858825864 0.447327242086973 0.204680660854725 0.733597441090901 0.0802024682900124 0.413997266414223 0.0432003757424528 0.683588231419267 0.217793452584055 0.194734246702474 0.147939019003753 0.940216661379197 0.20925221221315 0.0441490613995691 0.196549823928348 0.907370619143236 0.702547835718149 0.676240801916874 0.285280298677662 1e-06
0.147987147075126 0.560169623290963 0.392879021027993 0.620286953125305 0.186690297931184 0.45128055268631 0.14232834091162 0.0892109869820606 0.948753262330394 0.117065399967032 0.0816092063883963 0.948520109003505 0.173977560069638 0.15752286879498 0.774772286731389 0.644709009829321 0.420361642424044 0.24265369201618 0.797448953226503 1.91152198267094e-05
0.631432030664058 0.745919611730862 0.956491037662069 0.765892302066179 0.844141706870771 0.367343564361122 0.511880091858536 0.983834232154214 0.926747633489545 0.816399680639028 0.909544145981379 0.928252965665384 0.634048033589845 0.195503779457444 0.542823229806059 0.999469647225193 0.548551141565561 0.861884025632741 0.176637626579572 0.045182358905988
0.0174093024776205 0.518990738556474 0.204737310527155 0.425616105288944 0.0251386514240518 0.305589432549455 0.0150589887900844 0.03745661369508 0.0155963571153417 0.0292114790963782 0.0233079790716553 0.0414917381738882 0.0460327604368895 0.0297909797581404 0.163957641989434 0.0116897516727563 0.418246284944043 0.204582938457914 0.00700738284942587 1e-06
0.284497147388787 0.657670616377001 0.526530059706789 0.725335347261925 0.804968011148315 0.345696306907206 0.278498409708291 0.41288883904297 0.0590319672988926 0.133750654574977 0.215658713606768 0.26441562233187 0.199232737328854 0.117774754081038 0.613821918848182 0.845835271072619 0.411043580326772 0.731938220668822 0.336646448275295 0.999999
0.089030653189371 0.534401154286266 0.418156162847401 0.373550238514682 0.757502732411981 0.490875762940885 0.140685098592258 0.726207285637117 0.632016154076525 0.110508076155372 0.259382086401674 0.967453467831353 0.142220537131449 0.0975917686824334 0.27208480394659 0.91877198526341 0.288321787136402 0.576330111365903 0.250696951232105 0.965942678875788
0.132996575204092 0.641708138179232 0.422671369514674 0.539315855287893 0.398849588860861 0.379754567745332 0.257646297373341 0.720254525549447 0.445502531479127 0.13598622199987 0.0814049232995503 0.96188140213227 0.178794682572212 0.0965851319474323 0.734111600897365 0.989665958122646 0.216829280971316 0.720555626458275 0.0168545842481232 0.00587033299938237
0.193537634796646 0.514757063313103 0.686820421248757 0.543846324362253 0.705027581322261 0.157643499097381 0.0508468795832402 0.458640187493438 0.0240815560591332 0.153222753926045 0.434472564997962 0.983887176266593 0.179833398999371 0.0515691493134696 0.806639513948195 0.979288632043723 0.616275868478541 0.449475861590797 0.00196264676332863 0.982128013020526
0.118505757498786 0.543845837177698 0.752988734090593 0.375566608662525 0.687339376449379 0.426213480669848 0.0298784603667032 0.0723748989090833 0.925482575442488 0.184051084932502 0.569666997650188 0.983159255233441 0.0391495833444714 0.0561587997678613 0.337935399596686 0.769481449155486 0.212894687081757 0.169128336615604 0.0126971602415195 0.0465524085806274
0.323775828373358 0.70260313460763 0.836524869758379 0.386497574120717 0.666089639399988 0.74689125513218 0.0655364378980022 0.876829323718772 0.972662843734138 0.78287115562741 0.741354861757358 0.99904546164455 0.366868384703106 0.28623153103751 0.423860110919791 0.891873661423126 0.631635994593344 0.544619283296885 0.88384816730906 0.194699086801427
0.277896593258365 0.767328814506848 0.589010707441279 0.7403114394194 0.958703897575309 0.381876687940306 0.4149567226468 0.912011523727025 0.991664660650368 0.882831926325979 0.983369803558341 0.920934488365954 0.72236675342231 0.283273845547955 0.747549140324301 0.89046366687819 0.702532246237353 0.845245880369709 0.672348666986412 0.887664450437777
0.0280438457915538 0.374458832426872 0.358383372883076 0.513318264976666 0.00818912844692611 0.179887118786517 0.00773049550505246 0.439708085196903 0.00955340480317305 0.031097007899188 0.0245021950462383 0.283615054972946 0.0442576565930042 0.0312176446713193 0.138784683042555 0.964412651195776 0.190608435425534 0.356548130781924 2.61819974112445e-06 0.999613638955729
0.0445100538796599 0.430587138493286 0.136760327301493 0.374176440126271 0.019407869581413 0.28258318566854 0.0770262447078227 0.0632554961237456 0.139770108314378 0.0840395578377666 0.015994420643496 0.688309394678357 0.120219881705046 0.0280350189234007 0.342989781941723 0.250241554445324 0.289951601773212 0.290553661206553 0.0022420131331211 0.00841310622301703
0.311964912441386 0.5503988133801 0.370743590458621 0.888845960821654 0.764316755292363 0.184688773106597 0.0504412926061015 0.524605321351235 0.830475759259867 0.555922710152238 0.470602929743039 0.752658926709552 0.197925305280845 0.152835457519664 0.743638278048746 0.98700013638865 0.601950916575656 0.878091181451369 0.162693477207689 0.999145434209825
0.0307955697803897 0.345631124982791 0.186207690012877 0.478029799428814 0.246438040612151 0.333670698234942 0.0169695249545235 0.15974715781091 0.227412185909889 0.026738498047093 0.0131350729908672 0.722695018047995 0.0526524715437782 0.0281624211898239 0.114921171634815 0.0293684623692715 0.298841152958297 0.350538380690659 0.00059029137745599 0.376779302510735
0.114072985024059 0.522951852180439 0.432497942478753 0.664654456858455 0.669606937408652 0.613840436156595 0.122429903932168 0.230687541054451 0.227737356897741 0.229763009617569 0.0201249141553543 0.946680877501057 0.247795980540196 0.0699473899048857 0.415050432692116 0.977668855881653 0.666321285899292 0.563508765700472 0.172398459234082 0.299174546168372
0.0825891147922988 0.522932171794374 0.172336535067235 0.667038607722843 0.38330960252976 0.537474831480158 0.266323107059551 0.692143595500267 0.366871946572213 0.0380717631158944 0.0984638481030018 0.745894324856182 0.177927115989208 0.0658658075630132 0.354241547436976 0.934581988616757 0.821236056618423 0.360425477782364 6.74917771396862e-05 0.999813840768318
0.124524448262009 0.450943401316565 0.265905098880331 0.676860982408708 0.0491046031044867 0.0514532428338947 0.027794489340602 0.385023533355731 0.329360229828012 0.218332799653158 0.0542131199386434 0.533554710157019 0.152910012137476 0.0708733605924517 0.442218427487323 0.991521726549602 0.338546025277117 0.431255371702786 0.049157861747468 0.0377318143691927
0.328819719381306 0.685351412393557 0.797302317092963 0.534795106952124 0.888952006962358 0.213910027431731 0.419035363137195 0.631776731134657 0.942605069060784 0.667890133230538 0.358350045809428 0.978600852506845 0.541897530482791 0.090858460542276 0.644292304399551 0.816132102336189 0.615275633486405 0.699267884858388 0.000571646290560185 0.917846223724118
0.104203734504754 0.480726268923396 0.122273722423821 0.364370560155809 0.572473997487628 0.273886520556504 0.102153389411933 0.117206299411279 0.431237256281045 0.0771913029900994 0.125483378258398 0.804732277248559 0.141383352363733 0.0640115866746003 0.0730552478662759 0.645417290123273 0.245005402243911 0.538012392385539 0.0159238440020731 0.921552323978304
0.026856827270016 0.600718531706938 0.414468772814087 0.680870769098426 0.393004808387246 0.464400290112194 0.00982871259775142 0.272945796441589 0.723955333122929 0.0649558397976921 0.263156863508976 0.932227227222341 0.0363179351975397 0.0575822560975173 0.214350281362597 0.85571675981657 0.268337532323394 0.471795898567812 0.418103692103757 3.64309453753734e-05
0.545207358432599 0.829995168927413 0.962751424822277 0.807093977609259 0.905849892543364 0.524204188817262 0.737950876079771 0.950992900216833 0.36858577746593 0.89235657992421 0.703858026942779 0.881414026653287 0.747241408706712 0.283358524735915 0.912973735486836 0.995521428074295 0.561830117476308 0.669488260926861 0.932431594328433 0.000387951906610546
0.392087187353685 0.761520603677391 0.838409437687304 0.566602069025468 0.95592569923825 0.587871072573189 0.386407898101935 0.951916338338493 0.805214948600734 0.860358977625045 0.940860957110158 0.999702918260219 0.697591344756807 0.21999890170081 0.664355208657103 0.999127638337915 0.753044691970084 0.551442798426115 0.000167820833418133 0.0120736518831555
0.0488587858780261 0.487008187867316 0.42846359202465 0.584326573094157 0.124910909494349 0.0681464035621919 0.00790021582432937 0.0491837810188846 0.996796602278997 0.0370405056712629 0.00995111725217783 0.84620855456476 0.110807793025271 0.0575100722611075 0.184502581798577 0.946042244127057 0.179717436129529 0.292176034851417 0.0278409405104441 0.0287073145886459
0.0910640127975207 0.613771651014946 0.337520465471733 0.326994353924649 0.85056039738315 0.292674139707372 0.167859525554943 0.449308778327717 0.843125926213232 0.0782970916550762 0.713328210308631 0.930578606873473 0.291995455566363 0.202925736953816 0.364290162512801 0.815171464393588 0.542923466862362 0.581341851343428 0.306232042382907 0.000386316628411809
0.243120756074463 0.700915904523913 0.447685297823474 0.861721019477097 0.793410242262205 0.378012536173878 0.175260709873448 0.967808947984935 0.840791712994544 0.47762200951632 0.481142984267519 0.995521939167426 0.448929057731827 0.210474408516869 0.926818076366527 0.793983220376465 0.335506633625611 0.789178747571738 0.00434657478132791 0.0381755887606679
0.793001493633709 0.793110263274043 0.780537206872247 0.721241699487966 0.995755270735343 0.681865091795162 0.905708673063587 0.99292552960176 0.962275087751005 0.97365473725661 0.995197459201075 0.998992869478376 0.84758325923362 0.678058556774251 0.75202327270296 0.999994871776773 0.801859647248631 0.897139611219004 0.99839382453213 0.99976203504424
0.137769096415534 0.636085926953574 0.449963714462821 0.550610148637154 0.770918996843323 0.695529796591973 0.137579576115164 0.872476310228062 0.988724412362324 0.707083606588304 0.66948709462762 0.90163071525615 0.114939922336231 0.333323419156349 0.912414866343902 0.927421382685117 0.815384570945891 0.294868817877546 0.0520720893262198 0.999981872768951
0.380828130933592 0.628766560865126 0.773691078630999 0.938115377146648 0.883440244782495 0.34567737454478 0.221132054691014 0.584076432568692 0.492694534551532 0.809717884944975 0.896669995469214 0.999939215098985 0.586435244808254 0.253847566323783 0.602967771702901 0.996912282615452 0.348929167908221 0.549119862077317 0.796224354489265 0.555917806526332
0.124583934459265 0.617320360805924 0.118199711443724 0.681241612650382 0.467604982956828 0.410959786238253 0.0230843261048779 0.213644603116596 0.679250938875048 0.167951331748298 0.457460900590119 0.939622374656382 0.0506695466610357 0.0261449977154407 0.287486707838824 0.874803194664964 0.554366251992842 0.48999419285644 0.382425456953094 0.99990077343428
0.318937941803014 0.696383727195236 0.709114206191714 0.635124231157175 0.192914713446532 0.419907749241928 0.143097078560331 0.275918164334967 0.0334074257566417 0.537130221402901 0.647641264835292 0.996609304695701 0.336082224492935 0.240441716035991 0.494252765878915 0.934542286729463 0.537566387913797 0.669042658262797 0.149711335408095 0.999632571849449
0.139007747021603 0.521940194463673 0.187753268308436 0.732537426933159 0.798338959839793 0.659855656829779 0.0719263246970782 0.0396123619150289 0.0428145257720422 0.0080891729757434 0.0134695358322497 0.347048835621737 0.0502812732572312 0.0769150701423122 0.16527465553613 0.139801722104711 0.326147172811227 0.444490871038626 0.0183030642277539 0.864432694204566
0.143815683752159 0.545745703967884 0.364486943391876 0.771415118295526 0.0443459709618144 0.620601010022968 0.0244842049185893 0.833626102894112 0.49232044061703 0.113917208156528 0.179073795561164 0.634796400775618 0.18067411783456 0.0841906233795463 0.416875520686088 0.708372038566644 0.647882040551287 0.316333751471486 5.93283127872897e-05 0.950924884429739
0.0111206834890323 0.418674947623532 0.0603607942383785 0.55708561075763 0.00548416766567165 0.727729717770678 0.0312240991009222 0.00299844296351482 0.101000534898665 0.0366978288596713 0.000313561953566002 0.246361790766911 0.00837018483112159 0.0183796386666169 0.138647059301618 0.141033178794971 0.164603147624713 0.231696917233228 0.00016834435951689 0.648369817221792
0.0261397697715764 0.429494571610994 0.640444398192744 0.604117949376522 0.0918802808554369 0.4732777001966 0.152379984363422 0.062128814982958 0.0748941775412238 0.0374346788698964 0.0181714281856369 0.985728935917585 0.0114773253005078 0.0568898382907268 0.290920099612899 0.0680849544864092 0.350756684415667 0.184091875259741 0.0493990385818021 0.000340100076452832
0.647285299460884 0.743321520886742 0.900979791173082 0.59414540949163 0.936725704216088 0.666703696746965 0.71313273873963 0.961845089441765 0.492012992339626 0.910636448021716 0.62342711793263 0.999390768445539 0.897790822358405 0.443304002860671 0.973064059976668 0.470644742264484 0.825704651790683 0.744079378629181 0.430063496690382 0.999969388872651
0.0604882268929628 0.499708339326903 0.380018656362125 0.273611328468693 0.626660968942811 0.187281412056128 0.0736193146749815 0.0069380170072587 0.279011951997777 0.0325010670663708 0.0198623173034649 0.423496369767117 0.0272840803017953 0.0556476718097919 0.223028524346432 0.723458394756623 0.370987884127984 0.461784452380284 9.19524837002564e-06 0.999988815168733
0.462080524859455 0.712721868051744 0.602152448485644 0.790661220567209 0.981256160324315 0.69269364360319 0.846744637192037 0.715842214561751 0.806557866177114 0.885407768196348 0.980170822029886 0.984203929280577 0.766798101492867 0.437195196251 0.918631634676131 0.999983871125291 0.710326177683323 0.846073623160354 0.744059647995008 0.000131392765524163
0.224743323410296 0.608574231226938 0.663964528438389 0.536182537079577 0.399183971757059 0.31272665565448 0.223425907569056 0.925417013651207 0.796009398136603 0.449280316297427 0.151494719341358 0.972260982025557 0.444929546838189 0.227000789095526 0.526100001815876 0.996279065626597 0.445111950922918 0.451470723750827 0.000289832879365483 0.999986166776103
0.0739187091622697 0.482644247911264 0.361185580672555 0.73397593549552 0.505184643755945 0.0690243999761795 0.0366156706188898 0.0136958462592501 0.0178421364633949 0.128511733459521 0.0540252548107992 0.081171765218748 0.087986721859926 0.0320714708480724 0.425669944478459 0.989085212944586 0.301855793586423 0.299399471017401 0.627454331238565 0.806168290606564
0.0468022198684349 0.534576097800914 0.215813432454719 0.514526933729849 0.134321322612765 0.63848444531288 0.0483354256891919 0.00230094352709649 0.187759185567868 0.0257670487593488 0.00486192560676883 0.417926370734527 0.025830620757121 0.0352637477959262 0.196462161491228 0.686605815318857 0.358250726542628 0.359915857114035 1.39042553306005e-06 0.976378979957819
0.0802893804707647 0.701441233289726 0.182198072423934 0.857791916708113 0.942330819613812 0.726372342224321 0.115907523450287 0.707024034876792 0.056772442881259 0.466941687549264 0.305666007652127 0.837767218932925 0.124947642800754 0.115982931720678 0.362735702371653 0.958458248223248 0.424076222108519 0.620347095020052 0.389436991178459 0.979226655743318
0.248017297743856 0.693823481967389 0.864203537467181 0.722536787256714 0.978564748586402 0.0844285494028391 0.211463096916231 0.74963004455633 0.779266260743242 0.738889498495732 0.790963576343414 0.998849678061592 0.446469170451652 0.231177481887266 0.705530666351101 0.996320290202853 0.600731497959006 0.583753256846284 0.73284228225559 0.586520868427778
0.234745729999497 0.593431132756974 0.854966646034624 0.631133844769597 0.587835680326997 0.478230758109819 0.0977540950296465 0.80354783698851 0.13910568192562 0.510109239406292 0.78109058006313 0.99893702136992 0.35363329412199 0.127287206674531 0.785418458905174 0.993702752589721 0.476760251213828 0.716026571358613 0.995320749145204 0.000266852361565885
0.387839198630964 0.686866440433317 0.46565809778543 0.871602243424532 0.838324979145265 0.505824808594538 0.0419845601401464 0.682520776759319 0.124752913767365 0.238776652840321 0.358998834153768 0.957779057829145 0.236885629535639 0.116704682234241 0.616852164821693 0.987146467365711 0.411099160182653 0.268712216475652 0.365636942846163 0.78700019475707
0.107027430946467 0.529186839543686 0.800379347882037 0.495176241178506 0.490243954235728 0.181474079131872 0.106571696959714 0.0555067860817195 0.687570574388362 0.395461870175268 0.619402936915421 0.85209225506303 0.115305069518167 0.0711943786752684 0.493426346797979 0.970984809585918 0.389187300229655 0.27198153693145 0.00298407079214419 0.999509033412837
0.156395710851801 0.592578937813014 0.120078072325862 0.920619704060946 0.610552761363684 0.492606168496008 0.0903285706440944 0.606616531287029 0.515238219083208 0.426440545818938 0.780108993702851 0.970105243477258 0.129126585046704 0.109999131656754 0.35632453038238 0.972409923239713 0.517333321686376 0.693353718211145 0.0331375426476004 0.99830172707321
0.031887663052211 0.585786522721636 0.48716948093809 0.402490098654008 0.361832603782296 0.045846385386474 0.00924196765695855 0.0565736335343703 0.00845754531448145 0.0869694815788984 0.448675667114994 0.406700112504047 0.0360924093892522 0.065815359716063 0.827550738426587 0.646676331648187 0.207433602045758 0.287621560186446 0.0159902515840616 0.288775666603296
0.173147176614545 0.621828662404509 0.544309511542646 0.825680549871678 0.888497820422161 0.147595132363928 0.0366824726928902 0.40177769539606 0.590502715623204 0.284484295681277 0.224715431832412 0.814841189358297 0.198124524509589 0.15577610060993 0.658809123166359 0.786617348621365 0.678510797984168 0.344978673108905 2.82852827447414e-05 0.999288005389632
0.0839553131532542 0.617328959059637 0.528820469368913 0.619774833346596 0.731941035982304 0.154327724106163 0.100457559914395 0.090028205684828 0.993385383397486 0.406619481891198 0.717282078569055 0.821661133052418 0.15633489465237 0.136596435605421 0.49295462692337 0.174406677886034 0.535246874937603 0.466288538020193 0.71493764876464 0.00154796413468399
0.0697122053624925 0.48749042744411 0.240420998631369 0.472639129584804 0.499736582218864 0.0615847477710475 0.0048247857177157 0.173072678468318 0.358286717640459 0.180379443990291 0.139964872120009 0.957927129791501 0.129402350541151 0.0888406019723046 0.433638819481222 0.970406244252509 0.269405571521593 0.564312900558919 0.973579328780585 0.0952675313442817
0.333053817550154 0.739790569989052 0.448418635896106 0.703481823524233 0.906298339036541 0.634295187742849 0.624756426250907 0.88357410757342 0.968304586501295 0.872296213373391 0.965114770533378 0.998786199357085 0.541927844313206 0.531388200881775 0.912980670586413 0.971908458289412 0.848860131500606 0.746794732225154 0.315936698687437 0.961765857329842
0.50945458997124 0.750961381558764 0.791968842220492 0.590643804682878 0.966463021285903 0.254352409913521 0.438312229063594 0.981139851036122 0.986980327411836 0.978358510563852 0.884250817800732 0.994992728054361 0.820514812018736 0.426233155730029 0.880984956071952 0.999617995151264 0.390749158574312 0.749614454248003 0.986788510949498 0.980422791697223
0.0972282964125022 0.525776763031054 0.215157787124864 0.390071854747695 0.0269893454018879 0.0863385181222952 0.0444002031639302 0.00677620285742952 0.189283204913212 0.244651879460263 0.0515182019417483 0.717601673856507 0.0233402473717657 0.0476093087089826 0.2786945572346 0.0953278217734164 0.543339039161156 0.369727685241535 0.000224067289435099 0.00116532379628732
0.0519369636946305 0.543194186395129 0.15075764356748 0.551160911906382 0.371408737267111 0.252372575916433 0.297533158639939 0.107113019648489 0.137750885583874 0.133997943885682 0.503618498205116 0.992979546153489 0.0628559727435678 0.0899645448445661 0.285294322751623 0.988976675693984 0.410134988356716 0.379574377239376 0.476002609333829 0.999123360342855
0.720744074299079 0.705756814270908 0.967070717151946 0.595773737841371 0.972904587386422 0.8292859594809 0.750218141287595 0.974987685898955 0.963230185394424 0.930664509785698 0.901553938952532 0.990787151157799 0.725787990685304 0.420189802860627 0.730745322273182 0.993535100863603 0.571839006917515 0.726816853851445 0.557053458337805 0.787109158684818
0.269430656960189 0.553828190050155 0.592003878774702 0.726995065243916 0.679602579171307 0.364360173550447 0.144499784148386 0.185666355479063 0.14150785878223 0.518833489107708 0.264068806883303 0.951835810271983 0.25039262702035 0.0984108133107236 0.608380284993918 0.70203495534903 0.426263296924009 0.612567988049437 0.0261744619913173 0.972101376669007
0.266642782468406 0.789487648052212 0.51073812530608 0.746284113574872 0.198115971969216 0.257545743125577 0.0377539451826426 0.471102272299312 0.116868576168091 0.301696495818113 0.0465731049404791 0.988146334562645 0.15354290350233 0.303341493553991 0.635221449378454 0.969391059097311 0.52637972222583 0.415844893521626 0.0532517391198073 0.999741084992232
0.1125504225576 0.607080047728049 0.214475782195743 0.331522775004837 0.733030922557689 0.590092108570464 0.0580430667276873 0.0942597712702007 0.473460204234203 0.0547863645156325 0.0511583502756552 0.828123238522063 0.0917885056862839 0.0887478812564143 0.604946150489703 0.937053847429117 0.504540175087787 0.56458703645176 0.0300966019960982 1e-06
0.110349451255111 0.551493415119678 0.744861460272674 0.703658497490956 0.701878136326633 0.197168250716414 0.220198761109469 0.643548804504448 0.0426274874283104 0.228690419865066 0.279050005428855 0.949756572962335 0.416850276403505 0.0976723249643361 0.726626043287858 0.992856680362877 0.275229805082194 0.734117382263715 0.244022658598937 0.999970535351797
0.124592452551452 0.58485232157201 0.903851994365423 0.802574711999082 0.21811458464234 0.506909362372452 0.0594107415721116 0.202066374250174 0.838640336843988 0.391024310207127 0.10926033403627 0.1144076872456 0.141628966375636 0.113486244969397 0.924823515255079 0.931914826288963 0.601435067461598 0.372707098768159 0.00026855414559978 0.966425280593711
0.426670828188919 0.638986572022388 0.627162479452121 0.779813490277402 0.594455660252367 0.0609587135749807 0.679539036249339 0.840636566789433 0.871194454060861 0.597550701981661 0.961327840007835 0.994507193090552 0.456309266048662 0.460540777751932 0.771548669539677 0.340405605815823 0.742862026906128 0.642193317397026 0.996073749449811 0.977758036780073
0.0831890193085565 0.498939714760509 0.809718018171987 0.321724159600461 0.0803389848643176 0.100479612904843 0.0412341716491227 0.0500669007823292 0.0242452681123435 0.124897591650927 0.13350705928196 0.922637977225901 0.0671679257904306 0.0517151473968684 0.419138185012223 0.39635918834315 0.264146146892808 0.145835329538282 0.0138155819266711 0.00458149910087915
0.0987902259233237 0.675217835188565 0.199301080356247 0.569210520409011 0.122167464678032 0.0890446538893367 0.0780518624390596 0.550598043079641 0.0501598541318343 0.156143551733554 0.00834949595702894 0.508486024287513 0.0829853418721943 0.0462077027485856 0.291863482455988 0.693738494160141 0.358497860568396 0.429200179298437 0.000212220584923451 0.0932326557864893
0.550467540327496 0.828319283476175 0.717978048393386 0.775868287164379 0.899533062466619 0.256984437528341 0.71806245799518 0.982158764984973 0.993077562438976 0.981999952584183 0.986632287118966 0.994908130848664 0.543077709997774 0.427296519389323 0.967399496674986 0.64527161313748 0.736562042433952 0.547354623726449 0.999848249053225 0.343053061347738
0.0551635035109759 0.527416965974056 0.344260286165006 0.711512332914472 0.397843118687454 0.292175108941111 0.0435812288016929 0.686099709350651 0.0671839544757566 0.426421852019852 0.196068860625618 0.804642994613881 0.139422222993551 0.141856054616133 0.512848126463252 0.997820027578351 0.359691940937647 0.401584703482904 0.0257793672124008 0.00966182965602108
0.0147769103707713 0.396566577594591 0.0788965760941478 0.501605641760259 0.0065694802753896 0.121024254376357 0.00703906536735887 0.00141867380331586 0.0241481803651402 0.00439878688959896 0.0030009014800231 0.852549675844148 0.00959442993703181 0.00877195264553267 0.134835958431368 0.000463100925651619 0.345113354221383 0.439737494615686 0.000203300261605923 0.00316007942995589
0.6901056292019 0.870450310135104 0.695806276407064 0.709692995031565 0.941521249084075 0.395836183487133 0.547317443148435 0.970213713274923 0.927214628878164 0.933476564631512 0.887886663958405 0.995011198218447 0.597568305526192 0.430701816238677 0.802688714231968 0.999761814426379 0.614029578055982 0.941237993626558 0.562171321103344 0.839758775858535
0.772948345755466 0.816274518184757 0.89857214975393 0.843691497879586 0.99810364362871 0.400992219564544 0.835475099773265 0.998802467964099 0.99574431403891 0.981859241660144 0.995299375069366 0.999529905628959 0.965905610624228 0.680091990816382 0.992850239906948 0.998310116683083 0.846159237331606 0.776312789798928 0.221144369876386 0.987193810177184
0.18530497475895 0.611395645126518 0.358745224342005 0.410036106951049 0.349579086507773 0.519221355356123 0.0852793195770805 0.578626810453076 0.207213077497828 0.219566016044525 0.732886436221892 0.998491345862183 0.281056234617772 0.104937285993376 0.529340513251693 0.983497370328377 0.804170309859692 0.585077677317539 0.555136333421629 0.0162083392974422
0.289884989140256 0.653350586566316 0.701689312368508 0.831358598917214 0.837753006088423 0.423183259288779 0.235213219823351 0.73721995789385 0.997295042573222 0.67799845830953 0.838430459443808 0.976784433653444 0.391590444080874 0.311186702864372 0.782163326053359 0.998945565742475 0.744447695629749 0.839811235131937 0.872688503521432 0.99994770028176
0.64221765492592 0.716167135890658 0.757885208397732 0.478986987576655 0.666457412655418 0.71520067102738 0.239764525349672 0.93704871773815 0.644987038755379 0.854015932447375 0.811742932538092 0.989253279145316 0.646473294488249 0.232691574067849 0.828381527878414 0.99769122778084 0.648513996324479 0.742666008446645 0.451478593295678 0.999973931212488
0.0478539658459198 0.465819816165948 0.272192356922836 0.520689047002032 0.00460261156226893 0.174504873885355 0.00262886899197967 0.50958542945464 0.179955899842838 0.0576686978655618 0.00517528895763688 0.814026650792268 0.0743839507480604 0.0307830708647928 0.0942952136791112 0.913497343498569 0.291096614649122 0.487099857673806 0.000413725271304182 0.981854405777753
0.0926633487545158 0.485445734746656 0.373148896504074 0.723259118086116 0.0312557079793372 0.169073759389047 0.0347814631104639 0.0260689493074889 0.30813917063148 0.181451743090909 0.0223512447261877 0.992989687831209 0.076157042326617 0.0493371841834276 0.520514633711289 0.0382399952623218 0.263184105856746 0.488180850166998 0.127512936399505 0.0219695935725763
0.660480684433844 0.781369597406232 0.501524091997845 0.821169852088915 0.993244519292961 0.69549609358084 0.081380006913865 0.835520339651144 0.462859828213395 0.883936408957899 0.990898534479984 0.996755595960559 0.476728110623786 0.361060450931011 0.790423458641553 0.997985572692658 0.854387304208984 0.785200849013187 0.0726840176608324 0.999352214900716
0.550358277706303 0.659752510200394 0.977465849752086 0.748368568327975 0.949927935209271 0.384933813286068 0.726000830949896 0.819497604527924 0.826462631547569 0.918662484757856 0.951008157426797 0.998100806837794 0.478596394687992 0.369873766539583 0.9118078902253 0.9965500425971 0.598405355054541 0.736636250733541 0.996967505433403 0.915220795582055
0.101920886400415 0.551418825428418 0.375742628816478 0.665210116248242 0.371176978307893 0.236042847274329 0.0856670770168985 0.489572379916487 0.227084520062212 0.260612396797343 0.0294554176633377 0.535899035737813 0.0766448106443556 0.0981771487011299 0.581717082087743 0.857583268227225 0.264384372742362 0.452581529358063 0.00304402110277311 0.0124073761901461
0.150827528834149 0.543205236585076 0.509330425587999 0.699953132281499 0.493748720749993 0.333539709094817 0.26637338875328 0.159075281416211 0.276045312761039 0.126023619571611 0.212555068633451 0.999127717959472 0.184197819959502 0.0564465733460092 0.636354301494871 0.865786116183637 0.632632674954422 0.534484501714081 0.000673622465616252 0.92907857756883
0.237574290621096 0.608921401718161 0.788386165536784 0.406269367705639 0.988386109675519 0.224263889021856 0.0421457706210581 0.554134247917131 0.690225217588391 0.55203573248119 0.728013373232515 0.985254618507035 0.515200442616809 0.300255338295905 0.659415526656983 0.944591859056731 0.575846773696003 0.517897379896929 0.365105678177691 0.983485700251012
0.0804548520869157 0.577266443296291 0.475981161812376 0.34402418495163 0.385804233756914 0.163004314681147 0.00440501028260169 0.0108538658702024 0.541606347377356 0.0117608809925611 0.21862567847366 0.426248413493842 0.0267701685275937 0.0403857516961538 0.380268524754171 0.603127915337482 0.658461093272677 0.264716507388564 0.00511778330290328 5.60777092115941e-06
0.891583536256745 0.750078015172035 0.97460797679172 0.832897597493413 0.966174794507898 0.714197266722546 0.468728400683124 0.990306016970293 0.999415658722439 0.991177425945105 0.994434305395102 0.999841143216202 0.902869035518196 0.825172759399085 0.965945580529392 0.999012934125459 0.759303569514814 0.899171230459834 0.988630743248818 0.609450920618437
0.692868323430779 0.848607285112226 0.960172541041213 0.710350699313186 0.995858598748879 0.526040098895855 0.592503955524247 0.970452868932666 0.979409280760106 0.979994623752313 0.946021831660219 0.99837693507966 0.699838487356925 0.527663986569052 0.928261866039608 0.993988331454224 0.561742816483984 0.819971698579975 0.999934771073085 0.72147324991825
0.139095980093727 0.674858881192827 0.103204358067511 0.76205153671738 0.233619742185593 0.632704722422135 0.0493625852268858 0.143983873179719 0.845977337092681 0.116392656943291 0.74324838412213 0.921295973082417 0.235660788425286 0.110574485576374 0.84051545312278 0.998496105845117 0.646856001780362 0.315400054350619 0.27992042670293 0.106105394719362
0.0624992007387505 0.631766462461013 0.260192991916401 0.804886890087815 0.55411975702315 0.439057740093917 0.344856458092898 0.122681164325342 0.0138383534122832 0.293050503037934 0.0725366690461051 0.664771779544032 0.0585393407281393 0.0762015151774143 0.73703639528341 0.930636537560576 0.51495550684698 0.548409609670486 0.00343568312692538 0.984059656394433
0.195122897615286 0.554381109173997 0.668790023083146 0.633243987855244 0.651714354054421 0.70543586330417 0.0780113994613861 0.140774821193043 0.962642077123585 0.534103500882391 0.159318270787695 0.764444326808483 0.129565850227977 0.110134587868549 0.635272664891441 0.722874627863881 0.500507680148486 0.418204337050798 0.414760746678141 0.00246223166693711
0.422226926017872 0.639545160249592 0.457243782570805 0.716289611882584 0.907591106913446 0.373953110605933 0.277491889343156 0.48951222229015 0.99645381855319 0.824949259044141 0.526038511956931 0.99519684725827 0.677581119025662 0.370164542559977 0.503050202872243 0.972343776493455 0.708654253386096 0.83525022675166 0.932589802048815 0.038672710453906
0.156837883824813 0.563154745067539 0.701247302172457 0.638433608019771 0.249756576865666 0.782612903124851 0.224038303077536 0.394233649106496 0.693032881800904 0.295003745952959 0.151359316740541 0.603376330691715 0.15033399608116 0.123446576891512 0.73048869655799 0.14357770585721 0.732248164983287 0.692507519928542 0.0398763431855076 0.999819547772046
0.24560972568151 0.671071354194496 0.231802414906381 0.681710822236991 0.881999641981097 0.588660400933411 0.300664987439164 0.929951443969701 0.340033455286768 0.319930898962659 0.813359729412412 0.996966162981701 0.536979161745615 0.314148811508059 0.544665437453143 0.99900754406259 0.324060244396125 0.760331778054315 0.223779872782011 0.0787563435322659
0.579290856896846 0.61542403505158 0.553509026420085 0.486632433174555 0.889016615912113 0.172517784925453 0.0659678041648741 0.765258826195342 0.245554833508782 0.701241077141284 0.962052863288686 0.99610666119985 0.569768104623983 0.181849397897677 0.834875455714633 0.951878565965081 0.313208109858582 0.607986018650192 0.322789877662917 0.619838664136
0.485855257957415 0.703696278894578 0.393573940647922 0.772288656353499 0.980925048813131 0.496715990792935 0.697920699333781 0.94730616112882 0.982147724506966 0.638794764621614 0.993217870987386 0.985937033825656 0.531011370449987 0.317639079552852 0.950438006699102 0.996908765939121 0.735084495600575 0.881136797195739 0.206427070379367 0.00436396856905836
0.3768376030928 0.475642184704671 0.85210221410751 0.569815923705941 0.857082290585534 0.738381453036425 0.187913367462208 0.310079958753902 0.758330769187277 0.913824462550634 0.359321955714003 0.858244381966855 0.1614764910583 0.0769414245305562 0.81895177497598 0.971073969869845 0.709774900773274 0.822835321393028 0.387963699991195 2.82799480857643e-05
0.0823987364035208 0.522960462092826 0.550176465731069 0.548051465027235 0.0977190219503231 0.361229439801937 0.0325349826747948 0.250975647965733 0.199010630121327 0.0668864958815782 0.133875615192808 0.363889659604714 0.0600013334625179 0.0964688612504673 0.587805293673412 0.724352848637352 0.37791453350197 0.301126341279051 0.808313060156601 0.799923117189443
0.34792256307277 0.548382208403662 0.542863526274811 0.655095209366918 0.917659297118244 0.436398537577257 0.385135252677285 0.942105434542673 0.936525385439248 0.902240990919406 0.700770024638882 0.998300255023635 0.800378513151503 0.167265276247634 0.772912702432571 0.98167537039179 0.546318672484139 0.512493754985896 0.894434221848898 0.216617859560944
0.0481968452060165 0.564756471351888 0.247802704651634 0.700536155218876 0.44064718620592 0.0941120417036906 0.0373214152417069 0.046544588158572 0.0882118373556117 0.0667287781308852 0.00389706924497905 0.721340869162708 0.0463878987906155 0.0239241966957771 0.342410028148634 0.964516587106911 0.279533465962914 0.568981704239758 0.864261614816588 6.18858793905341e-05
0.0402738501142239 0.496448774301997 0.152996777872631 0.405288856384111 0.0589900267713386 0.387498103820786 0.018061137887695 0.164973121372427 0.0341861373417247 0.0301753486974969 0.0907505635066927 0.865163102599619 0.0880055784222087 0.0240983536184963 0.0570292618679755 0.774213891629553 0.199769882114952 0.316619273888191 0.541647091405511 0.958581524760659
0.201871799689081 0.435182913725397 0.404331156649271 0.578601884134513 0.381059830238734 0.152224273362119 0.0568934609023851 0.10731193019108 0.245412525190641 0.37343770440852 0.334081884871715 0.89101089548367 0.312987768272077 0.0821506044923317 0.678248508539695 0.831468355678556 0.489241324872256 0.714888529896918 0.89512232760545 0.556858823425434
0.237776060881245 0.544703100801645 0.26018961126761 0.703568677645572 0.870548763823837 0.881615582354582 0.228690698808939 0.415969770422261 0.368043526557773 0.772312315997654 0.420856463110138 0.996407044073494 0.40302215762768 0.0959281511305247 0.783089123455173 0.998049203370361 0.523182529321454 0.823111033444979 0.00247440823878586 1.40181480341542e-06
0.364831913733952 0.717488839820489 0.847355048996797 0.314147256528264 0.793064224256366 0.3430729874406 0.174815531515127 0.948941826777984 0.582539694599946 0.790015561558655 0.827621929738062 0.871461791688483 0.440125460437324 0.155980459847006 0.717627305864638 0.99459525974329 0.59904997457334 0.419260450120654 0.897182942335513 0.998685936686717
0.592009140493429 0.758818816918786 0.857077846268672 0.537028066101643 0.991228578423658 0.443202718172267 0.294796907908826 0.48918896211189 0.545305266806927 0.947125494747129 0.609772841946492 0.996490536496385 0.521752424249277 0.299461746430305 0.882942593558419 0.726606007901348 0.641770091557513 0.821802851068966 0.399262982397963 0.247219823576165
0.674233590819134 0.6832021406428 0.503112631501742 0.655296751361407 0.989679094072657 0.387559674390307 0.139710774742662 0.57498063680192 0.0816081747982038 0.683949103214524 0.78291164792047 0.997710116391723 0.558967321572772 0.194111551124534 0.520515250075053 0.996934644519349 0.646178645732557 0.547339137897359 0.0263106442102669 1e-06
0.132465395963846 0.487143256570705 0.44389328997356 0.702891034791864 0.365642844785674 0.43902434596262 0.252359358184018 0.0867559838996827 0.0710189287870914 0.118638233847673 0.234769498456274 0.829308047190555 0.161250291348309 0.12621632565128 0.732895754535884 0.632638654584608 0.452908995665471 0.550594204442347 0.00226647790050973 0.166128404412187
0.176617594742713 0.585054422619521 0.486374294427518 0.620538114005488 0.141061219683415 0.45388675014529 0.222311251478784 0.193811401162473 0.0745194888603445 0.324750511221604 0.333251933914226 0.876325203511609 0.153921802013179 0.244595147113688 0.74500616812391 0.797216588102621 0.207809672842839 0.31980182558027 0.0304557860081219 0.998428639036643
0.430587791444884 0.453662504744655 0.815504176868663 0.37910298014189 0.847479968073464 0.573023671101548 0.403740938792538 0.842820632664113 0.755778720613922 0.626352344472567 0.614952271107064 0.787813819947222 0.520305757012965 0.31227646270499 0.796141917227367 0.433460448133399 0.574771584423447 0.569465674647713 0.233372886622742 0.999957796255624
0.19478358861034 0.464419926625553 0.20505028565579 0.593125266925615 0.73867704065473 0.239163960333121 0.0265363837668059 0.57710824778751 0.182048993395381 0.255016581451174 0.645439413556676 0.978507251142197 0.225738774649521 0.0830129925246792 0.243186454378265 0.0512969653311382 0.649675548779412 0.482411873849199 0.502300153940289 0.999336209869103
0.0808498211987676 0.312664124177994 0.232841661209232 0.466204720149234 0.0509417212697563 0.210433420133189 0.0912165247037448 0.207744113152666 0.557421433537047 0.0431023680513197 0.0457533962348291 0.593888758188391 0.0180548348457164 0.0469381112348042 0.65198340493918 0.0805014055080732 0.289630027098078 0.216857900935226 0.77841991386734 0.000456051677325141
0.059842862550422 0.589553395602732 0.756093554355043 0.649712943559054 0.0386422705393441 0.102671097109082 0.147265114112556 0.160526986186266 0.400510141624974 0.446744986275835 0.127324084252731 0.792400481795735 0.147358707792074 0.180260913529497 0.681332660219049 0.746812269720485 0.296115472329008 0.508808409128237 0.239684547277968 0.88855919648105
0.582165005360207 0.672063551183726 0.977140361005905 0.571946978863242 0.907606431375031 0.688302931682129 0.709109521951828 0.884803766797124 0.983135404706108 0.725716899609476 0.923870903721136 0.999672446830609 0.606266537838905 0.487743287911362 0.920875756155725 0.93733210034125 0.648048766134213 0.787261209834377 0.0671829605669928 0.666390640876162
0.0560320707612094 0.67143887330284 0.422672950187071 0.664517883259499 0.470425819132035 0.547459267029531 0.111382662632355 0.406620548828397 0.0510874846164161 0.106713213596065 0.144813520520212 0.910740768512391 0.113943483648912 0.0638224037933463 0.362080843271285 0.813414717642779 0.526117109178272 0.256459231286406 0.0227094407965666 0.999281662090986
0.269834680092943 0.614586435973025 0.25303042680347 0.331076787295617 0.818667109636436 0.166464315336838 0.0569260268957692 0.331240557862413 0.699304125576815 0.165061633743014 0.1628712561317 0.845708710943482 0.121360936052087 0.0964656608625582 0.68332449292123 0.967421530045667 0.415133807634953 0.764365946624118 0.149426543743784 0.26704227578097
0.273772145341094 0.672859236663041 0.313808434314657 0.818998718394859 0.619628161761591 0.304344875605914 0.498893984822837 0.979920211542039 0.25597068788654 0.847719588837969 0.469779372003635 0.977341475475687 0.529817241574167 0.23069920069484 0.696020640270906 0.964498878374437 0.487694840968741 0.468279386177038 0.000967548106747367 0.0762766159580804
0.216008787880677 0.583993616630424 0.382777889610646 0.814517868412538 0.508457993336634 0.430423624236401 0.214085254251881 0.0605660440415325 0.771001207865093 0.243681308484936 0.48201334997162 0.947018122926957 0.0659725523247783 0.0534316448086168 0.390386053340859 0.861986862358002 0.590708934532709 0.334142619710454 0.00351015937078928 0.927187954286862
0.562065134090038 0.804140004115621 0.971769894118057 0.446589722570543 0.980745153417858 0.353862521853501 0.829709694382782 0.865039386728723 0.972424927103984 0.990159592328169 0.888827599760739 0.99339172776987 0.708748178231333 0.247492566313322 0.951541372294709 0.998443135018275 0.344712712823084 0.668018355264375 0.969724005079915 0.998848890338476
0.0574886485191625 0.566088725488476 0.341410119881853 0.563506146889042 0.118999907937331 0.253506858078923 0.0338086893978874 0.0294765969134548 0.913342886580777 0.263977147874211 0.337648335163504 0.793699893253213 0.0636634996837218 0.0963952996250654 0.510965792805988 0.81059904108286 0.718823765065615 0.253829705688933 0.496357394051699 0.973699071015874
0.0228597695172783 0.484722360124143 0.0818195538524274 0.476121011226878 0.0149640332108932 0.554954949873939 0.069504493795681 0.111780570589394 0.157501855433324 0.00795202615955082 0.024186778593903 0.87365746596077 0.00775850715486385 0.0961147717372286 0.250125110132926 0.746401762876563 0.401360119907615 0.271174125176256 0.000507176430333387 0.00209291000212455
0.104751239267796 0.673733058190382 0.386880064720442 0.631239128192537 0.54497293679949 0.0954776279467411 0.0508878098061153 0.511471537285251 0.53094110255999 0.486495817124454 0.503565164928403 0.844223312085693 0.240347563892197 0.0492973651231347 0.379988028796457 0.982033113718443 0.888127572643458 0.576956124147375 0.990130868357658 0.000258801436636298
0.125471162635618 0.637448435616553 0.594035805906923 0.697504275794142 0.398625397782549 0.447819877169217 0.0825244512294237 0.391068830344893 0.0593129506855877 0.662957835971278 0.647879594023585 0.71278062203976 0.243040927150802 0.281797631453949 0.313313692488724 0.978108359563184 0.684007636227992 0.521857037876294 0.0161989766493765 0.996070320479638
0.428557418281333 0.576338032066016 0.619969372050775 0.507106123219632 0.770336993439093 0.701597570512494 0.0698449752014574 0.826050935006541 0.976929700717271 0.414511057287013 0.33400365746232 0.987580677007731 0.419569293772773 0.286052422644524 0.879557346153752 0.976889665266452 0.5382331709248 0.68686286493404 0.759336374583134 0.854671027849285
0.184133032028617 0.51229975833916 0.324365078204205 0.480689503436124 0.841123671898173 0.43641528326114 0.38904426582495 0.338441470799514 0.71373764736034 0.136771327533973 0.435147149898211 0.869446363248082 0.0575291105248964 0.113238989193942 0.470584958365344 0.248666171197548 0.231005953079237 0.54393379145689 0.837813693256395 0.999996020072956
0.0897999798658186 0.552859827445206 0.51673435232466 0.538279313330636 0.233804278828124 0.624756834498953 0.0345135071537316 0.0820548797416916 0.0219150909431008 0.068517602042636 0.0534987040459915 0.951251468153484 0.146559467671732 0.0434775853320982 0.758513484000099 0.527708755617075 0.329861091910287 0.51704267110612 0.0245486422591601 0.996290998524299
0.0407813193702901 0.528826630517828 0.493698248777425 0.641065716037254 0.0180151381009746 0.452099515987101 0.00698701201235963 0.0301474307637332 0.16975134465892 0.0928941895095938 0.0310432109278556 0.51706047245439 0.0298929029447912 0.028727787325256 0.138119084984486 0.0728093076415286 0.17549061895683 0.4319575146703 0.254518890651552 0.994709875923126
0.364392112094526 0.647416116034358 0.495082661042516 0.875245379041783 0.623330320660367 0.683728894512635 0.468752174244417 0.885895253096495 0.614604372834667 0.712107009924407 0.815785317151473 0.98796021186529 0.668894932500723 0.261092829108891 0.871782834544783 0.99715676803539 0.484050888430054 0.707112348774568 0.0511513596774189 0.985402088308682
0.353254469274218 0.666795398927426 0.704405868515714 0.680542076952849 0.481318093236417 0.675517465013557 0.0390863019520356 0.736735861584404 0.0215612359610695 0.774612226817277 0.942544642099346 0.978670967671177 0.269738242640018 0.174847290911996 0.957029431766594 0.991304636945997 0.393534419231884 0.543084516392474 0.0247989312305665 0.043596811906168
0.0691277815335892 0.64038122922438 0.426658105759547 0.448506968661764 0.145314766866346 0.272165987651222 0.0744956340637386 0.443942363184971 0.229114790800023 0.122910883944225 0.0175884861570925 0.397235155053382 0.0333698691778458 0.0867358077904991 0.509888913598288 0.937268364659602 0.698405669604478 0.357297133918557 4.68180479163675e-05 0.957142374777097
0.175998188674782 0.581759610076584 0.816125273363086 0.577164549074181 0.220932246390064 0.390013369358574 0.133588353392752 0.489130992075344 0.500324972896727 0.3950951151495 0.159493636679275 0.982058209304731 0.142753252329836 0.10412543566565 0.261970416146569 0.860844503595561 0.602121445778043 0.670006354979413 0.999117803972304 0.995887403867731
0.38842970173924 0.668458816599922 0.582932881560756 0.845695229322613 0.792320197427662 0.906753188388915 0.584453584334128 0.642246332065042 0.989927601588596 0.664177645357493 0.838230064659259 0.956435267922385 0.534318216972957 0.286542673634043 0.868070124031131 0.992704828680844 0.393761703433449 0.66590295261065 0.0581703817358128 0.377082876711813
0.17142163687431 0.57745314850498 0.660836248509023 0.648948062309563 0.459540940908512 0.581656924179295 0.42820284149036 0.909907255293244 0.887919630000629 0.287994688449617 0.869951771094519 0.987114305054859 0.243444607057156 0.119008978913401 0.688401713864322 0.98249418198964 0.561513406492906 0.451445529050213 0.224999610921284 0.000266336310137678
0.0990520483816642 0.461019466392098 0.51212529828859 0.665144291754092 0.624574402943677 0.502088851715413 0.0614160593322603 0.113990594168856 0.132977162167107 0.266194775893251 0.125664233537755 0.793375707863334 0.132137602157284 0.105449396426541 0.366270497673507 0.994233302212071 0.45164973047453 0.457549987151043 0.0210074447059696 0.982479032114727
0.0746163184455833 0.476819609505591 0.302590461298317 0.672191579908065 0.0576153876524553 0.268286604066629 0.00875337626019955 0.0150059060905339 0.584352827395713 0.0527549171980673 0.54885161051008 0.332177860159171 0.0243170937257053 0.0267845144573014 0.412079754638289 0.133722811026154 0.422877273972043 0.544707187300791 0.00195242933078039 0.00232961540532345
0.0343787367273315 0.413694226444458 0.0727920010266824 0.505499886052276 0.147255251888247 0.150783111997572 0.0155191615779077 0.0169288961967701 0.0255547638442892 0.0118822997644781 0.0158434255602204 0.0907600160658558 0.0143626765153803 0.0384797916228334 0.421836950678878 0.0360329485131086 0.320976847806129 0.193149548219983 1.85315517267365e-05 0.000669549052939774
0.39722282024858 0.674756785330386 0.673454131649237 0.673981928225721 0.901896167970974 0.57149045317284 0.312119467961064 0.990439814942824 0.342389484876531 0.767571601860281 0.828347040544185 0.998459135649142 0.322852334645551 0.118137732710328 0.935077815102265 0.838991283604201 0.699979341374454 0.813903961484601 0.037161474648695 0.968228914623995
0.72085572304351 0.721521560740706 0.852051848826247 0.397089540690944 0.853467214722229 0.764484105152836 0.72163214895673 0.937108630629709 0.907678664379158 0.890845946196474 0.99636516602877 0.997959345143356 0.749834730592674 0.34599231132452 0.869678209216077 0.94255167648218 0.681291223501719 0.711145199348909 0.227939849670185 0.0188137367817011
0.18762512835105 0.625809726164464 0.662722239872038 0.424037061508123 0.809973434666296 0.233078117702299 0.637371335771654 0.556530283144242 0.973257418890506 0.538234731592145 0.299359264718204 0.995469460132645 0.159937255631824 0.166734761183497 0.477609282018851 0.508179790332086 0.562995370023177 0.797863904172796 0.325494561588415 0.868930869938563
0.186717187977972 0.70271122254855 0.815812454678225 0.86472740163237 0.895795425152722 0.700040793867358 0.0581817415183231 0.819379609679806 0.927950417363391 0.762056862057762 0.868060591362095 0.966424182243426 0.31426133231211 0.133685143677148 0.530999941665579 0.449166065449327 0.692294981178036 0.667832537350956 0.972081100356834 0.722856113862714
0.595812156119397 0.700083527954578 0.909596813758668 0.688512753613928 0.941765679236782 0.382521564836388 0.706962521574701 0.893901354803888 0.737969232057175 0.868917593247138 0.88387738624962 0.855025646757151 0.736777947336622 0.367146155977834 0.762698429879435 0.927792621322022 0.728323667827787 0.779372666476299 0.02830053887373 0.996032944197693
0.104686672344347 0.486367844306205 0.385113947745814 0.645438689518885 0.909658341858057 0.449294862328259 0.117011374619135 0.8201657199335 0.219056125589178 0.306927264815613 0.760075912446445 0.067405448214953 0.338481496401834 0.120659319761818 0.667712823860245 0.893692858482946 0.781534855313399 0.445590579816349 0.0121223652648408 0.999998666043405
0.398983547425876 0.755431856660488 0.32759667338973 0.747179502809437 0.955787523541608 0.12377239111238 0.0279706208973261 0.0736837466143322 0.899483806301189 0.263488137129578 0.535274637069577 0.868712181411839 0.315210810020503 0.104960165045646 0.31564804427825 0.98888810420537 0.619269058349463 0.352253225106739 0.507093876394821 0.00999314069019616
0.091893332251266 0.525594532835169 0.731630188191271 0.703675156414993 0.371120495283768 0.345150918211231 0.0956759660242021 0.14810030882175 0.00123534698575102 0.0293372657983423 0.0431509136868715 0.888157090335861 0.0143039438261412 0.0517791786258144 0.172876504528697 0.99714021713277 0.462029335948406 0.14723607873817 0.518217076814925 0.999996791557607
0.0400813942162804 0.642506109037511 0.24262565947487 0.446306707050028 0.0900461880150245 0.220567092855232 0.0962219908683767 0.0560075850300656 0.230406838801047 0.173486806628225 0.0749685782266243 0.441830848873504 0.145613656989385 0.0935984839406021 0.673038470488435 0.437378803799721 0.335253144200563 0.486533723549724 0.0158194324321404 0.356356182941888
0.329688985187313 0.592286414874546 0.882731954868511 0.463379846101956 0.265474674715234 0.81705364404619 0.243914054413176 0.501405364443279 0.042775417585699 0.230143066907067 0.79044614818867 0.899450896340471 0.277214874804302 0.1267540629911 0.569323997877164 0.979416720385353 0.65871904036078 0.471145628615951 0.80393445363611 0.999432940207333
0.693997006616894 0.808452109048784 0.675042956251133 0.603352925933631 0.881520807586186 0.604139636933304 0.386730784151877 0.929909646806234 0.881069897564658 0.935212479479546 0.942652433940011 0.974671769846983 0.517189011940236 0.286616136850082 0.88459350904488 0.999979744203658 0.857561888915312 0.775100097499679 0.999520070812447 0.999993375040166
0.363072517913406 0.677337371695428 0.518650583383087 0.808701914481035 0.943871287427561 0.74311696330243 0.190329634975035 0.883029736950475 0.946008694908456 0.943995463603327 0.317697133435367 0.90906388658194 0.425107213002118 0.198000096221435 0.850817572880208 0.995355125004283 0.399479545178647 0.779213976204564 0.987477858761811 0.462436962264156
0.105471168016053 0.656654217300733 0.337338120783848 0.479416275036564 0.719417434050442 0.267297027257659 0.497582589293352 0.302550124476064 0.730657639937663 0.639535472552088 0.503534739808123 0.937142212480156 0.248794138505657 0.142178763051162 0.761020581636269 0.993666617135275 0.206678040179623 0.595302874323058 0.0136100499488472 0.0168132565637087
0.0611036272052422 0.599848573547646 0.575917647199696 0.797895756298592 0.898050797737312 0.356044429317632 0.15385851245725 0.0349383239575933 0.00875015342981229 0.383582155985077 0.0419301228300732 0.870276926393122 0.319784251472813 0.0562454298724885 0.708263455882368 0.914810999323608 0.233192914568574 0.35790988842526 0.911752786023823 0.808954365579022
0.11015893618927 0.577831240006369 0.335998970100273 0.685603168138507 0.593876700272633 0.51632606821574 0.200762349881393 0.733217953268308 0.456755732589159 0.213837173302556 0.104005041162596 0.378943893878316 0.14735045235866 0.108089564737603 0.611177760140265 0.996363548808788 0.382499960756037 0.739142476802341 0.0167202990683504 0.00426831636629808
0.167837950206572 0.510174469919121 0.481141261082491 0.424210550173026 0.232341813001395 0.276548095401944 0.0396691482935716 0.0539280929524949 0.863459542160058 0.459872313420548 0.718515882759076 0.79963383889602 0.12803751690767 0.129246942076904 0.162095332857293 0.869028044896936 0.751207519693653 0.469604715566752 0.000807789454538781 0.898977384142842
0.030695015473914 0.532778522745425 0.372188002724968 0.72568761275398 0.443917512925738 0.108125481338247 0.358097930593903 0.878580504421378 0.75039742946986 0.0738862105637791 0.135826908690969 0.952244028097644 0.0295706123683041 0.0553024505041413 0.133880723593897 0.300714680033804 0.657222006472261 0.616357686540852 0.00300014442915467 0.972126948464161
0.0468925010000454 0.444220045777847 0.154305019434007 0.57540152899316 0.0422149326411934 0.503883433025094 0.027334205783975 0.246561955508124 0.0352324514180001 0.0286841744086964 0.00639723809088442 0.625574203449369 0.0264901638239811 0.0179314023815487 0.108351397351377 0.764213411213837 0.417670105292281 0.459813627176584 0.00487588431313413 0.30290423211081
0.145096226950115 0.736825480334757 0.399401097492544 0.725945498093345 0.235729738035727 0.820419832728072 0.138031566888457 0.281718501467241 0.71775202074845 0.295341918376382 0.330275113016046 0.858518917492767 0.085317468664564 0.138848849831274 0.720013028255044 0.913039799603016 0.614663634464037 0.316385014282301 0.137504923229976 0.0573109833403811
0.509680538828292 0.753221542136313 0.810598694442288 0.860552878347294 0.967244201646826 0.27908813671529 0.402626652524107 0.990454549374493 0.994775369829529 0.956207302700885 0.930473202275038 0.999421936761348 0.255060480647866 0.424249057466307 0.83620883795427 0.998766773810952 0.754356786998995 0.86516973597714 0.342819444855352 0.99992307051782
0.351044685679364 0.596112944259214 0.657387742355656 0.754100007667405 0.945197094151245 0.502869207949973 0.134673632568086 0.820545868509179 0.628054906142505 0.58424303257155 0.555034499200782 0.983814904541355 0.370973560939343 0.15154452840723 0.564156762447556 0.967034724198749 0.368808693049212 0.574279310828396 0.977462232895381 0.999994865818276
0.0847705318801975 0.474455590546445 0.800373294161218 0.61443155088879 0.0597736853882231 0.368211362219647 0.0160598549667198 0.0874029368632678 0.370934543184532 0.0993145956121921 0.315599047765531 0.973446873055697 0.0924717479904264 0.0457752031110453 0.421960126881675 0.0360430099033255 0.668907241489056 0.298531846204925 0.0016701143415965 0.932173436269658
0.400653413158133 0.66100570590381 0.589982815205992 0.375625612688823 0.828648478750244 0.610951710793547 0.113528675095844 0.697667766497779 0.951742825081605 0.909274141035606 0.498783930136612 0.97684251442844 0.687799077727524 0.220764238432013 0.82451231190293 0.960388835081145 0.60754354430574 0.72147279374162 0.602842506199772 0.999488185655661
0.0638181336505998 0.504048168980565 0.231154870890485 0.532327259310143 0.307164585633756 0.317552958410181 0.251738036908569 0.146093288986418 0.046268559921889 0.176943544833151 0.106012535281641 0.80128369935323 0.0448697665571717 0.094291180610304 0.635693599627966 0.986007723165351 0.329422552173788 0.606411695698576 0.000304070574249116 3.78665975213638e-05
0.155834414696787 0.498008986013769 0.335360795052941 0.533021817879246 0.384041478739739 0.236811016421447 0.0152846495921938 0.0526437673675522 0.0136839330205083 0.119927755194696 0.0556278122029706 0.929564644191454 0.127944292501311 0.0285257848788311 0.418270379573424 0.924028399447006 0.306215285705716 0.270262542039364 0.862980664623652 0.338073142961059
0.00914491474159807 0.347591748038296 0.177171084741475 0.645057567400513 0.00449438864486433 0.0593896380269778 0.0108981340876598 0.00578727254712774 0.0107506940952221 0.0106819188060322 0.00202043951522127 0.0269200895609419 0.0119381074491401 0.0115395288423063 0.20835837869863 0.379017084600186 0.223403545229471 0.196072618351319 0.00260500994689977 0.0475679923964188
0.133201230127162 0.577814410093995 0.71695175608739 0.639505759985801 0.429173824158158 0.321925020478525 0.155014380168574 0.358449102482977 0.851881594592872 0.608739670555005 0.966135124527942 0.936680158418702 0.213340360218012 0.268694402493249 0.617414980941717 0.450923828498189 0.391437068630192 0.394051118796055 0.355536694303231 0.999954886463836
0.190115652938615 0.58311500410571 0.78505473634209 0.612888260102101 0.789256928511588 0.316568411779835 0.151830122803093 0.948068968713368 0.769700437331264 0.411457067014055 0.639423280973651 0.993736780747378 0.247698691589329 0.127213055024293 0.600256907389608 0.983617020628523 0.628720780340687 0.495898247199171 0.321785110818035 0.99999429879221
0.125173443584415 0.499873137964957 0.156390458338782 0.626734644207731 0.00458856295794537 0.579503347652397 0.0594456505296586 0.367316642546926 0.215969663406682 0.160070729705992 0.12815777117689 0.791086153008953 0.0793955169395777 0.0853392261634917 0.313483757014933 0.19929726793714 0.400515125125095 0.48692768983567 0.435101030028777 0.00112216412827789
0.0978697625800965 0.461360064819178 0.805688500973532 0.539043327191772 0.4654906390872 0.411460319024439 0.141959013565288 0.104569571043067 0.589545764373128 0.231846154875142 0.362659545568605 0.918851834411807 0.203046825061612 0.0522927995334454 0.29298137699336 0.987564978549175 0.312130415674858 0.512639806490127 0.0772527496784707 0.00433037462987759
0.594801926375705 0.692886453659348 0.699907980707639 0.761134798151245 0.980869996549539 0.736400938680982 0.472735078283796 0.991822643773948 0.356285410256084 0.819207034456475 0.888750452234515 0.999385665115906 0.366679093275374 0.311434478409483 0.929425689651488 0.999930232560162 0.757789960622394 0.924556397720466 0.993249003322337 0.00934483795945138
0.673995339937141 0.649581531177683 0.714857478846042 0.675550113161499 0.980757832435094 0.459491052309895 0.35276705173071 0.592733908397307 0.620519177743239 0.832913946829076 0.921334164249407 0.865086026382315 0.541385724576752 0.32765385067945 0.961028016477797 0.99251080817097 0.830911123749422 0.762158094854189 0.201351579860682 0.0363584689913637
0.13826517707307 0.647973332985068 0.826737752133717 0.699051421546151 0.622755544189524 0.494876225914473 0.31628548656768 0.60584618954984 0.685879510740849 0.410394682564405 0.61171991203309 0.176047728741339 0.4685337412062 0.176379418561743 0.755155366412663 0.991454716738414 0.504531999789473 0.44238576055656 0.00104369367002949 0.148478160722156
0.408708279068148 0.555139863963764 0.646913249061516 0.727608215311293 0.955022582881765 0.645586305638456 0.196508816369433 0.994676144595999 0.735771024896326 0.644467407873515 0.625154932352369 0.913175668676334 0.209815315838436 0.164883957912594 0.723544942160595 0.989221989777563 0.674894060292871 0.626480740642889 0.406023166016019 0.985627033417715
0.125889653507696 0.556128368214679 0.63527530346725 0.692077586056275 0.483112004032655 0.303075724309191 0.371023342046984 0.113650002045256 0.560426817288468 0.212612336073626 0.255589577296662 0.882822216109532 0.247925828194669 0.0580203119112446 0.750827125419372 0.434650116941214 0.452546668888516 0.280550507155346 0.00319005063841155 0.999996512814388
0.10106485505861 0.592904130363194 0.58942958862354 0.824154262425511 0.912209787637965 0.217188182081981 0.0892438920914058 0.890765130560152 0.862487646146269 0.723607506814982 0.354185407398708 0.997541222176865 0.399500217817608 0.175164430701903 0.748828647413164 0.995037392374704 0.559917549094766 0.481409957319512 0.617956108632582 0.997128264677344
0.0384544008198688 0.509180384159294 0.212859806549937 0.623041050862878 0.106175732655102 0.242193197745864 0.0990791652657754 0.010120200186189 0.15921978903398 0.0496144431101813 0.00905224900597595 0.381199447907092 0.0825946964373452 0.0567806349349243 0.263030680306912 0.607121996566968 0.45553463829407 0.287588916147194 6.04108874041093e-05 0.982917352480905
0.457735639146874 0.649380532856265 0.692872552128654 0.649069690615341 0.956897138216026 0.332015296534432 0.202398708527002 0.801074512559159 0.289988248243817 0.401969870707939 0.723994839162566 0.978884121471071 0.27738867390972 0.137169274479738 0.735705163638918 0.992622228247202 0.516932700268138 0.81776673580731 0.052711658643455 0.698745855402849
0.0900066535463138 0.641557910891278 0.377801902230199 0.365486048374507 0.43655358056749 0.611793799630426 0.129673667084508 0.577687066468191 0.578722173963365 0.285984047242797 0.420322079459894 0.867911931812577 0.159546177293761 0.129707076428767 0.702606891798631 0.107455912827351 0.581352563970776 0.481935794070629 0.0305865998196216 0.00158500998645067
0.387572084641869 0.641205697923984 0.792587843518587 0.61888380231271 0.990864540524458 0.644616911642074 0.447504228836159 0.946371768950545 0.8590206476817 0.920683469826483 0.927145058887342 0.919288188494857 0.375442380641231 0.345039639441463 0.771851954250733 0.986779114778055 0.637421930276418 0.740728594131119 0.215873058448487 0.978733892912663
0.0567751737132674 0.454411555430017 0.23724848641712 0.67374025748404 0.416719473251102 0.151588048637162 0.0386739808732625 0.0373759314898375 0.139755062722509 0.0295203018197421 0.0165542798313196 0.395945911411983 0.0590436137089437 0.0283029231417323 0.281760278911527 0.784415780948138 0.174631783098837 0.255536933708032 0.00150625806765235 1e-06
0.445859321964359 0.696584279161646 0.872549421540055 0.471499965566037 0.889947375930936 0.463114070822883 0.508680494737703 0.832270738928949 0.984839054106047 0.864884183693904 0.797853617339942 0.996504041048715 0.205007372683787 0.236684965769293 0.945730925472438 0.992820821273544 0.579236383033912 0.763928868058883 0.989377601372564 0.000614846340447878
0.324380729685579 0.634467525991728 0.541966219642871 0.402098466814042 0.622154550032462 0.112246910114311 0.30275827302113 0.690489062929852 0.0848580303210849 0.475588244214904 0.843693152804116 0.992039701354806 0.11292313025909 0.184782763382698 0.847788792014628 0.929386587783567 0.528384172392807 0.546174601957376 0.964131785294056 0.999999
0.107686127692253 0.571871362376844 0.537962021955081 0.667271564436392 0.342291400081567 0.178537906653702 0.040669809072347 0.245575533973816 0.574994947500231 0.102880588051329 0.543028008969536 0.540996617092992 0.333603603979919 0.222389728916723 0.372002494438845 0.97035274347233 0.403114930823689 0.589582629795489 0.155406183560345 0.999999
0.551104156291135 0.75208619559691 0.397057314996544 0.749055252899927 0.726077632710182 0.707604979472645 0.216977698244555 0.853469313328996 0.924049299579801 0.695607332153454 0.985818738278894 0.996231783861727 0.686982637834745 0.0948961623103583 0.601023877484987 0.992529343381367 0.806990823425502 0.658976942844035 0.451988836846816 0.688123520418185
0.245849620098173 0.734272033430582 0.272485900065014 0.499163342138983 0.461514462584456 0.0945094892510104 0.114118933652074 0.275005839614102 0.487677656634321 0.544302937889649 0.409113739746652 0.792876610690189 0.250848867119743 0.0610930395530696 0.53142262084301 0.999267885978827 0.687945245698361 0.851367353617809 0.000925251076389185 0.00143657472977166
0.133453696454273 0.492332726849765 0.23348523880988 0.552453643537793 0.396937776823279 0.422630127016018 0.0289244481151439 0.0720004381254896 0.63015444047518 0.0561261956044575 0.120913674655713 0.207342583297682 0.0761530264814619 0.0145504362492607 0.51014666133855 0.907579550419699 0.558252653512455 0.348756636049929 0.490135219531023 0.0218070749947829
0.184837531482998 0.57712433780476 0.483971010306508 0.527959709720892 0.487926254267251 0.343666713790026 0.0316857069034037 0.122137947471884 0.577674056908518 0.376015635926994 0.0235941951765425 0.525226542434332 0.304622192761224 0.0663405169638037 0.331494548071991 0.997080510985147 0.404118357656245 0.421449527363649 0.258995913830638 0.93951413925492
0.119846215741067 0.586516011894598 0.740773258182769 0.69365094952546 0.509540415336611 0.354305922591724 0.163445580521563 0.163883183513046 0.345855347345294 0.289482246606022 0.740115152422203 0.990720150943944 0.250219069534843 0.0898358503010308 0.890558384768637 0.973751761061699 0.542296567202316 0.646130468201862 7.80105148041506e-05 0.991677568819347
0.279207343926347 0.620867917250371 0.886164924865557 0.69267859206092 0.953402849124923 0.839380989492553 0.18142033125903 0.488137831946025 0.519781204043246 0.77729315730918 0.735367206667254 0.999236622842449 0.369795686581461 0.181630634215245 0.745622896971237 0.971293597322894 0.638438338399145 0.608289474530976 0.884993326340043 0.914982740528913
0.0301380655983522 0.581486131690697 0.812174668369352 0.405675407127882 0.408971974229919 0.320946591976709 0.204975537629311 0.18198179006363 0.0212412745755733 0.208367026245921 0.329650708659364 0.533386774752358 0.22605303208801 0.0451658199883454 0.414683962153656 0.223246394476054 0.576588296789262 0.36809561939548 7.85494127664672e-06 0.195123396535601
0.0650267233320932 0.532664448053586 0.214866514724402 0.755494082268876 0.012845752877922 0.125817245630627 0.156922883065647 0.199122782934506 0.111759615158952 0.0888598992111783 0.0380572932685069 0.889933161452675 0.170767733883238 0.0412823020448894 0.338997084960844 0.97090547831583 0.596890202914907 0.419416895789434 0.00136103300294934 0.0515029206544273
0.133617211526428 0.651358326651182 0.573466460037924 0.793263443468114 0.951783996341601 0.433533636248059 0.140102869799978 0.858303361756846 0.491544655170927 0.619463640554267 0.433882327649613 0.977017888030988 0.301316215357311 0.0236132933402817 0.517928872113877 0.991291764404114 0.249288190669947 0.429350826354777 0.281980134497585 0.00178219960476125
0.211750624393054 0.721237897656288 0.321180514129576 0.689781730370746 0.672898045190891 0.287553906413702 0.412625628752982 0.918318061970633 0.171224093229318 0.539220043289989 0.592451968465513 0.93092835592732 0.51773599137799 0.187075703941106 0.76049052807387 0.984859027743103 0.744741015572092 0.637299253618256 0.00251637579973194 0.851041486160103
0.842622074620063 0.845844113625913 0.962737267130782 0.65467846336317 0.998165220832947 0.683425759762311 0.936433851858303 0.999702647069033 0.996577120400199 0.997871453878782 0.99964458698331 0.999821612868366 0.92987424599563 0.82426655686513 0.987340070886259 0.999814678202819 0.657692835874851 0.945808821184091 0.994602306851105 0.84796736551857
0.0352226762531855 0.376540897966267 0.131073297689299 0.386205292092019 0.103250299531148 0.326930943776577 0.0168540554990107 0.378565900496195 0.200917715862706 0.199063267231379 0.111488636968776 0.510239352194035 0.0998379440351995 0.0409826658164537 0.278253264099464 0.346829300214211 0.466395563753749 0.437953112300752 0.0430819125348584 0.175738275223566
0.423320073414685 0.742117673863377 0.931219049853702 0.693773980068595 0.9755799945186 0.777081499239973 0.781918129668631 0.996993513465685 0.999637120788797 0.99263297783536 0.822992586879993 0.999272707126838 0.847933205517767 0.559097031491227 0.590427638815186 0.993872804124736 0.716658848717919 0.804114139204952 0.973368570900671 0.809212139066043
0.102548825194138 0.494392408768227 0.54027934100004 0.494306956746754 0.699522686574294 0.342706800263236 0.0323820665277947 0.338038775495521 0.862170605997327 0.140064320169519 0.658906798297788 0.753480353620573 0.182548900583396 0.0641452177996997 0.415414713960946 0.999547040659024 0.751738041165182 0.552542209684271 0.492129969583186 0.0522665163629419
0.0682490311468578 0.399055974458542 0.15491936522343 0.665328981443948 0.00135674228864184 0.366316051191984 0.0196171780400039 0.197017453181239 0.0272269883593116 0.0173511417910137 0.341611751326197 0.342025181885046 0.0716227406953702 0.0604106080579931 0.487509071260464 0.753516998546537 0.151923469267975 0.378570874137529 0.00047871273915593 0.984047103103906
0.162792505843659 0.418059808478512 0.188932976108205 0.504206034341304 0.688338737724247 0.398220041304098 0.0546185328549712 0.288680620941809 0.0742031756296828 0.117595922638618 0.110013232497101 0.994232505290998 0.126093734527128 0.0648838612198129 0.109469094117934 0.915042551887525 0.363284068374167 0.288647221489803 0.000967749909817803 0.835026498856848
0.280508422841383 0.534471556861797 0.759924956516324 0.712804462436851 0.957858950846479 0.604163257551143 0.0296467052557307 0.891831510781874 0.0684749276190984 0.597769496224544 0.616747931541671 0.956310440993995 0.179310864156447 0.13567481827109 0.770824177964561 0.96751674971099 0.656001125083929 0.590564493309503 0.473740085898785 0.00115340893471444
0.464080361339307 0.76312363837307 0.741419734467968 0.613362680375761 0.839144689262051 0.310443537158201 0.417572195530086 0.726512123779023 0.784091641230445 0.58029263370786 0.815737633041422 0.990817275542458 0.433127059746486 0.463301635045614 0.830859751170859 0.999473360371767 0.484390254382203 0.843844788105693 0.983476456425052 0.0609760511936442
0.102717549261558 0.551853645688702 0.529809179466476 0.547484345359777 0.813873266723268 0.871907207980785 0.216800459178407 0.707383826115298 0.132864589410816 0.887008908646698 0.791721860040586 0.512402135314366 0.285100906563119 0.260925523582659 0.837535125750618 0.98816256270352 0.619735757361123 0.702505519239072 0.000610936549987047 0.868375727106161
0.529009258143214 0.720601322647112 0.618963670800885 0.662626810499387 0.988377580854424 0.671872869948051 0.739583637314375 0.440298877077838 0.989893688604361 0.811980557763328 0.943796100580748 0.980452030826805 0.509658101379489 0.243947476806843 0.671766428429709 0.996959758381632 0.673011074425514 0.742801038265694 0.484835443600848 0.999993431966088
0.928704936430205 0.875017606452019 0.906292196996105 0.772563070444444 0.997694904864836 0.816633627860411 0.706433843421721 0.999824712949697 0.999329934915838 0.999093034834414 0.999884379888635 0.999538361565919 0.914349851318815 0.793319929128634 0.996362983118193 0.998119696002637 0.777806839440489 0.825127207098232 0.991320397329891 0.991728008419988
0.676715891947376 0.613231854834415 0.719208965371055 0.479634149703516 0.817377315057107 0.201815539136475 0.367409635257749 0.687334383628491 0.993934785410747 0.795920196417685 0.981728406505293 0.869268561492392 0.291047164842555 0.201989724421929 0.368133186163326 0.466092564726461 0.710685212090015 0.462164320069939 0.0607902727997516 0.957987473472243
0.494174947169981 0.763967449518918 0.776951108542787 0.715126960990403 0.881751652214801 0.320976177582775 0.131395531647863 0.837511110343693 0.987988198462871 0.397487062137042 0.754387625923527 0.997944607854938 0.566885943915478 0.309891426625205 0.907152462034072 0.271188455465876 0.866953623177292 0.834635521117994 0.000781293980899048 0.999956523679325
0.633324876965737 0.760246648273719 0.917605036918603 0.799353911315863 0.96407282660762 0.483365500771276 0.379316870236238 0.992807747997375 0.388899833381687 0.948062415779411 0.992309551550396 0.9965135673518 0.713510143818742 0.323251599568982 0.956190896760046 0.991578700685206 0.682382503716502 0.616026543825332 0.531014136245681 0.614041978292222
0.203443034191571 0.475721931036322 0.333809779772315 0.444521389185481 0.0165779381329903 0.225512862469012 0.0128804269545215 0.0456102300449109 0.237592298921153 0.136492819396593 0.100112156820762 0.470113909665771 0.0980893065997194 0.0609525963181948 0.854183338612282 0.681222856439671 0.32750740263056 0.28823550068104 0.000128216305856505 0.197458259160738
0.133873300328388 0.464565767536027 0.909604618877312 0.349325358909391 0.0963938193107077 0.167257764708808 0.0276420338075575 0.253628794495074 0.0571192742929966 0.0377384124633953 0.00287926390361946 0.979975304505782 0.0989948599634083 0.0523274093261298 0.225368442608884 0.459465709922617 0.638061298076422 0.318142217159024 0.000422483933592429 0.00390949209811596
0.0256629671768631 0.422350837461524 0.540627596993238 0.473136270219948 0.148249833188627 0.502801022731683 0.018628227992389 0.0861345716340436 0.644155018960721 0.0657555317845985 0.0169115349483424 0.957262463347313 0.0474893463454616 0.0347725810953468 0.0518096168751916 0.737098068310819 0.171048973154811 0.336478186986718 0.22038864923356 0.962132821623066
0.157198345650661 0.54771789521039 0.921812334270459 0.703439124772385 0.161682686854022 0.349509511121144 0.038350743571641 0.61065280162818 0.684690203422798 0.286517097473386 0.655797789434222 0.772645270527136 0.333041577272507 0.135802694718639 0.822038079079271 0.924603568542703 0.432686583244266 0.66066726024241 0.897055075793327 0.949199703642098
0.261652607708695 0.592647007541322 0.554696106241658 0.616264486992057 0.833175202740782 0.514477382535248 0.328984288616719 0.734927339984271 0.0496605504197658 0.503118494641863 0.484554246202983 0.467475648912013 0.390962057121978 0.149244957584703 0.355457529891748 0.214640736530463 0.506500223100291 0.46611762526992 0.00293380033865414 0.99991136985614
0.158174732748377 0.578655728509574 0.0938447812721304 0.456396370814624 0.733677355311369 0.0663017341076553 0.141666193660274 0.157919345885147 0.936207212902024 0.178901113301767 0.242674314073735 0.439121350034088 0.18283334332695 0.184504206922026 0.915254948613382 0.98800232761129 0.770644003014285 0.414885469093414 0.00243483761237058 0.0354027412770815
0.176405590464829 0.658091912762806 0.430202186713071 0.382671178994482 0.412093280339097 0.39245923963784 0.583959793513138 0.806098767631869 0.826590083091989 0.23522784596976 0.462294830957844 0.822277932826518 0.0737878462624362 0.0787132852012397 0.44109061414999 0.929822824015222 0.35438284572812 0.342475108655832 0.172048691531629 0.936834236248066
0.196368849683853 0.516841049149969 0.11830106546517 0.402580905573613 0.0466233647748295 0.720780740362505 0.142634697322834 0.335918955800312 0.664609783704652 0.115927277935694 0.675959039484815 0.730856604132746 0.232891841493452 0.0642184790550411 0.433605494227203 0.949650071125582 0.279269821949972 0.283085996523966 0.00911079962502617 0.99937113484793
0.150979185457661 0.462545265463295 0.52075426681947 0.398403677990005 0.456173900929903 0.0305494446636655 0.0732628189411468 0.2738752481672 0.649922034465856 0.206721983652999 0.561859389816661 0.975743327108909 0.106488155824391 0.16889436139569 0.925535187816057 0.272824390987835 0.469741259436673 0.535250166698913 0.000364657313948517 0.796942485973857
0.236684189276405 0.642091251799246 0.644742172286444 0.630742884751323 0.74392408808508 0.470933171145337 0.0735595091404141 0.688636422392711 0.888036679657203 0.518833180868221 0.787630851572358 0.880013990936822 0.536467993237036 0.2554635902262 0.863550789018347 0.999275920155064 0.520492508511768 0.606964183899139 0.429463746287622 0.979744708661729
0.18367357647489 0.578453319982337 0.504285736651374 0.552012318542874 0.392625496171807 0.695892793936001 0.0346068246338559 0.616955895035897 0.899353523380005 0.403650719195352 0.165103538635141 0.99890304294281 0.129435617844281 0.127081442330267 0.46022172298197 0.884692146528611 0.844074626251481 0.644364812698069 0.872868664844135 0.125022684832661
0.61215622877864 0.678476054755745 0.800204500187333 0.696979297697208 0.97659951875164 0.482818004765801 0.594676296608989 0.997787430569 0.773142369841719 0.988045861439601 0.975774785785597 0.824598609862094 0.653623714255127 0.280532864202373 0.84212031483678 0.999855385581142 0.320320629732577 0.73933870893021 0.120429507182212 0.971387347602304
0.608400730968225 0.774970011719852 0.941173466945664 0.678344668724809 0.990462120878075 0.373013602833884 0.720310029072024 0.979429266151834 0.990440339079729 0.976772140408697 0.942065435166458 0.996515867800718 0.762339226581967 0.55710376841126 0.932640380003855 0.999532282209956 0.501512303673645 0.855195174412005 0.999883105607638 0.915292268085416
0.18705064695391 0.551468740846346 0.379706351267514 0.855792527807629 0.582266998373679 0.758833348060448 0.0913605530307824 0.806865993317723 0.979400745899071 0.376010377445474 0.834149603695484 0.927803494738854 0.235333463181703 0.144830969556037 0.669485233118508 0.9365995891594 0.272674441909085 0.452458887166163 0.90100536451286 0.866303581055165
0.256297877158188 0.721422186471529 0.762913151643408 0.889996044879084 0.950976890756961 0.823265798134171 0.474431762256536 0.834371666495301 0.966429209508459 0.717903565509539 0.908441856831866 0.99746627315458 0.155638694176049 0.503138740709997 0.869794904652197 0.976970074876054 0.731987693421312 0.744969354312341 0.469106063184727 0.991022842603639
0.307996991852764 0.729623468503413 0.817270325781525 0.797983935164851 0.918267794671842 0.625383051272268 0.750606241277954 0.837232142075864 0.996675445643775 0.664868944442884 0.975309360441545 0.9962119610052 0.434833666216012 0.479994437743242 0.695058804526124 0.998309647537161 0.642609927353967 0.777845701812396 0.878570462594279 0.0161153295492157
0.218064478494721 0.609194013527827 0.33158638368289 0.744125934442057 0.39417687132098 0.309477746224022 0.304962527781905 0.876911169531107 0.161925774849073 0.502057770690382 0.501846515192289 0.986686328588694 0.203080605316742 0.271493891259645 0.702136842634317 0.898965514423218 0.22791035610646 0.757600715527309 0.0902145918275723 0.623645717070026
0.0969878328607589 0.481839755732569 0.714113797911901 0.40441161100217 0.0175333532678373 0.252513744259158 0.0572425991689398 0.0735218428204165 0.0241607341674248 0.191361808188749 0.198815994864984 0.433469638786792 0.167230838630746 0.0522204273375675 0.435656193561045 0.748529070728846 0.60306294807807 0.466549938905595 0.107643990472964 0.000130773379434995
0.379016688117525 0.730273941444218 0.801526480275708 0.697144420817863 0.998020394486852 0.493698278791124 0.826762758820853 0.494466106183454 0.983031890716935 0.80745025463671 0.876984982047578 0.979975047661499 0.752910529467057 0.351749927089022 0.852668150217412 0.999603699989842 0.771891141429175 0.711230873096321 0.99573286123606 0.984413849306432
0.158414265466405 0.615145160866521 0.211371111529919 0.495135222619129 0.298167480296194 0.174903099388995 0.0128499826401444 0.355226957865791 0.573262868743757 0.160334593443108 0.516671843597731 0.947160391844754 0.217727873169422 0.154037836970158 0.699069538841803 0.489247278196743 0.648112476952292 0.662452810820508 0.999999 0.801037173840394
0.489906341756006 0.605641442409985 0.776960733693681 0.661209628925242 0.934458533888611 0.765684615937277 0.766612110924158 0.977933300759279 0.890343635272452 0.923203032944431 0.891250746527513 0.99723891354949 0.528043989760613 0.244714985443485 0.883570443993897 0.999991695886587 0.59166797509566 0.739448537814466 0.0205468901575624 0.801369638838286
0.0172194554138539 0.387420223841405 0.209919885341228 0.265468888284535 0.00429268080682897 0.0527748746389638 0.00160278977580043 0.0284516551714841 0.285509860163946 0.0024334264851738 0.0018215021727978 0.389426578140185 0.0186002343012619 0.00976805811764542 0.0956901832392543 0.0131482421935208 0.513230515068153 0.185441866749387 1.22056472141517e-05 6.54273724890693e-06
0.299831713371204 0.743329351631776 0.629315891808832 0.752038371645132 0.933171945300818 0.340272268649941 0.509012738228291 0.990765466057821 0.133194408230115 0.810435541532178 0.966859277782923 0.991757199998815 0.431916799217197 0.330409151724239 0.858167317175349 0.999062536895334 0.741302422060467 0.631020616223477 0.0693018403958928 0.686462020293269
0.55902861411053 0.774830655661538 0.47094548697373 0.536418927643294 0.998219589968023 0.717753739831853 0.743158478277607 0.98041732701934 0.955354802912834 0.960197031519694 0.962609764981419 0.992385387576607 0.743109062350786 0.577636323742033 0.964533222135255 0.999889545977687 0.819023034847302 0.949480944848469 0.00203159633017597 0.0139626683212327
0.0253165954547179 0.36331232867455 0.0738215061865624 0.255336703588612 0.173311707726389 0.617708749897186 0.00678725034001564 0.00113017210616363 0.0133749755770806 0.0323315933007001 0.0201488861323157 0.195824080354524 0.0334631161221442 0.0203955826775218 0.174069283400588 0.521134579633723 0.181692249097002 0.114393008234356 0.00309469099175121 0.475375332705944
0.0782357790168734 0.637533592027384 0.478141946132289 0.655225246055303 0.316761057192551 0.134243296492229 0.258483982415301 0.300281247434787 0.966085223605692 0.335511998364665 0.383174926332521 0.933666293560183 0.13959160955601 0.139873747114221 0.12726550806495 0.293179691463394 0.223229264109621 0.306649121649041 0.810733833273956 0.0324013557360662
0.410885719189591 0.670162650510033 0.8042572906252 0.711032295623276 0.786221611074713 0.38993518284937 0.265166117612727 0.820680339841125 0.94942664690176 0.721877192350036 0.771182166799354 0.490920066500277 0.313684412993412 0.264797046912277 0.905928821184266 0.912174519577861 0.717600827150315 0.589827024074831 0.988488553062439 0.0785255662138773
0.148593918386662 0.578804440203014 0.528914209331499 0.54194429804155 0.779791108131535 0.174314474062551 0.361833852665788 0.924387336611536 0.255480188032018 0.412783468014318 0.723954184952887 0.995201003931835 0.382744824717725 0.130071192413156 0.64424675188298 0.737170859099887 0.37731862669086 0.293440827753351 0.230945537473646 0.798087998705584
0.0143716838845562 0.389616576361371 0.167297316698452 0.632631447170824 0.00410262815118701 0.0814155634388563 0.110685035224336 0.00225893316566889 0.314052320612603 0.0215388568870046 0.00675570747730479 0.475842793401132 0.0163387097176032 0.0222905680156974 0.274878338374878 0.000778600858054521 0.341095118092534 0.225099712386023 0.0430194828441514 7.55642884287139e-06
0.359390155997409 0.648108381756231 0.817880357909452 0.738578527555222 0.0559377109835179 0.597741892163308 0.260711363167883 0.811708897900311 0.627899992388809 0.856240786550781 0.784327586984105 0.935668822034692 0.266515974012681 0.305183372226423 0.722847297799913 0.998740075894727 0.785358714337446 0.7702555247942 0.994308663185416 0.999867607485903
0.324350413195433 0.616424664390137 0.875454666603402 0.767729382902481 0.895708015947539 0.670997054205193 0.406794932180795 0.9738773186591 0.858734198390607 0.732386427629035 0.642101779409697 0.914135001438541 0.615131257777696 0.285410790301728 0.958008762068884 0.984430524141001 0.766757416678915 0.809163852120588 0.0583655282126042 0.0125143240314946
0.0877527572616718 0.538578164966233 0.444773364440676 0.524770349267987 0.177244664941094 0.742014888673607 0.0621523651079235 0.822558062761845 0.0336218783219582 0.124477144556248 0.489384301752212 0.924821707242912 0.169191663219102 0.0635121502794291 0.860269929336065 0.736745027463604 0.327119441851594 0.51675383965364 0.00741885595236418 0.13477532926592
0.449183651668922 0.749398794412 0.974944435647743 0.739841076008756 0.916906947340185 0.527181086442759 0.809932582098527 0.972902481217108 0.958307246505555 0.984955718192463 0.900681234692054 0.994014352670335 0.739454441032299 0.382211087837953 0.858751960602925 0.998965741632622 0.741206117118083 0.722356535951056 0.997798075251768 0.752776616119027
0.133867479587357 0.661004315412938 0.320406819918054 0.548694383789097 0.601059608198434 0.318639288289243 0.226079517155708 0.620441347921658 0.141992984228402 0.270254348820871 0.167626290449062 0.908383704016729 0.0880784028508456 0.0741419438643298 0.454452395464194 0.991626970968666 0.519177422181963 0.401891880052211 0.756300791306032 0.0123190561882059
0.757295948907788 0.736775523588379 0.54016152171092 0.779186216477878 0.987131419612206 0.746465129699243 0.53343917300381 0.959627475628373 0.165792253088119 0.944561679205798 0.944317389797997 0.999767869420446 0.853297423979611 0.45570932919972 0.96615208453069 0.995841503916988 0.661748750920116 0.775108611232625 0.999872089525526 0.807759581871649
0.447533540037377 0.783532940890409 0.268056397912978 0.571210575480447 0.970523520885318 0.750817631102635 0.737079810296628 0.993657040660293 0.508002592505209 0.65159769818334 0.958603171003682 0.998302970579063 0.59828112837963 0.290427466433985 0.565557164873598 0.988670740458601 0.509878670484004 0.8078645380768 0.0176547605002636 9.55849634612726e-05
0.512233185698572 0.726934678098001 0.928679855618325 0.759800200308834 0.813147930663014 0.563593148960089 0.0825432388247446 0.911443782548986 0.998869346162626 0.700335500843451 0.996245834512745 0.988959859858196 0.761059840453478 0.3562885945622 0.958831474778221 0.99627388913902 0.669754337107052 0.712282685350114 0.0679805923843765 0.99999160296159
0.394058737179334 0.566682473676386 0.820526446342524 0.563786243007239 0.629998107520589 0.24057538392112 0.0729215100466951 0.679408535005948 0.430087061738078 0.222797457396235 0.767586475776782 0.663510367848443 0.38305283220882 0.210824544831496 0.72153448474514 0.995622905839942 0.47401884345127 0.530394540804587 3.05160647594231e-05 0.18261434256118
0.676133240729894 0.711156470707512 0.730720815301457 0.764214353540272 0.950487379376519 0.750103153747065 0.34079443727364 0.97571975503813 0.991444566678944 0.817819825171037 0.381294880594171 0.986576024066233 0.469805541526061 0.294600874815999 0.921655609473564 0.864645155742823 0.55107805692214 0.881509283059501 0.00120652838015846 0.946209701123876
0.186526106424904 0.534112930459079 0.330491465585511 0.465033785514961 0.175482403549939 0.678328915568597 0.0793232775752205 0.205772486914361 0.711066735255963 0.232642449372917 0.317014933726365 0.773735426736744 0.211646330459238 0.118323150561728 0.764479238901748 0.740396175860765 0.749738313324538 0.413048737239558 0.062837729668411 1.1422588313802e-05
0.0241795943711581 0.630237615667133 0.221643840546215 0.432843250723231 0.503132238096923 0.27443421945242 0.107758122813463 0.0950258643095562 0.614936639379768 0.0478252514049612 0.0343047352261038 0.210353252571364 0.100173719470681 0.0454431434556755 0.361961879161646 0.00711315304967539 0.470521949302515 0.44416048067927 0.985908544450498 0.000126462695123883
0.216534109710955 0.61259009959605 0.599944983548583 0.669376583191878 0.162440051770912 0.221385968975878 0.32044972077977 0.916466889917707 0.71395123696661 0.502008746689636 0.639443641190611 0.852860085283082 0.248248491316793 0.0715304470663805 0.698557638998882 0.996758304542847 0.49759958710056 0.774594795054421 0.72394977989407 0.251190092499376
0.143978695685405 0.50174188603042 0.492346136320311 0.709040644859125 0.297847111007689 0.710185336800144 0.0406518799317386 0.404941474434794 0.0990562949960066 0.223923799103918 0.149351103949337 0.915308382270512 0.065377312073935 0.0440174166921654 0.592826979222474 0.980734574424672 0.419579876521355 0.592095441835811 0.46945976043625 8.87238747851379e-06
0.248317373973051 0.602462859664203 0.925600838073682 0.681754326354833 0.841819678936514 0.47141551856571 0.326040963323735 0.776231056148157 0.525831649992345 0.700169563292362 0.333059662932987 0.98669811321002 0.64997475273242 0.226347939352347 0.915393520972084 0.990957392082281 0.463911491034235 0.721685031241443 0.763970855696305 0.934712787446089
0.170748975023117 0.449640855693468 0.438436679681812 0.416394983641752 0.0566182620333992 0.444924852660058 0.00930778039885755 0.362220721360697 0.0325513997394459 0.191754096264098 0.049328798229869 0.814807077076688 0.113686453841683 0.0290633579399762 0.347090388396897 0.0764195497692636 0.482955550775012 0.505800515047223 0.115615516678691 0.999839494876221
0.213748491641507 0.683408663789888 0.236092731253511 0.502512272641622 0.954844200112537 0.491906453323051 0.259216281745811 0.952863148087981 0.989196975269415 0.829243176906253 0.641521112064573 0.795472568870653 0.441554504371313 0.273797863879093 0.935185554158844 0.144857696000101 0.612627103804555 0.739993043674153 0.00911590440505996 0.411188047182039
0.387791041675251 0.597160444211084 0.888074373698188 0.649744975744827 0.929321435474256 0.8779794788971 0.218475141524933 0.78630919353895 0.71105209816639 0.604299399993019 0.663837242687999 0.976764084718111 0.28061312844143 0.274137201709228 0.782186376135667 0.92875811279597 0.65059655997862 0.6948234476897 0.861940559432051 0.0477729111690852
0.305050990199115 0.821023543151437 0.813164507659657 0.490511971914143 0.98040763788262 0.572855837977094 0.038752244729405 0.954614014422051 0.150673073503862 0.910555322352126 0.800629105761335 0.998766113547892 0.653594171352605 0.326721480074517 0.954739675098302 0.999606528901878 0.70607632479302 0.637178583087816 0.943919423259371 0.99914660882473
0.474777329529576 0.704942945752919 0.834983335984148 0.734411393552025 0.759919086627865 0.630814161669815 0.0989310086351278 0.778848355188265 0.947775774091392 0.784439414718085 0.810185450400786 0.945789419794017 0.409601863941727 0.313402697008456 0.928872405142101 0.998468741765182 0.629516924630222 0.735870336523231 0.895684649348833 0.975537293593036
0.153638199176962 0.571863158330109 0.344806003875571 0.27142183125521 0.430396622052893 0.261973093002269 0.0394838586283023 0.0293383171460581 0.528373765300255 0.270160950542178 0.0483682931022073 0.974582012822089 0.115228854181573 0.0501843086479534 0.770739426256505 0.826539409204017 0.529682991744264 0.390573154386528 0.00249919579758253 0.83090261557506
0.0668512185768491 0.634129133507364 0.368581043913337 0.457898124675489 0.443272551199417 0.240797801219133 0.101110166662807 0.876368533512138 0.979940031281204 0.431220413533802 0.914324568957727 0.996118256181006 0.0507109696735775 0.180586238203213 0.43093693390928 0.913395024522364 0.715369334647783 0.527316784419297 0.992045056344732 0.0215868119123642
0.0388514396372644 0.476336263536782 0.134560185695969 0.397075140374428 0.0471797424800188 0.132417628945714 0.0396370252719546 0.0249471795875322 0.225213374883696 0.0492117025001034 0.023016516424288 0.450917084572272 0.0203608908362674 0.0204310306034892 0.427423913745495 0.0447562978820335 0.428626903383804 0.272499744720203 7.0045488115331e-05 0.0160993418208679
0.104542532249413 0.671111172948581 0.728104158188079 0.659731710106034 0.823970640606747 0.717866202206125 0.103314110274716 0.702001249391262 0.0570709246531196 0.477606285649871 0.709882590870715 0.551252761739761 0.136001548715687 0.0547852697166561 0.244307622850098 0.727016257400724 0.465769448232371 0.408867262145309 0.00465196731374882 0.961501034811296
0.53370184180175 0.654788864272493 0.906330607964623 0.714983814277415 0.886769491642806 0.321647410408054 0.438239556580925 0.962716501884588 0.864574416524824 0.501022635445579 0.855262799705298 0.988238829880785 0.34430995093329 0.270448146701141 0.694202664808443 0.905067580802182 0.80045249141149 0.692991005896924 0.849101868712065 0.959307797818842
0.0713872654372104 0.485851447009231 0.305794919813985 0.645729117330394 0.748594480332954 0.502882891355786 0.0101906711921804 0.373222577026153 0.358051021484062 0.233496246685216 0.163510212707119 0.94100291406282 0.036670141989035 0.110562565663748 0.93398245018502 0.193871002955396 0.141425601813945 0.578820538363416 0.0658086613107477 0.00329614337011296
0.139165055944752 0.648768737016154 0.366523018953405 0.727154707736562 0.84977823888417 0.491551079956026 0.201856338133587 0.573483407898677 0.143161625767714 0.241104381563687 0.259686669725477 0.990074885989137 0.267121914203908 0.0642595649939674 0.539313989616823 0.2478297472555 0.829413966508201 0.38801888063239 0.542451726529607 0.014839439792592
0.0998164843809483 0.545617951552272 0.926072711513602 0.45561554676211 0.290989562911089 0.732389082013483 0.0160940962583592 0.613978501879693 0.197331265630845 0.14339733906119 0.336823569443995 0.988619174650965 0.054185990020057 0.0759901274586512 0.599305520662786 0.998212347154962 0.586850389837074 0.526836817966537 0.670337233019619 0.00374714237085065
0.496518099407075 0.627498331501091 0.745104125187323 0.772259518615998 0.970726355014253 0.469857038167671 0.758190245602819 0.924284027767643 0.798944834888126 0.764301191628315 0.826002183122564 0.991524023640358 0.563815806318099 0.251969456367745 0.878010863715538 0.994939756541651 0.602200037211893 0.911519807610896 0.99538449130621 0.607369702895472
0.627866598034655 0.701947809477088 0.931509709888013 0.661068940924193 0.99774183057773 0.409150941280157 0.294682227295674 0.994181115292775 0.956406728221655 0.970268843596067 0.976601727288091 0.944173188900084 0.613242524089601 0.365838764302229 0.8870867621491 0.848988070029567 0.655649753013598 0.870108425484138 0.991469975451761 0.153300962853039
0.684386803743357 0.798455051203794 0.601138162352697 0.598478813379058 0.942580363696406 0.404823764568937 0.709109673053015 0.996263465804 0.840044226695477 0.955971145992924 0.976719381987941 0.998429672322796 0.734416801031881 0.432302717874789 0.90757201397989 0.999881650770593 0.656123507437532 0.652858573956512 0.51218427554279 0.0229331531702564
0.40260666925709 0.53841378197785 0.308891448252966 0.493143748607337 0.805268674792818 0.13295059845484 0.213518696434791 0.977677809736907 0.941820358712053 0.316550952606129 0.76828426730064 0.9961441527444 0.244333123416655 0.194987768973486 0.783670753136613 0.986669373646969 0.73087390339203 0.681487603670029 0.0433758980251166 8.58350863674636e-06
0.471077565362173 0.7812198095004 0.429131626100775 0.575411197776799 0.952263240069705 0.851993342769092 0.0245880998729535 0.493753171555422 0.982556569813508 0.565286386154606 0.835854459909767 0.99680638704705 0.558516353240063 0.218270781943485 0.825499553131301 0.887720083854707 0.436428721247916 0.377710406803184 0.251701269933258 0.519687867421435
0.346799017178513 0.555939560176986 0.739583385014278 0.519186316004961 0.686860151306707 0.61683086931005 0.0868795216481838 0.304759190242697 0.865271937638005 0.754156132839141 0.455047189802845 0.986990753990943 0.164913921932094 0.125901872658615 0.626340964101891 0.245199705013791 0.140578090529957 0.557334162070213 0.025616714902877 0.998865050912936
0.076655449890435 0.512230406938306 0.159330500500077 0.491485838070903 0.428232612468186 0.15153027494891 0.0144352663808765 0.047151452420898 0.13235410420052 0.0435720235464618 0.0344587456446106 0.423731634199781 0.0151733654212838 0.0284415539750601 0.444562288781614 0.889375420376239 0.308310287856356 0.198725663475797 0.00342931571019002 0.00135968128078538
0.684281193957769 0.822006502503938 0.669088925226166 0.669487968652156 0.998409308983544 0.298700756447892 0.403723108739272 0.983035163325899 0.994343255947614 0.978715177846418 0.884267371110711 0.999775869783095 0.761624706230433 0.272141889312946 0.953736433997426 0.999916962713771 0.798160028016752 0.792021852693625 0.999477344946603 0.999573329520472
0.40377524330292 0.747854266912425 0.581352350760876 0.566180804541073 0.970289357236458 0.469783766575953 0.228791547590373 0.943436890253814 0.071395244021997 0.860825828154773 0.986078541156385 0.998885130883235 0.755378018751059 0.308533236493695 0.793238780948719 0.99990618879369 0.522300172250452 0.738194865162339 0.988649299564613 0.999965413073978
0.357434810078396 0.675567199672674 0.819566018436789 0.432756660201346 0.997379808916135 0.592815734574711 0.348863483353909 0.971079859562469 0.223634657356801 0.645688433373097 0.723190378566666 0.989644884299456 0.605140067048122 0.426854053644566 0.932860108953944 0.832812693266144 0.780304523690972 0.587560440663916 0.999306435290359 0.00256345609566049
0.158132432894318 0.510146744204072 0.706957959637557 0.729828291070551 0.77110315899912 0.193587124470667 0.273335800940957 0.590905080334202 0.195079721245108 0.3174582112359 0.170797870317391 0.360237978135558 0.169025927877142 0.114397015092716 0.740139170715264 0.868694009846587 0.389395084578894 0.561846396583614 0.0706038479713991 0.0246595525164429
0.129091478305271 0.601854225926514 0.808018438650904 0.429936230405696 0.579164088471595 0.163794762212282 0.0794827460596919 0.855782165090417 0.421259016232646 0.300061998371643 0.14854114503615 0.458397065536865 0.201325542187284 0.0866619584368193 0.403672818570655 0.377477017840084 0.308300817493801 0.348170095434437 0.0222160247253873 0.999993386406844
0.0909867348188387 0.617497691736673 0.213817790040394 0.630230053268557 0.366569550929873 0.505745743070295 0.073615553109507 0.872895183590485 0.624426216912013 0.124631713417117 0.281159216277689 0.961992712269848 0.198492727042234 0.0717009123222036 0.837347011146892 0.594094296304909 0.480122028459044 0.530927348991214 0.795243489711292 0.00623372318072476
0.159625641029148 0.494511443900623 0.0724430659009898 0.629388679720287 0.182176321156996 0.585308824866565 0.0976679150626543 0.711024185692274 0.00654611429165045 0.195954147238185 0.0365438690997526 0.721462832129276 0.284916802317236 0.0617846912467684 0.675926588383054 0.721235162327318 0.752738273612202 0.657989752227073 0.73780660065272 0.0589927142381788
0.225472350328093 0.578415619869552 0.246893075743731 0.305910288160698 0.700680126872244 0.394345938349107 0.333682453690573 0.3492750352253 0.962954136305439 0.536842436065509 0.575062851752232 0.966287955874865 0.442979967536071 0.110565322330729 0.418224032451496 0.992872033270238 0.394680705261524 0.722138258204123 0.00800462844696143 0.824452297978013
0.125090715329253 0.626794913068482 0.805587489100788 0.71440329363633 0.324227453146748 0.106383059002346 0.0740067579519504 0.957286492107618 0.994522706786641 0.215069642865284 0.313646048528611 0.996397906988635 0.149143528595786 0.153569324377714 0.590469552999067 0.33140705902271 0.322314237337218 0.800289795982102 0.324422206629632 0.981364592012733
0.130700093478449 0.636108317523344 0.400335455044701 0.827301513881169 0.296329538995592 0.273279857361311 0.0150188136292282 0.456279327375091 0.845475775258487 0.104799031212114 0.11800673990236 0.853538041972588 0.0823095413460581 0.0898565325904501 0.574335146688683 0.999208136086141 0.152293587661886 0.472703007603953 0.0208436311993042 0.830109153323292
0.0262839960935136 0.541250003466781 0.0163111513337296 0.522248737647613 0.135013993809375 0.154599378921092 0.0240732609731117 0.0377781751073615 0.0143214084418321 0.0145034923231229 0.0165172918781344 0.943080189930492 0.0870277943706517 0.0555527574922403 0.216195558520119 0.377209048787662 0.714351607569387 0.320891153452806 0.00609572140890672 1e-06
0.119823664078617 0.495749767190249 0.419627771624761 0.576789363942947 0.182111834871714 0.451428780802148 0.033222464135139 0.225149943401143 0.172536523597828 0.191393292802885 0.167365157903351 0.904460436392482 0.103762613359418 0.0879062529754836 0.41390630098473 0.902764813450423 0.35665588220464 0.114907759097835 0.0013176710738711 2.6853845738847e-06
0.51171211394845 0.73403870079851 0.811066245437245 0.641215185547724 0.968180909267985 0.587248538064773 0.40503432863447 0.983063640530883 0.951376791457306 0.933333626805507 0.963454363911704 0.998644835990909 0.745897604069153 0.441221923543445 0.696113869233431 0.999591620701858 0.606903602848709 0.77610450348126 0.000745724866473256 0.849581166667793
0.742843894559996 0.823220182567201 0.936912537594887 0.672872930103904 0.995894507295096 0.594144959772 0.800292012168809 0.97229446402104 0.986590928975732 0.989579506854723 0.984829036081427 0.996042898489009 0.853602568227852 0.593863078511819 0.856248331714689 0.999992104419514 0.587093512267555 0.931015988018811 0.741219061263879 0.999705035749534
0.0880499770055937 0.382363560762943 0.0433231206812203 0.539669099467359 0.134156343707626 0.225022456708748 0.00635721359845545 0.811576932536467 0.190608431406727 0.0178516566654269 0.0455364041917663 0.247685544442948 0.0853720771653401 0.0415882369245891 0.105542255232375 0.34847773985244 0.32984536529351 0.526500455135743 0.015283870022123 0.261740896888472
0.338687869412308 0.566085201591622 0.650441980236716 0.675597406157111 0.918650169157669 0.263365605697341 0.0608029255945409 0.963097077000654 0.03455066258197 0.602940170745583 0.882131048465638 0.999071390929561 0.372445659922008 0.322958380794363 0.885164285610841 0.989082501415347 0.751603678734246 0.846288183978621 0.961799499196594 0.860277259103368
0.252626008754111 0.747116947074182 0.66011166350375 0.673088258699428 0.934103877838517 0.359899217039034 0.0737072251760346 0.90889546638077 0.307151453015797 0.898957318819503 0.47043842031289 0.821552214514117 0.249547619413098 0.144475523709382 0.816052387864976 0.998886637108149 0.393805768852015 0.670842064350029 0.0280598395705125 0.839677964531672
0.465129578579202 0.685969231360274 0.716979681374152 0.752819310321488 0.890220946039849 0.587660292417486 0.266376481371506 0.121743612352735 0.811009308694929 0.735341802639463 0.67094298844361 0.98852746319617 0.584061862791031 0.186019431498607 0.926801102739868 0.888818379144602 0.569270199715545 0.752352797943636 0.154241622561992 0.029062551606725
0.774135544008324 0.72631280075618 0.862443399621913 0.840021010804291 0.999453593084264 0.622026421760141 0.885773462452948 0.995166385900707 0.995990140246225 0.907561200596292 0.98838781198453 0.99986439483345 0.822525457808023 0.736331634396067 0.82816933076322 0.997385133954869 0.633495840493327 0.769571918768415 0.832629080809261 0.999990646118345
0.30942127051101 0.681456343395374 0.642135891652537 0.650897833756232 0.832511449716292 0.34040626523988 0.0684689455093451 0.619692584128425 0.376535139677843 0.471941006392858 0.432786413524881 0.621984740183554 0.236720131314612 0.166347681817724 0.228938461687703 0.154281628083234 0.734118870770823 0.457342544504653 0.642665156366507 0.553359519477315
0.495973980302776 0.653355328191385 0.389305945480466 0.771994651707568 0.584563617580785 0.220611637981241 0.0867291062711748 0.777662612638255 0.389583744905095 0.562260764627925 0.370550708115277 0.912730803438359 0.650392274286196 0.170770325016094 0.481526999291696 0.930946677813114 0.682126853984187 0.716863012973004 0.0124321081750678 0.00539123403327345
0.057590470766016 0.508446760982834 0.183457642999817 0.592497559763107 0.154370606191062 0.235207610327379 0.0341388096846853 0.141644577074266 0.42420600056652 0.25069058791892 0.0739946573786286 0.888497990790645 0.0869279718774011 0.0513426022330482 0.335964687744978 0.720177283050723 0.524236106733645 0.401276521060029 0.174461826943683 1.12345120734661e-06
0.247876737183393 0.56959381814813 0.749417037482193 0.503807141763856 0.943600572634786 0.354095248882987 0.530113901281511 0.381446426713801 0.419610604269518 0.531838981657717 0.803149526774957 0.993834073271336 0.442961812626361 0.186580757886053 0.771975254566701 0.999360853182333 0.65428377720721 0.720967731855971 0.0771032521165364 0.88310506152252
0.225421555720616 0.616547822083557 0.677409535843023 0.566932866203784 0.246682558997847 0.68851239137242 0.812091354903062 0.323215864136725 0.912222973130373 0.73253939484595 0.801622576779037 0.996946639291716 0.324535441265062 0.145484288937466 0.902850393337837 0.999466249465816 0.841404073569341 0.673700839967777 0.935130040080369 0.0128441046010448
0.387262114910715 0.68385618599161 0.513695505042227 0.819859279052287 0.778363058850258 0.179723184067508 0.319350170530772 0.761120083363102 0.203089790214816 0.614687617661585 0.851633268027162 0.993239719916556 0.266534503223004 0.195696049692737 0.830802060520269 0.995261558462006 0.636761416468172 0.614141621704785 0.939449877389114 0.0730680907196227
0.0671022958481909 0.546535950150309 0.455264720138319 0.614750632378802 0.0433384076177522 0.290581433471813 0.336326082681355 0.0487232318680891 0.449770849184048 0.403004934435915 0.0782315829542438 0.33149737634128 0.166335387513936 0.0612288946690477 0.549019324956757 0.966536664665845 0.220916409016205 0.299288670572048 0.00706002153377934 8.84045087586047e-06
0.0687807952550774 0.581869754122329 0.231516546114034 0.797957428269893 0.0296625985816918 0.141212918240426 0.034872795104869 0.530378759337888 0.193368218735977 0.161401964190243 0.0686808923867482 0.286782733208961 0.164717299021137 0.0537078779568201 0.59583473431899 0.0608447680047023 0.197030352890599 0.212218948544041 0.0199128517803814 4.94764269128337e-06
0.324896085011022 0.594323839155562 0.640737953388025 0.562981078284909 0.663421787340446 0.459979089165751 0.143436173000205 0.91263777792047 0.955130043272315 0.615396844947101 0.878089104371195 0.997494103267428 0.502230727763251 0.168835891618852 0.845350970519515 0.904764990054633 0.587233762726166 0.570868095722327 0.0550768908593694 0.918412303341912
0.269296708894708 0.712633482654559 0.334116243346114 0.654516139748236 0.929307650577003 0.204181965317143 0.400160674082613 0.906217300314026 0.972957615987818 0.858490605357406 0.918253987245206 0.995071160932512 0.269208349002605 0.333315876940617 0.846716149215761 0.999512090652473 0.779323049075759 0.479557610279299 0.848753353588064 0.999728926957246
0.0358232820307422 0.437629565574906 0.530201880346903 0.724517716539835 0.578073854130928 0.439895162374316 0.0642588344874574 0.0530359408929619 0.643200440051002 0.15638483845906 0.04176904412335 0.235147604282096 0.0338245820157572 0.0357217007381768 0.518422620366499 0.78059812329089 0.314689150815642 0.308162801734965 0.120232946312934 0.0332095438157388
0.576387472660649 0.747550068231735 0.759970364437056 0.845030044577525 0.998227050709871 0.629610457997729 0.880614327341993 0.880698032966652 0.992513411338355 0.979286162537641 0.982226311441316 0.997140112827728 0.801863269862671 0.739335368006599 0.928991056006119 0.999267899060678 0.799390048061812 0.774530852825671 0.999624613335139 0.999986678729712
0.150285720134037 0.568592254459354 0.5499675450706 0.772494993876024 0.327044236714244 0.423765177110049 0.0477202570047707 0.871118640854137 0.753352591590985 0.163989593176523 0.383849767152697 0.99605980773626 0.17542949150679 0.202340350898492 0.413183824455266 0.874865185961408 0.27747245721644 0.405034132154825 0.00959740738825663 0.708732900953073
0.236917051168607 0.698940079120335 0.613483197454955 0.549937064146326 0.13057056300091 0.671615963326812 0.0620527220599397 0.269500557175991 0.16998191165824 0.509716774156134 0.258033114552252 0.997889506973508 0.23159118053839 0.0729984018999344 0.644286752779728 0.49251030886347 0.252862363055336 0.508022282258753 0.103731655642541 4.61841112110913e-05
0.165735412722718 0.663973365871587 0.0837193657590816 0.563694932720816 0.806018719515622 0.146362771759369 0.116293493894215 0.278915846388093 0.212493952749907 0.170818067254437 0.729617518681423 0.987787975758333 0.241221525398019 0.0540547777603043 0.948276509635821 0.925338471552609 0.749037824754789 0.449896304807199 0.0218179339816198 0.0041599821039326
0.221727806011404 0.633286474604507 0.560874521486649 0.355982233695732 0.0488077974277019 0.415142318731384 0.0569417867894711 0.0651585460020155 0.608777851052327 0.235814863391555 0.218843623595312 0.985859385736525 0.0897595821265673 0.147024274140598 0.273513605209837 0.017780324545728 0.485702383428291 0.218634923643449 7.42545710945486e-06 0.0104405703604462
0.0447651653464581 0.51811005815023 0.340062061523773 0.691677910396991 0.552872776802278 0.148877441819368 0.208481541244586 0.866406590941838 0.0991827720613035 0.522389017378373 0.34317179252808 0.787943209517669 0.162469937684884 0.204254543059596 0.608591274785475 0.931805338240616 0.271296627093914 0.625130737775217 9.03268502036951e-05 0.850621354323403
0.192409554782556 0.640920515303352 0.444301313360231 0.455435608886556 0.204695642361617 0.691368358335657 0.304105587378109 0.746309449949147 0.0309240782027586 0.27142697972697 0.387661152757313 0.682547090016676 0.141803345126417 0.0873484165532944 0.556209199284123 0.928553216460316 0.35950977875895 0.590077834635526 0.0066012684907695 0.999999
0.179765516522034 0.62199046220722 0.540090335305673 0.397263183969756 0.413851490934965 0.271064072598428 0.0995831537194305 0.941736097489574 0.0415562830110567 0.873107077955136 0.247163519439229 0.988440903448355 0.207940907164604 0.146150934673082 0.594238936941707 0.969475542478661 0.426705381043858 0.482058677002081 0.00305052719896496 0.986213421825018
0.0435337540617111 0.521967991705982 0.37052410873145 0.50932965223335 0.196232246990954 0.0745727895751613 0.00971728021380393 0.109717605432458 0.0170936085827902 0.119850770798168 0.0325807898529103 0.8105831279513 0.0408366315582388 0.0364055385023601 0.210712936353504 0.383076433021378 0.235938851843887 0.415292712200194 0.00316940620794658 0.0946493533256451
0.266656902634935 0.547477868027229 0.855780973844929 0.708012526979257 0.896912367722338 0.424300914966221 0.124009013902634 0.836949665121516 0.800092852897267 0.90804474428244 0.768454311133983 0.988302625281368 0.412695623493113 0.237574297072449 0.446869061295435 0.935912667337225 0.758892424078919 0.847892089430639 0.972844973660157 0.999920215927544
0.301981315351833 0.711933833252768 0.292587127184215 0.498208053047447 0.792679517401699 0.532195345332787 0.634527538443063 0.941426760558925 0.152571350912601 0.778318276601896 0.511141675882968 0.996625691782458 0.61054305706807 0.116352705325973 0.867988006811221 0.99264887229756 0.821270824082346 0.708417638573102 0.407857636202601 0.0772511956297085
0.0292422848156441 0.464181029005201 0.0214800454242202 0.377612589985264 0.119533782994559 0.565355886139621 0.0117434437460131 0.0602072111731716 0.0628991458442527 0.0445312033870562 0.0981706679856717 0.267175712321993 0.0258691130218656 0.0221861868883027 0.66181656320736 0.0195455446935857 0.328119728757192 0.661595167513022 0.393492187492881 0.00669935858648537
0.65739408394366 0.775324042275552 0.814976839742757 0.722558708275369 0.996774602172012 0.477677113352808 0.333141750784973 0.991208547268457 0.944318276764836 0.977200774085149 0.996987961401344 0.998902499052497 0.683408715536051 0.55863929231023 0.92787260889584 0.999750388169667 0.780456475308362 0.828375692149635 0.70284765654923 0.136273318919375
0.3917789160884 0.580711384857513 0.717597312346117 0.546622212510836 0.56510317595429 0.64776014571513 0.161839377993539 0.922949171715716 0.084024606219038 0.551143120952066 0.525208381916329 0.997501768267344 0.362143924627349 0.131997757087265 0.692795593249778 0.963620172321632 0.342246424086158 0.43058645520393 0.0770409374055502 0.101774661754543
0.334236505776062 0.684913615448025 0.488191747531951 0.819122241255497 0.740026603338545 0.371672550462303 0.181900302286519 0.593233733819071 0.985946937061887 0.538340724986678 0.883024161084942 0.991880470688966 0.303747820162703 0.134295213521716 0.903830552434971 0.944529428099171 0.236733121781941 0.446467944564284 0.0140368119687298 0.99833810775879
0.0553777820853414 0.412836462002041 0.278180092471647 0.398180931477554 0.198589073787063 0.628960426787042 0.208145015635015 0.190316983570671 0.0947761860606445 0.126066495938486 0.0375099173389809 0.59567760394342 0.0696272069205798 0.0543651208879967 0.326890590831343 0.0116270298015664 0.389716215248833 0.328014416550194 0.0101030435701582 0.793555900422821
0.0359181199287044 0.463638096271556 0.082956138690269 0.461977711917812 0.275153970688125 0.198638931273255 0.0231558416838439 0.00854741318783444 0.743015652670281 0.0235726670815702 0.0116336670868637 0.40149884588704 0.0912742502681539 0.0600297175124972 0.692595720388981 0.0036090897130297 0.583499685091839 0.219324756140498 0.00694884594670884 0.253624134813274
0.604855249432932 0.683255055767604 0.880105436966941 0.535791467757179 0.910741860861723 0.425933030170216 0.29752372889505 0.863987301009358 0.974025376278929 0.821385770680698 0.952313773076457 0.999853672142518 0.418574247703174 0.236269027976446 0.842792669443268 0.997836963761393 0.627822886028362 0.658105072382185 0.410719155952673 0.00682110675894673
0.049242741843563 0.464492545964624 0.493490115579723 0.35332950376587 0.0122719494170968 0.239698800402022 0.0128134208099705 0.0586096598197249 0.130525823296328 0.0644422994464941 0.00869194445318183 0.554773621467456 0.0245004185998413 0.0240467456864897 0.298543226679261 0.179876863524585 0.46161640216309 0.409082457170078 0.000502462836686058 0.00283062651071664
0.0484153059338879 0.569703299522605 0.366730652810586 0.620711311830388 0.139725532291816 0.348525236283989 0.00839697214858927 0.389700189296635 0.0209014467536583 0.167551756666424 0.0729199379691891 0.435557698004958 0.0512307486251504 0.0304477786579485 0.278936697315499 0.136442664855418 0.367078106003064 0.31997354952686 0.000107980619303831 0.853159690291452
0.351857384608893 0.65307793236204 0.829713758643507 0.598778595097607 0.946436990404699 0.820574017338298 0.482990828377631 0.953950153722159 0.557551351168523 0.712640812829679 0.296829709016495 0.990937057017153 0.790003604926969 0.293014242583159 0.884237229065514 0.983056141196111 0.850386763454645 0.680344043861976 0.138061292746763 0.999958419892666
0.0519628646514241 0.471117157749297 0.64533669417062 0.681030090976404 0.571588485183871 0.221451006263982 0.0725804421658002 0.320731737915816 0.756637042530138 0.0632340134542788 0.0379595411503989 0.845708417541867 0.0647466509447587 0.0665738170919731 0.382686306657243 0.88845786672641 0.378754641960009 0.209306481453789 0.0357847984657351 0.00109114745586834
0.130092615207767 0.47993028890588 0.690714563305151 0.648593048582274 0.286694875127261 0.590838263231877 0.0760583224289228 0.084490406146235 0.380854517639689 0.138134307891028 0.0791997177184237 0.846135085207722 0.0468161885033852 0.0773186386332801 0.0796281713820641 0.956654741359334 0.432181974328254 0.324471724314284 0.0225646392750608 0.998998941672762
0.817865313296669 0.821506160485578 0.715513002448633 0.767809968432384 0.999299309444147 0.323697868787468 0.80236187955594 0.997662010098082 0.999104270745185 0.990878375027853 0.956910372875096 0.998572620313901 0.881727684454826 0.599452870386166 0.989931481281014 0.997601765008562 0.668835057910002 0.886124763899786 0.997345956714361 3.77581948334694e-06
0.109779083820481 0.380747101943547 0.335080402689571 0.565050848917816 0.0356025436103348 0.172646581961415 0.177144614173782 0.193528249370492 0.628494033930079 0.050930667812519 0.0266298022129423 0.260997373862081 0.0379674526349866 0.0432218008730038 0.212412425878229 0.659420029881852 0.459432116815844 0.376931278684846 0.000221462228745074 0.000124417341303803
0.085223414900571 0.514978003416447 0.705851760595364 0.668151004645394 0.098071796351177 0.466599349961712 0.0821904341869072 0.219201159887273 0.00597083671152808 0.0822029289565484 0.44112364677605 0.237668922821232 0.138231749307289 0.0742462790318692 0.449833386197105 0.0388350421371635 0.538579183828717 0.339679668777642 0.0378404238895643 1e-06
0.0603519827765107 0.431365193257423 0.690616862459066 0.555188872466936 0.107632483910419 0.345689911675524 0.0752948971009204 0.28718895651831 0.614879887979402 0.164976908958522 0.0988672035406942 0.983352200349555 0.0822144120588243 0.0239618741588914 0.412788140643729 0.322902002758442 0.691057417035393 0.402807096094772 0.257681284523439 0.996478593636104
0.0866920021672185 0.473606690582183 0.156136988902941 0.659806452725281 0.347965324374865 0.250155399628666 0.0453976288727665 0.316052874338704 0.0313943960425276 0.258174325477863 0.0393678722145168 0.986137408220622 0.14966715105093 0.0751835329562083 0.295083990456935 0.608911451466908 0.460282567229198 0.287720686842053 0.00996374234626788 0.999885890536828
0.172012621521444 0.508944415897176 0.489117736991502 0.674498231129715 0.906258944587951 0.468591363998544 0.046369882693437 0.146858129662926 0.136711343836364 0.373332853507191 0.466837463542172 0.984430375152192 0.276939428453937 0.129263292845823 0.736083723110259 0.202749006293898 0.414621512679829 0.503656156920678 0.0651426880090958 1.57655845923311e-05
0.0220034132288796 0.31392652358899 0.0836171871782741 0.641317812351208 0.105239517035255 0.397073479619378 0.0147696579692509 0.028328602517507 0.0867977258347794 0.00725433207776226 0.00627785788037931 0.162753760602103 0.0245299035794467 0.0081969577113904 0.0179648822555542 0.997901758145213 0.400326909721663 0.462907928337731 0.00372384421084941 0.969700434963138
0.640764420308747 0.660898253317446 0.737466028129911 0.709271100411041 0.995071052492037 0.836387015059117 0.471112225452038 0.987160635206325 0.97802393578908 0.876057099709271 0.701835067064276 0.98587438366212 0.362182336292444 0.330470337025877 0.698525261574086 0.999790602129666 0.491281169447308 0.465145348545706 0.536060554554587 0.999915825971426
0.151271086519869 0.589963791073986 0.898047767569728 0.442735873387491 0.232971926203977 0.412598875698664 0.00257306824084783 0.0668617739267722 0.215419423235776 0.12146864370694 0.181796412125488 0.945707219045311 0.0417895272329724 0.0554108085608019 0.378864743354636 0.695964369535834 0.436834219094203 0.686961922005932 0.273021138230528 1.98620424958498e-05
0.0121249932297948 0.285397003980335 0.0982831780741319 0.31783972126962 0.0681955326347047 0.298106757733563 0.00431326235466654 0.0027650517617826 0.00720513895845671 0.0054239650698672 0.0231407547871382 0.594049006887003 0.0157446489852457 0.0112898996366902 0.165556946781954 0.0375277265393548 0.361034517405778 0.260396857249681 0.000116582685407382 0.912246338722733
0.110522371457208 0.556179307562359 0.906494184638126 0.639704605814517 0.211896170534887 0.697958431142062 0.10987891093405 0.542911528013649 0.187997212443846 0.706813332056694 0.484223101866392 0.893222231905935 0.380922513299313 0.0931700546038927 0.504288108377981 0.34622097047729 0.331642072243236 0.585439649657646 0.0306931399786565 0.604269837870778
0.036004526176868 0.415818539653302 0.525233064266266 0.344022141349266 0.107334902541805 0.044303736342796 0.0878679092125195 0.108167304825963 0.156020381562537 0.0289278859771629 0.0165565233587086 0.957912430958433 0.20837182350503 0.0330558337823351 0.135022476551704 0.377553537236214 0.259488714941254 0.647207784552604 0.607261106444249 1e-06
0.359075691387198 0.531576006740339 0.693236739965847 0.823168585530366 0.36812949275768 0.32937787552525 0.141842873152073 0.787680970969252 0.566623040467319 0.635657465442198 0.835036462961344 0.766946607639977 0.560531626117635 0.183716334475661 0.519469111066669 0.100904919169937 0.399135629480905 0.747502102969876 0.0177472793209113 0.474563438704077
0.472076038018899 0.767341279025168 0.739668743139159 0.611580644560147 0.997082365071295 0.357378851298521 0.412959777915757 0.992870075934678 0.989270982137845 0.905553452117473 0.87653220341668 0.996920852292125 0.677148971556211 0.261984534988898 0.868078653736711 0.996057521619825 0.606882073290545 0.551903003389174 0.915721058763704 0.940995319117308
0.193102165681844 0.627718867164065 0.657930303779477 0.684784491454285 0.951771705620053 0.415443749086797 0.176145367984273 0.249574295846019 0.598247800562501 0.400024883581953 0.449104466225278 0.694661683196928 0.198863713622598 0.088450758601688 0.668963776394213 0.577273426461374 0.294597786524076 0.523477017227568 0.849946367317211 0.0438375723594499
0.175175544575866 0.430418993068748 0.553306184869945 0.55434281016524 0.338561963125119 0.543813369219943 0.0539549319612212 0.0794783618326316 0.0135364724242537 0.115677084191038 0.039005686349504 0.929527235017362 0.118732012494568 0.0644454379891908 0.304943808872874 0.654925050597123 0.396346828798003 0.202263498209324 5.68150284480165e-05 0.0589636305925313
0.335873464660339 0.738240409427642 0.982912360910164 0.653285787375001 0.772631394996254 0.691137970996896 0.560153671437335 0.842362815523386 0.998203837614053 0.645485349502984 0.883872179201865 0.896630655288461 0.490360711015308 0.313360929209863 0.848159805297884 0.998226431987921 0.466103963806092 0.549759248901041 0.00264093678954439 0.999734786624866
0.476755013238065 0.744681447653836 0.531102470727961 0.80637319343966 0.991588477558816 0.0814895874973587 0.916182358537055 0.780525272926789 0.424195756385781 0.965171087579471 0.934198191819911 0.999928752098305 0.633316849060711 0.526495925342295 0.9509821665069 0.992509844383061 0.742976843119665 0.812607610997143 0.999768488042367 0.902073908055815
0.0436654995212794 0.464107412663658 0.669261231029738 0.680636778247762 0.0495687458042061 0.651410933563383 0.109609982411412 0.0518139172753737 0.112478505257195 0.291064576587914 0.0652390205837669 0.9647468078089 0.166585680578363 0.0738677625744573 0.597705818409888 0.984570112002551 0.445781966440456 0.268162758033725 0.00476939197114525 0.0955796115248301
0.0513995850866957 0.550834764028065 0.515480805374619 0.563988860517202 0.736207554560603 0.491111827826007 0.0189756189617288 0.807807590732408 0.927392299538651 0.0917780182120797 0.357229286755336 0.895510383029595 0.19102672906504 0.0468466990376561 0.71835393073584 0.556402360904502 0.279879831579175 0.673617326084422 0.251996937471987 0.953011790898538
0.448339821505331 0.733941168328487 0.701568801073435 0.486946212943544 0.988736758224957 0.35965829761406 0.493517699642643 0.756824043258367 0.743639755171472 0.743323935487825 0.264954458820162 0.99329858440313 0.555629207038268 0.283923068427762 0.706061274923995 0.976617437284155 0.822785162171919 0.715538577525422 0.580721428466574 0.999983486237327
0.190595695409244 0.572645993574147 0.634536533259727 0.58215163424504 0.418874262290188 0.532904807039056 0.269327326904278 0.118802596225892 0.180302664099102 0.123432848514913 0.0727432482006763 0.995852128633979 0.222113135881045 0.0577601741001256 0.714121155873349 0.340794942988924 0.882752576875245 0.526644394360306 0.724221060460782 0.573499394523734
0.399522297508171 0.581890154672366 0.723055219726484 0.642105447058382 0.592213378963919 0.18501230539174 0.288442713645045 0.63598449934847 0.49589880185258 0.202060788186694 0.736338854265301 0.842634031576061 0.55317549156505 0.0760233476680656 0.637417672227677 0.999803728637302 0.206418350540776 0.793969156196006 0.00535721050016839 0.999993027764816
0.235384052162289 0.588865298290366 0.351323102665948 0.665357387299148 0.662615615166703 0.45055429112485 0.107059651873952 0.38284205196165 0.372966221436035 0.15554074633018 0.357309519158798 0.992773125834756 0.298213440550798 0.096633190363729 0.526531312114 0.959736617903438 0.291958789905546 0.716998664464348 0.0725968858402863 0.291425335328265
0.507062961289977 0.736261638770614 0.275612573112769 0.596321341710827 0.986487704818472 0.78163866227258 0.53139187192508 0.978284344933305 0.936747622510125 0.819108621316767 0.749014674909183 0.998003283748773 0.665305995430848 0.180309179730659 0.722617753809209 0.180015113699621 0.681781634733671 0.832642354334226 0.50507605013569 0.982004741204023
0.0545904451221424 0.521266669268847 0.48740446172486 0.755598945763842 0.480436081005876 0.523391649228924 0.102261790436363 0.0934251066129879 0.107568703367262 0.239378099184929 0.0588706156461542 0.448835101349585 0.1508837620383 0.103025258984111 0.319060192148309 0.791047865611192 0.238853891345509 0.369867839859332 0.987012851697866 0.00025711780937968
0.240883327624223 0.606351540334753 0.548550910702525 0.530414405805615 0.940167009179769 0.542743655175681 0.0702042809109121 0.695257670798935 0.216887915666443 0.57041078696339 0.855078754094947 0.994851611148572 0.222107381511367 0.111656109621708 0.897199209555302 0.571207538310978 0.561504419993418 0.460776291334178 0.998085918048431 0.970679574201581
0.127775710577332 0.548856690333301 0.364013138505912 0.3185019683426 0.0849586739321247 0.578555566293188 0.122195965851097 0.209321655973597 0.389475847425635 0.0610257177096647 0.0459459843971061 0.678409780100737 0.0632566530652503 0.0692203044514544 0.347743606529481 0.875830367700691 0.433392070159461 0.573955801102408 1.45801154912969e-05 0.0850013110359186
0.282956779826591 0.727428591986922 0.732926214622702 0.695438272720496 0.653194137589484 0.746537530855141 0.102791525922388 0.610909745298842 0.741614463871918 0.411188036478496 0.669447234748729 0.655515350008366 0.450062110286669 0.131224878364764 0.865869548664865 0.998785946640296 0.84268024342345 0.526889724479889 0.954135412978662 0.999999
0.586748095442601 0.748008275829737 0.73427494436703 0.858141473075131 0.990962304362172 0.356112272668421 0.601485359787175 0.985446240063561 0.978587035525993 0.960995313370379 0.933136984679509 0.979954780031878 0.647004682606034 0.42269987256312 0.661281579896149 0.996817981958182 0.583899478872021 0.578594664500699 0.687858389731839 0.999966452249069
0.367079966556893 0.678771857785588 0.690897450573727 0.625615293529882 0.943097842264549 0.537822880773185 0.248489576589165 0.775887414812345 0.935856844823854 0.759008022151967 0.861001615667371 0.89425768942778 0.46182635966455 0.336725504446546 0.918742399700499 0.999543315949274 0.652125379781209 0.867333816140642 0.198781091130753 0.909818225409603
0.274286980322718 0.708389672547624 0.171614521397523 0.658916801578698 0.768790592242112 0.230446052565579 0.0500512940978359 0.608606951936423 0.603805718268321 0.422862441716094 0.185146667553269 0.524884483836098 0.229004123226071 0.152138112912768 0.78849485721667 0.903284464524594 0.778597224005042 0.695812384946673 0.0403540221047299 0.000212063410270052
0.387297322957835 0.597457362439226 0.520302847321009 0.743512532077466 0.739180522049698 0.22512034267839 0.504985534533454 0.812524119096178 0.0152874677980854 0.636365584454054 0.391892706351307 0.372874529033898 0.171314848625321 0.257481618100836 0.554766722671372 0.992242160462692 0.426387939061059 0.583683528475042 0.994639371754129 0.906022304090312
0.31241188888869 0.774969955688464 0.858550183622485 0.796229188371748 0.934261182143091 0.866075157602635 0.191411025291158 0.982417202646028 0.928966042469436 0.743629675058606 0.963501554817014 0.905450853722425 0.669553867872149 0.397394324142242 0.68946406518271 0.910569110578525 0.297103051799744 0.801943194968583 0.981048839396111 0.315630640479881
0.0170917125834931 0.512029973708168 0.0545765090519604 0.322016666680202 0.105209020272243 0.134517702316825 0.0290533033036141 0.00578491149176774 0.0140089869877998 0.0133638311674958 0.0170919004329778 0.0748342352795729 0.012445843848979 0.0302995925241543 0.368741103930116 0.987908823198784 0.504330690956809 0.224606085257637 0.00143737247443795 0.0568032460608944
0.0974599060290983 0.582276615969193 0.322627841283674 0.569955110941598 0.11135148521938 0.213835477065685 0.0159987724699654 0.375129886192628 0.0564757754153825 0.131368706913336 0.120338736555704 0.860114793486597 0.0722128073584897 0.0448280242699867 0.696164837525379 0.957381075806679 0.584594598394133 0.436844037608817 0.0227437015463924 0.999999
0.312294653038912 0.600882038081045 0.422349613832431 0.740031060910972 0.744611858135601 0.837121030948372 0.335407006271373 0.83771414287556 0.494640731575408 0.758933994844178 0.464638263883443 0.999190834654675 0.150603581109275 0.144417604474182 0.573571297054658 0.994658454381097 0.73934547442152 0.754157782764537 0.0228318887717099 0.836733706035608
0.606319574789088 0.676489080877304 0.803290809522387 0.779406517488656 0.998272896895001 0.872368558132947 0.337220771541151 0.93877981366505 0.991803697786623 0.97481967706899 0.971103753177408 0.99509328592557 0.697587299412597 0.29011606902757 0.896903540431655 0.996083698955327 0.750044656605211 0.722201520825009 0.0120496700087902 0.999999
0.255328105943294 0.654297092267236 0.882204026221454 0.693600534161755 0.338722767226465 0.450723976502353 0.350383938707803 0.409421828785649 0.259365451153371 0.688244674262952 0.208179301029504 0.961267223575429 0.571001264425776 0.192677270878495 0.884691035173423 0.944836719352134 0.377057494216785 0.360902351130563 0.512275775590987 0.0107399220689077
0.0886883395878919 0.575779256346865 0.279145210011899 0.556028791907908 0.229204285015934 0.529115394633674 0.112154891794121 0.151177450765747 0.708604936013958 0.227513334263003 0.160989410774409 0.441910369635083 0.159192329531501 0.0623823000240623 0.708011547483844 0.500415224412662 0.47144241178136 0.363611520745171 0.00236038548496601 0.999998971693105
0.0246113986300338 0.582280282188066 0.142646553638379 0.192792174824722 0.120781240206497 0.266574992582894 0.0517860007741271 0.0038642554641132 0.256223266784759 0.0364103697785547 0.138084936122095 0.355043782663134 0.0252808982593752 0.0551007691219906 0.649663697840729 0.111383939529051 0.191000636876477 0.284326365126762 0.00975123929435515 3.82164623375627e-05
0.0751557500897898 0.57237960007924 0.0790569402245206 0.438748127989335 0.371217323871348 0.659642629894551 0.112574905801987 0.393245143227796 0.124817016773756 0.113598680762544 0.527073359691374 0.430342003717395 0.0366752052944112 0.0688236279106117 0.570265019822882 0.182755765471324 0.422216916963924 0.422034870087209 0.00621466422614326 0.0664904314414574
0.123091775159269 0.500605060607701 0.723294549883304 0.572259582574611 0.0363779724981826 0.334234774285391 0.0276086858113607 0.788984560805587 0.983366694191675 0.102800233052596 0.821255664675464 0.977875641017404 0.0553874395546428 0.0937925454808235 0.65300232215989 0.857032231538096 0.373901208124891 0.562384657612608 0.996562747153636 0.777726142243053
0.440327165626577 0.756388361172253 0.406595119041146 0.845247628134394 0.9630960371238 0.484075670462614 0.153805251733504 0.961627144718933 0.925185283463469 0.89543795991115 0.943626470663914 0.919212608598616 0.568174442431625 0.297153119535274 0.813060799139672 0.996793931313764 0.525088063752711 0.796417843791981 0.436540845424182 0.999992617627598
0.391413893995159 0.703789738705018 0.935923019999595 0.450379588709862 0.993355828654763 0.696365829208152 0.166732888459551 0.955480051866505 0.957941035474495 0.703705288774387 0.369777940609687 0.987602385353093 0.382234346471418 0.179064058129723 0.937691352192362 0.953068938976107 0.591314115116521 0.806473368370004 0.12075189797835 0.000688984092511057
0.0575651946369569 0.586741509868933 0.509832238780355 0.655621271015422 0.154217316836492 0.238166873719176 0.333812422326047 0.0867955814535214 0.0472806156167156 0.356595047480071 0.362504272792996 0.241671651583663 0.204719268935752 0.0604990028272034 0.873048233123946 0.924697562605826 0.362296245323049 0.423996404394702 0.345498518488209 0.999969576412403
0.126253793883044 0.51677880844706 0.470497725020682 0.42210817742281 0.659790318673964 0.401124264410243 0.418233195863138 0.210955486559279 0.458049802611143 0.23086839328469 0.769670343831195 0.782416595174915 0.274911198506066 0.0767968254592682 0.402774237513915 0.862685424096771 0.637875397792295 0.397690657174733 0.543903071076426 0.937252503977587
0.111049308224319 0.512973644843203 0.121896226630035 0.743291459721249 0.070012545015214 0.162250748357446 0.0256801372621924 0.00893156153682499 0.544493909716132 0.0403977212423651 0.0374829264410199 0.202307742408147 0.281408268411547 0.0314411499492649 0.439375478787908 0.729687596211051 0.397713743939254 0.601114204373715 0.0684756333622608 3.54022770099438e-06
0.74263577875818 0.769231835691053 0.697889778699806 0.658004649731721 0.989244732371218 0.969436059683243 0.56242009174547 0.990201572561614 0.979814438842826 0.98205153366948 0.874605618070151 0.700611372410759 0.810959192686425 0.511976552729675 0.979973051581926 0.999982559921915 0.508558524628878 0.845362057344251 0.241018579924611 0.999139966467313
0.414037852729745 0.695496862387729 0.909555154959772 0.80052294764587 0.788271409131547 0.738412436774669 0.173586921680724 0.987478900062499 0.926472120765683 0.615123130838344 0.726926994170947 0.999610490911284 0.695942107446001 0.395017380913785 0.534870056050891 0.986265364015258 0.564847716438471 0.718584714998674 0.628756645282879 0.999452083095035
0.242811420223055 0.752965510961394 0.870064954843192 0.661090768069671 0.951458245139164 0.559508382344589 0.0569487985706901 0.689217637207587 0.752145999425323 0.872858282672977 0.787832704241484 0.991826229424153 0.438066923294148 0.46400303758053 0.893882882599796 0.997106107358529 0.392128949054575 0.616322291418887 0.883146368773517 0.999982327303268
0.112051668531226 0.543428112861865 0.371347030626146 0.445188201658952 0.192640343790497 0.18755184321839 0.0297978178719197 0.443945047689016 0.21708139788327 0.12516513122018 0.0820667862691062 0.47270590727031 0.311822122331199 0.123427880069071 0.880288409760449 0.223741055429935 0.571612722032856 0.347268058096605 0.0635206696229331 0.0253344804243055
0.234531329676994 0.651139314784743 0.567340706962247 0.800798399293096 0.768464295067781 0.423198649313454 0.416952041062079 0.553381888051049 0.910214970731041 0.861521069834951 0.353066559351247 0.942029484417604 0.359764733837152 0.242330928469316 0.835821353383116 0.991179452841011 0.589998984956247 0.819908198880997 0.0250361019317697 0.999996571170973
0.772917640206187 0.784421460296832 0.898610158791627 0.80422622800722 0.997755028054164 0.344004296936252 0.51502844349952 0.998122893930739 0.988325430385481 0.957490161251336 0.98830438034536 0.998217198265866 0.827650977305299 0.619754899764894 0.922212669131313 0.998434997573582 0.498789533455002 0.825248145221595 0.796985820652187 0.951988375679719
0.54778104699938 0.674476505946852 0.625582415794572 0.542363763680057 0.858437604489731 0.695751718167224 0.248085982241948 0.890353265318843 0.801458296255702 0.863969695826009 0.958514897242754 0.994857465618425 0.233496936089271 0.19909912040741 0.553838089767032 0.460949485143406 0.73851277212518 0.593328286717643 0.869787160247294 0.999945745815357
0.242784030628142 0.504335807485061 0.489314351921946 0.740814108552777 0.875402499766602 0.600021000732954 0.0400467293475233 0.275428505240021 0.25171558270561 0.100694526026844 0.0986223339742587 0.589286488264818 0.0582301034381686 0.0887462273233952 0.594098601344049 0.986815255240089 0.634055498960131 0.620009463910218 0.772812235851644 0.19033899847785
0.404368748379877 0.679752118121011 0.79596055373651 0.761593411673394 0.952814193461525 0.551447728854933 0.234713876389581 0.976596997146919 0.853696395936891 0.744785053084314 0.771020886652742 0.82464790485404 0.302820818439396 0.22711984749615 0.930401175106145 0.900013245455454 0.482814689142884 0.435787656578692 0.233155919456581 0.0268086357259759
0.918434510926227 0.853605218761536 0.968836573799705 0.919530615892196 0.99957548162377 0.57401599928854 0.773673664775252 0.999954407738859 0.9999599027538 0.997880074626863 0.999958916844914 0.999995138216702 0.969874210955978 0.750131370508203 0.993308590183672 0.999720982347369 0.64550885475123 0.97532230712427 0.888490671658599 0.999997290881932
0.367111244013975 0.632580408208505 0.170147176067359 0.50663844961573 0.738271268194204 0.698527076296728 0.412824566743056 0.712448336386671 0.633454106043433 0.418499114596845 0.513383694013488 0.912764253398817 0.232518561001801 0.15230983628052 0.783744175769113 0.998462933156171 0.581011685613986 0.479097392683602 0.985027299624437 0.00076863630355958
0.657904710318448 0.725416323081047 0.909402634280087 0.847719549535616 0.962260052509961 0.361184171244134 0.53503168064872 0.798646790158745 0.997793221470125 0.908580264954292 0.932735869925503 0.985186997926797 0.556100891091704 0.303586232751151 0.943824623950392 0.991705343466288 0.736363046158866 0.708278561299573 0.792391522125541 0.914196333600826
0.399571367068564 0.560776527146462 0.235342044226164 0.728887309372832 0.964201565642038 0.613331576672186 0.190687254005139 0.898444668646228 0.952305369733375 0.809231219755796 0.825040201335211 0.991852927222613 0.68421261324654 0.312973663343386 0.731003429068913 0.983917423527009 0.843592947034312 0.837012902699425 0.929037822378138 0.999996947572829
0.550607029681272 0.771120313800178 0.892931280006699 0.84795034432326 0.969344748781019 0.638208303763796 0.719911881115391 0.867956575957027 0.99821536687871 0.973180708712341 0.925855669199087 0.997929864965509 0.834094706211984 0.380637503171062 0.875906388090697 0.941289986120083 0.577669913740874 0.665386752201405 0.906748214651856 0.0352880164859644
0.0373160353914276 0.421194252036708 0.203494514172937 0.363697740367562 0.457241595348736 0.181402197033418 0.0816942818881853 0.192175807885506 0.0931208417720768 0.412608432756142 0.439377390454158 0.864357451522944 0.0718825322993473 0.0361085347826558 0.342852868703767 0.417710818270027 0.275325612212957 0.214211713728499 0.00130674079419511 0.00455667713218599
0.116114190787296 0.691415079032186 0.697723646909214 0.649254017410932 0.221186282272999 0.332644557828983 0.111982009062796 0.3087386466618 0.599956263996603 0.327879385070327 0.715266320138991 0.861219635926512 0.292744895606063 0.137206495502078 0.608738817242657 0.991847458187217 0.304096309979483 0.434027762572979 0.145536968518756 0.999839781837144
0.0649186842405381 0.508554598512964 0.267916212306404 0.774646960081038 0.0409963704429431 0.212951556177095 0.0880385249923303 0.0393391788401706 0.00632949119542546 0.0395680697859577 0.00809542276816431 0.952050110624924 0.0715060125791239 0.0838533580796154 0.378932583295019 0.728491477456934 0.498669956398624 0.598218560471159 0.0170867241327618 8.69375225149447e-05
0.456167252210407 0.726505707090176 0.944237381212237 0.467192636345519 0.886695827076494 0.254326938511043 0.427369282989433 0.960538854429127 0.73366658225395 0.746346591645927 0.875994035926213 0.969951701956689 0.450567119122255 0.310833175722978 0.949837265677626 0.994300363944561 0.623393537637238 0.339384679038648 0.00886884097416093 0.0722695184598602
0.171233962040894 0.583138494399708 0.553681034719546 0.67678488626784 0.792894030228569 0.567487519086556 0.20392704561419 0.535233859651758 0.566324534912209 0.338696755776298 0.468080311552017 0.908388496643703 0.264198470885592 0.18536481210604 0.34145173554195 0.999678671156427 0.473299437363636 0.638249526278412 0.473330039990101 0.0709913030773282
0.335116508876673 0.703145281547112 0.717023046550657 0.645087356951615 0.933013258023888 0.421182432786652 0.257943904003794 0.981145412853846 0.813828140599546 0.861379821442262 0.630445758712821 0.987802675491018 0.36000717417977 0.188867708184643 0.607662315750234 0.94660924114069 0.414492412031774 0.846859639207265 0.0549434013162922 0.996067511744347
0.0454663240068284 0.431346249901664 0.200941342851046 0.816939156348287 0.25076055019883 0.406672070362441 0.109441929442207 0.0314644977638426 0.698442735042277 0.601102021813512 0.0976840062593924 0.979129709125892 0.0950968167360984 0.0437904313979418 0.430635189347475 0.872797040262419 0.610440095026435 0.407112035379378 0.00540880968555239 0.284198874733593
0.165935376898017 0.583808905131908 0.403675199680146 0.695026533862296 0.489358601352821 0.43256771629093 0.322388495258249 0.313711401748297 0.592585994935481 0.420067894166692 0.502619314602813 0.928378556564743 0.245646367000797 0.113305560872917 0.358076511910666 0.669275567222767 0.378577043456865 0.61057342581815 0.00105612116069722 0.999935998114167
0.0426614469156313 0.525853631410155 0.225598419353829 0.574570525020843 0.868849611761041 0.723816363031137 0.11218960549676 0.0879629974286427 0.0100479315197968 0.120773204794119 0.0271124614170504 0.720814784192955 0.0911446679270063 0.0489949375305047 0.592602269624294 0.971904567392981 0.221007449299536 0.435693368968181 0.0652662756540813 0.199081542029731
0.493314992813661 0.69809106839037 0.963564333920877 0.59914298338773 0.885498544064683 0.742043557961291 0.100095949657798 0.743391352290221 0.998749409742231 0.911554887611659 0.841622614042251 0.987581811429496 0.29360795224624 0.29712055726878 0.915791719207239 0.99279079339148 0.772870800459722 0.757455307637607 0.02076907585154 0.999999
0.288496836677578 0.524500430896055 0.652515629497377 0.830205527471819 0.93673967019436 0.51688509550722 0.169784053204306 0.971464092783451 0.950831546418719 0.776184509370712 0.734171837388496 0.981018720144119 0.185677458652545 0.141042262774393 0.54418870563355 0.927689292158796 0.568601659936586 0.392865349555408 0.703926040434827 0.0360227360607844
0.257288766599458 0.684230233268342 0.695184792844397 0.439497616982736 0.812691448784654 0.637261784302421 0.482127368175913 0.946752877812822 0.515325705499399 0.303874139881566 0.839371474147621 0.937501490645398 0.321467306172449 0.113161062560289 0.748346055205853 0.178692924550163 0.577456414315508 0.603791940212586 0.0261093403967677 0.971050733845049
0.311538472741761 0.676152649311076 0.0984053388762824 0.714262799251736 0.842534057371588 0.337718144295942 0.0561258827028433 0.698917031647287 0.138189246341251 0.271415151515572 0.72196340037897 0.773018957786449 0.153408741086076 0.128468439687801 0.527335321946295 0.646321250186151 0.484807849402196 0.54630786074677 0.592296266923786 0.00159296719162063
0.01191330023155 0.579029673668581 0.204139384856201 0.2486697190431 0.167864811199704 0.417250903241178 0.0948775392076937 0.043074195581942 0.754160799130273 0.0599233746237769 0.0310572308153518 0.456587307729863 0.0295578163589145 0.0470817920473657 0.489338715750778 0.300659313935519 0.23309835138205 0.280488762386097 3.16104673421168e-05 0.892475906276893
0.090980689971057 0.62578919259541 0.0757217624044043 0.785006590384934 0.0144140099723183 0.356970273273895 0.19088545222129 0.31967508673289 0.1816542975848 0.093035038543289 0.406513667624252 0.765713586466877 0.11723107361188 0.0777287227607811 0.204702305644291 0.925516937306911 0.402511116760995 0.399518835197107 0.0565957441524998 0.298442437507239
0.0483873660372346 0.554473280563361 0.723486275123283 0.598400175796968 0.0277237917489138 0.0525239199503522 0.0477106042657736 0.251421816531302 0.418480193992244 0.0772590678237449 0.0257120656809147 0.290710337928578 0.0709807545638834 0.0451108120249574 0.254859921767487 0.750662510945203 0.573701855536292 0.452249408677481 0.639667288512944 0.000121010974751212
0.193122715151057 0.542054506935167 0.55324776296311 0.529392221384793 0.010679877246939 0.20019351962579 0.06759750146539 0.144334110776662 0.126586565429013 0.0867554909253448 0.240636029265488 0.843557091734475 0.223794562000502 0.107007401020249 0.77147796584434 0.378216008251602 0.547489266540021 0.524536260991497 0.000539101688341994 0.00201438347486663
0.274353701810081 0.673034636205246 0.500591411371353 0.51432317949508 0.9142036430954 0.52447320670307 0.409282506098936 0.941366552248856 0.893077762370029 0.922685195410941 0.323528401032571 0.948084344370216 0.518714394636146 0.269170105467378 0.902695898182116 0.956780968975237 0.387133229247343 0.542256623411817 0.632973983209964 0.203173261320475
0.775048766034188 0.841376899567591 0.940479976594661 0.745924974043916 0.973258710516101 0.2652110923471 0.911026974301282 0.986449034767891 0.905303721783541 0.978524974359779 0.992529533770856 0.999318220269065 0.749396625155658 0.454670800938002 0.673737106157634 0.999627499487666 0.719320133380535 0.893349713419442 0.937295746991001 0.999875261906232
0.132362238725017 0.513990188720433 0.509645079304446 0.660760499431557 0.218267132602637 0.106414332549051 0.00784858706278004 0.0936691596242605 0.985558366254052 0.0124318836441171 0.048331216481857 0.132887206856109 0.108978164652225 0.0497327247140672 0.0301171821724545 0.942970561191631 0.12070715641604 0.418129870478435 0.058229769464576 0.00257165393247986
0.0588848748023067 0.522344632982613 0.204348645745663 0.424058310946903 0.0601925844207143 0.36919704799787 0.0238398570331661 0.0384546258571633 0.146689154082634 0.0148447794137263 0.133190685248546 0.492422399956304 0.0480463112688866 0.0134603601782261 0.401660274368635 0.0177084812724456 0.469589982045533 0.25122761326742 0.107263384731618 0.00526013464647944
0.372597740631599 0.66057079700772 0.540871266355306 0.761123712285288 0.842364515421534 0.503524588074302 0.516092380224286 0.768229713938948 0.873380618587152 0.468653633333891 0.952073019060286 0.997659491806006 0.612028398688981 0.201343388831752 0.62503018826481 0.991984437954387 0.428800030883663 0.659807350468412 0.201892311322465 0.00199843916376826
0.482883954750287 0.728096503206258 0.550948671039938 0.783905442031802 0.973775566139217 0.818100358276018 0.529579905835615 0.964498871791887 0.994195268174272 0.877899435749275 0.693785313611221 0.998612850818926 0.305425506652791 0.323247444666359 0.665343362108177 0.927794466575953 0.69898586117218 0.680026043632724 0.20190312224235 0.999999
0.0280858722288649 0.364793622174974 0.199266250097047 0.390406505888971 0.141087043193735 0.241713615565551 0.0180925207159165 0.00281018979351862 0.432531111487343 0.022555009369773 0.0881452375402911 0.370469435408715 0.028703357149891 0.0148629529707967 0.118227612576717 0.79209734173557 0.456782563596566 0.31195035941574 2.58031822287035e-05 0.000294715007224183
0.039113245220243 0.444749022231186 0.00841415004163899 0.40563253967817 0.00724936500085065 0.441570586836415 0.00796950646180942 0.0376967570079847 0.0887782874414222 0.0239443077234493 0.0582622783865407 0.363376063973065 0.0252662633760165 0.0321684627782956 0.316446366676966 0.140271717657552 0.522763187267083 0.253168809950418 4.65508283209707e-05 0.0396555494400424
0.366608327213068 0.531301286499755 0.381367485772229 0.572245646368259 0.198283757948427 0.600553935742759 0.102710714229151 0.766912148898902 0.994215149798517 0.339514499519721 0.353163120038743 0.815265613932407 0.158568683161102 0.36030873619131 0.602213985249729 0.299142429906526 0.570477268788225 0.656120633160495 0.0266144228813284 0.0130792529022733
0.252645552349268 0.704445211154114 0.834490906421114 0.496741232698513 0.724241631858731 0.82414938038246 0.0360138440407253 0.598294851765875 0.99363982177025 0.435505624122207 0.682368780236487 0.999370643302532 0.34834144341238 0.108740826599076 0.523465173670056 0.909261938720095 0.619530300250465 0.582605021321938 0.087341425675209 0.996573948574251
0.0782360610463314 0.522879114083098 0.105215318942958 0.506082511386852 0.472497403200391 0.479900259951595 0.161962782190499 0.34272089358875 0.990813747031004 0.306153473396986 0.418701218432784 0.575261449579143 0.118705436842668 0.0578110529722367 0.548880204558298 0.972744114664937 0.55224602528776 0.532943588061819 0.993451811467943 1.32059382372761e-05
0.516920627993169 0.754897257660925 0.685053445724663 0.708792682716255 0.964731559270161 0.779893055132623 0.457742158604281 0.900182687898985 0.929402338178942 0.916292746363969 0.957965994362868 0.9880099813329 0.411502007711964 0.334442757290133 0.706831020875438 0.999802914198175 0.523620321577113 0.805820889296473 0.988544200753048 0.00387113934097916
0.27818806591663 0.715716196492826 0.664612551944582 0.832853048760173 0.915639658259518 0.230632494298205 0.309382727120287 0.69945425362617 0.602792851199623 0.76003388197737 0.790851575891708 0.999325618583993 0.312364430008866 0.222619463011667 0.464982331787012 0.990896496707557 0.411605465519389 0.707477949623614 0.0210206855397199 0.999906088607244
0.436245174332639 0.695722256185605 0.939582511421761 0.577090956234902 0.973829189668647 0.241230316022868 0.136417965234159 0.927439172979134 0.253836108939336 0.727441941803821 0.292029388739279 0.658716591955762 0.4046516504207 0.342328776942253 0.769320005038152 0.956478172164759 0.517182897625032 0.795634194046835 0.100594554721285 0.978307115798289
0.125375770698265 0.74318706893412 0.873465587485421 0.765942169524122 0.978714782041047 0.618820092688396 0.0405890229405972 0.949010878401281 0.81371140117782 0.623886912706463 0.738028979509419 0.990876127781937 0.307083227939101 0.247360262310268 0.804950087140118 0.98325555392322 0.576249036550868 0.446325932939644 8.7848821307786e-05 0.000490570593443277
0.412615288904655 0.725598071347415 0.61880241779643 0.683653277043784 0.615171621125593 0.74753608923613 0.541934357399013 0.718356891777047 0.416982825363657 0.626815847730292 0.242561020289991 0.968974497067516 0.531768058974824 0.193490945050631 0.444985946261721 0.996425052028247 0.581072084949838 0.412682448500811 0.0611280536519333 0.52621042239811
0.201996731965272 0.666961079444119 0.659357778818588 0.377164935123175 0.844597371489341 0.785644305965101 0.322772281526401 0.918580247910665 0.428947161105131 0.319387315436413 0.64155257752182 0.644056659459608 0.179830383807268 0.213748194024268 0.807225714255264 0.994372452671107 0.386060040761405 0.462644022724923 0.888668229284474 0.67456484074046
0.194693856750732 0.735478872738137 0.18534527212402 0.630846006667678 0.650477565722635 0.393644765434192 0.0328140797445934 0.576996144513697 0.772888463506975 0.202682143939354 0.410461637487016 0.995181740851869 0.28348236898836 0.314886104189728 0.607125320224636 0.999415953017018 0.246713658970709 0.510819108971491 0.5747301147324 1.6881968720424e-05
0.109350095210566 0.45423693567927 0.286774858806492 0.376999318331385 0.0914453748048161 0.0971034049543508 0.00763896285425745 0.570955783054064 0.541437236657615 0.154694833692329 0.0957798165776373 0.589570975800157 0.0776111973497536 0.0669309325587472 0.333966298349659 0.0332468371886076 0.394950894903993 0.432070385060208 0.0849988749639824 0.970112122828021
0.271414861791326 0.642083648170527 0.918479435879217 0.79330857441961 0.407069188745212 0.206907167448538 0.498401278913367 0.850785356412496 0.969602608040425 0.513653452474881 0.811878258196954 0.931831397210797 0.680635573532864 0.240645920935871 0.702368055271531 0.999349776058746 0.394721168815963 0.472337463077371 0.300077155828499 0.940038706506331
0.0234669905746774 0.495255421826357 0.211678527178386 0.5895613543856 0.0246647638581884 0.174612847604476 0.00321767136876119 0.120291732035321 0.191246631119039 0.14553968301862 0.0422165163576616 0.615843072865042 0.0613143371597565 0.0464593799547414 0.137978906963636 0.488984011721876 0.27855468016882 0.28180005259425 0.0355198606188891 0.335683321295594
0.0483012129504304 0.523718097956719 0.518374091614069 0.72773623271421 0.0376821219020941 0.122875175478601 0.00951497879011265 0.0288133299060164 0.781345998841716 0.0322001517826325 0.139134886725343 0.454330511175943 0.0345918889499974 0.0496311633366731 0.449404856141262 0.320119562491999 0.208867967809001 0.367620747522031 0.00022223440459429 0.0126855543805403
0.0528596067054675 0.533019273179603 0.736610917477089 0.48964159412031 0.16767534613642 0.195849880441545 0.0476378057560119 0.742281457350169 0.156254936259272 0.161998743039758 0.192096811030627 0.993203362704663 0.265100241039493 0.035507215759598 0.290769503708642 0.246272570365594 0.485567700095495 0.327857678600218 0.000479748350334347 0.999045190401004
0.0912734804137945 0.50796092964693 0.67763539820443 0.665857621582353 0.583775901097161 0.159216956056641 0.00497710265218354 0.292536408841512 0.189614149137924 0.19264698727117 0.00386775381079013 0.943749556160471 0.0286536321766883 0.0379534706397658 0.32167683035571 0.237466607257057 0.496020170713266 0.191665038002539 0.00849816835855487 0.00534448883596288
0.0761790217764301 0.656131333591787 0.534742303837715 0.570518257382885 0.640582580574506 0.439627625324419 0.519591093168345 0.817854568367397 0.923931461111006 0.296805298708759 0.0898118278531677 0.996347475000766 0.154057301087995 0.0829820596946568 0.604135580472273 0.986955617439293 0.445298737502148 0.367198670501981 0.141043326507729 0.0267528694974906
0.309359515637732 0.627471300931192 0.434145042271193 0.63410293370385 0.0473452340170287 0.340030639697216 0.367026119620292 0.283772357493621 0.766434458931234 0.702191122266892 0.459668320398759 0.631027459444634 0.210508216031276 0.231525396695971 0.89468182899618 0.49924481720973 0.452161909942923 0.540119399134732 0.252535334451961 0.0142341436748948
0.795217526790071 0.747525311858372 0.798243334293068 0.737226686054394 0.991428502422767 0.0570801196793787 0.674414128990061 0.960192112221883 0.93805291912815 0.987269125097126 0.996121251838811 0.990971204330604 0.910667876926231 0.590890004363816 0.886427537334227 0.999932425607362 0.766586373601925 0.665696916448324 0.999463095695731 0.999999
0.280470681993847 0.652284215540856 0.746595255753267 0.557892330739781 0.634528281027571 0.327512777711293 0.0455322547108073 0.606924322305962 0.87692171138535 0.700151184664416 0.366864219524344 0.958822230873115 0.14773997569705 0.0821427808575117 0.32384887157893 0.416800153367864 0.305171865751974 0.533528822723038 0.017858423345578 4.26317870662014e-05
0.763481169431186 0.707332715578002 0.98569544529214 0.650207029611709 0.994843803805513 0.479189979694102 0.561563006053425 0.973192021582204 0.939525358364454 0.96032957165015 0.967762579082117 0.99976303346267 0.687187218000713 0.466363057486203 0.96505009118659 0.999325370237133 0.689747173022514 0.764916145536955 0.853277725821546 0.976910978595386
0.120603590196648 0.534701149433483 0.6040258885628 0.564971971384569 0.574218048487839 0.769908813891746 0.204307278768503 0.681820535936716 0.739335148715317 0.0783572328821566 0.403215502193443 0.902222508913322 0.0711585075416742 0.100552718930522 0.865686883273863 0.062878562269926 0.411639304507386 0.370535446375514 0.505862313099679 0.00257250063862346
0.4108927525627 0.635396941150824 0.617030393477997 0.694536148226669 0.742951862490986 0.579271505467198 0.0586726289596553 0.772243273141094 0.193311079843731 0.428913157328841 0.826905353830509 0.82964560649625 0.437164635978293 0.35764828047146 0.733863188863819 0.97313184099806 0.642476530791076 0.581398367275104 0.31827347304442 0.999980691774636
0.0638438937841954 0.359818411904979 0.275873130974225 0.763068697570741 0.366602796695209 0.0426815929293857 0.0207523976606467 0.130251744184147 0.0239083700556715 0.0390070330950506 0.0244834266570818 0.221065512855759 0.0708301208257396 0.0789502529779127 0.35719892607454 0.115319737269627 0.315749535002295 0.39362799203581 0.00399684264162473 1e-06
0.086347734134172 0.49234673727839 0.215790146481449 0.582824328061866 0.422111873462466 0.766184647192075 0.0681916897146948 0.365368209682331 0.922869059446477 0.294851589302003 0.172988933088397 0.56827922291175 0.0639470828380305 0.0912210516978076 0.216455784004662 0.999509944694993 0.384553194775418 0.634697113216631 0.00465587762209 0.00529414653857411
0.230156905377424 0.455957123907674 0.919664756366815 0.800366493031917 0.792773209207952 0.246441574735396 0.0618312326010955 0.124673881770327 0.209213017445752 0.407838848007857 0.0529249707205673 0.946968115032762 0.0595362607884256 0.172883211981432 0.551801073585009 0.729061368810757 0.612115434314415 0.554878463462035 0.421554257103978 0.541881226156385
0.383959858181343 0.772027518378226 0.873872240218373 0.808099538503922 0.965405206414921 0.616449262445866 0.342471567543807 0.941833301145228 0.984229866753941 0.939713557117241 0.71603278775285 0.998968816478641 0.351621247552303 0.204874303926447 0.848644719032283 0.827026140357729 0.681394859251955 0.627572865695375 0.183146716197395 0.981664386291319
0.525056055686673 0.79263542775768 0.972252868648401 0.82381768126983 0.984631613947186 0.64942637068386 0.501594779998319 0.956956338122955 0.923905667026635 0.982292870166647 0.980785527509976 0.999922814604197 0.82509960278551 0.435410528011085 0.959086203075366 0.997229903275797 0.613706280589589 0.816944594123836 0.0375116279267924 0.99885782631103
0.115556174205896 0.783923529143963 0.695799918587966 0.774513838819574 0.790458384231989 0.480926942094292 0.161018142947911 0.635512012432051 0.579488471400854 0.749752206191864 0.991412493572643 0.835438692997681 0.520339078248218 0.207912409836067 0.593406389392342 0.485039687206337 0.491252042379461 0.605557713741375 0.972940420248701 0.00157329691916511
0.204641556346935 0.605749251336851 0.747743124952774 0.709502742171974 0.684055550664423 0.256396572664649 0.0804068671628599 0.375938131566898 0.698067402916961 0.292665907561695 0.115114933509714 0.719917748033369 0.342242490537501 0.0365592501601353 0.516852812336955 0.99611873934911 0.593618786382599 0.511973469241811 0.00125496294490358 0.999999
0.0993171956590682 0.664843101596062 0.755613592727557 0.697739749341108 0.817212440537834 0.392647015464004 0.284841286477972 0.689485462442111 0.642001148332104 0.469177206573021 0.346749007542821 0.998310229891719 0.241105169699525 0.154967465446325 0.697205418105383 0.944861850953982 0.78582144092641 0.413312488870599 0.0416976707859077 0.997620082853393
0.234495850575522 0.562789502024221 0.838860624003613 0.803955463990343 0.497692095824447 0.604029783836797 0.0884732361597022 0.261512021811971 0.604609797349134 0.266105647904452 0.267853458127834 0.988286547425371 0.089211803379456 0.098684900888733 0.728078150811464 0.801742342336638 0.397602005425085 0.819500455368907 0.272062730694194 0.999992981198909
0.0876416417072247 0.612990298958561 0.253155748709915 0.68876071431605 0.413844069335506 0.18532826431687 0.213404126743726 0.419925645966561 0.5553320560224 0.195101124738327 0.0333949435876922 0.562204697906164 0.171273114792575 0.116376726599404 0.196894837984876 0.594474451591445 0.338264300010918 0.601506613611439 0.655821451720004 0.0429416858324983
0.17045063744619 0.677287924963847 0.284393859015937 0.439419081251966 0.825747536468659 0.280603149993111 0.151963127470272 0.695989715877098 0.77115881774381 0.40130650674694 0.632476699163672 0.986551188625468 0.238881706991698 0.117851618778539 0.910537043708311 0.567810996182351 0.598373345536874 0.56852646148384 0.315539825188537 8.4553964410917e-06
0.208687217699761 0.541319551875675 0.249212405776266 0.519317519321259 0.431729535188285 0.283498326075403 0.274911618079204 0.63233456597949 0.989701483277274 0.281120290908516 0.520246355156184 0.99159527839586 0.289284106078536 0.134790641755422 0.637398409798467 0.961506849704037 0.602935846516831 0.543699833366309 0.500659867566523 0.950468946868889
0.0953482218923159 0.741943390839208 0.754483265156585 0.939860536249241 0.956365322920696 0.754163966836098 0.0907441684836411 0.667030412327339 0.920765971269114 0.296690345847434 0.398863269708995 0.524221417843672 0.246522014297088 0.200846125950924 0.946805819536976 0.811145730492352 0.644720860186629 0.618990916835084 0.288464487719468 0.875247879260512
0.486785590276826 0.64178528418936 0.63943284318544 0.864030989041893 0.969038113251599 0.382215283546119 0.129529725845065 0.968956237027074 0.901186093292033 0.7964325754323 0.743300883362513 0.999051054123245 0.479340169474779 0.415294133312294 0.90368835784022 0.983925268224793 0.527883063199818 0.952744705925128 0.865462708894887 0.404150385958213
0.181107423408825 0.598517278129215 0.872152561302664 0.579500618940157 0.976858839053721 0.347517487261271 0.211199646878456 0.438555824030121 0.883227263760795 0.0853490384103633 0.36979566053303 0.923624175250447 0.273228279566025 0.134560607456814 0.644057837940433 0.987500786138854 0.66808607235947 0.529274165512987 0.0214507652312667 0.998318647915506
0.401501637502022 0.671068885293093 0.800907209008858 0.504547232052631 0.831181229556912 0.241683224043016 0.147273493741293 0.866761217611768 0.38131755094286 0.60716032499429 0.646244244539272 0.996001337964129 0.453815808457055 0.322225940197613 0.766031884795814 0.958061794324992 0.619867884760286 0.72505193502088 0.693831418639937 0.00307463265604622
0.491727743588101 0.722865469513976 0.839283409228189 0.68144595234746 0.796414167871543 0.863877271547017 0.369451054494687 0.887727549242803 0.754171126466493 0.716316872210111 0.982295810337625 0.99532202891649 0.640016228253233 0.265800112581282 0.729308185603138 0.999253429883696 0.889110451326578 0.738977390117207 0.939581867166497 0.0319850392873715
0.746215996383455 0.80823318605472 0.576837864962689 0.850988404669878 0.980580310517886 0.750605959005157 0.198742363197066 0.966000216270395 0.970750235693311 0.983223066153179 0.998007680169018 0.998430774580055 0.765948665885994 0.56624441654147 0.992264068403256 0.999408726144614 0.721795147625617 0.930628418450493 0.999583046153101 0.999967780960539
0.34694213862121 0.576152523117189 0.496401495254519 0.497845395754043 0.994567643466739 0.149245084120639 0.269011619743838 0.380185587049829 0.644487063898669 0.83158418469913 0.716412176953342 0.99817762295686 0.47025818975818 0.288872232921738 0.868627075313856 0.989047252867518 0.783521891624076 0.741234161193691 0.982432376894431 0.959894063063422
0.0847578938229772 0.537054793213714 0.177101997725262 0.557132805753908 0.0393041150411216 0.187946930426694 0.0405359203305764 0.00698828818350268 0.31212473973532 0.080481713257036 0.012542401899136 0.68285840640096 0.0303115166651632 0.0462472299100392 0.0871053377363176 0.792305221788611 0.551308449932417 0.230902585358453 0.000986289256552981 0.894467372504686
0.0910149952736904 0.417029175715276 0.730977489866247 0.757650359677419 0.800284671380118 0.39192853261136 0.0298431097203418 0.328456427349727 0.726570626425458 0.427738610064951 0.246257170816689 0.989394811796371 0.320827403704521 0.0695941428014114 0.854564283938468 0.158054931325142 0.562901240997626 0.423590331118274 0.00103121422465637 0.994378495256158
0.140601009818746 0.544120312688281 0.220230221944429 0.719374234690818 0.436174109538293 0.435261072530411 0.145572368737765 0.383377160737079 0.889378331242384 0.223322457233887 0.527685408920481 0.998232431691802 0.219886804334017 0.0572187733269691 0.806710868261296 0.987522035354517 0.493322987796089 0.598429782518609 0.00419428774130624 0.319613762319735
0.155574937477286 0.586580105012384 0.607386326504675 0.410298283080371 0.790081057135247 0.612830810340914 0.200326667478511 0.463667238350093 0.160530071343128 0.530098120535162 0.435203506336806 0.941210923991275 0.220971967749632 0.0899073227741951 0.599607470120006 0.948160518647224 0.509330958472683 0.397863443498154 0.0102301860498424 0.00248509300534148
0.0879983688775264 0.496339730490335 0.809961487094437 0.545913504338327 0.50088176852289 0.0820755222445143 0.0573331090971849 0.151710605049188 0.0884499040026691 0.0487499888533359 0.0380293674142792 0.241130258210455 0.100702088929881 0.096432458191858 0.378983594228064 0.765736855187942 0.15447696517731 0.222616902526348 2.57303141327936e-05 0.998632974071466
0.0405460622522788 0.431476537691671 0.379395705022955 0.5937327502858 0.237655464120762 0.432786547416304 0.0120701684674387 0.0737008032016042 0.073126471478151 0.073305181943826 0.0366043262187878 0.735631033473905 0.0471673212462531 0.054609968813307 0.318650369274149 0.0366491702100592 0.205224067900977 0.294493198390335 0.00312246332009447 7.53036938232992e-05
0.693262916867984 0.736387678866121 0.892715812226053 0.838673954151286 0.997806364012933 0.895700702645668 0.83308601640854 0.987147888626706 0.947698946062994 0.98728543390754 0.982839739839371 0.991777129454457 0.814665599749329 0.694174850139 0.913580967182298 0.999497317765819 0.929852253685725 0.819875488515139 0.100116613415756 0.975280782389952
0.37229199541557 0.778297415869839 0.641920924548133 0.738161439424381 0.864405249184858 0.217432134700674 0.269289293662575 0.777409676431537 0.88552010421225 0.877709080608733 0.96978943268848 0.846764202648055 0.666033347183273 0.316471522775565 0.801767563292001 0.991193471871532 0.837000862658755 0.784195000708027 0.997844194910589 0.9657387139253
0.0531617951679813 0.515304082646817 0.543992293899508 0.787871395972612 0.77367608061246 0.149955448176001 0.351794642733055 0.0532802170393828 0.00539115704784879 0.251398844800905 0.150640363625594 0.989379018483465 0.106194368049155 0.0803612082062872 0.672068485214615 0.999038171353309 0.815896126744692 0.47127869405132 0.0131697462241689 0.750029603107718
0.307798250294944 0.747064783178644 0.46786771525216 0.864796739037324 0.776840863971632 0.536306232265845 0.337598487029824 0.940541810461255 0.935966081726858 0.91548714010955 0.982062752630958 0.999233134258586 0.324617410921443 0.195019922194174 0.759097060379878 0.858295448114229 0.680926285424258 0.904885088715654 0.943519736964739 0.92172559179202
0.118221186436483 0.545434863456653 0.684539282369163 0.599198056730123 0.18238934625556 0.375325209788187 0.653961115478527 0.042464682777513 0.00611892158077199 0.153795027973617 0.249850094152114 0.754434343360951 0.282042719950309 0.076454082508238 0.554179559297596 0.986677273181917 0.331638398462024 0.593588875208473 0.801184136818188 0.015342243929185
0.0720530588629482 0.38565178054102 0.183719593430565 0.635866537137673 0.332763562921255 0.127331164363852 0.116903900975122 0.418881601725238 0.543332066786215 0.0702130262493656 0.322875552494874 0.40002632105756 0.0661658503999491 0.0850600381712675 0.456634677631534 0.953692874425963 0.155980389718431 0.283726895205969 0.746019090800381 0.0120903125258657
0.040296753793703 0.460180393899966 0.23448049790814 0.488255418452883 0.100916610153641 0.465983201964481 0.016444179443368 0.144956221860778 0.155425363652798 0.0788131405733406 0.0079852433247891 0.962324910868279 0.0749312444127473 0.0883868601763219 0.106256398047215 0.992790271438716 0.393695114389123 0.431051183559807 0.682314662674148 0.102895478020263
0.128182564573369 0.627276247762546 0.357300419574944 0.776712097474417 0.642201825106665 0.415704178189506 0.186482424174891 0.862891836111784 0.877948436449316 0.525716491714506 0.10990602020857 0.963367276035661 0.125941688411283 0.0453710011888368 0.704244070197512 0.99467902946526 0.462598856852087 0.530956651481727 0.000415571502546627 0.00490775507274268
0.717808668563521 0.680787978070279 0.7345845267923 0.770036614726269 0.985325691276998 0.44465953619786 0.372878095912014 0.917526682690543 0.935451175560515 0.965247879749169 0.993708212859548 0.998517688372874 0.907327809882493 0.485263790684994 0.907924077522081 0.999289717711601 0.774863582894041 0.869289689081772 0.873025922505537 0.998544365591451
0.596727975636058 0.691383547232186 0.915869278978614 0.649042847615077 0.98828042213155 0.200483721771658 0.569091975463354 0.521570896164013 0.969229429174203 0.820135411878207 0.93954868575884 0.987289695041202 0.734847569773524 0.279061673725247 0.771923347447557 0.820852603467779 0.684357700946679 0.870129904760143 0.0428593657670123 0.0219477529996796
0.104123521040416 0.544578361774138 0.308938692729685 0.535790753625283 0.325576112641232 0.345715672319372 0.0320897365510494 0.403388028275433 0.805472526475132 0.0827563054044847 0.171831756166204 0.0227820137684723 0.225133930962129 0.0807662222681495 0.359190958309784 0.997360316693935 0.39481198973827 0.381444835262996 3.50676217624033e-05 0.0044662435451431
0.349156156819876 0.772642369418246 0.819171177592126 0.761756590712011 0.730046795512805 0.440068553480994 0.225546663381248 0.924051063424195 0.811434791976027 0.654663597185603 0.698411959177631 0.991270937554172 0.328230391397287 0.158663696025422 0.70033996130121 0.910370375815985 0.713522740062935 0.73810900024216 0.00397152867479259 0.328911466450977
0.225952390890511 0.649077661613367 0.523286459922241 0.78781527379013 0.225817709616716 0.429972946974698 0.260879841292459 0.385835889568016 0.7358524454299 0.803589912869544 0.367811149703934 0.760056675709483 0.210848973375812 0.154388032978901 0.852187603877587 0.963815148712179 0.553695138216557 0.410094353312806 0.697459822211133 0.00171847277168206
0.509987319611248 0.64421816336902 0.816458414240207 0.856545190896048 0.583248553387207 0.553149821131372 0.191468627588385 0.610664409559586 0.58011344868175 0.492867488950988 0.572301193924075 0.807755448835288 0.244993288593959 0.334638472186505 0.69046459688346 0.558363599944873 0.3016123391707 0.394075293807206 0.995383371275191 0.999822848773591
0.273991246859967 0.549865141878904 0.745127986438974 0.562824679357823 0.156039027646416 0.249541169349002 0.655920573177346 0.0228435287952635 0.0509642015018181 0.420856440913648 0.384779503391259 0.891400850038577 0.2982351610263 0.101737051299715 0.654078929368001 0.273230305845442 0.469596418540237 0.508959362964417 0.0748762942963783 0.600219607322676
0.0361224157043489 0.498957718418422 0.260960981902355 0.553539384973174 0.0685972763666998 0.178643883714654 0.0155814386147077 0.08473677710442 0.208001520922477 0.0406214444070856 0.0301600695149672 0.342240716096856 0.0637157391446489 0.0199936682246012 0.17164727679993 0.139900352753054 0.260699736241464 0.196787301540642 0.00338461188187312 9.14692356982705e-06
0.311905565047746 0.688295743099702 0.649239171650657 0.754123360240445 0.650126573639151 0.8406915834605 0.607572737769196 0.77739847772174 0.982472670915048 0.604152869666472 0.98840541195718 0.994071170124699 0.295229356298592 0.394720990982877 0.835761589244756 0.9953061378902 0.33405759496687 0.52592252126556 0.298379061308467 0.99991537962162
0.0144579827012109 0.378473459640954 0.0173060074107165 0.656140573098223 0.0717177706745477 0.144430897168186 0.016228225776024 0.0220761675769038 0.0247662197827619 0.0332686621505156 0.0144900811218937 0.977854852731826 0.0537462775227779 0.0294858694356971 0.418392320498923 0.78528186315506 0.400154956843005 0.317598352223928 0.0054587058993232 0.104476187276534
0.42206885444708 0.746624554285475 0.638737934966511 0.664447871434524 0.410974038585613 0.256707330394131 0.4855056098313 0.749654834564819 0.990200706508196 0.484911237008932 0.854846344891764 0.999098084362206 0.604284624774385 0.158680771142443 0.699901922913621 0.998268156534721 0.243239766668281 0.577486290224105 0.992258919502079 0.997831248426521
0.282253358314296 0.528098927393219 0.409614825711363 0.585463052634946 0.556390133712822 0.81127061221906 0.286060621748678 0.713915090434223 0.997557526140471 0.218105295842818 0.398716101848571 0.984934242919603 0.39180557903723 0.210204590510131 0.697373426830362 0.994923882449393 0.560105377108319 0.675247678173789 0.27934994775437 0.99945256115815
0.104457356393752 0.409882845314318 0.261113604932678 0.250025275233951 0.47244591946193 0.48253002848176 0.0774979128551692 0.231269750816859 0.766651163548637 0.166970620521135 0.002615755181462 0.334048220021315 0.0627727893461113 0.0269630129786311 0.166520209045069 0.905951051045248 0.286611270522219 0.328894948630878 0.0223980312712116 0.000294001225869318
0.348452719822306 0.65896996040492 0.711950560492063 0.627318818047091 0.947364002124918 0.436452121351678 0.179284323576686 0.949475641055877 0.866896431453249 0.439363817306858 0.904735162761975 0.910443033234991 0.646891169333204 0.269077283213872 0.736860203669457 0.999017297540724 0.424558992345705 0.776911725445889 0.469177285406375 0.989614231811566
0.438997395833847 0.692409664976079 0.87829849689729 0.713880731502543 0.995702378613294 0.59863667430231 0.145693819063206 0.593070944203155 0.581380514122014 0.429872110005305 0.399282315238842 0.998344070950903 0.633140530076745 0.105048780817598 0.697755001040703 0.770241641563867 0.552985911112822 0.404234093937548 0.00973071206261543 0.0118324935424103
0.0557205591453699 0.392688025177663 0.484831919128547 0.473729655138615 0.498390821115986 0.223325511411839 0.0185950655313908 0.00509579458955156 0.565126586875804 0.0260856856482962 0.0304428993499255 0.816353118524318 0.0649920165856904 0.0419698867578821 0.128192154240026 0.956344861526791 0.36811927723254 0.308976240415876 0.00699128299668692 0.998649543638052
0.208132945331145 0.523219911925405 0.389698479008229 0.39778821021528 0.08590907979243 0.404641267966548 0.194044727191201 0.575311587736987 0.283311476380924 0.391378496691984 0.178094530772604 0.981596944899853 0.143241822828942 0.164097663972137 0.83504232122966 0.94155223689043 0.439101023399099 0.605914942915706 0.00417765784109567 0.788171432288875
0.346940578996052 0.614350332937989 0.215222576714315 0.75899217467402 0.820220932214923 0.41058866678794 0.425486681593824 0.983659881083579 0.0850514166774732 0.308972726071746 0.232086241392268 0.982920557550818 0.34045966821012 0.209749049470092 0.809505608355165 0.871789268762542 0.213520782363706 0.632643319576621 0.754917297063973 0.99975229432861
0.33178376943269 0.62694661149053 0.783418419397421 0.763555194551523 0.977258735420586 0.35362210324584 0.440688187165762 0.605276489141136 0.97465377827802 0.928251354740447 0.818436468750324 0.985056235387202 0.294534823815813 0.252060962569758 0.968440370407998 0.267355214605541 0.3924045623403 0.648160335447945 0.998654831066966 0.839669610644261
0.459704555793973 0.662058994610259 0.786820143027154 0.873950841303309 0.488773387360897 0.329031448630982 0.491469089369702 0.958256820085257 0.920458149065239 0.851202690745089 0.832446458540993 0.998717973725801 0.687126054332607 0.273259646175447 0.774302075589779 0.998320633377335 0.628559804111345 0.639125914574838 0.000110321775120374 0.000329297908640686
0.258750966747519 0.749896995033944 0.88161605645879 0.642738257455004 0.930269347165962 0.649247822438937 0.157071102065101 0.931898210513284 0.167759307311866 0.90798209475762 0.780698251293809 0.996169814952529 0.785515179979166 0.384844977449568 0.841218143137585 0.997172135966302 0.584303580022973 0.760204309283339 0.956445165808152 0.999992496294516
0.147496066355592 0.567660242851173 0.77120763192037 0.550460412433281 0.576488816919555 0.260169491465266 0.0298630574163195 0.384349096205776 0.997324470345984 0.762788700522071 0.563268413888378 0.905707067512406 0.246697782265023 0.10773576845403 0.471810071386616 0.997480939373334 0.205547346857605 0.617542076461598 0.084363231523194 0.999910664499929
0.365650828379923 0.710320661857421 0.810752823964422 0.796259978059486 0.853674108769355 0.508837146948043 0.639769862188112 0.950356204261064 0.617580016452104 0.484325147298532 0.72460858990751 0.995917165319744 0.569515503046995 0.168759764274415 0.822224624449513 0.999963284593463 0.756791079354871 0.563362959759087 0.774746954063463 0.000462561414422888
0.223842244420968 0.657867035875795 0.912128534382416 0.422953618597307 0.478823304055066 0.575567772034735 0.0967647896051101 0.923516332228411 0.987407792440639 0.359854256675354 0.229076010638326 0.912876680079211 0.108911003351486 0.0838524581045721 0.404435603157959 0.647016469230339 0.451146341308585 0.363655569689829 0.0533836004035537 0.255921747752793
0.120853663267928 0.635892252426495 0.195487612023646 0.681770087024987 0.0331398316450582 0.559278517521356 0.0896862443249555 0.156113081166503 0.186630525744902 0.155347256092607 0.282594110600504 0.804610458423423 0.24819137848726 0.0731477463463702 0.174247222383094 0.0881994764395471 0.185395704289923 0.420838331704852 0.16353459498223 2.46662241225489e-06
0.191972488356262 0.5691800307924 0.47288993807862 0.630915975881533 0.950272552056919 0.259023634021626 0.287154223268424 0.749232650825339 0.971407364405417 0.758728832054442 0.424661418918647 0.994439016658307 0.262242821262463 0.22122887224215 0.866166147170727 0.998221670378463 0.674394256283303 0.385376387035782 0.897716972312122 0.0310530652006866
0.169470512444168 0.528228409665228 0.580010425682189 0.672951602660584 0.970828031677112 0.622208053475705 0.185469962846917 0.889835207433273 0.973301560438042 0.442599922723558 0.291123724105158 0.8500447161771 0.236973325181335 0.0693689254169498 0.351517707234671 0.442661009797194 0.482314889982601 0.543920249051358 0.244765288577187 0.0889607265983304
0.080890749671414 0.454263844948511 0.777966433122655 0.544439537057598 0.35563869276891 0.46783690253125 0.178673790126639 0.685029353846855 0.0147716321707383 0.402490918509391 0.428033155391542 0.795247741554625 0.343558585752015 0.127229298923768 0.772437838842847 0.992828278787451 0.448705268166157 0.550787229618054 0.597610972071572 0.451849571592952
0.232553238032932 0.731723190245661 0.71647736732033 0.725872391454987 0.0706069023848623 0.441537211064403 0.368395792259992 0.74782506350449 0.940882138559278 0.872425235272501 0.90724762381226 0.992101788739143 0.399665703052322 0.264520281251393 0.738481928187598 0.997155104196234 0.649177137076957 0.890454767838061 0.999639298571892 0.0271202265249626
0.196785948695068 0.618770428107044 0.362200761992027 0.428609170087795 0.743964101006224 0.44248556130806 0.104077041335468 0.847420065261111 0.426602053890033 0.457396877856816 0.801445170191986 0.971519447090319 0.305978091035409 0.159877693776247 0.89270040101582 0.559172992729613 0.615791630072893 0.764915948043463 0.0332692650179851 0.999968473593324
0.0942802409103326 0.449088066564485 0.188234625791031 0.646046104572534 0.120082137285789 0.25798227024734 0.0306504492740822 0.058297290856229 0.081455917573521 0.102432007560956 0.139446068580204 0.899995404686125 0.164398361469185 0.0568401056424515 0.498777540195679 0.985682392121602 0.614802510782497 0.606965048716953 0.000315460894629641 0.15993666986313
0.286441653048752 0.659910541115519 0.402346977166747 0.644786534377817 0.758173981622489 0.166068566730986 0.0218303728786086 0.863185210318471 0.147759136089313 0.375513775448216 0.503883267029364 0.99886336780615 0.48017878296484 0.180462037411631 0.794148200636824 0.975099444161493 0.300192151616947 0.607426065365469 0.0121171345291742 0.0322922742470174
0.223534693196145 0.71147269114944 0.8859926390284 0.546135443576405 0.970847673867202 0.115348247179162 0.0948953461754367 0.982464413320472 0.688964349004822 0.852823889550843 0.774266230094898 0.975281195612329 0.66063421865861 0.38251800818985 0.778444473042791 0.998881333870393 0.615538498239625 0.500680220489808 0.948334939922673 0.983458877527706
0.635556844333479 0.668855245738518 0.637768313300228 0.719494910105412 0.955280691300887 0.771650881783443 0.288045439778256 0.981524021241599 0.957570901499817 0.920201676704978 0.99428589016589 0.984082788128538 0.560772671253013 0.200202478894505 0.831947434062841 0.962505007198295 0.483792715501067 0.75643044532992 0.994205885345956 0.00701112599909229
0.161395037175963 0.672089068633109 0.755254186321817 0.557090612999903 0.249208297748564 0.945131995055515 0.37279857803901 0.769981905798974 0.839292957673638 0.537927485062714 0.789493705280016 0.821205471854339 0.540345672042546 0.12567724795802 0.795206627566708 0.868080626783659 0.634806007886 0.446131838390348 0.761077931453567 0.999831859340384
0.579091790864735 0.684453313884108 0.81166036910254 0.755519016337322 0.870542317656546 0.887596321142133 0.765857901096456 0.987045961727682 0.463533895397928 0.902341036168989 0.979847445393805 0.94982447416027 0.598016637256696 0.201234994208402 0.919831399698066 0.998397716083656 0.828806420977172 0.620606829532651 0.958199106044844 0.999654531315662
0.234021345720559 0.548713908318312 0.153580233483956 0.747163995438287 0.726086370566774 0.228276392277879 0.0776379664674567 0.925146285393783 0.996271530767757 0.318330626000047 0.0205421040857521 0.888234604400451 0.155595353696185 0.227773247523943 0.554384719966984 0.984359556654808 0.636836541059565 0.509573537291715 0.499207918586688 0.999999
0.0128762583101336 0.455662752625895 0.0408509535706197 0.330435058605059 0.0190147768401414 0.41999145027389 0.0232601073181089 0.0123656328463485 0.0538467486504518 0.0105740476214703 0.014611128814889 0.364092215465776 0.01924606526789 0.0213587569467612 0.0845046407918244 0.0110953114882344 0.194201897156402 0.412306159841492 0.00454661187308864 1e-06
0.397740095617739 0.635306918862638 0.553142381263565 0.494951570035495 0.954750254116391 0.856849369708012 0.396088934549405 0.867239884195857 0.249319744235096 0.699448976143415 0.790852920044197 0.83869023584003 0.412698425974047 0.14444707665855 0.546002164279404 0.897754511957881 0.463291142890615 0.663636274949084 0.0240747533613403 0.999070248582033
0.024674728082999 0.434127176574928 0.122755700563158 0.56022956706454 0.105117962679874 0.107660857079775 0.00116155641930462 0.00462437673682562 0.0101298844311865 0.0117225676357037 0.00766367340917493 0.814316292902242 0.0487882633723691 0.023105226419259 0.235174853388478 0.654839307437949 0.199159471994025 0.245199534343156 7.06107011966904e-06 0.00141776449177239
0.299089008777652 0.649145236303666 0.372352067514106 0.559552980322006 0.836946239785247 0.573558863038903 0.108839786061428 0.745475467944621 0.996485643529976 0.310860765083728 0.815737500841723 0.90024923342312 0.276832719881179 0.131249956168775 0.836171347232805 0.404675722486422 0.622042437535065 0.692808661002137 0.0177509772621128 0.986755906429222
0.777767213710069 0.757225573631175 0.896245396365771 0.832057299915698 0.997411032616328 0.472848488220472 0.922904219507489 0.997247677596713 0.995273346251908 0.984186653698719 0.96552066254178 0.999698444585482 0.859346918102077 0.523701106820017 0.964845222473107 0.999776448435252 0.637844185655549 0.621352915776437 0.996744102259979 0.112391805856243
0.0422780938889396 0.471497499789186 0.0315584020179326 0.490684359266473 0.0429567462931433 0.279947425059773 0.024123340230852 0.0600500940164849 0.0207518924069108 0.00684839809472785 0.00690637036545095 0.983730291372308 0.0321315608865514 0.038159064191071 0.0457644618121173 0.841809130464582 0.359901749720692 0.515205149110327 0.696640798245696 0.994278343220726
0.100467689832772 0.479830903232266 0.0321580521937742 0.578076108885343 0.343265058469427 0.361864738593953 0.0161882176829542 0.245559299893303 0.185317855476002 0.279431886618228 0.112656999756566 0.907261055723889 0.0497341891793802 0.0198789006384464 0.699346260378314 0.960837281557473 0.367853488515871 0.200360609135832 0.463618058842925 0.97157971627436
0.103217990622917 0.595929092363935 0.404870486272185 0.767826526672914 0.915362103430974 0.764297078904547 0.0571975617597309 0.570220558471611 0.0467123864761772 0.455890402212404 0.464879355150209 0.882669177680853 0.377257061948667 0.105095698652934 0.468706905494342 0.808655484803635 0.407018033200085 0.658050364977056 0.00588566667229093 0.148413407077392
0.362041288364117 0.619172653103194 0.611148795196743 0.685163718982153 0.653793305587378 0.217625256513674 0.156701041251227 0.936789630676212 0.529203989671732 0.15386859670036 0.632304215787426 0.976558855934155 0.281372995826431 0.150144487519115 0.875819392260743 0.879587201541392 0.63489024449007 0.655491098390703 0.229147590002463 0.980024706735419
0.208010057609933 0.553203212699028 0.218158361577999 0.446313954317393 0.0971890188704627 0.392311913342584 0.0444716834706244 0.17259387238587 0.340091418291979 0.236273861076892 0.308213665663677 0.999382942668051 0.139104184566362 0.0831385989059491 0.338174169651358 0.99584282096422 0.12112571392466 0.552550726448611 0.000802670542636867 0.0514310205709594
0.326656007601344 0.691051297653449 0.770276080415859 0.549951585537415 0.967384435434709 0.295675588880751 0.0824490614913858 0.212434562927989 0.991933321033716 0.454461501609015 0.693286021244818 0.703173001783992 0.176210866374865 0.10240240968591 0.695364490024143 0.999825905976645 0.266007943393371 0.693877631831447 0.116540310150788 0.114488927753444
0.179483060907901 0.691629132757165 0.689987070280814 0.527297207012831 0.927975283505839 0.572188082150621 0.0955252496484077 0.699582165411737 0.306201596333937 0.757872493091497 0.557813693906358 0.900417172466289 0.151042806771478 0.112174944801581 0.893931684299176 0.683496463456379 0.569178377027074 0.532536623965448 0.22467856762372 0.999945667948836
0.0697154835908431 0.468664573366199 0.431925330940471 0.369870529641548 0.303398551518603 0.571930824363754 0.452991590325171 0.150724331351521 0.430807634614792 0.0576748367717055 0.208976660701948 0.879699691996364 0.0512758826928357 0.0664716098078479 0.146523579703649 0.15212957282112 0.469510330047673 0.42580801603521 0.00901732650856947 0.000766014225626512
0.108147758497182 0.527157325017966 0.109970552923947 0.582687569768185 0.180180748252537 0.140173320997818 0.0193681723558586 0.225836514457183 0.0294881463262943 0.147078889899404 0.117459074539546 0.993553309864757 0.298358793749383 0.166738516897553 0.417510640447008 0.994274132917562 0.484346539852765 0.701539017137452 0.0935037402898561 0.394249373758228
0.118503740162364 0.684261879580474 0.561155597823876 0.612937477340855 0.744123304276232 0.451856817950669 0.027573909332119 0.219342261756268 0.788216607822504 0.488850509103983 0.257007525346906 0.991890665033853 0.268352802986134 0.175799278836665 0.822879057607195 0.899072617424455 0.438775946310434 0.706659101564785 0.56593986125054 0.00308053197463318
0.112354557191302 0.558013587038549 0.209174723419604 0.428046270931254 0.494382905990509 0.175902716421681 0.0412627060163073 0.208862893934566 0.0363666234667138 0.184555578501462 0.205602828447863 0.982257889667582 0.0931385117625608 0.112611343337919 0.150192558648318 0.954837639664174 0.207140992658932 0.549183581394287 0.00013596548216213 0.00739687672982259
0.035348972301055 0.499852545289115 0.671132619340156 0.701876427487716 0.138408966007184 0.385538295262071 0.0124813050025382 0.0273052938812766 0.355111523236629 0.0390063429780641 0.016921949170142 0.379592936095236 0.120935424375712 0.0924975980674409 0.154878461497816 0.322660703719532 0.25000655040172 0.630646396182155 0.0349214297939049 0.995758291127204
0.267152790047311 0.510018603498837 0.401574446354532 0.821108803320312 0.330257792429121 0.597083192084282 0.0318327115200788 0.356781633676372 0.243837439194181 0.518494655826272 0.328013842218048 0.890886460864055 0.320120559845205 0.168318666738828 0.496095499514203 0.733654261382955 0.484607038380023 0.59237785986616 0.0767651248661233 0.875920296770152
0.160646030291394 0.688393738424875 0.801119138021333 0.562882513861352 0.976402373492363 0.217688538028248 0.158976834556 0.910021799122503 0.469125032376894 0.62855272766762 0.381353060823641 0.478726878158049 0.307140548697878 0.112771239407194 0.701919760031575 0.988842114428273 0.787095784225949 0.459614728982772 0.942442980196051 0.972546477405756
0.601538976373464 0.669750964884152 0.788525478973582 0.392160885552507 0.862025782790667 0.591693720254843 0.271019489951673 0.973541105017168 0.884377571632576 0.560948609816426 0.96353757967659 0.885355525663044 0.385353310651918 0.161430249787648 0.805786164389284 0.961770204744357 0.263450837803992 0.534262988599771 0.43457114420041 0.0755709802436298
0.266588019436099 0.73288362716521 0.216434698469313 0.723282545640004 0.731516012131234 0.171462917028295 0.454735917455075 0.905754021943837 0.331135281701807 0.891608465709003 0.451126340736133 0.999794478849558 0.5404303496186 0.172605122320719 0.956838307844111 0.916635538619304 0.793837410282845 0.679594724111194 0.00441571755331098 0.957518559358538
0.225427331733702 0.644924629597917 0.452696890787553 0.25915840174911 0.865680479492813 0.586874966299494 0.0343820251061102 0.638829479379021 0.966538225917303 0.827475005173458 0.155772138303329 0.574487103562637 0.436815060553987 0.163750890447192 0.596569829706277 0.886587938191656 0.650828745239016 0.655085411795267 0.980267297655047 0.0186788746879228
0.525163650597683 0.619816388305559 0.824406019384165 0.91396596927546 0.88858854124125 0.254170546182019 0.47178951315719 0.931582970546183 0.816242052197345 0.89513165042009 0.742307077597415 0.990545177985219 0.349108534561279 0.307376129618289 0.951492510488913 0.965512732729701 0.701772047810584 0.593651620259561 0.0321290266641285 0.987970290345724
0.150609352999803 0.655308638046981 0.514385769622166 0.689485992329616 0.835544308447104 0.163374547313612 0.0162412037513903 0.420665734636476 0.000549246004482093 0.331628199410699 0.135026194962948 0.13057108022321 0.071726798229626 0.0763619690020736 0.793541456165733 0.855317244998899 0.74118563412513 0.571661721746708 0.0127687878199675 0.535819406460624
0.264026720817544 0.637561361855722 0.523811410727447 0.499040214928124 0.0628355736808079 0.381339547067642 0.0384117644987142 0.711270159603324 0.0571373932548053 0.556959958621275 0.381409046999949 0.647200765678756 0.26954490362707 0.155214761599511 0.683694025161245 0.959691321529536 0.842597803164708 0.791288721044973 0.745851323484075 0.00256416750618076
0.189869618804973 0.623912453526411 0.468700067780651 0.629631861967438 0.888255033653101 0.315289749215976 0.594552535811741 0.887983389323617 0.708501741242348 0.67642062733004 0.8519533511126 0.766092565169828 0.218337365146848 0.370472538652448 0.84473359202881 0.799292682470614 0.449217231769418 0.787226456165596 0.0431684753073029 0.000146499300450822
0.286946659626114 0.601103363450765 0.551306357456606 0.560331416134287 0.892489444009967 0.922656484640865 0.174368197973044 0.988609830442279 0.40308469907018 0.475488086976173 0.887540009062518 0.997234346725465 0.260223704759804 0.323877823908732 0.774160070167144 0.999915303924591 0.590117604591333 0.727687611525919 0.311649785735106 0.0965198191349254
0.230668408632717 0.700937801370503 0.717977474206244 0.750555664057398 0.686115283509311 0.380430445460805 0.367628870683912 0.705678262039844 0.968481852386605 0.57894923635758 0.636399059440057 0.983687051373282 0.512931563928561 0.164334504508475 0.879664054810987 0.891087803252043 0.700455472408453 0.528938444541179 0.86973473403992 0.999982521443373
0.430518497928906 0.6642547999222 0.674440046041041 0.38302067632753 0.905702350054158 0.142397864153975 0.202669969823026 0.786621548022019 0.971838189856992 0.784177071630591 0.87438003724217 0.983044979977542 0.486382690411993 0.247858197896978 0.542160004823403 0.999614201786441 0.62252167520972 0.764306133969715 0.891106095636601 0.998978420615088
0.554731797376969 0.754158004000825 0.761594154151911 0.745636298568727 0.969772532454189 0.686350190642478 0.48930282503695 0.356876327171405 0.738326473288814 0.96888546128056 0.937538729403149 0.99974094921359 0.639208374959859 0.263306348349093 0.735649170412584 0.995052720345471 0.524987651673641 0.649291267545316 0.99913659614927 0.0816931077571576
0.076385159998025 0.530260235154471 0.0426488567243476 0.418771234460098 0.0648763663128084 0.346276497082115 0.0246905492590046 0.605454097882477 0.901402465719409 0.231103483406996 0.126194658892263 0.905628105881363 0.0506966262155063 0.0756351927285881 0.774566808269231 0.805162973812928 0.574806160359888 0.348889877248995 0.00147203230738917 0.0895389904083388
0.0993020042786149 0.49303402425561 0.0782453587622046 0.341209329791889 0.805782725719275 0.345693516553406 0.125462277298687 0.317060478403884 0.441451771657106 0.0851904270529286 0.256091850465544 0.326149634744338 0.201507290776345 0.075601754267537 0.232996141382548 0.637825609388966 0.228095000200075 0.446864181102851 0.0145891763036228 0.0285542525726211
0.323101875842934 0.766275787056458 0.742214325660672 0.609401638530441 0.909788657470764 0.414999910315865 0.22477257737149 0.978550646233098 0.986769767859446 0.440925972943868 0.585861468961592 0.975760767378377 0.425517048301861 0.23988179294302 0.745999134144868 0.999455042994005 0.439461388967563 0.49473483051395 0.939471391213237 4.9475854571967e-06
0.178850271113302 0.743604149823823 0.733710867941411 0.776550283388098 0.869461649617718 0.144511800566822 0.547830940975758 0.299831738211716 0.629685224259215 0.429235398073917 0.6100914903982 0.98758213816331 0.181551476501219 0.256767549586101 0.740025028581093 0.728829288788664 0.532205017920834 0.818416761375494 0.113054278286496 0.012215450342515
0.0738194703489132 0.523712448081411 0.548590684309472 0.272622789840086 0.110225834132952 0.0888375825911755 0.00750735906579298 0.209054105527051 0.0424152158177062 0.0791453168014508 0.00865131426387021 0.55338650363856 0.0458943487546086 0.0504216693167314 0.331137374404285 0.322660227660753 0.40733030941709 0.502614566418846 0.000573474026632236 0.0914743011121625
0.01860611122845 0.534703179213855 0.0831089936431603 0.372855437022563 0.0854610579271199 0.190110386576774 0.00956088243861746 0.0312809874760987 0.0321779670393201 0.0152267036738736 0.0068047980159658 0.228301285006751 0.0858349784054271 0.0119644266729385 0.622868793969117 0.641631985484427 0.541210243761116 0.202803450780755 0.00172839015691358 0.000515903031023877
0.428318624972963 0.619331580404274 0.152991310243762 0.597616287763818 0.939447285576443 0.111273004094358 0.663243413025575 0.910078295360528 0.498695279475928 0.628514192650053 0.947391420093401 0.988700402196736 0.108757112661343 0.176653608769967 0.896736360905801 0.977920489063475 0.761896060504333 0.487626640200513 0.0382540439344656 0.89019062938911
0.212633390466648 0.680340895988233 0.759324552557926 0.756067896738331 0.523797009644654 0.419455319445614 0.723862781544196 0.691233667553614 0.533060510449134 0.952686125513274 0.977883228618448 0.702481510898698 0.595765149236721 0.237804324719043 0.869415354700073 0.994568014888499 0.650055060330212 0.461787296636459 0.0667486848664241 5.32892317043459e-06
0.217745073406722 0.580736310732351 0.368867227040432 0.593070490769133 0.782250819227875 0.8379593371094 0.470833472350132 0.978552005349579 0.779812090738427 0.183364609937905 0.869095346400102 0.961307364148869 0.145095788857035 0.201488018298686 0.753158581444374 0.997451867444114 0.394758770641658 0.548475660754102 0.996154665442673 0.782470793773895
0.279641903581267 0.675618628504892 0.486487519262023 0.596874300132882 0.69006548704262 0.672723513493033 0.199952923917114 0.98915046169353 0.985149902441433 0.714182920977428 0.941380437335629 0.988283451505603 0.2904449779907 0.322711270278862 0.581511765665157 0.998772615039262 0.491034687896185 0.727954920741794 0.996477395576667 0.987933565372623
0.22243411810469 0.58157651838493 0.438423980165039 0.704920238783863 0.163228971549067 0.283361358181151 0.177369851184486 0.0805428198936451 0.808063392862613 0.178859101464649 0.289707132954736 0.779275424610071 0.15990699703293 0.129002812481577 0.49844832652163 0.969510237815193 0.381773870548833 0.447438424578799 0.494093268532896 0.734219209619857
0.127611059808156 0.524616898650954 0.739064119519525 0.772480161398624 0.664131014434836 0.372019217743368 0.351637618211166 0.338314043126674 0.991601503143763 0.0770457879452247 0.176604789221948 0.97034131797174 0.232322355555518 0.129249325542414 0.298706766634941 0.552240791334583 0.701310134756517 0.465464569900653 0.994459567938379 0.691223568578451
0.315220921064879 0.595709105930878 0.772070199883944 0.538433968707625 0.93688910070443 0.787716609162805 0.411790457909383 0.94149402348306 0.816702749440647 0.716326245094525 0.874614787546314 0.972503369250306 0.535909608218219 0.314740897927904 0.509295275904569 0.985914995303092 0.451608309136818 0.800709546212482 0.311661399346321 0.996660626525869
0.579809782505702 0.737526526582628 0.595732819716107 0.785664022033562 0.983712301174685 0.28550388258747 0.817672029333939 0.989624031414704 0.530602793251659 0.97267218288669 0.923722307123083 0.984649022832119 0.499843705447408 0.352684317854596 0.877715191661715 0.998748859461524 0.566088003969916 0.60699073845069 0.0311536025656492 0.0013035945917222
0.158715490896419 0.544037351040888 0.777401094928381 0.763241426713505 0.590174865264194 0.351314475068507 0.0957518727569487 0.322567964128709 0.169647797252365 0.176337699130422 0.775139686073866 0.989882769739894 0.123595382460923 0.0888979768897215 0.65269591640658 0.112488034582388 0.740412870246577 0.582773883187261 0.00148056930853736 0.145429533623191
0.381888276658014 0.636639168614177 0.720132607020458 0.691951601007404 0.23013165295765 0.459422313282445 0.233829471503859 0.277867657973844 0.974398155447187 0.671543552282601 0.621142249264503 0.998588744949086 0.451551832887078 0.137451915100528 0.917308883768391 0.969389967114004 0.439964681638598 0.458855546927656 0.997860184335775 0.999984033103505
0.0190881881834333 0.291187582784782 0.0674837852482778 0.485978426344253 0.00558161362139978 0.308198402262581 0.0241045219982346 0.00611089785581534 0.0231381715310191 0.028296906998809 0.00593826702414958 0.150723468642305 0.019870850602643 0.0359264413313781 0.0922467283281097 0.0121839034604492 0.409151334015851 0.127145104017431 8.75403349864771e-05 1e-06
0.0120525026456027 0.399269251763533 0.438489102456494 0.533863766339017 0.0322182891030706 0.280922002593156 0.00927973139229925 0.0495604064483996 0.0198991190600649 0.0046191152554055 0.0183478339805852 0.266000820023818 0.0135727439951187 0.0327823703906852 0.51516579392518 0.243330715797367 0.217835426629838 0.259853206861339 0.00174091104335219 0.0417222987450196
0.116532602039449 0.494919578654007 0.366117115434088 0.502559294523545 0.399154485441936 0.387906847852332 0.622956329730461 0.371620990316125 0.0297791310684847 0.281632930870962 0.0716696128874962 0.907551694230158 0.108192136607662 0.0671721000083212 0.490313611965593 0.971960228170844 0.422427239092919 0.436277728451769 0.00240227215265295 0.000327954513919464
0.0832647520857291 0.463557980716126 0.489316572001919 0.856863167865043 0.976952501330565 0.411188938500207 0.101289391579025 0.448257570119527 0.946864231153159 0.184560862388043 0.289254140226879 0.993453214024075 0.139960972721653 0.149817739279775 0.864638643102491 0.995467280405898 0.62514525896364 0.559908802574208 0.0119299919861455 0.952215511853581
0.303577271974999 0.663377391667688 0.861638592400247 0.50694512324986 0.675346516989245 0.178059211393731 0.0699494066202049 0.617389982268396 0.238859544636312 0.485536674285931 0.136494675258183 0.993240544258486 0.282380132456943 0.195449622424122 0.513632673081263 0.175088605795208 0.319386854183001 0.495951079774082 0.00399035144985067 0.632256130139552
0.460065463335251 0.617125020088055 0.242428765386993 0.6281793295207 0.84761048439953 0.634013112791442 0.633943073384754 0.795838497168337 0.42810154310189 0.613286164335889 0.431268512373167 0.849072382677531 0.179111663670526 0.125722577290909 0.860530456987903 0.30750096283679 0.53068043503212 0.47093750029501 0.0140189284393389 0.00263491104476814
0.102597542118393 0.663815877069068 0.471767183121074 0.616064824610102 0.621219938071718 0.0492865933002982 0.0678579071490989 0.45429937465242 0.684332433238122 0.466051884427411 0.727288996237657 0.804843003308595 0.160483889569261 0.123549542160621 0.606817082703307 0.18842417517498 0.336042498562049 0.48772969516899 0.00114972185416727 0.999996376568567
0.416785388084194 0.591644023585687 0.528211859730619 0.679006594042596 0.64251500013643 0.657373371168563 0.107323499425963 0.964328075890673 0.163505561366366 0.948628642874985 0.593274931552329 0.963742773133369 0.156903395684935 0.176113034713838 0.868528218890715 0.991938717454759 0.348166621914459 0.469837373871301 0.254188243379222 0.994252370671184
0.404865128650993 0.594756971589623 0.0528364370631029 0.532998231591899 0.637296940183443 0.599562807325407 0.793726585926417 0.344899893227885 0.401897658672022 0.586689861013378 0.371763341317162 0.998935424376902 0.287339641115 0.331133718209002 0.836667773779043 0.988592959048782 0.40962774249086 0.331196710078143 0.285366701445739 0.958192726684038
0.151616768803503 0.556066859920056 0.573102490449713 0.749717405047144 0.240704451660629 0.229462251408078 0.161200153515487 0.0494685400827087 0.244975942172339 0.317701788286321 0.039010703978234 0.968366025928708 0.196670786696029 0.0913347930312637 0.328385182384515 0.998025031653055 0.53339108996191 0.491441311786926 0.529332601584469 0.999014435587733
0.0822114410004832 0.642003658925208 0.529648742805001 0.343113893817828 0.206985548171744 0.306666153704964 0.106219209128793 0.0681193182268349 0.863162828937278 0.16367359498665 0.261641468555305 0.788532331114826 0.0998112040199861 0.0632752624977023 0.665986617391018 0.985625767949319 0.184401361872755 0.469505516396134 0.0305131680946556 0.000428024438144901
0.366158619500938 0.576784018263874 0.796717758342615 0.750471656476182 0.941221217181615 0.245805378012813 0.321961270307026 0.242348905587596 0.0951493061171397 0.904287056903333 0.685656923874865 0.998662856669809 0.426530076616078 0.261562677351361 0.802906671014197 0.973478026839861 0.775605285574695 0.513031622726332 0.999532850117867 0.842849477935161
0.657527577941539 0.813577451799227 0.925520901731469 0.840485448504668 0.976103757683657 0.620084463881821 0.437766634367614 0.964906267255946 0.907004411962689 0.995445007434499 0.910922089681594 0.997144018274357 0.631118167657168 0.589268177051639 0.956844594744089 0.995455754135822 0.776480224655779 0.755984556087817 0.965432023159911 0.999978516929233
0.0559486206223943 0.40174797373141 0.0118083442362178 0.343057577625761 0.083196108659334 0.615415499951756 0.0602984879561394 0.142850110888022 0.164606551568688 0.0267167807567577 0.0015343888559643 0.634862331626322 0.0166202631105172 0.0765205271469218 0.363406702570015 0.077057854624994 0.542028523157337 0.217563066166958 0.000144767063957975 0.6460033308767
0.288955169349111 0.634952482150038 0.774680228169204 0.752665107273338 0.972364903232087 0.565231752373838 0.409494939026077 0.962899742481645 0.91926805193213 0.805303345030194 0.824354778104242 0.952025835696787 0.610559574554995 0.255206287943643 0.904814475705836 0.999844789866457 0.551651202454773 0.501583949084566 0.781474131294575 0.172554410813014
0.503127074957479 0.646158804929173 0.259491499318875 0.698475365914917 0.700561195063253 0.674924955589517 0.401005535659186 0.909756279716107 0.608087690644366 0.723726460947725 0.815798654543209 0.996394589821346 0.385568072947208 0.234525364957035 0.844026163781301 0.996056429432996 0.792299679983354 0.588867074503981 0.166730143834705 0.000453598962988692
0.105999978975529 0.569034967467891 0.267611737791336 0.907852797082449 0.107793494282906 0.716966008750796 0.0628146846217886 0.233816444544445 0.3779856821667 0.0522369864609302 0.10404204240132 0.996835815975295 0.0975264592923417 0.081019719433877 0.544086009540013 0.960695527175359 0.411819752137179 0.22310098537926 0.112021083059194 0.98638679764915
0.134048834172019 0.719042238687614 0.351820504908087 0.773354043408837 0.731824950515288 0.449849191378649 0.404794306394944 0.916668859294649 0.996251093352174 0.421246413897327 0.965198847372336 0.998829853756128 0.289174531470138 0.175164290623707 0.708118557707768 0.993299127791159 0.236945912927428 0.714137426606978 0.980397439628196 0.19310397114055
0.019999205090485 0.489658693301147 0.137890138850499 0.636767280854884 0.086329453678485 0.521712578614827 0.0477942199792556 0.250722597630888 0.170062464095661 0.0431169210336162 0.00245308437401481 0.585188840208722 0.0678327568409466 0.091892466779608 0.498893003165973 0.938162917734616 0.185872526389379 0.415476943681294 0.00224550229170245 0.00139242043026783
0.0735167977761483 0.557386863785646 0.251862380973992 0.652972481363954 0.584957102396917 0.326635930059814 0.671710375321094 0.168661914194256 0.998350119404737 0.506428317615474 0.833683607115811 0.722797309311669 0.495193044467365 0.144770262865076 0.774991777137091 0.994169670703138 0.446151327380313 0.57987776343423 0.94403110578365 0.159263738026085
0.0638563850513232 0.528870305849239 0.594096814689124 0.348828237093356 0.178090470101412 0.138857605951777 0.0243278028190433 0.0841220117597126 0.835905744633779 0.0365171401388426 0.0989607784007468 0.204827713299972 0.0969646680410264 0.0478762680589765 0.800207207605065 0.00213309719291815 0.296992390487518 0.284857184453138 0.286228109495022 0.99978928676831
0.135719178543471 0.63865090678653 0.410738164690602 0.493120172424494 0.155211189512807 0.594184149566632 0.0404475125144481 0.281270583566313 0.522475262105995 0.276427255329601 0.735977016005426 0.995941992381702 0.100066225825262 0.25318692762633 0.837744800471752 0.967360848949976 0.706061915530788 0.75495333870227 0.965498052701926 0.731874774350371
0.83356156864006 0.705154794931261 0.744629048276269 0.616545343831077 0.96809506279353 0.524438604240286 0.395940235199806 0.994794262975987 0.98206450346781 0.981635732658612 0.995018090671234 0.996025739384463 0.562067862051738 0.373989183464843 0.801373625093229 0.998364640262889 0.631725279529443 0.866393550144956 0.587708128682742 2.78957694665905e-05
0.0359478512722306 0.521282775712991 0.389530444779881 0.354128823015474 0.725818995303317 0.228177922509927 0.110046747528438 0.207485559199919 0.0771367465986339 0.0336143522167544 0.189527780301303 0.244039257922404 0.0621927157157875 0.119865793380289 0.52737897580183 0.519328829176788 0.145009974175342 0.509546040634172 0.00957972824713654 0.0011343447602516
0.225755685491701 0.687046941049861 0.730541878323389 0.580023409165757 0.948639543668047 0.515602953756174 0.0424334212660325 0.648353222221261 0.996042259883478 0.748607622210053 0.899667842056866 0.991561584774338 0.448413861062567 0.143641630224441 0.559769257005861 0.940495507127342 0.824367662020279 0.667502945560985 0.0792835776490136 0.984871772522338
0.128475082613194 0.5370606422422 0.505581973806196 0.588506709817281 0.457480910956761 0.166496282437044 0.132248354622381 0.736012877663255 0.962045968244978 0.666374675165419 0.250572379352933 0.997503253199852 0.104983812235095 0.111136873757872 0.754134017622627 0.983384604818183 0.323232059684191 0.548725040094374 0.167585413534869 0.994057409215929
0.0662896877283213 0.409830358294876 0.165299888211538 0.39448440522832 0.234820967033619 0.814100218662784 0.0476917904372138 0.463831288239604 0.135781073634544 0.0379073700457067 0.0032282345256215 0.732809809205429 0.0193959357304523 0.0625682118264549 0.407276183750198 0.849874620899995 0.301092688419401 0.155342130494729 0.0361509458499698 0.608477861337741
0.0518501433400375 0.527304667504856 0.121032502393052 0.22197454502986 0.39816751015638 0.173394872374513 0.218548201263514 0.0629174451644653 0.00385249379729207 0.179145516119463 0.0780153204359067 0.170376130781587 0.0299974345434521 0.0726943357443306 0.124912374660817 0.37229518604393 0.202344281084693 0.242581236121635 0.549830825730591 0.999999
0.161829353627128 0.510008856604715 0.629836775765362 0.714010681369633 0.0739656833454982 0.176655764117204 0.244262949813483 0.211290482373706 0.0330870144675024 0.0744775159606965 0.632374335956181 0.770120904698343 0.0594257360010869 0.115925751070303 0.223140631466118 0.620485349047058 0.257182790149357 0.4504837314469 0.00342915133747507 0.819417232712786
0.0245234982510421 0.592459738486562 0.293642106409594 0.510829273558029 0.244122014616692 0.158370920132868 0.26411150905153 0.270308445740131 0.03021404136498 0.202420223746387 0.0876219267564309 0.986770711174754 0.0753398104687579 0.04011353913205 0.311389452367497 0.939675037863261 0.502169029691687 0.14172010785345 0.235245963034704 0.999980406320487
0.196064329472705 0.694034046084293 0.719257243275503 0.681138897629182 0.0220024349858431 0.362734172270645 0.032458268696163 0.838411644203145 0.972528277746933 0.464593310352784 0.432689689564336 0.970601774502642 0.510389247843952 0.129903448079001 0.901858826090249 0.852529753361956 0.639423371255128 0.48438242282576 0.753286806491745 0.993825578100763
0.353515774298454 0.735806191550658 0.854648986339757 0.674592705752942 0.978314289269039 0.689568387012065 0.293407522490546 0.885066084876381 0.646264604163571 0.929788257944259 0.949418824928191 0.998221817154414 0.447056055631281 0.313000064161568 0.902384655887994 0.993587014057628 0.604510625867137 0.79227050911588 0.266186055352018 0.00154535291022238
0.0136398654538498 0.471487460184616 0.0409429696986827 0.412386784383534 0.20123922720925 0.401559929441683 0.0319707226818161 0.0136990718175436 0.00149139122871037 0.0467975005602894 0.0421363168256178 0.45073213378874 0.0601825176606104 0.0287088409641956 0.439403147212141 0.609134234625744 0.229112814181322 0.434884432986077 0.00105351442814664 0.999857626467174
0.396153264710484 0.629434473500675 0.581883753103226 0.775643405295779 0.934881085844692 0.496114090933922 0.437955479151016 0.50361960122644 0.884878283996675 0.597783636170834 0.662735146268623 0.998117878619085 0.60399578096477 0.283961665120407 0.872290817909126 0.958543281951376 0.659107732890511 0.683861423861332 0.980238423757017 0.996437691925432
0.12280903658324 0.325040594894237 0.396147333338418 0.665403779764944 0.0593511614470614 0.630745000919657 0.013478180200998 0.0388932213178493 0.412965127689121 0.122200933074973 0.115775027336986 0.914318093022674 0.0515138391357688 0.0529352343468786 0.318908174224022 0.905560541149545 0.701506265299273 0.183639253876099 8.08647359473436e-05 0.829498214639946
0.0454356488152197 0.555390899537788 0.157245086170129 0.544492376971839 0.253239744778403 0.179682119671847 0.132378357586312 0.235438109887441 0.909280438934522 0.238005680569242 0.215226955606332 0.686941188165146 0.0640268397557707 0.0708902661341065 0.675878683933228 0.937955359746297 0.548185516237717 0.449026947244393 0.000343289210911617 0.000329129148087863
0.0269041235519878 0.387032985002377 0.167798114558283 0.335506739979701 0.00469219839308678 0.0729054045171265 0.0851938448971101 0.0381353462836282 0.0108645675466106 0.0137037786865195 0.0087432004280001 0.84897326978026 0.0302980285873597 0.0121791361755427 0.386843953989245 0.0899108822093957 0.521239249060993 0.359598946180095 5.27740263905886e-05 0.00469327930546949
0.391262566334528 0.63913286868183 0.820818064959092 0.725823555352266 0.71708364722666 0.150048688031971 0.00981619529270659 0.973598856656959 0.764196976206843 0.212614581670841 0.518630034645416 0.742634028919111 0.427180569902105 0.167788653345339 0.790616693501096 0.999232836894953 0.535950773370642 0.338697959110566 0.0383494199135327 0.998459680756657
0.197855755757751 0.6010485680596 0.325570970393951 0.575541167022344 0.892309109485167 0.352005684459838 0.603191731436373 0.0637811745933181 0.284723775012078 0.365464382851952 0.410602762310677 0.992719103812264 0.149405161862095 0.0993885714306741 0.627382505753063 0.962635799143438 0.704387234159569 0.521140620833439 0.185232825997951 0.00502655564414891
0.0316735991218379 0.4709408024388 0.52330818373043 0.543824063136963 0.0662489573350586 0.3104390982013 0.00850768101146344 0.114782338762061 0.0203366949807316 0.0239329222706544 0.00360674314229679 0.263221190596279 0.0329797371692665 0.0382847401596069 0.49912757047819 0.0413462529842489 0.418307564418982 0.509358088563623 9.50414633143566e-05 0.180917976912392
0.0876276310518899 0.482089871423032 0.306396024800335 0.671202042259243 0.193920487597566 0.565937411210192 0.0744438674266021 0.785794673736167 0.812466053560461 0.337965532227734 0.312383681601214 0.992911671143133 0.306393980898381 0.12147635621449 0.826735783482375 0.747813655403251 0.594340181546 0.473037166987584 0.00546872957230765 0.999591470403357
0.122926640026353 0.492659571933571 0.928621385321697 0.600472640152719 0.619730890880287 0.396519195166136 0.117730636620822 0.562052847276814 0.0494754638720277 0.314262238164439 0.198914332917063 0.0844712883655969 0.0624100431300627 0.128787312413599 0.418101881152102 0.993250852147697 0.494475648433795 0.614623478784017 0.0251255755274168 0.000179106534842728
0.40365321075586 0.687369752343385 0.712597291710906 0.606277101774604 0.755966844018912 0.200274461323695 0.501810281167655 0.190038684182101 0.804031511566596 0.476375196295989 0.326016161641097 0.960605096406846 0.263920411021868 0.0941085615389906 0.880892831462686 0.813590107999359 0.634717856399408 0.430743557479922 0.750206516047853 0.991967561454856
0.0792331118420888 0.517548691940524 0.514636024821282 0.567143246194677 0.0922217181032781 0.132193171320346 0.0320069088040167 0.120099701472819 0.576174953613233 0.108369205412335 0.027386090606404 0.3914304275353 0.0504074906475031 0.0874533165244914 0.313070055551335 0.992632680338494 0.28247131782727 0.380650215023769 0.0290290613004128 0.999691698153803
0.0565498102057615 0.429226219075312 0.406061868612032 0.453413643171337 0.253807866667999 0.515871640378268 0.00571097663015264 0.0251088567420586 0.266884066061441 0.0341162031698909 0.0100779635979564 0.913639354869162 0.0344558503983438 0.0557992868319624 0.19886814565344 0.877659702605894 0.58214200523334 0.328002939613063 0.0177351510162709 0.727938296289312
0.627381106643695 0.708220394726191 0.577459083231972 0.536542171470175 0.88144911676016 0.669670978126819 0.74530693700648 0.911737662014549 0.736222531680895 0.967431347726636 0.594370551094655 0.99920715247098 0.611651324974244 0.24620916310494 0.92083471721876 0.334181403538041 0.676945324019648 0.777132979433666 0.954353898726836 0.999270039810291
0.276530555529263 0.608053973295009 0.409459824848663 0.861168806366544 0.445262885986435 0.704307511114778 0.417168077341601 0.716610812618543 0.937327122842326 0.693571051030557 0.408919870189024 0.962565477755935 0.518743310876658 0.293344855075814 0.745425566803091 0.787673562632531 0.360201608408406 0.655849123516914 0.802036358784245 0.771964648663996
0.031567874721423 0.418784536322379 0.461531561532362 0.632062705406189 0.0905890714145982 0.351278822884941 0.0898593908102786 0.075517996629895 0.103041659766172 0.0211542224533037 0.00335881822459706 0.891164504805259 0.0190753742830985 0.0236051679611952 0.0773147678593178 0.736318579634718 0.279189026490792 0.308132940639215 0.00761929216920184 0.235906530291834
0.0341827871154933 0.540501682253612 0.11216946463767 0.445008085112557 0.0955644452341914 0.27191281638769 0.0595687059002543 0.192530341616223 0.0620766090522629 0.363849925495747 0.159813200747235 0.978071656987384 0.0668546814416949 0.0418412705582677 0.318715024268875 0.544127303476667 0.417962530851032 0.603774188605778 0.343497952867649 0.023209050120959
0.53780343834484 0.564158012869483 0.480365355463506 0.480571397669839 0.887732135843474 0.582457255135452 0.467622261718216 0.875600314459896 0.863405317069331 0.861546429803278 0.904726041998808 0.977007729932928 0.350359053233106 0.338905048465438 0.738164418063326 0.999869240525407 0.507216433941124 0.836282530599397 0.920808406392911 0.995262725256833
0.0145203375918979 0.486987423645998 0.751626073459546 0.363167868893769 0.0237649953509184 0.176620052493584 0.00560912559694956 0.038589524477304 0.00604954272323623 0.0520264039861524 0.0269073009128535 0.912038498332121 0.0655736589991359 0.0232458714793139 0.691959583804115 0.0616876177818889 0.378994402356111 0.193749791679813 0.000143635199403946 3.00377029689615e-05
0.293378756435873 0.649856190620816 0.902478330899278 0.832942365641451 0.92049439380033 0.511652940206077 0.519855396875007 0.915201262441067 0.541998607025787 0.88114446805921 0.759360678079277 0.998045067235348 0.818449910696398 0.105380678155744 0.972848338757669 0.999842228531994 0.353684448605223 0.756990904655199 0.0108180813321775 4.14060314931894e-06
0.0455839890027668 0.500748571832895 0.0810833339786953 0.621034509084443 0.073192900979838 0.321047334419726 0.145842526610508 0.281833316073676 0.864520166130285 0.0841894350246008 0.0184769022874546 0.861310628725696 0.0703103753727113 0.0300510027704215 0.23955958227157 0.652128761907344 0.136857663833946 0.604053619088299 0.000416781361918882 0.0212148006317983
0.467255003641702 0.654574328337401 0.809730650304285 0.482141209668919 0.430032656384938 0.242926611053538 0.279057201307069 0.905390521564581 0.795550365198759 0.617869002953876 0.577690442865667 0.994036670437259 0.394235621712944 0.171709450684073 0.724029312611561 0.995844242988352 0.308496698963873 0.688573944306806 0.299493318104411 0.218217008323688
0.295844664944251 0.623881517487755 0.660308950562929 0.788023078343699 0.971953280738524 0.154935588563919 0.014976423035113 0.635659554735091 0.221954981486775 0.467729111490517 0.463213218999677 0.980122183066117 0.342943893373797 0.225371061918645 0.386740425931082 0.991087116022598 0.418258725301752 0.46501020102962 0.523738586067257 0.999668633276025
0.0374619233803863 0.57804543398401 0.501778822520827 0.684110174125824 0.495513395315041 0.586129363909183 0.0762765499867132 0.103713803749934 0.049211958235642 0.056087404083036 0.0990458911796599 0.957219779937966 0.223499993792196 0.0965816027397431 0.647631757198419 0.0105758069961468 0.341780543375266 0.466798588366854 0.00167164998257097 0.000110762370930701
0.0248533732396562 0.415629360468838 0.0512174183989183 0.289734648824504 0.445500091639594 0.201486721459348 0.0120174274008604 0.0156223075057242 0.0460445529575148 0.0200200589475018 0.00542719788448389 0.901355950581526 0.042211359508654 0.0483494645668251 0.439881813073875 0.412917630172775 0.44425802844539 0.360943219914472 0.0108432403781263 0.522788748709266
0.211118641237827 0.550022853190715 0.129258074363571 0.494215437957953 0.576234632717118 0.294311039350858 0.0466339218014083 0.222122934177717 0.765119280846795 0.711994578240557 0.256018496485865 0.928775590075459 0.149711723911331 0.200918055338265 0.528207566726472 0.184096143709493 0.319413811270081 0.457077784088832 0.049502276978085 1e-06
0.0410218167807865 0.441867812356943 0.139633731534051 0.7375524403716 0.190005300663949 0.173449056339193 0.0242287930948916 0.0196414750780359 0.276916301361389 0.2355537012452 0.219823079499209 0.886386218194632 0.155522579098379 0.0773065027836641 0.703392282296938 0.967920500585097 0.177079131316443 0.266495564182795 0.00636983792175547 0.737639890574215
0.650941384221738 0.6833326337653 0.783013149583748 0.752659405801046 0.952235083396071 0.740472926570237 0.645773913306147 0.962447905391707 0.996957984813584 0.894360684920223 0.980513125199142 0.992927094816559 0.558140856965881 0.362545380810491 0.857821404520572 0.999033288704333 0.517784783953631 0.697186309777329 0.843520032884228 0.989941355362003
0.556912878836964 0.631894760676901 0.648565946498644 0.719437760612083 0.202729927050501 0.286633491598597 0.422644378833769 0.688786757501446 0.954932482482102 0.246642048331528 0.8281411967305 0.995131908787427 0.420367703656019 0.0927560238076792 0.589421983647512 0.999096836215561 0.690265351712625 0.42595180609734 0.970065469798068 0.999495672437588
0.204407269113193 0.650755321637008 0.865062443694177 0.741345421023178 0.940224904214717 0.826290653600998 0.364488555973001 0.590152797699529 0.470806998157852 0.605253812147519 0.862708611535888 0.970701714141083 0.323385296790532 0.305033691081906 0.681573973842182 0.974639827534332 0.632246425504628 0.494504524288172 0.0170646176930286 0.999998188955065
0.0287172224443409 0.55686255570903 0.267946973340222 0.612796941271482 0.245377612594921 0.275167736012908 0.0807873640929169 0.0113432291123854 0.567014022011148 0.185641044901219 0.366274368031806 0.640713348209868 0.0273338322492476 0.0465010227956684 0.57755113065074 0.956510550959253 0.417900008553181 0.329387298345677 0.000467015697437266 0.0256453372982276
0.145342869655057 0.518038446742644 0.141013360445815 0.652662559678209 0.378863464412425 0.250824382126339 0.204795037973077 0.043096763652414 0.307233413805547 0.0507705881238801 0.0523369172108017 0.664191306286543 0.0583964391651653 0.0438681789649881 0.716784179883012 0.991570127142756 0.468585872819656 0.454035749897381 0.0277362245257221 0.221063825235588
0.221564856206519 0.477387993477271 0.425849466048286 0.616093883237583 0.369922580431882 0.381204353379975 0.0776301804341114 0.144963022300279 0.0320331061839816 0.266466670276043 0.280256119822045 0.211119272106024 0.210601755520224 0.0685644358374716 0.805210718854595 0.714245218273337 0.358119407029779 0.492378830043714 0.0117572562463204 0.998300254903433
0.318973877446752 0.542297257553793 0.851490192748133 0.512707179113785 0.837811302238863 0.461014715854312 0.336215283901965 0.307586291953129 0.305113237658552 0.178584393971668 0.494525273353396 0.847803292426873 0.285137887360167 0.228422158455498 0.845910303771412 0.880979541936072 0.661183685401485 0.663915493671356 0.163226678553876 0.999850787965703
0.203507258166513 0.721445645994395 0.907330081937989 0.544548372660027 0.307106882968409 0.881831725110256 0.33200927634685 0.879991789233052 0.858986489308177 0.246175820953374 0.505382371636073 0.853051956481948 0.578861854182019 0.155970804938057 0.942288965389062 0.985422687259623 0.327713145872915 0.559555022746987 0.00044558046309927 0.0402146872087328
0.300252103838575 0.520418474489943 0.877731017186148 0.540395472724548 0.907451569508177 0.581687079872336 0.441651623677051 0.46104773873527 0.81148408847726 0.378983849292759 0.774609486621862 0.944817136113084 0.560266949921064 0.160750755886807 0.817067610813329 0.999961674146409 0.471432691735022 0.565709128159422 0.0612111448066057 0.762157611701229
0.191757304221266 0.559644177302065 0.837821836716176 0.776911917531607 0.225466762584734 0.068969126008004 0.117337552875752 0.799083934489351 0.893801543940018 0.263101607344177 0.130395927110638 0.497571295611182 0.137996120229688 0.0935318960934456 0.719579624761695 0.20835725234198 0.278659114813946 0.672106778121252 0.00415711062181192 0.0400222761288277
0.469755680518771 0.65430150661468 0.656035031621979 0.835713542513403 0.995068339805483 0.546746142900382 0.299813972058909 0.991037289425839 0.990607897686107 0.945885552704009 0.790244031368374 0.996327370320306 0.405139024143479 0.322845624499197 0.939540758117622 0.386110747550349 0.704804643587239 0.824320773549105 0.0976009355371234 0.221587383626242
0.302472334938163 0.586217566506867 0.565666823136006 0.693668452435376 0.820446199367764 0.243984777593714 0.124825649787527 0.235846276418432 0.860591668487274 0.251863255135071 0.679236941460631 0.976158391675378 0.134576555700035 0.209181492375588 0.820483063283688 0.104172758934584 0.416283933910977 0.759357878245457 0.00173421173568604 0.683786804632673
0.341175559420322 0.586403696975569 0.863299272784673 0.543714416811832 0.365964728665213 0.346804114037189 0.484508247645088 0.936260187525157 0.735307684680806 0.866336346413693 0.984684073097616 0.993292217269084 0.682638035871208 0.249816654436906 0.974689504717154 0.991114198134041 0.700593532506571 0.916215322637108 0.890550556829367 0.00854458673695735
0.192420106730203 0.51096508949507 0.259200568658676 0.687646848792949 0.900692766518971 0.394665636882977 0.0482794856532968 0.319214307585727 0.265646365201877 0.375183017897901 0.641448519199985 0.936045933561544 0.1168215096577 0.137615853057457 0.424929105915289 0.970746073550879 0.339853014246382 0.32017443887733 0.679277515086805 0.864030528349637
0.232449128213177 0.741850874505016 0.481949182186423 0.814235879656557 0.809104501445702 0.814961079987081 0.417697069182572 0.467687083662086 0.314347509974669 0.598583040853517 0.752631595216572 0.977479900176722 0.876582321326188 0.222178062119938 0.858561214755682 0.963300563794428 0.625593011321321 0.669270787668009 0.565208185502045 0.852478091831477
0.227600420060228 0.607864710808589 0.600597179470433 0.347586788154275 0.471172222658992 0.481043497226468 0.101286488364286 0.662986435106339 0.367672152027346 0.591553883263409 0.50200876336575 0.897992782036395 0.298417572901429 0.15486742889207 0.6860276016009 0.999621687900062 0.318256182878682 0.761536378683731 0.574065200873603 0.995404997637735
0.337930801182514 0.61525497308988 0.578993717214083 0.739722140674212 0.94529686015198 0.721771786451288 0.163349799987896 0.361658078414619 0.842969870711258 0.649858269809203 0.923558869495894 0.976129408528217 0.358524048940331 0.214842823801338 0.753001453398362 0.902224974481011 0.565752521528535 0.897405280887856 0.878124967930681 0.802478124474433
0.0757994919424428 0.536800741687711 0.295895421080715 0.49738554504981 0.329824475778826 0.292447406187484 0.035902091779334 0.188305022989997 0.118930803042484 0.182035263030113 0.137920544510141 0.659985746562631 0.0420202029080244 0.0665943754832458 0.519570689668895 0.767000986350193 0.29471839250431 0.408197699300675 0.0309049150833003 2.31000403107973e-05
0.478816138058855 0.795017705245899 0.923101145435605 0.691660845332153 0.987366172261353 0.318778149524647 0.709613991448644 0.967167273247745 0.943895675266638 0.957475762765317 0.993199444828574 0.994715168019693 0.549807138076759 0.512657704290196 0.955239401351219 0.99494373064898 0.791583969889832 0.80599063004381 0.999565797645337 0.995772472177293
0.076621941687653 0.55132895569081 0.790315986779069 0.658092628182462 0.163720934612094 0.30454105367041 0.0432961004386225 0.0221522201337534 0.492488889890892 0.0706674454968716 0.143573151959388 0.223230939793087 0.0563931813699806 0.0491434110803511 0.237453264865123 0.0431593508339261 0.263645038286602 0.298858516424886 0.00550357200364223 0.227187174032461
0.30052306221286 0.727584355850024 0.764790786200165 0.653349136011694 0.255243739979936 0.601378463341672 0.180892278677075 0.797037583385956 0.0559140138205573 0.684558674402317 0.909824605891094 0.940540090489846 0.360756844066918 0.351155630246281 0.67429383826949 0.9680181333406 0.749736230011642 0.673491621572534 0.900043235381821 0.0215585199010179
0.19771282448131 0.58242586607884 0.504613768023634 0.516050677553485 0.0409084153587397 0.539275541223471 0.0630293615987161 0.369581611955972 0.802185614999169 0.104705710549879 0.117791900459965 0.982190970451057 0.342745722075903 0.141836955992746 0.58466195362767 0.977434305129982 0.476146616331785 0.397911875952935 0.0573414903541841 0.991564490198579
0.146604573444202 0.551775614712379 0.786376239814236 0.564957293098536 0.630493453801079 0.366975208077861 0.0219932623876125 0.660363903028997 0.659737584491097 0.492725002207021 0.488505004197157 0.981043956287358 0.23877701688186 0.164428313090326 0.587438659124051 0.854774314035248 0.377055139075073 0.471643310935344 0.0332372055744306 0.892879082065779
0.550694875078992 0.787030238678076 0.482385551818606 0.715657553712343 0.947106899604165 0.775753705455792 0.229553618486489 0.974246559204642 0.839321093438749 0.97943297334299 0.912468924589935 0.996898875515345 0.766960219215249 0.433106013514319 0.787015923062668 0.976906136365587 0.835553397155072 0.769928237571839 0.00704878532117768 0.997874397992641
0.035160616438401 0.370432156480724 0.722110450293952 0.492088799402789 0.431353081257677 0.468374242332612 0.0148482193486976 0.665343759306986 0.2080622031391 0.133006772620244 0.135788092935611 0.728928337594407 0.0716648817513611 0.0794746665476094 0.5181886178548 0.997717650826757 0.355967435374504 0.239074622402751 0.185522938689119 0.0966099972946504
0.561906829723294 0.700585964795059 0.798608613375918 0.484792423169816 0.970070602675333 0.310594274637431 0.811335226913194 0.609545953255011 0.322133276022367 0.889058560589024 0.894473881460906 0.95722609020577 0.459007998196522 0.410954536757286 0.656062735086361 0.999004110533678 0.461563410140027 0.659140853407567 0.739361629044319 0.988373266362419
0.167029869697081 0.546932073164898 0.604740029654126 0.713761653067525 0.204350201103943 0.287943575465593 0.0439948731504026 0.330557119159008 0.211413789438621 0.210108741948538 0.274831907433433 0.431962330131214 0.20919556260107 0.0828605955237524 0.272830860365325 0.883841625808915 0.234862735938032 0.35025287013203 0.016618236946886 2.04823904508654e-06
0.276906882155694 0.626728637216649 0.535813205208066 0.79120877380856 0.999464099124286 0.600000707389653 0.152759338347186 0.930233207446874 0.68754993907363 0.929131375002374 0.681505597614472 0.970941107277436 0.576446340793794 0.398617832297601 0.938221078758952 0.990851024317485 0.517557094845447 0.521708119055015 0.341462882143672 0.99987847646812
0.0817454107965757 0.460494027568105 0.489689580657671 0.214477112060253 0.188844360832834 0.163700889826137 0.0261728507413412 0.00535466202332716 0.128007190295987 0.109349334650692 0.0397889798799272 0.84684149133332 0.0401683104478914 0.0231422089462203 0.496733638089896 0.801391247021338 0.177366471494796 0.302105140952514 0.0217080137858355 0.999999
0.078161704212197 0.561730003463247 0.662600679232553 0.437019611815893 0.132174849635422 0.732533672555627 0.11019104198645 0.136385480456437 0.00590923175296963 0.0524216378009272 0.0865508844037042 0.416205655471896 0.14639074386523 0.0552234009702877 0.459967398906729 0.246825231927318 0.480059062632644 0.438375156961778 0.000763660960099778 0.99576782469671
0.189676798438517 0.638795767015844 0.839844016903079 0.632914106511872 0.845794111280748 0.119378251270286 0.175318875675057 0.826901202962501 0.438067630359342 0.565079884059594 0.91374144493787 0.421256137515624 0.217631906504162 0.221496343906335 0.435560142861123 0.983990199448657 0.823006185614332 0.353604173900668 0.0731137440195661 0.996979116706769
0.169036211628612 0.523993062359739 0.118046380120913 0.638955161015661 0.41409409630431 0.146484778341413 0.0278785304773481 0.26487067984727 0.581506851145844 0.136336631245361 0.235243307466607 0.973995437126865 0.187364741763049 0.0489599376291364 0.486229313430342 0.770899616542531 0.378321785580717 0.297092948421039 0.00102157788757539 0.9027775727447
0.665162639200249 0.744487800320012 0.912668124138123 0.640390546764692 0.994440174349684 0.717254412879301 0.423367282878553 0.999865633333672 0.994980815348977 0.99020967211881 0.992000368306548 0.999649363757909 0.718837809933855 0.287398733830937 0.779521574970598 0.998876906349618 0.873092923470685 0.875016330879159 0.770941361862415 0.993762121780325
0.149225745669186 0.648325231437185 0.209213878197305 0.705657990238308 0.618232797181792 0.509136336811216 0.534849754949787 0.349372243483306 0.736723435765836 0.18404425776352 0.805583661370789 0.921048398914355 0.277486056041855 0.178465101697098 0.445866685226033 0.993023843751526 0.444876258816396 0.35710252849326 0.000128745043941454 1e-06
0.0262652452617133 0.56511695981989 0.331089548091003 0.388432162119931 0.465635906957997 0.352152210963289 0.0439621039717375 0.365163197931014 0.577869047921595 0.307255367680454 0.0326460132267727 0.979183143871057 0.0521083320225092 0.0529581967383312 0.444038740986643 0.874427580857909 0.269803988788102 0.57591147272105 0.418019131621069 0.862385373646785
0.171052185262151 0.575701826699826 0.633704059792899 0.809031117375777 0.236325101508848 0.185679123156775 0.0589269049730265 0.682697517097935 0.0812584208670584 0.307306631572556 0.443057368974895 0.994497594045543 0.0696044128612572 0.265107052974702 0.507612987201962 0.850426047698061 0.0974814697902525 0.693404101835596 0.0107415443637577 0.00201497826370546
0.287396611414559 0.719177018401957 0.936830161540344 0.64659976718328 0.342655503072628 0.820269269716662 0.86488019109179 0.822536419359978 0.439070350042234 0.78582569425016 0.749265646528991 0.966183823951594 0.35266011520683 0.202118501900929 0.60110284626058 0.99771340717158 0.625675285454226 0.863441330076449 0.0036121871318884 0.974691203067169
0.463064146454736 0.724822687196665 0.841585070961172 0.743570537240083 0.993832324959437 0.429634860948123 0.453346166858077 0.939193299650227 0.978264714137757 0.957929744693227 0.738443888098884 0.998755670799343 0.652179576014493 0.463520136403576 0.980608998687809 0.997906207734092 0.858120167378915 0.612241345244588 0.499348154849369 0.931310710640463
0.269314948842523 0.594690683813245 0.824505873618583 0.718642296033369 0.895955493837528 0.74817531505936 0.496952852691653 0.306879263045154 0.130172612196182 0.942683744745172 0.883042534582978 0.980540976455053 0.311806203868583 0.190404927816483 0.760094702880383 0.99991077337684 0.618631045998132 0.751679473669069 0.0594563035215595 0.643174668088683
0.0598426850724151 0.474366614250334 0.10609652206954 0.292008207321849 0.0115421418975447 0.209903935108786 0.0297119965714533 0.101921064741206 0.978253181813337 0.0397475951899182 0.037804816971392 0.183986631354996 0.023252972241151 0.0262310955069338 0.290767603988063 0.245316100113566 0.349995756947075 0.196858647922117 0.0261164484491939 0.434654288573502
0.161719685520953 0.643176852901339 0.55153237349566 0.577979570740784 0.333160490422563 0.176938555999065 0.11896399757551 0.837424761517961 0.883452969337281 0.146418342339689 0.572322559313563 0.931482204996055 0.355321990316357 0.142241485483473 0.744097248128202 0.999394470145753 0.512072748647694 0.369787317285226 0.00713362197482521 0.00997859246269424
0.070770448844292 0.612937755301899 0.204659546922329 0.49247489678774 0.0221506055915569 0.508349173909979 0.009686631184899 0.518764014433928 0.0106302180976035 0.0879473935622111 0.0759581986981363 0.14224433768994 0.137160531220613 0.0368984441555204 0.180126478363247 0.950465948736667 0.475710147761058 0.37528607662215 0.0168051542212844 0.000187077526837059
0.204042009384301 0.447579050810615 0.117473359193531 0.545241463213312 0.471411845329281 0.18142086141021 0.0107012826285966 0.0620778171507009 0.875075655604947 0.0663497887399433 0.0668211221075634 0.50397596517147 0.0146665343826608 0.0770501095267394 0.257845488625109 0.445936955795757 0.279666539070551 0.467817051532844 0.00759852580363643 0.00197084325458118
0.633211122235812 0.772059249688496 0.969657311639336 0.668411212881105 0.997367769867016 0.748160034592239 0.330269894140087 0.988100114909461 0.954201001298403 0.96731127328917 0.885653316892646 0.994452407355605 0.860652666571486 0.423467596376855 0.776287701352175 0.9996285747084 0.652441811437617 0.787680187728354 0.936529823701414 0.201088364416626
0.149365891363895 0.503752118692352 0.519092995137008 0.66078937421768 0.755915266144841 0.640133310496393 0.125547588441286 0.298080392464052 0.469967393966697 0.399468566859282 0.201259512571666 0.979002893608202 0.11968741451646 0.0641979369118782 0.795202346746064 0.0262620682595802 0.775191901446544 0.507729681659967 0.000376669788261132 0.900310034737829
0.167612060066318 0.663365907672102 0.249608323343209 0.484318295428149 0.963848271308423 0.39693727961073 0.137866242968471 0.730551045934728 0.765099341320224 0.227913780178441 0.804990663498156 0.942063633551535 0.33937246520291 0.135195348941965 0.681535011578697 0.95990938185289 0.6112241087618 0.688255316390981 0.00114491617346313 0.00250421843641492
0.0684657854343128 0.50977733847452 0.32798202049225 0.230660799661101 0.00502957961150257 0.549654094071653 0.0200052128894497 0.0301072916863438 0.208505915109207 0.0243168739928774 0.041072413277416 0.0274613881682609 0.0784144142869727 0.0582740200960539 0.245238066981111 0.997754550344433 0.431028447930194 0.270879993924077 0.112502836637041 4.45357125791675e-05
0.0145106784045739 0.380799879525764 0.193288670665947 0.647313847288105 0.0459218636990375 0.464838557591283 0.0727734357913996 0.0215389632774182 0.377394122713079 0.00891569908308218 0.00549371830003273 0.386703531584034 0.0158516449130806 0.0406000822886366 0.375620602718714 0.00700756840029225 0.226024653050513 0.159524462761459 0.688363880033382 0.000269929542590852
0.239112469834914 0.515574228486214 0.324478224784285 0.523874930036165 0.019612274425976 0.437060279970072 0.0729595101865022 0.0960459359014854 0.562184290561818 0.140168105964417 0.129625946754989 0.726778186711416 0.0689596098508206 0.135206725525957 0.43166553000461 0.836757729462295 0.58204933636723 0.367459171043184 0.000329526012108797 0.999779286087245
0.00445807856040805 0.298573456507381 0.102779639376785 0.352930420287036 0.0335158956855728 0.431026856918832 0.0165902718136033 0.000938159441621223 0.0545935162273988 0.0254018850001605 0.00572923486258876 0.991090485487033 0.00119408793336111 0.00784370893143876 0.0904184136858513 0.652413613988261 0.41330065641934 0.182194675723426 0.0219343450933962 0.967661794849506
0.209920569889193 0.655414166727526 0.756281657984776 0.656161648620322 0.889403060703842 0.103257322253254 0.297694248772291 0.961953155052164 0.545233299234312 0.365890865992668 0.422408108185255 0.99807928641206 0.304661942803641 0.115828954650525 0.874720347308701 0.910311962695048 0.311875052893945 0.703272808265463 0.0844780012250369 0.000210721375203626
0.305069228250007 0.692806475899641 0.732029638704187 0.495116470141415 0.881375074162907 0.82747516196417 0.543100254900995 0.95041052390835 0.91407115157105 0.870302849554334 0.685017737492042 0.99908911528223 0.504941742531245 0.155914566492764 0.598334171259219 0.943206411169044 0.238438476129959 0.746356735921059 0.00402479217759725 0.998846058810577
0.37135062730437 0.705002854791617 0.155549506625425 0.558590383805189 0.774439430969133 0.427527283716768 0.440456403544328 0.65165866930622 0.0780250245004581 0.33175245798982 0.950377903564719 0.989903128289558 0.428426386813042 0.137431520456328 0.862441858737363 0.872544639007249 0.414688897114231 0.415235574503629 0.0280955631687444 0.0161969781299882
0.228793997260473 0.524303335993949 0.918758017896598 0.49715810485497 0.684406460996019 0.268453460758394 0.358988098829654 0.954130726741417 0.0709367770446555 0.621524360784731 0.327113142610948 0.982309192542474 0.349896667745485 0.16914948238064 0.324970172195941 0.897611573750469 0.514460627826968 0.482117149027959 0.245158142702351 0.88580360283401
0.103989737028046 0.573949934895971 0.56251502438757 0.550199813906765 0.29596299083305 0.479386430952131 0.289821427928832 0.50659233373174 0.989853025676599 0.273113514361385 0.271474301218078 0.985104475318805 0.15275725342951 0.0873933320338966 0.394315555768348 0.192411481346911 0.387115525254545 0.543712983596384 0.159578803881363 0.99725833253726
0.0579532963108293 0.435055494756309 0.533399161935 0.718882142638442 0.336477765311446 0.480021598658347 0.109483065030357 0.425848235072791 0.22396331449762 0.225201400448384 0.0221175930434185 0.887239178459533 0.108670243268707 0.0479588815377484 0.502684958593711 0.75945423347358 0.406088655635736 0.315672950298903 0.996253355040007 0.998457346315738
0.58270869989744 0.762974301480777 0.429968150467865 0.719573655883666 0.91471882499895 0.737082705478928 0.785518874668608 0.973834430065098 0.787037084481201 0.780120406503881 0.966981446728881 0.988615362550065 0.593565144406575 0.360722216700857 0.836345205993527 0.992013155999712 0.811066314328027 0.686040227205267 0.986750702458929 1e-06
0.838464557367296 0.808031625981453 0.722514233915194 0.822308253727364 0.995282911099425 0.272512746733264 0.376580519004597 0.879353588278274 0.965594104464316 0.985744089937476 0.988803936977531 0.992904059749648 0.64799272021084 0.452860438983354 0.935207812784116 0.653813902141068 0.801138662092172 0.72768315377258 0.801340119413365 0.999999
0.518960611811689 0.620188138637305 0.720591109614728 0.677910144410374 0.785613906120129 0.423761268951245 0.437360316157297 0.639074302157879 0.987709395862994 0.864854796208206 0.633272343996025 0.995721045148756 0.479717845494706 0.202761459482731 0.861365402461599 0.98266741585991 0.395212289289478 0.760404981904124 0.000152848958600845 0.999917925199718
0.470503921588932 0.687441993527478 0.652915621840324 0.631120552369545 0.86606916258847 0.582501918709627 0.0955020655403495 0.850543092061289 0.354074414315894 0.950169966568238 0.929989771201463 0.980796882189204 0.440512358181096 0.240005705433222 0.919504393386295 0.842533971198911 0.732229972446105 0.672753413649727 0.975924218559028 0.758959240424952
0.0772015591141133 0.499777153436525 0.252948983240403 0.48775749007329 0.306886433349515 0.19437493042002 0.0486726383284842 0.102559070758378 0.705775937197727 0.142548816802154 0.0139414610395805 0.275072856733941 0.0754809809278897 0.0672950728727881 0.585867016018473 0.306809767861932 0.304045142867159 0.403549710025342 0.124552109474606 0.999907918796085
0.00870829634331727 0.266465498873946 0.118932313240132 0.340899793390828 0.00136151765216117 0.0969655739859574 0.00302775718149805 0.000687880412165535 0.00603963519731235 0.00203370184099649 0.011160334407888 0.350047913294958 0.00475404437384758 0.00831397175983859 0.169890657515708 0.159195055972374 0.309575665434186 0.234823230023621 0.000573550568186415 0.999640101447056
0.101728542193047 0.591339574179511 0.402381541868679 0.34899262227805 0.344036121279119 0.433493912208261 0.0361114888597291 0.192893096174668 0.0192101035623026 0.173533537586698 0.412297068199273 0.692076133630432 0.216113935990419 0.0874499640698966 0.524295327474642 0.975899211420891 0.342783460107339 0.338471944111362 8.0001969223248e-05 0.987640195635111
0.0324509684571645 0.453457511542215 0.402577261474831 0.383677206734962 0.236408479441246 0.483094255787485 0.217256387814134 0.0239842755616491 0.913207557543391 0.0120961475622342 0.03106328298472 0.907897701832428 0.031513533681937 0.0279602084386737 0.708379698241129 0.887605127947699 0.322799896902874 0.322765291073011 0.00240870841747104 0.791195418596817
0.474038673816419 0.724866331912289 0.720423648032179 0.685783982093638 0.54401271503914 0.836023383249402 0.0664592293125422 0.851914372599609 0.969234739972104 0.644625934776943 0.282676155988197 0.271273044204462 0.315450605564816 0.24148076879631 0.874526894934915 0.916704091204193 0.572968759472702 0.648651811555419 0.997979956873186 0.000272807682821919
0.566513320632856 0.6809126870035 0.820705285497074 0.763019125394922 0.992648044029394 0.216684712357013 0.447722862726031 0.904682670510319 0.227263989106096 0.72799531708353 0.888535805046529 0.99157272689992 0.35553475611126 0.124469468373523 0.878594453745072 0.939545865980553 0.195237603568506 0.751877537501331 0.962459007822148 5.98911241299163e-05
0.822606349185225 0.821690423245122 0.872159383531112 0.787207386165142 0.994164059088436 0.849487459563464 0.931251240519875 0.979386229189229 0.907531225157331 0.992823684331151 0.999680152241454 0.998696001997177 0.920213455874122 0.615803001925989 0.959870252419711 0.992234009501112 0.845367757570254 0.885966994281966 0.981533369499068 0.776963994361743
0.0315296467116936 0.4817493721837 0.15349221312228 0.320840180314572 0.66885253622914 0.35318067671889 0.214671571352516 0.236594064146222 0.582011496513367 0.498320893658409 0.0948212742629854 0.880900278714679 0.138357507198853 0.121665696604755 0.5758909357085 0.644581749477196 0.413400077764594 0.736835597943458 0.000451008681881982 0.995882072980521
0.265841195393888 0.60704900365228 0.305440949094173 0.626726678934431 0.72946495390816 0.143283958503952 0.12146515629121 0.864128672037324 0.393365402649501 0.196204842989805 0.0946875586934821 0.949396486585524 0.0952636082343607 0.114449840242703 0.514965485531576 0.991289442576739 0.568129317758785 0.297465538786716 0.0211798912981639 0.652292016691812
0.0136638066635642 0.368588371930978 0.0940319329159451 0.488371681645533 0.0682682566463316 0.50185137833951 0.0204486090059596 0.00493448247596852 0.125872914043368 0.0209194914188947 0.0124908958716721 0.307642569204699 0.0223046443493173 0.0164137159417988 0.0393561130176871 0.78160806324612 0.0910281829153417 0.133098229727161 0.0103696737343897 0.180859848621766
0.293735536884446 0.726285373959798 0.764513093741659 0.617317626845402 0.898650560448172 0.211977085561332 0.140634255140931 0.551711678665332 0.96198651663049 0.924882188731438 0.876537271851782 0.926203183580709 0.11353005970587 0.141860971137595 0.924673713764623 0.747912513337179 0.213494565925157 0.711896338557607 0.709400340774034 0.999724007008452
0.710376450711646 0.762946978114498 0.923792693207317 0.554584693579206 0.99005192302486 0.172838262540469 0.603911034561452 0.976376124670126 0.999952159639861 0.93565850612499 0.996888798894968 0.997500695299774 0.603180958458135 0.419186116154587 0.860370115069822 0.99914645310741 0.455333536428502 0.840942216190099 0.0674459199026922 0.305965368004489
0.0777869900556316 0.619330350295544 0.587455822071857 0.346355563536622 0.0988086231234667 0.534156348891552 0.240472034095477 0.107900197623057 0.782562610787604 0.133105169314443 0.169980275194915 0.884205580459749 0.130217370377751 0.0880304972074858 0.531649900308387 0.67053992910512 0.2102701972789 0.513010747230836 0.00216287634461072 0.999498181219819
0.107746976965823 0.53817269997231 0.263762338875301 0.661969801626424 0.0459995294043023 0.377146384278387 0.0329432609134443 0.00105798168253895 0.852334254018987 0.0367051615839368 0.123600473322048 0.666862691988828 0.105480786758501 0.0851407762070848 0.368687169236353 0.153709806620531 0.335444875555036 0.367972618746363 0.0122980385624271 0.748416932993417
0.124620973213347 0.672683168773821 0.235423353498991 0.685641601357168 0.598674264908211 0.183006524829979 0.182494196476047 0.881000832928144 0.647159684455138 0.471113595257586 0.568031235877961 0.876889856775608 0.154011607363615 0.0892871750116903 0.646836678187201 0.913665199436435 0.631260769950048 0.647330077116456 0.221998236167089 0.240594493864
0.0520808679687963 0.626818332434751 0.540381235851564 0.438877510264562 0.413351920926148 0.195952240982648 0.0460236971766153 0.0772294593999032 0.0407302312783774 0.136946194557933 0.0639605486542848 0.985312861914426 0.137421481578249 0.0766191741706492 0.782716152652766 0.984267140783026 0.216729331919538 0.396692641673698 0.00569671881928996 0.000164583129087179
0.411783951996129 0.682424967791103 0.837247373290799 0.866512070583023 0.984125835948363 0.827300581730532 0.504010430677812 0.879702287306657 0.999322343058197 0.914554865866074 0.958802689896448 0.989513679903336 0.740692962180123 0.533327129422863 0.893860143497906 0.985503921862829 0.905893915293896 0.744484325189558 0.519741130929305 0.935455074843106
0.32699086567786 0.671565749622479 0.777220778244726 0.38890728295131 0.975477636602543 0.288549056097917 0.246761508570355 0.653725051718883 0.375055124485191 0.875018261487448 0.867426011938521 0.994005473882457 0.284170060319865 0.0951260770247504 0.943187015654005 0.991357234155729 0.55384062366715 0.65168668211946 0.606283797280207 1e-06
0.924159758142016 0.815905675329476 0.970785896333502 0.74403555929791 0.99735304724728 0.932980812453512 0.397005152350148 0.998111146974717 0.987746104273217 0.986217601785946 0.99722830429966 0.973749598779963 0.745399032414163 0.575558744975898 0.982224849949279 0.993624629554955 0.499074367589786 0.952133431500923 0.988053782745002 0.834167844300318
0.47247255675414 0.72204858037578 0.978177583088625 0.726580893582518 0.95440883020407 0.188077270490935 0.350590117807917 0.683946969232049 0.991843374434082 0.983596644614083 0.895927176464324 0.99138082237094 0.610343282113236 0.434147246000245 0.890709807645534 0.98053515515428 0.655591531711117 0.699762407654078 0.281646227745095 0.999849632836798
0.298540166506954 0.63346243332011 0.88988682297327 0.762631630926958 0.478912791266616 0.682720976422771 0.124071760666414 0.767680599557486 0.476454728501592 0.731317442045728 0.661701599072214 0.997203808008375 0.31507862282239 0.252916142930733 0.738553049805503 0.750348065946373 0.407090020517903 0.571760614815775 0.0306506582805586 0.998303466745972
0.296279115419922 0.766202462249725 0.262014821805037 0.851547675791886 0.866113780233852 0.495492399619331 0.544200195678441 0.992487549650556 0.921173390081212 0.830251001337842 0.770734647523191 0.993654320343447 0.468287821439982 0.227559294454663 0.84638186565039 0.999821927674906 0.506465616677073 0.552878218949849 0.997978831330713 0.978522468949691
0.0546596659929434 0.547830327397408 0.128919481063891 0.626458274845424 0.782167238886269 0.867334667616082 0.0353447142836683 0.0602302387991226 0.201607364893408 0.0779089957956105 0.161523999072793 0.103594216373569 0.173823374520264 0.153166670255677 0.0914281558596247 0.11939525021919 0.296212536473967 0.355849028006557 0.85887514026954 0.880615382937521
0.30184857990159 0.726140992388324 0.951794880686768 0.490721510084853 0.982428757223046 0.469604046341503 0.27316220302333 0.964220226337235 0.86751233678433 0.827819675817244 0.561514535674558 0.957208631383941 0.60358434974188 0.24958809765885 0.821663643110136 0.891421157731082 0.406397008378158 0.771298819490314 0.196333401038141 0.0021800278653955
0.707090320307378 0.716503498211169 0.623087342537109 0.661060744605115 0.967411938885252 0.555681617598768 0.558473222092052 0.688769358524196 0.937413900463283 0.936600482605801 0.643003824433392 0.998940965905092 0.566606585920067 0.456841598409074 0.849932352469833 0.880691442907721 0.391578115392229 0.775044523659109 0.203932949723678 0.0569169261259244
0.31775404384988 0.687289332786994 0.281049128787829 0.80757302045092 0.876298660751468 0.511122122650729 0.240961354296424 0.434897799988516 0.0872074160896602 0.463746747516765 0.322130775622913 0.960979274507048 0.1961631454539 0.198762435150642 0.735044665175724 0.116029434805942 0.67895102919255 0.431126800514559 0.443761423529515 0.166778440903258
0.10284437379065 0.721371910207172 0.220010888856356 0.741775746234747 0.80932738350308 0.0981499723577314 0.0203608131575479 0.0648348888627317 0.178555095113045 0.60067630226627 0.263048668002746 0.941748842045797 0.156662347583919 0.11387850486665 0.772007777833994 0.956172922749316 0.37415579569422 0.421897839878675 0.0372946197767892 9.39792199853732e-05
0.0384090099104957 0.518091940974077 0.447614955919573 0.50804076223423 0.0796644257523429 0.0533073463457265 0.0631975731198161 0.167437135920424 0.533269159202047 0.0713799461249921 0.038576488766597 0.34005681084486 0.0462916466280207 0.0380548121028813 0.189541243563502 0.968315344060399 0.28857561671026 0.1444351493461 0.0454938415384035 0.0192071363929171
0.643432663126937 0.680036826876443 0.884100626619506 0.669268549055408 0.852310103163485 0.276231572733951 0.44684627397519 0.902885547241182 0.0399105915210129 0.941507253054627 0.974783320642199 0.999339642187008 0.688588296922409 0.274261615791198 0.854245594721951 0.726412769709576 0.544304499112652 0.553638771084493 0.489604055643206 0.052289849844747
0.3311160120914 0.650884276454567 0.329994505275392 0.5372600859958 0.970565443217649 0.633319264177599 0.583046065861455 0.604283476528678 0.123524951393604 0.89154365963136 0.672682402937404 0.970955643658446 0.818219324193018 0.327275574324288 0.642302801596892 0.985255188346807 0.353700290133677 0.660373952050764 0.110707348646252 0.442748608855701
0.101395270100273 0.611925214847095 0.506894675169188 0.55983776067757 0.96481700548044 0.355254745091897 0.453676013346408 0.628258148168563 0.110806555133701 0.364632962832556 0.509319557357776 0.643552244008203 0.245648062309159 0.0788034073701684 0.461525509183626 0.700724444523664 0.339012226069597 0.389709901650626 0.00978079176339393 0.0154325381588439
0.345830512008195 0.677322034387174 0.605552143076473 0.726052373107413 0.909495685265395 0.410035343954481 0.310346942228026 0.917698919089284 0.91919729961636 0.699444740742371 0.585076642133367 0.957111128186429 0.491053291999098 0.0940446184221891 0.81986205504311 0.853076253169788 0.827717093155189 0.673581142453992 0.0414302069687579 0.999702730217733
0.123037051307353 0.516092180906038 0.392639185027659 0.549246323429076 0.528659353453035 0.0906036261229719 0.0336213692927794 0.730394418982378 0.0489063558957577 0.121036630223684 0.0560455443299168 0.772451700274884 0.151168669055104 0.0775998699294479 0.228464594288637 0.881519881016629 0.442943405355502 0.289617842567188 0.864991951217192 0.0511158217226312
0.632379265215515 0.779652260138328 0.853484215183578 0.788009589699077 0.92615397999267 0.47130149501528 0.476005803587018 0.994495747612936 0.164277139629382 0.982724854119706 0.813511750713357 0.999853277439581 0.546099932638369 0.404669136855497 0.676296062646701 0.515181376729501 0.570354389203774 0.718074333967993 0.989399750935843 0.99712207984578
0.285886773024901 0.71600363928276 0.872117879346674 0.821116526374122 0.7296254820221 0.0891931544385384 0.246301270430786 0.985639135682733 0.959697556172544 0.641001981829259 0.901682715478462 0.987614363546816 0.307060217217176 0.144803044947301 0.926579454715361 0.993528676027036 0.327434458150882 0.873953328043594 0.00165115255780158 0.901769383122387
0.127827789719982 0.520456557949046 0.057291148993693 0.56011169149962 0.0509635498149515 0.325439879491538 0.089399254480437 0.216550184326598 0.0126313806700544 0.0782607241532776 0.503863571003667 0.552908241470038 0.0980022735474237 0.0564401572721491 0.351174676514112 0.11567882758052 0.451778266152351 0.498509612414166 0.0788253389705378 0.254965231877454
0.168161046021554 0.718468900704582 0.582852710659787 0.631350646791909 0.812030677191469 0.581018129204357 0.193831394211576 0.466162151105138 0.809572486676823 0.620784598670165 0.301670114456859 0.758932471058835 0.116545285182547 0.0772760007772193 0.426229024840795 0.999401121273934 0.729770198822514 0.42898890779482 0.125459428414859 0.355686633013901
0.184068845921525 0.692254616264541 0.813933066491208 0.420127336170194 0.894054736488726 0.0988301514506617 0.2381305970251 0.0863662778832209 0.879287834814778 0.215486433544807 0.20146132426144 0.983263601539935 0.492373511918581 0.193928453244947 0.365922028690093 0.994558698444033 0.488168081773273 0.773414115625553 0.628223400278079 0.00261185386489796
0.877890655432443 0.795096830941401 0.990988235882131 0.744626364924818 0.944850155161973 0.326061379743387 0.503541697250099 0.993606418579755 0.986994935609333 0.986393974668299 0.991064128297545 0.999681509833247 0.689385630154762 0.609547264467186 0.874409237161285 0.999577099760626 0.453520763170137 0.666265660145715 0.999989916782248 0.999993403630948
0.121173021565666 0.466546881560212 0.707806804189024 0.682631648488485 0.690007734872712 0.664855163067753 0.207781469393528 0.124722048651163 0.345911591998429 0.235084033472447 0.10733364012768 0.986684615940999 0.160709894220788 0.0703792207880345 0.610292947041657 0.907858872155841 0.2177073748751 0.655305692020943 0.837163219140981 0.106418735486934
0.316688740032976 0.626218121074687 0.914944336304533 0.760037691691895 0.943014058282589 0.321896902690792 0.574837508402307 0.957290866878865 0.333979233670925 0.861097890101436 0.586285607971457 0.918835257472501 0.449304599666897 0.550642725954782 0.538083369105835 0.999437611972636 0.614271925989722 0.808069444890447 0.834018517725467 0.994420786203455
0.0296498438680669 0.416116921259748 0.545546959345097 0.705021223468679 0.0330169346521493 0.110080180453917 0.00593397391691856 0.00666982107077107 0.142330093968914 0.0609621303633721 0.00428009345492834 0.728653033484785 0.0125815908270792 0.0321781747685545 0.339160212281053 0.877468756495491 0.299411217411769 0.357956084303483 3.0048470627792e-06 0.00672657544892265
0.0894321291255943 0.628250691168236 0.504972112573701 0.590475246115287 0.322016212166734 0.330405541784826 0.071110125144891 0.653922221645775 0.923938404180718 0.166186130169319 0.0583314561051549 0.810279025547083 0.0802939857130708 0.0726706844007213 0.303079256326079 0.394422647443471 0.238076518497011 0.28002014759899 0.244108176499723 0.260558760381757
0.114538657300641 0.471284162181984 0.414463637911904 0.645220305632177 0.267359691176587 0.135775264291815 0.0627578122211263 0.191322515155207 0.0772872919764351 0.0612758523309662 0.24398762110812 0.889860261633176 0.134215889714122 0.0502357795270014 0.697428886945994 0.882975009267141 0.302538486604973 0.190693620153831 3.75843887675807e-05 0.99613060618838
0.0702122421539596 0.576161320020314 0.402342315651478 0.542932197049396 0.188022413322406 0.728184959069928 0.0283679213216923 0.143981066533528 0.00855711973580962 0.116427067172778 0.0843995673172806 0.674021759901641 0.0265735650081427 0.135063844941974 0.112124147813487 0.984112444700642 0.414127515463231 0.439186927851301 0.0166958878706381 0.0477915018406866
0.244176686779361 0.597048155381875 0.666540590589599 0.714047078710099 0.971657921163298 0.477056588769681 0.215137519535623 0.877527719247064 0.26759970077788 0.207394678504326 0.67913635203223 0.995195583205798 0.417685566534848 0.0873036106191143 0.864605227201076 0.875715798515612 0.427746319025299 0.307212850343689 0.211408432041412 0.162306739726355
0.0117243465011849 0.485876909997941 0.445779994278904 0.592836153738376 0.164809729968908 0.381636772685088 0.00474511094195047 0.0800404787755547 0.274169968979743 0.0673653410849974 0.00762707929035661 0.0929919098572434 0.00688321122772808 0.0283550886189375 0.204201283515822 0.935251602384404 0.299100560597385 0.153218774945412 8.36681788008246e-05 0.00121874723661299
0.845591033246433 0.825665794823986 0.961552400011924 0.809805221915275 0.99309732964153 0.585116143580577 0.942464142641623 0.998535982361718 0.996305135793082 0.927082978395952 0.994131111462529 0.999986122335237 0.860239590549587 0.454487788939159 0.977634644135101 0.960164931499256 0.676007464685795 0.782695476417252 0.891289833651009 0.861799078970357
0.733111535709141 0.685627567030314 0.944436755349502 0.637914208449777 0.872163700602909 0.371706085054108 0.369309156144919 0.943327764352016 0.969437447790702 0.932603185333267 0.98851364374634 0.991961490088378 0.610149756582114 0.554205855246827 0.923299727136757 0.999219162284065 0.719542065331871 0.853422716965773 0.942894449091477 0.99939191043412
0.0184902174060818 0.344564049693953 0.108045271075548 0.324200780026729 0.0140416054789954 0.196392707777743 0.0104520570594405 0.00396852295238277 0.162365326155999 0.0128594402123239 0.00318942398836639 0.508708891513506 0.0169414385869217 0.013426574794555 0.285806669989132 0.0979043734856532 0.248729639260731 0.384398894577811 8.09785154698264e-06 0.000599707662008062
0.580840817110451 0.717259583231195 0.731974924565573 0.75365380548034 0.674809901760326 0.867438209943078 0.272081106147232 0.692977923697812 0.916081135596885 0.952383959183401 0.783273917906197 0.483181689502825 0.411512172354975 0.244652349237641 0.945801790632137 0.954531208267403 0.217580381360969 0.720790435892873 0.955186775170231 0.000206590020182988
0.0169603700966068 0.513060843909585 0.112207001195627 0.753826791981942 0.253532644505613 0.158182342554794 0.0255212562301296 0.0157703508592261 0.0870673925056742 0.0397126646639949 0.212162461134015 0.760710592838354 0.034944284399817 0.0233298356193055 0.283055037167252 0.0303429687946309 0.339974035656911 0.523135262548334 0.00462706627694073 2.01596938854839e-06
0.0279609773493567 0.475032783227897 0.199006560313196 0.601534997114358 0.0279035151626455 0.136817969405424 0.0956132103816017 0.00534592124776649 0.535273800428305 0.0327510193326339 0.101492990311374 0.170391330132659 0.0255929398530199 0.0677479420288442 0.176176171170745 0.158411546162238 0.611326480526182 0.468427380575882 0.000359568443852981 0.998707537162942
0.0173970349981769 0.445447310878586 0.349407759610928 0.438054163450632 0.00804562474009424 0.74254297827895 0.0343256381646412 0.1083969625672 0.517738331758699 0.0221394012853639 0.0157257405362563 0.0180589416270347 0.0138580692853101 0.024575992514588 0.542587424393149 0.842145364588262 0.537268417499973 0.324725743806395 0.000832174127667819 0.0465867974789089
0.725353430123524 0.621846461969752 0.746834182162316 0.919402725320841 0.99541982014438 0.424413809151709 0.60488017579528 0.989545138807466 0.996724380261604 0.96148095722702 0.929684727249791 0.974452810432006 0.658766198053954 0.535397402636741 0.866558162377729 0.998228123952863 0.539643386883023 0.79206989872025 0.934944663261372 0.999999
0.0549417127700992 0.610606296884409 0.630758531729946 0.627633386402708 0.351080666571932 0.263894848632392 0.156524159705345 0.610512501102636 0.869746992503282 0.577568295886209 0.0813833342604245 0.883115716262033 0.127874176923158 0.169708286986652 0.466114582434114 0.154788001451289 0.392238247490634 0.490597212567404 0.0905534810304685 0.990856745021756
0.347872238970945 0.688801780716 0.828964651557129 0.830558669740057 0.935361845202699 0.881902129474772 0.210518026995977 0.99186485428055 0.988638230241996 0.927891240172481 0.719213124265226 0.99962568504788 0.375108637296665 0.383224065760001 0.948666277769858 0.998619042283142 0.770987100147092 0.59006961755479 0.967606861836899 0.994344470029895
0.0361541098160734 0.36532017936616 0.744253489167783 0.465799650697489 0.0461112957357137 0.684641491991498 0.0475294811206233 0.111882588965566 0.32474650080114 0.0100748173299373 0.0226386164654981 0.412082183150666 0.0519141414775886 0.0524935663314037 0.184633912253774 0.762674074865887 0.589285604181534 0.434523848788623 5.94841374671595e-06 8.11633378571317e-06
0.180994988939044 0.534158482255856 0.614454427080517 0.623220311264594 0.342624187461357 0.248451663478908 0.157790917068986 0.485343606192779 0.305364049373924 0.128907311254526 0.119296008912998 0.966122320215922 0.118066942857293 0.0674449193427635 0.637564054313221 0.502994195898172 0.535836039395609 0.670729199461466 0.0505028701983175 0.999379004924852
0.447214770715913 0.750525537175589 0.951259038656276 0.843373803239162 0.835700007624771 0.585341183566771 0.416653998741361 0.974310542094089 0.961154974918213 0.942118173180372 0.811513226622674 0.972241355268145 0.472327952980563 0.383980611450598 0.953876037167366 0.996485080590974 0.415716644347008 0.746623533792093 0.99866874649609 0.999934221068332
0.13530882132589 0.691276399956137 0.852937197483214 0.704272538574359 0.166429064284737 0.688412762839013 0.0272628660348757 0.533338713083872 0.927492421346025 0.0730660567234202 0.150971941868963 0.429899245444406 0.0889184119261458 0.0509177694323431 0.428216643329238 0.0556216309717783 0.639704640087097 0.351536720539329 0.22725315108655 0.00857202336438456
0.0922142740700859 0.600049880583625 0.162349368861547 0.338481600758121 0.0395736194895133 0.515930123492611 0.168963008755544 0.0870752183334983 0.925188092679482 0.161224700441574 0.246903616592051 0.999373531552808 0.114645259903596 0.0610923094162938 0.128133743764581 0.959969154773169 0.485305113938229 0.548015212539988 0.777070007771068 0.999916738827098
0.276329917050658 0.683406343472846 0.50341457486737 0.804734738159507 0.893761345399871 0.316764066666425 0.0926366759791097 0.965544244264069 0.22443119983512 0.685018341107999 0.805829504834782 0.995836095593986 0.474315574378428 0.115303730162448 0.899636662435165 0.990984516094084 0.723903074450618 0.7611743212194 0.295532893967623 0.993363970637509
0.133275623865681 0.465186446923575 0.43058484372311 0.504944400302287 0.305065301488905 0.130783978474705 0.0155693278237346 0.0981664140279359 0.386770774553586 0.203725900380738 0.0851474721376321 0.2017648482953 0.0500445655856982 0.0739284662239721 0.373271747449367 0.962668429471712 0.236454244166091 0.642660576237001 0.422961528675418 0.0163341147203624
0.0296037526716214 0.439034343780863 0.824591207681626 0.722825105377839 0.0689165011944074 0.261498614066581 0.0624449120685866 0.0221470902203244 0.00199771152857416 0.0294391521406059 0.00395879384988376 0.190051666009947 0.0163508944910715 0.0737391672938238 0.159770285577834 0.155841933053041 0.166615916211021 0.319565338272401 0.266270339804157 0.542828352395183
0.321501916548704 0.622176621796949 0.336957994993246 0.738583470664243 0.903013229930962 0.278968726066356 0.236424690630239 0.968060959743169 0.956699177085199 0.797622259992233 0.942480419410559 0.990975276173885 0.248252645340805 0.154829887641385 0.606062396861369 0.761904781847908 0.544246004710712 0.773760526991758 0.026800371431554 0.587588719050508
0.046833664134179 0.410220088166243 0.652638347885417 0.40981203654732 0.0420557308743496 0.317176362839857 0.0984507255901831 0.0892189191591935 0.0519993345470225 0.0235270228193296 0.00555355359698756 0.810458743749099 0.0266570617893583 0.0496356201608476 0.062426016168132 0.573136802797265 0.379266341451022 0.223562572897555 0.383505657149915 0.999449332079843
0.130404087845499 0.571428466142556 0.174331805947298 0.731618194617597 0.668175125878669 0.24313338482449 0.133680178004334 0.63122648315054 0.792175622151218 0.437708903594276 0.497940882874741 0.667150531121957 0.160841468967737 0.0838585863116658 0.706363335236446 0.996590156839566 0.783096856740756 0.400951893100401 0.0609982996645611 0.0190675039774718
0.267115563447915 0.662305069773223 0.836177064654335 0.389283786807992 0.830239355136789 0.54810644340122 0.226979784884986 0.17371190812847 0.17771230879298 0.437853927383247 0.40615222325609 0.96917969246306 0.0885836173246247 0.205474042653632 0.861439222714682 0.900752408745499 0.630590726034561 0.499457509538408 0.782487003088376 0.0251396629897225
0.0445674326006643 0.477631889923554 0.0207789625795043 0.76922612829483 0.024457967614182 0.13883239465121 0.0080178066368605 0.0546862883483522 0.0167393083619391 0.0262590907545548 0.00366237046252314 0.641363960317512 0.0310152944169755 0.0186946287064058 0.430197893277379 0.560027138749205 0.276355152966218 0.36112617703606 0.00657579724851575 0.999737330786239
0.182680126061153 0.589855223779492 0.88516813576612 0.738367092206941 0.0996053615605435 0.135447144778055 0.281518617603716 0.165543060739674 0.100677703273344 0.157177456083653 0.264556622715635 0.981051686218571 0.290637337976388 0.0594350085879882 0.559474013288391 0.981266397271013 0.505263614040163 0.633030150168913 0.0107090715327822 0.999399154113258
0.0306194488367471 0.357861425469017 0.0394721327668696 0.440208879984285 0.112784249633475 0.343624662930581 0.0271642418756374 0.0193601619105797 0.0746086255742467 0.00673250159165536 0.00542250766130254 0.46277870601104 0.0406922704464731 0.0209494494947007 0.11072378072989 0.0372485925005379 0.402980024532483 0.195375439381281 6.02558289012103e-05 0.00110401142877621
0.340137235251786 0.683667563079123 0.356090665695928 0.601993716784309 0.277162835572937 0.125089432326255 0.0819472064194188 0.418831158755526 0.00505324804329489 0.601536587555189 0.147303411392703 0.949900610692424 0.321244193452667 0.149088723202555 0.787191222847283 0.960168914457508 0.347485803664082 0.64390929686742 0.895544402497964 0.170127022220426
0.154695682551151 0.540100701837353 0.425672379173331 0.580071057783558 0.967395031274757 0.456879514084457 0.0282210410364277 0.616762802889108 0.726175193756055 0.47097754220368 0.676784851775273 0.899712969601257 0.271946082672473 0.14085841853856 0.871889798857343 0.995366148055797 0.508136162220444 0.644645012365912 0.733492781998292 0.921890074191081
0.474780543658782 0.686609474431606 0.882327432457814 0.677023759969184 0.843125836725769 0.334896408494851 0.421967739156868 0.934042907279564 0.950467686134693 0.866815060960655 0.940049553619063 0.37184356851917 0.757625266151907 0.474283142314689 0.932969958151775 0.577554522772146 0.630231514063346 0.759101032788447 0.0673899884331593 2.75054622420104e-06
0.336081095776418 0.673530365124251 0.240839028973446 0.716074825390264 0.868188709405108 0.280683713277643 0.259552666278094 0.914682021216326 0.570583528945998 0.650209690000646 0.816339438628816 0.992217683146346 0.203742622356469 0.30867655172782 0.813898709740632 0.97583400958995 0.717929780083269 0.538723013313076 0.0353503126949933 0.329271279529266
0.356375886090209 0.726706610916818 0.663642806276454 0.848291457502096 0.919593254257483 0.481815414706943 0.163290870196931 0.955603538827372 0.823549327060136 0.954718916590114 0.86647980109112 0.992619295695376 0.518187955653877 0.472239282554974 0.9397510918759 0.999904745777745 0.390050848547247 0.692629327103958 0.0514087024538774 0.558849021805338
0.24649557425765 0.666595091913872 0.0994234910214571 0.55430757935987 0.240892923055553 0.595028935110794 0.0627274670848549 0.13934785525404 0.105061057994163 0.461734636536899 0.5904703483546 0.976774504275883 0.25117318531197 0.167373415991576 0.3974307378825 0.975741434051108 0.388041373733091 0.356685414282326 0.00123431530993418 0.442099746506009
0.517515853424559 0.745006753926103 0.964282901299406 0.70956992773763 0.967946688478383 0.496711141298849 0.490897925667416 0.895470521754513 0.992438606939053 0.975806824960442 0.973836848301291 0.994116241980551 0.612501358520164 0.398563294287996 0.892912628148341 0.999448440128425 0.621988485893002 0.50223491771782 0.000176695443673635 0.999989329263467
0.175884568382807 0.4924616443831 0.623160625151386 0.494250222821643 0.583001178156048 0.361889377350204 0.178698245010342 0.758949890955885 0.27317003778748 0.100227227445172 0.0990749350001397 0.514437962054121 0.594395191654526 0.187586046755593 0.656189510992862 0.99507518286112 0.651240586407597 0.540508329449491 0.0016780827890528 0.685953448361093
0.521423798156337 0.720675703422112 0.200724877574036 0.67900697574735 0.789555029732156 0.502918895797792 0.613865977380363 0.995107465720581 0.840986089947548 0.665568973073433 0.915903924924028 0.993619284074018 0.611676802445199 0.418473515880909 0.902859202584367 0.988896344919578 0.384697791746611 0.630305857835172 0.00775153566974785 0.36236695835685
0.0181486703857525 0.499403183134174 0.094511744320946 0.595960337694394 0.0113619186171702 0.561525433433822 0.00298089875960936 0.00650867780168469 0.478831761059847 0.0104736563853982 0.0012627938484909 0.0312593086068958 0.0268481584979495 0.0288408015491127 0.0529941378562595 0.149434199683977 0.210516922461463 0.27987978402429 0.000467197836800002 1e-06
0.27055557784153 0.523401448837404 0.616975085024248 0.863014029624492 0.634701793791393 0.689765434117933 0.171770041128435 0.842594092423595 0.291513489073046 0.70938484887948 0.221985279176632 0.939382059171231 0.405756203439283 0.211991397050136 0.765698454051654 0.933643599084815 0.568520846902851 0.49870137046637 0.506227909149837 0.029706799940742
0.173287860246169 0.648057923207412 0.122470340445878 0.507131600545689 0.851006630793757 0.155059593578283 0.235907188596581 0.900693141889073 0.994466719875497 0.515734571047054 0.489739228994526 0.88300528411392 0.445608718337554 0.213101038705942 0.857541306038413 0.997683865757501 0.724274989615127 0.558113128752269 0.5880170954443 0.0979655887672006
0.134153335859417 0.594589884107262 0.349290792773211 0.511829691534629 0.545171082382283 0.15697844894659 0.0685862072527424 0.546640546114183 0.867290290752296 0.187519667370548 0.151415465896701 0.803034197834243 0.235356617240345 0.06835030681414 0.723298840571183 0.873831728471282 0.460212400567259 0.357569062758298 0.674232662848451 0.397152815627859
0.469636979025558 0.695968743984597 0.922183911414722 0.596674666836921 0.927998662213618 0.784763050533662 0.768320758907907 0.985828366908346 0.141315516865202 0.943390311274253 0.938966415132601 0.988443852247614 0.665743022563918 0.565931813234319 0.819409757936995 0.999920696086631 0.590099061702369 0.692812973184373 0.00318827336251132 0.442364735926063
0.370261884488586 0.613025151746524 0.249244576567424 0.784541240697705 0.462359766561551 0.697736740739374 0.0568885776599895 0.786449065029716 0.440931226930007 0.580363100380156 0.890302240293409 0.646181597394242 0.0718794692448902 0.0950401225634349 0.725589549595705 0.988681580315215 0.642920617349431 0.667695602770122 0.0141139341516566 0.999990859494428
0.336014379373367 0.624097863680014 0.445003700969861 0.767292618106399 0.718653982478875 0.422712156141471 0.375674553913009 0.909002608988691 0.988979410611853 0.9049408779564 0.908212293974057 0.977561684438621 0.630248155003785 0.293853922540315 0.535950403820189 0.996514902988476 0.707786197874218 0.634459031164973 0.00124319775063551 0.0214748628882573
0.0797693148073985 0.579077907426088 0.530185110569156 0.520901088873656 0.0439849561453891 0.0975515555446428 0.0233639154045044 0.18912929482197 0.0288261704792224 0.0296682221479604 0.0337682593067648 0.970465595591268 0.178862040076172 0.141748224268831 0.145010880909564 0.102907083223053 0.292199876130365 0.467222369809545 0.0444112769758338 0.737329778166692
0.638361428057299 0.741761327162882 0.827376600925215 0.710980908913836 0.991679974735217 0.551530324850339 0.177153276615238 0.992269328949329 0.941657142438209 0.960168402834584 0.975525681640722 0.992530183839466 0.643455684215597 0.371742230174908 0.987572805611563 0.998163625501004 0.789807604832453 0.687399275960463 0.0490649910274288 0.999142446843638
0.249179010134553 0.511170266830419 0.241549866003599 0.422672155604207 0.139282310446475 0.24186938896218 0.0352774152482882 0.00576336595396214 0.352823007429317 0.0917130552562811 0.030698201719293 0.28192949754556 0.0682036438004485 0.098039881664726 0.508449120539832 0.0930078368861678 0.303109143176436 0.210458442417928 0.000182201679426302 0.209220523352865
0.0474778121439844 0.586835127804612 0.77537269550206 0.775449512043875 0.66596660228328 0.484842953531719 0.027850116427102 0.63869529223435 0.112583930660563 0.0721317603009622 0.119462968238256 0.157993731534943 0.0792509392797786 0.121232655065775 0.721800358779245 0.962936050033276 0.692667822088729 0.32113185592513 0.293677751118366 8.18516980044436e-05
0.920514435376163 0.852516496968958 0.772795661005645 0.7170784209184 0.995476354127627 0.61929401108598 0.910171238987027 0.998578504429322 0.999458346156596 0.997931896823453 0.998269169556753 0.999983521344121 0.944329191041196 0.741183530056507 0.929537911492655 0.999961268929516 0.881163037073402 0.884918852436099 0.889049500250677 0.60825884490939
0.360953273797874 0.612181537227799 0.702115858682522 0.594593581188552 0.966124207630952 0.197869145607215 0.0704901594306266 0.963589689531285 0.998889875362592 0.463674730077005 0.969315686852023 0.99582581224272 0.482446406533732 0.406702676269736 0.87050034202683 0.997852926274496 0.835465510136252 0.775740218008562 0.482765178122507 0.877743691247844
0.494591964694697 0.754049684380375 0.737078153350366 0.760495059542148 0.946389208811123 0.105366406153063 0.358685180702839 0.980084697371209 0.784923394928518 0.941010397738597 0.976815122522971 0.995681928287067 0.643999866899836 0.473189407667903 0.9676746918535 0.99998386832486 0.812994939426084 0.783816880022911 0.956094291974241 0.878405790241125
0.436073765040038 0.705492509961975 0.509270832698685 0.739263568360394 0.78353609479043 0.644658473167093 0.376188201325139 0.9172085941102 0.44505353327883 0.644753582353115 0.756732057277088 0.989526634500216 0.542885990002789 0.273773368248879 0.668377994770901 0.920624171122192 0.430655681173962 0.749736490619119 0.542018595134479 0.99761656708099
0.0464081734526984 0.430645451809682 0.0664940175605472 0.612012088426361 0.168567320040279 0.61536827974759 0.040109551065426 0.0119627470275409 0.358877022085583 0.0254669892431711 0.244186842304841 0.589335151612436 0.0517299828524601 0.0229060411393008 0.376398634592357 0.203542033329059 0.186617217822936 0.55614712669312 0.021647583609926 0.999985681640145
0.358331833060564 0.72043098151637 0.611134662616143 0.610644547081271 0.926720790661708 0.460441074305782 0.584944549829754 0.952017797460912 0.743600027735348 0.823031353541525 0.662801581820133 0.895336740808379 0.569726579957423 0.257048631655649 0.809887707298066 0.998363082368786 0.666789003800349 0.780817802732674 0.0434161820932168 0.980923609767166
0.372410260886882 0.687559177268392 0.20435862237928 0.400987245442311 0.929100329673891 0.741878751182762 0.0417727442594941 0.640365373282837 0.944712027450586 0.448560075902194 0.720170535222682 0.90124084373175 0.243097124452207 0.102933743089276 0.491365596949018 0.883820617936497 0.465866740317911 0.618640735537115 0.931932012743942 4.0694388221632e-06
0.200076591704051 0.600226457698598 0.556014526980484 0.65141155819709 0.794245993369131 0.19853464080549 0.225972431558139 0.100716482544665 0.508422155035482 0.178469086608015 0.292921541342763 0.390412151702414 0.0900931484592995 0.302616270613164 0.85207300856328 0.239552795567361 0.531419357040636 0.506185047744088 0.0016594919370742 0.0436406704028185
0.0968184329908856 0.670019152803607 0.773969084657272 0.712963702110765 0.274754451469607 0.883421542363586 0.191603606681159 0.676061993742735 0.350768793493381 0.198364348514588 0.265831871699261 0.991394912645169 0.504490753707658 0.14896299081708 0.226103291791843 0.602250064790758 0.430271923894183 0.355093641913374 0.134904542533728 0.929381719156064
0.286365128916488 0.726575878879275 0.65472799619033 0.801730907128341 0.849642606179191 0.380835041636871 0.748608672791058 0.985538563478852 0.987409266107484 0.857711700760128 0.918470390931071 0.998582185510644 0.444108297977711 0.203331398168376 0.958597259497088 0.986051649741972 0.84042688720568 0.696132505002953 0.999557054549741 0.668768869262165
0.157123542384391 0.635076216598036 0.336475084526433 0.426257701951047 0.296354827715161 0.476162682122586 0.0308932217176219 0.158855237968257 0.816115737165073 0.109654563390323 0.376260540895257 0.493838310027643 0.307825807914321 0.082101504411815 0.498343063358782 0.942268998666643 0.223963463360134 0.511164731620657 0.00679447306223599 0.000227483887938993
0.0319111370318732 0.52453201851479 0.0884107306372995 0.69272565839599 0.503702537835052 0.0555222413409997 0.0460341379818755 0.00919900185754865 0.0172709698950246 0.0199669160994798 0.0554394769365238 0.331968056464223 0.00665285661276872 0.0466597199155989 0.201078724743305 0.254011011756207 0.433112815622285 0.375147551888366 3.22583734690329e-05 1.29362367069754e-05
0.0869124278354152 0.475275160431424 0.546496040962839 0.458111588260806 0.235089139417273 0.0805371991507081 0.0935241341101691 0.0378072274893525 0.270692716808824 0.0600317668803501 0.0527447912644802 0.832117371717294 0.0976002856648658 0.0435847312746634 0.631030652576361 0.976272792424813 0.54442198714601 0.55401797065963 0.86724431269937 0.00415478900431576
0.297545140543162 0.633464855737597 0.737748458032198 0.658297906810111 0.700395950556251 0.711364771323645 0.0846302625919926 0.816513972097872 0.868346014833503 0.619844431499971 0.601811791836375 0.971208970141692 0.204057348317493 0.055377621584507 0.554915703168685 0.850297578041073 0.406851144039718 0.513913669099353 0.00467741501719745 0.911264844402898
0.0603315027436325 0.633595469606214 0.530496299427454 0.665850880404857 0.707855707112596 0.369582087832881 0.214683190114981 0.684896894612265 0.254501622357143 0.536150110471539 0.569016297670055 0.573372050394153 0.177349035932131 0.121987074371882 0.757822577827424 0.849703764555787 0.44665341250548 0.379382723763551 0.0739599748197246 0.0108315385298379
0.146396256225499 0.646950191885584 0.657824447534563 0.59471436377707 0.288192158993767 0.319223348646201 0.0205054188760643 0.508872596320705 0.370559197166495 0.186996399381345 0.732107350776748 0.960130211823103 0.23527501718256 0.128616350349775 0.4883205546108 0.895761316484835 0.33171633611157 0.642188030929157 5.57321647759407e-06 0.277166049686451
0.107851433711268 0.455998966923118 0.492842070888942 0.533570388415438 0.772537322912883 0.442447446649127 0.157411853618911 0.391705700526959 0.0600474091812132 0.516030278633083 0.603872656312238 0.94062484861459 0.11497545071451 0.190419509978809 0.276901276460427 0.587497411224486 0.508094881373607 0.631225555838055 0.0104215653071205 0.9999973818465
0.0652974190458883 0.661660890186539 0.170989475598333 0.357321191035099 0.761216645374748 0.154757901054416 0.00791274184379829 0.264730401420358 0.0131290776082409 0.223192736673075 0.146026583900045 0.269095404824256 0.283094287720687 0.0786073168444154 0.644699979246779 0.914771675660316 0.102563557886653 0.255007509821961 0.00514639116694149 0.0188781163567212
0.0573074467980978 0.494674065495384 0.579623151860865 0.542442527209892 0.16717256653657 0.43100551008603 0.0324683315603871 0.526914628697183 0.498851524330339 0.0739907294562991 0.0708777698023741 0.87867703359247 0.130561291549955 0.0502522741409245 0.449167993040193 0.99247113607567 0.725320543828903 0.513041180326116 0.997868474355559 6.77075962696257e-06
0.213866388858228 0.564637474567465 0.683007423894898 0.484346548248905 0.70182733826537 0.522257299802767 0.090406818349632 0.779125708783171 0.917280560432878 0.0828514708077744 0.659738810728374 0.36172712373655 0.290942257764396 0.084406475846302 0.822805373709832 0.998596578171351 0.515942927182017 0.395333246932336 0.00454019648335981 0.00356884679740208
0.363492456551545 0.665617549860437 0.592486818213461 0.468124563398492 0.974718792743638 0.420224775525815 0.0958669836700432 0.800634978273184 0.898516496077177 0.768029879975685 0.478279266178042 0.546561687603369 0.311815491622405 0.303040733325044 0.765283586548996 0.996519861331427 0.688085886731116 0.53457261028505 0.722682037037263 0.0112419121885728
0.101669810071184 0.508954665058677 0.267758835282911 0.434339860805447 0.192791296621526 0.0363919162147927 0.112489216094327 0.0159571150815003 0.277755548718153 0.359245511793727 0.0192730104076548 0.987651313934637 0.11102163767606 0.135458863512645 0.536718970070418 0.786348424539496 0.619743176189431 0.337074590606391 0.288075546219992 0.759954041601774
0.292935553547039 0.590580340982774 0.614390341172425 0.611358137120939 0.826205308566895 0.269048204246924 0.0266573277322157 0.27936203019996 0.107879023754489 0.309120722429449 0.618294319353294 0.662623462779269 0.286206777027535 0.188131715855046 0.583517477153622 0.999886359742878 0.570552432571887 0.608113776571409 0.460179895950443 0.000146225246935931
0.300079484457415 0.562579012932629 0.399584748054073 0.276462269353867 0.33981646255371 0.369500692764501 0.161205937923392 0.806952750523472 0.556671643758317 0.104535382220411 0.457126332100659 0.878797156501907 0.260475388348122 0.110302488629266 0.387086702280418 0.901098821960481 0.591141083679915 0.363137002531021 0.0255480377033191 0.999997390555621
0.0401663539936724 0.643261647022627 0.844910965986271 0.544676715458606 0.423866180567356 0.751027724836718 0.183065839479066 0.318715423178672 0.100748405648559 0.16314129745118 0.429966010752072 0.859511200261759 0.125429254144638 0.117071141182181 0.257525455249923 0.914531551227146 0.299408396988993 0.376488765956803 0.265369429606835 1e-06
0.407199964339176 0.65302451611483 0.134393394690538 0.459724132521369 0.290170284314914 0.180964909418103 0.0679528490916569 0.30528363004628 0.904669755570448 0.421434647655129 0.427695649087689 0.932215407635514 0.453375186875953 0.176593133696129 0.748875206212423 0.852104376670114 0.391300616817692 0.612489613084381 0.147350848451437 0.945163295872487
0.0442265106221049 0.514289329830746 0.262347921663985 0.153589225596727 0.0140958131193885 0.264857195726286 0.0260130059109848 0.00250077721296088 0.441388870134365 0.0657934251228551 0.0157116193845029 0.669202512661159 0.0248979071094484 0.0452837643591033 0.0562709022064275 0.759708893624863 0.718097602377963 0.293386181112464 0.00690703395873796 0.00214913344804355
0.0983796538968755 0.628116468884957 0.154067186331946 0.437295384161798 0.309990953854959 0.220252333712085 0.0641198692964722 0.0867660459931429 0.0850823727981709 0.0323960351803883 0.0119208426169213 0.969901201145013 0.053328666905569 0.0557904871539374 0.507354206419656 0.974331667611436 0.383917620474436 0.763607755295293 0.166224604123776 0.000169727425814095
0.0620111522295608 0.493041276578375 0.408144888814506 0.515641151204366 0.25466566537321 0.472690819830321 0.0192088847908833 0.377462595679815 0.084723061649786 0.224947161424572 0.0228369633549049 0.689912719913954 0.181925602952917 0.0799743947526313 0.670413489885977 0.992565039826713 0.363625986274515 0.315754109078196 0.00258036626810344 8.88642178756253e-05
0.168862415992685 0.557494106228033 0.413267702417418 0.727485625565608 0.598806260903349 0.401703458859362 0.158124966560128 0.723530541587285 0.533151192631039 0.0842966475909022 0.0463445881161656 0.9609002713951 0.272916924173179 0.0504560620820587 0.215620803217031 0.803655907201402 0.781575702570276 0.605457989186793 0.120055962855694 0.0363403883952462
0.0534435514714375 0.653368413356067 0.701611151313936 0.647181196790048 0.677918046015872 0.245807745672908 0.0764736952988891 0.566854790544431 0.148448905431375 0.406916802710355 0.536780810067987 0.0712001366747753 0.204387829340288 0.190045498188776 0.827536894806168 0.952675688899383 0.360084224616324 0.801357575782178 0.180353662369641 0.807985136095206
0.251175418325454 0.593584640222601 0.0993720540837206 0.878013388012106 0.859934654730914 0.260963132427954 0.418382683256491 0.726663954908076 0.88561705896473 0.626082761922759 0.571786289796186 0.903284073623364 0.297600852645646 0.175149123378122 0.76435012650675 0.399366246864043 0.606170908171271 0.729110479728178 0.980187938663786 0.0011216935158775
0.559238385321493 0.765751811087797 0.409912730024763 0.703047496528653 0.993848178801948 0.334455220639745 0.578994681951004 0.846387927571146 0.985733275612707 0.665581555903995 0.949160315631113 0.966527971010549 0.689559419943397 0.284758870165967 0.941051256061442 0.948026526412092 0.3962401534758 0.674888445455066 0.761028994982376 0.999843654791102
0.207956077641794 0.46344689765318 0.751426694121503 0.651954603816265 0.600805886275411 0.38529835942497 0.238034368576516 0.340196730449399 0.550445257739983 0.254447027337347 0.370295345112775 0.684162162392998 0.14931314146086 0.0875455352899872 0.389025605849998 0.67190896154114 0.681299060362837 0.235677140592343 0.726165424233091 0.865452660474168
0.0377882074919415 0.586731614872912 0.126997709153067 0.69678082415976 0.0422268910001591 0.160516495902982 0.0195536066035011 0.272621638184295 0.440139020155106 0.115794998644149 0.00499167852402732 0.737562522858669 0.170345237468818 0.0619778886712941 0.0869886334113874 0.895918123826304 0.290297383739925 0.456161862680568 0.0014186551396366 0.751056807811201
0.0677861229229637 0.560993480837928 0.637190102722304 0.699781665159749 0.437266649114058 0.425796577942909 0.0662943524307133 0.394112884391539 0.512336961539914 0.0717519940646759 0.0359840923607344 0.146303843072441 0.118956961962436 0.163751028766698 0.443560817527469 0.675576765800819 0.669017718527516 0.378660355072694 0.00854876753178859 0.999056084090102
0.0397081896690664 0.504241038601681 0.415730180112736 0.538258359504228 0.0492516226334486 0.768492676775008 0.184397926787239 0.335272319916295 0.222847267864548 0.270626186719023 0.0526301793769641 0.256655822840357 0.167966892502932 0.0575574988323037 0.317912539661614 0.948956555085758 0.167774191382554 0.576287819077447 0.237572361906848 0.000392107220340801
0.435167746145132 0.669842912872137 0.8726430174714 0.754565513223715 0.925731340906829 0.262512622865704 0.250436677739925 0.868621730116685 0.254354173028818 0.884885714822526 0.731830190912096 0.96385450225369 0.269999728457254 0.253178182415382 0.848339519442279 0.989284854894542 0.663719772038165 0.733733191057744 0.00881042678687083 0.999897545311005
0.357422191905803 0.769367662971756 0.362287265516574 0.676860474701134 0.468865146282838 0.500815468049771 0.118094977711618 0.451739639280724 0.939475759739893 0.84825931750887 0.836546312329752 0.870758891457731 0.480297935606619 0.207474899315644 0.877445323918878 0.996670006989351 0.268233816603477 0.610198563895052 0.166873885462069 0.999999
0.359882747213898 0.737291116780867 0.658845152748754 0.719354527321496 0.877213452170948 0.429014204037143 0.367065473769004 0.958217597590703 0.705035339037836 0.931100324272882 0.864015390516257 0.934806007728391 0.239635945450228 0.175667933927298 0.744574158429558 0.997407781219511 0.402535461700612 0.706022795537568 0.988702798609669 0.99999169723331
0.060929026486327 0.537394048247893 0.552238422688214 0.661461883500001 0.00998353697025141 0.322051675056958 0.0329449999270427 0.16613737254992 0.129957148031676 0.0867524638233386 0.0195681219104281 0.992399155368954 0.0671383653434435 0.0478775934299031 0.460846816287608 0.614134623730448 0.495895748687956 0.116019075133669 0.253462526927141 0.000167048391637083
0.103271593398148 0.502614054397144 0.316057004146922 0.77556321144912 0.208832881900667 0.462871560757437 0.127508914778629 0.0612702743801544 0.71776873151439 0.039845719720585 0.120752604106883 0.953878314160254 0.0665792230802776 0.025846007280844 0.841463442415557 0.0899703532608501 0.574465698690505 0.285301249370365 0.00242747751557446 3.79538854189061e-06
0.396228465358776 0.687339784232746 0.691722751811925 0.592276997894112 0.873228982530343 0.840004558840766 0.429137681353024 0.852781856196276 0.980917911400245 0.916064025327247 0.966504037325745 0.997973213379698 0.77397726581677 0.422767727094467 0.968633808031522 0.967053807470793 0.496715227314939 0.644557764153998 0.9445574838504 0.999453145433635
0.123034298151095 0.487613822592686 0.275794986190001 0.678549348034732 0.78476475394335 0.722550904924993 0.0853547455591476 0.39906106233222 0.459459149086707 0.219491997956751 0.499974899173164 0.979815129641752 0.373398957437858 0.0711133211253553 0.426161510298686 0.702117762563705 0.721562073975079 0.517873693856306 0.173994929785586 0.979964873854349
0.176895428466311 0.506210777455125 0.135758267334516 0.3690982747617 0.495265257249159 0.566038849173805 0.102582227651581 0.398734395893865 0.012018352065093 0.254608833897916 0.130237347263752 0.716795501145913 0.224899837419879 0.0946205886332638 0.543312230610888 0.999677451046839 0.214777352417972 0.500387030123546 0.00163032661822607 0.233541662530023
0.156527076203793 0.606821046391906 0.446938945049225 0.609799670174933 0.108895939475447 0.436633512118681 0.0553863582605566 0.431732640595316 0.384955780569109 0.47627638179619 0.075261648369986 0.921792351695147 0.215903854387798 0.0585749622872395 0.826973694432132 0.998403091616291 0.672371399883509 0.345210513112548 0.000366849438439513 0.000231162190699358
0.126989395741863 0.656985278686497 0.146447817321133 0.528096430341721 0.0813217815366334 0.171269879161342 0.0687732486240056 0.0444629191289291 0.00362524816487061 0.0783193044196176 0.139602740479354 0.75585465514987 0.072994916282025 0.0674198086877346 0.273430868746762 0.671077050340048 0.313867841797083 0.49979563816417 9.07028339187684e-05 0.0266872983403195
0.649914671981714 0.706582708163923 0.612047567222948 0.834677887709296 0.991998423243389 0.866752644226495 0.716515433021497 0.986129311692284 0.127169079716211 0.870460227010939 0.762161364346368 0.998530576819021 0.757851775795175 0.313251291626491 0.975353219944024 0.940325743496881 0.765175444340034 0.66307662273249 0.674103162237623 0.53258484219135
0.067365113865676 0.441246141298716 0.389223963193599 0.586256305463132 0.278878647982191 0.118085914606545 0.0414367102349985 0.479127156088602 0.0390230062166515 0.120822369444136 0.0261697037861954 0.902850737403372 0.117629719455595 0.0675807813933462 0.259233551866947 0.967366093056427 0.350953235544445 0.224161972711348 0.00458182803241742 0.00102009381317239
0.796935628873191 0.786076340986234 0.815286092567286 0.717234717895811 0.99565931802024 0.233360705819713 0.801456675993383 0.983301357477013 0.999107733112944 0.984691288438046 0.99554327280857 0.998347794114816 0.943114874471918 0.520999902321603 0.942986325100757 0.999891672355584 0.724544104262538 0.682620602099082 0.999833794156171 0.169073030260704
0.0763067679994513 0.525026661065249 0.417435746895368 0.604425710497829 0.171061118636526 0.489346313367159 0.0764293161553353 0.105541500814242 0.483445299631557 0.0686920048327274 0.0184811223388498 0.59171758174984 0.0513552845040316 0.0433782303368431 0.446633236517071 0.885359130446787 0.20192844026895 0.3978512641703 0.0548511921230261 0.958196836869416
0.49457644811813 0.691961724216744 0.854726221334266 0.344383047969726 0.95466186280288 0.723293662994427 0.225336308464131 0.956367681655307 0.767910702365316 0.60251258892998 0.863465115610803 0.98031742355334 0.442781018433929 0.235718710580429 0.822264118132177 0.996237263618806 0.570054695890457 0.412403807603375 0.949833682127677 0.984490089853695
0.283128508403203 0.744114579093067 0.5801320743985 0.41289256929005 0.973433565187399 0.414700154509091 0.170553211997298 0.97765498700595 0.89379136868458 0.394746623219327 0.907240311612225 0.997332840377904 0.439029423528105 0.263281087330691 0.918007595827181 0.868938564359743 0.647798869656129 0.812522270434174 0.0389512530312145 0.996357025704249
0.431665405213804 0.677792025913165 0.868015589867746 0.661152782873547 0.909478001267376 0.626296404325715 0.934762776494971 0.873076718026278 0.994794063770371 0.896262010950949 0.79530335715532 0.986700951909705 0.571861562896998 0.343872084199514 0.615684032810677 0.863276857342177 0.530749176108927 0.707373552549214 0.513393282972519 0.961183279385685
0.123463996707292 0.594861443996135 0.708826781644748 0.564692046599628 0.0955743839524923 0.273274524841755 0.119174309120152 0.310966653913181 0.719913890088791 0.320930203283796 0.38583605714705 0.673644392743609 0.0599517502732421 0.110536148775712 0.152305327114675 0.990958384963522 0.412890152065786 0.369526278506273 0.0190542104590081 0.757770716187645
0.13007903065935 0.67898735594378 0.385902558692066 0.601025772645007 0.216578537989766 0.495756796724271 0.246465839534047 0.867103699710565 0.555821587339232 0.207559817408412 0.825461934045496 0.0698366163558747 0.301482617574244 0.178940918145177 0.707278454496943 0.262499873396434 0.31401033286221 0.530765275078181 0.233243640179662 0.915036331071557
0.0166344285061421 0.391476065204765 0.0351630424656436 0.456477854635222 0.00719086349536853 0.0275766237738541 0.0271919850334702 0.0423444418362923 0.0212628408189569 0.041389142171319 0.00591762444705266 0.738902066104206 0.0206078390005573 0.020760555587467 0.181094781351893 0.0624704606599768 0.208846510894941 0.178029207160635 0.00705618877701607 1e-06
0.107386066380905 0.580415967411268 0.0985716487033257 0.900605640518752 0.598056860423505 0.261619801910644 0.0290651542059581 0.234021996947598 0.443068181412894 0.117550222707314 0.59176849191186 0.81387402586628 0.189876537843624 0.135681005925688 0.352533819465966 0.564960650806021 0.326651703401039 0.414396313144324 0.0258829708350149 0.000354958186510302
0.60790882987079 0.652199355000091 0.848359750601712 0.533664624916583 0.911497369347564 0.630677726054848 0.401651897339263 0.98099225389028 0.865911735423274 0.813915194345037 0.700410782794516 0.999857348971946 0.452571570089429 0.224056607076111 0.821674389676947 0.993887337654396 0.552368491667175 0.630016820503428 0.00605565189314525 0.00168372341240556
0.0222758449878933 0.394842622391007 0.282608786752188 0.627763469215926 0.0531620604627773 0.22239800546713 0.0114075181032196 0.086444678293614 0.00123387607762755 0.0180273145124024 0.0197005724652465 0.905221983891946 0.0174627153291539 0.0191010719387141 0.458933012867898 0.019737384156641 0.550505610184314 0.194254682957963 0.00194317801893874 0.972739030297954
0.893439049189353 0.827912102193106 0.988686051384975 0.644897038896065 0.998569967328158 0.847073743054926 0.947570629857275 0.999948471681096 0.99638096996624 0.997510737841747 0.999336230482192 0.999788675353533 0.913885956736123 0.631444940952989 0.930397161440846 0.999996559980124 0.791015370819951 0.919859075525867 0.0165439951865994 0.000448709095234687
0.102875775819703 0.677009798138525 0.491979492755343 0.717254690335515 0.997868172181865 0.703530080830018 0.245513928902213 0.162159803470593 0.96779705388686 0.488273211488457 0.111873674235366 0.668507299064372 0.35093698941661 0.170251800994839 0.742212293666135 0.999153809019812 0.80377877527454 0.566349664538699 0.0311727370973035 0.11149502222932
0.352772096202873 0.616798215607943 0.653859210139351 0.721182373571886 0.965385171163422 0.508956693362399 0.503226442440727 0.917200779193453 0.818108703268305 0.79180305678934 0.950948511186682 0.961535536297152 0.52416455300397 0.318066029074749 0.858983153522354 0.99078191972906 0.446218834107971 0.671706076414712 0.535509334734487 0.999992715257393
0.23044527992348 0.728035998319921 0.813870709003383 0.802433319205013 0.759518483879861 0.670883199136676 0.0417678143970601 0.215000974090727 0.181796873592125 0.212247877568812 0.89319006268193 0.610303297778083 0.305782698262751 0.117164931338981 0.487256817478343 0.878074065364475 0.653993454452351 0.293686987835991 0.724113738830982 0.759264573159895
0.269586022007209 0.669122075146919 0.632842280858759 0.445740672613 0.384885353795143 0.705628547043097 0.331037257215738 0.51700676919285 0.988167415691823 0.266894930630682 0.351584377900311 0.968334938601827 0.261293471738517 0.107750331497359 0.63608850161237 0.996551191112072 0.643117419065865 0.577888580137861 0.175019817127847 0.00330369392540764
0.500789364274423 0.736213623908704 0.507453566032563 0.810185325279333 0.954037773664528 0.726066475055418 0.539221806737562 0.981153347709179 0.984705427634448 0.980312878577448 0.952893695839115 0.998962657754396 0.775245280021275 0.265322105429827 0.976553142161912 0.999682194113639 0.704032924543791 0.614726475711419 0.925074335646939 0.308853919474907
0.0848560919074558 0.470227385737048 0.375790430337776 0.402137746978349 0.578904047171388 0.259290474765779 0.0201215188977228 0.0775329340405601 0.0193614570066923 0.118558194850198 0.0550499353070755 0.18889842693397 0.0769170622330804 0.101203315932494 0.828302448390131 0.681116689070158 0.528479649717856 0.55001050587203 8.37887961627586e-05 0.919287169790245
0.122005890390505 0.483756021296052 0.362403814258628 0.516553749586933 0.377818645713158 0.158077463711144 0.200538645771205 0.038990640378417 0.5800129292103 0.186389037951368 0.433867894765613 0.990129930540129 0.168697214962637 0.0526192980311381 0.489397659266501 0.999271160760645 0.229904021288999 0.564737412498906 0.00180620381438307 0.0196038077688935
0.0541528578561162 0.351101145835791 0.057857108697545 0.545018988765357 0.149489500664729 0.181635716473398 0.0904385337401339 0.00689655761937263 0.0325770305753987 0.00421884112988719 0.13110704775342 0.761865147507601 0.0263760183407665 0.0352151884767652 0.11882918836157 0.00530968792507288 0.719808747948711 0.348409323216933 0.000924680918136958 2.311598465762e-05
0.0839912343472838 0.502933520423557 0.335068661967076 0.314468385991474 0.479173636649151 0.386933217673013 0.0820103563052602 0.0637278455460286 0.818050686617107 0.0945761266145198 0.183468682297297 0.0486490063075261 0.0750360401972645 0.0632404536697016 0.509420244010584 0.996996516043201 0.552692695998753 0.454455212603353 0.00390319952316229 2.60906384047866e-05
0.410268452820808 0.701188416337082 0.671164783918131 0.80422877501985 0.461324570977482 0.708096060577957 0.0758924149737351 0.740975041134565 0.540841137474808 0.498512934772007 0.579511124162891 0.87093479896712 0.249214403206558 0.195701783317474 0.600843707147224 0.97302240740059 0.639218562168264 0.664977698689692 0.00490340683687148 0.206225825519847
0.0283227957168811 0.493124686033161 0.0917814956681487 0.611393086275926 0.119786949390798 0.12548141371513 0.00842754828345412 0.268947006184667 0.0111987443385286 0.271185474583298 0.0500173929137469 0.834715633352299 0.0840833962888932 0.0158569925617859 0.0924451407416201 0.382527584034865 0.497781935246468 0.240672741009191 0.969728798585825 0.998446714982964
0.0792702056094813 0.704298575943452 0.736687703397452 0.672082801449637 0.419756334273714 0.360464510978734 0.0572313209545538 0.0464939307070076 0.81568808242719 0.49166787489259 0.249505502833621 0.629763261670019 0.0940158752919711 0.0355482793012789 0.557699402056371 0.847508108787908 0.555166567094321 0.542279483330086 0.0417731244416411 0.0225236886580552
0.449417083927519 0.753742630747601 0.920537519446482 0.762484309342916 0.861874198510985 0.375215993131522 0.11947442135736 0.863195142480166 0.970179905665346 0.905022548039434 0.788659956723464 0.911160156043196 0.641130673387816 0.355227130873155 0.846935274140559 0.866119409604678 0.320141609256082 0.686047566735117 0.98591551113085 0.973623123170182
0.253458052073121 0.734562094107109 0.78722730617407 0.765005500538638 0.0608645842958309 0.542246170715416 0.286612600036861 0.795501903401691 0.386970523732235 0.481796808046741 0.281865911965607 0.902250955176314 0.213320360548 0.28437173714169 0.81788872886351 0.970229465173997 0.409567550180477 0.635685224723902 0.941655459155688 0.990886811570692
0.0669478173189854 0.591845516821021 0.29095953075728 0.700498288397192 0.144637552660079 0.533808604802768 0.0533054420924534 0.122149580275638 0.156797752737313 0.0357024244304313 0.100426633519063 0.979568894492006 0.0838489325211064 0.0878362129699707 0.445153205524184 0.947431531560553 0.382155698757479 0.264408379295246 0.00150342620660056 0.192659919815433
0.145832286363197 0.590454669721478 0.514811295998324 0.686297780522451 0.239835048635504 0.187842899612428 0.225850318045773 0.448040029130457 0.596555202618946 0.474213591760752 0.691080044312964 0.889488868531421 0.160261323750427 0.0944985814861946 0.791403273685477 0.959623912427603 0.639225001631304 0.496895481605526 0.55166890647961 0.000146801625746455
0.172203822552215 0.71614960538196 0.529116818667587 0.695422019032181 0.477804709482438 0.391980392792457 0.171286404665394 0.313550920922951 0.0851686997684538 0.431555121506063 0.469726851285503 0.997310879312827 0.168904146056896 0.0853427196000935 0.879897987463998 0.996887525507079 0.42089635242037 0.609211006600097 0.153814054363215 0.531878969660521
0.0635691613522777 0.522861695063909 0.226097395196371 0.590353441651147 0.0848045616473069 0.672715261916913 0.0367781841272589 0.0159724393799569 0.931605005683244 0.124420456042642 0.493042334843315 0.490002547954861 0.100285316671977 0.0626978196840121 0.760662929625716 0.855874379179744 0.259790805225894 0.675508244417817 0.0166871510217652 0.00312647488557945
0.221398007463825 0.670706833759624 0.442465869899459 0.701500888822791 0.701396695734427 0.469274452132121 0.106919614385867 0.638631747920439 0.55686950446281 0.328250559736954 0.759605945729208 0.986364096421934 0.245612719776778 0.0939281809962506 0.808971471057235 0.964038042040135 0.492444977114291 0.699198888723379 0.516001065712363 0.00555679661047525
0.651675429299634 0.748977047602966 0.760383158533063 0.530250269296984 0.969299891885011 0.688905377196806 0.84124334417941 0.828114265545365 0.926703833650628 0.971740838585604 0.981566021529127 0.999610951099916 0.722762180103095 0.700665236959464 0.950148631134816 0.999883947569649 0.766233936636026 0.819446513439204 0.0254948413479561 0.992774433383815
0.18626542324688 0.702213580177339 0.81713458944365 0.693178935313578 0.804667573051484 0.408795276108703 0.454350099716657 0.925302526566956 0.221202771392701 0.738032852592849 0.779573230797462 0.676004799866135 0.418210387952518 0.333265488885551 0.642519621798471 0.97180525975444 0.589402743539904 0.819578381220337 0.28161060501702 0.00484020128081033
0.210234770122201 0.614037578851284 0.462795262375756 0.57670982597953 0.489796949316632 0.541182445555943 0.148180585531261 0.253174368578411 0.560673724848558 0.379429824441167 0.206749429026504 0.989821258468779 0.134691214170461 0.0741311335789696 0.807891978637649 0.590195478206464 0.577582665564103 0.20878661362426 0.509004147063558 0.999695647878975
0.306199190115519 0.58885285549571 0.655523967015476 0.636031989325797 0.0962431130776767 0.441030801440401 0.0690100066096949 0.42733190290562 0.0021300183322852 0.377957607007366 0.506880777326066 0.96062776527073 0.0804035851668033 0.0877064188572393 0.333953003488861 0.96124927063074 0.737934408871692 0.260954622180879 9.52365803151911e-05 0.188796278431517
0.0810221746187949 0.550405433469225 0.548978969803147 0.454006823331258 0.301854158858374 0.152387468247365 0.0799074009383518 0.196471674450761 0.197171858016166 0.421510488545193 0.319244183410344 0.906813579747589 0.193583246516062 0.0841270243058762 0.643122007282275 0.986326768719599 0.298129507044927 0.45679708335475 0.0986266325527285 0.000249991227914371
0.0891463870494767 0.452575788848745 0.12624131655342 0.60786834673585 0.0391432003632493 0.784985228114337 0.160904775123645 0.121203550818285 0.969326326621046 0.0581526457128587 0.018370455088082 0.944154258669629 0.0939946098815537 0.0779180122358935 0.581475477801105 0.00646352942583097 0.674416633435591 0.283609111384349 0.0409336764855741 0.917942301929569
0.386098434408465 0.706508251548141 0.609080525235931 0.564599185975468 0.859443934300434 0.270640136243515 0.390413893127678 0.9472843236119 0.935097062917525 0.685867914440642 0.953150877829128 0.993252368295859 0.500763623769285 0.131352694311626 0.846257279948167 0.915460624553469 0.616483170236031 0.697904944236579 0.254095400268058 0.992665182543969
0.422105560792698 0.594438024078614 0.96871412364413 0.2419715964404 0.355136438749232 0.778159585951359 0.706092182511479 0.97110711327111 0.984844430735853 0.847721413211337 0.560866234983461 0.992576687079277 0.584259300639787 0.375282004833592 0.873310712498915 0.238859118580684 0.551601280336089 0.724611899557701 0.000601480697996364 0.00135661663334473
0.0564723468742498 0.472731875116684 0.43481776507538 0.323891359627036 0.653884775837349 0.14797004328602 0.0842504201993224 0.348073404981009 0.442508760272462 0.0720490230160324 0.157872087863403 0.920834693747507 0.105621794579752 0.0837155875357788 0.430945498566163 0.846647451796826 0.423571796521894 0.455906328954283 0.0025106464566929 0.398835777380041
0.0954813056706279 0.603093543818058 0.0680205054306634 0.722132996425443 0.250613913562156 0.253768379060182 0.0469230698881957 0.021952666076621 0.00539967652079893 0.0584748334687248 0.071867622150449 0.454351552086873 0.176887107788625 0.0742190695941092 0.524224491604425 0.0107963468533559 0.178142021909764 0.393608230871904 0.418125555177466 0.0763008920942619
0.0956683947209077 0.630635386330027 0.390407775827016 0.474735823780526 0.267376547336584 0.579650985686214 0.373181737906517 0.714697398422769 0.682520121183998 0.7318313117212 0.290653739680255 0.990798970716624 0.318972166987134 0.102218674385507 0.882415964845752 0.989302374370817 0.513865911664344 0.526930337459938 0.261036055665526 0.744710404062704
0.0707262613135539 0.542505393008056 0.28455337005079 0.248124151826641 0.0938222117413668 0.422363073663603 0.0197491876262202 0.121228447379802 0.424225819485155 0.185797593547057 0.0122282291674312 0.565301728429898 0.102846165462622 0.0596321534449107 0.44710960183708 0.0835857029175276 0.404102296125353 0.566519389715981 0.67230990680735 0.894417811865581
0.625837047668446 0.756805105717531 0.662232375864912 0.546600281505945 0.995998726534235 0.606937545287243 0.810276709706255 0.89536555943878 0.996221804549969 0.912534697957497 0.985118240445938 0.996787765898724 0.526407274886972 0.32623066944585 0.879807346071398 0.997992713622742 0.432519692311577 0.518618514674789 0.218065926362384 0.999999
0.0464439203081584 0.431956975915352 0.482055697857619 0.730733605022655 0.161254281391897 0.139210337860861 0.0125764464614936 0.0308205777146332 0.791453852007232 0.0650993317277693 0.0182662113255989 0.914613514153456 0.0646826631157536 0.0556930048155616 0.610198593587674 0.245685837517094 0.466011142464348 0.37958164665383 0.983635600495043 7.46163870946179e-05
0.400685817876138 0.661360238383688 0.468124763975674 0.697542185037701 0.800061576884735 0.352345515552257 0.288892109609534 0.654263550311653 0.946928658803164 0.572939262576023 0.306024464171749 0.990883699213797 0.443961873550283 0.244268806426174 0.808438065931277 0.864850387031039 0.720954956203837 0.640935512487217 0.0105999349014776 0.488224430871766
0.211963371333406 0.556463411013166 0.281587262588798 0.72692326270741 0.374503615465179 0.439730055757435 0.0332378709083175 0.737226982145396 0.388403226011215 0.499108385716365 0.285822829008784 0.989795097745257 0.491002422649315 0.153928971208617 0.619681861649003 0.994999885315936 0.539316998650827 0.504048999948459 0.0501078562523871 0.999974012774256
0.0517690919290953 0.604768325767782 0.309733712616585 0.404157233425123 0.543204644836794 0.233978977379932 0.156420443694289 0.622081217476586 0.0224015044512733 0.275423921730864 0.275728268957502 0.984744236533548 0.312902148617366 0.180031999387196 0.813555970984796 0.674893019364295 0.313249530247497 0.524853548839402 0.00481359427666233 0.99999049874823
0.0706732482182089 0.494020718843738 0.214231942640434 0.679316609574649 0.59224405781623 0.332320707061109 0.0504881414144445 0.0529575475188819 0.275907625694341 0.0548683471458654 0.070518348787125 0.0397009839586239 0.374279605812343 0.133885930540065 0.461625081783762 0.959357698987818 0.647571061986753 0.330860666818565 0.0331530290600695 0.999920965203107
0.248453585197518 0.632911759626091 0.323724422077717 0.809645234145685 0.909677700157158 0.543222920286694 0.27002643706528 0.90548623889592 0.808700577660965 0.787857054196578 0.549681994135315 0.993198373850004 0.227365378918692 0.112380700791956 0.771415577649551 0.998350503109705 0.563429282999383 0.623460078621363 0.335954847881213 0.658493409837661
0.572801410890142 0.624757923028792 0.724492618651965 0.650223431409739 0.972370275113249 0.765550161087611 0.648553924301463 0.756516727705809 0.993880955145164 0.96477136668485 0.847927410017374 0.990053702658259 0.747081685028226 0.629690977149567 0.907779995589142 0.999066059126191 0.806491263788669 0.748352248002021 0.906729120086207 0.197531506212899
0.14253136307384 0.624306705524634 0.827026401060906 0.624703561639442 0.937586992529831 0.363125141605365 0.0716933517719647 0.86062847124245 0.986553206818049 0.633753749268934 0.324429511229853 0.939358934537247 0.207386617680103 0.173781315232408 0.810031994227744 0.964782521814998 0.408575330193024 0.338853811701049 0.218877010499704 0.999926413378815
0.049416541678699 0.597438945038648 0.224091820218421 0.645574346622206 0.0914012975230709 0.337442588684086 0.193406020861156 0.0268196452148426 0.0211233615865075 0.151784304199104 0.544797760223731 0.5456956848459 0.1788033653488 0.0588534292437679 0.0943303971770784 0.0107672348617703 0.59991845426636 0.325758972039791 0.445848011054492 0.671307951583111
0.202389349326374 0.591164465402241 0.781810776576544 0.592750831645511 0.249683249366374 0.15348570926315 0.0337129848238827 0.689036583997293 0.31551147661099 0.495531963308937 0.55745379941626 0.950622111905913 0.61478260932135 0.199784797797794 0.490357422389366 0.958438997535387 0.696589798965198 0.611331094083903 0.101277258353484 0.0516088549087673
0.705671673464764 0.790068491888889 0.975281184286254 0.899754013278598 0.994657344540707 0.704465369807688 0.969646827657714 0.997747457594456 0.996823010941248 0.974270514060559 0.993627065785032 0.984679780919361 0.782799694510781 0.491268824647555 0.860261711684128 0.997928528641214 0.661376155796667 0.856989247797425 0.044872140111741 0.992388207442605
0.149797495820379 0.578081744737671 0.52583593270854 0.67312484083268 0.504703937539632 0.785767801293234 0.0749102525313875 0.637782701663978 0.1539269795531 0.418918483241874 0.0481265104774857 0.974480032748703 0.15417624498736 0.115916408582394 0.554710947032105 0.118326097804272 0.350024982309549 0.313868342363191 0.0350919017812036 0.204503134001164
0.0758040609788713 0.47992422636711 0.152956283775548 0.784564166878557 0.380274542729945 0.407157207744575 0.189925053464372 0.0518259467262107 0.466385784476826 0.486392368977268 0.00896910133069238 0.856583090220917 0.0893416427967686 0.0933170559514539 0.479216461943766 0.938159454801447 0.330874983814575 0.39869478076258 0.000134981212375747 2.73026754285109e-05
0.241052211689021 0.54861963408597 0.510062593025423 0.548606277665209 0.578591301687694 0.0613413942046433 0.0946968560705215 0.764001351425528 0.956848644889292 0.36881448781019 0.730606905292289 0.940159938832156 0.332580765119422 0.209075142788823 0.715278318199931 0.999821867368077 0.512455173342535 0.461370406161565 0.864099433685682 0.00190788654696484
0.0120104580101752 0.327999899018225 0.119468334598453 0.456310310785037 0.0198727542906031 0.392559161560074 0.00381951943279602 0.0387546225216991 0.129852161159193 0.0239615001982412 0.00169079528375417 0.684735952316877 0.0125986793645335 0.0184111080606552 0.100186926949685 0.0618482497282965 0.574215611831462 0.151400957675077 4.14405436547943e-05 0.0138925789951624
0.335172023884797 0.614184944616431 0.692788428465025 0.44118788945017 0.263864102247648 0.323921209026687 0.089057693038371 0.276383178523285 0.969197544019507 0.41027978059787 0.402351817477112 0.988618978592951 0.274871255250039 0.147422826570334 0.68434287733742 0.340110092629602 0.583915357211326 0.547533084592444 0.503227330003637 0.00158569068413026
0.194527576833065 0.588228254151355 0.237429690647067 0.831303962181046 0.896017905481509 0.855321005048117 0.246174320893076 0.786032733195561 0.915941843190487 0.670129148030943 0.972449749533765 0.998549400375213 0.490405086121994 0.105157014244827 0.687952118563094 0.194109805671949 0.461443060961656 0.219211558365045 0.719879182736326 0.999994371674826
0.360581268288531 0.578859494838142 0.907394241643821 0.499283559318935 0.89827811279603 0.560750660781652 0.529470602209412 0.670502049284037 0.352433800868638 0.781686214293385 0.876084700937376 0.862121345825599 0.687779374016229 0.213105958005355 0.897772663885303 0.756335946299947 0.455282728267797 0.285729479116721 0.442268671676577 0.780026085507596
0.28150105260878 0.716980349905049 0.816484162966212 0.718424972892712 0.760212417704097 0.346405786235428 0.0662823828561264 0.194616896477955 0.365847412137771 0.155179297091597 0.295757690740375 0.696867423047349 0.238508643679906 0.143639896442838 0.823820500785521 0.926460936291593 0.547980081296405 0.478564447706963 0.000138707255586841 0.000145594488828073
0.0240944658459658 0.372827859441931 0.49612051851608 0.572337201435918 0.0115497467309519 0.437371840620924 0.00460111818323241 0.300833808088044 0.147919170132919 0.0524238619249262 0.00447986954384923 0.0751402251192389 0.0166730604066747 0.0296332296946609 0.628859263735121 0.698720699119487 0.188410304063358 0.138129218367145 0.000320127856858931 0.383167928254838
0.274238561337782 0.697175751554753 0.194149521661411 0.696908353263691 0.685289411335158 0.128072273965801 0.606634930456379 0.862341307378881 0.965635184792207 0.883657136636503 0.570073524870853 0.220135946030073 0.208601223561729 0.141326681350903 0.523787794776307 0.996444362661532 0.340871785891386 0.517267661906806 0.694467002238358 0.00466490764170228
0.0422309626003353 0.532581517349092 0.464329660729032 0.354474516677741 0.00618419228579668 0.165275567481917 0.0111453548812912 0.369866503684038 0.111111526690568 0.148471503144321 0.131716968123405 0.508646041115167 0.103972823552371 0.0703732999598039 0.45188860838077 0.942348959524261 0.516876625387546 0.52148755364633 0.140257388687394 0.0704068036879942
0.271919421810852 0.663775925968788 0.722325845995507 0.677814451426091 0.319798202381819 0.271828859027111 0.342739048326631 0.888690634502519 0.975667366201828 0.574032665512545 0.722134500445503 0.99182270941545 0.511353209936765 0.180914415173763 0.630933364020097 0.663331661225229 0.387396387176727 0.795664313124693 0.744772522488938 0.840346150901057
0.796497813312496 0.825436139573133 0.791331838134589 0.884031507724849 0.99912288878799 0.245562355346449 0.618577038535895 0.978605846017697 0.923293057410996 0.989744014547819 0.989610132742857 0.999899618704287 0.746020635825852 0.603997576713351 0.889182561822277 0.998121851189203 0.86083851672995 0.865241695882995 0.706788824434715 0.99312766319501
0.432834955838541 0.631846064851549 0.543537516847809 0.860905015511872 0.918649237824765 0.482048070572695 0.793923534298703 0.600248809205616 0.242718177487391 0.722395990182067 0.894359657253003 0.997360932922906 0.305031817771951 0.162364570600224 0.49548625256414 0.971516024120299 0.691311430392774 0.65689016416624 0.00467578239446478 0.70812598410314
0.0526017948647189 0.63728183936808 0.72493227245137 0.80469343129201 0.209509743149729 0.587145190628416 0.312354561745105 0.304911166338911 0.9969499477916 0.465439236452176 0.122750290357157 0.919096033177393 0.167625536621932 0.197011161260329 0.466904156268225 0.99074458866235 0.423556047109975 0.580414024942214 1.27642159510856e-05 1e-06
0.162498507249185 0.638534419707683 0.477037810417504 0.50267363024379 0.17642368139065 0.370003616057436 0.0396914943354905 0.328203817285665 0.560940919360352 0.447204107159336 0.706788407667546 0.92802963668651 0.186351437114248 0.0493807255330695 0.593806193311932 0.952054476064808 0.514835070562159 0.664668272608321 0.389858389849241 0.999998028240849
0.0651588520891422 0.359231939129821 0.219426592535671 0.304113219311207 0.141372404025867 0.617662480454589 0.0344051665117005 8.94901512475577e-05 0.138377281419703 0.027792204700127 0.103304181167655 0.429501767543663 0.0327043680244883 0.0270105935131735 0.165485514644298 0.0336666612576867 0.437706974829415 0.159330019110529 5.94704003194343e-06 8.59502718959134e-05
0.121266205824215 0.558509682099651 0.0987300705276764 0.830037631421384 0.0744164706591699 0.297056083958167 0.0403636160264445 0.277398503430907 0.220417691110836 0.0506767499134312 0.0242677131394153 0.587252357640927 0.144977428837507 0.0442620595122378 0.167954914117712 0.792330489614977 0.3872035264357 0.354501121330894 0.00689188926091509 0.0196989090349551
0.0490539725429629 0.586928027526061 0.500615635346049 0.40531907966493 0.192455021135069 0.475882981949101 0.0441666190740457 0.169290328777801 0.526793987617258 0.140314984020025 0.0221220505095251 0.329790022804583 0.18520099391732 0.0573215436248268 0.317330971098547 0.951629869182236 0.37852818595519 0.285278484140625 0.690706227251595 0.0846129718322469
0.041431373980837 0.332317193764915 0.348305597650831 0.453144905945002 0.00491501252135503 0.0789650045712649 0.0215486937303319 0.00567187090741989 0.147727202720032 0.00225651754114198 0.00441972829810859 0.862088812129305 0.0053585078693359 0.0123745840940826 0.265607238545026 0.113485361420605 0.226981189066735 0.317619426656521 0.0115280424806943 0.0916257738716153
0.186337320384716 0.503285720161354 0.242203201000173 0.592628803782807 0.500077628462378 0.271297370813825 0.117567706940023 0.282448136473162 0.518146507015239 0.280986815468387 0.345281035552755 0.530261930491219 0.131607014871894 0.0935786853477003 0.802171395614755 0.968032465685005 0.483433294887659 0.660053205635859 0.0329711480470743 0.785959279030458
0.192868515662589 0.522307565040962 0.17455881297566 0.623093864735489 0.76163755156818 0.602851061302007 0.282345096030993 0.633716114045423 0.369408277362988 0.243670559929534 0.198470012357176 0.992148329754514 0.197907475034814 0.0978168076254919 0.745114870505311 0.991209285296296 0.619132439621864 0.588441250972343 0.625581594667111 0.364098485444886
0.411353995569706 0.764075249138832 0.944772661783703 0.475186550786433 0.824463823181367 0.26053866797568 0.345006460049532 0.981380316742766 0.996963534714902 0.970775297767902 0.833213321521601 0.999746121205053 0.655222931598201 0.448713967659092 0.823893258216396 0.955947258439627 0.633229163083984 0.719159922605652 0.303565070453445 0.99999315888074
0.00622462641103945 0.295011019956886 0.152253057791753 0.369595112231663 0.00171171008759811 0.410844469993469 0.000946753052800648 0.0233351187411145 0.00437766197567857 0.0031937972457898 0.0128660265429157 0.0130623788542055 0.0205740337759701 0.0150366988084849 0.0385079827813143 0.0100316863214192 0.226838199388471 0.126331246881633 1.65669146453315e-06 0.967605214870059
0.413410297192733 0.710492985283377 0.913261723171646 0.796505385850796 0.959344189428336 0.672117566681578 0.184807843541611 0.865730792279649 0.93135902251958 0.794585165384246 0.904792751610399 0.998340514502299 0.489600995103727 0.243813168969042 0.89489344033518 0.994550554947687 0.726769013350595 0.624429738622222 0.333657722746827 0.551832985340453
0.170934337803971 0.636419035317246 0.146852516651365 0.811049316890184 0.0815859679490551 0.272006462313593 0.314718673509207 0.798495764546613 0.616238801524563 0.319303290023463 0.602114042365102 0.628208444587083 0.165342938090261 0.148426729873782 0.651796314255469 0.998165530566833 0.410369394617954 0.487981601495422 0.333458758995389 0.0228731937016126
0.216169115995222 0.569158262055184 0.766809195877066 0.690596334145981 0.326901500975455 0.437878591383832 0.24796223473507 0.213572951228475 0.386027214487991 0.62680837279911 0.0953082591756207 0.99311968716313 0.40909879659045 0.174347827155699 0.389955517578659 0.870661665568682 0.469378418564456 0.695903003865899 0.96862817682986 0.0027251423256634
0.263158104081952 0.638629232995501 0.423061880490477 0.644201112362332 0.449759660563934 0.461408335309168 0.258254585833295 0.862907908412529 0.791377752491954 0.690774461237896 0.337845922758551 0.97760126852623 0.209309836282231 0.146683095705444 0.370845266038983 0.41843100635656 0.386762748905545 0.435359344673644 0.498622037730616 0.999922373159768
0.661292701959341 0.628420078541876 0.592002755799684 0.314295384518289 0.645021494451041 0.322477766366022 0.127969075706755 0.78607774092681 0.974921370115317 0.75441558740926 0.76181235135824 0.9907315186172 0.345661061359269 0.102075170581626 0.58907870210329 0.996575376293755 0.468208855105852 0.782145838752452 0.906975063729691 0.99795480276503
0.101413368425316 0.419738394896895 0.161584459922741 0.389706752265999 0.0312905264699392 0.174860471751845 0.0362574578377903 0.0902243196057767 0.607542539764123 0.100574986615229 0.198178168483548 0.742988818251211 0.0472206499038301 0.0446368504943651 0.382063971352651 0.162369186262938 0.203843840064171 0.499360081410799 0.203966655483217 0.983352848319353
0.568462980222089 0.798328036694311 0.941132199882195 0.57730000288777 0.900169697285767 0.254254873543924 0.565845565421974 0.985990541698421 0.95756298160104 0.946982080590975 0.993554490122645 0.992860411043615 0.672266894013011 0.380233329099452 0.780953406979338 0.998650371325085 0.669785942777772 0.838191069145487 0.999695597663828 0.996866834430899
0.10622056234826 0.46427164928764 0.321153205694279 0.482864051687335 0.853162299107579 0.122718310171698 0.035892209701075 0.0223391615975332 0.519365766282684 0.057172261738066 0.150773695582352 0.977116281323459 0.0700455702533896 0.0640949955280056 0.46832362239019 0.986499721530662 0.480746836085434 0.188901387051388 0.173207100184043 0.995912289415317
0.0137939019664951 0.434718243852908 0.0782865975364875 0.387558069960978 0.0118023734689531 0.214216056065221 0.0683793225152584 0.0292346053753104 0.0262573613534436 0.00663168880333809 0.0117233167950722 0.516278931487624 0.0626649512286239 0.0188115903022643 0.199834874405352 0.0249970666892157 0.345304302577469 0.405365410806942 0.000168454157256087 0.753016857953351
0.047108511226076 0.398460110908681 0.183918074775522 0.552397138167227 0.256026655097929 0.195636314592375 0.0274294678162322 0.0492232172718723 0.48434104505169 0.00171944674373926 0.0512471836504506 0.307141770457949 0.0378103524187367 0.0381801231696147 0.387179602430131 0.262541924370849 0.298347113911081 0.228365082699722 0.0251913551696737 0.00961820853974045
0.0489914440235216 0.56350476907129 0.37880614282834 0.585797055887947 0.163021026168116 0.418432860814838 0.00467163232541729 0.0207589803031272 0.118156938242002 0.0452473771857274 0.0509694444039022 0.984199167981134 0.147680328376364 0.0316109228573681 0.118392697979774 0.970445409248201 0.279356932742582 0.264582865152785 0.0137025600153472 0.000402513539895723
0.291393251761544 0.723975345480453 0.255172783172565 0.753326999424289 0.874099656908782 0.0951274941090231 0.152492534552803 0.638631618548744 0.988759778850791 0.896056875605134 0.645234877616624 0.838087775487949 0.588714117025554 0.212571843007059 0.789863973140434 0.0663100809329109 0.679505551839383 0.626946787402307 0.122015580824172 0.0879723653205037
0.125140133411961 0.548513608014798 0.132989612858247 0.388356522509346 0.36789385191609 0.321479650276391 0.0023814268025033 0.0386282516382293 0.00182608854705379 0.206351329343553 0.0427199201109562 0.93415388218113 0.0806904771997353 0.039700333649957 0.62265832349901 0.957469893611662 0.155674570229254 0.33196571605512 0.0122778255101284 0.00250996905242712
0.119827969578948 0.623275110105473 0.702601142487945 0.690015477960239 0.133397227053851 0.274169383707096 0.204081611782536 0.00531541189201873 0.508447422112163 0.413862521319868 0.0172196388633444 0.467720557525954 0.21458803929782 0.0860566049375072 0.708709131245772 0.97388458587136 0.537203446047263 0.262962202941712 0.000323711105426273 0.0107833979785883
0.187115379624034 0.475602757848969 0.119036253116419 0.699218765873911 0.113006279620455 0.31135617627367 0.151051378803463 0.313469734717806 0.380876633838022 0.0617986855880186 0.250211047262225 0.806215808377309 0.0798726192791612 0.0457520742245674 0.371546176266722 0.00114610124929912 0.153758703925745 0.306652330019242 0.218234659754594 0.0801170444257362
0.240492235659418 0.637110952473624 0.763935904208273 0.78106527843755 0.689832705110271 0.239169463607576 0.216662866010881 0.932731604728574 0.893682506223673 0.718072080339598 0.180222410105421 0.9990670064189 0.279580477210791 0.259714935005956 0.757202453167885 0.874729517859791 0.191824290214461 0.702963305884363 0.234264651008289 0.0827502955696781
0.574173336138046 0.77327894390685 0.594932197657318 0.66731924200835 0.692702572380718 0.34207923862367 0.714436830806018 0.878680056360309 0.574040596580868 0.855752925945358 0.962324669929586 0.998596480150441 0.637411848666216 0.35098069577588 0.941960052063332 0.7567868239659 0.872461550815515 0.858524424828186 0.0207150921840589 0.999441594722182
0.201708898302176 0.712729602413512 0.55960296160628 0.58935701223016 0.944590567227373 0.17219421201043 0.0706784006276488 0.971934509906113 0.2639074701577 0.262464946766121 0.295042433466062 0.88021399134979 0.169257210343426 0.0828810508901698 0.315081230767926 0.995740480588249 0.481515701302606 0.326228979580487 0.00163423741899735 0.967774668631046
0.134472537073242 0.614026191162679 0.527311415830374 0.903181270389692 0.768618913849183 0.833778086283162 0.0402107735786513 0.686860627317583 0.266986892544325 0.513397720315183 0.939166244580916 0.994027760336966 0.493469914774133 0.499319212523861 0.857193269979201 0.996493305220111 0.745887242665404 0.625719464934478 0.999934188476926 0.999874735588025
0.136481852794733 0.656858279901089 0.558644239206285 0.799677678923185 0.609071173230535 0.186456317741994 0.222464881869157 0.41215310872508 0.060630101015091 0.352415848211117 0.560766559391182 0.572752681527549 0.223688959768253 0.236460716954084 0.774082602650314 0.869312950749544 0.368829541023647 0.525663548994439 0.259829070466967 0.428708779507462
0.7930369622701 0.867202339269286 0.967515057128622 0.62893490792782 0.988242996923478 0.587084688264106 0.533803952830498 0.996380814214818 0.415761565555904 0.988179420385821 0.990632206262452 0.99925069332755 0.874815361721571 0.642669797257132 0.775068682533658 0.991486447609251 0.555206483449261 0.906286481025514 0.996498416326467 0.918630021374525
0.333101524347245 0.707851126912001 0.791025164396148 0.905240366402498 0.767755844378782 0.604523769803978 0.293569092734631 0.8793606275181 0.266631674731862 0.764851063667068 0.960949967721798 0.808257224875358 0.439699059871366 0.381020036705868 0.726806805525459 0.989874182271082 0.847462964694269 0.833163696966725 0.994293380709788 0.999713209108025
0.36767068259326 0.622778749095231 0.860737930580178 0.794081309693373 0.993219301094782 0.584788056608126 0.528346895617645 0.17555569432325 0.902124039518371 0.878495325956417 0.797031903413088 0.183787368128836 0.513733100534401 0.300271147216349 0.864556468307681 0.997028403384387 0.516388514949965 0.632994949367701 0.920405177078506 0.934340044838158
0.193477257912071 0.535913584534292 0.717964173311947 0.825280921714169 0.0296749181265837 0.649312014897597 0.217226957483902 0.824243411167321 0.876642599808925 0.415872544396068 0.69741741451587 0.995131597628704 0.334982935207273 0.0736027904228459 0.35591947604929 0.986275469164097 0.312913745670898 0.525080066413036 0.97097485517542 0.189275332401736
0.15560975780562 0.643755900348139 0.657345145587429 0.811544266486291 0.119862752458494 0.579307829751343 0.251162579925926 0.639466949677455 0.995820412705208 0.158904157840674 0.537864703496856 0.996007157232695 0.184127318157505 0.079557116281845 0.400748365729874 0.902767060535761 0.572211841283533 0.556653627790909 0.000844612275604992 0.992592270499859
0.931306028591205 0.838253511792939 0.632876032786817 0.775775430074292 0.999131601177813 0.875383753510342 0.720167940888165 0.999235906472334 0.980362061622961 0.997632059894356 0.999272573155332 0.99836119123861 0.948213668579359 0.745854970427208 0.964589085312791 0.999956283934144 0.649166044646956 0.87891226667307 0.613830011862374 0.997075437155247
0.0273391599068296 0.543516736330745 0.114814926329859 0.344810530563242 0.0783055481753599 0.456826679815879 0.0564360791353383 0.0163823876325607 0.231102376067225 0.158592805939771 0.170036379124223 0.635975023167704 0.044426335302549 0.0260216576980367 0.68677917317346 0.191855366469799 0.417874010965708 0.586799924914365 0.00894610784518966 0.987978114545811
0.161231239922535 0.535122847805953 0.385031263276181 0.71008918711952 0.544711764975675 0.645412286956581 0.0162526951642482 0.279447907294893 0.349711223994846 0.41516621174964 0.136610201978113 0.855443451677008 0.242690623860968 0.133384648059824 0.828702838141418 0.877441659562428 0.508883222671049 0.623694247165998 0.00280718112742159 0.99279101383006
0.361733266005885 0.600156997539323 0.596184158243497 0.706845554982277 0.953465684962535 0.716423030344776 0.318222115298458 0.806894233583998 0.393045611321211 0.810240138715741 0.489639940298832 0.746182092344462 0.437550631135252 0.249669775556652 0.700262650469552 0.998238343643014 0.412105735396551 0.290990044209742 0.168739460117934 0.177662041295199
0.411192500446593 0.70017881267297 0.534295030483987 0.458061723296916 0.513427264752808 0.345567791763012 0.328385922816765 0.976043834976136 0.30337074764922 0.375328629219856 0.896367190075121 0.979518927641652 0.374727389821841 0.293136590834053 0.737315333272382 0.99975927837582 0.551504089723681 0.527179825975634 0.226628911981781 1.51185982444956e-05
0.0468170904282653 0.56653196951176 0.40939083040041 0.815822396589837 0.00509381076078661 0.323907354181915 0.0143491518920264 0.0713954494280786 0.00632617992646554 0.050382353887674 0.0721643300814643 0.0427517144514788 0.0544275197274002 0.0384064887052804 0.45245094719329 0.0557369741885333 0.354035939126198 0.255601486345518 9.93655597281219e-06 0.000552646810738416
0.0649019104952079 0.518923206330702 0.517504137067042 0.45310796871464 0.276460746690003 0.401207378475178 0.0252374348612921 0.0979404112517285 0.546287333845421 0.272074445346357 0.169972097388122 0.987293308170699 0.14025030028138 0.0615293934806396 0.414830444312294 0.716475351062578 0.57576486774573 0.605876577454267 0.398592881930113 0.831797787319693
0.352250455358666 0.687657622429919 0.631637213116162 0.726571706924259 0.984176293880936 0.595756570960834 0.174159331440215 0.935969575479184 0.901971355004322 0.913113735117035 0.969508380665956 0.9411032220908 0.476793568717494 0.282535831437352 0.910046909050605 0.996884073107615 0.563833505879013 0.831914079155066 0.995001888655344 0.924553781216021
0.18487579280945 0.616687649581074 0.555589219463582 0.362111867892556 0.760354087887485 0.811324083585284 0.274158117599134 0.645125887337573 0.880294377805702 0.537654538286495 0.401596642033026 0.938802494630225 0.476872514267475 0.198793194026706 0.260201851496786 0.999397583018208 0.520667706776204 0.46662787716106 0.0163288164971827 0.994556960483402
0.202766184392119 0.68039414390103 0.249926983227372 0.544547473502223 0.871785724197952 0.631572178547743 0.150179981504297 0.483921218970494 0.7125294774287 0.199876074903599 0.306295251485381 0.970918783571388 0.288099050858865 0.228514602682489 0.211011099738954 0.989910512123071 0.584434231297708 0.448910127883574 0.0705216076588695 0.999709038586265
0.53386430978347 0.629053360489979 0.740727491915518 0.529189532438412 0.983379704878183 0.45316501600749 0.290242789252947 0.985582048115894 0.845905639654297 0.833936853307174 0.618369476233981 0.901096738488197 0.746885086360296 0.218213335716115 0.907980817948024 0.997858419376165 0.370171774366282 0.55738430197077 0.985603296134564 0.999178707370361
0.0541521772096715 0.387077846487058 0.170552549525202 0.418332317779335 0.230561170667014 0.105799704697178 0.0317512437189402 0.064685915173953 0.692720864498818 0.0300659070981996 0.0204495010260218 0.984062874300794 0.0996545511525013 0.0768381577450584 0.676698387747442 0.645412595092924 0.302746689060898 0.479114514321883 0.0021049667033952 1e-06
0.152684504022664 0.585679108607143 0.183886383723059 0.739373843512388 0.413310557703461 0.531934126110414 0.0449780147460008 0.324637232137475 0.858804368702505 0.0915057760559481 0.0930120089895226 0.978724765755263 0.0933376912226306 0.178481075367425 0.792642432336125 0.595096476836735 0.542579769216279 0.504146953929259 0.184076021380787 0.872423149521027
0.0182917885102609 0.433420956962583 0.166908426485064 0.25971040109786 0.0084128503058147 0.444799542710062 0.0502578648330715 0.326715980385605 0.9365616480958 0.00669951964785324 0.0447116198147319 0.132536979666045 0.0237867953758925 0.0136792007209602 0.240186364277118 0.0210740228751794 0.145765225124113 0.235868173902033 3.39248949332396e-05 0.0970775035958976
0.0308722092871587 0.554183187019208 0.068279030740755 0.47420741065616 0.124647820564775 0.196711780748291 0.0160452353128608 0.0128633229614896 0.770109546380993 0.0770032948681637 0.334123323705531 0.996605047735329 0.0495292508970026 0.0422567241280327 0.681875515670347 0.0590589125845059 0.55215602703076 0.526949071088677 7.79101914581262e-05 0.283054471820632
0.743316762309303 0.744058503304126 0.646538295454376 0.787382457402522 0.999149927314714 0.352044280652351 0.475622111051242 0.9926163753273 0.988216411968484 0.963050481207763 0.993912185994277 0.999751532034284 0.66773102212732 0.531782097105387 0.908548121170962 0.999944567407727 0.737327873291268 0.548923033126721 0.0053730119985575 0.976781376764418
0.942398250020041 0.804171814793246 0.976007524671904 0.799492972104899 0.997341860718541 0.897398478983742 0.783369488764086 0.999818296705208 0.99978468447124 0.998989436163739 0.996920592657552 0.995278234083431 0.972353077089707 0.733739096495738 0.947529252888988 0.999998697780804 0.715880768335106 0.853083176481834 0.958244401299368 0.999992374649541
0.0401987769922603 0.525429240422776 0.503864873902246 0.562022015743439 0.382865136072767 0.557231707809737 0.0523479434566821 0.303413602807181 0.0135565169262337 0.0584347021866059 0.0187979473751755 0.839917626938459 0.0714859561914878 0.0346150313944042 0.315814119812581 0.223055643837214 0.182874738145899 0.45413647070134 0.000250588353125223 0.000470054721892412
0.0848038348030129 0.431977502224099 0.0543180633037331 0.353233889904461 0.0260834807737827 0.903195300468931 0.0569415637915269 0.224062202736948 0.856869019441003 0.0622603365456382 0.0987328727065165 0.919395116390863 0.349580153637483 0.0297562859896992 0.135240130921115 0.824846880941805 0.389706905199015 0.337090377968724 0.00225709907616631 0.00328433536140091
0.479944608147751 0.765895984158209 0.323935890737251 0.738220655465984 0.819988543115006 0.608579378750607 0.0961983468126538 0.976573531553092 0.964168931017731 0.68556758693637 0.947428594591184 0.992378272273805 0.485400530526537 0.380001574431278 0.844568048017522 0.994129817222266 0.47889741930401 0.685324631211255 0.995965993032968 0.999999
0.0325032329132416 0.387426295743398 0.130441163588923 0.459952460701813 0.0626557323904806 0.183042225447452 0.0156461385238209 0.724731067295032 0.526448805372645 0.134488357920666 0.00318045428141306 0.464800359519551 0.150225436581869 0.0297670969901935 0.415335706795469 0.0639779304689811 0.35729530987698 0.195683193261245 0.192863913075477 0.999999
0.201522533763045 0.581757567922574 0.863458593587898 0.470977404884376 0.848509495336408 0.365183073090024 0.611560263329508 0.857803442547461 0.445783156336983 0.883775342226991 0.597637355731959 0.948858794006756 0.509339708255536 0.111107143868054 0.619932950267869 0.994875038473525 0.585938740370322 0.500357859720036 0.417869347087146 0.999324692613013
0.185411627752779 0.69379714040755 0.458932074674817 0.663098488390756 0.822988458746301 0.499995280956112 0.241498050064646 0.155687876962542 0.953662322090495 0.48106687260181 0.879982386687738 0.998917926536248 0.374327076482908 0.308890325487041 0.660560065170753 0.997912275246316 0.469349288404826 0.700828479579394 0.0108070703452195 0.985896088838248
0.210593075942724 0.617312932723504 0.447552782046661 0.807209006214083 0.386839567565904 0.658206662317521 0.154237275551721 0.0681227218800584 0.0305761964265224 0.233452090038659 0.339680273812014 0.937187422471765 0.218304446140589 0.140930009948157 0.734644637089232 0.995948484837816 0.415974103849556 0.607000604039915 0.227495715561961 0.000136905254563042
0.306305516123332 0.652425045110213 0.686209091725543 0.556807849237174 0.877095161841293 0.322400622478997 0.79715819069965 0.5212867910636 0.988346772367855 0.677686593973755 0.896959109480907 0.970763461709907 0.373879612823867 0.199612538425938 0.906785067095766 0.971248502927983 0.622990474193204 0.669881092302077 0.519874919353961 0.000113383208171891
0.326410600935921 0.7156823330882 0.794488701354975 0.688293358098329 0.983713269292213 0.698722598462841 0.16037034632068 0.837292547251101 0.30631315938592 0.659772226922116 0.37763057757682 0.987050694021266 0.227964988260231 0.260417524783789 0.798650313124284 0.999917908828199 0.508960029742076 0.811878324241897 0.004336078779167 0.700159364622864
0.0634444309887606 0.588515210445861 0.381229017210287 0.526407248497911 0.233598162669715 0.160446262504585 0.0148593705385582 0.136402527209757 0.490911497335401 0.420273949984782 0.0125949203483428 0.929818661898807 0.174491767079904 0.0832179443805332 0.585752125173483 0.693331256755187 0.389237919870706 0.332909000375692 0.0453696277471247 0.407922088115145
0.106808590636724 0.650737319863465 0.415625507168159 0.474614523685973 0.881562688379634 0.767341029509641 0.10810979150346 0.220044649838984 0.499577240763264 0.45247200285168 0.125546124828793 0.979251059688622 0.259386962157782 0.161079623198321 0.780579571660626 0.605855409630797 0.309557631354077 0.529545885761531 0.144959913571067 1e-06
0.581912452342276 0.788318312488447 0.822396315873182 0.591439206786378 0.990561665544526 0.606691186940108 0.321166411230862 0.985022772807646 0.484322790535744 0.943564413786248 0.991222484373871 0.999879903328942 0.769717971443329 0.6003522363313 0.95456302390705 0.99980011839712 0.782182872048993 0.759173118085983 0.975091186287287 0.999084146039724
0.0421570385461081 0.450377845380981 0.164459963499914 0.846013848315605 0.41173029219383 0.42392247210279 0.027011975570158 0.183780589391596 0.541191546438909 0.263005928977098 0.131185482431583 0.868629715889756 0.160284114692405 0.0342150609689108 0.124997025761237 0.604933499400924 0.737226910550631 0.289273844990888 0.00260816485010419 3.56808490633983e-05
0.128736586568723 0.64335945657755 0.554606845023973 0.491728960088956 0.347985469000916 0.241848185523095 0.083015287958626 0.375472539154613 0.0199164997878477 0.574716190297832 0.135718486815641 0.979190521644006 0.129157942736987 0.0664481200931801 0.166568361962545 0.974811118729589 0.22810829767083 0.495923035390166 0.594996702175435 0.997682572902958
