0.21516616240962 0.772540954138249 0.852285625566542 0.856183465685179 0.839074301359774 0.0390806897432162 0.233961805581764 0.927103484680393 0.98305455609247 0.788799550742203 0.528466921031441 0.995398603591373 0.470078700937213 0.369406474869565 0.746238710863244 0.974433899047189 0.572836054597006 0.720725169528977 0.0270830550903763 0.544041208336889
0.0780518595667301 0.550990111408731 0.638107575757769 0.525921295078756 0.446922792338861 0.459516147929287 0.0646520493792829 0.220206987140125 0.340749319359483 0.222385544854151 0.137780530303987 0.971410765042824 0.303094090018485 0.154902859954908 0.905990475114443 0.45472877984863 0.523519927300917 0.494314730956453 0.161241787310498 0.112695238926422
0.0305627438720539 0.359163500489683 0.595170483107135 0.457047792861816 0.124000061801968 0.0819886547673146 0.0587213102651953 0.0949902847703062 0.00321733981582597 0.0228249490461627 0.0162138319258973 0.232513498177597 0.0142264584172618 0.0257653468927186 0.304363903654925 0.0610569902434153 0.416658577683541 0.165022510074586 0.0326633494793491 0.998498118581381
0.451500989309301 0.668080554791148 0.793593435989193 0.493174712253684 0.983814171181859 0.671471903703164 0.155403149459477 0.501796534293161 0.255944138905033 0.758440407509275 0.979662478314628 0.999404355460131 0.43448420237355 0.196222982022865 0.863621984934928 0.998711322460608 0.293541586948944 0.479072036145009 0.139681193250431 0.999783511237641
0.178591860545575 0.694653871799079 0.386969441103557 0.429934001101985 0.879719681031167 0.231790879580606 0.0635647919357135 0.69099378060504 0.958643677916257 0.812459245237218 0.804140421659763 0.914404994629522 0.578393702596111 0.178376619803576 0.588418658406554 0.294276181546912 0.561187743471894 0.44732518421129 0.0760637730111473 0.527933938075511
0.0216408333606478 0.402191290337324 0.175878184372043 0.538361135498385 0.0724216737784577 0.0977262502637707 0.0926466345821186 0.00429163546865407 0.395633602256732 0.0426923250868761 0.0312314110438451 0.604719899145931 0.0520022210716692 0.0346363302207226 0.308959090211022 0.128551334087561 0.283710939020479 0.219784876066335 0.00797748882290747 0.197057506571886
0.175088898788351 0.466354233167738 0.934827526231322 0.566442785413729 0.749611892385942 0.881745551463183 0.107457721044323 0.373412477489192 0.0853550303123581 0.616604151654483 0.611984614836941 0.979544877974124 0.257488583485495 0.187198532974064 0.767158179704828 0.972419794779124 0.62925994275559 0.699094958395733 0.00781399173920602 0.98012457971045
0.561836671856038 0.752225274619682 0.803301032179451 0.634504962180999 0.976474383968994 0.360543521206182 0.770924824374451 0.673232573143332 0.844281863077098 0.889295006458212 0.903989666035794 0.995582993916557 0.782245880745177 0.288537028506587 0.98645531229452 0.999909471319103 0.743949903224684 0.839209391795463 0.187681686033626 0.997657514677099
0.0968769633129585 0.604932887043554 0.517404081748517 0.668872822163665 0.264196156370994 0.410917401412713 0.0631154757918484 0.189309725930781 0.710954928877455 0.559937786848768 0.586490795385799 0.575227337155274 0.300241158791453 0.0819959326283214 0.416352926525423 0.999076290493211 0.663520045760761 0.602961680324076 0.00635994126538818 0.508322950631352
0.138680544518717 0.611004011986606 0.573850476425357 0.540655769757722 0.0703369463859662 0.258041949207607 0.0256450021182835 0.111853576546283 0.606035413507532 0.185662890805156 0.182766859183491 0.993931870983718 0.137058944907978 0.128541727232402 0.339779744148688 0.665964644320628 0.685140846410272 0.416812728097229 0.00100686202331801 0.436615009997156
0.252272436636612 0.638318184056773 0.78957320629082 0.532285541928231 0.71021663681009 0.209696136127734 0.0894842510018733 0.668503485476265 0.897424227000269 0.454246715483926 0.524556186722415 0.983987647519662 0.122461745709111 0.118473889892015 0.498922007712703 0.0156401628714568 0.403520941699113 0.248219712300149 0.987091121322573 0.993373289657993
0.0513663608479775 0.600083156418766 0.83261414247945 0.708731048873148 0.679573655094726 0.395030159498935 0.102473386656387 0.0813243453730622 0.431555900664224 0.183879068179315 0.114739971464651 0.963898126700674 0.0875243529796687 0.0643248781713016 0.59721243376854 0.993295294568625 0.352859985296857 0.348119123952023 0.00263293213025777 0.974156595029877
0.0321811291322844 0.47736136920334 0.38325892346855 0.543783637648172 0.267911086178326 0.376445897923364 0.18951208476563 0.224725050791098 0.290357996977681 0.0805049170192309 0.290033250038198 0.72291284000661 0.0669521119907026 0.0262355846001918 0.499679601169089 0.0033768688961515 0.227123216463145 0.508842504261495 0.295996756713392 0.0299182906026298
0.11481634879906 0.652559056912058 0.769869380996564 0.654007251954941 0.0700979696904892 0.275504317956293 0.173956317062031 0.615694647947437 0.394415137706909 0.183031072561747 0.134769940861321 0.768778421305771 0.0511058845580877 0.107585255593707 0.704337282739465 0.693637927428965 0.289180461046356 0.473121466522487 0.0503624555710735 0.949731604416601
0.128416822854574 0.556631205605008 0.295330263843926 0.600730705422309 0.351076183428568 0.779301071509867 0.0585923319090115 0.545972608832688 0.75801291967209 0.0811513225124158 0.0104848068193053 0.954942983548082 0.11852812754247 0.0777983899094808 0.308001187399051 0.350522412478786 0.486909595971484 0.231198031089194 6.8003718239672e-05 0.998475117014018
0.503664179360603 0.662630844133897 0.58308773636136 0.675485830541943 0.967572666270323 0.562097867131293 0.487268456997515 0.930837467569956 0.998848173936431 0.830207404535999 0.904079592244106 0.99352715554103 0.469155268852886 0.282338657589038 0.813861296731509 0.985812105878938 0.722009427153053 0.756565581864344 0.970750391367059 0.996876534813851
0.137230556611967 0.612772694775079 0.802271384254262 0.725771480767048 0.598233513935508 0.112068557055718 0.0435377815332485 0.858044992954819 0.0805607481894943 0.268103045929215 0.240111717049506 0.965715312218484 0.114383001790769 0.0930739900009675 0.472163838200482 0.851466040150759 0.373271312929038 0.530736836769924 0.00157891541178572 0.000242491063041897
0.164712339310106 0.82475589929319 0.573609508742488 0.610605044399787 0.784680941361103 0.804821128681703 0.533954328875489 0.964785566494096 0.988771052926049 0.811724284078728 0.987644211834529 0.996961233792661 0.635659470191749 0.24178141072553 0.925402879814802 0.98363187211346 0.513054268461626 0.317663722055569 0.533604083275561 0.99998038324574
0.413370594099824 0.598366386426345 0.778400332633231 0.837149767750281 0.836918043929868 0.222738905259731 0.205941117907613 0.890443542245617 0.122997668592451 0.698162107623566 0.854774932991491 0.99700367254364 0.403151054524127 0.140437405362946 0.808239436922549 0.647423843262549 0.586056270294836 0.467187069464352 0.977725010140722 0.996793909904483
0.079127943616361 0.5402343344955 0.649587203269971 0.631617775588372 0.791441592047046 0.250278906364891 0.134922217536318 0.0354839952744209 0.992412463644727 0.599203789188007 0.38223584874694 0.962582676306828 0.295151231547721 0.189284851223645 0.566253863327466 0.299976165541816 0.350349201518518 0.391229402850991 0.180209696125521 0.907031496155651
0.57241046732253 0.735201947929709 0.608904927858621 0.75758121309209 0.791140416894414 0.703821298186561 0.547896672023241 0.600077962834665 0.0547982555172852 0.906215983396255 0.818519102985783 0.953079981341195 0.703479992315552 0.332958903582595 0.942908371471705 0.999079069312561 0.831559801013803 0.737533686807611 0.826362185551821 0.998647834516482
0.0692697925418716 0.418036755471672 0.157299127088452 0.546308269335193 0.233676588973341 0.713485012958029 0.0866689848364623 0.218287715308832 0.807617712852532 0.177636303104479 0.368253047917113 0.980937484858643 0.0319686059302681 0.115185564769248 0.649635404380028 0.685094653969205 0.120379185792568 0.417592151366393 0.019825201756125 0.0650700886213519
0.061702204823394 0.438048133489818 0.722604046513022 0.556097318115317 0.219379790610257 0.782034111554137 0.0381491663642918 0.191682797037743 0.513327031507116 0.113148750601178 0.0179231489871201 0.283702185763288 0.0719908364112494 0.0428670078770809 0.264547515335256 0.177274234468836 0.187126023214015 0.237853239536783 0.363101873627286 0.895940440637684
0.190907097525168 0.566530979092372 0.31838992203667 0.58077830593345 0.690463995208273 0.0747481248865096 0.154570224623892 0.851334593702384 0.944108176270614 0.384107326918217 0.464736147172449 0.977764816237383 0.302959947636551 0.207472448281082 0.967411532824651 0.998969162618035 0.443526979849609 0.724602315629155 0.18849702509034 0.99564770682499
0.500603548019385 0.639823746101363 0.712565317642368 0.755029605635777 0.997823599669038 0.466830191960503 0.230952459472526 0.973205270986847 0.398161084165729 0.941251277690464 0.589115822699836 0.987212453448902 0.666584606973744 0.42932402178593 0.768763132349525 0.927629834979351 0.431232530205391 0.79190372445303 0.210355149720553 0.678668861400038
0.0703192213537131 0.539267452303073 0.388441879298675 0.529508693140808 0.128325473495079 0.773318544678275 0.104438006247004 0.435414319391313 0.748077248334629 0.204505594036465 0.425346875797775 0.835118944563759 0.064961048930442 0.0906960068556518 0.529865878429613 0.983329553814913 0.366868637880071 0.628658879552471 0.000149885550245299 0.998624779428441
0.870558111299123 0.823830130377849 0.993888863843247 0.836705271160764 0.99610248308219 0.548336359663464 0.834442265048075 0.998567502954111 0.996285794364967 0.978649460682629 0.984085601552242 0.999923027121319 0.757102391894563 0.721124726895878 0.972111116701972 0.997511093675804 0.892522083295619 0.922316592991637 0.981475275404775 0.00845298538141146
0.0822110257289303 0.565874318681506 0.393509913647047 0.474941932536365 0.160145021889782 0.649431192892451 0.0272218323098562 0.109470054008985 0.019449130062508 0.0457159842835573 0.353927318699292 0.916130536106187 0.172349845431424 0.0598096449203782 0.0921242602243434 0.973400696451483 0.571390636407384 0.43055576404547 0.0592529367225485 0.00653702891756935
0.420719311000676 0.744610228764645 0.949293579347691 0.662046804668697 0.996112683862079 0.786680990684966 0.560897806813314 0.921987100262908 0.926373161611657 0.93282899954023 0.955244306831951 0.995763558723438 0.598668035192363 0.5353827421547 0.95283561042928 0.998458823992991 0.569816587200357 0.579933311414924 0.624981896310815 0.995088005283682
0.245253651303127 0.50476261875106 0.42546027168772 0.529657961317678 0.861236676241596 0.228780893619125 0.0622798840410822 0.980817740512457 0.994549535894635 0.224245337109148 0.347434326527395 0.867851378494376 0.309582192974489 0.0953768639692615 0.521301726586808 0.801694697168046 0.336447055884524 0.498727733338843 0.00258270914849696 0.998097005302639
0.0307442588138783 0.348009386330983 0.183675519762142 0.653943479579893 0.0644714548590562 0.136461390138467 0.0229161619842447 0.039865580840253 0.000363372180241014 0.0461157404807152 0.00696901353417769 0.264332328157082 0.00892454263119407 0.0149009587076499 0.129046077827836 0.127817824736765 0.355924018613882 0.30967429610682 0.0219764229554718 0.00570858216403226
0.00597963648597751 0.422322264611794 0.0543475407515503 0.598704598051783 0.00143090438958657 0.0578098270901017 0.00281380051510097 0.00140343990707318 0.00211242453591551 0.00336742882482294 0.000637330828856274 0.222180665284834 0.0214875489241602 0.00294738290863798 0.268637357136056 0.008695614358781 0.3860654255555 0.139299600665669 2.98169274845021e-05 0.00186324216180115
0.496599049192791 0.740842302118375 0.718420776993128 0.822931048385677 0.963509017119807 0.389950257534222 0.478751070150688 0.679312753928728 0.0992613685545481 0.706444538273618 0.372245990520027 0.970711790580255 0.298797755290422 0.346261171353612 0.924096287078718 0.999692837831964 0.507227728614985 0.804871919681668 0.000387351824485819 0.835019346038989
0.0212558680863605 0.439144247483536 0.365083943211806 0.604993239498577 0.0318424605389787 0.114891180598006 0.0660919289425706 0.0760309591006026 0.00606870976208095 0.0257535779638151 0.0105162496577669 0.336832242700854 0.031579996192565 0.0645925963214388 0.281619370387073 0.74384867394316 0.272316748122338 0.187640255465235 0.00604111863399673 0.214590989636206
0.0122464925850508 0.324650381902014 0.183674766649244 0.768546718647795 0.0123384553663283 0.222115505162289 0.0447197765065206 0.0141962309789409 0.629497610375564 0.0519155316195967 0.00567394977414552 0.872011646214687 0.0122307244613612 0.0321158220821153 0.0323320207675364 0.126623150172042 0.127227588837897 0.253379266701055 2.18982910208084e-05 0.00368793567792908
0.195570543623589 0.540324009117006 0.456592048425776 0.73384110751367 0.945823601575339 0.132527788245482 0.233008347965041 0.0181972818922073 0.0718362017794309 0.413905353518566 0.59178417835454 0.99051335666526 0.419798693479765 0.0732500207820633 0.504622973440707 0.950687418284777 0.242542992771241 0.543577325388656 0.342877902474893 0.998332094750204
0.279686911925875 0.660555648511169 0.640483169904364 0.56652367866818 0.621336416584858 0.71813438250506 0.195948782124014 0.427569559918134 0.714011769171378 0.456473129723077 0.770984109254149 0.840007075197277 0.165185539797383 0.136986741322289 0.577493861700073 0.853129708441825 0.569997890425629 0.437648377460463 0.420089662291922 0.997108467897916
0.445776522372714 0.701935975742801 0.751864069738479 0.741346766229728 0.995926010916845 0.28971228434123 0.452489640706285 0.989592391213543 0.968418334127182 0.852370489249412 0.93216497255028 0.941400857679882 0.570853728279588 0.37475433241714 0.931339722785883 0.963488925481553 0.72623914180932 0.79599779572431 0.0301450506163979 0.00741360091248344
0.0397381100883119 0.453146434393444 0.065071657698164 0.627765425779781 0.529808300753579 0.476660679872222 0.0790788684011174 0.042505550697109 0.0278600565803868 0.135044361081807 0.0124113847249511 0.521370221329273 0.105387388683818 0.0371202640584615 0.0647867985727894 0.384397039633497 0.330301877112412 0.42335946475265 0.000939549086805037 0.0035123171701577
0.151655586785111 0.412682888552515 0.169521197680612 0.3982060403051 0.363402461629344 0.101173967476124 0.0986760583639333 0.298534648613071 0.355157464607221 0.435402410001331 0.298572187562822 0.774804769494745 0.176282675117417 0.03800591642912 0.485436643167943 0.936329288752459 0.491442354681062 0.402555051427593 0.0676879802382925 0.00326337380333241
0.738328516941045 0.744962484249447 0.876685638288554 0.627841352962873 0.96471332248165 0.751602480956299 0.668657969495028 0.987656462694743 0.999691648341341 0.939951761158009 0.992537008650469 0.999386651916961 0.823701048241134 0.586718384982448 0.838590235436216 0.999625765457473 0.892931559877035 0.65999722243757 0.645377449107217 0.998526188016204
0.0152765575293261 0.407805754904318 0.362017458551148 0.467078155813142 0.0918510417766215 0.104572239517415 0.0989938684395566 0.172352968853174 0.304974728859092 0.022543309382033 0.006108905107532 0.224019877406514 0.037843118429496 0.0291418921622229 0.245626927905062 0.0306345794518908 0.381599306359902 0.304625080574442 0.00417519520918946 2.81297501353979e-05
0.225385600419251 0.66631952109912 0.720334307162333 0.565757302472568 0.783905124827737 0.426211018379564 0.0399068833051476 0.910215860795445 0.915180118222313 0.635868344370133 0.946836883534332 0.999628341803318 0.371424975438998 0.242304273326105 0.897668991566578 0.981299745127761 0.778522651295442 0.840740486529279 0.958835924403287 0.015991120530842
0.204891707056291 0.549297162160951 0.406507702033753 0.623008990720755 0.809081303815705 0.715654445113899 0.163178894124624 0.480193602608586 0.809545010841458 0.110699656192083 0.407143358611551 0.458710036890175 0.209349761135286 0.105860126927354 0.338638330852947 0.96901574693017 0.541262812937849 0.502894176431845 0.00879063809923454 0.306637656490149
0.0177891589683672 0.528925676983992 0.0609632044430947 0.78594329451474 0.099922506258093 0.297769039230542 0.171269348044067 0.580830079437559 0.0189802961629935 0.202104211911494 0.575002723043093 0.350034941607941 0.114120955911855 0.0819597532572791 0.638939993015925 0.651539609175628 0.176680999919707 0.305903939567111 0.00115694345059515 0.999974402044577
0.618585998099506 0.804804501891211 0.981157535910744 0.812959856338779 0.99313695121245 0.454900819352816 0.636156825510619 0.931646873073535 0.886336523068866 0.962441808812524 0.752092537792695 0.994227068713879 0.486462724696607 0.516692938594904 0.965129339087953 0.999991502492491 0.784997508721799 0.855699107559466 0.995191816445804 0.042426063626923
0.301232404434625 0.617972789516179 0.521297476602226 0.336955603353967 0.582941250563671 0.689368008970127 0.218328639612233 0.486263776764958 0.537650352475657 0.374608640671271 0.880364660697429 0.997873983795422 0.338402580151797 0.0963472464743514 0.498253449921159 0.998889323161495 0.737644704470774 0.429855066862538 0.515251662091361 0.999495657795227
0.0234948257506058 0.32665745081137 0.383004955685584 0.316468076922449 0.0125563716654622 0.292653776120269 0.015004237833675 0.0016242134804419 0.0503938715918629 0.00484839048174735 0.0250127449241419 0.275531666740679 0.00811141456694952 0.0122944526104837 0.204156378990962 0.475699972076354 0.162392361337735 0.210639975634612 0.219565996659525 0.0815445402162882
0.406093979320884 0.622941244104736 0.383518033874558 0.757505831975636 0.488226160690085 0.591700858752994 0.45778457023667 0.419325947276923 0.978210516951877 0.758306102409005 0.188119199557307 0.971484010735522 0.291766495185994 0.220196079215795 0.334028449839159 0.23927397432734 0.604664541482176 0.56974378199156 0.0205677453882273 0.0512402107862212
0.506412357093898 0.557529446982301 0.913044407280733 0.725929224423888 0.97792595448315 0.410884365360409 0.169304263447355 0.585282895668853 0.536155623696659 0.404880922133025 0.52360884887827 0.983298935718612 0.52294792700247 0.125892002469781 0.508262664916935 0.994573304291134 0.812830674275877 0.666960568556995 0.0135274660970032 0.000303138922991931
0.32941969112864 0.670681146168371 0.759321734313186 0.674571949033475 0.908181293561344 0.598381974445554 0.318478006605368 0.475525364124288 0.941187635364973 0.500839173319958 0.441254814016157 0.466518921574742 0.427176619717426 0.428525328234408 0.725023351422638 0.948220259999767 0.578671894182841 0.52578608450622 0.694315135997994 0.000437640695385827
0.164148501595805 0.613881829582246 0.78970942143029 0.481557614593057 0.713564481828642 0.149977519605639 0.120796447852631 0.462122464351761 0.21704194071459 0.767506858533272 0.643789752174094 0.726003853666636 0.386612020602332 0.155781556760686 0.770987044744963 0.634341035521592 0.415285291403113 0.466805961481715 0.705559351884088 0.935604362810403
0.0612056120297038 0.470239878988769 0.391988226710504 0.687922192204428 0.0821067525971419 0.356082319082203 0.178396037834265 0.230367532903161 0.379590349336249 0.105918085150733 0.120582304905969 0.871671359017762 0.152477030543243 0.0705841404297572 0.0802889629495797 0.784344773023783 0.093654855024895 0.371559526333098 0.00263213184947417 0.00068440626072482
0.126661410252082 0.589017110653806 0.0861080983845553 0.600837464557278 0.0337331254683835 0.719782283933078 0.0441473093455553 0.137677425353562 0.876821412131727 0.115203766125582 0.390465233299794 0.5127239735559 0.129528903283974 0.0963281457336827 0.298797667506594 0.301764366542985 0.494583575568041 0.269170555471938 0.0847333775401711 0.00610178822880082
0.00703099921557746 0.364013162274629 0.17180796888734 0.644472266316804 0.000396734758944282 0.13896984605692 0.0279910920363323 0.0346930786710676 0.0860837755922207 0.00336570360285961 0.00648828278288331 0.835232294156735 0.00623923089766447 0.0167995404271914 0.181082211740912 0.176318248042683 0.324400062836034 0.184910659896768 1.03033576955548e-05 0.0497900557524253
0.314924903603706 0.711226159767067 0.87073557829813 0.696068269029503 0.96998174169842 0.294736629340184 0.335321953061148 0.170987414122377 0.97259679879279 0.822961888679667 0.869718173698786 0.992815284318014 0.653056791395297 0.377086916176323 0.492256662639474 0.988643135564673 0.581433168722786 0.607749986287794 0.0654431363761838 0.133038205130637
0.308692389091484 0.663659443165555 0.482626609618006 0.617815091629881 0.672452939215959 0.24675990661144 0.266789246841897 0.739014463962861 0.960452763151897 0.882256802671236 0.391817259572578 0.83441586318142 0.39128429710774 0.201562214201877 0.773195889799154 0.984756304937804 0.697298331637101 0.789614693600851 0.550875915766336 0.970783872034707
0.0344095869359021 0.493981160680255 0.348026643404388 0.447650775585589 0.123099826445518 0.141316604693763 0.0139258687066861 0.012271120907608 0.945562419056747 0.0206164503676326 0.0244908870129823 0.601898148776677 0.0543118198830894 0.0281609909468031 0.247157886236042 0.85517867407233 0.314775547476695 0.331792666109838 0.13128618154611 4.48905524854556e-05
0.0693401212217825 0.457024450276831 0.359412646337149 0.673827586618801 0.016594150878337 0.341164116925664 0.392647826064585 0.153935240039295 0.120274121152174 0.055932118661103 0.0412636572667273 0.984226046999585 0.122825474156325 0.148947232669451 0.421860167299552 0.170521339318718 0.2640767851056 0.382715250023393 0.0226348326498453 0.999948405897161
0.456158358326246 0.71863790036086 0.758485916015382 0.575326121841141 0.979853608158547 0.496453342979435 0.347286390214504 0.551966685924703 0.750635551441175 0.914834016443045 0.906963864302626 0.99827149812443 0.667916136345141 0.387596610796732 0.885650341499841 0.930679509770505 0.444742192038239 0.885817499708064 0.01184431363527 0.896863605929235
0.0221597586933108 0.522081473610798 0.261499196642852 0.72335964694665 0.551000407668482 0.547922272406626 0.290941370748545 0.0421163671994383 0.0379138093292822 0.0781016892379424 0.461329986238255 0.800652702999439 0.297828988910086 0.0454238719327728 0.506736551066987 0.993992552667902 0.211096149547133 0.458976590922198 0.00917409674669376 0.00111633034792373
0.0488011425049457 0.502107520348325 0.253106102768035 0.550911066594267 0.0247771726996853 0.153665104216556 0.0594153013273164 0.112360428385081 0.393193848818302 0.129614625280507 0.300089787198858 0.567036332154596 0.113309031315429 0.0641935702331763 0.144087162214224 0.262259405090122 0.627255031390397 0.492259865298548 0.380191921357563 8.57669431556736e-06
0.178630642822405 0.477257036945596 0.489071695376578 0.532787544821528 0.626709231225737 0.317965437449825 0.294779568829391 0.136742654777253 0.815066520796688 0.169563409221415 0.0556176152190084 0.939096763997907 0.170020899260644 0.12119944771978 0.634808179358518 0.982673809329229 0.497961325116722 0.436842070055411 0.00330583206354249 0.68422309719077
0.0732446576827977 0.513355435115766 0.216663701604875 0.436254570897475 0.656585167766986 0.320787963427232 0.0330823091320976 0.476422190950236 0.396000380376793 0.0412101425833211 0.0299723768849954 0.0466937248503219 0.0619144212568753 0.0767958330007219 0.84706402285026 0.141346873988193 0.128105738466437 0.174854060677721 0.0928965694755619 0.69407514917318
0.124943490567302 0.453171441857073 0.362966857888829 0.671938405762296 0.250902248708723 0.543893741179575 0.0127247628135361 0.0206207809397379 0.0491029796751593 0.332485667871871 0.117566058606664 0.577433771653028 0.0316107456872767 0.0407778340556963 0.721554544241795 0.902225021463707 0.388532337089466 0.470217165314575 0.000129902548369214 6.29710933184668e-05
0.0591971318631048 0.649612702174301 0.935704960510013 0.437364815422071 0.533962212708052 0.299744970335054 0.102400803647368 0.473333858722849 0.170741626650283 0.102654328650821 0.0512577422568991 0.956616672348906 0.299204920823156 0.0722361582519303 0.582375965989145 0.579701415023535 0.540117927871815 0.408697106834655 0.00411236387020823 0.171135595317652
0.159016393319116 0.589981077644777 0.665619253555559 0.208549209723255 0.339947637236493 0.587858488652961 0.202622443494805 0.502917421807499 0.846134644224767 0.237128704511164 0.0496596021101927 0.979548683938311 0.0928676839268956 0.0725253538668779 0.722550873604829 0.265863649736564 0.647384918246371 0.422742004249497 0.014323835230795 0.0513686203470193
0.480602329745771 0.807684697252087 0.863618512203222 0.640909213565677 0.993233625070063 0.529175621856292 0.238667572081678 0.952216221558538 0.694021607052164 0.963190443833377 0.890120036747977 0.998345545897219 0.847837194270328 0.427921853882754 0.980061622881509 0.900247165743507 0.562740680546047 0.470905805244682 0.203730640498594 0.996054394356398
0.0295090650717816 0.304940340109504 0.426571831172059 0.331499704050946 0.0133300473228827 0.226654511764666 0.0216702769108823 0.113651095883189 0.0279737719025853 0.0709548074539108 0.0211830533306056 0.540754782314592 0.0269260050478303 0.0246911526380269 0.391017714325725 0.00476188583219072 0.232289404016095 0.255665655148228 0.015706995633732 3.0588523565088e-06
0.104057126108522 0.753294230947858 0.307419352021726 0.531199486172199 0.646446303622898 0.423129194217751 0.544402876065004 0.551933918770299 0.939833753224011 0.621519811086176 0.49421834521927 0.881189416261397 0.0633148093612797 0.137419880026992 0.942651084391101 0.843841021171273 0.481126494775686 0.80148513843725 0.00178605607937902 0.498418618125517
0.0407115311862255 0.602076896838901 0.57147813742061 0.514223730885545 0.212771492547422 0.64323635530476 0.0257023253383976 0.122899870228054 0.650588805484197 0.136931636753275 0.0755378346447812 0.462209402250727 0.0761717217225891 0.076908228396649 0.284360378458409 0.881927705340922 0.431109781986867 0.47114093082199 0.000869678729372602 0.79677549064088
0.173775643728341 0.623320711019683 0.481245842402791 0.518137850271294 0.238001612189819 0.185038436672709 0.0765954719935794 0.382490083080262 0.174597230830244 0.0771448928677146 0.131190054070233 0.93745711616125 0.232716806331416 0.0855391112189323 0.387865992916468 0.068519099227574 0.409239930042767 0.477645025326275 0.567395579499735 0.00187838276818247
0.0764399715866087 0.56904798009708 0.568367738956463 0.771030043805323 0.696652718361805 0.262066458484073 0.165894958365797 0.121831384604192 0.961872071211023 0.573595336158297 0.0728699269315987 0.987578793676645 0.178573233525528 0.142052943073423 0.66382045652952 0.999964044320269 0.488594581772382 0.843414148889804 0.443337594220471 0.0121729421534719
0.0919601309383333 0.596154881388828 0.413257370958076 0.413995401548301 0.511043700812041 0.331678845641616 0.280849498818568 0.457888033320884 0.908935787903272 0.241089142139451 0.0482181766740689 0.991072119975586 0.0821363719318452 0.157496798672407 0.752126597502318 0.573932618133698 0.307897863965684 0.552445619941604 0.913322302787524 0.999877004431512
0.480110276486761 0.750532906851422 0.935476814891645 0.463282712640764 0.9577077713226 0.457679162341562 0.131435417595404 0.418011334629855 0.948155337919592 0.457818314657746 0.4989163020309 0.983064294839694 0.419492428559917 0.184878624386609 0.750387949796211 0.978525734419431 0.497079031568844 0.592031132460366 0.187508523289995 0.999621296867349
0.379369686633797 0.789984161298489 0.83088312527289 0.655760344315446 0.861212960501289 0.525722551556272 0.358180740085465 0.917187285892856 0.979227272911471 0.878756981655544 0.709852580783696 0.99865067942042 0.627482696110741 0.328330182295961 0.957672491006601 0.991234095153522 0.503238247096711 0.767606682851642 0.844573931908377 0.998379928704317
0.0328745782993873 0.566245394703602 0.0291738650232397 0.536685976924194 0.149673017262888 0.0457449750115177 0.0474887860204475 0.145253092983319 0.891303873076855 0.0374367882363443 0.0482494537974436 0.485243413289778 0.0261646254609317 0.0234292947357035 0.4916964463581 0.989117278887369 0.27246464866843 0.182375131705951 0.00183096591485939 3.75156969284199e-06
0.0854992970126191 0.596743482041443 0.0871564626028881 0.639897678833017 0.0729313517254141 0.262507835949166 0.0401948778528719 0.0919805974097987 0.0698000093102947 0.020769615886795 0.151804062455003 0.971036365063439 0.0638317362001492 0.0585374458742335 0.406300714196149 0.466566498523333 0.182437602340094 0.699376597507606 0.0045504227179776 0.0988797577671869
0.27189598351626 0.541405790383385 0.241098347759932 0.575126145473511 0.480464238992682 0.49372302575318 0.0363990754301907 0.297658424854019 0.97226879146024 0.462711072890037 0.975464247085417 0.857513825220494 0.364671294639417 0.204131110918037 0.606770334196594 0.985381759647606 0.697921757489858 0.614605592288402 0.340261656549569 1.69025353731009e-05
0.0393669555567744 0.496352024577057 0.815249223184477 0.477812372999059 0.0266782201274461 0.161328881182711 0.0259375583628693 0.0172854586968634 0.00548815172336328 0.0592430292147152 0.0028098962292753 0.98353913578523 0.141869817892162 0.0265977357937673 0.485185644341602 0.159784992062174 0.261443282982317 0.297956326099895 1e-06 0.000489275385635285
0.0784779046581666 0.592858502498223 0.28136362599813 0.611947015576075 0.773815629471443 0.646376767363268 0.0109909058307082 0.333380181566073 0.75496602284169 0.107468867470551 0.22400556582726 0.904323066367146 0.322189031951611 0.0488040245299472 0.859048936554625 0.994512530050717 0.670861473317543 0.356146190961126 0.00127986160494604 0.999999
0.0873488836540139 0.635042185112193 0.0717647315027864 0.601242213195482 0.602389051752578 0.168777761392938 0.0161909036030507 0.31716303147032 0.60380374194684 0.20032123415084 0.101874811213682 0.545291268604762 0.16447395436987 0.0524982733786 0.558217194800731 0.522347392709034 0.21854431733028 0.332009552854913 0.332194142718314 0.351078322622464
0.214499149264305 0.556172657461577 0.432640433979233 0.530861186650241 0.215140264302774 0.0696363113032812 0.230622440347531 0.0493283178835099 0.0289017429201529 0.0674785935321806 0.272728251284827 0.992536296358616 0.175357951398998 0.0871496198267902 0.669915631021807 0.678343262289619 0.507593025035415 0.410710956684918 0.0560561894698599 0.0233641801914864
0.192207608440529 0.635360908049537 0.611623289575441 0.726421797410394 0.680067760253426 0.576203511291181 0.561192170694268 0.136689187367999 0.555634598285195 0.838388337150463 0.140059485039309 0.973504800437746 0.388934534606121 0.256981708553691 0.572387009907553 0.81049075228977 0.509803533100352 0.779381570117743 0.0315819841177977 0.875218965873852
0.0839803359266349 0.502354550416551 0.31216274949376 0.409006411092992 0.454021284770609 0.16114263895284 0.324180746366854 0.145460311714903 0.0286520327568069 0.0362058301194536 0.0548829804675619 0.848855907801023 0.086409914409409 0.079573349666956 0.629103744877526 0.199626480857543 0.345854837234062 0.277976057893134 0.021426453358858 0.00626268006091645
0.101400474414698 0.412774942669543 0.159303567706519 0.559616239179004 0.280312655611872 0.206129996178114 0.0389136525578206 0.271727969337399 0.0101448703933636 0.222543516642664 0.0251744917037534 0.921108930702039 0.0543799820457965 0.0479466909747233 0.520493013535397 0.949085332083151 0.508960050480272 0.47147922790436 0.992833893033366 0.980041971479188
0.551432158525784 0.70780237677632 0.498530745971784 0.647124862469694 0.909710558623222 0.248087616007859 0.713961622492693 0.830753408100309 0.212433898651418 0.855595241274094 0.833055126173511 0.747011773897475 0.425234780860237 0.313997442278796 0.913986346230081 0.967006113710127 0.660508339396215 0.771067515575919 0.260628560906786 0.919974305020428
0.616192905412005 0.742083985588772 0.4181696501205 0.598272698592467 0.974555965729363 0.310894292650893 0.231589644899634 0.949480867751544 0.751284659811231 0.859447326917523 0.808729135490785 0.999545748746607 0.562544702713095 0.315990660514502 0.756952960332727 0.999480940082705 0.802257074663735 0.833033482130731 0.0770827115598713 0.999090941029056
0.0850278355865664 0.401106554351092 0.623370725110513 0.56409494079768 0.00729476806257157 0.490462269247177 0.0598787108630695 0.126145477248885 0.354336855194296 0.084188450493727 0.0461309906836019 0.769933048297736 0.105259955319495 0.0589359808413887 0.269461194061356 0.682933338327106 0.104037140325285 0.126049003628449 0.00173217293087604 0.00265158356168465
0.270400997429106 0.669889588157659 0.863729082172643 0.330220032876627 0.763724780161912 0.548247164587598 0.406542663373993 0.935705101540406 0.340703591314484 0.271781711762201 0.432192255403664 0.968309059033906 0.0644558476676449 0.13258811668774 0.900805186911483 0.944757456534191 0.81802163218783 0.607578018537327 0.114020998739674 8.55235304431393e-06
0.45555043200808 0.58718967494638 0.59936149257114 0.721140924559708 0.748524952398214 0.864304143800195 0.137069996459229 0.755543440648196 0.672013100026343 0.397012766675787 0.129034010372725 0.991206154351951 0.103557562589508 0.300169084236684 0.59072819842329 0.973657878614489 0.816297909980016 0.750533938830937 0.986741781150897 0.0018927397952632
0.841143762758029 0.791833962687451 0.919876572509729 0.529224050281392 0.999356800008059 0.672594428793928 0.429685375799118 0.98964919372677 0.993309041764445 0.983295721512961 0.99841977059979 0.992390733752164 0.770733147029571 0.67744989406227 0.882064987646143 0.999868017993845 0.679980709983022 0.908700563118491 0.898885772279941 0.0475887666361519
0.264981261266297 0.574398217266871 0.813021231469843 0.330850393349886 0.544730959126248 0.379325125665967 0.0888472494788622 0.887751101463836 0.182400162879792 0.519142920059803 0.384445156508588 0.951719217386092 0.665147575351456 0.160878652745276 0.871568803327979 0.192354461545506 0.377827663826 0.758349903380612 0.392884308796096 0.504924987947802
0.373227014768142 0.593209403872401 0.956061496501606 0.490809005921262 0.903069881774299 0.289790019830453 0.30077147590875 0.955734969163943 0.628675740149124 0.962057917976749 0.284425891216514 0.976913415331961 0.285108864351357 0.302310644205739 0.827897622327168 0.904497186283962 0.15020922056123 0.596654529305884 0.91781983742454 0.0207194736775573
0.0772259597431664 0.541076544587929 0.139879252177505 0.725715325124078 0.720821253715165 0.0748064515854163 0.0214668067408626 0.656043798415686 0.40194538436093 0.136032648575274 0.461561823356601 0.563729535404018 0.0389038004543229 0.043929425338872 0.657613410358569 0.751787319433231 0.595064147430277 0.43350268872739 0.805529588140399 0.999971017306347
0.294630970745936 0.664802319232171 0.606232733439054 0.568170859977961 0.958105066895016 0.753496977184151 0.254130804881293 0.958173990264366 0.5090130795248 0.339224966062495 0.385108070072893 0.993301395717424 0.435279505324883 0.364844597413985 0.787902511181262 0.743257686254636 0.447673790043821 0.717077491728482 0.890691481683798 0.708905349634209
0.0275904095232397 0.595843678765309 0.287524734148334 0.711611562481233 0.0643874212411456 0.675229991383492 0.0594268955743847 0.0829300420707659 0.114960292413743 0.0127291602406462 0.174356897100475 0.549371888237253 0.0358616950984467 0.029894002307052 0.669929141724142 0.760612793549797 0.232022059416826 0.200990369743474 0.22645415118071 0.955766582047982
0.0519727907609965 0.523020835838795 0.565327354189255 0.487978884194263 0.115047088763586 0.124616806490592 0.0797225817499041 0.337945973259667 0.0917236950778976 0.106025942038402 0.198294079201101 0.805780445387874 0.0496586461781325 0.106446835044239 0.620748727666143 0.609685696222294 0.20601960162031 0.386079338435041 0.00113462996228543 0.354841991535602
0.0112404426311832 0.352206322139485 0.374317643823019 0.406728692113012 0.0985228359918094 0.568061541705139 0.0201711738037912 0.0213529158658088 0.119045735350991 0.0199574300927394 0.00458688666800962 0.172088375631905 0.0194165077115683 0.0186688485717291 0.339253259945688 0.134653695604305 0.385494311212061 0.0982541551065619 0.00435262140438545 0.0265001581667582
0.0890876530113596 0.512994489249193 0.0520284031350641 0.455727777616833 0.15570193602207 0.653237433602431 0.0560463137675914 0.372427951275468 0.175092307658694 0.0143344896365532 0.0169907160378691 0.178608380027976 0.0435436229616045 0.0308843281073599 0.159769170612272 0.557834886048324 0.0989063529900845 0.286072695528258 0.0370616209186813 0.000254574419111725
0.59042130408295 0.76501044763553 0.346558516682819 0.819589422847602 0.981392080661067 0.508341469572139 0.689948856261668 0.996365694624787 0.991248577556324 0.8815402393862 0.991040279780981 0.999085937003288 0.634791347619595 0.598270970385197 0.782379823020389 0.999859819981581 0.649780074590704 0.762262920429544 0.485845394969364 0.999398308463937
0.0594121050531416 0.47271642495588 0.139224667817155 0.650381922285498 0.128026921302945 0.264565196733955 0.121263411950686 0.437906718450401 0.0418624072963251 0.0857205084602523 0.00849610500880629 0.974281297575327 0.0490358640803479 0.03437294762484 0.195566862748654 0.530674182658439 0.475139389429067 0.162387627248444 0.0016908276374875 0.0057724225183541
0.779712119888666 0.806664358003691 0.797445914978328 0.716564098025187 0.953314824580706 0.659131342982808 0.576772869292416 0.876039830543686 0.992404598908136 0.82459131797178 0.994780429619361 0.974208313239809 0.802947621528436 0.502637753253644 0.893323082263996 0.997725682612832 0.805005495914626 0.874863737947798 0.841557768079198 0.999979411079883
0.191615736097257 0.699551672189123 0.563209589464109 0.686455003806505 0.903219816940811 0.325774215385897 0.0700182353549658 0.656571035247117 0.803225065912896 0.258542635695222 0.828809001799906 0.987461587911267 0.150005625655265 0.251174621323933 0.799622217315566 0.440981487818295 0.323306501177544 0.719988525644849 0.00325687737914225 0.203212226223902
0.031527084637433 0.468621631772085 0.174815438090404 0.52801831698612 0.192368525513774 0.462136205536078 0.0763244234089044 0.238110367269079 0.261021488441963 0.258825498687254 0.280348761612895 0.544966754873761 0.0959115376997515 0.0854563671608062 0.665830873609807 0.809391783409431 0.27555623274534 0.495936601323578 0.0338418783074704 0.00167417521846739
0.0180526676125115 0.478683979722037 0.138586069943869 0.606381976068469 0.188223265000665 0.0713650061332163 0.0659368676104729 0.00205199732701297 0.00234222079175446 0.0516626778132802 0.0132218645490818 0.230053391239693 0.100138878470311 0.0184159327145856 0.108822139235491 0.942199257459329 0.243815435699876 0.229236180426624 0.00674499735417617 1e-06
0.241957590390081 0.618821216847888 0.639122542715915 0.550543196687954 0.953967448185688 0.238836721341725 0.0301396320714592 0.71791465190539 0.768609563354105 0.445427507276894 0.493068750307088 0.775374920444828 0.119496335231718 0.121096089675198 0.462999329055796 0.974219297905138 0.364565643678653 0.567363706561689 0.0815815035421988 0.969497889219518
0.561328374578219 0.642997813940819 0.867359886974059 0.401238039102132 0.815465214001709 0.235476318845705 0.286543321916898 0.984442241740823 0.918550161929565 0.713609042664795 0.900383388165224 0.975224385244501 0.261362247567867 0.236071366762512 0.970903292468443 0.978405164996855 0.395256756929188 0.580640235059762 0.0028208601910335 0.996244612534034
0.210286010855394 0.638027819284016 0.443009795639081 0.40256711212201 0.970766856132341 0.561128624526981 0.387648237959876 0.641133949022923 0.917000392469854 0.603644268719362 0.867288828164559 0.720204390056034 0.225080907462677 0.177085715440114 0.636071996919836 0.910317063779594 0.52240058467402 0.565636357989017 0.138745386441561 0.747679556155623
0.195299971566835 0.71383775694788 0.735487916294904 0.574963614506027 0.920366916686713 0.0742076269662648 0.451840697793271 0.61686663230563 0.476391809404153 0.688809838055477 0.733685295363737 0.985335801140471 0.18314845590699 0.0571481361563128 0.575126661212303 0.998106077965607 0.761119565840434 0.713611225492966 0.0171900279441659 0.00828617492457926
0.223029523573802 0.564064601218283 0.111887801888133 0.285546287584087 0.661824268292032 0.193943800297662 0.0422693389635446 0.377923005640785 0.236742412930632 0.3567164588375 0.231939349409394 0.910520779124449 0.206152644056607 0.131338955840751 0.925641445643469 0.948754175336316 0.49573463111482 0.509622799132901 0.0670917559002205 0.542361702113408
0.0960984717020431 0.439433533435192 0.565983974791383 0.714623797978442 0.481154834318189 0.47595103461532 0.0828043419592232 0.105102199266213 0.442555778964752 0.150513884058398 0.294150787715222 0.644023807630223 0.0678916346283672 0.157284449091461 0.587669529473354 0.77549047200091 0.573627073145599 0.555842734831223 0.00509960291110548 0.0496749397190394
0.124252636553021 0.531753279456166 0.62533515185998 0.317448899912125 0.253710491210844 0.390613362056709 0.0357515228351926 0.767673012448724 0.364736768588919 0.0309017873075412 0.00830670914255816 0.790252529213567 0.15813576344859 0.0541281466002161 0.126839893024338 0.630621604671707 0.26759335908816 0.600795725328337 0.0465050389991038 0.15172597807232
0.260679393120141 0.61131023850936 0.393107744854013 0.622981125125982 0.50529075019614 0.130523786799394 0.208931386543078 0.88657527644221 0.209407670773023 0.443811932146438 0.15284991921425 0.994010854601861 0.23706745727051 0.131975378269175 0.728298553068585 0.17008151359127 0.202912866772371 0.539619305003365 0.399465227209028 0.00249426895068263
0.224082667407157 0.539919863462097 0.785076968689514 0.875974631714081 0.825384728272928 0.364510063766135 0.24247916227031 0.898939767680784 0.811635285986514 0.452697131154062 0.528224763691073 0.994821729680742 0.160854266639137 0.10173124839137 0.483977124439707 0.87205561322452 0.450650015406277 0.497565053409414 0.205499267523839 0.0861584676089683
0.0925842332139121 0.53738156796041 0.294758338442213 0.532136280164939 0.202991974292347 0.380223540603621 0.108149653029172 0.113362451873502 0.71652324090076 0.183388454583502 0.0569557591920178 0.997346181953544 0.0894538166306871 0.0930591978935897 0.717654889168662 0.0287571433363854 0.720432871756948 0.281754290084806 0.0601850112747609 0.955063650247254
0.182518351842168 0.736564370061718 0.833356877208522 0.642104566728307 0.983080542713059 0.691912587327135 0.642155661728973 0.777489795284796 0.213248367213873 0.78377870986184 0.987536233455718 0.988050656374043 0.405289162709213 0.2150296278556 0.969382155362589 0.99993271368589 0.528242669846689 0.419286245641336 0.199920258198748 0.350463123717336
0.493422922533841 0.736827379224922 0.763153805745803 0.69167504250923 0.94756477713065 0.0697095159190125 0.659645698091737 0.973318375976836 0.984934092687673 0.859174593523662 0.995658697279388 0.995182330529658 0.452338845090722 0.358310477051518 0.599498915249596 0.998789518336023 0.810027986650396 0.834974422573414 0.464082834841832 0.00238501113167097
0.0459354651938051 0.468160780437206 0.207629934561493 0.625426768772001 0.47474004682875 0.780082768939674 0.0752868261673783 0.097782911904987 0.0529758636497877 0.0830693060248149 0.0167434015839308 0.61535249381326 0.0775860286864323 0.0338011892414414 0.252962316777054 0.999711608428624 0.319945512103165 0.299616223049327 0.0140102056814473 0.990679488202458
0.177869465531072 0.563056990937742 0.255784088088723 0.58304337326542 0.379771613769254 0.551893771816027 0.0563566906765283 0.0817858257071959 0.714928225419883 0.11460864719793 0.25797825956489 0.760059432466243 0.197953319206027 0.0891088286045961 0.266117565826401 0.990460489552897 0.64516296618868 0.695555990316042 0.00120318885280472 0.120929246620412
0.588383907285427 0.851127118165228 0.852406037813348 0.902907312570091 0.864626879251699 0.806945718566023 0.523437384502396 0.970564242975727 0.991571984115532 0.980681191906254 0.916789070942244 0.895928540313512 0.679447182305319 0.331789379092007 0.941566728860839 0.995271130906003 0.677832606405079 0.676506690197097 0.0261846058361265 0.787928794403788
0.170320334935783 0.633153059687576 0.274298620517664 0.38596148159858 0.268555879756986 0.31358444536681 0.0885754466769837 0.452886248189112 0.901389578742987 0.318736037902248 0.162478417490524 0.750702667465205 0.0633860779403814 0.0692597674460008 0.439343377644142 0.476524762283361 0.495777303081464 0.459457528403381 0.449598737550868 0.993650413313666
0.145886737224145 0.603330379417801 0.225672837186901 0.558034028415293 0.770818119156575 0.771915634196502 0.0244775783977232 0.0825635664193576 0.815848846477257 0.743931231016464 0.182586750323077 0.998917759046166 0.190202092369626 0.11643203246104 0.769411607167444 0.983953310886083 0.285417574732523 0.644564446233996 0.107391727755352 0.999998458140303
0.0599138588462325 0.573550987596315 0.687728379257218 0.637210357977166 0.434480410179926 0.410856876675642 0.0458130697066583 0.953314293987995 0.935600303906373 0.415133310886144 0.170013847383212 0.960900758524208 0.0606838006311398 0.0518251877529647 0.410894745198038 0.708178825694196 0.400324754473322 0.381317560052117 1.68073169057026e-06 0.064402335194423
0.220089026744781 0.727557223879998 0.458301341468645 0.470827840376124 0.302414828113724 0.438800544208592 0.16132451119631 0.693390218275964 0.783960984765119 0.389056264923785 0.471886057314787 0.718438501734434 0.208448375001666 0.0834058425870804 0.808775145463048 0.896501325311598 0.270086613238361 0.582364970913857 0.96749058835319 0.888021029759716
0.139010794415156 0.603686466520238 0.183421982853971 0.560185343878232 0.879443502722255 0.405874265404988 0.141911911562855 0.882238363749239 0.129468033309788 0.384874109387811 0.16527047323748 0.974284164198324 0.128270747821249 0.0847458827787314 0.532558578931442 0.874276731971425 0.278928209456656 0.549769883849558 0.912277019690055 0.174184309766659
0.471259398039547 0.648344597781805 0.544946983173905 0.917924141008762 0.628581468264754 0.538401216288356 0.3240552647953 0.972409110223026 0.961902829159492 0.927826459424824 0.929812406463198 0.997073483532122 0.65110548222192 0.169894820291614 0.907944747191668 0.860761684255204 0.705141561077775 0.704621782502894 0.00912451257768302 0.999086120344288
0.062926390645923 0.496530511711091 0.248324804903263 0.695073401155312 0.0792957929730753 0.268822908682419 0.113576157393429 0.0826320765698495 0.551146378874151 0.0932123173123712 0.163332591285709 0.968173822958839 0.133670955710435 0.052471358121361 0.341304727169669 0.99940320502178 0.152079309954316 0.457911701239476 0.0657374549336643 0.391638418914529
0.103663264179622 0.430456424812802 0.339000155216518 0.428644878582039 0.0532370711601393 0.137178423323168 0.196589125972958 0.0391551684062137 0.168221355932605 0.0604444301424314 0.13964457267579 0.329378616625108 0.0787606966835253 0.0531204525866973 0.200316378503113 0.792610658682898 0.355713193165818 0.409019736292167 0.488698300911678 0.00145361246293419
0.758038779270589 0.768874843932494 0.932436523515868 0.694678883255539 0.93592706697769 0.413832948483093 0.464962635207171 0.997210212858857 0.515084449672018 0.947650514118527 0.923132107441838 0.988472198090209 0.719323030647034 0.327977624170475 0.952033560557784 0.999428735905847 0.472273829631662 0.684973791968443 0.612976109255816 0.997413310017511
0.149508947798118 0.526824467891333 0.237366286023201 0.452825628473919 0.209335438533327 0.420236864845895 0.0120228479801269 0.489719528243324 0.345810254860084 0.157221327268133 0.296448268578692 0.731514368705027 0.130948806208333 0.113878502850792 0.838349331923913 0.985476977159135 0.738750321273621 0.284735604150355 0.0592564614806973 1.33649990089669e-06
0.0253467482410449 0.21727313725011 0.678287515894967 0.515508675595881 0.134062282581747 0.538788202573472 0.0198033448745076 0.0109009207123088 0.213338436267289 0.00701009114949903 0.00306041911659511 0.054822853814998 0.011506804795972 0.0115974203807904 0.0396182935032521 0.131386529431786 0.449631220425759 0.39956481358938 0.00505244529066071 0.00127546770919232
0.448981425833431 0.807631812652283 0.972462183855187 0.8404934636666 0.9943197188523 0.340121243155664 0.2869169280399 0.701404999134215 0.999726440084227 0.759386088716752 0.788164354190708 0.969295190434454 0.340047842671386 0.49585697174294 0.648818902233765 0.999177436062989 0.492018145723716 0.698279169249832 0.0947414086600907 0.999824136621555
0.722652309392157 0.85343120705992 0.956444998891071 0.88408743877383 0.999963573919136 0.414344419444663 0.730349664202653 0.999091784479751 0.985283378556315 0.99295783766533 0.991187466567885 0.999528683948275 0.927402106479726 0.53917552270192 0.991792537397821 0.998417932099963 0.593747077576147 0.899993463267931 0.99645939772397 0.000314903762976403
0.153661799663405 0.646395407464634 0.602736365122959 0.521192551050806 0.578505849051855 0.65735985370453 0.242012351195322 0.628490720674153 0.0059141408947728 0.490911517222335 0.348084198146249 0.880374344959043 0.21388264269557 0.140835069024277 0.709842697447238 0.996970056801152 0.460435660544679 0.6869589550568 0.00369710814013948 0.973328308135439
0.463571562338894 0.718944396238154 0.647836189028356 0.697857571841594 0.603543583549711 0.652830776025441 0.428341705711204 0.895680864606382 0.570672720792751 0.787854145751693 0.874728116486372 0.999753554832462 0.488708665776674 0.239595761191137 0.895531823840133 0.999929496762864 0.430967152752509 0.693130658574813 0.44904481575108 0.998949865644558
0.411068357947148 0.764313829362766 0.501023506318537 0.729786577718158 0.919767341141646 0.640913366485881 0.12302767547618 0.761532338763468 0.933524113961299 0.861901859912184 0.918121470541502 0.96851969153446 0.630553677970426 0.331178263881272 0.625900387327181 0.906205974101848 0.642304118342897 0.8088887617011 0.996592478114459 0.00165901081580357
0.0422079342366516 0.441675443951293 0.145770051561267 0.555942375431992 0.137972009735011 0.813953840835402 0.00777401577316255 0.0464924347773322 0.0234939231431267 0.0640246941980568 0.00850553307997339 0.69301455117438 0.0345552374120237 0.0648276867001913 0.138707363996833 0.0108104783905484 0.148182875575067 0.460081611083297 0.000413671847805445 6.82047965843019e-05
0.056658505080828 0.460392349123588 0.682896976462942 0.809346063716057 0.0665960277744094 0.670042183209716 0.0192425273254494 0.0392782950022138 0.114186353797933 0.111926537843882 0.0072661142542706 0.174170386808751 0.0613701812892731 0.0451823081166257 0.334372836911318 0.219982801165161 0.210718059165734 0.340762337576609 0.0041893975554863 0.493760101733291
0.402576867255617 0.829402208090686 0.931164802114108 0.71851350849826 0.991292340355197 0.879094630481067 0.468372906065887 0.977224622231169 0.805736620608874 0.823153402043441 0.919065204596488 0.999866337726527 0.582338158243518 0.344750777948433 0.893560358344865 0.99924455546111 0.503196461202297 0.719090634294705 0.144815372134203 0.999710209132208
0.511379847283322 0.664183729094335 0.62831602695689 0.819464495956417 0.939561074639386 0.59688704738129 0.116201974183088 0.794795558602835 0.77152120053616 0.929426265473759 0.94793646112298 0.999128669545039 0.6149715642715 0.550043891490895 0.770514548963923 0.999566119503124 0.494319012772721 0.779872516254911 0.977043890798843 0.195407128145536
0.155606488820751 0.494398968462132 0.192418514450081 0.521519379651133 0.0387775330763858 0.31785138732568 0.0434862799826829 0.316219950290693 0.0305120822160241 0.0837756588290492 0.0213616392180929 0.920455059691967 0.157656455259816 0.0850533838348371 0.453212253790942 0.47109905109399 0.467315209740555 0.374769788865654 0.000235062169520638 1.39323419848958e-05
0.0976119697079882 0.493795889838133 0.416771456153951 0.707333605768328 0.159067192569506 0.483660659379818 0.0512873286517186 0.183359584754955 0.180092477066364 0.0787027520964693 0.181238074006522 0.691374825633349 0.0798234449144281 0.102474978538777 0.222460552335261 0.944221344940335 0.460239154852267 0.445172791061038 0.365292330229935 0.743004605478794
0.535385875506654 0.650625886359327 0.51569009977299 0.789637227295769 0.825172825438991 0.256605734163841 0.177372859615802 0.905123862950124 0.954876134198898 0.78384199899881 0.76801018358401 0.994866302603064 0.436400952279351 0.137726806907741 0.604292646184118 0.985093938684379 0.404126867918311 0.525019728451257 0.056001607610149 0.999195970012355
0.0410979997412729 0.477331785154073 0.0938444828434009 0.411741467584239 0.00825228114176785 0.371938686297275 0.156884546837109 0.122136568920171 0.736704958645281 0.104455186316981 0.0358042034374464 0.591310555868553 0.0365222782798998 0.0252515348314636 0.405870825200507 0.0227902714182354 0.289295596127797 0.331218193955251 0.0472036332408191 1.13619894704283e-06
0.832659421607191 0.849512372112283 0.824857231585033 0.883050373794493 0.998895198673524 0.827081109743536 0.95124840172117 0.998764890412876 0.9985442967067 0.985521152842905 0.971125026635827 0.999076003184555 0.967550266930484 0.476085312932281 0.786960929522951 0.999953232923619 0.650502393514994 0.829917348329729 0.927622245133972 0.999997668344729
0.827111181901477 0.816674401073456 0.75273041939231 0.565673985523778 0.99755374073077 0.643987567373737 0.654599183147228 0.9947433280406 0.999574001089837 0.96406316376608 0.986373450007694 0.971232136284168 0.870858013421259 0.512068951910844 0.945109487157024 0.999771956068316 0.767384824318081 0.918668833357862 0.309707828274458 0.527725258200375
0.156243876903109 0.612426783977184 0.367387123599195 0.430900710295031 0.827308337568386 0.238532297794346 0.0989958497193815 0.161573149480172 0.765671990023084 0.619670730010598 0.59711069451162 0.985509541534389 0.111722850297502 0.123420449561468 0.576522188342799 0.848262419628962 0.168265806050603 0.318053165926305 0.151704743978505 0.894861723683459
0.126319256805888 0.573706210159221 0.327792039718166 0.620112921819333 0.187357748769304 0.679788757693269 0.106837761279546 0.0899951264869382 0.94406175460636 0.294490302164945 0.0668043439920759 0.631972342729896 0.131919120897619 0.126673085205705 0.850277459672212 0.967980503981958 0.322495256483424 0.196688726093786 0.1199677327852 0.00431547790920481
0.220959089691521 0.597167927009017 0.79271086669529 0.518404075787395 0.633669302175132 0.3831240204423 0.070289013295083 0.213998330017109 0.218938401389257 0.448556909976193 0.378019383000572 0.431972449509856 0.116134369135527 0.0707458510470278 0.272059312351956 0.847513224203266 0.527507043757967 0.43017112347163 0.481058890235667 0.0864738855962521
0.329996062529412 0.733142062447015 0.748007163395109 0.64415508021568 0.815728324511374 0.287654450916402 0.594974759066971 0.644705774633927 0.611315541204518 0.503770753453281 0.879228374283294 0.88413287249044 0.457507062645557 0.303007085209292 0.760567748920547 0.988024472516745 0.521979693170843 0.67425125672793 0.253979500674498 0.999782710695158
0.130347632583006 0.534828904095923 0.822463636867181 0.76446669775134 0.660897570673464 0.11014081749037 0.279244013034143 0.316665126917984 0.623749913872464 0.347963176947464 0.196845308665009 0.932709667047087 0.140326969681747 0.134724026639577 0.161714623683582 0.868472697900651 0.377011534343133 0.679592838214455 4.11186302746254e-05 0.953674375483079
0.449158907214584 0.634805230510911 0.740475454985392 0.706677412315761 0.858735381695027 0.58515510386047 0.108974660876748 0.908366229568841 0.88687318508368 0.406427106873095 0.922780116099259 0.996903662936857 0.620746627799257 0.235948020071417 0.854110386933339 0.911120954392713 0.373449255549458 0.651626683527817 0.514849992659543 0.999993268995143
0.484742881930208 0.731698032057506 0.842641342466494 0.88637956590668 0.881558590056587 0.514274376693214 0.45764062935759 0.829820828935222 0.936499231917235 0.485767675730167 0.739323879990031 0.93383862698692 0.528402322829025 0.211037848259869 0.85266149917818 0.996790378432192 0.764088599063403 0.770396685551654 0.455284977447187 0.992378041727457
0.41933913217338 0.721698487507301 0.845299706647527 0.727348385971762 0.985299453372306 0.523988395557432 0.320790325119086 0.847181046122067 0.999119929818394 0.95748583842458 0.950850148053115 0.998558848420207 0.846344626443978 0.406246548058845 0.96533140496664 0.999534127122116 0.834257979081391 0.753058884413569 0.998413979017099 0.999919881999451
0.0929786878567442 0.588613139711285 0.148058220121876 0.531289974621846 0.336614130773412 0.0889445715578831 0.0769545721833338 0.570805395306619 0.363715642339383 0.604641291269976 0.101232860386045 0.994386369596965 0.530293727231043 0.199972883767417 0.583247596627757 0.902116780941018 0.686553751151103 0.515202566852065 0.00126874068179191 0.258626079278155
0.0866231624899469 0.505734898088194 0.279038973798007 0.557667342798035 0.199737170319686 0.50296756152905 0.0235024198918755 0.0917398893430217 0.226226704790024 0.149266619482259 0.0193608823725735 0.916339751221341 0.119222770633589 0.0694410281591589 0.537804535143782 0.19092754859572 0.265338470770519 0.472932503727652 0.43989486475567 0.984368283052241
0.709140246937498 0.727973270200549 0.783053498976922 0.736710789978789 0.917460171694455 0.331887810058916 0.489690661974853 0.77232102365248 0.934838508931406 0.705756063128632 0.672048540508239 0.925873731603523 0.55697626868835 0.24100988901794 0.470757321048903 0.988867656208836 0.357146270025833 0.690629971602245 0.663366904442107 0.963701794751882
0.089242422027781 0.436119710342028 0.145347369450215 0.801863012342874 0.781907101607452 0.200950287365501 0.0488325595791681 0.282868333082842 0.301795297328138 0.210595941527968 0.143275799256112 0.969594142397979 0.120084990589427 0.126099275959603 0.727967018559324 0.353201811421511 0.26327770466781 0.419338030169641 0.0517083784034425 0.534334198713161
0.0642759056631014 0.424144130571524 0.0771855045067395 0.564555724751562 0.296293655812232 0.0864571734733897 0.146748997555575 0.125584636532005 0.155353578849999 0.0108439039482284 0.149082400105584 0.502818031468453 0.140485080602794 0.0664503254891164 0.182038644911565 0.229810671645858 0.132882914930792 0.420944690637116 0.242353771258633 0.009940623925828
0.216209341605937 0.519662020317693 0.527529628040249 0.748110004986699 0.38560291216128 0.612789151573032 0.0821914860970429 0.831344159247827 0.0373482593103363 0.281349297923459 0.825505615198836 0.505001107574668 0.0693419922714348 0.0871891812270423 0.825385753500634 0.977966109858135 0.719030191431592 0.672344442572016 0.0761962580829455 0.686924063506975
0.299089947863491 0.794175722396849 0.656474001338137 0.540832816206879 0.491400581922397 0.637835319059292 0.062339764606901 0.731683869970454 0.0441073559558366 0.312016595396778 0.712297344973844 0.987257055747972 0.174281374301704 0.0724393829859709 0.830059607337854 0.893656435180861 0.522464676523309 0.652775478587869 0.316634273491439 0.106383462969365
0.29193659736188 0.652402805839227 0.342900851235224 0.731855422646713 0.97599281798266 0.415397058103478 0.28165631919924 0.97231996085261 0.67747816311878 0.704286808037027 0.16289664562835 0.998288711039039 0.270986410828055 0.180646930011112 0.629728355852638 0.999541482329302 0.712512929654081 0.644116477000001 0.0110189814864957 0.00286938352145072
0.311819098431307 0.694908118795625 0.693301742059536 0.693247526263622 0.719606299556612 0.258535936569902 0.514585553117309 0.944974471560687 0.835624210345576 0.886751395965203 0.947077875130084 0.98858367677589 0.797449637679199 0.176289067491609 0.957608517444116 0.998632785615751 0.358196044895982 0.737384529525383 0.904637595331262 0.999999
0.311146499291599 0.745893251458891 0.68534854607568 0.851015932748173 0.967324101880563 0.531547549991715 0.851471992737536 0.977009755435774 0.895239914316284 0.839438359212511 0.949763921606832 0.999573252187874 0.357776567009392 0.0977195595601155 0.928147558605701 0.999913522448417 0.6364812481073 0.607227081566775 0.102440413822332 0.986516052676067
0.101154120085136 0.474406087824161 0.155204447532071 0.609977153524142 0.318322183793262 0.336971652303665 0.116603478057607 0.0650638016463422 0.40390822317827 0.104550726176159 0.286574425114774 0.926743325692296 0.152822312885964 0.121619569848745 0.548415197404482 0.564344604516845 0.422347112627563 0.329516003356262 0.000123484311554195 0.00271339531190187
0.133224498391871 0.666503734821265 0.414658545440144 0.684363905553149 0.491683753689323 0.120884393697634 0.210135689791587 0.429001439127974 0.174837720047719 0.566155241031967 0.12447718978398 0.89263525056685 0.108817600101979 0.122977764479348 0.365111564216779 0.995086084752256 0.211559770165242 0.727027299199356 2.84478555456899e-05 0.40411804974888
0.206624696854585 0.650918060948877 0.810265204255267 0.472362057523678 0.951748737399237 0.43579016548892 0.246882690616666 0.558622655786533 0.028362097028167 0.881471510089513 0.777399865891422 0.999236649597144 0.302284845158728 0.235189729412747 0.488235318220669 0.271475416979447 0.516015066819699 0.654551132212951 0.0221996795160451 0.000332151194835603
0.180634442939768 0.496104778664429 0.7493521413457 0.59886051732756 0.78636937700134 0.412421476627652 0.0933460181320558 0.302606342833579 0.17820534419196 0.197181151138424 0.757406447215429 0.574697191315184 0.281663796147467 0.0610981193430317 0.640084639330758 0.938710180442881 0.578768001542766 0.298683656694083 0.249049558227369 1.2767047358963e-05
0.0242895691587023 0.363365557947555 0.0549180552914683 0.530368211748688 0.277139116741993 0.154726524983423 0.00822234218242667 0.0409540816523062 0.407723659959945 0.0226504194474285 0.0175994258607574 0.0775572413390325 0.0224525294839081 0.0262045362911283 0.152937528164964 0.554674116878911 0.385845556126447 0.120716827611206 0.00517487916062493 0.867329656000653
0.119057511927376 0.486608078934219 0.89897482740621 0.367489286682786 0.666778563814768 0.526028868949476 0.0575775857512837 0.293516650167322 0.32757343688469 0.151722172049437 0.685408208871375 0.800765998456795 0.313339548660139 0.0984783441418751 0.651501484546357 0.894851017771945 0.646119138374561 0.639657723724565 0.00469099707061137 0.0102747821031943
0.532982167388815 0.706329554760891 0.948870910182224 0.818996660009467 0.850472183829032 0.429601334349029 0.556098483743161 0.907137627186952 0.966436959177962 0.863783376270823 0.974775673601239 0.999844085729413 0.559417522029122 0.303755124378908 0.957867756170681 0.968544298270474 0.694673646242399 0.809543382121444 0.00606178344419697 0.580020208601156
0.119431881615954 0.3745237701315 0.512549893852758 0.56879437262457 0.67617346812283 0.57247882353003 0.105039754341319 0.483902071465743 0.675398633486795 0.0719709236579319 0.0864325889341308 0.436637005831405 0.0958552650377713 0.0595857903397196 0.289385214409077 0.96167402482225 0.280618555387718 0.56279096514943 0.00186335947819439 0.0660218042924569
0.0811891930104697 0.579646992242495 0.576698345316506 0.601015152656518 0.509139059643993 0.177698815944733 0.162376146291508 0.575396494942644 0.123580915977684 0.167800676482465 0.116987079879661 0.894736897289115 0.12093284581759 0.145858516846247 0.758254496005406 0.785270805031456 0.330390210767009 0.475171130726315 0.00169843497814908 0.00322631605243231
0.426582643134895 0.644850354456345 0.314447475908531 0.68994586262282 0.987198973318878 0.324893351455851 0.509146951200843 0.884840204483172 0.127773800147664 0.704881593250483 0.803860318787145 0.856099453599585 0.421017993035559 0.191119224379591 0.842569525956144 0.991550631684283 0.414769846284178 0.476412446168266 0.523803162877546 0.992865086098128
0.0904519501554462 0.455507200845865 0.232900800657466 0.541683038031778 0.229037044585164 0.368109728113625 0.0560821229045443 0.116740864624009 0.883337964544275 0.27017229289686 0.0366241139507068 0.249910599833435 0.110867859386581 0.0472567973124054 0.791945671808076 0.561543907743186 0.802360971027188 0.334471119484604 0.0422228001085374 0.00034907488254644
0.825512458083189 0.77822253207082 0.738416776019993 0.85496426237238 0.991360229153119 0.546071317450486 0.639956723531104 0.963159956689619 0.993043170615395 0.954919037911996 0.985843292753645 0.996111851751284 0.902333813231687 0.316795115707514 0.831061787059939 0.926525401895524 0.772185887899834 0.859869719647373 0.787166690787016 0.999776916199678
0.0714001043950911 0.574239392066065 0.274455294631619 0.418076625640035 0.669359911664784 0.410357732097486 0.0638015627730628 0.559023727429012 0.771582815887083 0.323392060941768 0.0426250703869517 0.858549141694426 0.115089845737471 0.081969587778648 0.319009693716619 0.624086164682193 0.448982033300441 0.371019969337208 0.000339873842678833 3.82528461950678e-05
0.0349118072973607 0.500669467319665 0.729847937055837 0.593608660903827 0.0204039349771983 0.161201273027447 0.0142428210089455 0.196355902666133 0.0157234578688016 0.00820840327820344 0.012399937550256 0.52213567617751 0.0232952613948799 0.0188353644365572 0.213806584645183 0.898950433701297 0.429403300950518 0.55466210480717 0.000519716119489191 0.51649641923804
0.0917140564922331 0.628538898427688 0.686654052072263 0.299612542020808 0.86420121320508 0.359108521785699 0.12771954444228 0.757927579202393 0.271021084503396 0.58548578035299 0.602379655870508 0.987964946512781 0.198150275927461 0.167830500292017 0.838904153041594 0.983953513431243 0.57038528173106 0.645294522881432 0.959322701931651 0.997022555415191
0.271497559507313 0.690558346060774 0.123415688452755 0.726943919115693 0.703291962007156 0.679287778952988 0.0427127032913025 0.603351819727129 0.163969769943263 0.7861628193379 0.178615381592963 0.977262139819777 0.391659565860513 0.287694375845573 0.737433105294114 0.841154514539555 0.271192689803293 0.664574999050891 0.922770025101477 0.508991877900556
0.305098345499349 0.667728840083242 0.843874829445965 0.560797044281179 0.878580456944753 0.674175294233942 0.0311608228521346 0.768273339355851 0.654476274108619 0.539006575630952 0.707278924356646 0.871672095197998 0.39581119527605 0.23723649716319 0.983784022262337 0.990059654376122 0.405002957921055 0.837800073432953 0.718872773210566 0.910727211133138
0.379869494414069 0.485087141956216 0.54038598364291 0.408530303744764 0.768666325985082 0.791550790605549 0.799654239860763 0.758541615794447 0.188388240627029 0.281704856408357 0.0520474206073672 0.99029406004868 0.115994208372118 0.110412047414862 0.325711713515213 0.346643187820436 0.697969885573621 0.552555803235554 0.00134789484103621 1.43959520208036e-06
0.115646044519139 0.569655008901399 0.171206368231891 0.726562672559234 0.0273021856433986 0.215529525455929 0.0688583887617222 0.425021042324615 0.155836480344177 0.224638888655206 0.0299902502415476 0.0159721270062005 0.435670363908605 0.0790971833223938 0.834471675118998 0.998019796112809 0.536732800022417 0.412499574624987 0.0183714839887466 0.946541118274101
0.0432442911515513 0.401415673034232 0.24046476814634 0.517140667934751 0.0308860088939761 0.113088697498402 0.0847456082352475 0.0650200562489748 0.00186089920857525 0.126155202091032 0.0130331488015938 0.900717162601113 0.0140489420852973 0.0419560330816306 0.129073729674417 0.105092001024918 0.374613756032446 0.202850255084776 7.29035537123871e-06 0.000251905953655893
0.483527455208721 0.688758763431553 0.737438718519952 0.641637861964448 0.584185732612382 0.133970969187346 0.109063361103115 0.878268444847827 0.635251428615535 0.778141426674747 0.873824269552455 0.992373892745556 0.765659894558572 0.368142269337856 0.93055997466425 0.999877086138688 0.45618077426051 0.635849091272553 0.580955821214372 0.999966453855996
0.185484082971181 0.622852329047562 0.705466321046737 0.525193715197031 0.290472840332178 0.547392172450686 0.387036965448999 0.709257900058966 0.354292343094265 0.644078911651659 0.772531214618496 0.979653501609778 0.355047842460951 0.12984888084273 0.852631796572525 0.981689645118826 0.429824062043696 0.598492822884038 0.347561968038154 0.999970841322065
0.0408596194946392 0.601900567465863 0.220491636066243 0.595618717913788 0.0587692714443971 0.542557744131879 0.0327261470155211 0.0534662129360369 0.211751011864419 0.076686077942376 0.188105546658284 0.989324028011609 0.045338270066637 0.0368653393244433 0.801156410537689 0.782130586748023 0.255758850325019 0.408032387841374 0.00606947864120087 4.63240493406583e-05
0.162827540202781 0.640198639688832 0.451450502330582 0.46932812318024 0.634640487660104 0.738297858749857 0.111652740894823 0.302147710794572 0.0983720705139475 0.436721546141197 0.751549339421745 0.885474304306067 0.206453432594804 0.0764597775036655 0.40767354286103 0.985444860680643 0.31508517865877 0.63052750845432 0.000387256923328431 0.0124869251787849
0.381215908688537 0.674164436783027 0.715967658927238 0.667463839823704 0.935662342744029 0.433304128921502 0.266403043238215 0.534661551052621 0.987139098736032 0.608809227216674 0.905184056868313 0.96334576716675 0.663228584776177 0.384893809346224 0.862185673266675 0.995464547761857 0.54189091242768 0.727827318820473 1.19622781856809e-05 0.999846072949423
0.16548567058946 0.577591014964969 0.354287811431329 0.689284684784605 0.614173069488483 0.655678740069778 0.0215038021318184 0.825450612643122 0.0494498211880827 0.582905582942347 0.0771034535054627 0.892615576304684 0.189353170556802 0.116123041131024 0.885874709115461 0.680911199230273 0.725630604258399 0.393318703780892 0.00262857882120182 0.000958012323903957
0.119846123278102 0.451628730332927 0.607981892392955 0.570920188192956 0.469278264071112 0.138188076755277 0.0954990149267865 0.502715612270532 0.225435418279941 0.472554166222884 0.613292709378409 0.845585209421023 0.190757979818412 0.0736425241642451 0.51784748690467 0.970527767023763 0.650682577157004 0.359702546450103 0.000148262670945448 8.77596319349674e-05
0.0852025564429231 0.303261260381724 0.152862381051594 0.37584280823036 0.300368046585995 0.464508883391451 0.0468991500261874 0.240388226622426 0.178687686886992 0.0292278203398411 0.0577622750012523 0.305878254359927 0.100648292099145 0.0227049200323948 0.257857185586133 0.0914867555064016 0.671178147261663 0.417057868068457 0.000154837653784872 0.638563726582057
0.025604820037566 0.291845882745978 0.319503148707658 0.396713767763683 0.0299030661278624 0.198082219498705 0.0151922136566666 0.010862128954413 0.028797883003547 0.0163324895736208 0.0184062193813229 0.0110353124914714 0.063940441690782 0.0194929597325527 0.207992764802573 0.505063284169238 0.2204148523257 0.282281033322162 0.00206938654604085 0.0494581547436609
0.251487147902785 0.691987457121893 0.77450128943612 0.629395460470347 0.965942836466003 0.203652176699622 0.339310159513648 0.685133238947303 0.161625417143604 0.740043173236121 0.907452085127723 0.991434329838052 0.649257793463581 0.243089314964921 0.942106022214573 0.893612487446916 0.623763372261235 0.788851503911426 0.0429143174918901 0.961477300050599
0.539009960080097 0.662064963207267 0.933424105808272 0.793527081602105 0.973648916515815 0.519853229677463 0.0584742270137538 0.725263051500465 0.980794917138046 0.956087620505787 0.819868917344874 0.9093526055602 0.686991829261648 0.388032502319882 0.970544594190303 0.99979165261656 0.750133762049529 0.86681257038199 0.12052475751079 0.116581389695012
0.207868819105696 0.604513387665614 0.296499251769528 0.660424444036592 0.318711954277251 0.273146108817836 0.0443990663640443 0.109106898359984 0.997931676166022 0.844431873078335 0.0949102454133512 0.877276539950495 0.357210978847245 0.21764732826446 0.760589298836572 0.504247324505597 0.371312672000547 0.515821771191673 0.78493984158752 0.867414781238815
0.293058679408278 0.667448186669782 0.684110744789976 0.589917149125988 0.264953520793549 0.421516096776736 0.0690391157852897 0.587014641751752 0.833946487283702 0.690814722744371 0.974728389335713 0.962299693212653 0.533252521883938 0.229669415449075 0.850477116518114 0.995416302656269 0.20212352865475 0.485520847619415 0.00110149683313482 0.976242656388637
0.336260471021387 0.705672870525996 0.686795456697911 0.686455915720843 0.500093981127299 0.662637703447917 0.726650318816215 0.992969979578385 0.635491988711749 0.834857956185737 0.936325612391054 0.975385203749838 0.219152919532143 0.236597464488181 0.623119806992694 0.99798472969313 0.447142035599339 0.67850849832027 0.753137097885796 0.68073680787664
0.157094594404644 0.592322340111004 0.732764309506775 0.729886932044738 0.860654346631872 0.565768746547477 0.365889894360015 0.105125717547393 0.861501056696174 0.298454661255506 0.152747580554065 0.997244054081068 0.374634201024088 0.0742592954262272 0.643324247049771 0.995502996321178 0.775168283125241 0.486351117013905 0.443920118175636 0.0293109184220415
0.164554841951365 0.457690049392231 0.63563619149973 0.429949551255603 0.917546687125008 0.621512455690195 0.229009987107032 0.771532837015867 0.995175920047844 0.675217756729252 0.664002850683833 0.890030949175754 0.354496479258296 0.114604430914862 0.527149057360661 0.715345103663658 0.702878382228395 0.748712981232363 0.00271623176029862 0.93732206155932
0.0419566598653352 0.468319038571547 0.45910075051564 0.448537569412583 0.0845490634495992 0.228118217440757 0.00484096429575226 0.290383769765323 0.259742646227817 0.0796612009312913 0.0894367829944812 0.890538686641048 0.129009386674458 0.0629052040765519 0.668522318737113 0.526650154542045 0.34938626672996 0.313827146090643 0.0445899067828748 0.95111378474078
0.0463142400421628 0.587415663442249 0.594037730646113 0.722960950688848 0.79540990665702 0.306664844546533 0.00839699555219506 0.0811072413423087 0.893230266452678 0.162266474251499 0.218272986997102 0.859936509255637 0.104070202729495 0.0732473745996834 0.353600934523669 0.635008856701527 0.253734311506531 0.542959824942992 0.968158161486709 0.0173204043704021
0.22144024423631 0.677963670823139 0.579240428114958 0.662232264792452 0.950932439184622 0.112946551879594 0.257028160807793 0.910871481913665 0.997951565575476 0.728420142921682 0.738129642087672 0.994565772897067 0.366536827885345 0.310688083805278 0.862348482185941 0.999110284994787 0.582138870482401 0.720185820707636 0.00446270933072375 0.00926123846546005
0.430217530551913 0.772877893961333 0.740351458072307 0.799132631014568 0.936235699072243 0.818420123804552 0.380805780053595 0.951425738104512 0.934377077125354 0.985963598297788 0.835371185478648 0.998570627424994 0.603920633495647 0.31947625950109 0.80600061786094 0.999963358003962 0.796466425578432 0.730910211013887 0.746867579648403 0.958870497225584
0.345630439973688 0.675347560515982 0.697594119928324 0.700874571251187 0.92978393057072 0.0951380804462204 0.389077825991397 0.652245699137831 0.897987330906313 0.819024778420559 0.922949374285966 0.824016879332774 0.43447056818078 0.0829906148448658 0.663240623107005 0.672670683822098 0.573727459452576 0.749513356825519 0.0975327600489792 0.221001813379712
0.247565335339923 0.655636337379321 0.418803571344599 0.584301668409332 0.848545412530315 0.247912218594888 0.236503820540345 0.10113171160851 0.322120142848031 0.707226103351207 0.266465265543364 0.987891576901975 0.30530627100159 0.0965069953741772 0.89488044004895 0.99794408346876 0.704517136257292 0.544538508865592 0.661092340238925 0.999960401231363
0.192191189003807 0.542662049443508 0.834582171714108 0.640855882158192 0.510027148981545 0.694376676788035 0.488399109339362 0.955270568522291 0.529471873461598 0.263368237173181 0.536558172902175 0.880935458807416 0.196025267245052 0.0949637141477375 0.748521087441694 0.912853984659093 0.41486261491418 0.427624991769554 0.0050762302788275 0.197691376622938
0.088404673849355 0.521557042884037 0.704192299008242 0.363391314779849 0.901933624380864 0.778608845437201 0.118361171916397 0.233685316035089 0.199437830230508 0.502749666060244 0.621037205219613 0.976624811013501 0.116193463667528 0.0459530775388439 0.910190155540484 0.174444386840468 0.841349723301636 0.723088226406314 0.419708923849375 0.121596381732858
0.0890368867799442 0.596160261800011 0.142473278998824 0.831650158885971 0.357820382443971 0.482050999002433 0.0420058757389625 0.449592450860041 0.15670600266275 0.263788552362551 0.648779239119587 0.962471536721582 0.349577300211751 0.201592420538662 0.642178743610719 0.863760676158728 0.231702384730746 0.345167819540215 0.00190923916863275 0.0453280176092775
0.074201223092335 0.533592476898618 0.188220143099061 0.274171414948138 0.367752964343948 0.513821973465691 0.0632969495382175 0.12420636227271 0.0758493056521528 0.129691043901929 0.630061005398985 0.0216724132849714 0.0800140489831118 0.0792741819601483 0.228025995948218 0.174272545804269 0.382097059277234 0.470734621683096 0.0517509157768841 7.45012960157642e-05
0.0245277337087156 0.472866819845462 0.115773498519711 0.357675427856129 0.00178515957547364 0.3041180494408 0.0448674820030491 0.227029799647893 0.547204018997044 0.00291113981727027 0.00678983189271722 0.555078374261291 0.0622266361033987 0.0167122161859429 0.247189752655895 0.0317354456358555 0.218525942337826 0.354449923498832 0.000839723236906365 0.790591775450993
0.135377809504391 0.467256722397174 0.790326552541938 0.384989285738837 0.665219852111049 0.92133288554038 0.125032639973729 0.261172006246872 0.625461902495726 0.1938282399644 0.244077905106075 0.988590075546908 0.341604574095565 0.128445245050042 0.667858893277373 0.995734346606899 0.698423736202307 0.595661043134676 0.0743963545613017 0.378270726899395
0.494058924821125 0.74677394951059 0.947396229420937 0.740176275354773 0.940737565376728 0.400363152954984 0.906292065750044 0.99492082903892 0.769734009972755 0.839860090867565 0.870060536955224 0.996621989004561 0.375765267795297 0.398675561173488 0.789860041886372 0.986594672228832 0.727837771954738 0.740583105265685 0.999892098937698 0.999983822330115
0.43140648581896 0.517521389168469 0.463572799952648 0.674403043969 0.328989070480405 0.657210929744205 0.307065458076 0.64917680432461 0.722032202244366 0.688987618910867 0.962335645155506 0.987967874463374 0.302876149752434 0.206847934446912 0.45638276739481 0.97009931324419 0.40168092624829 0.776820063665621 0.18628404676123 0.12137640600036
0.06870374703419 0.594809568889117 0.437924013929405 0.539838456979624 0.492379624974429 0.12809352232233 0.0631499975878827 0.763813862996158 0.567937605905947 0.179633759468968 0.0930975829532669 0.631176949394406 0.125441543090168 0.0415957576585271 0.714819849642428 0.165339025914744 0.396701561809092 0.068122506874772 0.981108102939285 1e-06
0.298613821104638 0.648551377755013 0.616368412564868 0.598954213650825 0.984370544328848 0.180329481642687 0.386878587006869 0.86631737236052 0.966836886116932 0.899748969723233 0.880970309928867 0.968041744597446 0.778808441961348 0.172515223400891 0.849519347750159 0.991626316138653 0.725849046230898 0.689683858258746 0.986417627300292 0.952046556419396
0.0760332027174662 0.488394259905132 0.549259581688666 0.762126987789446 0.127007358442513 0.885268337565101 0.0124450671982039 0.27910497457644 0.317620836733758 0.0633304370466344 0.0414683719172978 0.274079491772284 0.153826193731937 0.0719407480182488 0.552587281480338 0.99990846970189 0.774119531917294 0.38665573354322 0.329169755254075 0.00884345086746138
0.079338220623372 0.393747499613313 0.608386954097803 0.399756040786817 0.847500726430161 0.275843297064953 0.040504803903026 0.330492775179268 0.346946209225679 0.101890668214336 0.0120639266671817 0.909710699745536 0.0534483482378888 0.0313885273857294 0.416300375210932 0.680150908853938 0.495576279441651 0.438753232666368 0.187672383762815 0.999754091919436
0.0161597425103224 0.365421577125497 0.0189040119112737 0.484957306511378 0.00796977359887604 0.106746795916636 0.0081532623952331 0.0362251049383451 0.314451810693367 0.0214673400573854 0.0151362803471935 0.129931792361081 0.00581087166615807 0.0272235104422258 0.274058797651332 0.0196438127810878 0.142054038116666 0.263077918055291 0.00263915262262043 3.7131275123356e-06
0.303717306481381 0.521204805843332 0.504474991003429 0.739392972540769 0.921566832711835 0.273583261839407 0.455910415186315 0.588775712622712 0.987584515122282 0.44761863135789 0.658109529179063 0.874658270593825 0.0804672010228389 0.286513785440692 0.870673640612301 0.503073102550475 0.386871808955584 0.480924101914494 0.720433143764409 0.886597225377027
0.304197532725546 0.545707684873726 0.372742407212945 0.637579641253095 0.323555088266995 0.710624036105195 0.116082668623648 0.417917330980221 0.279737628317352 0.220968292826688 0.0318031812055914 0.985134514565004 0.248721293673308 0.0778125171508755 0.138754614724299 0.15668611049377 0.505429774347206 0.476019499080332 0.00971464181189064 0.973235903912556
0.098956892779069 0.423966390350421 0.460063858996771 0.37386231103356 0.540515208228375 0.352928635911651 0.407700904799328 0.0678574509280312 0.703662600011072 0.101490850491216 0.225295706933896 0.611355576268103 0.0460526294833766 0.0629716118838395 0.500527921489857 0.245437030034266 0.186902355087211 0.55014791873571 0.0331495052277765 0.999999
0.0773001152746582 0.638492887608801 0.806392185503937 0.808820339736699 0.881104280504403 0.684880689651654 0.508442065227566 0.798327871782525 0.0369168236143818 0.0522557040072146 0.205548186440308 0.961498215490292 0.285143594578453 0.114734370171585 0.73110292018178 0.949993129874357 0.373621649518736 0.374269030555269 0.0690590593673934 0.0851478586620568
0.529392490350218 0.762113376948924 0.923195262850383 0.745600289600075 0.911077611623193 0.632924153300107 0.303913317290425 0.955118570244621 0.968059031950744 0.910443698320661 0.996403396180979 0.99610342237051 0.775135365003374 0.375522009714875 0.965948755398446 0.993176785152548 0.702069093326455 0.685915717274638 0.0217832498029284 0.00706249349067009
0.459419634067705 0.753611609917471 0.945660474631926 0.610718435340668 0.913408569956511 0.445771213371683 0.675526896235501 0.994339456339284 0.397587765703731 0.73428145690105 0.728936800087293 0.986915547690261 0.485235730338217 0.403747424488801 0.628598500612512 0.994715267071962 0.368050438507099 0.779995156749163 0.88939717013316 0.859743410363138
0.188119090628487 0.615109630160283 0.403334228506447 0.731463889466213 0.646703018668166 0.266246047508186 0.251904928984096 0.397281904769831 0.0459319653062554 0.761811463979552 0.75780751000533 0.927156247496112 0.323876330107843 0.0848460869753233 0.857744636637823 0.990780875538054 0.596628328677025 0.60920498161346 0.0333445598957642 0.999900159447593
0.160745240036596 0.726501075133262 0.602314241463263 0.682707451522966 0.953892869903908 0.14795744823382 0.15186238504383 0.764635334988046 0.609869533227734 0.826471733011444 0.90180333112733 0.671698115281286 0.482111410599736 0.157725247265437 0.525387279793785 0.269506991508909 0.771748625087071 0.519756512290731 0.0767252068946461 0.0248227095063185
0.139071725097427 0.688375953561297 0.935759037123414 0.658228495742601 0.356387424522483 0.109084898895666 0.0442007177365028 0.0682631227221792 0.128417578015581 0.41107005973298 0.182715657603601 0.992119923940696 0.128970731069199 0.0400246009033158 0.769802489217721 0.242910538756892 0.213241818177792 0.326331575696329 0.204386205504171 0.505070382326565
0.201451177065808 0.642459560739424 0.875837590484936 0.713797406200074 0.869497012714145 0.583543068007975 0.503772230563893 0.969050553632935 0.889608792380102 0.684026275292639 0.418524343701448 0.96879049201554 0.35984308063823 0.201276670063688 0.428554738340071 0.987267619594385 0.531867746496409 0.626013598335562 0.0574385303845468 1.7780975994312e-06
0.197827409679318 0.569711730602527 0.16267997602123 0.684819716489722 0.0997356966628138 0.231200205367371 0.0112600784617134 0.153239011381057 0.0234944192429899 0.259026691584124 0.0323302085051869 0.187968875430156 0.0730681906426926 0.0560979704281852 0.47814297037211 0.465740439131636 0.313473837531458 0.255834704218456 0.0396801818988145 0.995681373438102
0.354131225014216 0.639927540670232 0.220198990281502 0.418258981744424 0.899711699812995 0.560703299204125 0.162432416789414 0.512768499813484 0.661033504775051 0.549604572675496 0.938517917374505 0.992578627860493 0.222556483576059 0.16841145101101 0.835860549877581 0.211421707745474 0.593497509566577 0.570816916327239 0.672316510928005 0.999982346500481
0.265579676584905 0.53435635142326 0.162761564085718 0.457125161128545 0.874162004206586 0.447398289624725 0.178286293338096 0.423245001766782 0.685623588139285 0.374223181811728 0.213336176429084 0.683054804618555 0.1660083510647 0.125363684777949 0.795577314765998 0.699483214731445 0.544633860365376 0.400149874704024 0.194724643026407 0.638263409962118
0.327147284693012 0.704046720733293 0.911400602385642 0.800612641931432 0.998489516256197 0.32083008853922 0.311463792695882 0.986900328322382 0.959171790131092 0.799164831647586 0.937859233198282 0.993005223357697 0.618302808853965 0.51864258558238 0.917944818253482 0.999739090044961 0.86758827850756 0.856383673309951 0.922165374802407 0.999218881767558
0.0311511667120732 0.395238742006386 0.261248660888615 0.321578873542656 0.102123013836725 0.224558630776105 0.00921598234968717 0.0635326546240192 0.0645934874403596 0.0295221843868785 0.0183767623727471 0.323373877166602 0.121201820139756 0.076610787266817 0.25920260339077 0.982983144600297 0.127614157447777 0.247256610003611 1.29450203548441e-05 0.302521474566638
0.45834415144272 0.629049090363085 0.830592410732251 0.588047958685814 0.909676672996111 0.710743319683524 0.431455820084628 0.856572662572319 0.984993470793079 0.47476152058112 0.841669681936827 0.9960079413161 0.342045908183784 0.318012357713977 0.96545373337004 0.994333704741578 0.574075026896076 0.801648296206272 0.0968879953833349 0.999999
0.214596506951455 0.61469037362016 0.420996913950241 0.637760697949826 0.921131763583346 0.626903111121733 0.698594751664663 0.746798741402816 0.715754783386659 0.589868065219209 0.699735902007689 0.972798535725676 0.271364256366375 0.105249330942117 0.859769604840818 0.998958447199689 0.644149346388426 0.655341380202125 0.883987734518851 0.000574016881244184
0.190424327197586 0.598418474227187 0.197993693382924 0.583749083423433 0.664729441158867 0.515319789289875 0.281536360326694 0.227390749659027 0.9904335459902 0.180904564531931 0.440953561849695 0.593250038610366 0.360511934653336 0.10296489442189 0.796111365651385 0.79620001507788 0.705911596234398 0.329407489985968 0.0127997721310187 0.988792641105721
0.512262990246343 0.626000767766889 0.75706059648275 0.529671467592419 0.936067971447448 0.397637373413358 0.257685948530932 0.695647046604499 0.99673250149323 0.821049550507909 0.943928273977401 0.80867033915088 0.158561117577391 0.211945395940952 0.853801443900857 0.594272685045501 0.63027182212688 0.891326272973702 0.996426978182604 0.99998662724458
0.27334658356314 0.606440401934879 0.453665748740067 0.564277571622813 0.249040278883417 0.488531265427047 0.406079590012017 0.604747250878924 0.114090870867365 0.653275069443659 0.542769627460825 0.983114808606435 0.51195643323749 0.129830543962219 0.88204774234188 0.589913990070503 0.656001900890796 0.5717933439397 0.0933633150957677 0.00116182329800632
0.0264215934203515 0.606188475338488 0.146866038085986 0.55227739722799 0.27594304856146 0.41814909512018 0.0443972656976956 0.140630155811198 0.82702885967701 0.0450607248558907 0.0266966935842257 0.998806869062126 0.0675791710323269 0.0373402220844195 0.701122784705157 0.931750507272171 0.169134761490904 0.415184067690184 0.484889733497282 0.00876011251289821
0.100161149447287 0.628249909579927 0.786041054879615 0.39348949409234 0.30542856560494 0.154563519871063 0.551725712039635 0.156638095044406 0.974110321347765 0.0450154267586831 0.0101441683719615 0.928355246494242 0.21093619835826 0.115725845358806 0.558277533472768 0.57389451873853 0.247302906241538 0.419651986305136 0.623961346264709 0.000733896546363819
0.269975633016959 0.595721623414778 0.0873814065541315 0.419464565052933 0.447865336274506 0.657872735498064 0.186398475330029 0.697000819395372 0.65644733879245 0.685486944366538 0.431890619686227 0.873590171109403 0.22870565820069 0.149669403960779 0.428331554815944 0.953222668658669 0.420880156121575 0.510311478360092 0.0402979488152056 0.696468914824593
0.317595980767443 0.559836402427366 0.89419647077342 0.47868470969426 0.617661869489894 0.509449840385426 0.0931516174773691 0.836961110853374 0.106397256722564 0.724628845514635 0.929211642003563 0.908851460699038 0.515084401255683 0.393274801507842 0.910183736498998 0.78959809512055 0.396088424523113 0.679071937187944 0.00168509811010751 0.739586826042321
0.0276612302465792 0.414288287208819 0.672946574887718 0.539923989462566 0.838076572975181 0.09919603597112 0.097440490977119 0.185559230137575 0.419595966851998 0.193186132332646 0.115104187613758 0.223896177117627 0.2735576994756 0.0335494131742216 0.350199316322275 0.782432386247991 0.394986373780867 0.336754275548393 0.0563262714610269 0.0758496792857694
0.0568897115232537 0.509954121309405 0.186552979437677 0.602754664396103 0.277777706383743 0.237349419543376 0.0369736212419691 0.0219698914367041 0.905241661343153 0.07944473655494 0.248637699443773 0.852884460347055 0.139781421082442 0.0988653946894448 0.155938007054868 0.113232068070262 0.316186146365295 0.284834948714653 0.000402448050163257 0.0760739974823277
0.148539359947037 0.569834405686672 0.82610938573892 0.699580436390704 0.20079395302912 0.190996295322805 0.206428949963837 0.318701444064425 0.00858876490070292 0.495917384818004 0.13026738437235 0.999098923386964 0.265866038408566 0.240972440398264 0.615558650120197 0.985301359299841 0.32164916155527 0.332773365606047 0.0666937371645913 1e-06
0.238605729193852 0.637347898161295 0.834523189583185 0.813988362823738 0.939143847539117 0.707172243123212 0.550116327707941 0.557427989854305 0.547557370396733 0.674690342576921 0.942327590337034 0.974442484001297 0.58965219192039 0.137345927102088 0.819868285671368 0.429435291443475 0.515446446946772 0.562229185804671 0.560597612028529 0.982636699998176
0.963609684556391 0.867692552658352 0.986147030810211 0.905240516003634 0.999628689312531 0.643117319825011 0.782657623853186 0.999566325486376 0.999442375195172 0.998597694775985 0.99848767659446 0.999791630355157 0.960164860215819 0.726850323787505 0.97725597434606 0.999997593484651 0.603686870280148 0.900678121452049 0.989065363211768 0.999818528517823
0.044350856446878 0.598683553597979 0.603638304516597 0.813387759572781 0.12821799370659 0.227532214618659 0.0417991177915053 0.0216578316017079 0.010314980818541 0.0743012819780015 0.0468755160721691 0.332353800824627 0.0747032029307257 0.0265956665305105 0.174027693105513 0.936548530182194 0.417701167441524 0.243802991583303 0.0364433372950383 0.0773346824298502
0.611911740973398 0.741717571645232 0.961741330192651 0.874823940274471 0.945204492465147 0.613411223462788 0.211857695792698 0.979642244769101 0.988968211734751 0.965948440712649 0.962261599935243 0.998524754988905 0.584683947695617 0.402664749864015 0.889663282055039 0.999975540778275 0.736107716499104 0.931355400523186 0.296585042215145 0.99991448374622
0.18351497175999 0.630326251015723 0.402708773889248 0.732688991627774 0.594070841486633 0.127944621799481 0.0263555024086403 0.304278524764286 0.37944390351532 0.211698703107029 0.139129786266664 0.435911962275187 0.309043169363898 0.12314040708022 0.373601188855598 0.994589338780596 0.338516845469907 0.540849154929112 0.070463070263297 0.999965052177598
0.141849364900714 0.490694802203385 0.625328622173058 0.4275328926586 0.0331910439684336 0.637783006821929 0.0687391202460552 0.128275335178562 0.219100764270571 0.134160818701835 0.143704969757401 0.137606596254417 0.0257564912972194 0.0657208427821002 0.284961645949169 0.0398834936318697 0.179218257660461 0.219359832572904 0.0192908959452155 0.819479940255917
0.0921985070371064 0.451769710560447 0.0646072223001865 0.446814211266396 0.492101396685868 0.855985332036617 0.0240260409382652 0.629655540260696 0.410892251647342 0.0914961286655549 0.0310400310929954 0.0131493624525141 0.0256394353966283 0.0779758854353142 0.381978361429851 0.606693542147833 0.64499682348731 0.516080399198356 0.0195432176957328 0.999823837198604
0.345471474687794 0.660885514867324 0.749665657714514 0.699114883166315 0.903200156406209 0.616898734145253 0.829948440122267 0.972804220536196 0.207234624549393 0.431359426483533 0.419843679868285 0.927673336950298 0.23772863481813 0.237058522718775 0.338768085589069 0.802795420784822 0.76425552547081 0.558134659957438 0.994193136367794 0.999586561236717
0.457412734096257 0.698594199240704 0.820421706771326 0.695744267870524 0.977393535520284 0.271753931756069 0.753408817167289 0.941028419808587 0.848062786013123 0.890397611923997 0.739799802531753 0.982223882292458 0.631036502834885 0.483219293959159 0.80999482099274 0.999842655062415 0.608352221341956 0.857957879974865 0.0162582496133348 0.894002394908036
0.180493163317158 0.510616231768996 0.445846848788423 0.699047311556706 0.698675345638878 0.817308709448135 0.0918866699402098 0.277797178014209 0.659735861488791 0.59530690045774 0.549448624196737 0.9925367052868 0.200371228530645 0.145463187700564 0.307069161894871 0.993691111635886 0.371038705004184 0.518392976917563 0.0381709852135163 5.50016374064925e-05
0.261836534750906 0.658764465822634 0.70645476385974 0.81081067053172 0.971997545083058 0.140597652202841 0.15404828980748 0.813387624838656 0.916129295446818 0.962756806014318 0.709766034708593 0.994454413366249 0.48598287165212 0.266331994976248 0.823309224255379 0.993142757847443 0.409281118305446 0.744488563473561 0.730770589381196 0.980494235865711
0.911436428553155 0.841898387466039 0.938682818301445 0.576468457831561 0.999602914300481 0.648064819879541 0.948638097083769 0.998896146786671 0.98178988901033 0.995729179903833 0.996441922311843 0.999838324608474 0.964421164316642 0.80516603904505 0.958100931246561 0.999177173434075 0.704602158867244 0.892603352686156 0.954371758701761 0.999999
0.282880451562285 0.688939710297271 0.844603150961657 0.667429713925653 0.896386342857904 0.115433620299213 0.406229631074841 0.34064312304356 0.0788270674315885 0.856221672233924 0.412036110933219 0.979099478021695 0.26705339447274 0.259507464059547 0.908705217873098 0.987362212282895 0.712553598594271 0.58085699191322 0.8068781432111 3.3932336280195e-06
0.312012904939513 0.688599134364317 0.645949634769414 0.830796317273772 0.425501351710568 0.337117601947072 0.52508601726973 0.928523476199049 0.949679670134096 0.896166952449469 0.891793877704549 0.957368969777953 0.576881080916886 0.252366062567931 0.910796583632066 0.994073072121214 0.560698780220831 0.581541481050224 0.819238777970735 1e-06
0.702387940422436 0.714543056896239 0.986989631809473 0.779659599691001 0.897207201102578 0.324249094926332 0.718873319822767 0.92514019916601 0.990354024304097 0.969520057029933 0.897176631190035 0.997579902665822 0.44225414452765 0.303966022211655 0.931958054701323 0.996131849279929 0.70155380113647 0.885651572370104 0.933658349035811 0.0149931733585214
0.0884011508081051 0.433485918554158 0.301527863780217 0.725487110700539 0.442107966758666 0.153289098271631 0.052383150404568 0.0392406156609267 0.0101784312619338 0.0678303688896649 0.220274132786857 0.735818899125456 0.0341699530515876 0.0600528204521039 0.431865756041363 0.898080055885338 0.39036951011451 0.483202277138141 0.0525071105701813 0.991307235561611
0.0574877666710382 0.430929631592007 0.852344764934547 0.70370436005084 0.62829347981339 0.179895793484874 0.0457795096350359 0.0884952824200279 0.591976251470332 0.0334928580396855 0.0203998585109743 0.114222555700672 0.0451959053584837 0.065422827112498 0.497199870951928 0.905666185671083 0.559941974458535 0.532857288936569 0.0611179153616283 0.435091159889915
0.0550855721988674 0.494811172476138 0.107204251805211 0.6232860865239 0.178924687303737 0.132659011555806 0.0574071041118849 0.0478082717852403 0.514136490249843 0.140740581981556 0.192717874160183 0.445972146982826 0.0518605964827422 0.0793947894048677 0.58933717609083 0.803597271146499 0.532251934333133 0.502530527948816 0.243301117887101 0.0453745126114257
0.11457302008803 0.622892513830052 0.740067114949936 0.817933461602607 0.557966281910375 0.397923899840358 0.165230491147584 0.753170230742379 0.617940584310697 0.793198520883996 0.851906590605388 0.694509750500591 0.474998201164319 0.164644897864892 0.481369467958906 0.969294066166983 0.564299318974521 0.56091142493642 0.388137681029349 0.999948895046951
0.168093547181646 0.552593932158995 0.673499724318199 0.397885470122697 0.194839809519401 0.256677250826112 0.167837130203237 0.727596390515456 0.91409681459528 0.650105062267072 0.444806665080706 0.875945596705535 0.22965678961497 0.13590755687347 0.312999628301677 0.883919794052991 0.699731611108704 0.448491904070816 0.0581442003871875 0.946158983509967
0.240248507621818 0.507299163441313 0.637493637892436 0.78981087490704 0.0696870474010441 0.2823279515074 0.290192420165617 0.783450242704408 0.188643023585438 0.108266616877816 0.619421415236648 0.900809553914744 0.123542180273586 0.163208943445356 0.594265152362662 0.978369982133847 0.307954496543613 0.337297883168698 0.207304330935843 0.465744170816999
0.201539554152865 0.674421826914793 0.90621370041004 0.431205792862233 0.809396906269532 0.483737381024384 0.308785931338907 0.148229402193461 0.561851438790182 0.311893671199728 0.259422055366803 0.753856276754284 0.442644361087955 0.165561519921452 0.66313252480965 0.997804249943197 0.772987092110496 0.741154494473058 0.708556464103148 0.885072124480526
0.0986773856260458 0.498128221143242 0.427001047208394 0.664759080648001 0.407826965225226 0.313035563977857 0.212242861687559 0.151330361974398 0.120643853499539 0.0738119306724377 0.269729360629852 0.992116248025694 0.196668751856152 0.0627394250358252 0.56059869054179 0.998925714212646 0.393245169883788 0.395461219194839 0.115551190162727 1e-06
0.105702708965448 0.449604997535656 0.934373256545827 0.4693541432706 0.211183613177822 0.278323890588946 0.169942943190335 0.475955547348733 0.59789553807288 0.09045831331214 0.215528656947564 0.586348966739001 0.20668690005344 0.073568568823536 0.66616225069162 0.999436559088252 0.276868114424178 0.697791718885167 0.281129063354602 0.00015329382458412
0.465666049746484 0.634822624452839 0.719920201528157 0.603477033229329 0.960235760423914 0.512289282635137 0.453607109807683 0.647522597030466 0.985729796076611 0.675571492107382 0.721985250631721 0.460870406984764 0.632362336937723 0.218262253338019 0.879441498349048 0.994591922975986 0.716919281529639 0.562711643835509 0.991067605555569 0.999987970816446
0.259833035672397 0.540906478701673 0.395743363833911 0.536921118714865 0.644074940164949 0.276681848627407 0.0935611774894511 0.525004432406976 0.870420252943458 0.547265973686244 0.493793566070438 0.914468674938929 0.435138237715711 0.173073590792679 0.845142223031283 0.999609676235684 0.475833290071736 0.679302163292505 0.901573399057761 0.743307159729171
0.578779699638856 0.710236782980181 0.951502367545069 0.748183987037361 0.327771776791948 0.5495082275403 0.091306587467393 0.948638324239914 0.985628089689553 0.948941663371785 0.977133192662389 0.995253098368516 0.50137336119267 0.671784866664661 0.925699321357405 0.998899487302481 0.369699324597241 0.757929747589923 0.315186848184972 0.999905404790476
0.954984309094068 0.763739940892082 0.961972943239573 0.906393767162312 0.863936879075197 0.646889161657639 0.291130914704857 0.995080330744221 0.979326062398487 0.989874773231959 0.959852258326595 0.998832129298447 0.72303867417583 0.583801374661834 0.897665445349518 0.99998715815253 0.669347157943024 0.735695276224434 0.0864733964398659 0.792640635136142
0.162531326286033 0.608514519004081 0.905001674529174 0.498064504350634 0.709121019800513 0.527635578848694 0.447786739351623 0.493573006417711 0.795912065662155 0.267107597192405 0.389963328455897 0.990512296599636 0.236358232809878 0.144603490533683 0.88407697862777 0.987486238972447 0.477430038284971 0.575571401435868 0.968002090114995 0.000265042371684131
0.474044794895856 0.643610807538803 0.512031256528763 0.483219697060235 0.958856849936545 0.596333341388055 0.502855739833397 0.907300849117939 0.998474320899217 0.94662313629341 0.976876827346267 0.998854271425195 0.564096208419605 0.311947750856228 0.966750384661921 0.998621720473188 0.932131226849158 0.776121702871489 0.960243952727561 1.76781221060682e-06
0.661398947241929 0.713045327685308 0.669548609375033 0.561010492093819 0.98751301398484 0.418775380827908 0.388595150821474 0.990296219509611 0.981345025124661 0.9194431763421 0.899512040977153 0.9889544553911 0.370951562490368 0.374966483024197 0.727974150796803 0.926291053951312 0.520106920920011 0.655231172610177 0.00650958142988278 0.998310900598892
0.338015446145353 0.692265075691074 0.386142356989847 0.487255803702555 0.905787499670023 0.304507343199398 0.397567844280152 0.284063582690355 0.953248464113642 0.649684128069313 0.46061108465008 0.992906868384119 0.424973975263459 0.173185435100366 0.524072428794184 0.943379359344249 0.294505381807039 0.535285312585782 0.110207049881853 0.999998471873132
0.240159825725019 0.506366696718854 0.14890018405229 0.448732928162056 0.922849198971256 0.34474691979607 0.0199240619522562 0.0976693307780776 0.00272141175446896 0.239813387963816 0.262514056789132 0.562200276179848 0.299982915222052 0.0436038378198895 0.219227158679896 0.752219055816227 0.712944258773041 0.372900858021726 0.963875920996826 0.214059774562455
0.481049925432774 0.664434637688334 0.758574766663131 0.644046080472658 0.750771136784776 0.251217177329004 0.560084612897333 0.735219570503016 0.418041082821074 0.786177990060244 0.969124809450644 0.947779008989553 0.664340796303356 0.218013683813723 0.860293606435781 0.996184495552531 0.745031243881956 0.558864926316639 0.313338526386833 0.00157936821291879
0.256633494577129 0.521868830535984 0.824246286719308 0.554263702838693 0.368376954606523 0.431571866078509 0.0946472775774688 0.599779152707679 0.985220825549739 0.553674613111052 0.782966782273749 0.983457696769342 0.133200079362569 0.117788073538682 0.785550756811344 0.984381619274661 0.536700277564459 0.752271498618094 0.708186012604834 0.00138572950396552
0.428973750158379 0.741464911569355 0.687532188823109 0.931400513755881 0.885297773320185 0.269597669593188 0.402250020693955 0.904034536376425 0.890896569259957 0.71744049279421 0.932145631820452 0.994342205129489 0.608082562053408 0.244382030927395 0.823554257036716 0.990526460398843 0.219448876639331 0.539210467628505 0.992218140454543 0.00606041723004414
0.0103338138649755 0.350532726043318 0.0419562511514703 0.52817560952987 0.0332830319080613 0.158949643935273 0.00791398812690937 0.0164194561170301 0.00123027583619017 0.0167859825731457 0.00262709006923756 0.0456491624960783 0.0376289717377267 0.00934425028940777 0.357888118814795 0.0208561698958861 0.184952159902442 0.180466216955688 0.000249137321040589 0.00386303324274145
0.470704657338472 0.761150002472506 0.936595199136434 0.76925986454542 0.844294960088217 0.141733944171865 0.359400993867557 0.888901876559529 0.98238319891281 0.926181947224282 0.391121737092628 0.964353985335659 0.327379836539434 0.27950949995075 0.834100077666428 0.984913218435789 0.728377181985648 0.491357087753583 0.508641674968967 0.999997710002223
0.680631850114256 0.814823173340466 0.948907727971155 0.841511090173696 0.96992701770754 0.461548859893436 0.539699617579524 0.999582240538742 0.925908349361745 0.975149751459147 0.950660922253622 0.999785560976696 0.816658160862846 0.539516931611021 0.674887957285396 0.993527356737674 0.566520883491688 0.825879453115875 0.999998807755953 0.870460848861315
0.020204915638752 0.279005124713319 0.0356932548468172 0.374741810306711 0.00273200814347715 0.163373848901218 0.00360360912369578 0.00297749712159388 0.00200061886118316 0.0234290594164339 0.0566987977500346 0.247757298646135 0.020895064640164 0.0150332204922406 0.588263873026715 0.0101406495790574 0.258446380563813 0.443473926820453 0.00118872561960565 0.0240702832781431
0.247339933743442 0.574730980839652 0.905955319530504 0.497838407593231 0.657811542123365 0.352486085848268 0.0593878526909163 0.325729058201791 0.647004896884418 0.102307511575608 0.434712645311595 0.876571774392006 0.297820929441041 0.116265137685868 0.328329679141547 0.79187019238111 0.484303219843244 0.40612330474014 0.00792271566092538 0.894433086256608
0.333955401052364 0.675391696474207 0.655836249243636 0.690462493338019 0.835705990068944 0.239738132222066 0.280218976793224 0.819793391956984 0.829212861653951 0.888827165443947 0.278540951003131 0.99664482753555 0.410124421208611 0.227118604508031 0.676113941765327 0.993579519618137 0.51175562385496 0.76949933041941 0.0895048375511905 0.999975083369034
0.334078089498712 0.623327837280931 0.101249790914611 0.726947275701958 0.919567140522321 0.389308819080792 0.434603356972702 0.42074366123951 0.994370994634132 0.546709491148622 0.365897851554365 0.944641786369902 0.26505049662386 0.182602991433562 0.551421064793199 0.98904055538856 0.695843099192949 0.517015720394155 0.207300578839932 0.0359343029957489
0.0526077091191368 0.452704301963276 0.296194985546389 0.607733475873275 0.0030461985889051 0.366606654012013 0.0118684520174606 0.0311786137661475 0.228415963590786 0.00444906952107664 0.0183752708495913 0.0280179188424006 0.00926085165099033 0.0131641029065717 0.143166679084131 0.0520037676142985 0.330047200608321 0.162932757839955 0.000249901015441205 0.635833349438985
0.283682456118028 0.697168001807479 0.313828698470528 0.727187950885971 0.821365266200196 0.688657253011459 0.611343938211521 0.993744451162457 0.193017341565828 0.745531831635344 0.712871014990786 0.991217411048978 0.45237796358558 0.154545229485046 0.935948901691487 0.970711425369825 0.551998413381339 0.556730189438237 0.907443544045568 0.630399838757658
0.442565333452905 0.761434860019875 0.689893942898523 0.42162340498898 0.939514739023393 0.52568949091966 0.879162208406289 0.918547858543951 0.989812824666789 0.929938392183567 0.793459930597125 0.964315348304411 0.34407402926756 0.144544187677964 0.869399470560962 0.0677225443671518 0.744668945101416 0.7036212347634 0.82362135692532 0.125186277997701
0.0593887880200836 0.538288386040491 0.512573337531089 0.447377116514099 0.335054186155304 0.154378907376386 0.120870510490545 0.173247676428011 0.0382954260759269 0.645708566110296 0.152514793778147 0.910188648979093 0.0318982049685289 0.100630833713157 0.195235023549016 0.972642602586652 0.360971553457881 0.37244447456202 0.0551578784033941 0.999995511043938
0.372101847177583 0.740020902344921 0.544094164328173 0.556955024563787 0.925921787315543 0.540908821778159 0.116549514048501 0.918714215322759 0.992829745086244 0.739284450831223 0.898277542330539 0.986922795358754 0.53360588819142 0.390172079897232 0.940084448367174 0.999966330823801 0.844612881772554 0.740656812049653 0.976292447855356 0.99539979276418
0.145698273971585 0.584192733044399 0.673333261896905 0.704843581464309 0.75048306773526 0.723049775698285 0.210102997130506 0.740788398895505 0.707689001295237 0.117198009898377 0.302518411904289 0.778663656615446 0.27880466313255 0.101148180859725 0.743330493511253 0.912827443319789 0.553157943890486 0.500056957317254 0.227708713847839 0.00843196721984806
0.413388437584923 0.845086079104664 0.840496627857475 0.690597279412592 0.985894335146253 0.618705019410993 0.848689212595402 0.984433012544541 0.958432337730745 0.94937096446356 0.997948609391488 0.983563193418281 0.827566815872359 0.384378981780503 0.878838581748875 0.993229453499799 0.855080454906735 0.536848989311859 0.00376573438244193 0.121840019829886
0.500715461136194 0.77422144216367 0.804327869038156 0.718619366812814 0.981903273775863 0.541616373894377 0.256562027851365 0.71134921281063 0.852684467358931 0.79682039615518 0.747810686066099 0.994688661440219 0.287890237291388 0.39084583324081 0.677794803667064 0.99717643043312 0.557240240492524 0.677645192378986 0.796821788110978 0.275851450052609
0.584173949066788 0.801957562561119 0.879433921777627 0.83447058383199 0.955995876841286 0.0973659731804927 0.284950321674434 0.906608096173629 0.931629601266802 0.93591733037086 0.941258871129516 0.999964823585792 0.751521299705505 0.515810964976184 0.940493408050484 0.99445158001945 0.827915388033467 0.77341187088923 0.94498629293579 0.999084813123637
0.218964750112589 0.646131955372691 0.678378071138844 0.781357565808471 0.895529005573364 0.344598844727739 0.106373689815759 0.247316614106771 0.739589875720311 0.699983583111173 0.152051878102248 0.997281133966668 0.125981679533765 0.118575231437555 0.660852681665275 0.910272475440634 0.513024639102828 0.658406515936125 0.247381844289553 0.999039334171055
0.447065367112746 0.727132672430465 0.820694469054542 0.729995710693733 0.991534148863125 0.840234038126014 0.504819613126995 0.985356931086968 0.970418526396938 0.981445076825556 0.9703242206004 0.994735280274346 0.531006081284548 0.405657580887315 0.952186181035142 0.991210773222033 0.55844359713337 0.498134327529938 0.736357140875635 0.959771680019998
0.0577881791434109 0.683104070429367 0.646094907531108 0.423863330315178 0.621324494983683 0.209250866353926 0.191647473279455 0.100885614673553 0.00329077313684631 0.149450414219029 0.0365622345909149 0.991759473646595 0.0624148765395505 0.0995662982262474 0.745891437819603 0.791301156447575 0.408398759784603 0.444867962891722 0.0260339586591337 0.951147837232989
0.0288579627752761 0.507619217738749 0.558976313743752 0.68413629618039 0.44877158143902 0.240274488371429 0.0375306616116698 0.00343219664010032 0.24584806827956 0.171731107177454 0.00651131861399686 0.229755443204843 0.0877878833920298 0.069485968819573 0.388096464857257 0.548468463588381 0.453895784932118 0.362052148402061 0.0580199068778478 0.00126565693084924
0.238697442318994 0.6085289279004 0.057836073416727 0.514591422696344 0.586388690975911 0.216212106537008 0.021325803365622 0.247429541910496 0.0729089027674136 0.186204133828647 0.287776734726937 0.552802748172713 0.0672470138269263 0.123314129519639 0.534127735429725 0.35769345313965 0.581333904642573 0.496800328759303 0.991225069799999 0.994714926190023
0.0123617662295881 0.491318334304365 0.369601178246616 0.766003900236651 0.921720148091039 0.205701608790292 0.17339838706962 0.569655497188782 0.239523742742941 0.358130957204319 0.503007738717999 0.268434876856372 0.255313611404022 0.116244095374728 0.783259801564257 0.885740583548257 0.373168551446218 0.214544227318585 0.0696074508778165 0.99999109852383
0.34127124249464 0.648421610618148 0.602208311158271 0.825790190780532 0.907114332501316 0.830000287509075 0.306944985404825 0.838949066138152 0.547779153396028 0.785398419603639 0.5926110865657 0.906990699749385 0.285241099344344 0.153340159333321 0.667411966898775 0.601433332116085 0.699040467618699 0.639401523101709 0.178723169377668 0.999666624719235
0.0723130829554533 0.458471272063562 0.388835582516382 0.761942958809787 0.358599641521391 0.489646883765186 0.0582136604295141 0.0924668599719849 0.212635981036707 0.0688184289943095 0.023697615783528 0.876854656370744 0.0648353103445737 0.0653205797960383 0.276081265573452 0.0201278113542375 0.347148112858309 0.493970209793119 0.188368377492019 0.950926289209063
0.193104645983684 0.685512835124707 0.636210185380754 0.691653829613432 0.858110280265875 0.176673865765028 0.216578066097679 0.982387604119316 0.40669513434446 0.547014469148392 0.929693874184039 0.98595734122747 0.698726474146246 0.196962690223863 0.942953973005588 0.999759385893163 0.644351433868513 0.854532171436899 0.883219695922389 0.000129994015208581
0.47273084875161 0.636652643579665 0.863296016393315 0.592336228043621 0.970571742869986 0.475379319970252 0.396212531552179 0.849376352081649 0.382177164795604 0.720752742526996 0.787843021065455 0.981293940941246 0.565604179497415 0.213918682200756 0.906540887227018 0.998008064867282 0.72316454248547 0.563650335130703 0.0371525414191924 0.989625572178638
0.501155928386088 0.689686093156165 0.866620753211604 0.809016196880568 0.958190459622728 0.706326242139327 0.184224921853449 0.817539323149878 0.990516711121267 0.986191377694524 0.923170350208708 0.829450054859379 0.492029960954589 0.563414735588082 0.838456299556397 0.999997860970497 0.833693801791934 0.545075298401597 0.247591587223779 0.660366780404784
0.519416381607502 0.674154996056863 0.917785470251304 0.738704308863659 0.917000312579338 0.294052988488587 0.292270968797846 0.914973636431688 0.337141408165406 0.912405243742187 0.842275459058508 0.935601793258688 0.405188972405392 0.307342078761291 0.638125903578789 0.93234172505399 0.517319557991965 0.497895778636693 0.998760119331592 0.750364962049102
0.15151826501073 0.511764281175196 0.23770168387537 0.416512805511208 0.107875709901309 0.322821366556669 0.054055070997715 0.41482880462913 0.484855540762264 0.431733292130233 0.0759107755013432 0.68784153002668 0.0864279918467601 0.0993422817502397 0.80406228768747 0.982790199648489 0.366539210320529 0.492355115489153 0.0116103081292844 4.45994913566057e-05
0.0642953448124357 0.549811653850663 0.595613636172693 0.698168464438289 0.852208829234375 0.533603043187081 0.597078683632664 0.806119236797913 0.955499784584688 0.593314095498504 0.411285362115185 0.946328421403684 0.379650287468752 0.128786350939699 0.47598492749526 0.318078531791645 0.705054601429756 0.807490057071429 0.666873374975935 0.997679292446022
0.034020226634475 0.391335429821567 0.0911547415066952 0.511909715949275 0.6565786464623 0.180094890683217 0.00454759114624368 0.027343519016963 0.0141760429669182 0.0531737992606001 0.1792549803156 0.755697060671849 0.0765775436839215 0.073977081639082 0.256054045308598 0.0393606962315261 0.381184742138377 0.387183087479709 0.568464147329088 0.0249795497169549
0.296864200327675 0.568120612301085 0.689093977111426 0.751025416742387 0.717617068235658 0.382218825450468 0.0112298947511448 0.468121629068278 0.113749446861256 0.156236045218056 0.0495555974850249 0.968959900755025 0.313194411170955 0.0785844901789033 0.522277723658318 0.999054250956142 0.443337981126772 0.343174189625367 0.141011954637541 0.984913394312672
0.563188071769585 0.758734189144529 0.717275711331943 0.539469270199844 0.96166936788229 0.554821887334096 0.208486820726468 0.949004704038744 0.535809749470611 0.841695292003234 0.786465494029559 0.838919678052928 0.38300640923616 0.241516996999701 0.817113825000125 0.998427053364812 0.595469226591774 0.708570545204928 0.329597781786304 0.0198837722408166
0.0640907395947515 0.675511131061768 0.698809027975571 0.496180335352141 0.180959548551946 0.513695969755668 0.164893558681029 0.141498794965942 0.973341246942677 0.153151265333082 0.14406641767403 0.896335383720408 0.18444049697346 0.0791942013626526 0.285880204846366 0.917919973777856 0.452142848849408 0.46191046871494 0.0216697315334441 0.998576318721064
0.25540447906459 0.588680800111967 0.686798693050782 0.628099264335723 0.68050732823851 0.502042159320155 0.247678237127484 0.901900101753689 0.391307304530289 0.432903268463706 0.696929589552393 0.995530346454959 0.354198293299908 0.113307641106569 0.769656335510189 0.310796972448608 0.541793337275287 0.666878487178196 0.980978820418202 5.29098335458516e-06
0.155581990236254 0.658589582066664 0.604933637429154 0.648478192799554 0.0827555065488277 0.284944177386209 0.0297231849211576 0.274376360171714 0.00985239644470277 0.158334897201418 0.0795832174684017 0.881948679388059 0.0775071946007307 0.0632072842613733 0.218417074937955 0.674393147649715 0.383043601559942 0.480573277593683 0.0049575601136545 0.135647878972447
0.304702377884956 0.761557548519247 0.828661730058028 0.902532819176275 0.98962630584666 0.187756569356604 0.256402586176785 0.939480879304625 0.843810205915785 0.881956282886167 0.937697837628602 0.995016897333039 0.61428804258066 0.237161795017405 0.846857976331358 0.749971954531351 0.507757356525498 0.774910200352174 0.475588589904686 0.870849557237402
0.652554307857001 0.75616041549721 0.765052024124856 0.877411820168985 0.998851474548736 0.310410494452913 0.627795956539158 0.892417479213711 0.914742195873386 0.96643982004216 0.9338766178502 0.99576099849422 0.856154957833153 0.442793267983069 0.947269535146253 0.996689006284339 0.555904036130332 0.69405568779952 0.990645888020503 0.999707815993952
0.567434278301985 0.745352595243603 0.865793280574881 0.634395304556403 0.989698402980738 0.48166750967098 0.710989997004327 0.961148583609841 0.966801989342428 0.85368880010104 0.989960406017373 0.998250448495255 0.78696810738363 0.544184452580204 0.920097634301203 0.987190843394059 0.509763167302616 0.725473402323358 0.993247116647201 0.999949053276676
0.227662281277757 0.665899376800439 0.447010158189153 0.76590556250425 0.777123343581673 0.417140326634529 0.422738820428641 0.556426532401221 0.245009722878809 0.608107541058657 0.624926494063911 0.996919131142165 0.410014372846145 0.240381087172763 0.823219012550831 0.209686268169401 0.443693208770097 0.669455610421377 0.261910860052445 0.0786528531356493
0.204204605407417 0.649787837648148 0.667740527800195 0.579058693276913 0.960671040973558 0.478054956882334 0.224751093564312 0.90092810722826 0.939445556782045 0.387271228436833 0.82576064944772 0.749250975423068 0.680051066383634 0.139487919185234 0.831337884515408 0.999343757941122 0.420325146718154 0.642525524670652 0.948422223119709 0.171585355614842
0.391483678658875 0.565059285132383 0.886613435830055 0.804863485764451 0.514608704679038 0.20467201807478 0.00453600930108172 0.822671934312266 0.0608212427326029 0.13114721494066 0.448563825190871 0.850328968312585 0.0723518426910844 0.133117940021292 0.761150411386665 0.978384070849241 0.244373459931889 0.590964216808898 0.599417187181636 0.980974503473685
0.0360021181995832 0.406794601479128 0.485651545452392 0.592701548174764 0.115494754580574 0.0764897567493841 0.0703929863035624 0.181371260802821 0.109161388128518 0.0374859146474819 0.0706730872020504 0.310064674475636 0.0318636292560843 0.0233143578716422 0.249922451166674 0.0519183447079343 0.451219055160024 0.243353665922166 0.0084147631825429 2.4103879302401e-05
0.714313310864398 0.771442411758459 0.878284339577913 0.71954937738424 0.940912993713131 0.172677833710622 0.411148497669187 0.947465545217647 0.964882235401285 0.971559498200147 0.992521749728979 0.998500182430366 0.825214738058179 0.227003176233593 0.801644421748129 0.999981846687111 0.619919748080282 0.690484686501661 0.995323598144364 0.999999
0.568101048000809 0.582652454374197 0.617051922129473 0.882545081357952 0.939731056877812 0.374009244514081 0.320705642877423 0.92094329245674 0.759695506010353 0.723699334949668 0.858567533791126 0.986894944814919 0.437102339332867 0.32719844346563 0.876685332040243 0.996742771115757 0.631568214473366 0.789036940381801 0.486094884661604 0.999652465595288
0.641474363916693 0.748460489456977 0.770943869454718 0.716740494304537 0.972765605509709 0.473004566885523 0.264388808755403 0.989903739200293 0.896183032699372 0.853359772214136 0.741898267438114 0.998991695371586 0.554461420464187 0.518966294120646 0.784475681044525 0.999846209567296 0.572327592646048 0.696785432417531 0.867632158000042 0.046759817094189
0.100056790978861 0.678856451617677 0.825124638156646 0.575941156673914 0.523323043117264 0.616524246731813 0.0615920297564176 0.249911435018733 0.549756718196201 0.113615484253034 0.179459641784846 0.892073063427447 0.272337717061379 0.0692401848971299 0.658698262203511 0.937395429320388 0.0895076205315647 0.210301761254747 0.0698012391677094 0.000947794818142053
0.116603610901506 0.481165122561134 0.302666308058977 0.573296962325972 0.0467436922335506 0.152043253920059 0.034123381804743 0.104646004951491 0.703149742345424 0.143280005623376 0.707960723008765 0.492816947166647 0.164980008712434 0.116116486123724 0.220101843705968 0.567493783932791 0.634847510820336 0.549169691984315 0.00700778255196942 0.999061424719846
0.11325788931699 0.488798702324201 0.756483636053604 0.681881817824231 0.0421420393468614 0.673522771413968 0.42202429640734 0.939743035625205 0.494756413454643 0.687411625879825 0.610448426455585 0.991853881098113 0.210173891559421 0.138118214939259 0.904792575811425 0.901826656475294 0.642271058380639 0.250829466986276 0.0596399202924894 0.006497755414958
0.184852416173441 0.574772685658396 0.345048912224709 0.497437393229168 0.118228775649674 0.739750258604029 0.0812023386459881 0.141235314750339 0.523527566448276 0.296724864833617 0.23093172954452 0.888278063966754 0.181979388002409 0.167559210189393 0.342501659153965 0.891553884695906 0.308420099527174 0.447480945035494 0.399658906228831 0.173203213471962
0.173375604225531 0.558279376553483 0.614451161832317 0.790637296619067 0.749721759813567 0.252745781248675 0.517716768416323 0.922960908260602 0.55592000476442 0.409139545871783 0.14694840403478 0.94497882967298 0.227057041189711 0.147167309332365 0.540445233783482 0.682921531921512 0.366891886474921 0.553785039489056 0.284472175216715 0.99835124668891
0.23951631649375 0.717218304061211 0.577220835001947 0.751361748382122 0.975813309412523 0.563910248212343 0.148351859317501 0.209062271023053 0.804714839153336 0.230724277177373 0.493122131885516 0.999719021658283 0.0931714352217747 0.166826426635813 0.79011573463991 0.914584992928368 0.632987197037816 0.766478744681427 0.170176806604204 0.876588088628088
0.0763133668164196 0.503940751669061 0.39046094543024 0.614966622249578 0.910382758149025 0.172299289998595 0.206150999007597 0.119485610058698 0.56075575581527 0.217251667258913 0.0308751817281417 0.933487383196167 0.0425167012031972 0.0726680665173047 0.575907341099168 0.315918221061647 0.670029108417718 0.503420466693036 0.0344959919536698 0.990862709009394
0.057266254831717 0.410018097078193 0.150756002154621 0.647295728236755 0.0175560912738288 0.755085466441526 0.10378103361597 0.114775416163532 0.490718737666843 0.0183142845981316 0.0925875089078445 0.476473144409041 0.129065394593204 0.0404006147831653 0.0653223708449752 0.963473689556617 0.512136863169127 0.366490989964057 8.30835293008142e-06 4.84293385639378e-05
0.134242388547278 0.512342033081689 0.187027129942099 0.624614655520198 0.176034360278755 0.191278114114281 0.304063723577046 0.0226327561773783 0.321951516288084 0.112398342338291 0.120267285723284 0.469486704010728 0.0355379278305338 0.0503986887447139 0.442193842415499 0.96003988613489 0.449631127606518 0.339702957305597 0.00219482068676486 0.0429145187452591
0.345356635343563 0.68573099977618 0.905212724638085 0.651547434381686 0.987560912489153 0.337475991803273 0.216508060259764 0.955895103731403 0.781204804209497 0.885308910018112 0.896653811864 0.949539114162197 0.752289872983636 0.316964802509208 0.781264674172883 0.983910210796791 0.679321209480549 0.702471990348622 0.879433896778337 0.999673535480547
0.563913598319407 0.809951350315291 0.979483342112977 0.635317257040987 0.994911766415371 0.346822050352521 0.927178092594882 0.989979907116895 0.974722363359827 0.993219825148287 0.981716223670688 0.999932761349132 0.928264194184301 0.724369330975975 0.950208689076218 0.999958809260388 0.584085326909142 0.823415371235333 0.992800924562364 0.543244050052225
0.0585922165718247 0.571262479806542 0.532747326990658 0.500112562063624 0.103910821856231 0.465234564617796 0.01559576299854 0.0143184168446143 0.0227670655358971 0.105769379306918 0.173357423251739 0.14326480315367 0.027421106152965 0.0182348075001786 0.198742465310474 0.584672285675891 0.235329798953577 0.396155829292612 0.0428262900173536 0.999080923063092
0.398727052402802 0.640749588487376 0.440632969074548 0.843221941398451 0.990559191029491 0.744190081104562 0.509685397136355 0.969672871711725 0.975284977252025 0.868327472870864 0.975746004271838 0.998139018180806 0.498816551821745 0.236601589298016 0.770439638540955 0.991151960501237 0.725980437649854 0.78159835102118 0.000116864217653278 0.999998857215488
0.45335144617647 0.692188738941585 0.53660024147407 0.578959433884486 0.859724014378612 0.26028287331493 0.168937920280848 0.936710343992683 0.991675522968511 0.685770566817476 0.774800340753012 0.992011704301048 0.367869020128261 0.280074864967201 0.933930437293594 0.67313518799033 0.528626218834913 0.431577965994436 0.111638631765731 0.481800371867721
0.422204311999852 0.742773172008177 0.878361238841478 0.568972817951466 0.90551141184789 0.589322729856795 0.237129523303132 0.306826780957709 0.984161822999826 0.936807270137214 0.986258713104288 0.998923382200622 0.529458519899294 0.416955387329788 0.902612546569597 0.995465554302487 0.576157608364547 0.691427692635986 0.212293622594333 0.975230895968525
0.674603792204776 0.78681059916753 0.96413944904681 0.62974457320193 0.99731921421323 0.586282393303056 0.451245106383416 0.989874682315171 0.825246742704904 0.986409980321839 0.956279134840511 0.96079646278517 0.913823239718364 0.557092494269177 0.967767195535273 0.999997858736869 0.557747753947408 0.720552739975935 0.988183380143814 0.40293918240812
0.113008072092415 0.660957264253407 0.356219097711401 0.508458025703541 0.213460570891868 0.301883715308794 0.129862522008741 0.581393814177362 0.513894144257141 0.466241939970693 0.291617277923303 0.353948088745955 0.0794434449358036 0.173535196463666 0.36977384483614 0.525463553894192 0.383045927751115 0.570016214830447 0.91507826337403 0.376823270297255
0.18987235131849 0.608675829441839 0.542778161633 0.74640269827197 0.670602862038232 0.0714132843852144 0.273786693271503 0.579872182914871 0.967375116217806 0.795439463630943 0.897621078324023 0.967112609287136 0.592308401294141 0.257905242712568 0.628606352950052 0.988985945746586 0.209185446239646 0.629637075737775 0.999078930309895 0.000158163519775283
0.0641451635253311 0.59457616871298 0.599981509327053 0.708566093955883 0.130501918785541 0.305034302064439 0.104015247966819 0.0296881941342748 0.881715597475612 0.0428243282822542 0.0670957283268099 0.908132475294206 0.0558767587603819 0.0471987921899679 0.0505929469925422 0.715011780980429 0.816313489821786 0.316857157864624 0.976903587886249 3.82446076162656e-05
0.26587207839112 0.705938605900198 0.368831449721269 0.766821784773918 0.987829290982986 0.0515282117454873 0.452957719769757 0.930507977118157 0.296279884585608 0.431605454322981 0.86744795569306 0.695770668316385 0.480670187074003 0.205554649528 0.606871040387017 0.996896807960784 0.740896545125582 0.551832307917728 0.690676191490764 0.128573785802779
0.118314055883218 0.66701897463991 0.838702467048958 0.618027824141729 0.969838836325168 0.560247581380779 0.336768334448244 0.390645208567896 0.615845731942583 0.541703911325136 0.783687216586308 0.959425641415461 0.43065266143403 0.28449386000269 0.555476161089177 0.946270998133132 0.498240005483155 0.564302789687274 0.171919050502792 0.00088972892982453
0.282976091564858 0.64739989172723 0.817908932984583 0.675130238900261 0.810067909687011 0.215377255979549 0.260461259546652 0.585625280629944 0.311706925465021 0.668883246822453 0.861445562898046 0.992734701140845 0.531156806152803 0.35165755245462 0.720718058151783 0.989790299167453 0.630030588560672 0.444115344742844 0.000690836935166976 0.0772463757120112
0.0830432188901806 0.581970965496787 0.3897472977297 0.828887704445086 0.48588457378968 0.240763332214813 0.651344202815309 0.239719434326081 0.0161506304805551 0.211970528773853 0.0941010015728912 0.552776728026145 0.160928636659991 0.120274734962427 0.376522377938599 0.99853315399883 0.214963051918621 0.230636601771663 0.000861249429541754 0.000315308328479131
0.0890687962481269 0.497642992820865 0.904886305016456 0.469608703268709 0.303699265465083 0.504586477633944 0.066179844047816 0.496808699869377 0.0570525230262029 0.300717602567911 0.298967049350225 0.938218595407743 0.0630462387513906 0.102189223607999 0.678073371407408 0.930828714339698 0.640507424603415 0.466691258209502 0.097278533352505 1e-06
0.229930071704984 0.528013603334079 0.740800388946159 0.818106624503441 0.755856696926807 0.604769453587576 0.131824609113045 0.609917590572124 0.629402678355326 0.740062742596946 0.787053589069005 0.995587501894141 0.381359999010921 0.241744239938873 0.858133409105139 0.591341800246455 0.697094084751752 0.610362855615985 0.269842842793989 0.98757311028632
0.390311095197559 0.741345708480385 0.800016581025851 0.470174448924025 0.927963374788816 0.652192210361176 0.572572855530634 0.984034310880518 0.973095697806931 0.686272149565254 0.396854111463278 0.974156255301528 0.544385707265531 0.0985870701546826 0.810699975350165 0.999949243844675 0.857979116465013 0.802907925768367 0.292927778175827 0.991694413537429
0.0675167954688169 0.37447529904141 0.760389331016319 0.492980810163403 0.0153413332843502 0.652143942225215 0.0494681244162072 0.0692704663450708 0.049281247769637 0.014320251928547 0.052059149005448 0.230934582279359 0.0888627120709953 0.0640926194154038 0.289622410573984 0.0934720973557028 0.635342536580759 0.192551985382242 0.0220968216553873 0.00461643788785267
0.882170206257473 0.731288130608667 0.429332033816803 0.51425774014254 0.991737777213386 0.659041830169432 0.18921897381967 0.998589552239219 0.996290139328145 0.968367764338027 0.984393118920877 0.985067088063459 0.737535304450609 0.441946700153986 0.978504989387951 0.999502598072744 0.491639388744544 0.925149691329321 0.999578367574863 0.999982372128193
0.116235876250972 0.505846257472185 0.309190088450809 0.589585938411612 0.190096154115281 0.651176272037955 0.415989276391592 0.349192155669696 0.041896885495011 0.184923156997716 0.252920800637032 0.855489626552186 0.335724055052331 0.130973017396641 0.722072309277462 0.978533702978839 0.493665460960482 0.536646053409995 0.934146730859026 1.52604968669411e-05
0.185337901958458 0.586943641399375 0.741342922300167 0.573239543652132 0.568197362454779 0.433746316343733 0.168148902247282 0.226113942295423 0.306635362805963 0.290607038849911 0.0874150964884269 0.82498968378389 0.128022454108589 0.233365299679675 0.64157988552442 0.984169739887121 0.615956716450218 0.62400996148029 0.587795970990338 0.988235260420427
0.23385755074861 0.602352834468153 0.499548444082469 0.5233612159423 0.511335569446786 0.556234709392537 0.329603935181207 0.127331007580596 0.128828692329744 0.440889001001435 0.642560820285832 0.880868872269632 0.25528137796108 0.131988154859056 0.825472338922326 0.91081095275773 0.605716144371419 0.651081636949584 0.000186572990482429 0.212974564409546
0.161148678096462 0.524031291177108 0.3847243363867 0.722606856070713 0.522932060204413 0.139018357243057 0.0254730021707931 0.172901076199405 0.975041773412619 0.487298681509651 0.107266293955685 0.994748556052968 0.222002490169863 0.175228011455229 0.773594942295865 0.956763391146023 0.440920265141906 0.473486184083928 0.00879471726230464 0.0362208713483684
0.12628748148927 0.510649937187353 0.76218028205537 0.586503398043461 0.690294293531969 0.474665249606493 0.0678417443869392 0.201786064642671 0.131205490286568 0.145902739447872 0.0246962137482968 0.813379623784035 0.309845262617164 0.109798185713624 0.552613536715093 0.822668136360085 0.297352165058501 0.268848076687848 0.00187816959038836 0.00037529236370836
0.0878199413621409 0.579432026651923 0.793699649656731 0.660582145389145 0.556847142313848 0.0883694715469002 0.274240552334135 0.613248655159241 0.321792695617093 0.189982922861724 0.0293356209062927 0.880200946683001 0.252943054400109 0.207458106175469 0.526445602743712 0.963317101262759 0.488352795734053 0.595848597205059 0.198171198464182 0.958770819213993
0.333271944282637 0.646246519120245 0.669919015261793 0.5692136313515 0.618000112344416 0.15894533426288 0.15740949205693 0.0776206693217038 0.870812312910006 0.862111617938302 0.324057585182316 0.99898320903109 0.167514888775871 0.340932270760892 0.863728987647878 0.990124465931701 0.652288711865131 0.614059643680392 0.0218491439987846 0.000697378210977153
0.041206312013386 0.544883269265423 0.177763827089423 0.349567330599583 0.066794165835157 0.421855226872941 0.0141894517431735 0.144215821782602 0.0620462499246925 0.0805673739160719 0.168625295055249 0.867577082011201 0.0504537344383952 0.0174625345283899 0.297117065132557 0.118362177673022 0.297805696208007 0.452282311945244 0.568713590514179 0.998727960270411
0.541715578771251 0.719793817433943 0.376680196750493 0.80423692017835 0.972946821098583 0.490513585665902 0.475494533252447 0.8459823304122 0.998584743151632 0.853874232246032 0.791780426557406 0.999857764717477 0.412909898848492 0.213595434637422 0.899385412011268 0.999824869325261 0.507450321869993 0.708249387592466 0.999061623786297 0.985822529482547
0.510934209556403 0.697171844605547 0.557046612656818 0.687993005503609 0.937837229902528 0.361753018592795 0.226458245654044 0.680764160381839 0.961857291971662 0.647534604765418 0.317657409630853 0.935686204720458 0.486199125089887 0.134665460701965 0.934530414082925 0.999079582140464 0.776916473155796 0.739542347256875 0.0783245544928096 0.0322808759912156
0.0705943392963408 0.456772414544641 0.364145952673968 0.423143452778317 0.100872011811957 0.726730894807203 0.0102274019300007 0.00553572469479185 0.135397750378524 0.11505291420749 0.00616359627348584 0.819267405770453 0.035314917667978 0.0282910028322148 0.0951961514766183 0.17019347755409 0.492633782902356 0.118449308066405 0.0543453024117441 0.181320154595378
0.669967846297677 0.812919608878931 0.821546143551163 0.778862977506957 0.963115896224611 0.519777507458271 0.407705072595238 0.930238773220238 0.823168645567725 0.890065573845 0.956859963452788 0.997044350561778 0.888478062081039 0.471280284173095 0.827010907163067 0.999805594923099 0.748525959822562 0.804588411017314 0.95337048131004 0.999995034207898
0.0518711071086074 0.617981616783224 0.362156301194246 0.729983694838387 0.876728145380827 0.280385866493874 0.0515603525203002 0.742473869589502 0.154226392669259 0.471597777403047 0.378862580295819 0.983852625755719 0.502634502989955 0.0732900476174452 0.479479527536063 0.964687339296055 0.348118415298223 0.414610158771891 0.143355829327677 0.991147943584797
0.314631196326834 0.718178325665532 0.438771722431911 0.813191924230815 0.955421977459748 0.6611788835625 0.340997981406803 0.29875206310213 0.946185215984854 0.724699673898933 0.879524154076208 0.944679658527108 0.280534675940618 0.207659858219876 0.873556358170707 0.954650692899272 0.597804962717158 0.70081466162286 0.923595734910275 0.013532823621157
0.0910646252097893 0.433372384278778 0.378283440395066 0.384818006494484 0.0379259512192106 0.648981935076568 0.0316045422154686 0.0671967264588037 0.771848730843501 0.0483942718355335 0.0310748759098366 0.990848701538825 0.0792450261415052 0.0294670827990182 0.254793220031934 0.180183816703353 0.579495204643065 0.393623882242877 0.00128291646319975 0.945789481308487
0.0327788932723611 0.41412979196944 0.402737061105393 0.325986625234272 0.324180993049904 0.289177024516026 0.0313283011199396 0.170047517967992 0.826050810502801 0.0363615676081708 0.019027715298207 0.527575517192404 0.040340514253708 0.0403977689166715 0.342666911770005 0.169230179614962 0.37253052512486 0.507366352630301 0.0127472149102122 0.555638157375595
0.282350327058013 0.709576859587975 0.676924548943561 0.544569588214549 0.99422321793726 0.358589661231853 0.210502346356496 0.792818474093306 0.985199409540965 0.849056085728944 0.755449151100639 0.989188906961148 0.441041929858125 0.219259769794427 0.826903727639001 0.995572832936119 0.898541504579455 0.69920840543863 0.330392736996868 0.985509028403818
0.0261930318219233 0.481295009983736 0.0325893867223238 0.69157242515856 0.103302522102649 0.40717817711805 0.0314503925256188 0.0613965008242538 0.0327443031572158 0.0240503618266688 0.184255034520026 0.205935721609807 0.0213756503336937 0.0358363810955843 0.37819701872289 0.664987678842884 0.596400701507251 0.329176506436419 0.557553457491878 0.00137448345340719
0.0882797510881697 0.617669845552566 0.382343945040114 0.65335204900674 0.0954615827539743 0.500762227617771 0.105758365678943 0.515987243703518 0.0936895410664273 0.122883006186513 0.495999494476161 0.735725503488351 0.25674972646788 0.0258432322035378 0.432043206758504 0.958907105648836 0.483193308774364 0.568920215773888 0.00101217646049276 0.00502546582038583
0.455918846501487 0.776990071357333 0.663935145135045 0.563889836148953 0.855044976504882 0.320008951085516 0.650192552233637 0.842920252413372 0.789057783356354 0.635434883452302 0.417383569049627 0.999869429840744 0.253169220539967 0.21523529624058 0.710993340536089 0.708223105085252 0.414654694070519 0.938236062403816 0.129425342906813 0.94402171838433
0.0330923300886911 0.417434889609668 0.0977525862111011 0.665797414720514 0.455808336057782 0.77016897196853 0.0928948951195538 0.0197855588407367 0.825613829934534 0.0671523669659771 0.227488261512516 0.696078546398806 0.0675341881493518 0.0716837134553652 0.589461883489006 0.806203720198074 0.183232197372107 0.536571890379338 0.0554875568815198 0.106498861950647
0.115217039156966 0.480454859035451 0.207653110363611 0.675972128111413 0.358346508708516 0.547116130180343 0.0517265591663331 0.0272986267383736 0.0115969728576058 0.307170190993298 0.161235971959211 0.98886910592441 0.111815434542754 0.0457064196725383 0.225868795815545 0.627479050939436 0.393365458625563 0.341298316764261 0.861562697275782 0.999999
0.772682127660422 0.730579021964762 0.92406549366083 0.607141145606356 0.978414097986545 0.653384172318241 0.711884151401336 0.963873622671181 0.735570584448202 0.951349640672295 0.98811217171666 0.999727990205366 0.915930550444284 0.387989906089557 0.931263030011018 0.99856482900152 0.771448207930606 0.753321763021165 0.67424641909668 0.0537574353494177
0.0868438436947284 0.480557393093432 0.400453043111877 0.525622675707127 0.282983164547017 0.23217245754102 0.012114223098554 0.674297051170313 0.250269342043407 0.149930654219804 0.0664402668915967 0.207258862386431 0.0598997307079534 0.0262425070247225 0.333741195300994 0.24542567902509 0.291818287023539 0.284260592391707 4.75068814887476e-05 0.00722701525862342
0.0910110010516343 0.482238618256935 0.652501927032831 0.285078951219864 0.172618357491677 0.479180716153292 0.190302177523553 0.360047579227489 0.223919825610422 0.0908375158606372 0.0837773546004459 0.930714902582793 0.114879797470485 0.0739003134770864 0.392985022061482 0.998175261315471 0.53629555063076 0.801022759425384 0.753901684594473 0.418348329840209
0.215557617366212 0.442493529760929 0.594673395149766 0.591354487271212 0.0656420088618602 0.137480954530754 0.0664388903747553 0.0527482056250139 0.73841266965244 0.13736004689573 0.411603125865816 0.452370063361259 0.0762893729171895 0.104652545229534 0.722895755228665 0.69796916523217 0.395030308786248 0.471539624156812 0.000150918685170455 0.99728944740432
0.0736849180287424 0.643285995004915 0.408563022357408 0.482120652125054 0.148869119982613 0.473207715284702 0.0384811538268464 0.117832080343914 0.0695103953145513 0.138982778498771 0.499716711367242 0.680302250470274 0.0696002589989682 0.0699280133810323 0.55218444662636 0.313028380793891 0.26971707869636 0.20150675840862 0.00298592892835892 0.0290602061583126
0.106202461195256 0.659117945184802 0.606767312337604 0.740704435753494 0.652166596242641 0.473697670658342 0.0428974595232367 0.243190306721139 0.377612733546766 0.344126576363676 0.41575447537597 0.773134233443602 0.22180897216642 0.0846766077169176 0.764671011658012 0.577038632830181 0.538664555601981 0.646727665592973 0.461373622819626 1.34045354476125e-05
0.0208015422403051 0.433537387871856 0.522277426838459 0.177602055715516 0.0111544379895932 0.461814026857871 0.0151475859820052 0.0658418805264801 0.0115972354848265 0.0494482499001252 0.00777926606811708 0.8659213405897 0.0428194594286075 0.030632802204024 0.116876685856302 0.0240425229198982 0.140621173512545 0.417063683114304 0.218661897314735 0.0267763837259678
0.488090618419172 0.745141157812452 0.862446818006317 0.569235894523308 0.859907895590827 0.47595952514199 0.635317137363984 0.984470830546468 0.34978865332396 0.849209215050635 0.922189197412818 0.993412342214132 0.56861173906979 0.432763895236496 0.300899473067949 0.990049936801426 0.391846713788215 0.503412208049407 0.000780016595278105 0.946798627506015
0.112778017452873 0.527255848553449 0.410647416601001 0.620734198555128 0.401107692710978 0.279961211390606 0.0564856007837245 0.184313744699719 0.0734742350209244 0.144994534970786 0.303687591903542 0.502616132960853 0.0944002129874653 0.112697531584075 0.745731630166746 0.299856019333007 0.532156848883068 0.82899845735027 0.00877502104936614 1.420777265362e-05
0.0442784893678524 0.366354017841783 0.0126058494430066 0.401608166489167 0.1024294571126 0.0643406046240768 0.00473383362998987 0.0554906973158221 0.296466259799212 0.0200600463737273 0.0350221246676675 0.554251337618235 0.0127715519987025 0.0162354901476122 0.197143651203717 0.831045222984581 0.589627159260711 0.349774926539065 8.05575938332318e-06 0.0409736841623347
0.292569822236828 0.542808573553837 0.196899891708264 0.852415894008629 0.976913251216227 0.691257688963249 0.408027108366662 0.934700134863549 0.72401462984517 0.814585933101538 0.359717336457926 0.989595616198736 0.13919035022912 0.0989680391887059 0.648832742023747 0.986125747398423 0.50700526192517 0.506073360663077 0.00213771375018065 0.877324222082483
0.0196084789191501 0.428520288800864 0.050253223455555 0.807587867694835 0.238397057717331 0.553508971397236 0.00885290573861338 0.163362883576574 0.0898728221484911 0.117817127936105 0.0446320968504618 0.235422795844232 0.0629579192548445 0.0701649423828177 0.224742256148612 0.108143010556986 0.133371562855234 0.592786239261286 0.00298991844997933 0.748045280166776
0.188216709699944 0.635840628247712 0.738281513290543 0.403012103702345 0.692805191962212 0.710356020741338 0.169113502951711 0.980105678114943 0.173399970180604 0.565904801547624 0.712668267488492 0.0500871165165151 0.160040588316548 0.192430356640479 0.628585105416826 0.998783327127773 0.310438854352292 0.744150016910655 0.939923032957928 3.46573972503759e-05
0.470761318720991 0.708519596359449 0.766003402216604 0.817365850774326 0.994627556895467 0.554717434730825 0.359633990040588 0.974879759293456 0.370521929465857 0.930000193840626 0.863009651762535 0.993700794411473 0.697596101416293 0.220217514947767 0.86484976474046 0.99916016721224 0.586628800874268 0.759851348908544 0.742214641876783 0.0146146789104421
0.181514235385198 0.675996205674295 0.354182379557673 0.722383680488446 0.251621175348502 0.423255850552934 0.64445473362962 0.876750255542539 0.924887499326681 0.333812561437797 0.218103770678845 0.972541878062011 0.138099720228489 0.0878207769561534 0.84377109096223 0.960949686416014 0.755399843280247 0.526582160651805 0.207472797960627 0.00966732094560937
0.0814314149086011 0.502544848100859 0.546760134694926 0.509700744891575 0.409512602249716 0.283040166331856 0.0826697163106212 0.106904311568086 0.0741729635648906 0.453839234931372 0.0233259224050653 0.756884143630423 0.153311812341217 0.0550164877371137 0.204604012851022 0.679153879025825 0.721236626184331 0.250381342193231 0.222713421875481 0.0029079296877774
0.474918166856498 0.628634103477947 0.79542077505555 0.760996459158752 0.968080308346638 0.231386764272591 0.527359212329256 0.992611386644125 0.997761747103946 0.79348108563768 0.752469593093257 0.990829231921842 0.597388321588583 0.25926323799153 0.835207655745146 0.974163909869689 0.67665550708364 0.687098108787973 0.832660580146641 0.0201233077199223
0.636931261901953 0.712948071105275 0.822670983036047 0.505564661679888 0.9929435248694 0.899886373599344 0.325186010088056 0.93059062904255 0.994373011856187 0.959609443525264 0.877989679281144 0.995462025333367 0.692722535862602 0.396018810229924 0.763889289600605 0.999071657458461 0.590971357422499 0.554306498650399 0.316007546799772 0.00195357757971436
0.142985598490213 0.501386431519586 0.435150077206311 0.663234398289172 0.331447505449387 0.341408136418131 0.16602816369495 0.238636725302231 0.0831681368831914 0.739769187140906 0.650266026874939 0.871868372549666 0.17939419338216 0.120416441473905 0.690953150131935 0.701273231950509 0.462710955781158 0.390049206725707 0.334401479905149 0.681751671850711
0.141493195182774 0.382861421948424 0.262585321295618 0.718365306149901 0.157600863391891 0.120092675447047 0.0709059344944867 0.133475240037535 0.21493040088244 0.121037291786444 0.0907602749220882 0.835084503167218 0.134531821471736 0.0433975300646597 0.557637675194041 0.582626585445557 0.260050127374477 0.485661016011451 0.142855266893542 0.00398997279288216
0.412908444152269 0.621700330575195 0.455117548785228 0.606276174878561 0.853670179375821 0.079021012040324 0.265487569850848 0.838116267860575 0.656287609553772 0.651127064897703 0.907250838951798 0.986671011775995 0.560729692195349 0.207486278539175 0.963980082738804 0.982174208866232 0.435421659552562 0.840894442629095 0.624891869084061 0.00176594707318535
0.176028033031532 0.597224382002627 0.846126880440572 0.309365082965248 0.685006365372939 0.564435022969807 0.125932313557465 0.708392840200323 0.682171569606469 0.387509544115804 0.706427088948224 0.683355597815662 0.092015854393605 0.0848349202198925 0.759993616632946 0.987284166826579 0.323147455415333 0.500840969536341 0.0655928098258746 0.66241157568513
0.297557003171246 0.625405949305099 0.819801206603141 0.619840635269394 0.842422020662773 0.715984748663291 0.0326332373299642 0.569100268413826 0.808519137294981 0.341633101123596 0.64351089702127 0.980333045503236 0.493904573975849 0.104062906185174 0.763162848623019 0.994701751161751 0.633208690850849 0.631522048196691 6.58107983822415e-05 0.99999571207481
0.173254351878048 0.704764989279943 0.617479510703458 0.727322657333718 0.735944182564882 0.349566273625652 0.318967050973297 0.337061196041831 0.812714147931644 0.316834085400866 0.681680659851378 0.925599770167275 0.171369412525089 0.142865898777992 0.643604134820895 0.820716889922245 0.396118527992707 0.692873584571796 0.0582264223280325 0.922622055411172
0.533214506952198 0.624985414348858 0.60133960995764 0.667829584495217 0.861951138131159 0.350816347051254 0.171667366495442 0.0784037268866719 0.294575894814175 0.950801816479337 0.787769698867286 0.999676118076027 0.294255423939364 0.159318471117642 0.577855533369906 0.998130320713957 0.58580909623083 0.813447862711373 0.994198320867465 0.999910368655221
0.0851084817985438 0.633649725292213 0.183812428174845 0.502422719219628 0.0372724275190662 0.851517074576678 0.0576528550309808 0.341102278443348 0.462623537290764 0.093277534030846 0.0287997412218905 0.331265354905356 0.0915934354938745 0.0835174068492892 0.615654306455456 0.0894471834507368 0.473320669179246 0.311121795360937 0.212918992183475 0.841563217516523
0.149965117869966 0.571389617083962 0.666965043265445 0.545323613008435 0.882783033223112 0.399573115425995 0.126972790582436 0.424751142916965 0.751120972534689 0.658625910654387 0.301522578169764 0.967263509731622 0.393243980147471 0.210547289357552 0.926560850328969 0.994749178135466 0.292575532052486 0.260719398655079 0.795806959970947 0.920860538908054
0.0662153774266956 0.521543534598132 0.168217775764574 0.295112072760408 0.335214859388931 0.247522699003682 0.035660300825619 0.0899026508944556 0.799628879768865 0.0115442014488793 0.29742188353704 0.842622753972647 0.108338571804614 0.0485444069576306 0.339407212971908 0.00582206768158019 0.583767494545994 0.43321374876276 0.00124343322189903 0.932091507951123
0.256982381604199 0.635882883830252 0.279180866414071 0.710788161245317 0.196239714018842 0.504686293070313 0.0426924253900273 0.680863093403679 0.958667136606596 0.590401495135171 0.487107547778312 0.998741568134615 0.245572389428364 0.285527203815281 0.714230687529637 0.993392920472355 0.433257511419394 0.436225081430881 0.00306993618675348 0.987387690867992
0.521071704478245 0.823948489950856 0.917969715683278 0.743801098981894 0.729621364267329 0.710776434878551 0.145618011245867 0.971212790687571 0.977713837785353 0.841614272372588 0.963480439792925 0.996649314773533 0.529440114257572 0.408625620091484 0.963946784051699 0.99921869600423 0.408906530815275 0.487575261314473 0.926504230606361 0.999999
0.304388326901279 0.683186673169241 0.526112869802742 0.609125338292125 0.996312204357504 0.149867420334936 0.765168243995899 0.921434215515995 0.995313852659233 0.892375222104013 0.791151976492994 0.984310711906986 0.304171969134583 0.369667176879694 0.864213799625162 0.997305472469345 0.558962689444506 0.837681434682058 0.22615332713475 0.999999
0.0514399483300888 0.734427746857544 0.0820435229746759 0.579895759623852 0.570830401782471 0.673857472956672 0.216938299689599 0.846817099411735 0.102033761985792 0.557088172979667 0.351331724914381 0.795715841714688 0.566398849199548 0.133056065818493 0.790813675689753 0.976378035770324 0.213869826325375 0.425684951633495 0.0324841310326397 0.217571412866616
0.304578483555007 0.59161285932614 0.449759537291882 0.647835222604331 0.778144037477856 0.63580740503323 0.286636846214952 0.0671216999313211 0.911167331327634 0.943972416720388 0.533010952979739 0.955686064117379 0.365494535573349 0.274832673175646 0.94252609020363 0.961855677144751 0.509890236005806 0.584824277885579 0.0115739599929669 0.112297340479346
0.479451882465201 0.795888150904469 0.844903259246565 0.687914742732839 0.97597953931534 0.544681659291454 0.772449593078064 0.929226237327062 0.530602306245624 0.710518986645008 0.950616068325639 0.995573232234299 0.873364106073508 0.221823921298342 0.870969539673569 0.991043201574112 0.715920592434332 0.547278263154089 0.769063264583306 0.986884405142198
0.0379162588693631 0.43300264570415 0.305958121207073 0.320421894217878 0.108615549100237 0.152958984125144 0.004349200435774 0.0454526346427195 0.0874775724520004 0.0169409896461957 0.0431073608386944 0.736841407238167 0.0192447869344899 0.02952359543158 0.311988762242453 0.0747633762157707 0.397460291497737 0.29457889874571 1e-06 0.31259484902542
0.0987093382160931 0.517261996483557 0.230011489663894 0.535518945377055 0.405244386948617 0.27410470108241 0.24577713288477 0.185548089435909 0.970278743198664 0.418651939488231 0.310323917363617 0.847112524510207 0.344073507506073 0.0892333215031928 0.493624922171058 0.0123072770395254 0.34611435727247 0.29367222763688 0.011990176556968 0.0268290166232087
0.417391537496315 0.75392863229695 0.436461372671227 0.677010059226481 0.96556216511943 0.674713186870269 0.154143678626425 0.783867132507195 0.682158148122516 0.529580668928612 0.910729618485718 0.716978510501647 0.442629157142393 0.154941986010614 0.401901777587216 0.991621867148862 0.549304128436333 0.544183216951541 0.659603117556647 0.0117943100888458
0.685078715890222 0.712463293102206 0.682557736020589 0.743566746740312 0.859606116319565 0.339078325822317 0.732657986102679 0.980625903941316 0.948222945228729 0.981054379936635 0.990695097689889 0.935063791559454 0.626311529678117 0.330051782542481 0.970968663512946 0.961154760985115 0.623564826318964 0.730883379665908 0.0274190294545531 0.750096162400515
0.381114618426758 0.68197753807262 0.858553919980681 0.787998697716782 0.561955263628268 0.796323800807825 0.0753902490507645 0.931233329406462 0.0720563771182464 0.440558576873971 0.377327978015446 0.995849557248594 0.456637006166309 0.257209736511658 0.822665366865473 0.752202981397309 0.586137260918463 0.558076196050371 0.565297469974798 0.000993589777572988
0.106037584482167 0.475034346944199 0.24764784712929 0.483120855291723 0.0674233449330153 0.229148324577772 0.0860047174547239 0.3408802356763 0.0468111049866662 0.49297096638198 0.462126369877372 0.27028457351143 0.142380320038895 0.0726494052739729 0.489438637816683 0.969265392722162 0.394363259851618 0.392858773128087 0.629856659419535 0.460687100391853
0.0672597708392615 0.545132391689543 0.44453970950006 0.415946291216792 0.204537506003067 0.375841835648464 0.277864758586348 0.010958925937035 0.0691687603617821 0.0275249082171958 0.0230123019617254 0.858263204205611 0.0428433633754239 0.0157459812901115 0.316157144256565 0.0429336474599358 0.336422610859321 0.10224297438175 0.117446088738173 0.0271201955873401
0.0795273156529874 0.411164137709022 0.459883841808347 0.293717035287716 0.679313317216279 0.0344012105124682 0.0637981130504125 0.073739386245752 0.281583125321261 0.257085268575926 0.0674230018109695 0.675444065600216 0.0349983675474249 0.042528625113382 0.326062451810458 0.216949212731046 0.455278114255173 0.679364286054762 0.0174301165260489 0.000174181637500792
0.118739169485986 0.50122738135536 0.342636425150453 0.78319815735401 0.870100640451129 0.549240671944637 0.106361228032324 0.0718164208157414 0.626056888082884 0.425363859669476 0.0908460060914685 0.958106962038936 0.101318379981145 0.110062096441147 0.718664615597061 0.977002182883963 0.401324597978118 0.602639436488577 0.623423946764613 0.0204460097707588
0.436617167138295 0.764921919798073 0.561920756645335 0.350912234514898 0.984902195393285 0.179488287895382 0.426944364498022 0.95661062223822 0.596787212170932 0.868775794764226 0.989826438947459 0.995141735953632 0.66012717640088 0.250876708198391 0.951135610462544 0.997661716102219 0.665200295825235 0.718143872103868 0.984507730941347 5.28217668030741e-05
0.323741664989159 0.69401584303342 0.6632230533392 0.671810403969955 0.991117921574156 0.646267023724819 0.301452757646342 0.407094757106144 0.899441927795651 0.780357578851386 0.696411828253817 0.943859639710091 0.652414348598277 0.248213358155635 0.885730356257128 0.9987616676666 0.631089554176153 0.897997826413823 0.0196895046226021 0.999676614944091
0.132859763012116 0.518670217595496 0.416412655349404 0.608795855098243 0.135604320287737 0.248560732970205 0.0234363153041002 0.706610436069787 0.322313279617351 0.208539327844372 0.604795624239781 0.981580280130598 0.187176731254141 0.0838454715459052 0.579796555669104 0.999314568098695 0.247626414249984 0.48403145211414 0.111395888831928 0.999857760134888
0.104329050634053 0.71081929191356 0.542296185437879 0.530576684668707 0.114179884480101 0.11359054379738 0.0851168153572056 0.162960992632573 0.0715297637081566 0.351548020139117 0.191513950796223 0.985886028448719 0.140210250205083 0.0890674345696501 0.446042984048557 0.977259661184743 0.696797332523412 0.466043780565329 0.144405484413648 0.999710118139807
0.0275444669639379 0.450789951572975 0.0837957331864246 0.79880922927194 0.0728909380233505 0.298923889011412 0.0066747437064492 0.0561338849913745 0.580920522835576 0.0503573023230496 0.167833939416112 0.140068311269503 0.0325717184216782 0.0429392802751487 0.300348062694177 0.85241470638381 0.529175251010688 0.178292632663665 0.032477963140685 0.999996043316124
0.802020726291072 0.711727990675953 0.914955446785588 0.765370020025359 0.994752658613638 0.223652839513875 0.882193201696181 0.992420115484783 0.943980156297637 0.919665143585621 0.981374192822315 0.9999083459113 0.771179020744017 0.356153224527868 0.927846354265552 0.99978740073664 0.692640772982263 0.909118987181519 0.998639630701895 0.139216914732778
0.605762809629608 0.748140621327824 0.746693654450298 0.849916048347811 0.914506867527045 0.698651771546745 0.224884309015379 0.732533111606634 0.918953197741683 0.845284807052448 0.913195373079834 0.999785198489311 0.675477591506051 0.493836167922767 0.807420747238644 0.999813441775247 0.619786159970481 0.562689666248894 0.542212108971016 0.999966353794444
0.254302950374404 0.729601678180346 0.801805188646236 0.640964335001165 0.622077398101748 0.430109118491828 0.378100952129816 0.362843390718059 0.464514314625664 0.636848785703875 0.810643639052449 0.994084012954875 0.482822240467592 0.237151639036265 0.375160658979127 0.999609153381349 0.737866436100382 0.695347988401619 0.502530741441409 0.084157986525243
0.124400481203609 0.579553771090393 0.891090301282801 0.669673183363489 0.906444134277547 0.197872575987804 0.0148577170124818 0.446198185971013 0.113488692448114 0.1548542924648 0.183337161809962 0.911121684574647 0.0900518449014305 0.0541427503913817 0.423452235203351 0.841916881529618 0.262856994538297 0.693119578116158 0.0684636589111254 0.996295162658368
0.479305296826203 0.609319536842413 0.676930658997709 0.799694497987286 0.701904349071549 0.774913846798576 0.0859149337486553 0.547035942074257 0.812508540894751 0.928445022957535 0.61390902039771 0.865969552184425 0.437883669343297 0.347255696095337 0.817668394882736 0.699823529256402 0.364596805718172 0.733250506344838 0.139873656304161 1e-06
0.766613966315763 0.888673169280883 0.86583189863642 0.739738264707478 0.991069103702243 0.603746882834497 0.883762426683591 0.975877319233839 0.807865090895918 0.972949647560665 0.992159327491979 0.671252131759926 0.794426767488782 0.662080692905199 0.986132129205941 0.999824963744839 0.796278845216005 0.807101319277805 0.00162722650540722 0.987400003711124
0.34284469747445 0.50772542829792 0.247292405176683 0.607007494830832 0.97393864577586 0.813098929875322 0.437874743683495 0.556249772191091 0.367666365676176 0.323264047344334 0.656084837368436 0.968232439918571 0.4545666379858 0.401586670733597 0.511649765825716 0.979902141479717 0.381342112825414 0.569099439423164 0.969197860515735 7.94777165918537e-05
0.0770293496342316 0.51325086097492 0.100819627352745 0.560106878389385 0.470430652410626 0.282334547822495 0.338450813429124 0.512413563630556 0.500251922935229 0.402076553674788 0.147573909151467 0.942963942251285 0.246608218647535 0.158589234566418 0.607546556625075 0.999288330720543 0.407873626336684 0.357465761912631 0.00810287271991489 0.00403274412549559
0.38003507083933 0.728491064579108 0.757188688629168 0.787029833807654 0.716407370661532 0.461542816940012 0.167912961684471 0.368822567177182 0.881264769617742 0.493723499161596 0.802989034308335 0.99739029513702 0.315367028842393 0.164461298558518 0.638071251363008 0.767828711744526 0.445838144345452 0.697401631361653 0.785377516236101 0.96118620664645
0.945903421772557 0.847335356810303 0.953475859643468 0.692584389060808 0.999903484509613 0.112759175669145 0.874941313289974 0.998454731995645 0.994815937407952 0.998333276994156 0.999456100322239 0.99697417980691 0.987506169059045 0.797558236571544 0.995867411655085 0.999922997822079 0.767920623041716 0.953516115336321 0.987301700386824 0.999999
0.375384004837111 0.605190334774427 0.725449746210733 0.828370119312998 0.529040014565873 0.346385362359477 0.21624345027115 0.894913106125261 0.916471328593188 0.533564896358624 0.314928215618939 0.995550352244602 0.388896295903678 0.239122910826145 0.627258539997529 0.973331147999705 0.695631363961356 0.84023687052849 0.0894797567375102 0.999189773928762
0.460065993212384 0.680860828674662 0.828311374367679 0.809335403703788 0.999032131135036 0.187214437826106 0.351198186565575 0.884476368483285 0.311177224128396 0.927156462624121 0.961303867619188 0.99964685830947 0.50672841174132 0.362895872045227 0.937169825217462 0.881008758950507 0.71810360980922 0.309712954329867 0.98337187942418 0.67809524047524
0.391662650262517 0.646209424845324 0.857024218360415 0.723770101591059 0.801885375746335 0.497617484303309 0.135558806231277 0.759742023840735 0.228996146623645 0.869448613438597 0.200353881590379 0.969799904257322 0.423988682544311 0.248652443574093 0.782802358380054 0.999979800263221 0.665834560461932 0.55949722244103 0.0110703226155952 0.999999
0.612601653994689 0.779994592223186 0.607099356319291 0.801085189461266 0.895521616203189 0.134702723871749 0.371665934953934 0.989764720144015 0.991696215033793 0.938335927640917 0.980096239596653 0.995937720648162 0.561664025471937 0.426329464399577 0.730002191675111 0.992816127657304 0.39926255601486 0.807544002842803 0.758697084935978 0.155934172725269
0.05621490648181 0.504132635377505 0.732967874915307 0.513087001191516 0.103060919934689 0.473470402908808 0.0998449038445879 0.405074628116502 0.551525401211619 0.0725416082043956 0.190336825979548 0.823649368886674 0.0900499618131323 0.0241877479082059 0.235703660559939 0.274018979951478 0.207753559665928 0.315307327447605 0.367016747157508 1.67202828060998e-05
0.295213246122539 0.699998984959336 0.14466916175552 0.472651537772556 0.962990217705848 0.927439801429211 0.0645566961678317 0.855171423369681 0.161799564529529 0.101323358692736 0.467501925837735 0.721196832301332 0.473077956694058 0.107484123196519 0.448837207598196 0.992058958982616 0.553904658798625 0.672670110600476 0.328095891261282 0.166932944154766
0.0404613456597428 0.397216474425794 0.230122878090883 0.713958771076286 0.284344158421057 0.520530444449357 0.0488223951626156 0.00642086183038473 0.140610478883911 0.122412062354321 0.0346040622506106 0.580621084989675 0.0534523292204907 0.0512244469284639 0.176681112313262 0.217915616361815 0.373588027688158 0.469381075457169 0.00324274632388963 0.995967616048627
0.597840009661724 0.590818159463959 0.295375149559798 0.733133852908431 0.208281196105183 0.154160460948718 0.306654132780659 0.602538290864023 0.666671640406928 0.84475051460622 0.939518510383961 0.990841839299524 0.588974330358286 0.297534717079941 0.916858602397763 0.999437592563531 0.743986809144114 0.770098852728411 0.558595565431081 0.000634149525422204
0.181711091265 0.744075396354237 0.334831059521853 0.527132169059522 0.80031617246626 0.292323171615404 0.217717753908763 0.203066317672407 0.279381792681189 0.548207847338963 0.403983873260741 0.667891273624274 0.469291153009665 0.157311993087513 0.575068617931773 0.93499560501001 0.537056348112727 0.737117325925856 0.783658784180024 0.00101920673404147
0.30588118435347 0.513051704129148 0.735196220690084 0.709870116215262 0.95429849086816 0.338525777484263 0.766940180783186 0.864715363743539 0.484198511685796 0.489649213909521 0.706063858961729 0.994543198143942 0.512543404127477 0.239611572454211 0.791305903746413 0.808013967235172 0.523197718029495 0.512180431431235 0.482672598648097 0.000278747447289656
0.104450996523245 0.580673838612326 0.564811990406078 0.604422881870215 0.61003214791345 0.088936350154172 0.0559557219427527 0.36985159371042 0.758505827926577 0.168083513043705 0.223009992301142 0.587834303697659 0.0516952143355151 0.103298752557593 0.659956988567755 0.257874254858446 0.411469797069688 0.58244747166824 1e-06 0.300241947806868
0.148985239538721 0.60230711239259 0.555083540206175 0.812078455325248 0.582434972262433 0.603548795417381 0.209424903605238 0.114518688845293 0.528704308159575 0.81540247990784 0.249371391036591 0.916751177999432 0.320612697522605 0.121795072446375 0.767137483620889 0.901659993232135 0.553750051124247 0.361683031376531 0.0141458118247172 0.0818600240069
0.0415293545693127 0.555831383802823 0.195032456734466 0.37842738657909 0.177921148252994 0.374195256042944 0.177216069045685 0.741381100588308 0.594791800878879 0.149650464228826 0.11735320338224 0.382062712616496 0.0968441274440249 0.121933472651608 0.233441749150261 0.927764333059758 0.417133513230788 0.617945213309492 0.0138006163553724 0.0415661488083518
0.242370477389535 0.716072303488362 0.805918106978254 0.65963576327079 0.898263638689917 0.801096527268392 0.576438699003056 0.524134689423434 0.274112713186432 0.749664822475482 0.399030382995322 0.997342292019005 0.327702656795047 0.193677524624294 0.874776943897252 0.995158046947688 0.483467063595246 0.799990003657779 0.639065018146296 0.999424531950822
0.229577922298149 0.676094525927434 0.825309515724196 0.826134082194692 0.846352867854949 0.48321197773946 0.0765100529396445 0.816035414682999 0.96302833608466 0.943202255556517 0.872714661659408 0.995587718199735 0.283479204605352 0.337326434430572 0.813232234985027 0.787120628986382 0.569640481308539 0.605413255816776 0.742721525855081 0.334863106972696
0.22032568142165 0.565440491376349 0.793293080304786 0.518473749497371 0.664285806622064 0.703031624524837 0.261621791289216 0.93743893222435 0.956846370648161 0.379192907643385 0.502427867348041 0.998126922772499 0.333079627054508 0.156016148626021 0.769934191116442 0.410433297911859 0.51686082544966 0.424945187348393 0.610335524085965 0.999998856654938
0.275193434310449 0.769606984343425 0.508712753866498 0.721883407181501 0.256861233687984 0.496505593753707 0.0421929597316486 0.768742841979817 0.992754940317232 0.558163291371527 0.492814161675233 0.607828880167643 0.268901962545493 0.119053015910773 0.945744107460586 0.478154778604246 0.53127356749015 0.525134683617477 0.884580827749456 0.00110884507785248
0.0914786352349918 0.418930873637617 0.308404262467276 0.742107622768507 0.146917711023084 0.274351830656533 0.133344210868344 0.0124266422187182 0.0745659562756914 0.146429308048137 0.0075094487314616 0.724681045951376 0.07332587144714 0.0420124035125682 0.36895198787809 0.682935774646641 0.297419323698735 0.381236605466604 0.0165879852321915 7.57591870533502e-06
0.177841942145423 0.352793378000088 0.506218744691002 0.659311467726594 0.621635498246325 0.139727881685735 0.284677084682964 0.232626801720996 0.139756737176494 0.100686067581034 0.617377608743965 0.350237091685143 0.0292967730864409 0.0624917542791178 0.136560204149233 0.926926116073373 0.587018311744645 0.408460529177376 0.000260989031518431 1e-06
0.0319146808883908 0.609188577661475 0.457146940593576 0.500910888832681 0.486097131088213 0.225358593757982 0.0273440410397211 0.131126647077455 0.00989057824260909 0.128398917863728 0.122029293495831 0.903388284695741 0.218063363412425 0.0521022092060753 0.306793238630942 0.0231178897706218 0.526884823366522 0.430286019428298 0.00181291667188121 0.425977108548288
0.097081314999841 0.495453854326874 0.337005736146126 0.486651731485123 0.337953932723545 0.361646322003267 0.0815218129235298 0.315036552751155 0.0222262139849576 0.185415316858857 0.253642463133704 0.968976025090112 0.0672467276747333 0.0608264381161469 0.661884239568124 0.572508015794279 0.364627922829593 0.345245156655868 0.0398566723045045 1e-06
0.360629595655334 0.580427227075673 0.917629399632838 0.548531705008647 0.643354127328217 0.205631864918707 0.178766176786055 0.847830390266817 0.666546833289526 0.954994188383733 0.504892996155611 0.955772085605609 0.444117136640013 0.208650300444178 0.906715888128912 0.985266790070023 0.60609652766723 0.768204068547405 0.0588556416794858 0.208707508320619
0.774141373050163 0.748384899131211 0.983824858463378 0.828356332925346 0.983058478358934 0.621979917153674 0.878678231120305 0.989512535720325 0.996801112230322 0.994414543812568 0.962763061475236 0.997504595004085 0.795303670047876 0.598042675602836 0.904263539962087 0.999980602707321 0.721779054350635 0.788503589110347 0.773039926865675 0.999971459263339
0.0849097836808728 0.57024846718204 0.212542297497769 0.499025369691262 0.136370211211807 0.248148117144105 0.0674700428078861 0.0262044570425746 0.957327020030381 0.029239871240629 0.0412195838170565 0.890567678618909 0.0211343584147285 0.0383394470370354 0.114042727618925 0.261173271144823 0.408741222680712 0.296477200678655 0.000125545909721789 1.22954886940711e-05
0.0337821285983655 0.40862111609725 0.0933719883034987 0.644727015750354 0.0572164710540823 0.526616966071833 0.011778423824252 0.0477539982721913 0.0248504124398837 0.00442519177430793 0.09501758264086 0.940207721709538 0.0123265772008974 0.0384125019903855 0.483355421144248 0.49985000342123 0.307825883160582 0.370887735798577 0.00370394235918468 0.944002458019461
0.429974740684067 0.66871589476607 0.721420266517589 0.58264382944562 0.805081334753272 0.604526498705518 0.432034572330404 0.909811722433418 0.231652815757975 0.750876457647708 0.896255817865956 0.997881850549575 0.37031711270994 0.255765729889395 0.722456027404255 0.99137895900724 0.688529681468432 0.658646400895212 0.00102384668631461 0.00314349409552226
0.548316273815895 0.665355204899122 0.57996177225472 0.642273546374852 0.956991013864389 0.406110372087754 0.215682931053613 0.845352983930018 0.830918042716094 0.812038129634796 0.996143406617863 0.983312921052846 0.771041611924197 0.278033507871736 0.908384042036367 0.946712555897364 0.40207454861652 0.811397307544665 0.88429738448925 0.519352667896916
0.0422252172843327 0.435956505957498 0.172057901534147 0.381553493631102 0.134618197523884 0.0494788416471629 0.0136300409821344 0.011662259677047 0.886071080311939 0.0251847716285099 0.0680911565979914 0.724005811100781 0.0350220052339884 0.0274752313452609 0.115079867281296 0.0403844094423951 0.216430114994787 0.246541761653046 9.61616299761056e-05 0.0398705438677096
0.0395910341596274 0.40664009636625 0.188314543107598 0.564434047962465 0.0250078785626293 0.812282652262349 0.126286055277242 0.0776664489005275 0.0379518710435584 0.0159501267458359 0.00215063017188071 0.0524365324329315 0.0310517063755253 0.0315667475418745 0.186597319251292 0.981604919286762 0.309957582847157 0.431042638552035 0.0221609366058151 0.86818663317586
0.366617051611651 0.565913041724188 0.164941103623309 0.820527681995411 0.901068464887264 0.183493816493574 0.013131999761505 0.30060521699403 0.9498763548809 0.066198124854481 0.404103426746257 0.600546371854368 0.113701822452784 0.0999206227914645 0.196629072032061 0.960889936709029 0.420522705979727 0.654725354943798 0.00171153168174797 0.999893970837772
0.134225222801202 0.710566730374294 0.660985916893478 0.762298031595898 0.859996247738443 0.212190414594244 0.0904623346120913 0.583130017272552 0.911970142442071 0.207889627737604 0.366567644923794 0.73562622971968 0.308862034569051 0.0752544738674968 0.80837496821961 0.75291665133323 0.47635870714549 0.521928144306382 0.650600791777438 0.0302506013687595
0.213457799678051 0.46734796338639 0.239591168099975 0.408936053573143 0.689662154069216 0.454181274400599 0.159833673168292 0.352345478690505 0.829703495557554 0.0855111686051975 0.147760777162555 0.364800734146996 0.16932415003597 0.102791853863766 0.436116573750371 0.824966361203931 0.671253043404565 0.394480845259543 0.00223853160564164 0.975350328738323
0.531699555236321 0.778156904144185 0.60652003921974 0.743336317082118 0.998838792358118 0.666113483394384 0.645521093129231 0.961929875177677 0.880128978522869 0.891686441182815 0.939481015658937 0.995945203407737 0.615441674561556 0.415389011891502 0.947128598873978 0.976680234258468 0.641201388198593 0.76418222729557 0.990614177338108 0.998720055530003
0.354397939945472 0.68008848345498 0.11320036648646 0.58967871523269 0.745050487868244 0.16211182549847 0.352649881683316 0.551273781656255 0.49987414605328 0.204681073143004 0.749384977928251 0.996987865684325 0.547735838546863 0.168538848863879 0.343198933415753 0.963908939136878 0.582683946737021 0.402126461037109 0.251577347907438 0.000480922939367544
0.445546348391446 0.648263484567568 0.728458866028052 0.755089331489758 0.896848304710125 0.604207725892671 0.148699391356677 0.931775033022588 0.113970564335267 0.394424612984255 0.920975320812293 0.93322639973708 0.216587491683486 0.25392261320451 0.471207732302938 0.977047723568978 0.674010764235654 0.33463788860192 0.207332085366522 0.999999
0.205085773759277 0.620712372949039 0.450896050754408 0.60110891640215 0.418124437461133 0.432071962199938 0.198013826310425 0.587951936479755 0.875877513554829 0.447184686811763 0.771589408706702 0.578043987092262 0.227409145256842 0.269911926303231 0.637079651466875 0.979559129052523 0.728907561361456 0.578961681200804 0.390051318771561 9.41813004277313e-06
0.456575037395037 0.647085726979304 0.801177934241357 0.735509460947798 0.787980398605099 0.597431478836275 0.728595525897872 0.80714348206155 0.240412335427426 0.661490322665574 0.547102507413407 0.987198860522524 0.446926230666094 0.221309439693411 0.829975543858647 0.999366477635975 0.408096570466602 0.686399409670142 0.732095028996296 0.999051100445554
0.345476146406934 0.73937991238618 0.69955568564293 0.758730452542242 0.525185867402273 0.239727490973996 0.253205720319006 0.534635068374334 0.887407011860477 0.570875174776561 0.0576106292951511 0.772691703736042 0.505055246266126 0.150172326126432 0.543277779463651 0.793165465828425 0.80168819092269 0.534750099479634 0.809169653076369 0.999121682034153
0.214810051084918 0.5876137120378 0.498364426899327 0.641309977312408 0.695379174108936 0.806712756960409 0.145529420080862 0.981552408282128 0.401048963474638 0.710311162014867 0.524789064629926 0.858506526622808 0.151511614505298 0.261476178784652 0.379761358891153 0.933398922267818 0.356077131491043 0.49869295925818 0.219822844830414 2.18368276553198e-05
0.0559564692960305 0.404711795512226 0.756229466819715 0.453049484954833 0.0685580120080212 0.538856369072644 0.057411696626441 0.0545780058564273 0.125835292188949 0.385441861353267 0.190318275962417 0.163826703060676 0.204823673615079 0.0774466556005549 0.337455712922071 0.796442467349535 0.412747862636621 0.352623986591431 8.19109795670397e-05 0.704042787533781
0.213267790727116 0.596523680114627 0.433304332386919 0.771718527509601 0.931591511723914 0.58346390665574 0.509351477236843 0.568998971200709 0.914444454325469 0.870733219420937 0.668882981413932 0.992622940270389 0.589206002719302 0.200072498614741 0.775224245927334 0.304537603367338 0.467189488109366 0.569636081615933 0.67436060031156 0.680668248944202
0.0453344357993485 0.348595487123269 0.118154300861733 0.404057775415565 0.182100342342247 0.612455092860565 0.0924304401078168 0.118419625332858 0.0171005379557154 0.0521094658353375 0.0438135009814323 0.461998485707682 0.0748763101491623 0.0168419493135509 0.340849476569382 0.799160441680427 0.216308434056177 0.336891080123674 0.00184255373179806 5.58339821018103e-05
0.0803557903750259 0.437748328111547 0.0442221460281496 0.556819631448815 0.060325750210584 0.334202781346888 0.0746077781936546 0.566089450078514 0.136794167713143 0.0174355576031055 0.102072052340506 0.868152093657806 0.0480328387654908 0.0396675215725767 0.317132822062028 0.681454795649691 0.618422039140266 0.470576562274984 0.00139753363272025 0.880538079548461
0.12406817918778 0.462905587187783 0.216187038464143 0.657985750316509 0.0762058055756534 0.459145490375406 0.112347166941984 0.105980893828833 0.670708345598541 0.219881258322632 0.158495915198524 0.888085311981612 0.0921667544824298 0.0950054870986269 0.681363669248923 0.378006924683681 0.744104855326893 0.536472820950008 0.240389024780296 1e-06
0.066589296034499 0.529174256612997 0.228841087595144 0.549315140375324 0.320491802462208 0.588968883259641 0.0355277107627545 0.364937904103188 0.161664194818363 0.0718109419632802 0.0631704168872603 0.453995075650337 0.0539235097844784 0.0605650376393968 0.536155806571075 0.861455348685808 0.443239573269976 0.49381674369608 0.591715850927497 2.87341206645526e-05
0.18694536800446 0.510987184769701 0.18335730921321 0.818927269789298 0.574505890096544 0.249824323523269 0.218809749507385 0.107461522113178 0.449440728535204 0.264493683234147 0.214053508491478 0.826052977931627 0.178169031730147 0.0538929824206024 0.907953745874489 0.82022158289943 0.328445126789814 0.377033052922547 0.580347784392591 0.99672543601915
0.206645988561225 0.708799111292863 0.192838336653959 0.529119850324271 0.969079686486309 0.286173148273509 0.100233713729655 0.527828183105178 0.664314533679976 0.634249617346583 0.468968721616557 0.963737228805834 0.118515228404723 0.179765792131387 0.816548104780763 0.927378575254444 0.5817001328373 0.76078310142853 0.658841657233042 0.255433810851453
0.527702749578112 0.874830061422055 0.979515796948882 0.511281581118421 0.998103001556297 0.227588559514742 0.975074143597629 0.982424056082992 0.994069544993659 0.973358948839181 0.999153342669428 0.999303831785956 0.959707281230771 0.696954369165064 0.976512982007825 0.999757891595248 0.69274235330785 0.786902759416998 0.979227906971388 0.99919010264156
0.304668817896011 0.575270480432323 0.439018824983956 0.743477672785157 0.54848069636448 0.536629630053057 0.485487742242055 0.717362490821864 0.0427418622432316 0.724836592515587 0.638778083898863 0.983264401708832 0.397698213146582 0.0615275042062857 0.625344863037477 0.783626539536669 0.572577180880772 0.396840004264808 0.0422138821427684 0.999993943731021
0.405164603668415 0.700808616551366 0.750156005801649 0.742546938635766 0.97578721662228 0.464069435342063 0.269377913354095 0.899393530893163 0.914099397348326 0.847564982442339 0.968997501512519 0.960866822434195 0.67226898135154 0.420354053151243 0.965993332672877 0.997339608313985 0.466320649128714 0.730007001790913 0.526285407953536 0.413214076321648
0.151691796161974 0.600396527590576 0.303401869684986 0.410764364085494 0.759270988562878 0.13383722468904 0.0338031449605391 0.164146320064675 0.33618306822739 0.287948631987188 0.731253199046479 0.741701482374269 0.33196137520618 0.0990007422789714 0.785884191286059 0.849368102190988 0.274430951697368 0.30062881498173 0.0686460994154125 0.000241959213635288
0.22724164366876 0.531902146137814 0.326173822186954 0.462010370205022 0.775819082168742 0.738580539533608 0.367114427828868 0.925536908211209 0.9644551004491 0.399862508071954 0.257996964799952 0.982736480357137 0.252721975550381 0.17055638467926 0.59326583271805 0.985390919994483 0.196761130216505 0.280848397909035 0.64964819775151 0.997930625584768
0.0758778293319716 0.583523409899971 0.140865570834315 0.487274540754808 0.0421513007559363 0.341693738527288 0.0130541934417865 0.0669134830578956 0.387499874369809 0.112569577021783 0.0100696417913305 0.976667537025254 0.0554165014065744 0.0473343270531047 0.151626102559595 0.0518759139386027 0.429236641882936 0.193174909617024 0.00107393036289449 8.71246693793109e-05
0.0438726976684007 0.566963922941655 0.755773806123876 0.501822274830682 0.108935999569978 0.447656226504797 0.178089908291033 0.572536152775744 0.22523090771121 0.27359044276597 0.269548538611602 0.946450548710458 0.2055805723147 0.0571970682493772 0.756229034042423 0.926305860141134 0.225638998592882 0.640737286769505 0.318766291968293 0.00385633804393135
0.233444980512668 0.618022234206703 0.428762261561588 0.781126616221445 0.882914203403209 0.312583601392773 0.106316325467749 0.0724544301613718 0.159858360851741 0.376048098891293 0.174177090983312 0.964414968563502 0.121672563309132 0.0886867206713401 0.643465248819467 0.980476786065229 0.350253831304356 0.55078591390362 3.39647338568218e-05 0.99751790370911
0.474824029921861 0.769537626950682 0.313771897300338 0.579357049568401 0.819615148358528 0.711360900062864 0.676923166934845 0.954262832642159 0.802695792258068 0.859154763935835 0.646554505935045 0.986688997067712 0.632428992382683 0.262197252740451 0.895042454082429 0.98703849652048 0.70510658118589 0.814223186249227 0.0743943996449016 0.999779918650257
0.522693520599537 0.718185459369303 0.904450666776687 0.806540391346717 0.997892503309882 0.950302830292891 0.600290768629887 0.996220210650448 0.954468279912884 0.967415810383303 0.900501499572455 0.989338028112518 0.732976004357693 0.555471784965732 0.859895487685741 0.9931455106348 0.694300210119935 0.680564211496273 0.710705545074201 0.882842720090729
0.529591655717661 0.681712600784277 0.32997307209501 0.930695930962397 0.555552324816107 0.558512515212569 0.528540713935396 0.614648800815154 0.926495603415479 0.782274816136637 0.886869023913354 0.992476551419906 0.384546266571939 0.390185664817582 0.547233439702566 0.995590217902512 0.304050517280742 0.561139898911317 0.00450976861449794 0.768468258856435
0.0934796349575875 0.514463883757434 0.863205053603118 0.611513299141427 0.0612423576314929 0.235616314698151 0.136977282053569 0.255532312663505 0.87347736912752 0.353480429248861 0.0404637036110862 0.238632081240488 0.175450613117912 0.133963095513049 0.498319369673535 0.171372551461953 0.476588671796085 0.448401089909105 0.0320699235393026 0.939009991548484
0.153900616245561 0.578457123790078 0.247771526343723 0.634523462244291 0.105318430897168 0.15959157081259 0.0277673365684942 0.365239979681356 0.595209577180251 0.411654601237492 0.301715587087389 0.981929075523117 0.218550431918038 0.0933259868143868 0.540035684127991 0.889569451902409 0.263604524987475 0.545052526021737 0.485226747184065 0.936774306285461
0.247890940017397 0.571472651465595 0.40412360521066 0.66901462709177 0.902883787304339 0.347939299920814 0.159417720873854 0.31780224190968 0.894166929624703 0.780664529456772 0.215517575526255 0.823283457990091 0.131720526161716 0.0880691389884394 0.733174736987633 0.725176352060861 0.598778112823623 0.545907632051403 0.182101470300429 0.925753733387031
0.180499713199369 0.598469688112692 0.611375764365001 0.453697521517482 0.74854981302507 0.260564957985794 0.0985299796742505 0.241700456307817 0.106524149118358 0.202121703865889 0.0806841525534655 0.865175179084382 0.351428819522961 0.0405266221110378 0.495498993374935 0.0688296635192088 0.384342391898791 0.470660079730366 0.0037625396391448 0.999897007495831
0.267495239427371 0.586367348981925 0.713587025724249 0.463456793261864 0.980882080081272 0.301734081110839 0.0704671024795395 0.358967746263276 0.63472937868498 0.462228920300116 0.300749781581902 0.996769770024357 0.22479521847107 0.0878111341377146 0.431508926095933 0.779720491442684 0.643655073021673 0.648321895341118 0.003511621220037 0.684434583293697
0.236774530585305 0.650735995213671 0.0825379030512924 0.702642229922885 0.716758170581186 0.186107604616784 0.086039258410776 0.774334045727737 0.298929788315783 0.550415811291853 0.231032314213473 0.973590597589889 0.231582887885106 0.0998132117641761 0.781251787611049 0.380331315718233 0.411442753161521 0.713505016486157 0.435260010458227 0.942023489709269
0.16542690556299 0.609870172326944 0.427973659136942 0.489161852388986 0.672694545330958 0.198396945883744 0.206037908198292 0.935613315345928 0.757385134580502 0.173968715368816 0.492966459726526 0.882736874621114 0.664973399611825 0.068112221372819 0.621246935899984 0.172209524041902 0.745421532226608 0.634289549580195 0.245730802443704 0.241190605534636
0.569219540958165 0.680916180633004 0.690438516217991 0.89331634802577 0.925351744613959 0.505130694746517 0.408657679928289 0.712995314308401 0.969420327842342 0.938621872539064 0.912822809784469 0.782400265249952 0.427375544859208 0.237835245786063 0.778459863756273 0.999614544753973 0.478956873152138 0.618777035677885 0.999986606768403 0.999853023903365
0.277881300716222 0.564309549948844 0.560871674183426 0.798044500091616 0.557603628532797 0.554353181478624 0.269870505357242 0.0824521306123918 0.616198586860028 0.349823304185827 0.0373184528320546 0.974235538434859 0.479279479817065 0.134680868576014 0.287586420113366 0.993604217201073 0.255492057704135 0.215489105868388 0.0580009482096801 0.999575961089046
0.460702223816239 0.625538917887609 0.56080253490607 0.67576417331417 0.983240305955206 0.153298195733369 0.183577645663836 0.718003858689194 0.806482256313132 0.867331647312594 0.753605379302817 0.998849941766104 0.482132137835174 0.239471820596199 0.90417142757386 0.691746532216526 0.398599123603997 0.690679028941723 0.0186883303013516 0.999933431254168
0.608327599784721 0.682317331713276 0.165319336291977 0.631801786852185 0.950798430077096 0.467662234919609 0.321539436011155 0.772482692802067 0.940023322983963 0.948155947541793 0.979638271849736 0.947039584509257 0.552110787939876 0.238145162076913 0.801451451584629 0.880510222083423 0.358081458634134 0.810807494345413 0.700080389603555 0.944445928360168
0.7927458410652 0.787743214006775 0.959729077966701 0.834194111429053 0.996226932911055 0.501082711989437 0.221810576624355 0.90959721404962 0.774134963086735 0.985296480400687 0.998732283268539 0.989356367898063 0.885930515011803 0.593794466794779 0.954629344034873 0.999964040438417 0.54558998960803 0.895710180942475 0.963193047205649 0.00138557037098592
0.28898129824223 0.578680888284158 0.656919021464917 0.683392465564124 0.981004496814529 0.479847148360945 0.346536122741128 0.985523710595634 0.996718982100053 0.810546252355584 0.940315547517517 0.991638584746003 0.394644137322955 0.211735666165599 0.766162850692194 0.996748206527988 0.408950163627769 0.710389962799578 0.998451915981832 0.956591335641685
0.0162387562503317 0.497028495961926 0.177018684181736 0.510146962895541 0.026510823487359 0.423719363013405 0.0073365009837312 0.00411519882878713 0.0174437557680118 0.0300291505134791 0.0285901760092914 0.340294137972326 0.0253610115651399 0.0231565124774994 0.260723802865197 0.0719856941616524 0.503676808776448 0.601748419289174 0.000492386893002049 2.77406662104177e-05
0.104516256176439 0.580571658228832 0.448045549229965 0.524969835855095 0.493750453549425 0.410111455915236 0.137656368349905 0.697757337040153 0.0915649125282886 0.236499315346157 0.398699843351822 0.779085426574477 0.311596657918491 0.122141919379166 0.731870999050082 0.112358162671434 0.493835761825337 0.648933164655374 0.346752567018711 0.00104660025424298
0.163034194061309 0.599954332948727 0.570372115987646 0.49700232152709 0.223206336200906 0.214886551195551 0.283364497903816 0.891870552896846 0.997288526330952 0.424390213142194 0.392566002528989 0.908565106796338 0.118694728294395 0.183641705948858 0.809193064861005 0.0994615727001773 0.38900830555379 0.51110937583624 0.0591291125051877 0.00395114872765715
0.248480747462388 0.567334801723084 0.342162148187865 0.618317384067499 0.5574814948051 0.740858877128101 0.0593908270316013 0.630465041952904 0.175408701072922 0.686667347032191 0.265084598835948 0.984426973608315 0.157755941661679 0.103555346257973 0.560909435128594 0.0441031579828927 0.796987218327722 0.461031825020647 0.157523164939754 0.707840312030969
0.137374505317999 0.519126683796328 0.0715761033791174 0.393777437847506 0.122572813400896 0.480718319300769 0.108884027227353 0.0229248383431587 0.723892063417951 0.0739875383039891 0.163118535650399 0.989993566896279 0.165996814861577 0.0336140438059626 0.145653651002889 0.058039883521322 0.243102459225677 0.55981411327767 4.30558154951774e-06 0.00132801012400514
0.0336798325451877 0.479560369498218 0.428167777830822 0.733203617859655 0.212907385869025 0.36397097416165 0.00984418907041394 0.0398178804283906 0.0232202247132272 0.0212372056590846 0.132278457910229 0.587265857578267 0.0849550924296119 0.0220693691763296 0.199571243309243 0.00789897059622956 0.280414048795353 0.247357810275196 3.4020659105966e-05 0.0579889567051781
0.671019309999447 0.765547406609735 0.825252947173408 0.391124508355344 0.965355765842104 0.271332498937706 0.528167182799671 0.987855850265699 0.368730915533055 0.985670525493721 0.976202340665365 0.999432771008945 0.728928786962995 0.603625226934554 0.962905658648281 0.999985128038475 0.815537842536006 0.80206901749823 0.515053284778655 0.393466272383395
0.434154206468402 0.727604574476721 0.841866078581382 0.676887507807884 0.976403564192485 0.842437469390894 0.177865557659599 0.874571424662404 0.993804510147247 0.559278315042764 0.947475302541073 0.999250451403907 0.730308611767036 0.401015538630818 0.918495316020631 0.999334104283283 0.396779225702134 0.800043609468152 0.0607722472377523 0.00486093033602705
0.0476076810215932 0.62767879010977 0.220905891617709 0.522660429185737 0.405351333293013 0.543507175925245 0.538189429892279 0.647507527297945 0.0958646689826976 0.248495565556816 0.478075459632409 0.972760405810586 0.265137281422361 0.0775907577608817 0.698143024342407 0.930996137035514 0.522875234035163 0.543439949174553 0.046686465734522 0.852595859168472
0.439011437480242 0.678777458616191 0.716372870352843 0.585915613763851 0.817935031406601 0.565658546759747 0.469048211344527 0.826526131036828 0.915067391735898 0.748874080154523 0.979762748729708 0.935481081222537 0.32813761685756 0.216233910398098 0.446162312419945 0.942299313640425 0.345684938617093 0.759129832156755 0.991665724693238 0.991388280276549
0.300044227456866 0.554755951904405 0.342939876326673 0.684495358216087 0.152404163245223 0.443778612601884 0.085773211183926 0.151469569855817 0.54776256927515 0.452581072401707 0.0907349564195481 0.720602729988034 0.203564659583496 0.110513955680084 0.451090129596946 0.984695407556526 0.216703834426114 0.535836032495262 0.240449045486646 0.906055147009279
0.0360377573795977 0.449500174724499 0.302906992245978 0.364237023771371 0.0560350110796257 0.933844887506436 0.0530620691505764 0.00754983977898663 0.556853018879292 0.0704805587626486 0.0141652778428894 0.976821765842537 0.15573835728016 0.0295035086852327 0.556619247851415 0.58830684040895 0.399513349196728 0.393780188810607 0.0548395557237243 0.0012184576360241
0.0264968100220771 0.495889304043885 0.100570029488043 0.559592320432133 0.297192001436138 0.423134937047048 0.160787187780294 0.0670419232696046 0.00186059047174196 0.0335503438378425 0.00781790130883432 0.514382520336954 0.0232987452996098 0.0839171175095596 0.212960088734145 0.750274478716884 0.36775670654958 0.375943713363347 0.0244839928448197 0.999449657190623
0.0473553962939718 0.578039710777412 0.256487898742739 0.533750518430641 0.0629222277684224 0.295092487950053 0.1300984839135 0.765197900013828 0.278551782386967 0.527405042866765 0.192976480935592 0.834094987669829 0.0812993699360621 0.0717230454372099 0.576822737306833 0.0869164932959713 0.513772173648967 0.440428223358351 0.0413122592807986 0.00036884364380056
0.698491455878846 0.719737298013036 0.942211071982453 0.816715934713093 0.91271297063877 0.559182777150023 0.666981292605826 0.986447415360515 0.986714891190377 0.881318636099178 0.913239020756864 0.99737565340434 0.63094207731888 0.478871161114939 0.826224439638898 0.991009605956494 0.54265887644217 0.788564394146244 0.0464174245387127 0.99986011832109
0.228356196100035 0.728207971625294 0.828848135665816 0.719498823091453 0.996514745059546 0.415218826137603 0.551014691751705 0.97860673536339 0.925311649372664 0.902672073159917 0.67691369591433 0.984534341474699 0.348698835012247 0.207769482467868 0.67818368285142 0.999331224488036 0.782023482123231 0.70450607593643 0.0184132007488166 0.999089847900775
0.0565249462604178 0.399201399767985 0.365221178493248 0.462734839927557 0.458278995660023 0.446012736883602 0.0537928555247713 0.368668958627403 0.809039506743528 0.0572303970760394 0.253650640901256 0.596253354690477 0.0794318489614182 0.0572365920992065 0.4879473066628 0.712269351278634 0.178733547776779 0.487125488225195 0.030273033228332 0.00391796988774245
0.231577298586899 0.647563757954454 0.644873670965367 0.685246201071322 0.644467201319955 0.058121992651987 0.15378467752979 0.256483488595741 0.973932848851212 0.803133866129311 0.754832669949845 0.999729554388578 0.3291309644 0.215846321925632 0.827606589930426 0.956102853463561 0.5094725674928 0.690570334775049 0.805504448818136 0.00156035296732688
0.266707025550527 0.581556464113738 0.876757386758808 0.503665912496554 0.627051022088592 0.325839724492741 0.0342419753945477 0.184498465905559 0.9752311568408 0.594090822068517 0.175583141125206 0.990423967460296 0.293118030281683 0.185316932767711 0.719971216015321 0.807128019282855 0.620014030410259 0.395999911057362 0.524126928566309 2.57589321364552e-06
0.254871244380704 0.685432021052519 0.571434120764661 0.496232535078667 0.785967624267403 0.0962363435433809 0.0960077110927846 0.960177555021053 0.324299268913302 0.67306121324821 0.263123550902998 0.996303489499344 0.411326575476582 0.212380295127825 0.893573662443533 0.999921633854652 0.38491402222306 0.682220315817796 0.026445482028957 0.996934125265066
0.181740621406703 0.674740125880704 0.713197807373193 0.743819878477266 0.183095497837546 0.854249175334866 0.0492641363220425 0.061294384738193 0.986229820927585 0.37649112679963 0.389448857981506 0.571576197640556 0.187395327100295 0.117865811440099 0.827650288493231 0.920059956716499 0.344536781261718 0.55113484567256 0.921097642872698 0.994592926113524
0.0635440556204208 0.414621325158479 0.301565205538213 0.437809623729849 0.0125416954275472 0.599437970406259 0.00729975763967702 0.076655172885207 0.189410781862696 0.0711582666307387 0.00977512527766299 0.79142423895241 0.0362071022544426 0.0293918200256588 0.379215006182532 0.0705028090045574 0.319529878125919 0.342619075275808 0.00369973480067913 0.0011029592827877
0.516160039867457 0.788786639090356 0.715757478728806 0.422877995799791 0.876480298457195 0.425530405822011 0.409538859586225 0.82157638189022 0.692245088314293 0.903641280040117 0.934136571693911 0.998979700421667 0.456736938467526 0.400835986795142 0.94011922397494 0.958238908575154 0.69083304619785 0.598685573532605 0.998912254751643 0.947741966565349
0.0306877153075928 0.566714062630633 0.0555173118567297 0.53200077413521 0.0190722994780823 0.413857287088004 0.0197039215103839 0.0591100257997866 0.249273775543498 0.0277490783369974 0.0143821294215177 0.664259009160764 0.0641334841405699 0.0207506652162362 0.269470012903092 0.00161155536410793 0.271686407239231 0.419740099328246 0.267037635054566 1.36167901931216e-05
0.543467911029074 0.644564606851386 0.813287274810855 0.844257424109617 0.895475978841043 0.226193533550242 0.196815340705969 0.979060280877535 0.990591460149132 0.863879393835199 0.30302928995968 0.994782348067718 0.427621557501107 0.272505956702885 0.642257281077258 0.98703381531947 0.560969872631514 0.854153970836202 0.0869181511819563 0.852749153749374
0.266591660820692 0.735187936100866 0.783993155045259 0.453480164802541 0.800506432270554 0.689232009163562 0.23100299188456 0.559335718040637 0.0382371411268453 0.630173659473627 0.428988933627379 0.996241620368353 0.295990765204545 0.171625698604738 0.793417759642144 0.879159684017709 0.302809595163311 0.555856712810321 0.0686077086315079 0.0140657885110079
0.0933965453278395 0.341968775521969 0.158095305916351 0.573978782821761 0.119385102437855 0.240638635094639 0.00852249845017542 0.262166508569436 0.0810204201860819 0.0557318643518149 0.0030539692364605 0.0170953919829138 0.0943875302223317 0.0394654067317753 0.50033641501341 0.440675119277624 0.349432525663493 0.417022773301202 9.00217266149889e-05 0.000765607503150929
0.52299994817863 0.677314877682509 0.818032335966806 0.691500281563536 0.913735439053109 0.198891587396082 0.562433553059824 0.952499691238421 0.978922179594492 0.942603916005285 0.941453119220687 0.762949846052856 0.443428604465577 0.264376444534631 0.481777663455274 0.996044305411362 0.411068138010987 0.665330048781799 0.181586285833002 0.00108968789342399
0.327291066779448 0.661472707145717 0.90577059000091 0.689008106669053 0.909711136830115 0.362317811475783 0.315695733381812 0.932486053188739 0.484506450891231 0.509010487836894 0.678698128365424 0.983891764693228 0.324120131241768 0.0805137160193039 0.918665828541795 0.944291690762577 0.331205223271547 0.468755847384904 0.531378028415531 0.886306191187692
0.062990979809796 0.433981433203809 0.325882774149646 0.380278250290033 0.0508122456974203 0.60414339487374 0.0133603477327638 0.102205411475669 0.00722036093512713 0.0491375814089245 0.151626744400256 0.783262779898502 0.0850472254701341 0.0703024376266556 0.427089213861681 0.101702383234214 0.458228968638872 0.661348689689955 0.000959784362834941 0.743742351002783
0.158270869765866 0.564368249160934 0.696593401814701 0.807339655854087 0.612791229659024 0.339880860709179 0.0605530151802815 0.722663557444072 0.232213157003323 0.405603969080477 0.397896899104887 0.973913338755049 0.429066352430047 0.194451205327284 0.558014038007702 0.987671143434559 0.181109863147188 0.532211403737221 0.00308866429071687 0.642800956642299
0.143230462311856 0.565386662664468 0.548729554203835 0.155213502743115 0.953337874497729 0.213892652687213 0.213123795829831 0.313925370972981 0.825454693620651 0.903509571205954 0.394800634951783 0.979454196983289 0.543879470160248 0.1604129288424 0.549149997703383 0.999925646375759 0.409715384857162 0.534916046509201 0.649228124171641 0.000967705876470353
0.496426586135892 0.649597946752294 0.774253052662306 0.574715912613005 0.589868440588377 0.346159835177115 0.61078652789087 0.711742813615767 0.752447655992821 0.891449994144403 0.993399617111952 0.992454239046871 0.489265146305186 0.240190906027654 0.715089158312471 0.999819149553668 0.492735014933533 0.467607388565857 0.366466893637709 0.0796661229098142
0.66833858289644 0.680504686990792 0.868042403404795 0.810757510445475 0.986984303325957 0.879646848620455 0.151746603748034 0.975793409699944 0.825792935936929 0.653205660956375 0.706429872384174 0.986981130503176 0.638267210232935 0.266359689535141 0.79496275951001 0.979227160535969 0.843298059807093 0.728371852076519 0.773666403379041 0.000657153474089517
0.244033417539614 0.610151482752261 0.687968805076528 0.853819472198318 0.807037517734331 0.293165886690457 0.256789827323043 0.952716661323237 0.889992485845117 0.890915414593427 0.480628777536163 0.201864058400444 0.556448352014074 0.249714634107159 0.799064160470022 0.999531204221451 0.572970857320561 0.585675272362849 0.0633688369319597 0.881913142210162
0.165217811433922 0.554025288323039 0.222108071776381 0.647784677113299 0.381529951153987 0.758792161617884 0.00586817186660321 0.411333207020649 0.274265110398326 0.631428860291405 0.325380213094842 0.95663100417317 0.320129447204542 0.206699500905276 0.301467770434121 0.923113807945587 0.411829072383853 0.375817542045948 0.919044963580364 0.0155178308516544
0.416777414134659 0.718631417625803 0.710548142465594 0.529901362256001 0.938063344828748 0.237145760823657 0.241698203799574 0.574380071843681 0.91368803592247 0.733129063358616 0.810262512893381 0.543920182347676 0.403487422778717 0.204068865431042 0.715384307401111 0.999555763792152 0.528003036014005 0.8255507975053 0.418993878623914 0.857039939153382
0.100711340378227 0.579660796420797 0.478157085965617 0.529148778438486 0.524508393133411 0.873096877767037 0.0635923823943515 0.111888397428202 0.964347349481884 0.438141682110193 0.408918673392301 0.997192984517707 0.126355649144217 0.0866109073456064 0.818971030550666 0.275034307952397 0.476445160949122 0.783159043422091 0.989062872107707 0.00472783953812304
0.0868777683344043 0.571153827571212 0.33525179497209 0.692435017516384 0.740998520538413 0.472084171983773 0.0602599212136079 0.349313404652854 0.242046050793528 0.207279022374709 0.0963349124568903 0.648453833201444 0.0841177549471888 0.0461195383017502 0.228946493901929 0.861594425162041 0.5572911266824 0.367975471029582 0.991541899147302 0.99796429942791
0.292946996394343 0.652859906118634 0.649071840345908 0.799001173839349 0.718411800554587 0.227958401208254 0.680877452690634 0.9386409100745 0.800426109488341 0.450350312369237 0.114950613832423 0.993278745556035 0.325460912420089 0.105309390935318 0.857478555725641 0.846906082219656 0.57707344409845 0.902806089915508 0.086940946832834 0.000313015793598744
0.231138255387916 0.602043877000827 0.88908882392254 0.69043129288774 0.360367103897118 0.682291507047234 0.0262337577162021 0.461010752448989 0.28800190928619 0.594569387057306 0.489434582291072 0.343604654991813 0.202634902846691 0.242481484729657 0.723198128657958 0.995157765583422 0.379146979161467 0.241299875497253 0.0449512422212253 0.990931529770744
0.163067393742375 0.623803962027066 0.246636705992213 0.292065875534312 0.648004931327442 0.335856733346681 0.168438858158242 0.179995113207856 0.036734730189669 0.365070974465127 0.497977223590787 0.999242478305187 0.207691221052478 0.2002143535576 0.456636745591519 0.959427006761045 0.332435496241006 0.651852368389212 0.0718153471186891 0.0022575636178383
0.52199984663956 0.598283164655582 0.904609707389192 0.667359415735678 0.958549841179221 0.217075101749845 0.344063160326275 0.952064963450454 0.893072502611848 0.690612908306711 0.873725910431084 0.98753701039258 0.501594684634946 0.341419270915 0.654563109029615 0.997166829353041 0.556551586152419 0.710769188985613 0.0547299870947012 0.999997371713975
0.155846451414295 0.602484183361406 0.637122573515933 0.68543966152823 0.97843877705468 0.3125641986094 0.433207426662373 0.440742992577003 0.769901032212505 0.500787430163339 0.548041331134197 0.981067667082972 0.404181588476743 0.200897864911153 0.518291221283514 0.98905815716019 0.725554811422229 0.473333345118577 0.145887458231814 0.933009281343123
0.213995783532533 0.511741593860411 0.107490437561828 0.610683502710155 0.56789124939101 0.605236923742436 0.3816554163296 0.156724405357249 0.444443794430057 0.0713004628642513 0.30118826650741 0.992636261245617 0.174550782052354 0.102060399967528 0.165012878895335 0.888847859093792 0.464804725010591 0.330048746659577 0.0104281008878063 0.81819576367994
0.147829807512237 0.567700512910167 0.393896666185604 0.375484208805158 0.887011869282489 0.366052772443534 0.124414147015161 0.670697518575707 0.804808589994046 0.366288367284608 0.225443179145309 0.967134340765063 0.24653699510537 0.0704471216996007 0.584564632051294 0.99352038957973 0.67732808631918 0.828227255537481 0.237642960386338 0.0138943143464031
0.478299949368637 0.655687646289541 0.966943583167342 0.584893592557339 0.946542500740263 0.553538948339962 0.260306102730898 0.98172456409544 0.977920694181472 0.947013310813738 0.645078889965739 0.998399950088901 0.443204606163802 0.17991557107147 0.922279460430787 0.796944741471497 0.456815645208526 0.605046570137209 0.833183747968924 1.34059885366472e-05
0.372356344262595 0.62706860020393 0.865104487084137 0.774059568635747 0.985661872341833 0.677106621383385 0.153628833370515 0.91566694688481 0.943424232664643 0.978958955953916 0.699489389739198 0.947392467078541 0.476475007568315 0.358212145944228 0.938967203531632 0.999979010145788 0.562844258995546 0.598816722186282 0.173137707134798 0.110179679516438
0.230133331600839 0.648032385042962 0.367801235935219 0.707008536424304 0.897693933675398 0.957633134738391 0.197960413951475 0.701945484647865 0.911327817142039 0.797905420980896 0.614280442833559 0.920438777353782 0.488249279073027 0.343586906809828 0.680069683877575 0.999678008718392 0.442699212654962 0.666097078460102 0.0146431819494673 0.000300645974252598
0.359437413748312 0.726947931735292 0.948710860363943 0.706836996417169 0.887907715045383 0.618743163119368 0.623738317597106 0.996401978256352 0.874038444787785 0.780952819900048 0.967387458156406 0.985514806705238 0.833398072591779 0.314698651626207 0.981510808164488 0.639496974028756 0.791710224720015 0.331489778887124 0.954437259967374 0.998787041644747
0.275969369007165 0.535139520293332 0.419515224858382 0.602398729293914 0.447270262068182 0.437007927016976 0.139724617444294 0.0953654715851758 0.644146326375359 0.398159653567796 0.230035061991453 0.856240324315791 0.112163360833139 0.0780553640125506 0.628093988289552 0.836761245046532 0.282285088946694 0.779571181129451 0.967249217874054 0.999772855841633
0.0460641350554271 0.322378213897819 0.547211073272917 0.45446851316361 0.0126916139780463 0.413394245790141 0.00792828989714665 0.105341946007674 0.0227840899011911 0.0171189379335557 0.011407625894423 0.544924838323424 0.0456187259105634 0.0256585521408795 0.320585931409649 0.221343295093924 0.237252070498536 0.32725205861016 0.00219497910344224 4.85003897754311e-06
0.334078436755928 0.685731750343625 0.708398367891159 0.573860778850442 0.9427684626732 0.592552314049712 0.179407352275762 0.373438046463776 0.857116756180874 0.617620598899248 0.62062799023812 0.999956214177329 0.610504682580148 0.219132681473576 0.636176024051964 0.807096791378827 0.539978999003964 0.803573386469492 0.785052571449484 0.946813390759313
0.0745542608220902 0.385901176558492 0.152607443801722 0.299616462494231 0.105779397195264 0.179495296961353 0.00318748939072768 0.00304604150964978 0.14371132258471 0.00796959322856554 0.00910345518517917 0.826506427201657 0.0284180366645487 0.0269712729667062 0.42085634282387 0.0216161411157879 0.222362070109115 0.227540778865177 0.000438939628620123 0.0322478169501598
0.261915208803335 0.553666034598328 0.399442885611775 0.707597156951547 0.720169551051092 0.560236143105375 0.137832835426438 0.926612688207227 0.513499174972883 0.549577220745569 0.668533865747677 0.996716678690453 0.197063963474419 0.0468247903837416 0.870647076516317 0.997302523557819 0.712176552739377 0.398121934503843 0.12359892824468 0.814002842273818
0.844679091681106 0.747502065735971 0.93677904260993 0.958529022179143 0.991929192572196 0.515926040083652 0.808678552512816 0.997313565560548 0.949592828993675 0.991867518791541 0.944491273451556 0.985830428261886 0.8255243046796 0.57539819029199 0.881782773113966 0.985621669544424 0.73906188374372 0.852718678666158 0.960888767638896 0.94197327709701
0.0208378246302484 0.386770687679351 0.031296916876122 0.388019083724769 0.0226298826561297 0.442284492960182 0.0177202435702023 0.0427216441823458 0.193542269423632 0.196363504471303 0.01462753511176 0.976570739392089 0.0420740149057258 0.00802869320377161 0.173737284708166 0.0021752757015308 0.202235838272802 0.514391367051049 0.0253934841116769 0.00422876699612789
0.0518173578296275 0.506511616588177 0.785841872453076 0.680034719274601 0.20418450306432 0.428804557371009 0.00614327770935111 0.0641655719541087 0.512919036427729 0.150077315472438 0.106160830876108 0.214108761168802 0.0440222254155375 0.0217724346203652 0.353666872283486 0.694750609556699 0.260672429744537 0.343583708838193 0.291180631199357 1.90031578099979e-06
0.452095748339906 0.650595155590907 0.537158514171177 0.633418231564311 0.957854964967147 0.109984391700425 0.140356784948127 0.431348592318087 0.825055192128375 0.328293811016975 0.121936679628525 0.993144149039757 0.168799842826433 0.170964237613398 0.733252893008845 0.161197287793357 0.441859139784642 0.621199228030746 0.000895524816873012 0.985801783260504
0.182697703096364 0.581361512934009 0.70317494632331 0.660351954087778 0.687972086458246 0.487632604260925 0.108850885795814 0.388364948332399 0.956061381202686 0.469309642733498 0.253057244257019 0.997877605292339 0.435502434565416 0.0957186473577671 0.710241099697415 0.911391071346465 0.484158126806983 0.579077515567287 0.999528082515711 0.000205664906136126
0.158337282124929 0.539063008082825 0.538896992666906 0.443051129330208 0.644561012194076 0.135499841890999 0.0574311106027299 0.0286404478631728 0.902014005609834 0.519071298173895 0.11241489000632 0.957310249082261 0.178377533831393 0.173812791399735 0.865500950650665 0.273402890519357 0.754527897666442 0.495541020716238 0.0960717403464179 0.991813759876268
0.198577812838522 0.695712961458736 0.831373725976965 0.579398623141092 0.705505045931467 0.648321677174677 0.594480273396871 0.485957283309285 0.282379849105905 0.146778034233842 0.331290050506055 0.904321952272619 0.12942719096738 0.205510217634732 0.864210961723326 0.987361894590978 0.643274594636088 0.685309619474359 0.976843292157977 0.999805598184198
0.262621210039998 0.643379458553142 0.567467179654067 0.570785943960015 0.875974490315976 0.776924076812564 0.13574632136644 0.824223128889963 0.947407597629943 0.271141297530549 0.164434289001393 0.917809227422839 0.142216667118307 0.147724748221938 0.743972484885604 0.99956586108621 0.566905339582689 0.581984833015979 0.991970368258114 0.967907034584249
0.044244783501659 0.439653557086237 0.433944219323486 0.784316983636402 0.138886123202931 0.127067384433882 0.0194805156347608 0.0433681159901979 0.124958406594494 0.104032430875617 0.19154640158917 0.652037421821864 0.0892290113616242 0.0656338727457744 0.307761696198711 0.414808909907659 0.455142485665121 0.286453144952523 0.00102816217472254 0.901458250233163
0.140408753229345 0.546830022545057 0.0890089382902669 0.527258346811477 0.53523476095808 0.18724982643277 0.128695871331273 0.566668304347641 0.0571830600863717 0.211198187138135 0.287933256721394 0.99084400592062 0.116979513980712 0.119229379507054 0.804122478198948 0.856483502621239 0.700382750768514 0.313191609245456 0.000219291882371833 0.997803102754141
0.252425812273394 0.547958579608671 0.705420460618133 0.704091491456798 0.398191735388888 0.221728658759512 0.0448179182783351 0.239256290235638 0.952884080494091 0.388050988957256 0.663570091730299 0.991605591795088 0.40718646819017 0.175466056303621 0.435848815086078 0.881817434411866 0.661422344724737 0.511214273877415 0.0640242551284412 0.622529946147712
0.0914923789841745 0.676538051233714 0.155789312366257 0.417012054443011 0.658781068818971 0.437021276104079 0.0407429257312644 0.197290741058493 0.080475981628592 0.158276525668084 0.057218144378769 0.649201714281206 0.0511280358442341 0.0311762483898564 0.382932000038427 0.913248474668073 0.473447130131409 0.466330801232147 0.989819002007356 7.90425170702094e-06
0.104382025911188 0.43038207315203 0.626568061899651 0.443562083789353 0.0780117651358287 0.213376827697024 0.0122446365690914 0.0321431151187433 0.00869399498616755 0.0100925029653671 0.0373960677955965 0.0571005634758728 0.022275406977505 0.0283728523225227 0.182172323337497 0.321547273367679 0.528302976647031 0.405078214341575 0.014456691659738 0.998820441528254
0.224692781925721 0.523637484311031 0.631924004672144 0.733814714216496 0.732080633813254 0.814681367111902 0.0209792234430114 0.231991786395709 0.600800366132756 0.515684754870964 0.249872173410926 0.925066086030956 0.188355176776963 0.137731594529192 0.8089405905088 0.97885485935022 0.348045500507411 0.519634424015792 0.597189588246878 0.0162232128690033
0.226857642022027 0.618707120607359 0.868912061493391 0.618246398460552 0.944732622112974 0.107418494686956 0.118662533544932 0.906265220566618 0.538662851874445 0.698126906908533 0.587465523553141 0.989462330558809 0.251354124577106 0.120386077088388 0.818306893139775 0.991115814673154 0.664843271051785 0.652848779125172 0.979985562519366 0.0868787480505507
0.338116540381315 0.585387207984207 0.718189213877514 0.424425554529878 0.917822841551195 0.423832328765933 0.121056034734342 0.481902098898341 0.611982550892464 0.76662755141101 0.816164861002629 0.999311293463441 0.605352042655296 0.339123031843542 0.693771773064821 0.977823050475621 0.590793745475657 0.457800025682262 0.023901245439217 0.988239494014959
0.536564735645626 0.521731086958816 0.703700183895273 0.620899134325268 0.791772038834675 0.414345378018292 0.407996310054711 0.98782633041124 0.370138339898046 0.701221990742214 0.879643839096738 0.982694678161207 0.250972905477684 0.239511807901037 0.824789638572465 0.978784870340156 0.495389206456757 0.675446392802003 0.567272926420841 0.718440081235763
0.212475830970101 0.607176248771453 0.935665054934703 0.411811351613703 0.788713175888611 0.478347536989589 0.138429453358986 0.194393731056715 0.987582315946813 0.846812811114198 0.787807143116952 0.157696189313335 0.694909616371684 0.0903458304315909 0.678657916273861 0.33673883664363 0.780043680788541 0.774396299519592 0.013426878059111 0.93986425950373
0.623231282754318 0.735162603289427 0.689940047023692 0.602399905055176 0.350514773043451 0.551317185175735 0.572792499724489 0.854608324767075 0.953972212369771 0.880136171307822 0.952445974098178 0.990879814966452 0.491243774838768 0.243758099095685 0.929133564323645 0.995562461102079 0.464395365084495 0.662220560924143 0.0631420093350375 0.0499244574232279
0.105310595260397 0.542489855998417 0.851663163807734 0.593245170587352 0.686829517558176 0.371549783861663 0.16599873325923 0.869728552944162 0.891828679941592 0.233095924207875 0.0132891956143502 0.32987730777121 0.173748136545083 0.132909769306627 0.299038663725037 0.947765216127449 0.408955405023989 0.363207804264703 0.895197588676763 0.999721738358204
0.279319229369678 0.662525464927131 0.333999345129801 0.629281694976846 0.616866133817564 0.583058535630907 0.228420152683614 0.650158540332409 0.634642931310305 0.462950952369007 0.813217211048495 0.833980248716084 0.237075949346691 0.124717396627403 0.657645439590832 0.96565024269012 0.618106621880057 0.794364021365578 0.288592036199816 0.94420000248941
0.235229514064724 0.584303472055387 0.632093234641026 0.457076530180336 0.650840248061622 0.798034741882055 0.401627305639516 0.984214921580786 0.969803090260338 0.44083728715872 0.668496858045816 0.995119906449477 0.399281098103875 0.333805889823332 0.871398080888515 0.993852236892457 0.167820254968218 0.584652431071055 0.0386094328135711 0.0419978010416744
0.399914141967157 0.759980542328667 0.9262316398434 0.70683969109815 0.606044916750399 0.368037197482802 0.191484067250565 0.923675676141594 0.888009549119677 0.643218291727879 0.880352187462613 0.994675932978468 0.598183903901099 0.221878312693784 0.929873142283571 0.933854852287509 0.64126073961043 0.873888190913698 0.998489234441816 0.174751666085954
0.259063488675787 0.641612223034954 0.615451171031726 0.715987342775947 0.900097551117178 0.333751514430523 0.130326142236171 0.91555757408567 0.765273972672143 0.959038990593563 0.20910036850761 0.99334229913734 0.721406877571125 0.115282571500801 0.639557517072008 0.541459424135042 0.76994999822553 0.62494380080831 0.0358490773713434 0.193899270864392
0.503110115721394 0.708672916957897 0.949147742630168 0.805454331815834 0.980183003934216 0.449519633590471 0.313891988716638 0.598069611260971 0.306356749420961 0.849003837560779 0.95641856614616 0.998735361599332 0.544509592392429 0.324786500051619 0.898051271350003 0.990307460789733 0.693745011138191 0.398658999427884 0.951222090957383 0.162657169319123
0.581605514385501 0.692654748577975 0.849145266725035 0.363104249625855 0.948984953607739 0.550755078955851 0.673095538097976 0.238262767298152 0.686633089593509 0.757003395357814 0.887287385171875 0.992512719897235 0.398461544681818 0.214149749246184 0.972859844177483 0.999907385258256 0.781984264891084 0.772189719952812 0.101643746759189 0.0212285751389394
0.0946600383001011 0.553040336115053 0.704959364054866 0.710080151988035 0.0584069446234916 0.478227163726846 0.123327051295477 0.177125931676771 0.414821258290772 0.0643617886747801 0.284610180797467 0.458570687263108 0.204691292536675 0.0924270483637449 0.727753311403308 0.903584268217048 0.292511469518339 0.482853154823678 0.845229093513273 0.937467584658132
0.176648433079268 0.539112191366612 0.282241393615824 0.810059659437487 0.616034894036422 0.402584994068517 0.016323030623563 0.193731914059177 0.797754522570016 0.135911375124487 0.045433391410046 0.696243893842069 0.0574498513324201 0.11819045349666 0.743262359588369 0.338573131383861 0.441178842490146 0.506165245333372 0.093923545477692 0.00109509759900113
0.401044147175079 0.795502578728861 0.562562297980157 0.740234121076679 0.95544448769985 0.0946950270085787 0.0618464142904326 0.636845011211315 0.696976771105559 0.733378500857313 0.750778431547671 0.994254102082117 0.427863311133218 0.371989287196848 0.84075148550221 0.99873600480194 0.383492261116631 0.856618576938399 0.000907550982972605 0.217841535280053
0.390910505610409 0.571093853827783 0.29207790359594 0.458457139070496 0.418229940809828 0.536324633571569 0.129611416878306 0.23684863731054 0.108678639220727 0.889477919696461 0.855611881401087 0.759535559224827 0.49069806622884 0.0795207612269139 0.838812680905963 0.967876407676047 0.504550048666112 0.516670000312424 0.902329616287404 1e-06
0.0437908072149443 0.483138805592978 0.140675231213784 0.540408037720904 0.0360193544411487 0.327266499863527 0.0584453349257532 0.0627824705311071 0.0399583663809626 0.0611643794546605 0.0131757201370908 0.18038806655482 0.0279357603106441 0.0696955294689761 0.172279522384018 0.887342713111648 0.145662378622188 0.104079795758378 0.114543232408845 0.000255455625901683
0.0255240638832358 0.417529799083774 0.0578705966871043 0.503094521065288 0.0903155734736876 0.137041650150173 0.130117739016806 0.0155807975878406 0.0234299368988682 0.00884890229018341 0.0121425906524936 0.0132622104370746 0.0258498584164917 0.0166451967510393 0.122372647742868 0.262624713738131 0.256122718486015 0.285603094878011 2.0046968397647e-06 7.94610178018261e-06
0.281669110252318 0.578966415361756 0.388149970961085 0.479815548357039 0.446233236251562 0.478088411331887 0.224427260262676 0.536208071984615 0.762856050735508 0.739500036246095 0.591089560629798 0.996658999711866 0.221382962767576 0.314215850968451 0.369603770909345 0.948759739627426 0.525021953906386 0.833976150893584 0.0135678315793777 0.999989573865296
0.330315230026421 0.735492294225545 0.926404350583537 0.502252340558565 0.92768303985168 0.621734936213597 0.527512954698067 0.772848909164338 0.959931265813738 0.794598995974706 0.84833845399835 0.745909064809671 0.479387790386891 0.345367279732735 0.93284441442214 0.994343493060505 0.516395525262573 0.682139145712065 0.938872737556855 0.0629296402843756
0.211494284385447 0.528050133941874 0.704195757276889 0.776114684939388 0.548441718706747 0.893931302431683 0.37885888905593 0.269373696218215 0.543881125324467 0.124061003692776 0.882071082031991 0.998670738623728 0.298825618999528 0.107058854676469 0.836621766729443 0.97409336712578 0.49320585294438 0.724191557691257 0.0323484032877899 0.587143736734202
0.298728053699819 0.602060860319068 0.815331313972733 0.896748343217024 0.511862919605214 0.393443361833043 0.174071926698212 0.723907652231705 0.806922956946072 0.581818224375908 0.914277337654284 0.97788841693643 0.421031359309522 0.252407705376082 0.540920754655307 0.996507553757312 0.165155060468344 0.551730199072532 0.123794740456334 0.0124743354450078
0.133514007710856 0.52359610272982 0.434037423941415 0.668677256205974 0.0498337646749774 0.134492388696534 0.0265103869946596 0.602320949397382 0.915979757336415 0.247345273511614 0.190795114424644 0.870833174815323 0.103682023422339 0.098170346781483 0.771509114209665 0.80869128455022 0.460941731460161 0.394565480052331 0.172075021327583 0.999694976745537
0.188152292008142 0.53638618597227 0.148698725737464 0.628809250800214 0.25325991406533 0.113517381364868 0.185754694328985 0.590254165128457 0.983684605076759 0.186831550203619 0.082568095072641 0.954093771892188 0.184828536569284 0.104661731408697 0.473437994065089 0.77600383064912 0.299413602249358 0.432319266668151 0.00164346368529026 0.160362350713812
0.302976719883598 0.668376304597206 0.899142021166255 0.452648483678023 0.705066838631801 0.189789132361836 0.506638969778053 0.897065433822222 0.103116472325169 0.904678731609836 0.556783275278771 0.99975104477138 0.360209798887285 0.295510861663204 0.895666192709255 0.994054911737364 0.504971069662273 0.631173116629468 0.150420722711113 0.536081154662038
0.368402987602921 0.680581764970538 0.294860729412427 0.691069695799773 0.641121019771547 0.443295123367812 0.618474851026444 0.968265557911962 0.941017986470927 0.953296437737129 0.982927834999605 0.998284370297144 0.631951758058047 0.535483466471662 0.931965498812923 0.999785043178884 0.795065079734608 0.80172818495867 0.623277463384201 0.995282605982075
0.0716404740658599 0.659188296826043 0.257542541308669 0.489606826749364 0.441349416066599 0.239391539658488 0.188618022128482 0.690758165118322 0.127354906543814 0.165015504757174 0.132218914546389 0.443354787876277 0.333836152195922 0.0670045700641256 0.500238791557361 0.503053795479415 0.585926411984889 0.641315691883129 0.202713471247377 0.465843383679418
0.370214425467275 0.753462408240086 0.443293561255991 0.689004148903656 0.757319698303749 0.457495200891041 0.0743427248786974 0.652827306027791 0.74852505883651 0.556751098531005 0.956940531592355 0.955184233321956 0.570697837445731 0.0962527679972903 0.743953561731858 0.677394859611489 0.594345273198108 0.724238754950329 0.642426533305553 0.999955205269508
0.0188236586665053 0.310302245907411 0.199210684108666 0.407984778369626 0.00342156786082654 0.112817325057425 0.00199100471790542 0.0814815775626309 0.0380812892694232 0.00312916259583212 0.00305838877266668 0.149468226204399 0.0183168121446197 0.0139032689364005 0.157579956698058 0.309411316396335 0.113141359625233 0.293233719972453 0.00172877086423201 0.18942547952626
0.0300922302220167 0.403503593958167 0.214398425217197 0.253075543806569 0.00972194189920657 0.27044487359968 0.0138495230900393 0.000976617870663036 0.0428719944577257 0.0202296822958054 0.0019668867253569 0.862393117744878 0.0520291694036609 0.0299219884148703 0.0768546473226649 0.00413709787213073 0.715028337126172 0.333581398847448 3.82321195308373e-06 0.310990735571182
0.136325596729697 0.494892516630496 0.144720271117307 0.32833965561902 0.156666640225276 0.160796120269019 0.128651899882793 0.173267995526838 0.0730372251757021 0.225735651204487 0.375423751417048 0.857272465701469 0.183763824829057 0.0432355140698549 0.808148462219842 0.421301863147547 0.132564202847569 0.664853348176286 0.695386974208984 0.000717485362482972
0.145128072319846 0.5893445828976 0.169344266352309 0.58664006102488 0.89998667427356 0.711787052286936 0.0197810687147399 0.587749724931418 0.700445437392559 0.330694615614471 0.59419524177136 0.934725430241116 0.150692651217175 0.0788377422300355 0.677134366207987 0.955190056810709 0.480595190519988 0.230695459145062 0.23287224920453 0.913714120308407
0.134609964146601 0.536358597349527 0.266572682157886 0.606925510679537 0.630958070080986 0.520983347612352 0.319358092430133 0.977493495303672 0.951582274554608 0.519726585376603 0.122180587357266 0.966740152174033 0.156601151928852 0.141902908415429 0.529986384503668 0.936702915009307 0.459410537448316 0.363164397981017 0.873848863397766 0.999853064599619
0.152162738905115 0.584578964811927 0.699009919825629 0.524437653456794 0.678157241211544 0.333165414213035 0.0224306680664669 0.917735992654274 0.780571250175068 0.234457941619713 0.462930082457001 0.833493794238828 0.221743700047908 0.123647365028696 0.477491648189599 0.994317213870286 0.716809813516753 0.469886512744425 0.918035440357165 0.920440622815521
0.141736508810132 0.525197887274298 0.348704926304903 0.376277472692855 0.280730012822296 0.711297117554102 0.0745887800505992 0.130529830257705 0.123740656755755 0.477023881595608 0.481112537607189 0.376982797546649 0.191849074988039 0.132191371571486 0.272169686280721 0.780744972130187 0.62927827617191 0.519761343291701 0.644540781938695 0.203390446209113
0.222287720613632 0.662569092895841 0.74367609285843 0.681232746800446 0.969533837956938 0.416706689749746 0.14254013736455 0.595810032403433 0.979755178572273 0.555859041869983 0.0723977548419051 0.929072691122812 0.370503892173722 0.0901787941122835 0.596603077232826 0.986958216834685 0.398156781459688 0.680432886341781 0.0247196418446692 0.140577285115549
0.200414182148923 0.645405300595706 0.918897688002174 0.659138766290044 0.641922396677649 0.529654627892567 0.289938534348675 0.520231461330065 0.917528140420448 0.582176098502882 0.403784015179212 0.99879580460756 0.134837344446173 0.0913118401663187 0.738344628826868 0.94971495342759 0.340541044732305 0.535594430296023 0.0552689252253568 0.0914085675894716
0.184002293632134 0.721491824550138 0.50646519627855 0.545546146859161 0.264429551722572 0.132021204802575 0.163937397102536 0.634576124250328 0.127538300893504 0.419320192496063 0.472614964484239 0.983135074365833 0.254881094293247 0.0721785149441187 0.587458632715781 0.99178425778388 0.499028376824119 0.509151603312582 0.856716759015179 2.97349645176274e-06
0.110149161671971 0.532613465806533 0.235487816293021 0.505068493473142 0.283716720697772 0.484646177306965 0.00723790509797409 0.199163717813461 0.281333356657 0.195543270680222 0.258725916099479 0.746715795109428 0.055661594235392 0.113221389814533 0.53824050698722 0.995242886303573 0.381266962878956 0.545124292949091 0.190228375379316 0.00303264179958437
0.38269048849909 0.669661277556031 0.956900352927692 0.891854885981636 0.973236094002124 0.214171420442073 0.113070932213611 0.97299474609589 0.989951245928691 0.887012598888925 0.934433332800614 0.99780388489792 0.551439831207571 0.356927370148881 0.807143397794443 0.802464414467038 0.8196739927102 0.796642418666577 0.752774956875096 0.999950011969225
0.679937831382208 0.821147410130729 0.473789029915346 0.635289893945541 0.907437776456854 0.47477822904677 0.43300651764193 0.995692331641645 0.984915310537327 0.94833743604677 0.974350602325438 0.996447266498003 0.909514089796047 0.576213906989638 0.90458664983388 0.97422398673349 0.724804378396505 0.744127645802409 0.39409726406862 0.0172546539230089
0.0187427624715223 0.441161929886254 0.643714210339781 0.677611433318744 0.302423083880615 0.248657034468984 0.0269579408976689 0.0572305573977542 0.230235368443934 0.0179702060678248 0.0135343838662287 0.788706840561941 0.0455468635174178 0.0373325247385442 0.47324637494802 0.382915983865193 0.626103628274105 0.147409362355875 0.00016755327622421 0.468255875127289
0.381738741597613 0.713800514617916 0.952795510935781 0.803409163861462 0.989254935103467 0.488613837957174 0.155175316866753 0.936161865526563 0.716190480607317 0.654579355688517 0.71702824612063 0.985350560964766 0.324520632647012 0.152495747405537 0.858118386003461 0.999523995873664 0.59924294712049 0.603850273021421 0.956449070438991 0.000148556772177354
0.373456747380354 0.607655926632876 0.671763629905492 0.676074204563809 0.857434625650808 0.581278709112392 0.521137652471173 0.845624995281672 0.95208665388189 0.787984429431406 0.586954258701702 0.994449301163735 0.426399313737758 0.181421049773202 0.660732045531302 0.975588419946893 0.810422059048031 0.60421514342257 0.357000514013364 0.96748480423978
0.0712266549929876 0.65460501421994 0.42129374603181 0.483675952527978 0.356034527136683 0.344023524107997 0.0234471353493784 0.0273186153212223 0.515267522136731 0.257007331480718 0.0775689117967911 0.727603835161351 0.0951645149027335 0.0223614967705558 0.672787310109171 0.473408282280812 0.448342560589081 0.161827583928652 0.0367830945372477 0.0711404374149321
0.196916854307009 0.724568088407432 0.272571912576211 0.551602690942463 0.891966165513408 0.703829600414098 0.126492500328182 0.421190450701799 0.266134336926545 0.40650885734214 0.542853767499462 0.999357115760454 0.539652918027026 0.209044297314381 0.812885213508946 0.991136147655326 0.556723092194794 0.690070825971287 0.875726654921895 0.830885347002743
0.0632559169817047 0.453659674612137 0.134031450082623 0.393886278762594 0.0480531571271173 0.26491521162871 0.05584748652485 0.115724009680034 0.044137701394337 0.258952689329885 0.0133201703135689 0.686075073330063 0.0947050386007457 0.0529284417948125 0.194250675936152 0.948619868753154 0.251385769251101 0.212679450039911 0.0982613677968826 0.998824524921004
0.35322014211678 0.568055686214558 0.755849311552416 0.736631524413619 0.596411696672029 0.191262515296385 0.164480536597374 0.383413720180201 0.151118887071223 0.796257213774581 0.677936605692926 0.650983877604441 0.309888816814062 0.225507613550401 0.370404633026827 0.828665528937225 0.527724163818607 0.555626977495517 0.977675618458063 0.99976966819295
0.0227354662118406 0.506322147103599 0.171130088424086 0.498788348651427 0.064918480596181 0.501485521668269 0.00554127268014803 0.0387022326055735 0.1793192693392 0.383715166412224 0.0181079016242724 0.950891385531764 0.0370971205176018 0.0304132784770408 0.463682066175918 0.883845569867126 0.116746333782454 0.34175465967923 0.000932117990837668 0.999769076140234
0.134641208133319 0.627688712542279 0.535058401909717 0.601579141040655 0.975275996248255 0.249877177248768 0.0449980534774457 0.109139446349677 0.912926971776579 0.456297470817165 0.328463041090683 0.709844699152079 0.268812028465888 0.0982374819935097 0.367207950166609 0.938101838371865 0.347940444742705 0.454700556267978 0.194050881685966 0.947912299951029
0.679652778815769 0.83480566845633 0.886196896865692 0.886176477953906 0.991675791994663 0.716096921533223 0.471750224776075 0.917756488834806 0.950619635225068 0.987092995306205 0.973630312883921 0.994602564862029 0.927494393793087 0.500037143991789 0.965434239077715 0.999956176288817 0.836409412503379 0.911788960840607 0.690856264159981 0.695834391771842
0.077512696128217 0.460237222424932 0.563167260039867 0.683501901708608 0.723622226725631 0.52258933192948 0.0471200793164233 0.356139290560104 0.0181045711736382 0.197055577763547 0.00757865813048309 0.400772594100696 0.112759180562874 0.119187012474992 0.699314087130518 0.755199328846904 0.24579058043794 0.401848631276468 0.000776933171308748 4.19315099419483e-05
0.215062421998261 0.695969412295916 0.579191423928423 0.805668754405807 0.159889049053556 0.448320172874458 0.302646690186306 0.952058348906527 0.922408275296215 0.8091863222783 0.552455583340239 0.995302256542535 0.437403021637585 0.335243485953039 0.914467867989628 0.968558396033573 0.699402167458419 0.665981882610595 0.991821560096719 0.999628947548333
0.174035564130956 0.662166999951771 0.522265719803587 0.643542104125503 0.221119176797032 0.258290548871458 0.101496003779073 0.383686873843815 0.301349781793568 0.353259084710675 0.41301145709443 0.96327241633648 0.428142668095837 0.146986478347882 0.508501656288561 0.968107384570022 0.56453186225983 0.625156505305316 0.989208732237035 0.00283047782042906
0.0478116249277384 0.414061229367375 0.300067894493761 0.443873413717664 0.253879504840283 0.332554454060775 0.0355844370821927 0.13176142061782 0.136348302015562 0.0440656715397303 0.0151935536638343 0.304462299056074 0.131165058927212 0.0774383413656371 0.326414209593889 0.114157104401437 0.435225257019138 0.472488045349331 0.000121336633892526 0.996392620260676
0.0368547386253717 0.455574146653226 0.623328704033177 0.356631827795095 0.187627415984569 0.121235430795459 0.0186329703688655 0.00978247149846025 0.244538573704873 0.0538263013711051 0.217076046995985 0.815216045744454 0.0831767159021227 0.105584980175221 0.383816303391167 0.652901415554165 0.259672721832927 0.560131138307516 0.000324687872496169 0.998146524338527
0.0536038905249554 0.657069919811554 0.408534889586648 0.539209802699786 0.134147381179911 0.224257571821185 0.097200418782532 0.380665939511767 0.515858599549536 0.313433461862003 0.155736619800833 0.970865670986652 0.0770589976402633 0.0673295656693424 0.385377708407129 0.991134828420918 0.334257715283573 0.486741795079574 0.0050038144224068 0.537025775767754
0.0998698467930784 0.590179954234218 0.647611932613872 0.734015163285388 0.45697292028875 0.200955328865172 0.0526232425377947 0.190342384088997 0.86844839632038 0.764227500445737 0.129561911986734 0.978095788735778 0.271728397058425 0.111996765408283 0.497200563646303 0.96602293933601 0.697711293552019 0.435936176037559 9.73609045394246e-06 0.224280015111913
0.288027339539314 0.635137403805317 0.715830685322399 0.377846545924791 0.277683007496372 0.524373782697725 0.557017108630588 0.585674806894963 0.859637772287509 0.259246743759229 0.44663684653556 0.567905828654559 0.123809162058604 0.147091577428844 0.617163829155387 0.760527866186497 0.844288780518161 0.576112365042544 0.468906522765246 0.999988691861109
0.544776771658235 0.615354139416374 0.637611577275383 0.75938799770614 0.898653199390222 0.704859850611899 0.464942465282237 0.935670841558539 0.833224251634413 0.74877513580709 0.830755844180379 0.999479712816502 0.579797252770118 0.269658312170879 0.358175407275147 0.620851236678873 0.438828735816359 0.800028810027009 0.977595528486773 0.999174627595944
0.0203010205560554 0.363919364289011 0.578823255013204 0.37244834626965 0.00349630445487082 0.507546174599711 0.00662067947087459 0.301158680297444 0.496109823371685 0.0263381328479726 0.0596856381402418 0.458834244376442 0.00867773428770376 0.0360290109585311 0.407932896113359 0.00317055004248271 0.195698075748856 0.36415540733588 2.59261072940517e-05 0.545279363491181
0.4571702480107 0.750713300254362 0.256907981503009 0.849582803596773 0.624137585136813 0.728809121287749 0.136168511370889 0.869344751276654 0.997184825276753 0.372862434180401 0.938248896757984 0.993918752479881 0.556058138756584 0.145148351063632 0.983653288434732 0.977178548310751 0.605861835505988 0.596900511422555 0.994699100367498 0.583261223645704
0.151075612471428 0.513554624517067 0.11296471118791 0.758379104259782 0.161219829163599 0.394832084205462 0.0644388718145204 0.244871917023748 0.368101848951677 0.0827439453582741 0.0979815899867809 0.932562798991736 0.127696847639455 0.0736334477120978 0.158142809926587 0.690628646362002 0.445963293128519 0.493846993772001 0.955812826564218 0.999949582248911
0.166422149692418 0.655656491418764 0.469666688919298 0.664404113109122 0.608512752179568 0.117041889011537 0.370638870707267 0.235289325522214 0.21201448816811 0.349858281186291 0.111021843497003 0.645686330021594 0.0746443955040405 0.120546698889557 0.699456538165616 0.920108389273432 0.612301686288734 0.226652840345208 0.000483756737445703 0.00010897059053315
0.0304036266042839 0.458324316654341 0.275067478906169 0.542940640443979 0.0272152322294847 0.575426118255358 0.0494896982169959 0.0427601615987401 0.45731533807162 0.0202429661160399 0.0544155496346867 0.568217508225257 0.0486131397844843 0.0617679834612137 0.362150490862805 0.0820463908654139 0.473769897772506 0.359488558707799 0.352720204177454 0.132375558930884
0.358900857313021 0.668559285504039 0.766433699579309 0.796284034850187 0.897128204558439 0.315322398814879 0.138436670593385 0.72342682164823 0.547854914623997 0.521960088673351 0.380489857083192 0.78663188365332 0.0726417304775833 0.1559565694462 0.910027292016292 0.983379562159527 0.605987367172816 0.651549610347402 0.000657836618936901 0.152402803478789
0.201177265914358 0.469612692069705 0.746907817000195 0.545509218174466 0.745941972536118 0.619117203939002 0.155351875397059 0.539596603036641 0.67670830899817 0.483040554249857 0.603264935932923 0.969095055922713 0.101606414285294 0.144674739227584 0.667762392201071 0.999370353252278 0.34749300231288 0.557203021788139 0.391276665615088 0.000218928716393523
0.0439354624415017 0.445274809903074 0.137000230530343 0.307110489209465 0.0408019130172025 0.0262603969302056 0.0222335958857298 0.185737563133205 0.0633257779448521 0.00718601759435824 0.187558505731659 0.345093847513135 0.0408334137579772 0.0237596350293902 0.089411791575057 0.313989535089898 0.184808429575011 0.665368920568423 0.0243097153288822 0.99985811628207
0.158913434969113 0.575859397799822 0.344384741714961 0.720445836135654 0.371525642388519 0.304665754461373 0.226347819343578 0.381977901750443 0.811714782664658 0.684017422557692 0.622491814674013 0.763502848136346 0.244648429909289 0.091117950754543 0.697662844442944 0.400033138851919 0.564741735331978 0.749763688372037 0.076389161441086 0.0250955475517324
0.0659994694892327 0.616957987137124 0.509943938968317 0.639748129582658 0.801083224955604 0.382667202895387 0.0318173470589846 0.825835173184914 0.60356717442129 0.175444826852524 0.0971079768602456 0.972631496394019 0.286994048683 0.0845170857627961 0.624337041368429 0.977688990753362 0.519656723001871 0.363617821211473 0.0889903534889465 0.0409338216601235
0.286050678572534 0.624903953785736 0.420950635115049 0.856599113382813 0.88050052161719 0.407978195709377 0.216906700183867 0.568905238157813 0.956934835804937 0.331311909545667 0.624884973147935 0.646526399330659 0.403686164794841 0.111668241972281 0.815670490665568 0.555269047052515 0.52201773468188 0.736219762174221 1.7403112851563e-05 0.00468843213438228
0.0950798567823384 0.390964916997248 0.450181566269044 0.480090490400193 0.456849090310534 0.754124940297015 0.165154807999821 0.313652339155948 0.883156612929694 0.450678117078203 0.353840323821983 0.905302807406642 0.185245828258177 0.0425538683452277 0.857822608823832 0.812066950844669 0.413232392790063 0.374288205968841 0.984459308421337 0.507354753878072
0.0316368198453813 0.52520840264224 0.125904298359768 0.706108047680752 0.0704467992590111 0.240896140204844 0.026294499905876 0.0839827215732385 0.0177085212737523 0.0108531806506 0.00777866047493137 0.846532391932623 0.0510899490921215 0.0422755877711166 0.164944214767088 0.00340121564915281 0.441541209741037 0.263709376202668 5.05719000262872e-05 0.00244707311873536
0.242897932610984 0.734624149950823 0.526551837644591 0.463087857524329 0.949277192499553 0.420480939725282 0.840232234464754 0.76529825569195 0.743871191884409 0.949948537178778 0.800629703506157 0.991748317936605 0.594976343575232 0.304854601622597 0.901307765581994 0.999573366970285 0.45969095692547 0.622018055703519 0.99352324750836 0.036210751169044
0.442504812162768 0.739184197344312 0.714691174781491 0.69861174680543 0.955575380738369 0.80096868830903 0.204887160681041 0.68102395870338 0.933425590834602 0.599105051749431 0.925839611310234 0.994344629901879 0.298932136833708 0.22490290167276 0.851382503707286 0.995174572936471 0.496350027530467 0.375301653851637 0.531469494778122 0.999873020462082
0.0277892622996732 0.448658523148001 0.457090341298411 0.744339206399049 0.235977395390672 0.175484203998109 0.0293714933464761 0.286924003945155 0.0180208753266223 0.0250580814096552 0.0293584374107612 0.155918413464139 0.0740248369052696 0.0528167973075235 0.825604027923737 0.943622146483706 0.46101052790542 0.368607891601694 0.01134496396728 0.000582029986707229
0.090949470751506 0.589447653021979 0.196933214583199 0.476183963969053 0.0596520971276486 0.791828352098969 0.0305532716603844 0.0529923106663585 0.0343739317108798 0.0422178508433707 0.029805534180736 0.541911085648697 0.0284449299416794 0.0667625733972316 0.556095554184235 0.974538046168302 0.625941152951038 0.230965558868683 0.11455567621408 1e-06
0.567394225554603 0.697079832335607 0.782057667634228 0.738944194079866 0.638225215927174 0.426182330459435 0.132718574569486 0.923969437750078 0.910207926091864 0.788800332418245 0.958752350699332 0.99102832774136 0.406662311114581 0.37500196184489 0.774397796278451 0.99993860484154 0.816995716794113 0.897337552076336 0.958242142670274 0.000292868317676456
0.0353754314031258 0.388103060378863 0.187164102389417 0.509952389964446 0.00326364154004086 0.4761169991154 0.0184680502557085 0.00555625507215523 0.150172168049518 0.0141059864864255 0.0422777508247002 0.533793710192791 0.0374449967558411 0.0341288573178149 0.138329541687705 0.370960049820068 0.352742458112366 0.258004293249418 0.0656873965543555 0.672994163276109
0.486308474527794 0.770348874965225 0.407641617771763 0.656520432082854 0.973033398952363 0.753882372906612 0.14026679170585 0.54911116120679 0.98214076563924 0.716361006062868 0.901457795427724 0.999139218093259 0.418480139607533 0.13355133665996 0.452913793955744 0.95727871611344 0.684562382799667 0.678442014035381 0.77898888646019 0.99544901419406
0.049276711647796 0.542130399569303 0.240944302931733 0.616878214107194 0.118478093386268 0.558325951370676 0.0232674362979614 0.037060978452702 0.089421598291065 0.0463039720907803 0.0139876166976353 0.171941958467936 0.114427753639023 0.0302659882380533 0.431050137153214 0.398242636141817 0.34838909732952 0.31586077571265 0.00308422725484589 1e-06
0.57898214079022 0.71098796876899 0.502657117342482 0.739776097620986 0.761535927405416 0.328928516268028 0.347935036107315 0.965130193026135 0.244252106070372 0.54496327357163 0.526315608046886 0.880266474575006 0.414984887937714 0.215750384911144 0.413690000445229 0.805358250889054 0.294613157754796 0.608901348490831 0.00084509050215306 0.827740686361068
0.30348293433847 0.638817815974429 0.542160043105815 0.597010110508314 0.256886797948789 0.220604582868033 0.475182768225223 0.395535137876873 0.646342263132463 0.782486965612597 0.06216132915178 0.982393101481707 0.31596371368194 0.11392177673144 0.613721331434809 0.952065006754398 0.479428384496995 0.274797741224682 0.000933929123371365 0.999999
0.0725536623626842 0.533690602858055 0.0599217940899109 0.613231353407796 0.144723336150489 0.23723613994562 0.0896221960316868 0.0266772290041989 0.359951861529375 0.0509691777099193 0.287898994015672 0.583905790836741 0.0852698702077847 0.0628128531330868 0.697616061662114 0.675263268623956 0.490935177781106 0.179543720862257 0.872190863137589 0.00887584033164927
0.0286882014665089 0.379485769607374 0.119015908004274 0.765147423014633 0.442621787038269 0.0622527561075867 0.0446301964734214 0.269590891235387 0.221275854831703 0.0266863260661121 0.0152654715519782 0.265168004926333 0.021201130441674 0.0284785037510171 0.500988588594127 0.0568051630620947 0.473405915403024 0.149080154140768 0.0355299547778558 1.11384550697687e-06
0.185144067352793 0.506960052556861 0.630672258199823 0.62363936963631 0.680715067054833 0.370506497535137 0.0989344042115255 0.23078279522576 0.0533930885017565 0.25227869255146 0.373604994554846 0.872521648121436 0.256235862345019 0.0861947360382016 0.601010916626935 0.967225194242826 0.370985310964717 0.497532498935737 0.0326449830859953 0.987522682250049
0.100500809467744 0.485315969783684 0.196623875108571 0.730222527154856 0.0227213335306071 0.106352014734471 0.0995581327420048 0.160701113133369 0.47260950108966 0.0918563509764456 0.381885807088207 0.620680965343709 0.0943747437325994 0.0688065752196515 0.258548979286845 0.487451938859315 0.349601588716931 0.372035155898302 0.000892824640574404 1e-06
0.653955375644551 0.776541169346126 0.94106192680629 0.759127052464464 0.989495106882322 0.213773953958145 0.616896036136401 0.944612665021266 0.477391772668072 0.958278355277522 0.963225601553884 0.930943296602624 0.837539321731819 0.33787581616609 0.923711720021028 0.997199757462592 0.549838299523059 0.79348580886943 0.000862921528805057 0.523805862190586
0.151822217351264 0.657543335606662 0.851784313073669 0.59604881145759 0.947355947835617 0.793934378296592 0.324101367449029 0.958191102890925 0.394898672612861 0.404207618907846 0.0654370115352809 0.993451925350714 0.291954998829403 0.156553140051396 0.826151508668394 0.559830943909905 0.437191408966202 0.442401855785498 0.550029517979835 0.394375739234452
0.267274724086166 0.69592049708523 0.836225777116981 0.748137341809596 0.382994578081984 0.433413410719427 0.165879411036221 0.876562593822614 0.68281477216645 0.403219286678626 0.708217668431 0.979853433703543 0.313926122931066 0.182004785991857 0.903981062988075 0.981850761911842 0.654987632149817 0.695176065417466 0.97679116016181 0.935994947731509
0.0651704928362559 0.511481275797353 0.165259938238517 0.574413797228256 0.327227224763246 0.138196709528313 0.0567733842617244 0.0631054544838599 0.114883266352154 0.0214257811420096 0.0253972717598494 0.936371071050667 0.210291254457958 0.0669577896516345 0.367709329809559 0.329820962240048 0.440118116102001 0.3399180311304 0.00258532240365188 1.67666981092431e-05
0.0744251068413786 0.597393102105383 0.249166709891881 0.678425116091501 0.145337126573315 0.153652416112852 0.174310604939368 0.145982596089135 0.0287010622690934 0.142887013773535 0.600273607834661 0.478987660601067 0.0557247158220434 0.0435999083401924 0.247757353836623 0.541708856156738 0.281233813184509 0.324971716910729 0.000470378668541275 0.411770505362945
0.0818293707299721 0.674327979870396 0.321145307743539 0.57850825062219 0.431257722238024 0.53690758293054 0.0621664867513615 0.272169258496892 0.111099199844449 0.074352749292625 0.122229137595933 0.562312728934587 0.188706937495621 0.0920253058262319 0.359747653743769 0.633242584123703 0.569830210865387 0.280404919993727 0.00735015438767801 0.241246692589328
0.294757110617139 0.61574608501224 0.61646747822329 0.812176828727008 0.674090174632831 0.268980482062821 0.30276708668817 0.338951267307932 0.958187497044802 0.286559071971121 0.717441112425723 0.903291996251567 0.18827215040583 0.132422236868834 0.532769380178477 0.987003178902457 0.802150048097777 0.509765694126897 0.978476971287499 0.999568465158001
0.363143151494886 0.647817679446338 0.519792202103671 0.769324823344101 0.640021530797071 0.231736371230725 0.36677800911182 0.982274034999368 0.955094367294778 0.459024872807494 0.850397970967042 0.961532951100675 0.220722345271448 0.223557105720639 0.73964325431527 0.995829113787192 0.410741107204302 0.294957187066692 0.0121419590530692 0.999998715097534
0.282736862424974 0.678025268292999 0.699993798682501 0.281672548907844 0.519354045101148 0.402039573470755 0.0171452167944093 0.519878482334859 0.722612559214226 0.365936996635649 0.38655877515278 0.827344180168114 0.377561495227254 0.108445499215603 0.716122291855247 0.991934023142928 0.558303421333151 0.438342239812672 0.0222075158754968 0.977756781427659
0.14893243201415 0.531147828145456 0.736109115168913 0.473525171195495 0.0667740242247868 0.375966578479632 0.0332292269240717 0.832568272538968 0.961616628369918 0.299342861223257 0.628402065583637 0.790629696165668 0.106888940027125 0.050764834959309 0.585995235815798 0.991729251688354 0.301291855548591 0.672416602191728 0.0188105731244527 0.9912510954642
0.579079553089965 0.696112304314313 0.639301978377252 0.66239729361904 0.877849167720031 0.333961142755963 0.340133092099756 0.836415559637912 0.96382684774297 0.657177416823551 0.9294248684077 0.670730138963746 0.510557848726803 0.249964943569608 0.895231218750611 0.952173024860113 0.411637235173165 0.677886351233861 0.955710501796938 0.086555983924811
0.193223742874209 0.6118569373679 0.735382132754155 0.67820669417101 0.726262357962665 0.674443771235364 0.0522521069129725 0.493382107533679 0.858185041391964 0.831702231091735 0.617917391848851 0.924520539430707 0.301689026222286 0.222541333503835 0.692592724000822 0.867096001945628 0.834001686526769 0.616911679430414 0.816656845048817 0.999999
0.254519947650801 0.725595914476694 0.799939229227355 0.600450755308446 0.914676958370808 0.505910117895405 0.407513888177354 0.891275028674726 0.979634164507591 0.751645123347773 0.688423552186813 0.975278898074681 0.459348496905942 0.176583259556599 0.798771044039406 0.98681073540261 0.585035178913022 0.709881525167443 0.311219885327149 0.000574446497632965
0.109823078877886 0.549238098769569 0.626512690247822 0.590304249832554 0.0539201929681142 0.351051529716098 0.109076392287777 0.0781342738744441 0.670337623982845 0.0680974668183717 0.138773953438765 0.954207105874 0.1226580750043 0.0424107070043578 0.861800766579999 0.865635769338517 0.248472359467177 0.351675579031972 0.00382358487341403 1.90806254773482e-06
0.456818985236514 0.753032291708464 0.66418757060397 0.843773095557941 0.962563835430097 0.516438667478749 0.209097962936687 0.91651858502378 0.918718747215088 0.637905985829779 0.890000755393005 0.987562580048447 0.249502817896316 0.232993440900354 0.794364708461571 0.995901670779201 0.788578052577385 0.740669747084716 1.35652493373277e-05 0.999947430312694
0.322238917712102 0.497300228382173 0.673899829741655 0.416330795348392 0.353103034193431 0.156893872106008 0.0640274868029072 0.760375769774098 0.373989644772835 0.949750631431299 0.65775578587011 0.99031371223641 0.19507406182921 0.133882957043749 0.839066237557374 0.992215325952234 0.49122430728267 0.758329821429275 0.002854119897534 0.0835042055922607
0.470144393673757 0.640733894568398 0.615256231995315 0.688332039906766 0.363932629177178 0.672723011128 0.264551397587084 0.610480863991863 0.0865277416040757 0.71974242101685 0.931922290794795 0.92805223869571 0.306264791060197 0.146067350632401 0.953310462054609 0.987234770209388 0.464504274151343 0.49687527549304 0.0489106524067761 0.919720149013148
0.11371824884338 0.501309533178661 0.465335453318486 0.254020692320119 0.426310782358103 0.208019355895044 0.0316277868026278 0.309674759320531 0.856325348209642 0.382007106428069 0.766305477850649 0.750608494422421 0.217480717550315 0.0766970898988521 0.450087160868606 0.688666119370593 0.363174265521658 0.617967999810412 7.49372545289659e-05 0.00034736031980547
0.73906177459568 0.740963532773638 0.972587610803785 0.709455390270438 0.975736287472789 0.627246184268206 0.0901716480661207 0.934104245781048 0.995026933023819 0.925943309508333 0.933931415073625 0.999548314814075 0.579424785205683 0.54488873584864 0.952044517759134 0.999961748912073 0.557403489780568 0.648395271907401 0.996606599877145 0.986478565754179
0.0886627546655943 0.457619010902197 0.380819386841518 0.545505882875023 0.0997926194185819 0.139028752257879 0.0310426672828816 0.146459925509652 0.778935849786967 0.124012484304727 0.11107331421608 0.80836196395305 0.0738856313945518 0.069482170912106 0.483745196608799 0.618888103268801 0.564902316677572 0.236523941071539 0.000510424319996486 0.00908522889934861
0.314799292555212 0.741982991991522 0.358594062065242 0.578863197857142 0.936822600022305 0.329215784988399 0.161371465710609 0.829278791480355 0.747838841453248 0.728508160479188 0.290685301970243 0.983105219978862 0.503453401296937 0.321148979204954 0.696161528865444 0.901055828018488 0.414100056391374 0.503777328700462 0.000861040325262831 0.999187724270232
0.111762026355677 0.524458355042218 0.936373396497931 0.574135388955861 0.61431201240471 0.789664833796314 0.51298990436802 0.316891377375453 0.262758954414326 0.369872886670921 0.0449052762674882 0.953908625110221 0.0824430090138894 0.0958911874320198 0.456660128722695 0.998098505713912 0.512239695022981 0.227311256865763 0.00663050487743568 0.978757821556765
0.377525373093401 0.650765457172845 0.168179949723252 0.504214111941937 0.445814105098135 0.127155429457322 0.298376982222222 0.837810749031332 0.0555126157069577 0.477806825711056 0.531927668504288 0.999009134525491 0.254326027782397 0.198344125007688 0.907958588884024 0.837821348538518 0.434306564995731 0.507352317481624 0.578496921958549 0.492438629825841
0.318884476362004 0.648140739037013 0.880305945747612 0.828388693917485 0.991041352747748 0.238317895374284 0.262839333297397 0.946444796892152 0.982636181223091 0.944248320824406 0.887891942525842 0.998607192463738 0.540098763900117 0.2990125520668 0.954614887632886 0.999707254634694 0.55717776186943 0.862022764778328 0.993012305266322 0.999999
0.104612800600629 0.444416877109917 0.061245365743384 0.564701203342006 0.48255061024259 0.478321501332576 0.021570957999889 0.0767037414912052 0.446165673455486 0.175176622901076 0.0889585451074156 0.833523432608811 0.078165657801276 0.0446533105750862 0.135678043784182 0.976553647123887 0.442878676210962 0.375304195595764 0.0246524050790755 0.19779149196937
0.471361727236684 0.655377373545345 0.762263720512338 0.724837924483621 0.97303612340472 0.223626098555884 0.405890033931151 0.986857675831823 0.688423811065078 0.947392905546045 0.923302894593815 0.933859417996849 0.545578229500956 0.403802839775014 0.810078691512336 0.955980958749634 0.416798580038552 0.791302851245866 0.581177668617809 0.354405160384256
0.276171049825236 0.438062973613534 0.417861542845759 0.784128953498306 0.627143196647848 0.104771835977589 0.0297253769821281 0.472274257640233 0.299422214596799 0.153030191870051 0.278163044969744 0.991006509854405 0.23077814480113 0.132661317430091 0.201469641073481 0.85508524661028 0.741948286589252 0.43405044241967 0.996170182577923 0.17029052302876
0.33136920813351 0.706282313076485 0.195956352420943 0.581373317751129 0.157388447550442 0.269977855028959 0.177626386620981 0.939785379814192 0.994496711566274 0.674688383973845 0.729149192378898 0.999317538850485 0.495285872321466 0.300354686460285 0.736345777301126 0.973977558529937 0.820646564229979 0.786271794222346 0.505470850628389 0.993854055144006
0.0707844082629087 0.488182069164697 0.468468554669577 0.507939442218237 0.026294835162341 0.302636031830887 0.12027507266704 0.144896324128859 0.0115067957187564 0.00666729024356276 0.0474548532946093 0.253706574741399 0.0309443278586737 0.0367642213012761 0.328573763319364 0.524046254769709 0.128143489105524 0.329105699112959 3.83555042273834e-05 5.85916592222603e-05
0.0969522685640095 0.499939982158782 0.543067241186493 0.761322852126551 0.219662706114526 0.179296309886619 0.0456115617491982 0.0954124344386804 0.0311904181821325 0.185734751723508 0.118468013155746 0.802652686135611 0.0363971099345962 0.0419085635976996 0.495896636412011 0.855962743652042 0.346847349738322 0.485455605136342 0.00100606582361575 0.996191863480056
0.156233214937059 0.624087770592224 0.788538237702612 0.503709009304852 0.484833718339223 0.452148716443175 0.118467932344694 0.213900187760577 0.260982868214553 0.624330696654448 0.471340569095158 0.512907487146464 0.203093736076348 0.128364606997659 0.498107465759236 0.451033188296819 0.70653648050668 0.50338102160061 0.0119581034963724 0.000986695377880639
0.0645083454802803 0.548832867249618 0.210383043467082 0.345720614103101 0.0436170723817879 0.632372593905362 0.024969793730956 0.307633375115037 0.00243155006737077 0.276559275189121 0.0880149261440335 0.967773814561167 0.0287812643020717 0.0517675496619448 0.559969749996753 0.367686088153597 0.171189102778014 0.50502152445642 0.0311615892378422 0.999952875033702
0.873946005144228 0.756342237232752 0.906622342897129 0.754966539288245 0.977350833731872 0.522145530283456 0.483889785367186 0.950395877957826 0.735795135863945 0.926675458733374 0.984037966368211 0.999099195858866 0.936899192607244 0.4701542294502 0.97472843024927 0.998566760022155 0.448204757695111 0.745814477337713 0.773510166634315 0.954978087858714
0.174929168331344 0.53439590397261 0.716674561400418 0.755358922578666 0.192680320091247 0.76474030334445 0.258337533313414 0.0644442348194547 0.528261101910774 0.576490345112475 0.118127595572309 0.841340674656551 0.181577190044475 0.0838436689608986 0.634389793567311 0.824921967032732 0.65141029939262 0.50065384656376 0.955748495863397 0.984231175361569
0.0278251277793747 0.435274250230166 0.0739176321873869 0.638445764503959 0.202327836922757 0.402396638488143 0.167655342421334 0.0810299879346498 0.0581743325047097 0.280990039317185 0.305779096370916 0.910992899273343 0.220479902956835 0.0395841051549361 0.416546138917113 0.0415866391267347 0.236241570716304 0.53628868410658 0.00148403119578218 0.983295276766714
0.229269941339502 0.624219875764452 0.489729017378184 0.593651619897524 0.916154441734094 0.387333295033789 0.521885784906262 0.648783582857191 0.84075940991402 0.569906177665484 0.345638355677746 0.981659775975579 0.214857657096749 0.0519442482736087 0.627522590185659 0.991403046496401 0.572828167094559 0.773654553517699 0.206252047696624 0.0278032354650832
0.324002403852556 0.671809459926904 0.731913965134248 0.862789001514889 0.899985027819399 0.438278061085442 0.7469652812244 0.779159295598427 0.965740666660295 0.571330356760645 0.673255241072696 0.978070073945161 0.198423858890423 0.117625225700447 0.66406699422903 0.870326068018977 0.562220917016097 0.442995854585678 0.338334272500335 0.0230228359603594
0.372295660102234 0.745441786450717 0.807613400947717 0.672148606983488 0.975134983167146 0.270234900865176 0.138961817966345 0.999053542903062 0.945618452567199 0.951691373195062 0.886775633716381 0.999391803316155 0.855998515760652 0.250151878505188 0.914050227714017 0.999941359869819 0.739339163831367 0.83665562478595 0.978573113667051 0.866872153453931
0.238029427905662 0.649095872666111 0.610786981967497 0.671670576689292 0.505116027604024 0.509550359119913 0.0832169456443587 0.674062839935604 0.801928653537002 0.789762065764822 0.777790422067978 0.993326568164808 0.257210384358366 0.241523147970609 0.90929758790747 0.169010135953175 0.53477858447213 0.781192479160902 0.819423013930425 0.191580867367989
0.0324502303982763 0.411790507520957 0.0354910889208518 0.417426956098709 0.322768721004239 0.465584066928895 0.0179118099845319 0.0162892903217405 0.0170066380944074 0.0876014951880696 0.0149544736435726 0.234565182135532 0.0615959462438467 0.0369379797303733 0.709106940311985 0.901867315657214 0.145121615701807 0.318360355230626 5.27877192782327e-05 0.000180172455301357
0.117324323018003 0.492505677818127 0.767366946486531 0.483249306965841 0.814419052312751 0.660064728443744 0.116559140881653 0.685477385224697 0.745640665123624 0.606007462150059 0.586542057357237 0.982892958369822 0.269799228976799 0.12989953744281 0.504369291505706 0.998517284934914 0.437405469508164 0.350213976864514 0.475942259973658 3.66723167831272e-05
0.116188260169763 0.469604451505799 0.588412004913906 0.574506525018302 0.0783026067677761 0.432930249450919 0.0988925220020967 0.049031313258204 0.541821507811568 0.0795609841875534 0.0653084640360202 0.994779017321178 0.0453471948651532 0.0702640943852475 0.758846458187243 0.199301583028426 0.259060306138318 0.486599010649135 0.0163797533822406 0.00177032655372935
0.0667181111967622 0.473280654713369 0.0500217976512289 0.493440170172151 0.214835646910681 0.485636699098184 0.0267083611003158 0.0554443071972828 0.0232080811742283 0.0842843225130658 0.0120620637316233 0.832206089454542 0.0591392031449708 0.054428930241616 0.433582948620414 0.0677659693547184 0.437153029398143 0.279188898584212 0.0595660136387701 0.000842790221750181
0.589399688388298 0.766061059522075 0.873651575937932 0.780340017501696 0.992202977630018 0.728337606450741 0.462538736856797 0.988207273841805 0.944503782004039 0.96054265495408 0.995497962013631 0.98785012117208 0.553610373482915 0.38586969134285 0.964069545762926 0.996262756865489 0.685585313958876 0.577299857932477 0.999591760570487 0.890888855529559
0.20820479578072 0.776343517454065 0.56513257788784 0.244766099024103 0.457408673619786 0.722580917331368 0.0481045822936255 0.131095496660688 0.366990656274787 0.160475268108913 0.0592243659742139 0.984798793167884 0.195245184220899 0.178922077167131 0.683047079661831 0.783681861997937 0.676777712888904 0.298792410320293 0.0793482487332926 0.496887717814551
0.0996476906209906 0.682039168687464 0.426930490019204 0.553638553506557 0.16864598442727 0.722769769306976 0.289501440241022 0.0371745055075039 0.985965490463051 0.576449363691847 0.781122306347016 0.970115767388385 0.211317516569067 0.105070673285615 0.676112570503517 0.950882118872022 0.559033574852806 0.696940197193054 7.28068984845709e-05 3.77126620027762e-06
0.0397932789183539 0.439355982513866 0.372545394783595 0.700623675634283 0.0242750001419611 0.829350078708484 0.0199079371606285 0.121520435251708 0.290025871892778 0.0238512568981072 0.0721246170395193 0.434891317548172 0.0288580557979874 0.0359070035611058 0.21003899057865 0.956400239621095 0.496150461683219 0.337972263126285 0.0516835271254816 0.00693183519699327
0.0138042847061492 0.368768778178858 0.201507986400157 0.688845960462072 0.015017561496163 0.571013774960386 0.0380587724941339 0.072979885287307 0.130714539920288 0.0092710424926632 0.159373886818376 0.93486852016274 0.0285924123601793 0.0309415931745214 0.0882246075861828 0.676640682900628 0.172328124402335 0.271336004754254 0.00494917776400208 0.137356698292191
0.0817381317730471 0.622448951256282 0.553928733917958 0.473301322534469 0.271837830117437 0.455384169446047 0.0826316611673642 0.0753867474904342 0.0175010430557028 0.211454908378665 0.401662131097019 0.51253260584418 0.106248799572527 0.0644909753184488 0.702376596253563 0.841910088412927 0.232570624928374 0.321922670103533 0.957503076578216 0.201397242261831
0.00987032785922566 0.277105482273285 0.238213818224996 0.29868791034106 0.0238366414136545 0.0956421124165871 0.000876236870551006 0.00105748080365424 0.00391896103915773 0.00247448975538028 0.00441229502718427 0.115651142948833 0.00371909865242617 0.00585133360580573 0.41355217242533 0.926446904381048 0.211637611660394 0.178937660978949 0.000259421687935573 0.00778847196829794
0.346698719818149 0.65794382542846 0.475938699829913 0.779308447326911 0.251651491069425 0.473980103723302 0.170917543485348 0.600558677621761 0.797336255474547 0.430701689480818 0.636017473179165 0.979385480164961 0.141210065650388 0.183104617233095 0.741751611714959 0.991304363997768 0.533832654457443 0.637239192302925 0.0362611097512569 0.999999
0.355587907120512 0.671333383588191 0.765531600417898 0.639977710834022 0.677683414939131 0.250964583296713 0.0765988186911225 0.778160002012285 0.595583494442798 0.542653075520958 0.923514950493588 0.990150645246872 0.313505431713895 0.168231983363451 0.931849968081877 0.961062548463744 0.623686052503395 0.461237715437876 0.737440657613172 0.986333017206299
0.433553618557274 0.705627926123761 0.525742224288051 0.529985386309239 0.956816923770498 0.477291405093694 0.150992810492647 0.602763766145142 0.179134022893182 0.783892510982385 0.458442352003198 0.993866420803772 0.562762180925937 0.142546173172167 0.557359931493891 0.976635620906503 0.309734498887999 0.566858391628456 0.691298191982059 0.00101912437505139
0.0784569100655194 0.559932860485218 0.605512763037162 0.466530987985737 0.510966090282358 0.678395705433708 0.406984784124112 0.300922614696701 0.468170959433312 0.599015690018652 0.378699141109238 0.980159738245816 0.372272648787422 0.0677553707010393 0.473888380260364 0.161517192628994 0.364455117292594 0.554640100383745 0.760796179292063 0.53612471796162
0.085937306878132 0.571584298172239 0.623014540946336 0.725028502884678 0.132315192489852 0.451874449328884 0.0592974280496106 0.345805919000133 0.0663106991879595 0.136311902081614 0.321206441326926 0.0316481116731957 0.152343722930831 0.0754165131596618 0.682536954076497 0.253053755189897 0.265535181829146 0.493870222420135 0.0115814825628636 0.999042390938549
0.0686764974854162 0.472023027140558 0.347465639679499 0.394838187575792 0.317929228814427 0.285311646885859 0.0319575670095938 0.668578202670704 0.928589775382089 0.171464723183452 0.199030777845282 0.805784019856553 0.0523692477107026 0.121943538410836 0.461723649632914 0.424528434021576 0.181646554036776 0.441802415912242 0.521555368608668 0.0746728512712199
0.50392608987763 0.696627676917587 0.676487099051716 0.671747024286566 0.87332158164887 0.70617228591044 0.351341311307916 0.768310264390953 0.836987746937035 0.795073686560937 0.966958073557935 0.699504598262995 0.444379308030546 0.224304411690757 0.840050695057417 0.999251356330206 0.744247354742536 0.827261175790273 0.392796661144802 0.000793328756202348
0.687474853902981 0.847505581271474 0.511567887989059 0.614911756338996 0.997104850910066 0.159465680619388 0.323920137157925 0.996327993542378 0.285241896087333 0.973880822952085 0.994329248338448 0.999337952983103 0.563572933022921 0.406965291368883 0.986687518952427 0.989019401267277 0.570730294626884 0.73852783580065 0.962565174937303 0.999135106161199
0.178684931580368 0.732944534237438 0.742518334692731 0.71293122685401 0.993849596373088 0.0719121340501251 0.271619512413797 0.991338306039227 0.998345774878976 0.827759916803205 0.787044573372845 0.9972991670099 0.60802669586852 0.347080960328016 0.818557528755853 0.994316899498684 0.433295284688336 0.870892560137604 0.991653517409734 0.999499893023522
0.426415770009046 0.545877302236629 0.0730915571986803 0.812105441800914 0.97442625952004 0.42586058366018 0.155600656143085 0.9820690295283 0.667628934084955 0.884681142633233 0.946106631582418 0.987291453040945 0.355576852284934 0.295710937231841 0.539988994205354 0.998702418914993 0.395439524385888 0.618622090972561 0.0634617953217231 0.999797452185779
0.100718996843939 0.494834333734009 0.728964841189866 0.543931094405119 0.365744366347192 0.628131101954388 0.082723330906154 0.0317861071906755 0.34843881025742 0.0287802906577813 0.0890178453910956 0.75870053479124 0.125293939071998 0.149673114314344 0.737092981617691 0.939181058478589 0.659321229284315 0.422473347383797 0.0545259619359717 0.807097417971924
0.0205438114492082 0.371141418401167 0.296000902679783 0.493920326394609 0.00280395382443143 0.330966161982746 0.00401698035214059 0.00121019840287141 0.000986987972485539 0.0022348567270801 0.00123057546694275 0.00163346116039343 0.0122642043918711 0.00888926319847011 0.108802757113786 0.572963778143635 0.220546474655014 0.203210788355251 0.000274450549769185 0.964881809156555
0.0680191499439661 0.68618519456951 0.318205466654113 0.523639619418634 0.169027019558336 0.396899678699586 0.0298606302659689 0.609750395823237 0.00429466951727384 0.124076471111918 0.0688214051992277 0.972223888506816 0.161013421371876 0.0943458892708932 0.468455245866366 0.712001111647466 0.395580004205576 0.243210614262885 0.9120473474147 0.000850815635845469
0.0539087183135646 0.384780509504582 0.650696929612854 0.488436269192373 0.0467909057207773 0.105963546851302 0.00190018645988971 0.0111721959215562 0.00930051510796117 0.0848884790804365 0.073791273590267 0.947139081503326 0.0648287881219596 0.0358946844810253 0.783722524067162 0.0898324795325161 0.201816476751195 0.224428695232121 9.6065516139372e-05 0.369379877180484
0.384547829760189 0.702235758179191 0.325897188046776 0.640886606894266 0.758507592660434 0.219486423655585 0.0461047440557715 0.906551542232793 0.741536959989313 0.827105083656853 0.424825002256439 0.853838206566493 0.446644088463571 0.243007059129675 0.895093303001195 0.832789089543214 0.712476713811327 0.673710395315846 0.387452786395693 0.00510234730639266
0.460816406382998 0.751636509072122 0.736422045202798 0.497505729609784 0.953699209740229 0.486636679477653 0.239571999421842 0.850049949807167 0.966288858603007 0.759504120098264 0.817994048382461 0.998000728411194 0.349737003033938 0.40049059410638 0.837744134543063 0.998757672050208 0.624003788173575 0.741537439742195 0.983532550346357 0.293904087660791
0.792170892559285 0.802651430964053 0.989609842806825 0.79661865454092 0.993761289346725 0.704136487688602 0.854038366917972 0.951361976105054 0.999767757251302 0.991175774953366 0.959206348318612 0.995817577353947 0.819145490093707 0.550907977123574 0.89112972826184 0.99949851190103 0.572535915708069 0.886376860427294 0.765441496934711 0.999999
0.106612321249087 0.642368315771131 0.197571538438868 0.352796018489442 0.162789276566661 0.173511593935019 0.0459173257954924 0.18454023771423 0.361292470982204 0.30336576362764 0.23406737503852 0.544519833639225 0.0498178142636871 0.0346565947571718 0.802650323280012 0.775628408206263 0.103876685810351 0.425397937462804 0.151770807851802 0.000351585184701812
0.190393579712055 0.590731560022742 0.396871341927675 0.368226237873045 0.257348226988703 0.635169805047103 0.151360323037849 0.0502256282832273 0.736211467409346 0.43775536941961 0.897411144284234 0.994781997129901 0.279134942819939 0.096823086401165 0.709298846109999 0.996639544872759 0.479901623662548 0.572035266503927 0.0730903454056127 2.55747012113163e-06
0.00752241312570631 0.438913412684526 0.307072298184315 0.585574257465155 0.00959831258062217 0.405952068291557 0.0105704480697169 0.00144961353748778 0.0201656466810694 0.00260569405121031 0.00223168493636264 0.418168500108776 0.0234035519167084 0.0224414789287466 0.104915241498096 0.343002927401396 0.303236373644024 0.248192470087535 0.0042241772959928 0.815099479052766
0.252977067352776 0.71780602076218 0.609567306309976 0.766080597043396 0.93213001444817 0.315923757043018 0.552949102781786 0.757286475274949 0.972658099780174 0.755016075563749 0.255252838384328 0.998323156513022 0.449664958776127 0.316345057673033 0.842262187236364 0.770628524484468 0.492808991970815 0.684460992472867 0.0208269392132276 0.017292804786494
0.617605051836573 0.797341776533955 0.921474089683919 0.68265276171827 0.995700831514581 0.633320083087397 0.537003470028152 0.90903581624079 0.997022147662352 0.977518140880409 0.997391641966763 0.958833097563538 0.7952609677945 0.509243891486305 0.884368480407255 0.952909553047758 0.514281811820236 0.694763662669386 0.0559267357269786 0.00402674179850612
0.202213546006403 0.578518834568738 0.463725923267125 0.447986839351874 0.120393743443659 0.223845087117462 0.0470951026187847 0.0445243620144058 0.7597605131357 0.12791351500115 0.268906357188621 0.93988815880971 0.167083460177027 0.124102641787218 0.341217146953356 0.948994164203425 0.501876893176472 0.389796557944436 0.0238449822805845 0.00380747115342327
0.0624854811072157 0.567075635904141 0.423650156371868 0.585332433977124 0.0550496525674216 0.354554827464659 0.0813688063858063 0.0258380872823035 0.818894994597277 0.154107105543471 0.0374473423677651 0.283033862388093 0.040352758986242 0.0381642138238526 0.258143485263742 0.852769309561584 0.139801051217109 0.327490493141397 0.00848672119925373 0.259922952208974
0.12475035437133 0.629214675843359 0.784215858888239 0.78443188096878 0.629702021942209 0.220684540068045 0.0370844838362054 0.642200942388726 0.818522616780603 0.164171710519215 0.443791031374477 0.923826283870882 0.275938022911639 0.0890293807388531 0.386360351804584 0.360272396816636 0.477758561808741 0.601621161043483 0.667175015662362 0.953824969786484
0.0449408523138293 0.438979809553743 0.0636583816791509 0.505890492669097 0.476481846493688 0.289581749992552 0.0966837254766203 0.133493524860182 0.802436265524572 0.0640835343115735 0.050672583457787 0.0671306492570245 0.0223762766023213 0.0908292906610038 0.486695124868053 0.797079622613542 0.365160716212577 0.399380544110565 0.0145609086969952 0.0230016411618002
0.408428380825712 0.709555636772916 0.973480923097643 0.893483399733836 0.908224105173679 0.158362775588214 0.544344388012603 0.580496460069357 0.99849836877842 0.987834175129721 0.657092211718423 0.980584974443482 0.614541354707023 0.597177720308051 0.927196576251367 0.983056294249763 0.748592190639161 0.707886028188133 0.881447722059734 0.165841871978343
0.400825963270241 0.682462338130965 0.959033599685594 0.718624834117093 0.778085337080421 0.622680386587989 0.144724264994111 0.96121143650825 0.53257100285967 0.559164968239878 0.63336213200709 0.971052851389987 0.358843879413585 0.10525811223017 0.416473518797473 0.990592357104289 0.472524798496912 0.462274221100638 0.00827117039057487 0.635277373949439
0.779984481463372 0.786311116111578 0.828538368708607 0.80148879460634 0.968764012492715 0.765669553578518 0.7952689726335 0.987953619517096 0.99972958100973 0.988984035578261 0.993135213229423 0.999962409882211 0.902365185475378 0.737416078341364 0.993863040353173 0.998902935959189 0.715869680175147 0.914502186060158 0.790397060127522 0.999622084267319
0.290703375868818 0.607142742011268 0.722649454114482 0.6853161058801 0.88493452408913 0.539453221609411 0.265171084610598 0.830312577655815 0.897966490809238 0.684377379277775 0.971382021418152 0.940364345343802 0.778668438819658 0.204592488794803 0.847051275906469 0.982655941700802 0.692556223197832 0.734141490328856 0.671284078217179 0.143182164608842
0.553317192160389 0.612430911933632 0.766938913093233 0.746335488239434 0.791338587706947 0.139234727579315 0.431664474271315 0.819194653968343 0.963979463875148 0.858949810388139 0.789279833666521 0.725472678588539 0.464197997626429 0.245530618085964 0.86136950819156 0.86058142395282 0.434362478010365 0.756885653094949 0.0799906161471327 0.00169349800512505
0.298127669299989 0.651943534477749 0.331914328541675 0.816139255995518 0.941612592498403 0.189339856308121 0.324327972659467 0.932780433949491 0.517203583854212 0.831823960883939 0.937173573622445 0.996123144994938 0.428662388740926 0.272284382365994 0.817763702855273 0.997620354165016 0.810864282186869 0.761139673353732 0.0585317813682401 0.999489049439488
0.145621747809753 0.569569726389387 0.421046599340339 0.836301533571158 0.6370161744002 0.186533295616257 0.0223173078751938 0.225429723561959 0.743496888644254 0.505832814805053 0.146429454805641 0.0144910158412134 0.178277572281052 0.0476291088648025 0.296321055366739 0.964966038328319 0.666226745352273 0.396176093861414 0.000311066649466684 0.83234565957254
0.423372538282765 0.621314904108842 0.488615393732474 0.670740400836889 0.883238984912639 0.684852916237926 0.56784813190752 0.941041069554234 0.976068805329735 0.643551081394023 0.65635784755941 0.998837643142904 0.354861056755413 0.227491381335253 0.692997270057884 0.998442215030463 0.863995035046092 0.453662969794878 0.139095786070863 0.198942126405269
0.380982457478069 0.714488969995933 0.804666860108896 0.821870974075786 0.990208653696872 0.105938841208046 0.548905389004163 0.873924546573961 0.762753397906919 0.716827577397632 0.974117226796723 0.99830981615868 0.505838279002477 0.440203411022393 0.690427189518676 0.984621721961762 0.603362086466779 0.77444237325907 0.942659661361746 0.288462645790746
0.170324589297156 0.522891686078273 0.731370581983622 0.848403569498054 0.257906812389969 0.318969513819847 0.177815931555398 0.853166586279608 0.76313700073205 0.531381667599859 0.643665188185155 0.936818511463353 0.155873513928323 0.152520810313233 0.463784475068211 0.4503484444779 0.737958380770454 0.504432629571022 0.0107771371066728 0.950025125495463
0.159046687206703 0.56574046380093 0.128061458280184 0.629350888664997 0.0471964391374117 0.20417184764004 0.0250463997229125 0.0181910579998153 0.461912254360337 0.11283433317026 0.594795039701775 0.694420164387472 0.254568976546628 0.0931489409052616 0.216941013382748 0.966617906518569 0.661362773578889 0.383471586087277 0.86644770153897 0.849948599763178
0.138530977711636 0.577111214290987 0.0578618124892969 0.474102524297273 0.0147366272816666 0.324985774632925 0.0224530178710281 0.0998363126708082 0.00301698349563505 0.0726285614118529 0.0266802110050927 0.863570501652007 0.108228453365476 0.0236010240570822 0.716786344890967 0.0110516241638564 0.176207271269251 0.199363735074629 0.384773963223986 0.00579102844116281
0.703782419400644 0.664457003662612 0.922289266493584 0.780400505942076 0.956946478262597 0.15164885316369 0.341704127823295 0.619418654896564 0.414014271857977 0.697527418279369 0.965398420707837 0.997450362894825 0.591375641819952 0.290665767953156 0.822575446022485 0.988744741281884 0.919862163771126 0.728344212588926 0.101486182541552 0.66873659606109
0.516541790917749 0.726390360823675 0.395575196029632 0.488638641587386 0.960429792388341 0.217553019377869 0.121167850855791 0.777716659640833 0.76791735750893 0.798383464683078 0.138364594670508 0.996864185551706 0.328697923249885 0.192305073837584 0.794703492433596 0.99993647971846 0.424421694929193 0.78896318834667 0.0608469620657927 0.556138751651009
0.132954637875181 0.599435089665859 0.898423282808377 0.747167527788366 0.930816042370427 0.47385666972322 0.095987926561324 0.942647337505669 0.988559199339882 0.390441575376963 0.296901100828282 0.0573484847570553 0.211848783069027 0.0921189484652799 0.550680132276179 0.929077189089629 0.389465282439253 0.657348976045538 0.0499297117991761 0.506717757189408
0.508085636352099 0.663862757385823 0.915136977261412 0.780798765262473 0.802806952443444 0.31413134784278 0.12387507535232 0.572209318850079 0.189538655380537 0.864728354977663 0.679252515601627 0.958255394659531 0.515578504012952 0.519793098257196 0.85122738345105 0.992387839572265 0.399908696498275 0.498083663712494 0.75870605161214 0.117884617130047
0.112553093215256 0.499052419099997 0.21657416337738 0.456707720731583 0.144278441824232 0.521536124506495 0.215643888802605 0.287250076679573 0.437798771610968 0.0580689402236578 0.0130862028564109 0.98919299417527 0.103000829072655 0.0460167667399413 0.156685035668786 0.868349379957712 0.492900095225721 0.335693503176893 0.00170045006887961 0.999858412512428
0.341053442504136 0.800211786972663 0.721615084906694 0.802388462235577 0.978688034881648 0.389357690287684 0.462003660827666 0.994389002423078 0.297996010895297 0.933587827529668 0.92703720039719 0.982586172609456 0.79914717727827 0.387140921277938 0.700642696507971 0.986924529388656 0.699427626024852 0.470857192949393 0.934009040220075 0.268761929661458
0.420987691216824 0.697493373611524 0.580494166755123 0.700638455586003 0.873999539203901 0.648777359645511 0.54237464789296 0.939846180885299 0.445331790477384 0.950259943161441 0.825749237922753 0.93487392175362 0.518284488419711 0.417366311286439 0.879775360549244 0.99960496079415 0.65410094497342 0.663423024855403 0.720598442777505 0.0155418892988203
0.0716224590557769 0.478848231604127 0.627680681407154 0.673003498686964 0.116097912493438 0.743263043723506 0.0216785209714959 0.436728227099914 0.949530936654789 0.20095561158478 0.0477302380871631 0.375403511442383 0.0695821941956909 0.0633067826534465 0.642166178122748 0.619037204547232 0.529756445602431 0.364243621503157 0.00415242166142741 0.542737228787486
0.472568070352183 0.462887136211482 0.576902959422223 0.527354803443401 0.348314147767341 0.67066444849152 0.298253256141832 0.361249360088693 0.411328045968307 0.359559263109889 0.877588325541514 0.893692407592002 0.381742347437475 0.194539951086161 0.853056429804389 0.146929220944982 0.718642986645337 0.466598923274952 0.000105556896740082 2.4967473518004e-05
0.161937281998516 0.491445120867242 0.67979097672346 0.575834182759765 0.787214676650128 0.821538853636054 0.742490154573409 0.748834503579101 0.556886621026076 0.205330688913004 0.220665418917755 0.851545830949935 0.209616869097899 0.203510677005734 0.735397879684691 0.930699231306633 0.557555468516344 0.60280609403209 0.000343551239590258 0.99656305586752
0.676855038004255 0.727612570595489 0.784346617859597 0.526955202490908 0.999415723259412 0.521684475395518 0.60206314266331 0.995541335998921 0.999281070905094 0.97728479785213 0.962840995082909 0.999848694984922 0.850186767427411 0.408504715658756 0.935855433510745 0.997681018458878 0.897152973549084 0.813094234553956 0.634431578782592 0.999999
0.164204032511922 0.513212985521989 0.786333857919083 0.347889597831534 0.347050880743334 0.593042361207004 0.18751909098771 0.30266008524813 0.935035736070113 0.253566331373186 0.86680979371612 0.942918450724207 0.224088777448643 0.066063822815588 0.570110093138927 0.999657395674788 0.446877311576743 0.303064604915777 0.432098853855647 0.0067215628068333
0.438083319602171 0.754721175240213 0.93553523311574 0.637446318376492 0.850421469601224 0.685747292959529 0.72586991506644 0.970112981388836 0.971102437927579 0.600238873183314 0.886128884120679 0.989873460782334 0.49857119105969 0.280915902640106 0.733672380499282 0.931772979748656 0.669860602028677 0.629757372563822 0.0279247752621274 0.99954364072882
0.0245059536726499 0.353856631950126 0.557015281124235 0.669151420007488 0.395011769573654 0.288942335301366 0.012331937408311 0.0200339444200434 0.0710856280276717 0.0238955220502692 0.073393226970943 0.734080562546159 0.0259649671899749 0.0387776142251128 0.0773649991434303 0.731112621829161 0.411960283379034 0.25985362036412 0.000371617713259374 0.928649337300244
0.0854081165262099 0.552087403521243 0.262354617030827 0.641102550106244 0.455502903777845 0.668294213361285 0.0549262697335584 0.865819239656088 0.286700560125875 0.0836443239468037 0.268068454179138 0.893987033880884 0.0861866382425325 0.0558468290432885 0.432762845973184 0.856286587160091 0.306507747232395 0.338440530808454 0.222671714217081 0.759427475455768
0.0292798189066601 0.335795662081955 0.670367065576406 0.583990352170151 0.334533413651693 0.348398839502082 0.0159469682192509 0.314892108576989 0.129157351030575 0.130942053973617 0.0185638127146415 0.990308439770082 0.0989121530661118 0.0644823944780031 0.525146287527798 0.545769716050096 0.68431243666132 0.661260509123588 0.0343747666949326 0.00873208927214691
0.0337482270271466 0.587910049807477 0.0908816531741345 0.595417480112192 0.20363341879444 0.282129970131292 0.0762134291237589 0.0577213819850987 0.372638435084511 0.0779418249401556 0.330711580928506 0.774597490858446 0.105826290903439 0.0881648039885653 0.390132847773716 0.0737909149261424 0.216363743319093 0.393540164769899 0.00156117828088692 0.0186285671970851
0.291691854030641 0.619570382459879 0.88168888088112 0.523187535324714 0.65409664844999 0.0925901866557052 0.0518679099209543 0.462564853331023 0.648233727776525 0.309782705109758 0.731770889271919 0.696522107497089 0.239264999623777 0.105019674917645 0.887562289089752 0.793887517953978 0.446611982008504 0.518633448864279 0.00070666263097456 0.887132387323076
0.0235071506618265 0.394867003406291 0.23518669153469 0.771801863072253 0.101386395548144 0.260915032647855 0.0490234824325325 0.00284024632221324 0.0337078596834325 0.00315349507043973 0.0106959293202272 0.929835561834129 0.0125215453045823 0.0214584253355049 0.108475892290345 0.20867146466687 0.383074566561666 0.385073643154906 0.000827777317298171 0.487929842657776
0.907376315267213 0.808337786457866 0.925332769793255 0.798548646341539 0.991864789914836 0.753204029908618 0.290669841909605 0.978037125432324 0.990434924160168 0.962822619828105 0.992007643133949 0.99780675670693 0.590523925870215 0.390306444215904 0.990090384780863 0.99994471095793 0.661704560806707 0.925850326399237 0.968456201002052 0.119430761695005
0.642857620894831 0.781635541581369 0.855148221800053 0.557928187246836 0.99009780298259 0.606354125380537 0.486903476132101 0.99028113442565 0.775415691874002 0.960006462932401 0.907641848064559 0.999770949612356 0.823017673524306 0.684748301729709 0.972999661325874 0.999044992305667 0.400124235483675 0.934487482682036 0.977537232674048 0.00514299257618148
0.0100667578434613 0.272831161726368 0.0282262247775023 0.456034617990768 0.00486976190881522 0.263334974058342 0.00810976405402156 0.00221382868038769 0.0076295789923529 0.00407450743253493 0.00314473499550446 0.292368569622665 0.0101355366537999 0.0117837887636944 0.346373077428221 0.0283685130168794 0.263934655534189 0.205759422960456 0.000222150948710157 0.0372789382152812
0.355643503373173 0.725044388279216 0.671729174376492 0.752895428801537 0.972976922825316 0.598112157758209 0.226715632267951 0.908010886559512 0.918123222799051 0.916597973002019 0.8807422198704 0.771154370506371 0.396690808320698 0.187200330681351 0.865191626194267 0.990309094253734 0.445703331561715 0.880529962165374 0.337402032825366 0.603057527594659
0.0304955150683115 0.487002037203105 0.767980405536866 0.54841550776992 0.0115826433137623 0.360277813635256 0.0537390221133079 0.0711436173382595 0.00754047493573216 0.0262086321001215 0.039891801080314 0.989904798516012 0.0507560107728343 0.0344586191146926 0.101436335642023 0.0867158348387315 0.59370413018661 0.164023966425737 0.0088623687524751 0.000552111075081211
0.0215517571667727 0.588879029772611 0.0905604956970972 0.686135081773885 0.0845679683008904 0.51645982820447 0.0614314148613429 0.247869116169165 0.0738667574191045 0.0148362607904956 0.117109346893624 0.551205558085643 0.0444831206758587 0.0159527358276276 0.236794125495747 0.100384124772902 0.285317647065514 0.131570047714367 2.19710894180881e-05 0.970555278253062
0.0391300572649487 0.547889019899191 0.0135564950160117 0.47327538359515 0.0107041707758227 0.157664436333094 0.0130095315550153 0.00162151111297002 0.942753202274617 0.0785951571427021 0.0318983399081927 0.761020355975226 0.0278431900316321 0.0160698254958231 0.177568434940247 0.385443345930958 0.307352113131254 0.125186455195477 1.32245444412459e-05 0.99487093666068
0.655592403831171 0.745566771755524 0.796974108579942 0.851748620399852 0.996006773673609 0.486906777278111 0.840117619800894 0.900516184549766 0.991012174333512 0.901016060347332 0.98890641212349 0.98910692265889 0.782095216622232 0.450901986373412 0.960272169052265 0.960443389729442 0.843084559330879 0.811617000187351 0.0879178664262483 0.21310607620846
0.124899958731879 0.450563927473695 0.308782941295173 0.187472583368101 0.953834014668499 0.106266586525435 0.0771873658073098 0.0145637308172171 0.723001501668966 0.37464610928546 0.314838955928831 0.977584658987486 0.361646502175461 0.0970731327567295 0.611003872262555 0.381179719022363 0.439282231665342 0.408210675460431 0.879060719744362 0.00181654855954719
0.563821265269904 0.747669583257994 0.86290550156863 0.865335217497652 0.927440249049941 0.723328413078711 0.498324842199516 0.993214682710706 0.927094385144409 0.955238411209354 0.913849515055631 0.990493809479081 0.891970446687553 0.464932833026247 0.781990878717466 0.998739670753988 0.526461005646219 0.791442594427458 0.707753882287366 0.129026311528581
0.0576865896631431 0.447897220180756 0.451344975865758 0.571697470325672 0.171347696616467 0.0858730324734539 0.0287665603378265 0.0318529194357741 0.0222131652809589 0.0141174007323188 0.0299665113183509 0.92090970281467 0.0304714697858051 0.0323729557871431 0.479277980963218 0.819610449634132 0.43602886004886 0.481232783867961 0.000238236711340565 0.990638715298593
0.0524187802331906 0.505073092776013 0.575635608044377 0.603447521511131 0.850411207101426 0.181612600301741 0.0765411549644632 0.031050081664605 0.560598423066512 0.183810624551445 0.769743985027502 0.899667804432007 0.223712982214923 0.0436507680334918 0.658311091805588 0.892393024390052 0.68007101873236 0.425138316201291 0.000287720775482596 0.00608861754831513
0.33934641835988 0.741285505872053 0.640139595156873 0.889629933932121 0.991932668845345 0.315341938062239 0.751603220086529 0.93533177298586 0.980013240788126 0.963940436766116 0.95993478280733 0.992931882189246 0.749505778854208 0.367222271481353 0.926805936091698 0.9861211052223 0.746221180823471 0.820541702715841 0.0526860854295302 0.994300357042552
0.192597293986224 0.487585321839931 0.813138339533704 0.52322950075544 0.624310769578545 0.670040418787274 0.0599665005403545 0.0367477461487097 0.0209426584177324 0.260798010159295 0.155590879118675 0.919828478608841 0.130212237004587 0.0530651952072212 0.285938226257136 0.906611414762965 0.600661258553728 0.560362167203754 0.330177386000884 0.997526032826465
0.0667068572752438 0.563722650011782 0.145962400666481 0.497911131874617 0.834241655296935 0.102203017088503 0.0300186175785683 0.629251978645731 0.649600045017362 0.293845215704277 0.136508779365297 0.213108526837008 0.160604150601883 0.0855405921999309 0.541770568995063 0.0687601637333346 0.535473181428843 0.387952216782203 0.0214407554046019 0.749831627297853
0.273692526154461 0.577935777287728 0.465046577307762 0.436976586930335 0.715005046607435 0.550505050610403 0.589773642316562 0.368397775779571 0.794819947678403 0.603038431848451 0.257809738085118 0.697487155547722 0.345584839691714 0.117272676242716 0.886836877797287 0.72234502569871 0.516408236847643 0.64385488271795 0.906744095310666 0.999987565445586
0.0990767248788575 0.531447519413765 0.29268499292387 0.234512931430217 0.174151860162956 0.29890546001017 0.0796534660192456 0.0789473380756618 0.291600975232566 0.386428486317189 0.237511751088153 0.724796793106996 0.0451496562231365 0.0785799134247916 0.264089447903604 0.723795685628483 0.719708633180976 0.361926078918418 0.283441125096529 0.00217974645154408
0.0233173325350108 0.521291065146805 0.567333416457921 0.52888012701511 0.341828443184529 0.380347890438236 0.00190198003047961 0.0503853997072556 0.202494480482862 0.0146375238983872 0.0303020327794136 0.366532282233506 0.0179903515435194 0.0340709422370471 0.39011077599718 0.705200668394066 0.46994859248497 0.451096159343149 0.00193857734926973 0.000401340640864563
0.302975846548629 0.65189798875822 0.617227093818004 0.750650302950863 0.793236965225317 0.133426666394153 0.622348165606441 0.401313715435129 0.483879860591923 0.481067331592891 0.176401582933039 0.958843624054339 0.425472114194448 0.166809931098442 0.587018292038588 0.819412994654468 0.516245763940122 0.707309270651742 0.0364234421345989 0.970487420624093
0.0145352749903084 0.38281230153585 0.199561586406003 0.410978842736137 0.0354629046438904 0.186327629982502 0.0574506700121933 0.000515682396105452 0.535050378844866 0.0111731216028849 0.066456644007259 0.445445872194664 0.0531008769431636 0.0348621665111012 0.465183579711191 0.757976852449632 0.298568401881818 0.2522529585909 0.00437395897399068 0.198415947717294
0.263713001691299 0.512174173695212 0.190817087074067 0.79325096669408 0.691815083376873 0.433014882578652 0.0274635978319676 0.337400869400036 0.935273086899182 0.424924885093722 0.66414443058209 0.979610294541743 0.221520502397361 0.118551467004137 0.571732240428579 0.922849203069178 0.669265087496118 0.376690157942394 0.556314575223249 0.990827161446803
0.212565317479678 0.614025857800951 0.478289889217648 0.466792827897797 0.921603292080508 0.234383451904524 0.422751002043173 0.836591366016443 0.876202137112538 0.470627056433571 0.839825163168482 0.741705977863976 0.187537499706146 0.18307961383473 0.658653565558914 0.974745217201579 0.559307303234125 0.798087724967074 0.973363407745727 0.0593191278166154
0.0366040127216615 0.482300487631295 0.18015802558673 0.543263019927575 0.0316466587585604 0.13301084869682 0.0267054848226078 0.185818649549597 0.0531518380052372 0.0385954311965856 0.0153071328708963 0.193386649050756 0.0208953372146361 0.0565177577343986 0.20906759269885 0.0811994248031322 0.127330861936917 0.264671832613776 0.0018442575165775 0.0122220493523441
0.0795370502389529 0.522313242153127 0.0725660648805962 0.456636374530654 0.317714174610399 0.178301642608015 0.0720390836237421 0.854284777533854 0.362811980009031 0.137384830877448 0.419489676109728 0.996719761434613 0.125629632878607 0.274175563059887 0.584532925822685 0.854734098799144 0.521688884242309 0.416875297754361 0.990331029650896 0.97897058019141
0.0344624566842127 0.311160404232106 0.0799218698144008 0.437807993438509 0.0194290078116981 0.376714859277012 0.0979756057155176 0.00490438004868127 0.62549289997307 0.0310550962367857 0.042668251004133 0.115991813655059 0.0374932371909356 0.0124064358109432 0.0677141606681969 0.741233358623607 0.143355367825392 0.321621462452085 0.00260766825659366 0.970222682115525
0.353194932225133 0.6569115777295 0.351606772143099 0.654174048766397 0.738120934393288 0.543607063078567 0.0409703849033945 0.152853933561971 0.824784483172698 0.166321809903095 0.405341543757328 0.693642049465435 0.413340942418449 0.22095126101133 0.972313148254486 0.975751586954753 0.700762795088219 0.49729804675907 0.713040214152877 0.999843670652974
0.177515427556377 0.589106935968566 0.27516764604592 0.608099843039177 0.431523596810296 0.770659818658558 0.132600011986553 0.434720706646541 0.49741686698937 0.72535722712234 0.479391083082299 0.938646059316121 0.103935120693513 0.193395694208377 0.85018539902445 0.697612644949154 0.577596727692125 0.701003420383492 0.000144107291233015 0.989756674155545
0.542447852877654 0.773004330681472 0.626582611900635 0.574451256421416 0.977999382348428 0.375748906759877 0.559102615989173 0.893575725003631 0.556294931042925 0.809429846000715 0.94481255116698 0.988941541970311 0.546096130373475 0.584433279248861 0.943157719577773 0.995346773240649 0.940506843160489 0.809897908781832 0.978349094791685 0.0685584864054957
0.406723410587791 0.71768734871709 0.887763712050399 0.3661690050768 0.853069905661971 0.402448596698551 0.0186863357086332 0.833355463768112 0.503142856723182 0.658991485938303 0.859698463080508 0.931163285886634 0.191327099392499 0.340394905027497 0.593856652906934 0.999047524497047 0.861200061533368 0.506993870201927 0.940104986234679 0.695829651098527
0.410748224546826 0.772343445171146 0.872600088957732 0.765213780155251 0.932184933095401 0.600665039369306 0.252474162016657 0.820752635803782 0.667392251005634 0.72255335201527 0.885865620283534 0.989566982983253 0.5979928592567 0.27537012194832 0.765190053935418 0.956869005778812 0.79170748490668 0.605030006634033 0.00508048372141364 0.0635867509937989
0.327708024738688 0.44654791706208 0.298829940599884 0.787627952529515 0.276701646403019 0.28267843986346 0.10707456650382 0.864671201011592 0.90061533188379 0.256723539467875 0.410010368905821 0.876510664436207 0.156010800719263 0.184508206518706 0.750844526744077 0.550360688551109 0.333587417606798 0.592621089086182 0.74210891211144 0.00151952491383875
0.628843591647903 0.707287764239397 0.897246757417543 0.729955679550884 0.883599642316037 0.70902650146127 0.895637516238993 0.950260515043459 0.651906990796987 0.883469447437449 0.931808541463077 0.982250405270571 0.728353073818062 0.269112644767537 0.707193684275253 0.99123682260765 0.776820752710213 0.77085514788263 0.82751964317935 0.00768208998011724
0.244300038512035 0.672460877967536 0.753144096549607 0.766016947149912 0.583667868168971 0.359427309582518 0.0883101470999907 0.626000375081144 0.616696624294216 0.444310377497709 0.551075447187022 0.965517222836003 0.212653871428217 0.177083225191563 0.520001224541103 0.981457460256336 0.574651132714286 0.525793730129352 0.0475563791328954 0.00072605735516519
0.312896151035958 0.704932593533401 0.94847303162409 0.762341778808486 0.963977465391721 0.435355745466808 0.468834382543332 0.771847898248528 0.725190411602283 0.858255624310145 0.976486566414861 0.983370751353805 0.577616432583937 0.414919508920803 0.779797559206342 0.99989776775394 0.632658973223034 0.551373146193557 0.990900033299387 0.998291712869477
0.0191952962363531 0.335935651749466 0.329359761497338 0.492718531723171 0.00743935952109948 0.2505559659527 0.0113602809955906 0.00830988923045019 0.457466868890421 0.0138065656264524 0.00196724639142757 0.169718891670068 0.0184628319873103 0.022071472327732 0.142504076540461 0.607012892978781 0.468450818415816 0.634234868409737 0.00273487816491085 0.0046887525379298
0.279496665279445 0.563411799892575 0.92771897929234 0.779175199279443 0.638451920684145 0.194420136622064 0.157448991314271 0.831024650010161 0.85266201650168 0.370478162571388 0.151725760894338 0.987618836880501 0.258938707565965 0.185693041104361 0.700622011637735 0.598814932454626 0.235248930041975 0.518157907866602 0.987049639451546 0.196631635512686
0.172874575719714 0.571910154917604 0.631844585628615 0.698997374064083 0.784333885309322 0.430706348578038 0.306606375187043 0.735926220117127 0.92740117125348 0.632248002729596 0.614547216922603 0.998035797520014 0.454778293408191 0.0993401262330163 0.49656250952179 0.979210433960325 0.694476774528672 0.387657356161577 0.00161923848967748 0.999984188465821
0.101272429179806 0.586279273645821 0.796459945870507 0.489512517053479 0.106201858520345 0.313559911340931 0.0630016822756029 0.206338629694825 0.0245437612432221 0.370848695122948 0.306283861727442 0.712984929717043 0.178361446021608 0.0513555050373043 0.44269169292083 0.778015792183959 0.271386452920907 0.379455741622127 0.982140510667417 0.250189529880447
0.525063747143378 0.678578250385746 0.906582082300601 0.696576695035626 0.9787454607647 0.526570280583645 0.518442015502145 0.973466161411255 0.986899810429922 0.616223333350888 0.943095976428402 0.999153622288126 0.506184274573441 0.191167768606012 0.950796531774469 0.967241439622341 0.641802489122392 0.698201966629756 0.995874893692494 0.992445748960457
0.245498257964472 0.582607058771602 0.523372299348173 0.701189089701667 0.373711652257669 0.620496713101638 0.565472104856373 0.329069488309136 0.960929309187546 0.516200286298705 0.82116204499676 0.672025397327755 0.298929355171171 0.218998038931392 0.701699345293492 0.998900972770017 0.312675305889431 0.586270794179945 0.74577761767296 0.0726617357764312
0.502636108814786 0.730615116168052 0.622771460766196 0.667098534490109 0.968141841139548 0.565406480977625 0.523119225735373 0.673488223860269 0.770906263346742 0.608098096845172 0.963277869678371 0.996252671648702 0.592012157874621 0.289001428612038 0.618972421731688 0.796574221398137 0.347911514438575 0.812344872505607 0.389385625256662 0.731567754393294
0.0620900287047928 0.494107946750559 0.469061094848496 0.593757476450041 0.530637508360735 0.454088072227743 0.0816655141991817 0.369852394957709 0.0164985125727217 0.572995411090209 0.350365369962928 0.704597029121574 0.0690494614686468 0.0609870783184258 0.305599909176979 0.358804340862424 0.482260984999124 0.646175442131524 0.666547425358612 0.00240366635859838
0.598847584736871 0.708978682893878 0.92695848422173 0.749954470414619 0.849072419909663 0.461635348942004 0.809391761631069 0.747148342629528 0.843026646095758 0.870202814710053 0.988422434162559 0.99854022151556 0.741595709336947 0.526661922157759 0.835790419673624 0.996989975743677 0.304396119088547 0.561969716329379 0.996166333089074 0.997716266984434
0.0972295033604148 0.484390474968168 0.241745858028613 0.576848540394801 0.420431811965972 0.266041577946406 0.036264390330742 0.21879616604992 0.0575875497988888 0.0999908569973024 0.15618727260752 0.933141025868911 0.0786396105437873 0.0436261585375023 0.471340229489655 0.992159910528058 0.483205357399867 0.383108847496102 0.000149208104156562 0.00127174790276261
0.122043110262248 0.594330238284918 0.21808585293849 0.575694506574038 0.0617807678781784 0.124944752566002 0.046297631937726 0.0277092283305584 0.121887244091403 0.355308703865253 0.213928734738367 0.901784287096242 0.208154145033145 0.0468784283113626 0.498036060839392 0.323216941904246 0.161104388134003 0.559278218568058 0.972305893116095 0.00595192880345918
0.843704181609323 0.866368079211916 0.968429270674687 0.838092880754395 0.999655786639055 0.575012966759194 0.870797144320712 0.999793695041408 0.512491277637133 0.996296811250676 0.996868619470562 0.999945451090452 0.854053138387331 0.76918262079669 0.995738016708671 0.999936100607156 0.836826841772426 0.884788539260341 0.987650322267126 0.999999
0.688441576065246 0.780489797726915 0.392584487705292 0.589713080752504 0.916932771326183 0.231388579252026 0.0507164743987799 0.872268369753182 0.967079491034486 0.959457399213612 0.882503892659317 0.939493683547365 0.506827198501868 0.197155762870867 0.954754285888683 0.967168367531211 0.537502843959416 0.231478901889628 0.603195733182605 0.000432303177207434
0.660726762946004 0.746996428818528 0.423382392986241 0.344340137133397 0.917860011805135 0.845448094075855 0.420618416691775 0.66900816040786 0.974457770796804 0.936034671061627 0.967644197552341 0.999938515343549 0.577618860961421 0.471325517973171 0.909314152504407 0.986751288012641 0.725931178198253 0.596547637738898 0.701467182861674 0.00492087583931822
0.266628600493872 0.708052977832066 0.587525216200451 0.480623527745539 0.656414012120572 0.269538457747359 0.070815584484744 0.586381198639163 0.760279278915539 0.84191070530848 0.774439144968476 0.890113372605753 0.635873191543741 0.119930516800333 0.874934018677434 0.999953369810784 0.206148884596355 0.518665785482034 0.0569697121219205 0.926479556826629
0.0530257137399227 0.43250528928939 0.0445171096273817 0.375460948018736 0.101601063732903 0.240456490423222 0.0382760365546539 0.030124866414364 0.131321448599435 0.0726474205493458 0.031763177883597 0.703997860742787 0.0173141051215963 0.0332984302547569 0.310136890864747 0.0106666757207846 0.262387978785616 0.266921013763145 0.0429195910529481 1e-06
0.54277243503663 0.657731532316967 0.970195350712195 0.625409578013141 0.992750385925956 0.289872415499087 0.567893014014856 0.947963480296609 0.89238950512934 0.913375150196631 0.79135487605617 0.997833593074457 0.648809038149707 0.334871652980647 0.905757974314251 0.922950794587266 0.521788052194649 0.852015509297049 0.957231160334406 0.547513933900534
0.224234949970969 0.510928554300777 0.257495692683775 0.621611634896069 0.871947061047084 0.321786897499107 0.28331837134502 0.137179114698683 0.748310528532084 0.235634939037282 0.540394298422407 0.883694011585887 0.306596038525199 0.131690158234778 0.822459471702774 0.999388150388514 0.286939118999684 0.333864623934338 0.942622746545688 0.043435547009173
0.235263973318172 0.616281217845891 0.593645281630051 0.652008589943566 0.172072877477505 0.385886168318221 0.0540713270015261 0.0981793724454381 0.98559484200077 0.461269928629249 0.5657957451129 0.984037558110804 0.344337962729356 0.140562265616207 0.501058186035866 0.998724181652751 0.58577239402279 0.615586691176407 0.988024115443323 0.746496175237781
0.176169826527012 0.608451959363484 0.483137999100839 0.468206689583281 0.893448280915041 0.587920798505228 0.0240992876126428 0.347681020019315 0.912196340822346 0.406738977938524 0.800329304439455 0.888856601485368 0.222355667235939 0.0957574024989304 0.900334672479709 0.989336404937149 0.719227401071119 0.748291305758731 0.244864373285134 0.00052112493732644
0.406364107358353 0.778078623726982 0.310669033345725 0.403841157283466 0.989619398866725 0.221798424800992 0.436494717292017 0.841011308158902 0.996012419744167 0.856525479829502 0.916504503269682 0.933109011645914 0.542437815623543 0.439214064779302 0.973760019305046 0.998732289605432 0.441624823161421 0.660292031312479 0.182695638466368 0.475213344448949
0.100202072487467 0.511664870746844 0.229702492423857 0.592684044265018 0.343837674754163 0.311061720893847 0.0627623951018416 0.0648155366073574 0.40994311394799 0.184515455211536 0.66178355119424 0.990431046272073 0.0925688366523019 0.117051994408607 0.758175649900094 0.0223714418865563 0.472830031456303 0.414530837445539 0.813688693671062 0.870354167041405
0.0237248137227535 0.348806106185224 0.15545227275176 0.461979272366226 0.133117689533933 0.376526314936768 0.00467085079783751 0.00853745760571198 0.00144791418443844 0.0366816500789105 0.0809203282103151 0.596569021607303 0.0338022645448593 0.0238864298315392 0.128875954688708 0.112317563675296 0.152676856958597 0.548312649287239 5.59722140987895e-06 0.0957406896027622
0.037364067168582 0.489977762991657 0.617969264309091 0.564902614021587 0.707693639157112 0.485646108412848 0.0237385400599703 0.0926411800903395 0.203889713517825 0.093755614479096 0.0887845641210503 0.772660100271483 0.0584743515934808 0.0846762726754566 0.343129166352494 0.883969675875319 0.271815243960349 0.283132746654933 1.05054873194778e-06 0.00836638647652131
0.21681913347668 0.649243467421282 0.456271576203264 0.70131955226922 0.402842588819593 0.605051647981362 0.118379782423874 0.22511624939437 0.973781557565533 0.496053352068426 0.685345008930542 0.395974160799432 0.330380847398614 0.303826291957191 0.359700164708885 0.701718734258884 0.480155237670886 0.557658653588479 0.00309015237609402 0.515153950554889
0.122041707841623 0.585840509867635 0.704850525574595 0.699817424461828 0.890331350982831 0.274252781955429 0.127298051747553 0.576545893086302 0.781966407831394 0.29335759645674 0.274265959430759 0.916064091522564 0.0916809560927861 0.106648295782773 0.693282201953752 0.997459566160762 0.563746561909139 0.731577169570256 5.67262645041124e-05 0.0436618288115066
0.0514906544440921 0.55158785672226 0.67123548721258 0.515484896142635 0.766710252381676 0.356085843740357 0.0898284046946134 0.5994119306384 0.177826318732574 0.248149657794391 0.288477174580337 0.964974262274853 0.186243638435706 0.0826177973275 0.494056118621407 0.115997000484469 0.464290788741845 0.476892112015347 0.571952540207856 0.999927795578997
0.111482189874621 0.584605013025306 0.264204917992118 0.403899879260492 0.901968038394117 0.535294346411238 0.0619605933727864 0.344805298344295 0.825787167538976 0.386151833941968 0.5775510198223 0.991756179729171 0.130006640457455 0.105208818462921 0.270669679973383 0.883238593755637 0.325931710429891 0.4422481857925 0.628874018833719 0.979963026738833
0.109471379530897 0.648471490594197 0.163559225694803 0.528908950534037 0.846579293588923 0.899403112254792 0.0159134168550333 0.527374638907728 0.0409487488873306 0.224817789609972 0.0433294163977033 0.482546741157996 0.094424278182384 0.0439734541594491 0.490849528135107 0.619009294985417 0.529028341593813 0.444556070385964 0.0300485599620955 0.0348775496466006
0.0952184788549636 0.493822004585343 0.0821009213748518 0.196419542898224 0.418744817108593 0.27590235721696 0.181564081382656 0.318513604312391 0.280608735168827 0.212977911201778 0.367432821132341 0.660038171471814 0.095224140624426 0.058578226659219 0.711453905380102 0.914053140577315 0.591932722528611 0.546566656783915 0.234593414274076 4.84834095506281e-06
0.228098342567778 0.536774957562508 0.683635981287839 0.719290540558382 0.222569401388938 0.189088699178376 0.0339093807535883 0.561109047709021 0.140216633432865 0.163038429882128 0.571504671017541 0.996397383030736 0.393174934835751 0.11155695846956 0.128667760557788 0.746741218068125 0.52948305470112 0.71053169737046 0.0463771058500226 0.00373013505095736
0.365053999524079 0.661518766605949 0.749498893226846 0.645092067436807 0.715936410884054 0.374835583065767 0.0619653266083162 0.70487478754761 0.501422228396432 0.880802344732085 0.296874353909096 0.987258761498703 0.292461984388201 0.286575315840034 0.594727022651785 0.937030082231664 0.755860142055247 0.52383169821559 0.15945649692452 0.993422820939693
0.0894555483013902 0.61544500225601 0.573523872069916 0.737861563486606 0.33647784413955 0.20407310315323 0.302920070510691 0.758488920457558 0.162272026671296 0.290087685972897 0.205905952665854 0.956196397712935 0.155049542644865 0.15885066185275 0.169078782429806 0.0938770352800324 0.347534268609495 0.591290644336083 0.000867560717589132 0.999144037537029
0.100236052581491 0.653331218735823 0.732370768547902 0.736907294305286 0.827294439948546 0.651479815749854 0.0802475095336913 0.659169193613141 0.2893565884127 0.485182067115343 0.289951409451518 0.887088606119381 0.199127166774772 0.126455176410738 0.310736962748985 0.976068985016115 0.502370350946602 0.60271611905665 0.000484117080648356 0.905519436740051
0.123376457190339 0.420522437936688 0.644391526236689 0.689570282123572 0.715739709033134 0.293272629725887 0.107570010413839 0.973494081301519 0.105917674343847 0.162500457490824 0.262524779282411 0.755754946692709 0.0767341634046812 0.0672743492775342 0.530016937414484 0.123466040879747 0.526128459097386 0.305505225013043 0.510294088395614 0.510524383379557
0.137284609509213 0.555019393741779 0.068147497065931 0.501299222370603 0.246335310995033 0.33182949432558 0.0475693003411364 0.799688111865238 0.37595906592402 0.257530995305966 0.0695303424416009 0.770466473857281 0.0458258651635694 0.0864092547717979 0.161255195318849 0.653448779937188 0.54696960521486 0.749672378594137 0.970473780178236 0.892945445655215
0.361456599824249 0.70859818219842 0.832533285828655 0.764702851172066 0.823996569483158 0.74462513064796 0.41660184880956 0.673926084022466 0.211610924514434 0.669270696051113 0.356586625802236 0.822994899122589 0.392507370934178 0.351137693249355 0.837261856953661 0.998941137647854 0.421055394744398 0.690079292974496 0.787568724711558 0.995062874711056
0.0351176824509839 0.441318910788119 0.0179306353634228 0.784093846278845 0.0239615216174688 0.357129485247762 0.0480697527937599 0.00537374859000745 0.0197078939221815 0.0812662737024138 0.0409526869510581 0.934236354084274 0.0308634998213166 0.0488750243332683 0.12538832240079 0.628768028574124 0.378924240458845 0.401590015436371 1e-06 0.142115938408649
0.0849887315458383 0.613199795527447 0.482149558887436 0.600178747264457 0.714412575568551 0.725888228996192 0.0103208909716004 0.0827613126923743 0.323093061487927 0.222275910243838 0.0577160446152929 0.884487215406508 0.0288200066769148 0.0503270675572561 0.643354173231802 0.0775772726006848 0.712668394328401 0.339419871048465 0.0224954443265748 0.00914367055461801
0.0901063052166269 0.4389086807408 0.305624671796295 0.521565057726479 0.403069116881672 0.485245642667445 0.0149194563365901 0.108661147960877 0.403125344495158 0.100610542928052 0.252627174639812 0.879821994287134 0.0449994874861457 0.0670766314268656 0.720558371829948 0.959179179682462 0.318514869591132 0.652433112884448 5.12350265350985e-05 0.20230039003278
0.216638190432986 0.640547960370083 0.327258002708119 0.483069796859336 0.690661450949872 0.305514389527836 0.0445914292089528 0.386715006328173 0.585210624084921 0.073309397571984 0.172030105994589 0.993458541058783 0.132582188640954 0.124629887478948 0.531727588223434 0.982434813584842 0.371679587956019 0.439945429998804 0.0173016848916915 0.98525847376098
0.273799461667011 0.633971083969645 0.54165205406418 0.571616030336336 0.519218889794311 0.168618270463188 0.457271727900435 0.213363530975857 0.0488539736465458 0.133094014491541 0.337071022055779 0.233870490872954 0.202924807098204 0.083254958082636 0.815150584777155 0.464046314079263 0.309420994003659 0.765714197474186 0.0649753958311702 0.999890078793934
0.243849375853881 0.623557890228068 0.798094005673331 0.408684752414756 0.710437791480183 0.600652159942657 0.318179782996287 0.926831234064861 0.468672547258455 0.819806561190422 0.72633544518415 0.971536310077553 0.527856938620409 0.165004428176592 0.802186297294324 0.999390206490111 0.504362864512679 0.683610484779956 0.0091723276968725 0.000159541482866608
0.390134093468499 0.779226627761216 0.522976382383989 0.634749188530602 0.751482764873913 0.687232221087571 0.349975526201559 0.918836000711279 0.538820538610573 0.876812121781024 0.953695356214394 0.923190568927793 0.694873055816217 0.145785092921579 0.580335106128128 0.976653454627264 0.607500718604925 0.857424906698921 0.123599945070436 0.686869375264806
0.0963425401593177 0.570075377074001 0.724190299568738 0.581015138216099 0.652204807410761 0.818141955291895 0.163531087896489 0.73411534870441 0.260230257644871 0.236065004642665 0.409208683838331 0.997513135128945 0.131801654707141 0.0868384122135196 0.324586416762356 0.935870136418808 0.394250893396185 0.617374820931113 0.859578091253104 0.302639911725196
0.233657496249732 0.486764778684556 0.211882927253563 0.547601431466193 0.276066927371333 0.274644396358277 0.0640092442770153 0.000979405756855466 0.369424037105781 0.449975508291856 0.0398986450076717 0.328587812206981 0.14369305863038 0.0297093479364078 0.658632529134892 0.583802306484947 0.151143950949941 0.171021849432253 0.014182165292725 0.996292850261189
0.0575262271435267 0.38658880731675 0.321065019439162 0.467902072292345 0.576913703215521 0.174148342309312 0.0228567211744606 0.490742144599671 0.000581721288858089 0.0732686789999139 0.00910708535030517 0.924754382900016 0.0898983236191955 0.119364236766442 0.604707627541265 0.13631076858644 0.258560769770732 0.338018715332397 0.0436464940966443 0.820799980368716
0.147130726075107 0.633062273837937 0.421923199900794 0.657966094754675 0.375000778577386 0.511681729786292 0.435706394883866 0.949839903319211 0.378109864918813 0.483442831688996 0.396378214975943 0.989723415182112 0.152665490634761 0.153761872890169 0.333832375544767 0.913283507379871 0.355504437201696 0.392222263586725 0.495326466766522 0.980481570744989
0.413625857906972 0.704522562777959 0.36004551646748 0.619562444349721 0.72902742135217 0.587349976073132 0.346334508991359 0.694239461234054 0.980765644260516 0.492256619275827 0.389232806712589 0.979676050069439 0.598852098156086 0.384520325344088 0.588347419430228 0.169297990819936 0.562569628529931 0.624340140442303 0.506847977599478 0.0100168559240338
0.313606865791998 0.75325384976736 0.844353043181497 0.647656839587352 0.313402266582101 0.691481332361715 0.175450183510851 0.681905094455804 0.756112858712883 0.564607189370642 0.428868800609587 0.935548149584672 0.351871411898647 0.282861962353246 0.907251878035635 0.997132909144336 0.646329407237905 0.753522806685409 0.999684617080082 0.873927122028966
0.35575289511359 0.67182761669336 0.927469342893131 0.654659302594892 0.654653972727996 0.733195018938673 0.33817073399992 0.873445233487673 0.860627832142604 0.485302752474219 0.967808090362056 0.995788447263827 0.532107195713115 0.195638566845698 0.808222192306362 0.996026297444921 0.628091699101678 0.273172062727156 0.400601329633988 0.231504344684526
0.0471686548635882 0.530555406248861 0.0833166183710886 0.306000694425225 0.0458153090558788 0.801376961714533 0.0134825733098239 0.145216301523905 0.0191269816798619 0.135309272216297 0.03873450620262 0.22326229383762 0.0738426728971478 0.0353707660462552 0.10014162272854 0.973391104269153 0.159353001315085 0.33563521327932 0.00305856053236802 0.0820087748969759
0.054197486431812 0.535934102987301 0.127534608050656 0.748720254293551 0.391491570183162 0.662910428241405 0.221644772597777 0.211349040783982 0.0472524395156499 0.0413840439707396 0.0576115022781414 0.819901913638315 0.0845234480351415 0.0691522717202915 0.156316089169111 0.95270202261165 0.505517068839278 0.789602871691621 0.0129753769022132 0.798955206293374
0.493105217755598 0.728272670192472 0.811652506976084 0.925919252193265 0.863520346670335 0.44763007190478 0.89445557325399 0.805915276014239 0.372082155768893 0.925932217450703 0.979017758414285 0.999787917551279 0.546596271000171 0.232653396502657 0.927544006498291 0.999772746270133 0.732633091281741 0.568175460148567 0.267495771145936 0.999786762310719
0.239482279763047 0.513242077531054 0.409718167883129 0.62396156869963 0.141880723496023 0.113149188020696 0.161232339794759 0.455595797180171 0.0438206998851269 0.152117674508081 0.364325125871934 0.91275700145727 0.228243130575279 0.118890813862879 0.483330691952863 0.993722145024891 0.683508191801444 0.427391788448914 0.00159981032677275 0.000524219748226655
0.0934488739587153 0.650084448117792 0.0630910520672772 0.559837658693031 0.510172614370165 0.101742006768216 0.126453543499639 0.204574395854609 0.981399662486758 0.200868289608296 0.371117196378997 0.959683687645971 0.196641226299564 0.158891873717494 0.420432492085409 0.883231358284124 0.347680448572585 0.601967941583471 0.00140521903841661 0.820520552751696
0.11185174998492 0.604584599216087 0.78636753284813 0.65129550037577 0.169038219447767 0.500025208355357 0.0426192785069132 0.0793210196186519 0.103271486125658 0.334861033508446 0.782604026270233 0.083335111082151 0.0343800853735539 0.0873831944089308 0.477801297662612 0.997970017905801 0.430355799536886 0.507618744627639 0.722566346002359 0.868530734770157
0.100083000662362 0.514308976927861 0.899025913185375 0.558855958301357 0.767697449828439 0.316401341419906 0.0355311742199691 0.158753966254914 0.894786883365108 0.0383510515721109 0.0165370040269525 0.0318193233325638 0.100289861241228 0.0445544563206515 0.244888542852258 0.0387594387336456 0.427529545227475 0.164424440276782 0.218869183385443 0.000949560103023708
0.654180957881627 0.808535145926677 0.831759329526627 0.859797996048257 0.986192957007807 0.587945598840617 0.649430638693668 0.968090178624886 0.974680609992254 0.959765282807162 0.983418623407929 0.996277878584348 0.809752387684011 0.607250509056528 0.943486061940506 0.997358747226076 0.513271224429273 0.791380222944225 0.239668849888207 0.990110789086458
0.0269327083200158 0.686174000068575 0.526383356191345 0.361544782149857 0.553567798710562 0.154415802797081 0.0621458932040877 0.191347846485248 0.929106258350386 0.0634363117363246 0.180452912270429 0.824187776052562 0.0871549102225557 0.108568886087035 0.684964586028746 0.999077498301073 0.801457591213777 0.305451653218186 1.9724791601602e-05 0.934763380456223
0.786719836271786 0.75847358562654 0.645065400058659 0.746665578227441 0.998747540652156 0.632106419193497 0.525089430832419 0.99429229973832 0.999308399246737 0.992251785304099 0.99924441006512 0.999036372746342 0.883074085019365 0.43086469731901 0.980128138093623 0.996346341852109 0.858457291737532 0.979434547902631 0.543797688638705 0.952644475964393
0.115305832110324 0.567671961411187 0.150758041322012 0.607015598381427 0.0575928411166262 0.427446627313203 0.135658351054224 0.363631201177645 0.0663670222004665 0.176151451826451 0.00837021116515144 0.694868018432878 0.105949045358772 0.100985338239809 0.420319642944531 0.102190228583302 0.110933821883982 0.22762460073705 0.658294720577411 0.00651303542311081
0.267264141179753 0.63885718570284 0.982929713485397 0.80369505792828 0.991571653856593 0.487861990667723 0.408590547551962 0.545202464136322 0.581647429842373 0.891411835829529 0.86226623773826 0.996577913095049 0.681410607883634 0.169250708510359 0.607217844037312 0.972721517463219 0.617086751904668 0.678980960664296 0.688650784135011 0.994729219850058
0.405911045195628 0.712134969982162 0.826665493459993 0.770140819238718 0.781876521322001 0.686425475600696 0.245805969079549 0.974264914776849 0.958409510439528 0.869192757281431 0.444090459245461 0.971131124350951 0.37165304940112 0.451806541022422 0.787999559764237 0.971848414080237 0.61836344791205 0.546604775234597 0.976087241826092 0.999776018722996
0.578933998780603 0.718785024894438 0.629016142841601 0.684222426739035 0.578753450571035 0.313636749227811 0.31883593028318 0.814980182607137 0.681915265281535 0.738649782862408 0.817818484077717 0.895241843647641 0.385201318534476 0.305854516922558 0.881556785875272 0.996003590074374 0.45542127568109 0.255751650784543 0.942994929446601 0.999998016133141
0.0753780296677929 0.59457202520694 0.36785710058788 0.421955303745919 0.809091251634354 0.315189436380638 0.0259179025802525 0.800117920226458 0.148609237015418 0.122548486106372 0.0907919833595394 0.86128320650967 0.12020011253456 0.052267302660639 0.241891727931223 0.71918928088588 0.38475173178817 0.60047006532204 0.00145322058836727 0.0920801254838782
0.275877534324193 0.659536240457417 0.319929665050744 0.689030090707662 0.799186843714628 0.316280818670305 0.0591919656924203 0.758688020581202 0.805811400949072 0.251852282969831 0.438757203478502 0.0430521778345925 0.237780763480764 0.104665862785586 0.83410019645311 0.9967928970549 0.723173690411138 0.426863797912467 0.986477296587412 0.335926645973042
0.037957475432901 0.300935332460578 0.141824205873219 0.60127904886625 0.380798194535114 0.174516904308506 0.0142283144697671 0.0073477286303368 0.00154632239449031 0.0596395588496624 0.000195515962089474 0.109020098810809 0.00858636969562571 0.0190685827196246 0.105785051903724 0.0612055851049678 0.331035287389029 0.273456735230817 0.00564014837969084 3.69631224611378e-06
0.242377452375447 0.691265570078373 0.82327874361378 0.598081029069951 0.372198431650593 0.210252131691537 0.332031376513868 0.30269409156455 0.230235411827807 0.251538728935339 0.124341239569104 0.903841168108304 0.178010541017791 0.0548371493897679 0.56165803094273 0.678137558213827 0.344926758772715 0.354494373354878 0.0558209027678135 5.44633937546461e-05
0.617039134573871 0.674467415921412 0.850373982616149 0.711408014146639 0.873153010171988 0.371684949017686 0.556121227757987 0.80745742859212 0.989780338985403 0.816456291018113 0.816289157707157 0.987013448501714 0.629668765378479 0.205623464291695 0.872119147206417 0.952294333083988 0.5124259296532 0.744814709191257 0.995497947238817 0.315286339981229
0.027881629387188 0.409694495819553 0.225318892680736 0.456523676952914 0.0324315510881245 0.303401353036656 0.0675210727245446 0.039944698620799 0.223414852960253 0.0499212681388243 0.00619705703624909 0.0737912445480416 0.0594370200947085 0.0957816557040012 0.688342260940168 0.00508263429692386 0.205483588194062 0.218461014888141 0.199132074398816 0.656310196220329
0.907510421579853 0.888248468136105 0.980230544692986 0.696055738464033 0.9989845642043 0.647763933784017 0.898355046887352 0.998125862570727 0.899856256047168 0.996232073861602 0.997361399838314 0.997633943951888 0.894557042130795 0.903284062372895 0.982105171837212 0.997939327707973 0.756442745018982 0.88446950448066 0.976583048679578 0.999943597970434
0.26203262842803 0.559011093594497 0.361805414407546 0.749388119456129 0.874026832446751 0.246279794978657 0.149841246302998 0.89759599531191 0.524744626315443 0.93076340635113 0.766389380236516 0.98063484637496 0.600265893996643 0.167408518716299 0.844927879448499 0.994706201791377 0.321658421918681 0.807832876962027 0.000231953152793366 0.983474455227156
0.654911863761818 0.742270561494976 0.453058293405409 0.636316640582957 0.377586042829179 0.203623457127699 0.520758186782899 0.434375643003191 0.958537600758319 0.899028349478666 0.971035049500896 0.989943504738105 0.609588277768664 0.451893246382841 0.826626383040895 0.412934223205207 0.338419417490654 0.827642928518471 0.0976724314010422 0.999988950595559
0.141233902289155 0.572399034948237 0.431214201584323 0.595408855923699 0.666377485510595 0.512065479029213 0.0694603383645011 0.0638764004013893 0.999220586211558 0.572575086275904 0.373285682773285 0.978333592783619 0.232385379278897 0.11354822662436 0.759065989148325 0.984637203316509 0.595881181056207 0.673319662235513 0.469087543488514 0.0874331731232791
0.110268874065346 0.619186642599111 0.467193064465376 0.777913827708549 0.109840676352308 0.322593341037557 0.130206963008474 0.503215061616911 0.229856126716625 0.491096684964259 0.178642906200103 0.979720135614157 0.326515020657969 0.119070123932123 0.75942865319758 0.244600426458706 0.278791617127394 0.568288864285212 0.466417919213016 6.72212401588928e-05
0.720062660537241 0.760468751312924 0.903456318893407 0.760691768133517 0.974655216978025 0.720344205106757 0.262677469899423 0.679408306817023 0.47437028335149 0.909048371214891 0.969636837854444 0.996431144457863 0.669377521593136 0.247682200660664 0.711627028857132 0.999803820862952 0.805474973040763 0.750664432261051 0.527393917679924 0.989447396655964
0.12005340769061 0.590603061363775 0.756038470840653 0.608126973336231 0.618299812397382 0.527944359930158 0.0751948952904579 0.244523736495319 0.159038765670404 0.22725551336539 0.191294815964937 0.845008872158949 0.139768396589103 0.0343524985672618 0.317240233836921 0.646626693611249 0.523128157043373 0.460359316698188 0.118338289468309 0.000399145262763244
0.168312217292723 0.531240011692554 0.377262978807668 0.416846671062884 0.0647540768692884 0.901281975850016 0.0314244356796454 0.186255392098973 0.369914418721181 0.128337729411214 0.0185015600795053 0.941835855436559 0.130211296379086 0.0783819649989759 0.550355963086733 0.987709439936861 0.253516484433306 0.33765049065756 0.818421458023482 2.52902135398609e-05
0.0548480692482046 0.474817852000736 0.0111407592878531 0.418245727393075 0.0122194890023799 0.461572635090292 0.0163806149329269 0.0233930950363823 0.000975855283943 0.0159243454045169 0.00268796115850181 0.271793425155307 0.0386680396183595 0.049155720997969 0.104145510625737 0.953214520726427 0.504330252096245 0.271959438814961 0.896392637816171 5.91780528925171e-06
0.0738691722871188 0.546647049860258 0.450329106499448 0.699930810919525 0.115963796076598 0.402439820734817 0.0173689328600255 0.35508414663219 0.463780344547501 0.086104867136731 0.356589478058499 0.806735581617738 0.0489060876208655 0.0381670851763034 0.587271326454779 0.0981976150994794 0.465854519582223 0.36963210306921 0.0327729825106503 0.371393283854765
0.281312377199498 0.611207666341088 0.945025963689149 0.491451417998719 0.60877983639424 0.518094131340426 0.234727331681963 0.679315789078599 0.994943403647242 0.711541759410947 0.56426642389279 0.181135600256935 0.195907937527443 0.203389494473361 0.565835970346407 0.96174654154288 0.558215135966915 0.777431026173276 0.955450165078796 0.00130199061533704
0.0788856279733414 0.524689204652609 0.569539729445349 0.697267603433844 0.0590830813648058 0.276923855908288 0.0194545835995399 0.0222861331768643 0.401891541418105 0.0124658020334761 0.050378956818187 0.485497313650478 0.0677217856622434 0.047821371415664 0.284391135055054 0.76441189394443 0.145058785789532 0.434202973422775 0.997325744353369 0.949013532450687
0.161707307077111 0.571342366735151 0.849314452107499 0.654181963246089 0.497569234141754 0.43965680247142 0.0258014772920072 0.306810758459178 0.932386383873146 0.129744692885606 0.319723302774168 0.822763547643967 0.230329680513447 0.10746029207798 0.410012662653558 0.00822156074157768 0.367151105532798 0.218555426613731 0.00421823440500525 0.0396814201032595
0.496252363106747 0.571779385296227 0.7574750328605 0.840843709363958 0.980179034816297 0.379452460612212 0.679896922280834 0.94599109767707 0.744203957692935 0.857558864366229 0.951558882136509 0.991137899101172 0.303131063054487 0.364132073912206 0.937139254898695 0.891000665828611 0.664230951401804 0.694040317470552 0.988902204831638 0.0383772233719206
0.193339846195059 0.585168788074558 0.439685530650545 0.816423445701618 0.748043031229459 0.549164204536827 0.217276343258211 0.21695115988917 0.93785183721913 0.185318962290307 0.207799708852409 0.905200363823158 0.31301358746068 0.0913172979791788 0.84720148997311 0.993864491734049 0.441433779715654 0.819115929366764 0.0690839405407656 1.56710375253089e-05
0.0940262054598989 0.459977674386371 0.130709344220128 0.728099349363408 0.643309535162295 0.326090365028195 0.029559821161986 0.0340803401807843 0.0209690987838107 0.124799847771754 0.195215346548771 0.350126956450202 0.108089240001795 0.0604270507936649 0.0805296138040326 0.972663326141837 0.503117151043664 0.452488597157737 0.00784069373941233 0.0892900386648606
0.0945545185029611 0.647707714099197 0.593782576016443 0.44533728111323 0.995737742823211 0.108735278125016 0.155106062973675 0.209378386608197 0.802008208030398 0.482785274386243 0.733918766418015 0.988927562982692 0.32509473853677 0.159537840078943 0.16685070569883 0.997057663317505 0.0709685179464518 0.732860953501317 0.00148304304690977 0.349874811902295
0.236879169990674 0.598201133264461 0.675073604949776 0.520401163104185 0.693776347178913 0.292872345807178 0.139227800297122 0.449481314224898 0.0861603039277758 0.550689142569694 0.607027629987949 0.997263585054514 0.260498489025565 0.164987345748049 0.624672653211428 0.998526432114743 0.591388781778873 0.343550404604166 0.541116574139886 0.420098686326236
0.0612044491310021 0.582157583400703 0.328435952115742 0.261396327380402 0.552703953031611 0.624031810034136 0.073709850845252 0.217927049093988 0.199452930484419 0.0955596670412299 0.465670106298908 0.834994634684208 0.128733155264647 0.0805896388087425 0.763662713061558 0.484258996988435 0.475370439647071 0.600636502268746 0.375146854937876 0.0114435085161298
0.378928573263282 0.655123306445536 0.628570758238331 0.471343945068879 0.987412170315489 0.639821451064312 0.265550595646802 0.834925312028594 0.828412093802641 0.734454936334613 0.0891462616969011 0.938378870775826 0.164861322395311 0.128837294969136 0.819104321007196 0.0943271907557884 0.527749855774902 0.707090546930739 0.867535009089218 7.96995870067116e-05
0.784544695926206 0.787727963048996 0.935428149515823 0.908766963051142 0.990699863439597 0.402825692642098 0.486110566940408 0.990497268451577 0.91889561127587 0.992395757238673 0.978271214942862 0.999776083852015 0.809360679399453 0.508292692429578 0.987767610821474 0.986401570343154 0.787415202430056 0.632323832945772 0.937225477209489 0.99999321546643
0.404838751668029 0.71094354928442 0.938443581533906 0.764436864215107 0.990384809735447 0.187229858792305 0.224392139216375 0.230138449237044 0.951869657666411 0.48665652908834 0.875913933830382 0.981843108925807 0.243279876277475 0.180258196649817 0.254245968839381 0.190802819912446 0.698313004798557 0.367473242331636 0.987325585551895 0.914393265949373
0.146373149050847 0.408641242089249 0.142170483560652 0.522591967484121 0.0369582814774283 0.604786074288188 0.14257900435795 0.0824124304859573 0.722714716950581 0.161138445763046 0.207753641040442 0.551134103758795 0.0665375024953737 0.062224363974994 0.820200216858725 0.618619830139177 0.336465587367069 0.23277751111871 0.765275690748123 5.31272523559605e-05
0.143647599202266 0.549250099392231 0.285492128821968 0.447194344064808 0.721767871855941 0.50911751807255 0.0320201262294906 0.0564872585717907 0.583225138320605 0.280003352875073 0.552968149023836 0.858849965192628 0.127373477318817 0.0931698089512896 0.36000859514118 0.741249206584107 0.266647707496705 0.751883651748022 0.871492057912968 0.911967663138069
0.121464063882659 0.554617061154629 0.182323199056666 0.444648555885678 0.460981801578069 0.517352490757765 0.216440782776135 0.296512822089186 0.159236329484135 0.234810664473311 0.344218132330371 0.680052785754727 0.204000772595016 0.127183004923844 0.682174167719009 0.421786107183285 0.522340840092558 0.404590041538773 0.0483106181474685 0.286739590712521
0.0590266304878817 0.44240107427358 0.716162749248812 0.676227147807602 0.152839492027619 0.0835261017683712 0.336965064102171 0.547432685634671 0.382232927829713 0.130936921326 0.0584935142060179 0.992299095159955 0.0891604885652936 0.0516581595798308 0.649474188787208 0.346025491897258 0.355138888053028 0.208938143248895 0.00030111574107207 0.000527583590900965
0.28360533696119 0.682778502615307 0.669668236774186 0.797323997828224 0.983914564304974 0.404942107162529 0.1094121725706 0.846256361846557 0.973230673235238 0.924403202465105 0.832720866696486 0.992254306733888 0.816173295810899 0.368547306377066 0.906936839977132 0.895674253329335 0.759419126428071 0.827262522962964 0.0119341293414867 5.7874712812827e-05
0.470169731904932 0.587462118018484 0.777668585288771 0.701321350248015 0.919186722284998 0.283676826704278 0.398384398312448 0.954573019720054 0.938799342224033 0.843290895139787 0.936527044584714 0.986818703837685 0.685824788750497 0.430945263471182 0.789862558579095 0.965357694628202 0.559784146909167 0.931382326327945 0.998009269765865 0.999685108664653
0.102398611837966 0.62277615171923 0.40087129331811 0.713928426031003 0.384743186550617 0.352793538480548 0.159621704597469 0.15063830315129 0.0684623887122938 0.216623933707923 0.346462804515104 0.384082080277417 0.132298142344129 0.0873871702104649 0.71861285668484 0.903362427292212 0.309266313120373 0.592287400495283 0.000146120174897853 0.0229627016295523
0.0722118345662164 0.586093572576076 0.568269757784769 0.522113793612701 0.109478056424642 0.482263560378773 0.0697428096364468 0.157696655218499 0.824703508769623 0.0971645946531006 0.0417421432733132 0.989706986920791 0.0287689975572474 0.0829682312555775 0.794938934550942 0.964331610518487 0.25593871508567 0.282663224114493 0.169488894000328 0.972890704715276
0.111049083794353 0.542115889232962 0.181870881047804 0.723561404385607 0.387634392411861 0.727195304089684 0.148910742118793 0.218231898601593 0.651918746195193 0.183242310247189 0.229075234008161 0.998776351056029 0.570747007023933 0.265352644397667 0.978031842801934 0.998555236022466 0.306918605771493 0.558581948385574 0.0215069050583581 0.0303633450681642
0.0581973446077878 0.50152247405672 0.671230412971873 0.380317686580968 0.538339284357389 0.0706456304727386 0.031368346907747 0.239253927489786 0.160480363767096 0.0916622641941485 0.14667160296248 0.760471330378548 0.086494549449118 0.0395988847291606 0.568852179824876 0.570019653646035 0.568981919002971 0.23654777221874 0.000170550596544303 0.87842859099364
0.628158207824372 0.815178561863923 0.914428055432475 0.736405671769491 0.985365269200004 0.684073806113203 0.431556125063906 0.981825029582479 0.963254326986972 0.972265073357573 0.987520121345423 0.998069008710972 0.716608985146855 0.441545983859971 0.94598231811699 0.999994787751527 0.717524224636265 0.760381211143439 0.25789399146086 1.4814707464928e-05
0.121315381171806 0.517685153689833 0.31201988681149 0.532845349740967 0.0159593156546471 0.348841978798423 0.0259830013023684 0.238864137407678 0.559627805982859 0.0614806548552592 0.0208504128040248 0.950697565921099 0.236034563687386 0.0206341831693785 0.365835635209044 0.0496688121518793 0.225272056734985 0.250873512994381 0.000440811287596185 0.520691755810201
0.200631222673038 0.721059861930664 0.808545594031591 0.621715844912492 0.945378213122159 0.529436453973796 0.579016534897091 0.809825921816463 0.374693406882242 0.643052993077243 0.531029421093629 0.974239262655148 0.508860017145092 0.215641611026847 0.843314563280071 0.955252103886408 0.79028861882088 0.633078087790226 0.000786133285411492 0.999947873074844
0.292969315587496 0.638902158505815 0.793682300382217 0.528505797621798 0.844923707977297 0.560052333080201 0.223096828183344 0.490582942970397 0.9392848536546 0.640208732348009 0.528821971746625 0.973433548769355 0.198966087484961 0.066685362777073 0.759266441496834 0.461076556122572 0.386361346543721 0.627388877278527 0.000851228651243644 0.999958595951856
0.120514876139283 0.633513528842731 0.544693588209238 0.767808025539449 0.145454839922486 0.583793091861197 0.0934265729914844 0.707586845730065 0.755357028190004 0.680596183191816 0.248971748342184 0.934565984513481 0.127493568263018 0.0730310156693232 0.885960594627833 0.973078208830762 0.353503098714601 0.487877614052108 0.0441172405457409 1.32045324724734e-06
0.062978177888656 0.580306796575584 0.208552343630223 0.422710876639975 0.248247588411365 0.135157948677194 0.0754799761500263 0.902696155242741 0.0294208823238698 0.0952176564760098 0.0191332632935319 0.592802998676757 0.11351473610862 0.0467962994120316 0.498176141557819 0.99746309970994 0.353887058042324 0.347066094965761 0.932863327026264 0.995931073869016
0.22981598863991 0.591643880919475 0.329441644791849 0.8915194279114 0.895349407755198 0.795656302602051 0.156946206910768 0.828500348193914 0.656966720019971 0.698392174553721 0.287979851802242 0.950127914707931 0.436901856040227 0.231815596265762 0.794580708753184 0.99534813952053 0.749461735157946 0.5738101745568 0.221689739133592 0.997032222169957
0.667087193396668 0.756312835802328 0.941563984554295 0.675330340733358 0.157793275192362 0.599436616892657 0.56117514155447 0.873156319908026 0.989347238820058 0.910889190692987 0.942316532024159 0.999717116629272 0.572187330295766 0.395225762260748 0.965957922420402 0.999835167130783 0.728065785057323 0.788693091095415 0.785780900805892 6.91615079801128e-05
0.203147553085458 0.579850935732713 0.565189405135254 0.788583439807705 0.976159135986664 0.61916145046056 0.0545548270342998 0.731296278205454 0.18892459736027 0.756227715110189 0.52489196032246 0.994878359251178 0.436670252903381 0.134216389346243 0.601610012353073 0.877632177996326 0.394473043324288 0.695819461315076 0.588962011106607 0.963332843491203
0.0701958662287573 0.512397780710176 0.20423610987329 0.496646897937994 0.552129580534039 0.629699796290215 0.0263967683587056 0.0652416959296995 0.109273724974262 0.0381721582616032 0.192611297836475 0.417684645414336 0.099687469177475 0.0340906806432651 0.267243062321342 0.644114815493217 0.268743938484205 0.70546705536556 0.0145973689916379 0.000929778215128352
0.181377883890331 0.591603655108367 0.804160885385508 0.664134674224053 0.656219838104855 0.649773547006135 0.186624098064642 0.352843954072645 0.960595401594766 0.468039530100871 0.0349154741890714 0.928134514858296 0.31606447028882 0.0996812786791886 0.622287762559432 0.912129559567857 0.570287380926784 0.359536483544419 0.2887417663793 5.73631368455605e-06
0.604138045044228 0.763631890201905 0.848109849208287 0.750019101599884 0.999346176934105 0.302609293902063 0.269027094130484 0.919185159334102 0.85579841793881 0.922428444468943 0.987220444623524 0.998658687274413 0.753154574368327 0.3704069955539 0.90333723620305 0.999824700675634 0.836187498485127 0.752577642839907 0.592255519000351 0.0450491711399736
0.196937178610359 0.59544228575036 0.172647783139059 0.55679600909594 0.455732144730269 0.176773030832823 0.303382811123163 0.189818585264235 0.954048627164049 0.206122179119762 0.811548571815219 0.665193745399454 0.0994133028104356 0.106828951267808 0.549415276128287 0.985993781305301 0.337682721214453 0.464723128091737 0.642872133935461 0.0251669088754902
0.132257285719466 0.554679442461477 0.682466855945242 0.406628604930704 0.500713147565315 0.695591485145973 0.0793543683830446 0.576470059554098 0.0583068873556423 0.185512878760465 0.0298287493463358 0.978495393756497 0.109232524063176 0.0635476802697813 0.25044432031954 0.355514292722069 0.571256606737597 0.385263289208068 0.288400076969743 0.00295196057495868
0.180536929576967 0.531150644012868 0.53423712850548 0.705541434332657 0.430085746175291 0.151123834365555 0.0262791829729417 0.878252037134153 0.92435004501057 0.394263572546375 0.294208123264915 0.9445356057608 0.473934301649148 0.199690114536189 0.512287784195245 0.95975298844272 0.655003813749661 0.635883941437832 0.993035798554017 0.990235970963963
0.0184892117800567 0.454420141014697 0.109781955924033 0.569643297107562 0.0250791409703325 0.229201346597775 0.0163092358803168 0.00115447021924387 0.0114190777602248 0.00892648702011051 0.0146351509743642 0.77219859602649 0.0195208503139621 0.0550760644044698 0.466839647462306 0.015896008355862 0.409848580368546 0.205788985653813 1.96110058868367e-06 0.801214141278669
0.15629323356164 0.606376930221954 0.480618508736023 0.806997602220384 0.588164044333907 0.677191702874463 0.0665771649595181 0.274451859964977 0.0871151294334275 0.216982792689748 0.648378203710256 0.705695360139246 0.0961160457002904 0.0621234163185534 0.575528729475411 0.993377252756658 0.282578412276909 0.408604740005845 0.00014224961501 0.961314329053601
0.103625143246955 0.597345608342113 0.210203251520414 0.743209366881918 0.491267348290607 0.372057088373303 0.431545216898853 0.52183057001192 0.626892892950136 0.569663729619895 0.625255647252502 0.990623977833572 0.356769752036439 0.0919356618090933 0.250298193506824 0.922801225294874 0.511367059525513 0.5909436703275 0.00135315339618127 0.65178801991188
0.355338555144331 0.629620507794076 0.968174042659095 0.774770101123005 0.794697800988896 0.0610521740157862 0.102039434532155 0.934286703235002 0.987808767720993 0.729198535129991 0.744875354298856 0.998780791371233 0.247072708460612 0.355406074978714 0.823847216297438 0.998251720844519 0.713761265142133 0.561020180010968 0.135953835395985 0.999990487866605
0.234723212592166 0.517968410989668 0.59755921029181 0.810505707616313 0.822625173339169 0.380131372357548 0.222609883365772 0.121052044088087 0.113760223964068 0.39404850045697 0.472044565746215 0.695032054698435 0.371092227359993 0.105847248593106 0.848953243446415 0.937296085799728 0.542992236402756 0.360251304351115 0.00285637880492877 1e-06
0.0182663176601027 0.511529699141507 0.649473593987577 0.369434012590509 0.0144397078228594 0.565767215011421 0.00512538076377078 0.0115107908813858 0.103577238630883 0.100557257626745 0.0722771785213266 0.293116388172129 0.0441352794323442 0.0155277317504134 0.511614843413304 0.141011794559194 0.390250313795223 0.305130628571458 0.863588385399995 0.00538662908780255
0.336210154669126 0.723176234756295 0.506961071250403 0.618464144068787 0.940396852804178 0.243097886978486 0.44873107343705 0.942485569601904 0.918790451902794 0.713109890659183 0.866435885348203 0.866903359955135 0.180010152169381 0.314942314251048 0.891988920531315 0.978187993581509 0.71420006006111 0.623953087033964 0.0047690137302649 0.22225745015529
0.0722581614902869 0.639207085923293 0.173193360722183 0.320164904940984 0.0645304279072172 0.410304570267882 0.0207258310750437 0.0681081566671437 0.0294887180255421 0.196418818963913 0.0363826339009191 0.854495606170614 0.047761211260113 0.0610084257900797 0.747171997286758 0.141364523817345 0.597891731940046 0.346923438468304 0.273741159184724 0.978725024365247
0.297724611244358 0.72032184707639 0.644048995825844 0.845850048049385 0.555691498673105 0.56692278889271 0.0782316166004113 0.987358022862361 0.493156191743112 0.652767732644514 0.557790494905066 0.895154560265559 0.259133632737537 0.407159404518202 0.770453274586099 0.995751621970112 0.635855538015266 0.694100699172994 0.00571209007507202 0.941661977168521
0.540015809946377 0.833315114087892 0.912337484683561 0.884576381022034 0.997777862433457 0.538713117056219 0.856224517822059 0.993255196362997 0.999158876670032 0.968206696624953 0.982294634838123 0.983697841592675 0.841930786726321 0.630374185130315 0.93756803345022 0.998081959705593 0.800535912012469 0.794492511133648 0.991651355519623 0.999748730987173
0.453759828539435 0.574837210171226 0.811792215937722 0.375138607777917 0.753445521760722 0.540901208107869 0.281905451498829 0.929049451875213 0.99957147686493 0.731867508185172 0.45059449928164 0.998001339752124 0.607070171300133 0.177008557984135 0.417518218593154 0.999630790609045 0.660728823900675 0.782388143446554 0.524921149129597 0.00375597818750751
0.116210561589913 0.616125227094153 0.329502353363001 0.635251539205527 0.576834589065043 0.100523064517072 0.278545086316349 0.481101353973183 0.761051217972514 0.143914706049735 0.0415550653134633 0.98230067326959 0.210242516607808 0.0623299297042978 0.942162311581731 0.961155693175555 0.19999931627502 0.368825503475878 0.7447937145277 0.999642338268315
0.153055833988619 0.484775506551466 0.356888682713391 0.734079827332273 0.256244556441286 0.148715533211228 0.375972363382152 0.483087171127043 0.139305313622054 0.17097030614225 0.0346753167694781 0.958279014042175 0.257983237924688 0.191211331932345 0.832933563871012 0.91404839532567 0.261491300907974 0.421864079150599 0.000753270951201724 0.0135763990139218
0.0427108695343105 0.599070911123959 0.0868605563422058 0.368471530895585 0.241197899915318 0.440037541578741 0.0425052968965683 0.011235864144338 0.0103914228847451 0.251818886019179 0.38447888667868 0.981947564898943 0.0536139473200638 0.0205400948825931 0.127773327083594 0.043042258624592 0.276334585730797 0.156809743813509 0.268814398157936 0.983800481187704
0.0424376231474868 0.545890247566062 0.395418476922278 0.772594297502064 0.0414765853291441 0.278251075543205 0.0353258968778219 0.0236223237910602 0.416980975110705 0.0665217469210295 0.0333206569176843 0.742425241460318 0.042373391046131 0.0720781768536942 0.285518278269905 0.0104378106676855 0.450541561707841 0.326461220207495 0.928468310074494 0.0689866353856906
0.128680705251295 0.531932541925458 0.335217169419642 0.520069635319803 0.181408954566224 0.489879725316898 0.1558741989184 0.182368056279196 0.511988913468394 0.202715021367633 0.0923281218543869 0.702118140852762 0.126017464922432 0.0317405677340184 0.337013825019243 0.836550545607422 0.429414641761452 0.319499712946388 0.0026293281056127 0.999596680035469
0.0393154284402865 0.345771372768455 0.193386291742194 0.198166243950551 0.012027769935926 0.459012587076903 0.0145296397130596 0.00375811232205779 0.45116213267999 0.0335817551816891 0.000897552224430765 0.0911650758912305 0.015824791803458 0.023001399258477 0.265457553558978 0.163522184612823 0.0875575586338223 0.173709209074595 0.000220252658781469 0.899720504807618
0.223588875427022 0.670759912111798 0.496291326964774 0.846127394310359 0.537381782449632 0.795506601775761 0.067487640360467 0.829611041117952 0.966345191281887 0.154747514455532 0.271880020082605 0.990502959388169 0.141997318167965 0.0620714954805544 0.822955083015393 0.971506784217667 0.47036566351971 0.49603193493437 0.215505058524583 0.931516258523492
0.260465840037095 0.565973167193823 0.423833250656007 0.691767552846655 0.782733802224137 0.385748996856789 0.0489165874841974 0.431644716566102 0.274477320519654 0.269473323356872 0.439153804890402 0.988420341624399 0.205788466178276 0.147410272320563 0.819798639134344 0.866223805300104 0.438414661238678 0.518644639405163 0.495175082034472 0.124735288193042
0.592023264750713 0.717245078395653 0.714121478211441 0.816201804959011 0.992703493188567 0.719650862595013 0.759177555590621 0.919088275682203 0.0953956497047352 0.931860831712439 0.959616528192061 0.99761729461212 0.705796906915464 0.361807323870753 0.824610434039628 0.156886115378912 0.415884810175759 0.716930457494557 0.181457068569861 0.0199155918232415
0.0119842757174995 0.31767805012474 0.0688594057746978 0.350219715742675 0.00468868483083853 0.231099998152435 0.00808223384008923 0.0101208238654348 0.00930666694868135 0.00354381728098596 0.0189294236161759 0.461076868756988 0.0143166940015964 0.010437027536012 0.0881350632855722 0.000197241036804361 0.110150910120928 0.154851943005651 5.23695848629461e-05 0.000217829136260449
0.428999169958923 0.823661881081127 0.867453327494199 0.812040564676134 0.978385024959001 0.38649749358831 0.874773154236507 0.799781175864075 0.948357505662813 0.951677088581002 0.994953606489357 0.75651487917408 0.611036989458847 0.311900821555863 0.937656684422186 0.995463779520972 0.593934275663435 0.809296971324052 0.161628962106723 0.173929162231271
0.190091140636214 0.598479038983221 0.451894293761439 0.481329924244028 0.357277624015678 0.174795841009446 0.249886903711553 0.706643140225417 0.115398711955811 0.54479902408203 0.0416135118068885 0.916475227912589 0.247114665282157 0.0615978705665536 0.74334114761215 0.901193026374153 0.423666894023111 0.34111964895371 0.930843475810268 0.106740016176659
0.362468080817909 0.548770315343665 0.295682861475255 0.645355717095147 0.846126411374781 0.364724972356306 0.0762877470786552 0.835654053350776 0.696658421743529 0.35472637195005 0.592571783287358 0.957733241997272 0.381229357818946 0.121422980158743 0.770254684596919 0.999525552904472 0.452353870307816 0.658620382322668 0.153674464276152 0.998995228040637
0.355248035056367 0.709600029454041 0.717875551454974 0.779527088062897 0.764610217810382 0.506809640564129 0.0140831813540483 0.312601826725666 0.893831364233194 0.610027174377421 0.822950425949087 0.98095092690397 0.330736368217602 0.0930404434806251 0.8353501980649 0.986236959647321 0.692885427974673 0.606356000301456 0.764352882680995 0.75193071217874
0.442648237039949 0.781638738891073 0.716373559226096 0.480300277649941 0.803049851053354 0.772734970906357 0.334644209601008 0.893807783392001 0.249635132362409 0.628488343258443 0.841120512334372 0.929480737862142 0.683480522612093 0.321144887702733 0.72941831124421 0.999666836508793 0.771082323078093 0.745611063593235 0.0519657123471798 0.999998678987787
0.029559122811437 0.346941055935703 0.101633672437446 0.430221260471822 0.127972752860355 0.0359905375705503 0.0478006471231804 0.00369943464322117 0.024760892024469 0.0388077830710663 0.00595799436932927 0.516491088380428 0.033471967432582 0.0230756492258858 0.0609330989021366 0.944116467836058 0.540292585552346 0.456210961819982 0.00512797697636285 0.960259922880023
0.481167781256244 0.75271839193054 0.832566064599138 0.785195862023632 0.987120738668996 0.409322325099024 0.731105901414128 0.978408524525384 0.846488567163671 0.96847214209831 0.996341748155597 0.998557016438391 0.647590467581454 0.538119641015517 0.943698520150568 0.993560768498226 0.698758117155931 0.817576508602551 0.619539967227906 0.982558249853123
0.0414858456114269 0.520101284253029 0.531573786230536 0.510430748532189 0.125277003817819 0.0844898683022464 0.0266540137983939 0.0340052531111243 0.963623868152384 0.0971062441064893 0.0580649863042987 0.950708880754811 0.0813544671556734 0.0982316674828672 0.226741924458795 0.992651826789682 0.464313385820752 0.627818414550134 0.000560356629158952 0.00142778650680047
0.0169951035520615 0.400093482410399 0.111278747095302 0.389667934677825 0.08596776075897 0.105754766759687 0.01024110021111 0.0419877793267206 0.147350535177077 0.0061502286752081 0.00783970009613271 0.536516853684829 0.00400391403357134 0.0212859114999802 0.0576236237013466 0.184772474463416 0.22044234171904 0.510859006879533 0.000116121078360826 3.13474576141666e-06
0.0581602598953563 0.466144860633981 0.328758287426401 0.489430494001112 0.0189231078930946 0.574731745376162 0.0237827795454538 0.0567537893907541 0.0371192015034551 0.0114697217516947 0.0345693716186465 0.874268504524838 0.0503807815522028 0.0401587540638224 0.108135571966516 0.111964884333807 0.389978675505214 0.683764046999129 0.445775664528321 0.000138632987260156
0.0399539337016896 0.487654593931471 0.0246809460071568 0.518195470049088 0.0435959796755782 0.281715598997448 0.0325299734507342 0.0286775618002377 0.00217897235751936 0.0363808490687896 0.0611678032414919 0.983876219777979 0.118764115342589 0.022294705941326 0.399709122681103 0.738187270484328 0.241958500979948 0.251528689983177 0.00164032472396059 0.000839762971968349
0.442477716614023 0.610858602261802 0.836631164159707 0.690555475139372 0.989914847213601 0.0987012851894538 0.585733704201853 0.634656543693768 0.838043380679382 0.757572816565187 0.507727494200154 0.978662681360662 0.381463247887944 0.243340731654233 0.960239313179383 0.996915009239539 0.484064868637868 0.787109657744672 0.988809557958514 0.999763317043255
0.0651479026531918 0.364152423958362 0.135731121845093 0.383528322609774 0.486704646432084 0.265456229371032 0.0330917989135941 0.212279078807743 0.320560108077803 0.0876870685371066 0.035720953998298 0.987373145119558 0.185715425492071 0.0350434349175566 0.314225887042975 0.92550571878484 0.441408640068923 0.438755349194689 4.30086151560253e-06 0.000515908246075496
0.0826388679006248 0.513834461376119 0.812279573609043 0.747229402943221 0.468698534527705 0.26396034232146 0.063664020760597 0.209803340935759 0.958179931938209 0.0520509597001316 0.594790711729172 0.33916206293571 0.161794628202549 0.0931426182977755 0.58755807372972 0.973280106395652 0.559098393086969 0.640290997362482 0.0406859322026407 0.057086905708886
0.0708225054431016 0.475905066515982 0.340685578774828 0.533030462543128 0.134492029388005 0.0563515861995223 0.0101129476951313 0.0252479996966828 0.506183585714428 0.382659840312813 0.0562549234483327 0.996077006598425 0.224889068896405 0.053265158018419 0.382891461595978 0.983161019325386 0.51248309184424 0.490858896760582 0.831540631163736 0.958487251458814
0.158382323144026 0.644927017728038 0.81575236680645 0.391636204320772 0.772324141796952 0.201568853033142 0.0798976893268421 0.388577923979277 0.170555151665121 0.745596675813861 0.297546791040969 0.993363093355093 0.499324153448698 0.125591668823398 0.836764149944868 0.99547836207953 0.300712679998296 0.617042560225238 0.473698850877567 0.212561315893709
0.630817317952989 0.78336134286525 0.943434909739338 0.544018410694772 0.980541498873471 0.732682097290062 0.248872810916757 0.814697728320597 0.998884337483464 0.971078169837984 0.912659962430676 0.997547903835236 0.596728042752494 0.322943719710081 0.847397949825371 0.955611107438548 0.574482824629273 0.877797103000856 0.977310215321956 0.997644158918133
0.40119490578547 0.549298223307993 0.836572615632093 0.824064824943252 0.882278427361139 0.256719727126648 0.0672102397809094 0.373308528212287 0.390555450572015 0.562269342474341 0.349312088769889 0.978334933064466 0.403961218789668 0.0968309685110334 0.766210960014246 0.947089243780804 0.384196885491503 0.588961030567347 0.993632066841804 0.00487507890730561
0.227208072867149 0.715146412251665 0.684281059919415 0.655195954883708 0.56767673092505 0.428770046092731 0.320679573631881 0.821014892047172 0.984158106168184 0.458012919643595 0.882658430441709 0.971822285520064 0.611998493590605 0.283977082821533 0.907298342946988 0.999954524999297 0.589711610274514 0.666307373334914 0.411580524119312 0.508747534326869
0.255028987393871 0.608867113710888 0.87283502041392 0.580678719389193 0.197207531440685 0.428273804483786 0.279969920599807 0.57419919204211 0.732322412350299 0.460312495905252 0.168887553552579 0.958063081290965 0.39626335106288 0.117963873863998 0.830172572046712 0.97368788294256 0.470207099626086 0.388080138419641 0.00749816035211085 0.999893900894488
0.735112467975132 0.77678524728815 0.914642537779351 0.734252954451886 0.923672220953381 0.215800242272557 0.637056621173541 0.999457485009865 0.998574319493604 0.969818262236402 0.979836023280695 0.999130160342065 0.752613525510055 0.406726185899395 0.953578421318547 0.984177457755247 0.720085463815537 0.92130538310401 0.887489246695257 0.999923445682928
0.292831495382315 0.649771437988786 0.772145319981216 0.866530341868575 0.427546622651174 0.31579691917449 0.221474526352342 0.662815113276708 0.179553830772926 0.570078488835958 0.726438259451659 0.999661139352497 0.456316216753483 0.204388618614342 0.609047482861314 0.996458816775238 0.814265906778575 0.737086641085491 0.0148952355014522 0.354989873934357
0.213062009060551 0.696876705245622 0.832431462687893 0.413285293121424 0.88397517067178 0.569072174123711 0.206326622692437 0.951632443162056 0.331707477114363 0.824634190229237 0.35564284665113 0.998039883309015 0.437041866494679 0.495874681444215 0.586960953523784 0.997481839624362 0.563845333784437 0.749389786475924 0.304719979450834 0.999954956833965
0.18069566054149 0.590437912749601 0.617706658516603 0.423294240658915 0.383010481525272 0.198970923044604 0.165426732027188 0.342974162019412 0.80227153468371 0.322190682336888 0.0451428501713953 0.944211144502578 0.31565583105699 0.168031005748591 0.912353467750987 0.315508503146077 0.481199460659283 0.684690244057818 0.000735238766603467 0.0639176551296029
0.308109363151958 0.670204299650283 0.676179792114264 0.780216273421538 0.646495807394164 0.588016444434853 0.115349480400755 0.665752030272584 0.762134826454255 0.318758458342254 0.47386211773361 0.998626821315797 0.198531985864139 0.332008959478834 0.79096353826591 0.998810336279692 0.611060661765436 0.501860823013452 0.000829620241397138 0.767415556324247
0.908412875777903 0.80440393954358 0.962913505020646 0.910503040399847 0.996614469397411 0.75227265744403 0.943310280048989 0.995706161803566 0.980502292773808 0.996197258751763 0.998383486310195 0.997772553377775 0.929546947225456 0.591461671797363 0.984127651381157 0.999679482934256 0.767639663131264 0.918814523194068 0.031381899305871 0.839182152934848
0.0687783521426556 0.471076428565154 0.521659885850098 0.453735218863005 0.184230714800084 0.274869647725786 0.0157965824641521 0.232392612073979 0.258500493937925 0.0989385360945956 0.0529465907882201 0.806166296787898 0.0568652627266492 0.0418106907646601 0.182692160058029 0.795734938428649 0.593512533269377 0.478526329608109 0.366558398235718 1.8570131580083e-05
0.0569293791238399 0.604528178313813 0.671620870425564 0.667480403250512 0.752462534236804 0.223000085184758 0.0486536598449515 0.262877242858931 0.575001574919167 0.206887302149708 0.322078653041774 0.825086798586774 0.0816514089786371 0.0765049265378621 0.511877791776968 0.374727908682387 0.579978604980071 0.790433858928832 0.22716529728255 0.994665592800696
0.233316677069205 0.688368226858547 0.557197118112454 0.618041933082157 0.944193435794759 0.284108714204626 0.102298139927283 0.690837113801683 0.241890757709933 0.654425825882135 0.935569022375413 0.926077937634081 0.277254219458063 0.185128488569307 0.795321626731998 0.730475774253672 0.520403810536706 0.704097981922716 0.00130927540409691 0.996455387630801
0.636636246153192 0.679807177927807 0.712056786584904 0.480606356315459 0.299264516934462 0.235905992953332 0.0475762789379106 0.81725290680458 0.11967646591437 0.220322585881628 0.953901281775568 0.965065235310841 0.372322875514513 0.344054557452773 0.9258001953888 0.996266321299507 0.477515334053666 0.636815869984217 0.296405139177634 0.980680241096187
0.0596021248444434 0.433618622481254 0.0598559438072683 0.306105998132592 0.392043299056961 0.315155713771862 0.0282486055658517 0.0275070016931176 0.00496062818801301 0.0210873130349662 0.0174211957546682 0.289817493155116 0.0347601827803436 0.0616609604507585 0.186583341958042 0.543183697946382 0.3185318525078 0.255579520077217 0.13652817574429 0.931764467470279
0.0955360160779717 0.524440813613738 0.529861678632044 0.572221945337511 0.0863108634662328 0.533634905081297 0.247337767475325 0.0917031025986239 0.862804408442753 0.120296796733082 0.0431256479714959 0.79068566713629 0.0213880765424962 0.0297653369009262 0.729469707467677 0.925215374871954 0.372957846402489 0.58573978336734 0.832716631019535 8.58581027316391e-05
0.469687580982338 0.707379566107075 0.533721939300968 0.537931841560194 0.697743545403249 0.206553251478836 0.527635814334391 0.689757439409913 0.683830036436476 0.696860345814781 0.712762900937754 0.994753477586489 0.393632865278423 0.160033071057276 0.899294569551442 0.978561974363359 0.62276605184681 0.649358761865704 0.965906350545839 0.957459484193756
0.181562540298555 0.709449803180589 0.688141287804153 0.756707815074909 0.948116108598346 0.159702318693895 0.296850745183883 0.938982149459115 0.311096344619229 0.542695354412721 0.733812182338054 0.982615618258488 0.425686693612988 0.190356605145807 0.635532865044932 0.937147369627083 0.464782440750624 0.576303930361958 0.965032768689717 0.988457051828882
0.152128771249273 0.708370951682366 0.21584424582334 0.380338995791519 0.747006803906817 0.436215741069904 0.197454210829407 0.486315473693543 0.599546855100325 0.355026171053777 0.352580439031766 0.800222626708197 0.229565859884922 0.0523617072746244 0.372511350571365 0.229212693588223 0.226122522248474 0.560316533389407 0.202299155812683 0.104375000626894
0.433967024325155 0.708028677997485 0.962501045914176 0.690272972860597 0.982331982263776 0.719649709771802 0.0842621362491838 0.676376173938993 0.975333794865518 0.878891126883 0.879164537886542 0.946979129159198 0.617378142631741 0.297692842908205 0.775515779800955 0.999674568116474 0.821677679982897 0.509407245422163 0.071662369008351 0.991236563349889
0.0726396855292347 0.446565225036047 0.0943158951958296 0.720920679719373 0.231937575091309 0.264785568868211 0.0111378758062749 0.243482861331122 0.0570718334779997 0.0518130806001183 0.011643594679491 0.816543047348667 0.14210556533264 0.0570679057688734 0.16857461743564 0.725472799318675 0.0936391919166032 0.476227427416087 0.685231330482743 1.62762098322537e-05
0.222693340516168 0.592816880242236 0.379362190485507 0.599146851522292 0.114273327914152 0.378170324911192 0.0609937533476501 0.462315484876828 0.0698819328440517 0.73939718868328 0.558716513331032 0.990505631945678 0.208848794760635 0.0993747736306201 0.186107143029149 0.927414811748194 0.458056949628573 0.304366463347373 0.00121665642789877 0.987381777987146
0.0192091148861039 0.376144550893638 0.376920010905548 0.458071232170147 0.0371999936765881 0.264616093608996 0.00762034488887672 0.0284181726738604 0.002907275438851 0.0420795300622575 0.00468325974869272 0.271698492673122 0.0750955036773632 0.0525593749208655 0.0695857986661478 0.255119568854328 0.570315099143717 0.279649847812909 0.00248399178190995 0.000190555182619597
0.0466478820076151 0.526653726858368 0.520361268952146 0.715355467982622 0.447648108407526 0.179927736821888 0.155750334018307 0.172942204063957 0.00306638923546207 0.183827379934722 0.0408763343979694 0.924368288348616 0.0782205797120369 0.0678672157812972 0.322766785403145 0.818141912946821 0.280715230781294 0.263879484665399 0.937241010468516 0.228669847750591
0.620824094114356 0.745888924614907 0.905800674525142 0.679487241511849 0.995979976676859 0.891916234751948 0.686218605489176 0.960530715347326 0.973611420506605 0.973984421601265 0.988999790792218 0.931285875334599 0.760668271010927 0.542010083568393 0.936012193510843 0.995875008441394 0.721543948078718 0.713147561068723 0.995060684174605 0.216897068903702
0.925612286943886 0.857409564995089 0.955894141031979 0.618028282424783 0.999235261149191 0.793209548281038 0.931868206589838 0.999958756036688 0.996970597066372 0.984711528214162 0.999960537031378 0.999900987842235 0.973360934755908 0.833105354779221 0.994324947547547 0.999459249048958 0.91481836908058 0.941440856231827 0.715429487374814 0.999583118617673
0.0488859435623326 0.477049111965142 0.1055123623881 0.569305606099642 0.055431467919858 0.14310322221219 0.123186968581864 0.122207423036454 0.00254619393346515 0.0370046838261396 0.0412064854553088 0.296736925767887 0.0312379129085956 0.0205485181975474 0.308470741093627 0.0150444011125657 0.498220833521724 0.534611432029469 2.66256577357474e-05 8.9826337417922e-06
0.0885221559524352 0.489255371655378 0.133257842294926 0.353197029337572 0.522930350618154 0.70780052541216 0.0371554365724057 0.125872439998493 0.0288817168824232 0.0913442835382815 0.0265924970697138 0.984491364505811 0.0367296198373924 0.048232881312762 0.40014476250516 0.996897979847524 0.169244595190326 0.428133384697773 0.583177752979291 0.861922729238651
0.50163720043865 0.62930622040263 0.372976776757173 0.60376894186927 0.996304160246037 0.634529433243664 0.184050826991625 0.901152967102319 0.954584044235525 0.790800035097922 0.96192529485929 0.99856304842493 0.576567027878498 0.418641456913053 0.784722039000691 0.98316464010533 0.736263572404149 0.70769229997849 0.5045129586327 0.997009638436228
0.0865517998535888 0.612295380826912 0.0795622046621059 0.398032425757139 0.00351375978260389 0.68674452316694 0.0846644096006206 0.0839234401169501 0.0012572562569343 0.0337739229770089 0.0855699175891017 0.833870608394584 0.0212029251608754 0.0820309173736091 0.336429042624591 0.0405911591299632 0.339855072101682 0.402012830319724 0.00796184840703245 0.999838733470923
0.31294959907557 0.661024519464624 0.264777973933018 0.434421000952304 0.41671836073677 0.142414424827315 0.254182251236731 0.793371914711341 0.964963918049791 0.624568342696774 0.615981486655006 0.990620179306293 0.459357136843314 0.186987168067645 0.599178802348488 0.965255002009779 0.246743225889879 0.444064961129199 0.710116938622368 0.990655394825477
0.334628362644474 0.64210782281729 0.763838771536459 0.66799672800993 0.855532028988389 0.422796574288061 0.208360780700714 0.973538108056253 0.353634999051619 0.791131142304092 0.916194466540817 0.986586863534838 0.432376104973045 0.24231084228715 0.725816909114825 0.950339248099369 0.4684950486582 0.565937882683041 0.176488325366266 0.999439980920548
0.0697581502755673 0.695173313552738 0.360421857258369 0.501092344321838 0.341049387463011 0.605998112072805 0.340040219088396 0.438663131866244 0.80366398925712 0.17652505197493 0.592838122797565 0.864867522001292 0.194365029705679 0.153382288706601 0.286592750633381 0.1957068977947 0.371636920053335 0.636457991023352 0.023159923716094 0.275360572627574
0.345758321842336 0.651426354311585 0.588055934290417 0.692885995691196 0.773394064168255 0.222327320490567 0.119355960673589 0.716056413861 0.918435624384898 0.431378393933915 0.965699237885008 0.976892847625432 0.398039613124445 0.168534487260582 0.687109714437366 0.995951429124998 0.765130692698175 0.606911780012997 0.180493783653636 0.999473940103199
0.450251695264601 0.704497309091517 0.644531153367986 0.606601319650336 0.762287215289666 0.464453339261452 0.401200174351479 0.774813558438085 0.965230946111718 0.815626687378079 0.309602420201124 0.99105010986732 0.500767268755667 0.298462073523726 0.866821896481876 0.999462699971673 0.315489950211346 0.714952736173892 0.970210269925013 0.0912831725738991
0.0787100562427533 0.441125737853774 0.762161725295677 0.512451680466291 0.441413756064469 0.592844759410734 0.0896582680505498 0.472124026469585 0.437686237961671 0.175591301345887 0.0324121551527584 0.619851715049973 0.0945989104585938 0.084683726179186 0.383259712693756 0.643245449090666 0.439867484052984 0.448890625854823 0.902456513346216 0.0685674433431636
0.165041583804956 0.641290665010199 0.399123003781015 0.652355050302976 0.880437870900164 0.266917573787502 0.0223608209529619 0.494351426342836 0.115834955887164 0.36735749150782 0.442219998278189 0.939105504187773 0.49329821631787 0.120257487644967 0.572714031467902 0.875665538655416 0.526103787592199 0.414537442045513 0.0400794966239302 0.000544364450086707
0.824300629407626 0.761150818306781 0.590450913530123 0.52076615615042 0.913513484636787 0.780814663995806 0.412185474289367 0.996201528288966 0.985736365223856 0.980969693069638 0.98598727333619 0.981457982178402 0.770374479938608 0.546870446809595 0.976717751105286 0.999537131230815 0.83831885662724 0.663542494248315 0.982708133532044 0.984497159899771
0.150947275378016 0.54157544853835 0.173656154052134 0.744415473016635 0.447367189806287 0.509773750826586 0.0246450737335491 0.109734015830971 0.129833992550486 0.0380988351202244 0.0548710050572078 0.890303572735663 0.10272126499069 0.0720704962537949 0.339427829128456 0.921753526066338 0.589031980410109 0.391940835554997 0.00248022585178232 0.903973325521202
0.256983581238105 0.446527846759058 0.696521865881735 0.455079859053845 0.601772731302069 0.71524678031052 0.357616921723579 0.314697963433434 0.135167089510599 0.324032570654981 0.465267902216518 0.982965243485296 0.137534205854583 0.0944243126098717 0.71161829420813 0.148383657414884 0.450209885670641 0.291890380166537 0.034794706288711 0.409038026351319
