0.258457476443473 0.707289658319138 0.504917210794628 0.633865712542997 0.936381176675573 0.634980148304921 0.382907773713855 0.980861516237539 0.989401657391572 0.787744289919846 0.217486711616961 0.741631937639198 0.465601253550902 0.419009154392278 0.913144568361122 0.999106375735061 0.713432721105351 0.834981033236203 0.453395210689971 0.999930978761501
0.0684335425384061 0.573473184298891 0.205329431606986 0.475779848772705 0.28464507047504 0.12681409637274 0.119162590783464 0.171667721884312 0.150506158869086 0.114374011367163 0.0295828760243463 0.684908880382392 0.0578107528125004 0.085906303251331 0.4055895572323 0.918439229776248 0.449723762997712 0.133115403939798 0.105912461752064 0.982774429908385
0.0488775465476365 0.481215557447968 0.14802486533693 0.407413828275571 0.0115917557425899 0.409199267060566 0.020590258144619 0.0064970283656651 0.26473146148752 0.0451642413968881 0.00603190197776444 0.1507864367105 0.0181783413354648 0.0189563400894472 0.0781757020753604 0.694083463924266 0.321059276771438 0.131846795320397 0.00273339757507972 0.00199218879194472
0.353605530456732 0.756060355499914 0.934075845318873 0.906639678976396 0.769304527218231 0.678170081114029 0.246791287778685 0.976903379227868 0.803058582905286 0.921979537844188 0.902873845767926 0.987838483942788 0.553736602756245 0.292212153603016 0.635084466915514 0.98426177155699 0.611828808333589 0.270798654579912 0.375459962518584 0.975385853183827
0.25675422335495 0.685538516027347 0.762373660308059 0.711915033136679 0.954845138466365 0.208274250818911 0.476872391256616 0.777390694070543 0.949219789984316 0.350108527907138 0.501353025372948 0.992650637587929 0.251002904909455 0.235065790205427 0.511474020172281 0.457837260180035 0.651442499561187 0.62440872536965 0.0667662948585073 7.12597088216672e-05
0.0325939847851282 0.278182776988657 0.0886017731680055 0.561932543597454 0.214921519640039 0.199477070134635 0.065759854022834 0.0111804687024641 0.0169005114058762 0.0152436785992786 0.000867701021293477 0.489129978816438 0.0118816658512054 0.0337267612756418 0.489914149831564 0.502494734774557 0.18684427797208 0.343937561023798 0.128204194559278 0.839168902487877
0.308506699328273 0.691261807254118 0.503374382908019 0.773466752328583 0.851644525595048 0.330866586306373 0.393059529710925 0.65211264045156 0.633834719945119 0.600057248636681 0.206608852518374 0.889608419654901 0.332171213306629 0.140847998552798 0.636781931504782 0.54232017555126 0.739957622647233 0.507002740889788 0.855472300331873 0.998272211001823
0.552619279123264 0.62544954236864 0.877890124016469 0.792939808741546 0.985905902280306 0.785552643622891 0.249527591955691 0.961771789610202 0.975321571670546 0.834572099255498 0.988539643613886 0.995662376895164 0.857002376846188 0.308570579028733 0.942165740698961 0.999990540983476 0.881032297792096 0.816333146085417 0.614374557625294 0.507587889673088
0.126326592149814 0.698349405919542 0.777894637320145 0.504801224901036 0.239997634586973 0.532915170654706 0.142608883292977 0.882783771761531 0.899345054687145 0.251919284402045 0.422856885775096 0.850063827715675 0.105510443215241 0.202845119426672 0.730086886947979 0.973850103696327 0.246463289492054 0.455036890958433 0.142379706384224 0.00120106474815103
0.0941490765203557 0.543534806798813 0.856383326699258 0.568358036570067 0.404102788039016 0.287199431823867 0.0415641477074547 0.273860219721462 0.947260465418271 0.297080825885634 0.328239513836166 0.719741578803234 0.0955308628034054 0.0639392034627788 0.245629138662433 0.997057514487448 0.619227051380973 0.298825944471564 0.139888072534699 0.86439884606976
0.0819283606621212 0.545999616761525 0.314559156045089 0.588965562585205 0.416204766296013 0.572820597964085 0.176213697302599 0.316788666167802 0.0477187960073122 0.372651877653011 0.142581942215453 0.859227671957309 0.137316089645412 0.166860750351687 0.276724639641602 0.484146059928243 0.307653736713029 0.14767206419851 0.00340559676285275 0.759998521575067
0.0558267512674982 0.596135610598819 0.219990483533693 0.537487831816756 0.392132898134706 0.653461259926484 0.0174862527324672 0.0353369816843543 0.0331569676969776 0.163125788086835 0.041295279496288 0.522697351348832 0.0313575104360368 0.0838470315854145 0.523407601305363 0.974233696011748 0.185376294981838 0.311556459449965 0.0409653379298518 0.98238363914859
0.0445238477530564 0.521633976461994 0.527662700153138 0.246381254904781 0.116706432384375 0.187180677763262 0.0829124009621315 0.0453649360433423 0.689535459686684 0.0401077885365439 0.233728100686824 0.0394988239664154 0.0486811408117042 0.0284462724589802 0.291985280444379 0.924077812341868 0.293578926763355 0.476094076276987 0.109172385234935 0.000204986321668261
0.0996296131544302 0.445373130737058 0.513898554067821 0.275387531463792 0.769917145574012 0.215535405681981 0.0382225850269842 0.657107096638742 0.502144321294859 0.0897672106085335 0.420255279519815 0.328216152142364 0.307689289606678 0.0447586754717792 0.845750739037857 0.720289740624005 0.382495510195346 0.308321773102223 2.39657236222982e-05 4.68637750720353e-06
0.122339960018131 0.580735157313926 0.405384740766738 0.602783824734239 0.240948743646966 0.378127446847484 0.0185582620092668 0.196297853483569 0.34489226387823 0.26434045567483 0.290568596132631 0.957900761504797 0.0817071420896125 0.11506966625175 0.562820894025367 0.882292548388564 0.161156698629566 0.22733334575144 0.0759940455018778 0.998403408843093
0.585178095152804 0.617127027330814 0.878990648236531 0.534365822132805 0.8177890653802 0.532791945140987 0.169502490998411 0.951814873444391 0.916421322333806 0.854959237948836 0.750668126702806 0.989575230651945 0.549331466342947 0.296555033749481 0.686750194978109 0.999802110832239 0.36256977937596 0.580436676966551 0.99074500766852 0.998609201051219
0.0470543728021361 0.641098348841271 0.697221136353355 0.742600005822478 0.21385405714692 0.446669477470516 0.0371009633992858 0.345475552556197 0.387659768289084 0.329812222345299 0.218727397722708 0.730726845143847 0.171575546413511 0.0562309679215218 0.475118610355031 0.986575398183797 0.484046621994405 0.795453079439215 0.566866048455805 0.0200516090612915
0.508903009060829 0.623134660281532 0.9256222441916 0.586720708758541 0.995679943092886 0.530886536623502 0.354894282021714 0.977964802945584 0.387479499174092 0.909091462410326 0.992666462314781 0.563634320649036 0.651199460666911 0.14428220921552 0.704256136125971 0.993341956760986 0.565026199860172 0.796321697257602 0.960233769994636 0.999985191675208
0.203504506421809 0.672438955199644 0.23342412692055 0.394599195290565 0.76118195681489 0.73345119705249 0.204200141202164 0.977381103795453 0.287954644643081 0.452567632813595 0.504291364052335 0.99962404592217 0.233625632715542 0.101082865360718 0.51471781420101 0.998197095431682 0.320453521250643 0.579997559076216 0.196458800353341 2.6214914277643e-06
0.223120538889158 0.485950558669238 0.810996333094219 0.403955380475599 0.208577938285521 0.241166733607684 0.109754985159951 0.568717008190558 0.548524405747193 0.307873109974858 0.399168405682737 0.114463730909494 0.242280981287935 0.223763044313831 0.538896398852244 0.149102560415013 0.500366679355772 0.639048626815119 0.00444547064773223 0.42047601821318
0.506091048153984 0.762073099635327 0.971309727476271 0.667200029912826 0.979513376024226 0.0711689915064178 0.33135156395099 0.852581088493106 0.791218945096836 0.825147726168471 0.939616293808307 0.99804723182391 0.669450714556873 0.178286018558993 0.77654024368478 0.997218278869782 0.291041268836972 0.656142311546165 0.646600448422695 0.901308179837624
0.0835515636148235 0.436121138572876 0.473917421049433 0.550901278767092 0.0237815927918499 0.356734651401128 0.0337688932608713 0.161460766188644 0.246646918285419 0.173580067066472 0.0763872146041058 0.907409489938762 0.228210661225502 0.0417756073554563 0.411779344470141 0.690864717704348 0.465798015931933 0.516378841044851 0.0141697210283112 0.960317912574199
0.0808191989922459 0.443173450790928 0.54792786069853 0.490583228513351 0.400381910861229 0.349479069481849 0.0633251419307535 0.00377761982454565 0.0160601409701297 0.0124979014031091 0.307927330051746 0.0284929675673182 0.0452043236828817 0.0355964533942302 0.145358918415489 0.87639211989438 0.666879992798224 0.248716092438595 0.024772922431823 0.0917881600216831
0.417960795917432 0.565265194166439 0.594207930493539 0.315561833038606 0.838189505163078 0.810077877926298 0.146107706737747 0.59347054370499 0.718486578747283 0.417669438206183 0.418421688180821 0.892116863353173 0.468601831824691 0.219427533136723 0.842679484952787 0.94867415771444 0.656380253772696 0.563318015499487 0.886623292200308 1e-06
0.390328171306044 0.743182548158195 0.674369778055054 0.781283697503475 0.97538295220957 0.554735166395102 0.227742487664059 0.442907096883761 0.984724002352767 0.893799004295212 0.939642304500529 0.997048659492237 0.66605268243383 0.356583104965857 0.925781701229465 0.57956018821153 0.254487546274894 0.793623444639042 0.00418698588388239 0.746600201441078
0.0712528101242585 0.507838296059185 0.210001726474616 0.656679053882234 0.329256132294463 0.492596914091689 0.0372255630491885 0.27299804878624 0.926006553486587 0.29005368794176 0.0733085641040629 0.455523005197262 0.123205684178636 0.142209179352806 0.608804926815883 0.918628257490642 0.436185238320807 0.62165621483406 0.6125951581462 0.99998101306591
0.756894605674588 0.842708995251641 0.956353485890213 0.841817422638964 0.996543217247785 0.38487203777517 0.909461192890405 0.994230061820691 0.99183267357827 0.98377417548042 0.995707324500116 0.999866800391466 0.952937541204635 0.623658242634234 0.934140109961907 0.999924930003395 0.719275303017936 0.871488288518262 0.987231671938002 0.978198585889956
0.0714772217215386 0.449236092053582 0.110742713428992 0.383252655626105 0.225460965392687 0.408981109032292 0.0826276769175503 0.0684261967183045 0.11317133117989 0.499344339399321 0.127852753326899 0.615590716690488 0.101480689530669 0.141572125721501 0.51301959300778 0.144130605110046 0.483918251819769 0.51403972615693 0.236605775451596 0.00273298399225349
0.766297432555746 0.819462466985801 0.87288652532831 0.756602205429344 0.955592604343396 0.648698061400882 0.635546433415717 0.987888391460017 0.98075032650991 0.984476704315726 0.903126842962096 0.995734728494672 0.740571770280324 0.483675469236478 0.919336993243068 0.999175143659259 0.473197725031574 0.806970987756755 0.328554769789838 0.793932579273081
0.172943032767208 0.701118856483055 0.614870942363247 0.361363352809706 0.0350241107863622 0.71996137552149 0.0657906739692645 0.0702845610183799 0.781388484230838 0.114937656830511 0.350732814563004 0.91320886268553 0.308687735568732 0.0825141909423528 0.892251888194745 0.694847209650424 0.371618904961594 0.585167467279725 0.406369568106842 0.999995898306718
0.0185759577015956 0.347317281482401 0.109490354324365 0.660238554974796 0.00979482950409201 0.212327557792421 0.0268727658338107 0.0328723715068767 0.0476689332308902 0.00737001477768095 0.0472489014171501 0.122332018164429 0.0161179575606597 0.00881216956196744 0.52787147750454 0.0470073128727756 0.407857581421065 0.407656701621039 0.000484001346393027 0.0149972008157512
0.0167515465243104 0.3439264499974 0.0310541369405985 0.387436532506649 0.00494814744972939 0.686401281564736 0.00686551950403102 0.00109784699066579 0.000311195196505986 0.0023187336724692 0.000280634765116293 0.29229162486257 0.00815419118145854 0.0132631559973913 0.0753434216663665 0.000374830377334123 0.106804195073081 0.0988606179412785 0.00356815131338214 0.997424347645277
0.302722071256317 0.670826350196898 0.420927422622241 0.464209610397865 0.940080450104628 0.194032240894482 0.339007755853246 0.863056980549014 0.170923204210037 0.860525492024318 0.568800506065062 0.919932536595667 0.378109133403912 0.253671356706031 0.634036624073682 0.998308206275583 0.744221652923087 0.679734422919509 0.0162141371866081 0.0281590494900947
0.0612024191220556 0.482868667961955 0.119549546771772 0.491871790916192 0.0423874393204576 0.531638288728203 0.0211000116024543 0.0659415701264153 0.873298645252046 0.0300212097151201 0.00505122680709696 0.944184139335147 0.0963323928250618 0.032123877590774 0.544376350548655 0.898288249849543 0.194112980135008 0.493872634362549 0.00263238770447656 0.572849235867748
0.0202991157169004 0.395552064023979 0.270917796980999 0.64332244967857 0.00503390527179352 0.203526491068036 0.00516346578174735 0.0156302636230695 0.783052606719728 0.0028167835591522 0.000745191205058802 0.547892576091796 0.00568501790266635 0.0187178713533707 0.128194430565425 0.779351906735716 0.140957618483353 0.223136593573938 0.0618263958493625 0.886212700767085
0.228731094268738 0.491228058224178 0.708112850938808 0.492498023248423 0.360606520496925 0.378915875489557 0.245272705429067 0.0125509847802255 0.537965097611037 0.345105392829435 0.32872881578056 0.992533205150831 0.324117949834076 0.146952998226886 0.723685677431587 0.923573464192429 0.404963643039193 0.341875181050143 0.513888632268666 0.969093929878943
0.387968709052046 0.696502394685362 0.735755631734818 0.82866770042911 0.966548577645357 0.77955552778339 0.427350347306197 0.339640600322148 0.373590640579502 0.492512068819743 0.730065407748766 0.95365507339422 0.196905495631031 0.145942821786101 0.928282195144676 0.780794048567954 0.30693979548568 0.793610531326278 0.0756178374715477 0.999707182796585
0.283287292969016 0.657519810479804 0.900872814040465 0.645115521588187 0.989140900846833 0.71422593013488 0.338403905581744 0.837183287679022 0.23102487627412 0.808542438107705 0.845581787661187 0.998951053449322 0.386180255970088 0.401804229966663 0.929171005743078 0.997995691192043 0.5988873861301 0.891265988793146 0.640019861658683 0.999902868819
0.0464342108274609 0.469150172199453 0.41672512137424 0.608878500165611 0.48320755179391 0.357896284187426 0.0653954778435538 0.189310324070679 0.55976512173322 0.0101664068035133 0.00868220450461493 0.973321230883744 0.0681449333902882 0.0486017561219386 0.272226476235316 0.0342827941407183 0.378841942294119 0.480270624209643 0.000696077623904114 0.921090159523392
0.0779607484684501 0.60446017375303 0.0527026245169686 0.624648909386252 0.438097008112354 0.536240936220484 0.0129458777601358 0.806410805042138 0.512430199033146 0.128322569912824 0.0310936181630964 0.997092544307345 0.305057829630463 0.201338702375836 0.310949415907882 0.832790721772815 0.437486594723303 0.44128104746067 0.110204767620657 0.041536268460344
0.520018036275121 0.694136825316588 0.803667179413998 0.53934677848328 0.97723753222884 0.716609511576645 0.342451445040884 0.913071706596914 0.883347779182764 0.962387708330023 0.986749588937669 0.998517197241382 0.65821430570475 0.461143830570999 0.896050512343653 0.99851479645999 0.300391801648479 0.809545147972926 0.136679675090913 0.98210919084896
0.0485721627550834 0.374340288069455 0.28139322082254 0.583673803679022 0.0933567674606609 0.449727896226876 0.00272209115551473 0.124666211799203 0.47914315940048 0.094957987598606 0.0539043275824589 0.212998965048331 0.0310695209734623 0.0229155838483831 0.289815147355828 0.0163735168458134 0.298196072152701 0.353467359115866 6.24003348369424e-06 0.999204857034906
0.203047967529409 0.691027004520435 0.713764543715005 0.653111673743911 0.97229897238683 0.598253522633581 0.185587980693951 0.461667660149575 0.996385897960417 0.782001354127019 0.264399162775676 0.997998206553102 0.125035130241663 0.171760884616335 0.639592926842818 0.621006006530105 0.493672972583361 0.635582183896979 0.53506337608527 0.963223976043386
0.161091521196696 0.495355851360428 0.320168340615694 0.687009869649877 0.70994475930593 0.426460691143827 0.0322776171909073 0.0165052963436969 0.158222338287895 0.389155769352301 0.490232794490128 0.818474603119522 0.198671941558692 0.124910357574565 0.349999354802874 0.208075339290221 0.530870636486664 0.324414659321956 0.583548225666284 0.986475903727258
0.0494532757953356 0.543824933607737 0.0835564937524385 0.323806636305016 0.0229382985537167 0.228005294932997 0.0356686970039059 0.603892346050076 0.346879840430441 0.0343622582773582 0.0211325651244013 0.83058908044185 0.110647973229006 0.0965597024237055 0.196059879630545 0.628309027191428 0.631560722228251 0.420022028119046 0.401468596071474 0.995202536946479
0.630127014107913 0.747261430994832 0.806806649649271 0.791806253261799 0.993715757661713 0.457084989848676 0.650806382835789 0.996506807894192 0.976967191838626 0.941727470481024 0.991744874269615 0.874086087941597 0.918929020884813 0.333353729633622 0.987488537458461 0.983732196788556 0.691111173358017 0.786438323111679 0.999959378100246 0.563148465627762
0.137730820572605 0.495591942629221 0.612940690947933 0.555818129486417 0.832275081481879 0.331121511707663 0.020614670547889 0.142474867165493 0.165539864949909 0.20929507294853 0.638214926800787 0.941845764091294 0.172711778185214 0.160941211023113 0.781523670307393 0.987106711550309 0.307574306225825 0.781457403562412 0.0327878716637475 0.535527999202331
0.0161850437863489 0.485237568428893 0.108520205105807 0.273455892939367 0.0120206657035157 0.203899838450126 0.109017978961016 0.00271840873626558 0.042748787682964 0.0038696738566025 0.00107276362490563 0.763846376098828 0.0452261802216678 0.00937384080925924 0.300766898055253 0.476427484318276 0.436115369251233 0.137917298960963 0.00044888057719854 0.495338918614809
0.369202480115257 0.500800559809508 0.694928658262827 0.71012788088148 0.974539677598326 0.457205726671004 0.207665994186255 0.119226865636845 0.0891675768599314 0.515617613659962 0.188000934502914 0.984357129771843 0.0864473732334486 0.0989581873616179 0.807137002981733 0.933163703935466 0.385492427605479 0.467241591501768 0.000352487824119489 0.000307820515261799
0.588081905637314 0.544181011548881 0.770683550833846 0.614408320211935 0.764548236371121 0.536793087640515 0.186881890653566 0.542750633904203 0.861556859846175 0.96419370317274 0.641493346378087 0.993257580658714 0.579369169652829 0.448562769501806 0.901208654411882 0.035522478003318 0.619195703797186 0.742383848232172 0.21742109595238 0.998877689237448
0.294994068177281 0.746523865977526 0.907606865256379 0.625710235279601 0.690566414383112 0.415518472571537 0.182938889922977 0.191567802511377 0.110929653145817 0.665932521439003 0.954454959304641 0.962913902277846 0.334730395642883 0.287809738049799 0.608785702630773 0.983099580837728 0.598577320385206 0.527589996163989 0.143576448131968 0.998088678268799
0.154408786059543 0.623500817594229 0.82960188475822 0.720733749359704 0.709511801973702 0.903331268839798 0.14031560285635 0.797646737898656 0.573217795004963 0.425580749794694 0.546118595783922 0.973820746369344 0.180723101467769 0.121435673146065 0.858049730044694 0.934476830857147 0.550540701729865 0.512036582828869 0.0157969708580559 0.0159473407684963
0.0440949374215608 0.51295622527327 0.242879933644746 0.544347858073128 0.224636583788446 0.165689497678163 0.188816749937952 0.348464409694175 0.668286072489026 0.28460018222983 0.134376407604459 0.916786671862325 0.0594338340642669 0.154412858331167 0.427697168989602 0.178359192734524 0.306953532735534 0.360535669027546 0.439162995465928 0.000859289551778248
0.0755722063433677 0.43412279971739 0.470546667058099 0.444243773505028 0.516385080833874 0.229501297875746 0.0637095679524121 0.120866064714838 0.0737635078811738 0.163942653195954 0.0199481706708712 0.536434842720996 0.122186778826208 0.127009434039614 0.48519424948184 0.0175011158965675 0.625872331800628 0.590236855470855 0.212260771307709 0.000969219942870311
0.00373402055736977 0.397797138694203 0.151476325145912 0.575674108399936 0.0105221313451689 0.413427316244349 0.0207945949119381 0.0713760158901514 0.0441116561484769 0.0108276997991055 0.000478187547663469 0.120104559234333 0.00566673534140895 0.0156977140486976 0.194220479851688 0.00313986658846356 0.313596423105094 0.447843124382982 0.000159530419948444 0.246253117116728
0.277465852463743 0.663864551555197 0.53891249399117 0.756457327197539 0.700496467673368 0.394940189923409 0.427477599585349 0.99047807078574 0.0575693167928613 0.753832958582548 0.595000523618871 0.990953629043634 0.644983818775366 0.254830127106624 0.941213770453704 0.992734373180354 0.573719422892089 0.546877785975401 0.742889427629967 0.019881947602555
0.299239191401701 0.601322863790789 0.711250708840667 0.648392494596352 0.817991273121037 0.76743668778615 0.459766757184262 0.492782475676871 0.812329336375216 0.607160565626737 0.134868385696579 0.98560932304316 0.272180374815711 0.287907174510064 0.882877166060203 0.70075335258079 0.592812448200091 0.577392824074137 0.0239312960723166 0.0408835605451683
0.0300862390832246 0.474484530370498 0.278923856244025 0.509841640067831 0.221765712857081 0.438092321705866 0.106998417733106 0.0288649161315849 0.00719320237056944 0.0236126523325971 0.0101661707161117 0.286397349408535 0.0281322635832675 0.0230100145503154 0.333962108466757 0.940914075225817 0.531263495723403 0.107412564426315 0.0655523688029655 0.00372648704951674
0.0746990299796561 0.452316393605671 0.59935292947509 0.79125145361781 0.377755344057633 0.275605471577226 0.462212646439991 0.165820617368738 0.0908144602923773 0.100591860497364 0.0660003609199791 0.292876695783947 0.0981383981366899 0.0635600927345683 0.186302475145063 0.986726596353958 0.731092321942279 0.377314095245015 0.00135672294468651 0.838706464823185
0.418754773687137 0.660331234057398 0.940473909382332 0.747532771883458 0.930189823319152 0.748418438692626 0.387300723870116 0.874087594182685 0.997482197680364 0.979235803332784 0.997494959947147 0.998348677192661 0.795444942155077 0.440712007560974 0.951309423937328 0.995504225395472 0.603971923508608 0.839381783092606 0.893733969181123 0.000186395962146201
0.0375037578876531 0.665940955411617 0.029681083022696 0.812922153973018 0.716753089676668 0.217274016903611 0.0180480220737218 0.408783386537225 0.296176219339974 0.0834498594057053 0.239736999455994 0.87693544574242 0.0855499217989953 0.0339352623020419 0.356173414713839 0.586015794345254 0.437232627632617 0.271144928760135 0.183037281973479 3.31216183408253e-06
0.0878291779702965 0.505861107074666 0.47345691732991 0.529542055001728 0.224849360396152 0.148251921259899 0.027520054752817 0.296119811529086 0.149410565927073 0.0802935846686303 0.225343947102703 0.939770315129896 0.0995119250402549 0.0396623102413936 0.375580137845385 0.834648718646125 0.505137430823292 0.321555110079904 0.617725382249508 1e-06
0.174997760176408 0.451715947502009 0.286488311838343 0.670842793990237 0.488623736007464 0.180764911126272 0.314061386325706 0.123791232677008 0.16299524568935 0.439639546290306 0.260241157106565 0.71503983075442 0.389163936862571 0.0917430219348435 0.277086911168873 0.990882207563661 0.353154235504772 0.376471172819171 0.000181619042703244 1.58032621304847e-06
0.121874220754365 0.605545657932621 0.577814254181714 0.585613478827285 0.0625826161494136 0.596915385126214 0.341781271802131 0.375079439401996 0.0638456676878348 0.0663635877891087 0.44764163544002 0.988026209879306 0.218596967128111 0.0936566779389103 0.521772427612108 0.987839914928811 0.509592270071363 0.438776291190991 0.945966095616195 1.06015823130881e-05
0.0420958467246429 0.410912814783032 0.430301193503837 0.482891492359865 0.512418416116964 0.356210197651227 0.093427407501715 0.178471955430792 0.0138902880813143 0.0147801539708845 0.0189576372305277 0.286998243678524 0.0910269303868124 0.0806210707418918 0.256702620876386 0.054787049663076 0.566656656349711 0.507445927535132 0.000816423920946965 0.9988480314433
0.0690801545518174 0.544705682956571 0.393774036768089 0.71692155161542 0.18915321616272 0.215891548013491 0.0320997730266334 0.127112725729442 0.970516739627804 0.111932403286424 0.198304338845862 0.527136635031948 0.197479735188088 0.0339299200204253 0.619409001965672 0.738753034445643 0.393656397207725 0.362834434928504 0.00015716237011551 0.00680502787272317
0.0581540177090877 0.586530444418528 0.742567325174977 0.67528686232039 0.881179760043252 0.362101294645823 0.0496803705566741 0.14282378479794 0.958382327558177 0.529483795893419 0.32078478359391 0.581568111971209 0.243025600103292 0.105957419236792 0.58247093342327 0.968024938906834 0.450420337014065 0.418239407475322 0.00363997902063974 0.000152118801532959
0.74464342771766 0.742058152634197 0.6356049619359 0.493898415405169 0.984030379959141 0.632194819502386 0.234331297940123 0.96987179856338 0.736136539760251 0.947491820131026 0.994203569030096 0.98145084999652 0.866229386162122 0.227637345679866 0.968852926689538 0.999490715499728 0.718132208785898 0.667677248280621 0.984776015352344 0.999999
0.038840300710896 0.318114520948419 0.403165035184275 0.854333401197809 0.0667689478712205 0.0718814793913859 0.0426301618658137 0.00712090610167076 0.152770965011111 0.0136128530131316 0.00707019744321114 0.164860412493275 0.0220123974484571 0.0204342669961807 0.134586274860773 0.648597312522136 0.175125902892655 0.256017561087418 2.41714736228719e-05 0.0246023525855388
0.252911054815809 0.59855466136671 0.625269942047923 0.759617251712612 0.894866501561033 0.493143416760592 0.022792508837087 0.197704464467356 0.227886098909343 0.431312035106687 0.0298226686723906 0.993181534485933 0.267995502137601 0.0578749101291154 0.928593116442681 0.904903595870312 0.699719566032053 0.350245873201196 0.00546458702772878 0.0242668472548726
0.0523049610303969 0.464126137587745 0.812492072010683 0.431174217767248 0.0979046552902004 0.837398164657306 0.10515432810039 0.136424318024453 0.213470847174271 0.330704632717937 0.254234140889697 0.417297959118047 0.138340957686735 0.0764576916339004 0.476736510095287 0.4105840275965 0.225894679487901 0.450647965926007 0.615822985686715 0.352375174267857
0.107489513698766 0.614382062301278 0.0681213487003793 0.621705240801752 0.325314781274366 0.330626845984405 0.0475797130899778 0.268492867778689 0.971119673222511 0.283787882900702 0.432571103393819 0.920633335748435 0.18753735519287 0.048147013252189 0.511594431718961 0.157563601809658 0.342957900086962 0.466436632725117 0.00849808531279944 0.114683951330415
0.161068000135691 0.549093055054573 0.139647690248809 0.397603389202793 0.80874410204684 0.241579031027452 0.0687998807707785 0.311516342474685 0.00977265086677428 0.219963749743455 0.179243052929965 0.933468212900118 0.341575769263271 0.0653053046609403 0.566160279903603 0.983262641592746 0.537146811897885 0.273854923350651 0.00125370791064874 3.82109753290598e-05
0.13048255624642 0.593357219250042 0.205964998968345 0.747903466121904 0.618961162083214 0.585263927502764 0.0719134767718468 0.0891531449758156 0.891345777569741 0.0284844742171071 0.208798044757447 0.910203883328026 0.0975581746149723 0.0823905851055961 0.509441589233843 0.874929568530134 0.427729548663928 0.38658030942576 0.144290272567788 1e-06
0.315990769135118 0.691096677196199 0.846073770801939 0.462572154645313 0.549391812724213 0.553423319041179 0.343716695553828 0.730484228290336 0.18924252722377 0.927644951272997 0.873851847010514 0.966228030175226 0.420894349725923 0.200172144437517 0.635990176110901 0.994308604140702 0.679616706135462 0.665237565167838 0.0287933912090539 0.0313638010401078
0.399926868071424 0.680965243415034 0.899617467700429 0.726744309970802 0.941198667640124 0.904835846427633 0.754448600264277 0.977898577778415 0.929221751835807 0.871565449482171 0.950923500555174 0.823342953062123 0.433511437413072 0.232507182474324 0.784881212518419 0.997548591029497 0.330718199987464 0.625127863987193 0.983417634761642 0.997317238162243
0.0606961312499635 0.483059781899526 0.479718738614053 0.271094822832736 0.0519266523944703 0.923132508545269 0.0537781366074918 0.0133224526120923 0.0130198174071736 0.0238285937946707 0.0378820970911503 0.903012878179545 0.0187403726110886 0.029960578347409 0.298877119321281 0.243425520082602 0.275201878109764 0.40670097791464 0.00523333528286382 0.00588179217715214
0.0813533598838176 0.509904657462049 0.460968655226314 0.634878027959276 0.00501522666199263 0.16980674997392 0.00623592979000915 0.144678562841379 0.131202403402674 0.0256229725411846 0.0450213064430135 0.980246844833752 0.105377448711966 0.0393427516079555 0.188506849120412 0.706084013167267 0.402736635099853 0.220980555512977 0.000823115083223886 3.97650343535256e-05
0.317195943123782 0.624104505153395 0.630823690571039 0.800261341149005 0.219472532763889 0.231541215018163 0.399008469708361 0.838301322829185 0.636841972153816 0.780959801354836 0.649668131361694 0.994217170634789 0.29496828967678 0.0473233066016159 0.846723937390782 0.997085078844837 0.554605511800233 0.77351828680498 0.000807009676263203 0.999990919512211
0.0332205397688122 0.514844120575461 0.0862476984519841 0.349163150024033 0.221496836470815 0.210266397735617 0.0246800369971064 0.0341686942806301 0.0301354214925754 0.135008629858894 0.00314842764927995 0.486852351670206 0.045872853728184 0.0772316670281762 0.101485399990008 0.737146765644731 0.329062395683407 0.388936296530066 0.263557920181118 6.93217921691601e-05
0.0841021502039131 0.549078391631839 0.248058967379879 0.720098389566889 0.689397337715333 0.180127627221327 0.16828847397969 0.610894451856119 0.788165620179259 0.0589436986100788 0.386024197293099 0.862798535332928 0.193345180225181 0.102605707910385 0.311644426918706 0.991578475546521 0.729452600510092 0.556184672513061 0.00120453729034191 0.0218659683216848
0.104367679346415 0.558314182264818 0.41347806683052 0.761940138283126 0.2053558538632 0.351982942089763 0.018807894981945 0.0789916027687296 0.154939098662551 0.156878743189102 0.0266856956315856 0.244847107623331 0.298280632121064 0.0529247661444603 0.130846273860267 0.725864964991884 0.452591430361651 0.360650974992877 0.414413789211616 0.225980823291747
0.190620074975567 0.565978003323423 0.654048985630512 0.436817429069518 0.185786831323679 0.136455130879162 0.016382219814545 0.290642189664873 0.976037718871775 0.309786284183499 0.0634365062430337 0.12145617491694 0.0485112098495422 0.13152748960003 0.593872186158084 0.790441384985384 0.220563850990488 0.466254199687458 0.315848035170789 0.999996055853938
0.255127691316453 0.552984749480074 0.248181597232351 0.854872750126229 0.886786342262051 0.376211325729714 0.343637458265806 0.905617099702179 0.785242714889864 0.64155255277798 0.578033010896427 0.601859082245967 0.383755015016913 0.127122186056192 0.249720719119254 0.940772872793432 0.684629449888735 0.597156087058666 0.443463386105805 0.227359154220967
0.101747038719467 0.502511686879259 0.527584746630427 0.645832969414946 0.169477207762298 0.197337701675104 0.138705700851844 0.25651123471192 0.00756442211227412 0.036555797992648 0.0792293608494752 0.870585661474728 0.0408287526821846 0.0441015355206667 0.334228670359879 0.665432177835897 0.3668586356515 0.251590409623196 0.205567286187779 6.81102264074053e-06
0.0463539122395831 0.509764822583129 0.0457659698828224 0.606651482252498 0.225847203249056 0.403596763990056 0.0695930547619052 0.039446239575085 0.167594232289744 0.0666460284651643 0.227702418494982 0.890297760192936 0.0607190403468328 0.0707946067416662 0.111532367366198 0.0203002252288089 0.27946339928775 0.536593369574145 0.0904550876871153 1.65951012933931e-06
0.753269942022566 0.740105233979962 0.724761417487837 0.74147559057319 0.613352393609263 0.803994141305375 0.11047037892286 0.883481077429994 0.991380906374035 0.611698134318184 0.624509197288368 0.998882565739124 0.585221271799566 0.237100996669159 0.866217577052208 0.962445580354068 0.368557009954057 0.685126911105959 0.000905958203241886 0.999396212352452
0.249474219041697 0.685360168786363 0.688060078613948 0.276608851230903 0.988986695396297 0.626543059140063 0.853424094211829 0.794187643664833 0.835926571799851 0.819208128978036 0.867038064105403 0.72943567082632 0.520974702733864 0.292365368800246 0.751170514236111 0.997420396112425 0.448004575032619 0.640944985344586 0.968063301243755 0.986430653849542
0.034398195602702 0.587724008856457 0.282302678273606 0.434654899970012 0.221322632684773 0.296863270806986 0.0243269989805654 0.0413676253979799 0.140683034082061 0.0949112593655833 0.0857561899806654 0.944818683066508 0.0719795240291646 0.034934958548285 0.345239820039063 0.942329675376606 0.399743746622108 0.426328145862087 0.226883773161919 0.398338195364302
0.12149548539148 0.66283802103385 0.233277564123955 0.596234801312171 0.862427380238585 0.455263161548069 0.151469793428639 0.73693129685142 0.0193192886906332 0.375560041465009 0.478448189798121 0.981672682931968 0.206940577818757 0.126706566588205 0.438927252868086 0.99618987469912 0.774923123891349 0.468912992197046 0.584193980132913 0.998024596198383
0.181060285005216 0.634437523854254 0.651857876946612 0.735647101030958 0.745889338441609 0.315357370516624 0.454676523865882 0.954745628726452 0.956438032799515 0.807623348325606 0.532482120285448 0.525359207651551 0.385023384287844 0.279753513106811 0.877974275457379 0.994655910661268 0.256990370929127 0.498926344928069 0.954912322684407 0.000224207275032905
0.832224412698305 0.816692092810654 0.674837342686858 0.846579772257087 0.995587663545261 0.849373645039525 0.597037686530929 0.989172379042134 0.998911376762428 0.989084047363033 0.989213615236534 0.972775232813623 0.92811616498073 0.744985586099772 0.971453798615741 0.996224283294007 0.797465762157647 0.951685542693823 0.993302263885399 0.999443033566023
0.173185484578376 0.716275337992396 0.892033008578486 0.554621400768152 0.841972875956213 0.29041680753903 0.0996889909123826 0.832223767785598 0.931413074364474 0.473470194863055 0.842387971740499 0.990343631041201 0.30115562167208 0.18994961565817 0.789102313931107 0.998742161024197 0.338855426610997 0.59823548252359 0.0616613188490208 0.106604868223354
0.320005636952357 0.651191120465859 0.929437728803303 0.791419109577983 0.914075510883174 0.215049353628942 0.248683728708206 0.158399915016464 0.912056888138055 0.878172433407104 0.782187236059445 0.868635886815191 0.323641803909614 0.222266848195177 0.360848477102138 0.995481089772343 0.248144923147169 0.536053352062682 0.586709663999124 0.33110645695242
0.063661232668922 0.548291786687249 0.377445591051029 0.648188565053475 0.831840891637261 0.152021357764724 0.136274161432257 0.103968863194022 0.251923524803618 0.117458191724508 0.019146102124382 0.376080264119783 0.0635387287584652 0.033350593327138 0.645000291229056 0.288143880596133 0.225720224184727 0.450616856479464 0.0376536001958002 0.999999
0.18942134662909 0.782168512961775 0.73964758562947 0.598555499372842 0.734898399345014 0.635144731430594 0.215990949588918 0.937841753054387 0.963730846195012 0.848875592319343 0.563385288777185 0.977430398050611 0.577647783356226 0.274879009148609 0.691173768795026 0.84616466532347 0.698701054220298 0.689196529835741 0.701747879099162 0.99336509665735
0.0834596849975232 0.51895553832874 0.165531834218129 0.689237869166036 0.189738121955778 0.478516481146214 0.0255325000069944 0.120085193310439 0.064025127371581 0.0162009520824793 0.0505090711574581 0.949835198151539 0.109437824604602 0.0299722130451712 0.136811733043251 0.00734067334321175 0.450424233356975 0.336882221861975 0.520706387287915 1e-06
0.107142798230598 0.610927686673338 0.546826232684029 0.650483108596179 0.563202947480647 0.20304479738001 0.107411775395305 0.114612883321624 0.996962792351292 0.143876729113709 0.248545699697733 0.881050246382796 0.04845629337436 0.0880607480744509 0.720951591864469 0.909536727890523 0.563931363334148 0.572912568198082 0.628874220584144 1e-06
0.0261710964340415 0.537964807896502 0.128471701556451 0.502557473564397 0.00672897124642017 0.0834071403333544 0.00406096620120873 0.00488987424188061 0.0402677490108966 0.0506294326723884 0.0219968824354863 0.0477291772630811 0.0094544344931781 0.0133365228443147 0.205118471319229 0.866365399407214 0.131407341478969 0.0998877520066501 0.291981142552495 0.00935545570939328
0.059408823211378 0.485181256277562 0.0982660767304051 0.635816177159812 0.100931530809261 0.48671905779065 0.0468044490283388 0.0180564197121931 0.136744756431364 0.00933632901636787 0.0228176592359461 0.115176106674627 0.0306629714278434 0.0172339744971907 0.229620526186527 0.238957425388683 0.205860649033299 0.407742285056576 0.00465509871295487 0.317046367130966
0.569572399283318 0.741729737820836 0.934138960697878 0.440542273397408 0.88983127018223 0.811645150680709 0.253636919141575 0.994515962458754 0.921129989970681 0.789542141485289 0.990476405494497 0.99521744188503 0.678174572620242 0.47695395731958 0.985691812458443 0.998297362478365 0.424701887242225 0.844296860258515 0.967627847809878 0.00704063646825291
0.134975528508409 0.42518837872605 0.394766091694586 0.390180058272791 0.173534605054931 0.165526827392023 0.00393959141678096 0.00148852565048331 0.691743506162585 0.042273907589566 0.0060873653939288 0.313048314469588 0.0327651941520832 0.0178951688816218 0.276674627411953 0.712759362912403 0.454743768777724 0.189120842996295 5.73554772695333e-05 3.31841589209581e-05
0.442012802269382 0.753079896531104 0.946287541223519 0.726696155481971 0.976782264205305 0.376397510157077 0.931122964439667 0.911248025700324 0.735555940951131 0.950285231442366 0.972184566743104 0.99891958631317 0.867353263083521 0.281067707389147 0.95410773065496 0.986693982087266 0.763226713543053 0.900368604522033 0.989015419348706 0.150440944078325
0.217873708049461 0.504449708546678 0.415539852479152 0.575379659443438 0.900298932507542 0.384887633257072 0.131748183079065 0.825983874763402 0.811897313335518 0.716621562215974 0.282409159100604 0.310831682951474 0.359083464180643 0.133271182429038 0.350291816951767 0.969614344332526 0.602807477280303 0.462301992380711 0.0694312576411494 0.12200375201244
0.0786563056905761 0.479072269166755 0.235078690085649 0.293397778735841 0.0218801756554516 0.101262116522684 0.0520134730936395 0.0599824546291742 0.0133943623435228 0.10325125493397 0.211294204910935 0.991393898507712 0.12623332820727 0.040375358098615 0.445781415639532 0.183208071053329 0.347123385014876 0.541864515672985 0.795433984674139 0.0353643107263399
0.0289250823203762 0.501619723650056 0.419386555304718 0.463775179514604 0.289159388011036 0.426263486898523 0.00320372362132928 0.00283244685611453 0.267814539622975 0.00481269667175407 0.0079811812721453 0.753717026621635 0.0232150306354771 0.0309150611544598 0.447874221198115 0.202935400864349 0.282119145957841 0.503669833497295 0.010136020800549 0.756072673926302
0.17339760244827 0.597788819450649 0.21111093489111 0.494517254212384 0.840422344784704 0.236705206654825 0.132228878679198 0.0536398655616085 0.131030822356753 0.449797788470747 0.275203305353258 0.290890157100302 0.356452600601342 0.127577242483038 0.81248893309423 0.930339877941639 0.487249805278886 0.55309372947627 0.00426697885543215 0.00546065216852482
0.345019728719774 0.729981896905119 0.802637331191346 0.538222422329792 0.735247935738545 0.828494303469121 0.325055069443534 0.773951755640686 0.953091127670772 0.643894499349114 0.789466007880479 0.92025678094862 0.228738443688982 0.232156558261253 0.546263181533634 0.734052920658086 0.684852442803244 0.780087843665404 0.95420825110329 0.999785307685119
0.281811353054555 0.576519009494053 0.503950400898402 0.597205358426297 0.28594615705162 0.187079815242341 0.0942896471343386 0.898808489869783 0.987583858382447 0.847284505568428 0.210416532752051 0.97552585590584 0.251959356352521 0.265608387980398 0.932453311338401 0.979581124087969 0.403925934516714 0.494840053245851 0.926415979190035 0.605155859006855
0.231870206310661 0.591290023350496 0.200100970757446 0.688177976965536 0.709732982566429 0.716228560536276 0.46416916908992 0.545575079726417 0.452131406806807 0.663694802118486 0.67683767322318 0.967923358254887 0.473321533260149 0.128318256350625 0.713772557745128 0.118606398366006 0.333654010253624 0.38421705458058 0.977780615430655 0.0735149060193421
0.283848577997855 0.603487552276878 0.375779342370955 0.558236137293471 0.414397872737717 0.387791787600312 0.257953438848621 0.509336595011164 0.257905028499588 0.102107159260695 0.432158884652195 0.951299792898809 0.111356431206377 0.0708913745707857 0.340264643806546 0.997731685749912 0.677939506197506 0.354491887411012 0.970127595980624 0.223961901239575
0.273049737274357 0.644868303615138 0.93564723186932 0.690769138990882 0.365273481901844 0.742463611557659 0.171702584677189 0.863454977490216 0.778291948481839 0.67702958315893 0.178309438657515 0.962847567284203 0.158849548187466 0.081988900119527 0.42127166211685 0.999460929813613 0.699814674227245 0.31907430924109 0.012033678583054 4.31543368953058e-06
0.0416842274218448 0.528005265062448 0.106956750500739 0.560014858431698 0.00965146030057495 0.360781384644445 0.271110005953033 0.566403690833125 0.925098449169891 0.179507103331263 0.0156285975231688 0.762109431596435 0.0430752948225739 0.0245874422614539 0.104198533824048 0.931811600404866 0.287670116561341 0.355698199952864 0.0153128849685865 0.0037539617317985
0.106234992924305 0.622676912867439 0.682205291686446 0.603525214101792 0.937974019411439 0.657577671913993 0.198833943027432 0.870534046333107 0.0419870270061966 0.161621583749414 0.139339232069362 0.944825286711924 0.183793419269338 0.110075003246462 0.723197780756833 0.658705388248719 0.517811243610103 0.470927726428048 0.00679039330334141 0.555625104988079
0.186848077602978 0.598895823378528 0.0649579256292977 0.539065640879078 0.709516135519431 0.275005218728128 0.152244495622081 0.131407103301956 0.366029943162121 0.214800282015123 0.34221094710652 0.726713635925024 0.229748007593582 0.207509125305155 0.661615666515105 0.931312716198687 0.453124491875143 0.490897825059672 0.000545520020497524 0.999666805327194
0.221956995424698 0.62472409856645 0.449713413319163 0.460764072248469 0.240354306470224 0.219832934840113 0.012029324766971 0.0762722203051431 0.0447014402592476 0.307835410012113 0.0305428473268634 0.801457090711277 0.154519719545968 0.0375996999095429 0.823717209128443 0.896850262153768 0.0987158660187313 0.526775863888777 0.189531658727759 1.79787909742599e-05
0.454087834166984 0.801330115393036 0.92896007941913 0.534076517218585 0.902011830590666 0.395403241316739 0.528775409264747 0.952447170681056 0.590395100880482 0.885237726195688 0.949731387569192 0.965735205895637 0.558877737114058 0.425976330026854 0.838287622220217 0.999497520316523 0.706279505842138 0.827110223990551 0.959667539803451 0.999840881385587
0.622106975778348 0.759019663097943 0.328117178689719 0.779890953165634 0.975159988170711 0.238351160596524 0.358657153062638 0.957547662705592 0.59107252964101 0.952785340585076 0.995881673558948 0.98099770479596 0.751354566706752 0.501769201021062 0.972978635026473 0.942181637503854 0.655562959711287 0.827370857502053 0.999487557959108 0.999999
0.0972639258845442 0.499202546007125 0.376434636492482 0.593518912629535 0.169916120344888 0.408366383618871 0.0384045172433777 0.0941121740632895 0.0499358396306441 0.0572115850578688 0.0997688186901619 0.298126460557284 0.0692382124405477 0.0446862423723906 0.302688857402667 0.893395875677256 0.332610681836976 0.381981144183164 0.00951290552516836 0.125799117114417
0.177670440614802 0.463929248791376 0.722339046631994 0.728144251485588 0.95269867518654 0.846835440619054 0.208923368734333 0.14311438837544 0.588884045205256 0.20654237554958 0.0631873724542021 0.891330207309264 0.106646519380761 0.0559030338693054 0.375203323637974 0.79962072204272 0.472938701029563 0.344640503524502 0.879621383944918 0.978347004684472
0.747850750200111 0.739002276656672 0.948995201348873 0.842843133186815 0.994674144613237 0.887724588891581 0.635908064744308 0.98936355980292 0.958543236901456 0.968617498252484 0.986420872251171 0.980210348320533 0.669265676349086 0.662219661429509 0.943053173475016 0.998881062336783 0.903150448231159 0.716139535316865 0.710048575158479 0.0206685343161016
0.110249640910211 0.577093065279437 0.124222940886852 0.74856350904333 0.321580894743951 0.226509705455706 0.0681701951571465 0.459611776221174 0.96175149748565 0.521660392981516 0.18037870471067 0.797358510349613 0.15379460961262 0.32326133037101 0.689267565049421 0.912783840965276 0.428121438036753 0.777902191203006 0.0194283439403644 0.949148072570002
0.213047715205099 0.562320457025253 0.351674568125903 0.76956085493584 0.43977502876943 0.161569839126877 0.358324968348866 0.762372460601118 0.900133018182436 0.189629053848643 0.747556630388879 0.947881949511802 0.160229633877596 0.106167804658709 0.835517484121102 0.610325511511217 0.64884322460601 0.640919171336879 0.00406100060356761 0.993234284805027
0.0772241046956776 0.502711928727488 0.459586354176234 0.712982681406908 0.243608295328813 0.297168700091975 0.00779299050274257 0.280589603763814 0.273522220409871 0.096414780825303 0.0772019100588093 0.98292760289356 0.082885954504761 0.066625324109143 0.659116487742261 0.727740085829454 0.549346079297359 0.298014665483578 5.07657694677107e-05 0.0161189356735562
0.350892275386354 0.624881887171314 0.393222620852502 0.515490423382559 0.745044182167202 0.468302013116337 0.027366202735638 0.664221753842397 0.50469240580567 0.282821468860838 0.110431950513885 0.641922182856671 0.169907485604357 0.0882608092259894 0.477398558524464 0.995832835100742 0.485290873225199 0.478291874531974 0.955655671861478 0.999954194095688
0.10442192192894 0.616661196937298 0.103226619158103 0.585479692729106 0.769018554428483 0.156389717588356 0.219620034233676 0.356809005894117 0.809628666328612 0.365234301338185 0.720614203160368 0.99741343120427 0.360577347537658 0.0854130646213461 0.522668450227796 0.185521294815945 0.825498892571697 0.655909909822595 0.0714497011417801 0.999956327045106
0.378474692725557 0.757048967967378 0.860718889214323 0.828293206783991 0.860120026518424 0.683196813006055 0.461474328835196 0.943242890026692 0.195474138051921 0.605247226683744 0.902328452159428 0.999893415272099 0.54998993331367 0.357772797030381 0.83613320449152 0.999429953834137 0.719195787263621 0.385515706396601 0.073280752613294 0.00108264101554097
0.0789764008449657 0.533116613256037 0.357826916737873 0.875127892624534 0.265790529312342 0.0857379130932356 0.0110027568792679 0.0487497841952762 0.0573211702608681 0.189487274147511 0.153518691798103 0.914009761560128 0.0496328891835693 0.0926142799757544 0.187960835177821 0.00475972307602941 0.4880363249397 0.424774109491129 0.00264472219378549 0.000654950348375073
0.128268688008085 0.584832741158907 0.302675624978799 0.820670805595416 0.865788051548138 0.870191226971975 0.0732545636661376 0.0358753612438366 0.0319334005506815 0.151417417146496 0.0493893568433327 0.931757221838505 0.286805941775981 0.0460827087215467 0.217424971011326 0.785200599139837 0.433984721094273 0.443430268030967 0.845102932313014 0.997412645531511
0.713713995176494 0.789881030920292 0.804911729132133 0.738816833329446 0.984137477251777 0.710545793309513 0.336592828678795 0.981106872371338 0.997365338732019 0.85825132894791 0.88860951860649 0.999653856792792 0.783163365861645 0.445034256354813 0.783529675219831 0.989687284302631 0.871096677131261 0.753991196140521 0.0142141755724575 0.00985341054806215
0.276901642155369 0.682346379142248 0.488163502514227 0.492211820892041 0.768843829464645 0.230543876492304 0.402515990043757 0.0975782111156451 0.848868660746171 0.330483764221056 0.0994207730393703 0.910307546430908 0.508380487421378 0.0489746059115269 0.219110669023004 0.629080768841306 0.559985906097571 0.325616731485735 0.00423165385487732 0.991818000499086
0.0409450841975951 0.374936841765906 0.146607847318628 0.634077089663717 0.0517755806661671 0.581844566056828 0.00411865860855815 0.0201392154353122 0.184828134334587 0.00984580706670404 0.00795624410836261 0.0463679802299155 0.00613127823710435 0.0237321708021655 0.0633371480233443 0.977301354800128 0.269442890584263 0.133140137129979 0.0165641874242999 0.990709050970437
0.437880888338772 0.680000396294531 0.90318620280592 0.534790313667239 0.930621561064949 0.328391276851311 0.236788669366466 0.98890980504144 0.836025960565133 0.765784478888963 0.937197672176553 0.958988333143776 0.570903942497292 0.429968614902113 0.848299809476212 0.998999818788932 0.597523806361946 0.708065295068005 0.295774728310703 0.985566287735037
0.888731894595532 0.8125341638821 0.923665272678068 0.787436557431668 0.999915903101008 0.519072158067523 0.884650173782932 0.999580945936911 0.999146781346397 0.991813849343255 0.985519803921945 0.999024883808619 0.909409489338701 0.607035274052093 0.918583145179673 0.997503673241703 0.889252904903626 0.826697108570431 0.999407803171665 0.996778275301573
0.25029911309328 0.515566380939168 0.282656629733051 0.356307054888987 0.252364602136672 0.416988632156685 0.0259584556590174 0.196794651556128 0.0396423404396669 0.170761987533148 0.191891020858169 0.82667166227399 0.101080054060591 0.118606287866577 0.168099249895661 0.975136103877489 0.584682959624591 0.544316489612263 0.304773405696266 0.365549984435099
0.54030159161516 0.575511579473649 0.160481737449004 0.676483314668499 0.980147835951556 0.484056664502171 0.493604300089051 0.974405336032131 0.877126244637313 0.760065810004881 0.858717647720777 0.985212306634926 0.651955998752131 0.186242274419906 0.82582618617571 0.990630179480714 0.52160122087031 0.742156888480048 0.000259103474626052 0.404284885147683
0.432900600636968 0.724304179670162 0.967155071822796 0.701123595628294 0.864975448614433 0.612094720366641 0.545213497243545 0.991498636605084 0.909015820637251 0.770485107390552 0.787341350769165 0.998633829609182 0.6772654130628 0.268215389394684 0.872264658160874 0.999580428069261 0.705543801431885 0.855195390585982 0.0327782985728219 0.956824104963982
0.0171349189609965 0.502487668776188 0.68402915029036 0.657140546001691 0.0331356610195361 0.334124384875464 0.0606270444752973 0.0422022932700604 0.701651716540598 0.0110832134169439 0.0084488105592455 0.383195361871953 0.0693549439911873 0.027586590429089 0.411112863317899 0.792988187253469 0.466652001517774 0.425272143986826 0.298235593734208 0.0173239197535965
0.0435348107492325 0.540546002084717 0.74314850995974 0.599375173596519 0.114917037527306 0.415650273391041 0.0464307074376065 0.037270241800485 0.212537437288272 0.100340744017207 0.118540389949389 0.764996539094808 0.107804831493258 0.0691598287800323 0.722402513071544 0.970593979797607 0.527960458753154 0.252017587141039 0.641093390960639 0.00070644102610764
0.659642709322994 0.801431659082713 0.794832505117878 0.871452394560297 0.91144235326617 0.707142048871067 0.40876532671932 0.952352639358758 0.673751982524948 0.928270740482978 0.789836804268499 0.999086549115925 0.699042750093896 0.32429215327616 0.908617495518186 0.99979399568204 0.493352228186639 0.648385474042729 0.310822458573148 0.00597905836708496
0.540795207548225 0.692929615882894 0.783679817813902 0.841058554937276 0.931547817093476 0.233451223359457 0.428647121487971 0.832997669177675 0.936149530816941 0.711699366823401 0.930746234853346 0.99470203297171 0.502913718186148 0.61204698350743 0.900380969776296 0.964835676538683 0.815557696737334 0.683071469083348 0.118664235975549 1e-06
0.142254726956813 0.37269158847298 0.519199921495874 0.503752030770583 0.729655108372267 0.724400334563234 0.104831145890483 0.366230493517041 0.393590505771427 0.324837525007083 0.541227098272412 0.998483030416642 0.0838128587556552 0.0875443944273247 0.74626444115088 0.642042908016847 0.345008955496896 0.35750788922578 0.188265447601337 0.603820388888074
0.276438976674959 0.487189329285078 0.729606073688665 0.712979379838182 0.211231369883101 0.276597990659768 0.0530960119210591 0.0797394037729726 0.555036188754175 0.316112518317375 0.101591966225067 0.116587574084855 0.100453988904464 0.103673253935809 0.49999525014899 0.933415652089619 0.487030050612062 0.440130247206696 0.00261197862111206 0.997871675846132
0.37736809971783 0.598664220637123 0.682901112668237 0.673466003640366 0.866435604453985 0.365522605903606 0.0724854505211908 0.658406462189778 0.727104977252197 0.896567286400615 0.928342754061122 0.991654478798305 0.269766005281582 0.230851296813044 0.86278022480071 0.992161158523239 0.381494296958295 0.553817268208211 0.988884288473219 0.946977969454593
0.0369816415240416 0.406615283421729 0.104591902255517 0.306873288471581 0.0297339563206854 0.365076842951105 0.00762015942652 0.121315382963391 0.0232476990313377 0.0591106389103257 0.050707143978096 0.346716846069056 0.086450788461212 0.0429256041452533 0.266873171689622 0.270868279387403 0.260501950320289 0.502400622871042 7.06751882247061e-05 0.883600394933883
0.67052646996073 0.84009467190064 0.84102461220887 0.770543840778856 0.997792011701773 0.687816915823827 0.69478619074329 0.968292351164092 0.979265304811312 0.996763803202477 0.986679107180361 0.999596915293505 0.940167716913889 0.608821193525479 0.943151785261874 0.999920169342172 0.883570098587545 0.614404464754281 0.104130050844967 0.999999
0.659361298897621 0.852476720048582 0.750170941403973 0.728622505834041 0.982440024365387 0.799699272276839 0.254060577123382 0.993662036161597 0.978970550329867 0.977794809271744 0.985791771821924 0.99983845703025 0.820906131141816 0.528513142447075 0.61712393835486 0.997462212237358 0.611663050518078 0.790866026538638 0.999768888508711 7.02902510203787e-05
0.15400575331465 0.470077278805805 0.613765098912165 0.661529506255794 0.930566521998848 0.254219913710359 0.388584984006659 0.10333663400656 0.94417926735577 0.368380629022844 0.308736496844847 0.952621435907169 0.474420680703421 0.0345015641518963 0.617253902716029 0.825723326905802 0.597934623410177 0.482045346875657 0.472567670663305 0.999277120195324
0.202011413393383 0.633265883608933 0.840629386130196 0.5144929393607 0.552059707359361 0.173387344566831 0.0652020421237901 0.228398577185885 0.300231253088915 0.260081960007278 0.781905274154749 0.318174542064291 0.112666620870848 0.046806316808032 0.832077470970359 0.950299888427676 0.164139905379971 0.469547697321282 0.00085903019936008 0.0036875648495118
0.127418991281834 0.511513758397065 0.738414031777256 0.452362703677252 0.414551619494067 0.462193987521525 0.334902949538101 0.32294657138207 0.920912342664678 0.445273696595881 0.853754961466507 0.966150257049876 0.145448433419259 0.0822356240255686 0.563290288769464 0.289889278526002 0.522718359469103 0.306826655296664 0.730296682057851 0.152833203722303
0.309400822521235 0.730987911320794 0.728055536674504 0.63597293519494 0.864341175095321 0.609686586946975 0.369812932306922 0.47530379044233 0.636220887247989 0.856294994133509 0.918502995838236 0.994383777280961 0.681688502236527 0.18844782666221 0.816399072474997 0.997799911017417 0.524968626530534 0.810202168860472 0.641823554193434 0.304364379122967
0.120082611945206 0.529070996054384 0.571744750741941 0.738456025138658 0.873104906965743 0.0622244732176789 0.00525659626514156 0.131386984688063 0.922402707942601 0.376035012628184 0.132555318281127 0.856603349149619 0.116665113162899 0.116975290917774 0.810130965293915 0.967792842621056 0.372729291992151 0.515815826348384 0.00127656563863346 0.980516003248782
0.405423648839693 0.680037134765337 0.670804360660329 0.632934970100188 0.840541758379662 0.198855972628278 0.311813748959459 0.986747895703434 0.833113797563464 0.726270735443479 0.880237855083809 0.998230399818249 0.454018590267136 0.257408072743755 0.896434318386034 0.990135269888545 0.651188689980941 0.818135096081351 0.0943667102282857 0.999999
0.369452828875015 0.713829350120359 0.736201462395799 0.553745373616654 0.965381823737202 0.54004767215746 0.151082546923643 0.981785959789743 0.91144662081034 0.898232172726807 0.910292962551619 0.968493127868334 0.663382478875467 0.347620703467619 0.744278935507831 0.985426109955248 0.789240085353422 0.691423105836627 0.00108553177464782 0.999973567244572
0.429068292123815 0.731600918699491 0.0757940744513961 0.784961254146377 0.993266996272822 0.802074740936555 0.167473466318882 0.934277720522297 0.923500716168325 0.936722626942473 0.857929428068169 0.995187559646974 0.310774131445888 0.387479555996126 0.953582514860585 0.971732651271987 0.717170421922181 0.773853593949379 0.043399594632358 0.87569859933675
0.424976048078095 0.623286068473817 0.305987228349765 0.762375887360521 0.909937614196821 0.561712952933832 0.361577758407331 0.969908045817 0.597774124584452 0.567592395308289 0.557026614832497 0.981692706998773 0.130499140373196 0.220041069501145 0.446935893552521 0.961565512616915 0.246366824175711 0.514025468423541 0.322688117881246 0.00845794979948265
0.079153203799807 0.504198551527645 0.0349874391141497 0.794875842660149 0.287651220585362 0.445634055132571 0.0492297972282962 0.42405193740921 0.0957062141910543 0.255840698628644 0.319551975041091 0.897019529422951 0.114228793012906 0.0772213708756309 0.804530230991032 0.0333851335329175 0.5282287038127 0.39859449392303 0.960114359914164 0.038616066557417
0.312350790483984 0.766547122087629 0.5268194059102 0.575526428209928 0.963674119234454 0.797023538811296 0.135665812580248 0.528350166877816 0.0968034048769538 0.757734061816646 0.915719085454937 0.946496916979479 0.678367470320123 0.185544347474434 0.572198351469806 0.997560754793694 0.600527952434641 0.534122676005616 0.545532776644266 0.998748319792379
0.0761916368110077 0.505852348386858 0.664221639033697 0.604158089438329 0.936602600568106 0.123043893623365 0.0399908469169412 0.0515514674327496 0.0227117385003358 0.0444519725599692 0.425209697077209 0.982441361852642 0.0552905122153659 0.0413784910968558 0.659874011191658 0.939167822894015 0.506480275228032 0.442653012939619 0.928336292932954 0.541841322407215
0.107196069480394 0.444581071911987 0.194903670172292 0.45683744684645 0.122340677568044 0.281266939718403 0.148571114678305 0.0958999719644164 0.062656542348899 0.024183823137289 0.110710190701926 0.994918645485144 0.0802673694029186 0.0572904715578569 0.349582394660758 0.980112748160998 0.408661377836975 0.392182128299659 0.897461319060586 0.0180947555215735
0.249723421263921 0.614051927759257 0.481916023699789 0.383616072600797 0.19528860037595 0.456242346258912 0.298194005027008 0.659439556754506 0.784948933200922 0.482447552359103 0.198602181416421 0.988997883424198 0.278586506523087 0.119090178912996 0.292662120821529 0.574343539032063 0.400971181972733 0.392027845271746 0.558068343320108 0.395213585461948
0.342700108257547 0.635638835159564 0.520275925688044 0.677471137523106 0.899945182920277 0.205188588446146 0.269395912743301 0.969715073489711 0.676101360511305 0.629686573654572 0.936621525041049 0.987792516624803 0.309979034902179 0.200905545577964 0.467292266600248 0.999203232382252 0.453300395380411 0.910406605527712 0.0250553158234392 0.927218875119173
0.420852236567105 0.647133610247192 0.370595550622664 0.609711747111501 0.39553665390301 0.589098451629926 0.181956480456972 0.491481661908249 0.920939220347134 0.524385786882835 0.898266399841806 0.965426963049284 0.429991782054943 0.178325091872383 0.674054654847216 0.956190744401555 0.222892975394306 0.500833845617058 0.957866270953631 0.97203326587895
0.323554390895968 0.763744386572065 0.717949457201193 0.771063025732345 0.922309852869591 0.396667815417844 0.297507017608192 0.984337647841895 0.896714144703388 0.917581478773553 0.833611044964577 0.983658376808796 0.353141916073752 0.271396883817756 0.971406521317036 0.957853557705687 0.609565023724901 0.693278496786632 0.0122830517765927 0.924131899105338
0.415120320974034 0.699741098785654 0.771480619307314 0.782900318659922 0.913101042874234 0.515385097918341 0.134008036868558 0.610062389322147 0.942636569644107 0.893355762958918 0.369088069035022 0.974377552491182 0.495290297789943 0.312971913955585 0.818904015533657 0.97363192117268 0.468732576235027 0.672011640566254 0.0264952745619709 0.129172440222784
0.0906279960369548 0.576981667265835 0.229346899291665 0.733880724564929 0.0490382027967703 0.607926886969465 0.0621953908719375 0.718812151880683 0.866488367714463 0.220217710353755 0.0572578635099138 0.798002815946302 0.0726950522677189 0.0689259350966203 0.796429551649854 0.991819713698111 0.659505850582767 0.354832014314905 0.989727395881641 0.999985863550036
0.136372702214123 0.638794044235342 0.929155205795876 0.649863554141668 0.740324991019351 0.0916769959714841 0.018567010386025 0.528985658151152 0.150508558944047 0.268601479977663 0.680417157159077 0.968490259177285 0.161421971128654 0.0645422021155529 0.582398104359545 0.644153145999521 0.656253902927343 0.365335257528189 0.995388637636765 0.0108091552845854
0.122843877322281 0.591968381307728 0.789418426522273 0.850911026133784 0.863179007539406 0.10442547830202 0.0737561484196951 0.870094078546468 0.203036636167015 0.593528029033598 0.930320994418774 0.957873236990022 0.493881873994564 0.138708906812079 0.847034409053703 0.0497706535997502 0.586361542567191 0.494862397248335 0.00905951464520996 0.866132921282923
0.133718050847276 0.676372100195208 0.364056197203248 0.573577457409962 0.956905644372332 0.167724849087082 0.182053805036341 0.193387718517934 0.228256299978599 0.0825177096008468 0.238029694391507 0.932165021871845 0.415889511654837 0.162984001017746 0.48468281219834 0.946765101126026 0.263788041794059 0.769434107741609 0.0165877868685598 0.996233318580193
0.0328792381228666 0.501052342994172 0.180293986435777 0.322340644117681 0.0785262923959223 0.0632916551816477 0.00929814051337743 0.159300969613899 0.0229689931867883 0.14856900402074 0.457837211847059 0.926425420142204 0.03343062973207 0.0163525345534392 0.179404383478808 0.372392901714355 0.349977188652883 0.137927458963611 5.69568750021011e-05 1e-06
0.265182959495602 0.441712256348959 0.42765413747064 0.768963878992126 0.733360957490981 0.631427001195549 0.181791804925576 0.605932323910922 0.461869251703911 0.36397746951704 0.099144728594972 0.322496123534194 0.159518869579801 0.141039350634621 0.811049743715938 0.0214594521149541 0.247881226122759 0.369947833893267 0.34527130796844 0.969093718292605
0.571032323171424 0.811254203133592 0.869400224292421 0.710396600626462 0.914650494083789 0.129091424748166 0.465928685356433 0.952433860563231 0.944330160447879 0.892704459571151 0.920632147089936 0.997056115607035 0.478647000030418 0.289658666320349 0.860217955368548 0.998644446069973 0.71320303471857 0.799871972602314 0.787838607925139 0.000177606279306287
0.103773118867051 0.553572947292399 0.449478578497391 0.368492452322078 0.159389828772192 0.209809879771185 0.0152689721912184 0.0379710773130254 0.0246361891384629 0.0560569078641473 0.194085635166606 0.526096591566995 0.0620122689087158 0.0604982028190932 0.255754036183229 0.754427419921717 0.169645980861462 0.588662880165968 0.0143962590275714 0.999253704813778
0.0700319079813512 0.59414877183908 0.200487358139111 0.548970794624729 0.884579519028556 0.173845665984715 0.0580382872709255 0.177301600271656 0.914495979131319 0.173415378810379 0.479448701700194 0.935973497570518 0.168412834927368 0.139007488463904 0.708207765555814 0.984430958059118 0.120471078655016 0.361528161787107 0.000715749473838514 0.912035036443147
0.237646105112064 0.63562417674832 0.84257679856451 0.615504019196672 0.437672728593903 0.33027766523699 0.172522282386874 0.337479273952231 0.852834417307836 0.685115389125021 0.834475466259179 0.966688629360391 0.32866282347421 0.22595712590064 0.893925671766194 0.970237123459091 0.673721069593581 0.577168693171118 0.760534795269517 0.950453173020907
0.108593450516693 0.54748631887023 0.587331766595903 0.504396922001882 0.296136165529739 0.74739448359836 0.0635709171980525 0.808571113572904 0.980144965326525 0.635751053479367 0.232455341004343 0.933715602319242 0.164478812044918 0.0695811401632761 0.836636160982337 0.883114560283118 0.55219855694713 0.630765038723626 0.697383168663237 0.999933564836518
0.580407793963836 0.829018179439533 0.819843156303165 0.588638913970185 0.743468857505024 0.402414902395087 0.54938263307675 0.979032801083527 0.994783128418233 0.963772939513876 0.969759610407562 0.99890835111908 0.789220348959455 0.474150314635751 0.924343961450083 0.999734037994872 0.504153992044569 0.689549547778589 0.836284674610389 0.99996872709661
0.0547815295393299 0.573285164950935 0.268339873314447 0.286066942666885 0.0938159614460915 0.456673712924041 0.085932378759404 0.153827542526769 0.86869643318531 0.128400527901471 0.497489854734885 0.668863099150928 0.144896489018141 0.095901954243766 0.780727263047293 0.513380385427523 0.518994076422787 0.469033953578916 0.00401436908772656 0.000283857953211536
0.0243756033335872 0.393055663360542 0.534248621867712 0.773499356906105 0.00910113831284988 0.264622294609978 0.0307486846529874 0.00174993495784162 0.0359019757384475 0.0115912073624404 0.0264515501517368 0.950093515464344 0.00681700793795709 0.0296814118197591 0.304813787132521 0.914509829364279 0.500165307570331 0.205359815973548 0.0193037769759529 3.90198962749176e-06
0.175076868573665 0.537251009028934 0.223010702569788 0.597969374407077 0.0802956191366613 0.528052658350975 0.0451113434099743 0.266096811884704 0.415323900015985 0.30312805740137 0.459829449596833 0.970619963507876 0.172912782118388 0.0969814725011389 0.660440171115805 0.934789548503054 0.586836470865214 0.430705131269533 0.000646988225209349 0.999999
0.210982298080244 0.541194797395795 0.441172937071453 0.675046594203526 0.846722174285844 0.259169659356807 0.240776135207356 0.176682911658927 0.281466135024276 0.311003647242082 0.518522329812603 0.993136654491766 0.157412761915101 0.196841265437821 0.583163534162191 0.964047121608589 0.666789182068669 0.727528630951173 0.613863032325359 0.999743011544524
0.246585825264598 0.755174417033013 0.359337210488931 0.758467943112356 0.335933124992929 0.875101567029676 0.0224587816817135 0.952814726991904 0.0608591657716573 0.663746363362052 0.609797395965895 0.970760156812389 0.468747974298683 0.210853955475286 0.641724314184644 0.994823871996595 0.754768916673008 0.504418812988919 0.926759087118824 0.999952105624925
0.119936412038315 0.632342158260865 0.80236191191759 0.619060247056728 0.235203962084639 0.306343721633328 0.182012355851245 0.498674099804897 0.698999813342056 0.367657931950145 0.411546009461368 0.809810364103205 0.132038152796326 0.0567698663586501 0.499981214293578 0.844573746463367 0.711498109666798 0.761055946896185 0.603050964850163 0.26889296815995
0.085477179566656 0.577773389955822 0.494798338554942 0.618998172922293 0.283289499597047 0.0314910261453878 0.0578907807502554 0.349831451330587 0.68119273931586 0.0606422928540828 0.172483904060389 0.117021005716449 0.13905858925735 0.0743468772612488 0.519599808215182 0.301865338747288 0.262263893446478 0.498080966326015 0.00543287632456437 0.887754759390454
0.115667631121368 0.443504443498038 0.547602075325088 0.368141208587161 0.524912038439493 0.374746114949995 0.0845742091696973 0.0105611920128316 0.0822341625440997 0.0165322147250274 0.0188130532808701 0.771003259475765 0.122869168570131 0.0326947008368687 0.58661602339761 0.337454165230099 0.274579906427968 0.257675198523967 3.99747385877172e-05 0.370132139288221
0.347437761883247 0.715951391499796 0.549567637593548 0.489622860541111 0.978771590412566 0.513153198470724 0.511277230953525 0.684621555371467 0.857977332894382 0.878550138818461 0.588797382720734 0.963705403287497 0.285310816022252 0.330841300084175 0.980242788469444 0.0364964872516279 0.646844549916812 0.681101325458761 0.955932922534528 0.916668360303403
0.287804552543676 0.654158533332936 0.809350847287847 0.673342251907134 0.0895678590174915 0.171241750140599 0.517053206383864 0.806956508207522 0.938299101440611 0.514460138813877 0.397269130596878 0.953760038354531 0.461546207909748 0.0857046480567495 0.898391544351609 0.77728379992905 0.558976179410474 0.520729393146738 0.000323612565045406 0.0386343803607909
0.136222157267063 0.557382493468253 0.602586603453379 0.561818206216157 0.0330338423233382 0.319208920366923 0.167389868528347 0.0160291802353628 0.0607040531710125 0.0482614342101649 0.0362084835861445 0.835338048282405 0.116422282682626 0.0343075395584062 0.548843327271354 0.826742019002845 0.600672345660395 0.201098752169676 0.000822226476220539 0.602371741259737
0.0952041282952587 0.542689489329792 0.913925722920678 0.586999441360302 0.68727687302575 0.521474822433265 0.443022913652086 0.167059740014864 0.407100865425509 0.642480039903161 0.141483227232511 0.967865579687392 0.171056583523339 0.224155352704192 0.927520109854373 0.990810393345022 0.451992193905422 0.592493866095073 0.16725565574263 0.458544075551189
0.457827391437662 0.658291357452768 0.831903556125484 0.51406562328526 0.522641129483309 0.262393003863486 0.151894432265838 0.974259746409996 0.935481555460433 0.911107283016068 0.922298312370307 0.999371854079686 0.199334592545682 0.312316283876516 0.895424534979307 0.872076070121762 0.501910372202061 0.719324056815876 0.999453990963261 0.999930007599266
0.144781159061784 0.670435549525471 0.239408136341582 0.446503110869337 0.420714428430209 0.249253188568591 0.062778482949653 0.461198042792324 0.828815808053223 0.217391695471211 0.438637043271855 0.959883269241873 0.155662576689937 0.0910548817407378 0.754157595529617 0.987977011674799 0.254070866905443 0.593355683345558 0.992059255182876 0.0521219019912737
0.149441751869563 0.597792945977461 0.360698456835769 0.398503746247581 0.767062737809434 0.416663689640773 0.196917239530713 0.0515241995508191 0.833248987880043 0.222030229024397 0.748034912728073 0.959019969017609 0.215352804275742 0.151826868588757 0.682001962960715 0.472246873410271 0.366204523287875 0.54919922239089 0.674862020407346 0.000413020020023366
0.0319483544937626 0.545318886067407 0.429378654892925 0.665645643755987 0.201463508792287 0.230666308896847 0.114380142770848 0.13182775122294 0.959871599965396 0.139703364827624 0.0104549505101267 0.776974349307151 0.0238641980680792 0.0518186383146864 0.323471859209803 0.147368499848708 0.26286007956123 0.268730997418868 3.20782358518763e-06 2.47472424475276e-05
0.0183265709429206 0.420271013109214 0.0777267640552958 0.568396059190841 0.00671584312982499 0.327034056814886 0.00987685316448301 0.0812865927307764 0.0272541400424205 0.115518944837068 0.015276537344429 0.499694954566739 0.0354243998631057 0.0520540519842943 0.116797383982929 0.574757151154983 0.168470625465679 0.349784768062866 9.08050710920025e-06 0.941436917971723
0.423631610742477 0.754358624595 0.288240491735414 0.76691203157664 0.977643701055455 0.14527701603745 0.172857829116129 0.684262087562025 0.0151279669934182 0.730605730373832 0.580685655342218 0.940782016361065 0.389460493783348 0.275009817587952 0.587187014540534 0.943268172985227 0.680377710141409 0.666310725055452 0.00710149632433746 0.999678006277609
0.561995573962682 0.771550525208001 0.8914967503568 0.681250675934824 0.992593668965645 0.811342933658171 0.490310481112027 0.941261806947036 0.812210361044854 0.973738599736231 0.972642829201026 0.988547700711575 0.559718988154833 0.360236683064826 0.877364056466687 0.999837019922989 0.719037369026774 0.871292670270198 0.990724207840943 0.111930482475877
0.448350826898972 0.497620299956992 0.61929992970749 0.797690877928752 0.682307111363286 0.293195938431208 0.142985326175695 0.325390611300021 0.65314688063839 0.642491495900338 0.257081074092868 0.998059417658303 0.285043597773742 0.125509376921963 0.932528080694466 0.97092306825248 0.0547219691449134 0.507990329003704 0.998716058342306 0.00379312192819289
0.457711867662239 0.548764802399881 0.665510875133777 0.632276748734171 0.944909097134119 0.344999773220983 0.135498318097943 0.879480398719972 0.631628867769095 0.751078035097165 0.636396469810902 0.999695364654848 0.214241448987773 0.279333857452631 0.880084470824351 0.912392294825348 0.637452228372964 0.498217112284133 0.229932908937443 0.216524508519049
0.512217499018867 0.663827219452396 0.519170185429974 0.842304142283661 0.917473879463395 0.21514631465857 0.704130959470455 0.965479508735476 0.982145294043154 0.89900945429728 0.941797335115282 0.822523725505756 0.490291786659283 0.431018637496828 0.870959957215234 0.99557120215718 0.657978729419063 0.837978863664005 0.989423640837256 0.999988571244918
0.111490495697102 0.516173728832084 0.366001300165244 0.692635117629698 0.988086011864826 0.224890929480452 0.0510078866589288 0.722251195834634 0.819410050238717 0.54896323193903 0.182775124935447 0.997325571408535 0.303258449362176 0.140207877097015 0.805320134912372 0.566130914841048 0.696579246408532 0.521329314620861 0.0815024218989796 0.996831018163255
0.16854897468301 0.603620335892023 0.676809539171068 0.717025617683151 0.386098283206902 0.732596699526673 0.1988611623545 0.967715536361345 0.0399483972054031 0.593506893118958 0.591178866038184 0.992067181001687 0.242026581509911 0.148683839602509 0.717032606680693 0.977853120246884 0.526838249979683 0.528458758889914 0.0700595841395907 0.651165135817038
0.043591163770574 0.534496340718346 0.274313821197036 0.413994093047551 0.533143819562651 0.272850804236042 0.0141997474268179 0.275084132139453 0.0361907322164135 0.0925585517912249 0.282418337846185 0.721766490693015 0.048236458400344 0.0893698468806313 0.3062390844012 0.219500393769843 0.524100276976705 0.13364461309445 0.46811035089087 0.000116035842282541
0.0803367433919466 0.440494253390857 0.310726210628695 0.838244047049121 0.0881111627137652 0.246321070486349 0.0362518584502301 0.058884021831984 0.0781888519818621 0.159040233314983 0.170534100785965 0.995662746318787 0.338457752059855 0.0639812879972595 0.839444279463001 0.847305482709824 0.391307138618944 0.450852606434677 0.000144891779817473 0.999843815973303
0.209219242157705 0.655945711220342 0.172412846721054 0.632799662891491 0.727389623526609 0.731011184665999 0.189533235446321 0.947868937020958 0.541841128082114 0.510785009884155 0.883465102106708 0.982139042603409 0.560582064790276 0.145327555300594 0.963227969663124 0.998899806656764 0.732379878847782 0.564440584481763 0.247809883854239 0.0962251900636713
0.704801344695629 0.754956489722425 0.851039568380436 0.667021782076454 0.998401809647812 0.271418555616211 0.348545563414401 0.840133708663558 0.973286825037966 0.784233227439739 0.974151965546492 0.991784171303515 0.775640902985081 0.466976269360601 0.935697417456491 0.995716724413486 0.307913474757718 0.50546166600213 0.903069222308822 0.0163843884119776
0.346393938765719 0.612506287656409 0.813122557570129 0.695167947625954 0.928608617925057 0.350852786929973 0.446494509290657 0.490246772942587 0.911552512279801 0.426929702822417 0.714270388278115 0.994551351480427 0.180626579434612 0.268180466394862 0.826638103045312 0.927726256162394 0.64837828860402 0.664765079695861 0.0112353029490644 0.0256907414280003
0.23751873553696 0.560369581615354 0.525878526548077 0.81916112396135 0.941377805606392 0.856578936641745 0.241327487529216 0.300089241760167 0.978645388296713 0.463140434795672 0.194853920330805 0.999968475762247 0.180032366785109 0.138634954344535 0.827298622471742 0.981161936733104 0.317547027264591 0.401918648521608 0.906505125369813 0.351414831101392
0.191301922636924 0.528791162890276 0.726304353464367 0.781522046161007 0.860954367774297 0.327872469007091 0.12044029509329 0.321310541571796 0.222123956216852 0.235005175272848 0.311149891600565 0.390341877385538 0.141625031760665 0.100527946587104 0.279409319759232 0.991659133772149 0.301901840445292 0.283034364220831 0.0131534381757913 0.950443103870746
0.113889286631009 0.486054758505005 0.243601400856135 0.480864166048774 0.912890489222615 0.35617841568301 0.16437849621359 0.262956610971329 0.689083466549133 0.196329850071182 0.734093778910433 0.506164775652373 0.111389121323132 0.0863086491821361 0.700718753603863 0.998726971160901 0.426860921634497 0.42709467908179 6.95882052552815e-06 0.690771216414196
0.344628837865871 0.642745419274668 0.712835638359896 0.394888338527754 0.600470462264933 0.415437069701776 0.201815716099853 0.167693472083489 0.444644073062377 0.499985316073821 0.783115003369374 0.456005883865143 0.240010269252686 0.320140401869954 0.65588940901531 0.908515944085493 0.428292169797113 0.606319172024271 0.774541947934574 0.997508651309867
0.1044165114246 0.467103795259115 0.375634112008093 0.386027675946266 0.201189471324478 0.477445876341055 0.0306853300347185 0.0274389801154537 0.0979025337664118 0.0446290749593397 0.376546544616928 0.139830697763207 0.117021681619041 0.148570994358263 0.11511076434886 0.50578358448082 0.402533270889633 0.350331606410594 0.0119319912068526 0.999996480355526
0.0205518698908578 0.411337193610119 0.573882916011497 0.48622127627651 0.0420000116654667 0.637638771615724 0.0372498498622316 0.0262590341458644 0.102512565949182 0.0114552814124989 0.0150582964587651 0.769291649524496 0.0387122072517349 0.0155940125245971 0.132754766811514 0.895385024927001 0.156096566792021 0.272813783063281 0.000487651295228249 0.735117872455354
0.242312827290283 0.640453632893629 0.563245534020815 0.500742107076947 0.237409640755641 0.402039873006361 0.0493139777665203 0.545912856991932 0.96472968025807 0.402736277443066 0.706012783838343 0.971204495985578 0.349670056365796 0.148711783265705 0.508756647113847 0.952926396837023 0.284068079508893 0.625047247110966 0.0342580177875424 0.97659650126516
0.524602546509308 0.702833774819475 0.955129945590055 0.614107137947952 0.878935696857649 0.578586095136715 0.0934385622149781 0.979567725072272 0.986538236277093 0.974115868311126 0.972086902779023 0.957042141034225 0.692417861818201 0.251636967399663 0.911196091062833 0.995927611743753 0.765045552107506 0.701075071777164 0.999561672446827 0.99960635695152
0.279551136369387 0.712364754068128 0.792303724405956 0.428243666741708 0.949439183452992 0.492098173531886 0.0461017704428561 0.507742761039795 0.144840461178423 0.903520498481478 0.833128082371694 0.932949395430429 0.201092314309491 0.152387955444464 0.831365207554439 0.640477204291046 0.492895293214029 0.689378938345926 0.0295906024848044 0.133122168151716
0.125875675587593 0.492359938642383 0.252437361635888 0.719727790390052 0.0684784298535527 0.374429684663696 0.0667060261767857 0.0928401680976218 0.726471617670359 0.184762643295111 0.0202764686869691 0.234899300150383 0.0876517440094424 0.0467441984009018 0.411330459111791 0.846668028473533 0.293526270995589 0.353651247140775 0.00054287581823326 0.192587250471507
0.40010078796228 0.666708712073681 0.740014108229148 0.777225776552983 0.921613935632877 0.709678218293077 0.515540892931184 0.915839680354552 0.972829046681513 0.949029091678826 0.953473512659052 0.985842661952007 0.533003282255217 0.396669937683293 0.945135060191339 0.936553742616703 0.5297518586154 0.771563801669834 0.000264113500809536 0.999929543847597
0.0633452887489352 0.5673173434137 0.774678846368316 0.753850594526087 0.0822376429043789 0.557858720400081 0.0559396696955113 0.00887825689390881 0.0882454109679625 0.0737368360281375 0.348743819875301 0.826414360116857 0.0440416065847256 0.0742595551726998 0.781682018872124 0.701123974891686 0.487097534145592 0.620302024984872 0.198795634253481 0.760395124805872
0.0615273700457248 0.424493323142289 0.215591547296423 0.618859209627765 0.0613078335673728 0.741240057961961 0.00447975930012889 0.182360530882709 0.0831410313100946 0.154342407717677 0.0579470466398288 0.561481091949588 0.0891010023418216 0.0768139723937401 0.365738946953603 0.995549766885462 0.234484681427869 0.183726585187321 0.000575584461150007 0.000855093660423153
0.00817960064861864 0.375828667076568 0.111787060294543 0.135268963495491 0.00229957907309335 0.311113747891054 0.00282100440072544 0.00546401666094027 0.145761994529238 0.00278206908006279 0.000569855571708193 0.651905179049686 0.0186016298104384 0.0122198531152463 0.112488409724983 0.0161742491692939 0.257642368539741 0.148797236248538 0.000539351768952826 1e-06
0.157474791346528 0.739150592337964 0.12432034875117 0.505265782824154 0.173992709768991 0.0627884134736128 0.0490572645645398 0.892318769837272 0.698618540180804 0.23296689528497 0.573855920831541 0.919514915411867 0.479977877050029 0.161417118312774 0.861819441117758 0.993119289217499 0.818559393600462 0.516726839805762 0.236817407601202 0.171161111501976
0.197105461328007 0.496610051928774 0.701601600642231 0.739942737682464 0.401829681192593 0.443724296943987 0.0319170382556457 0.730659542623266 0.919479842820304 0.277620275359797 0.102699084777602 0.390962192456122 0.285062194153696 0.190463969321868 0.508961148516103 0.675726966317445 0.618557484577145 0.61257296199292 0.137285208836999 0.0184321701893899
0.0351026533810595 0.400746835847306 0.459285846332947 0.473867677694465 0.185880850745049 0.125719685536362 0.288421883452323 0.0497108152347988 0.0412786168652981 0.0824676213654976 0.099574519067025 0.712418064701418 0.0648532306973174 0.0559952120994874 0.239004585804536 0.963833615053288 0.221387218956688 0.472614606261593 0.00359459171597995 0.0492521714624635
0.147411465398507 0.470425444481085 0.567215744710964 0.535852152182518 0.793262586248601 0.631061927598379 0.0245406956066804 0.125116304135274 0.89512692233343 0.0914365307131883 0.677817257560776 0.198741842766124 0.147636824709685 0.040370775022176 0.535371555001341 0.831240668766949 0.335995920614168 0.39908382149402 0.286865114682512 0.901410316381912
0.612514190974785 0.767472021124581 0.86600125894007 0.802481109946752 0.949630438596615 0.46278647056373 0.544111937856194 0.990686259176915 0.941122172156762 0.813907162655443 0.970916553889424 0.992970778579083 0.616172613162804 0.386011579645581 0.917295955723249 0.987650389318752 0.723934025607772 0.818126993123326 0.103097791473383 0.996791666163275
0.41961278197 0.664458484834551 0.568445175511056 0.57426163090539 0.920371261354338 0.416399799558018 0.232360359741259 0.903618905133272 0.822460175549088 0.699221401605803 0.574159478846545 0.990842159189499 0.67467113123843 0.23060840381577 0.823895553411275 0.999827602281398 0.635845160460514 0.724148218578894 0.0592164356099943 0.000336260600481277
0.227031510306505 0.711868468661228 0.386848784426781 0.712914594808459 0.907392627652619 0.715447791505106 0.157181474597589 0.912562503444618 0.962417740183444 0.314187901921893 0.299524505761908 0.997431609464751 0.290049186316078 0.146740346749191 0.827604399906959 0.796769517080823 0.218097791023062 0.723132522587323 0.085984836018472 0.380199029421883
0.26927528669438 0.737476268213904 0.514161791978054 0.445922162019723 0.637125042560227 0.339107951914155 0.0634317574795842 0.673168829621842 0.988531898714788 0.511483139267158 0.667714302178746 0.974892535505349 0.328597943445372 0.221400498291068 0.720870054021815 0.934499986219466 0.555802631530529 0.586297789523906 0.00737633012394029 0.000950073383630701
0.117246199843509 0.58131652777822 0.942276188594396 0.361118088114669 0.350218334522234 0.448170388101434 0.0667645449961567 0.0970740592172747 0.04794117821148 0.222692547958797 0.176142037380629 0.701016483452451 0.0367193990509321 0.0615971719419263 0.689450867820694 0.901560771879556 0.59792013314404 0.444771255155513 0.736978044505103 0.0232224284059511
0.510889882879086 0.624983625662441 0.214038853210948 0.577142979076698 0.912898704236823 0.146335710112108 0.0623280192239029 0.126286471515384 0.830871562161678 0.688374117541807 0.746498044448573 0.991899193870549 0.482877454311158 0.103287771402905 0.74450559867329 0.896310465306161 0.472067237822587 0.806986977022331 0.985039381730229 0.997977529589172
0.0427831607239772 0.483208753121752 0.116121205116242 0.533298663745692 0.128715360920926 0.357925753009413 0.0149595553913352 0.0827768768428299 0.480446930974763 0.106469115649134 0.0139323289854099 0.984751629646781 0.269508968275413 0.0483035537625672 0.252987209894297 0.782301039371206 0.445131562201042 0.240581120258557 0.016823219982858 0.6213759922064
0.52828918359332 0.632980794632191 0.714427887623538 0.640138783449286 0.908436051684323 0.197179184781486 0.111676701754969 0.955182129041303 0.878255847067811 0.510538448506996 0.876601036905545 0.998497144312654 0.353797101784096 0.28035713478321 0.903967317425713 0.993404478999505 0.263225179861133 0.619982682871163 0.0189311981398469 0.000564903216466565
0.176127559141387 0.509567691214903 0.477156783266541 0.402665207250517 0.0224243378422284 0.24868515507759 0.119153270806439 0.177487574193702 0.263942723447549 0.212520317008584 0.475436890133341 0.945644655594667 0.308472009789981 0.151252504080702 0.478169299407607 0.99924913122997 0.559122213027968 0.479385572743903 0.000583190980557329 0.949009502098067
0.581453276029008 0.688772900406343 0.870235150401589 0.745073230182401 0.51658135794813 0.882656955418706 0.26014402691913 0.832746810589537 0.9753948725987 0.969122727984419 0.930437833621239 0.998854553040704 0.688597508555595 0.414613109875074 0.897651159565922 0.999036579492915 0.471791495226364 0.846340824608891 0.999967523219459 0.478792998800231
0.0140918862809772 0.495951895851448 0.180265608180154 0.464260007968341 0.102175704518559 0.375756594155183 0.112945451572175 0.0153341745151705 0.19349460777217 0.0298191730279865 0.152722420424981 0.0173830731792412 0.0450556050409742 0.04273609253457 0.209122595486069 0.978241046975896 0.321629817902397 0.173672980203737 0.00670662422222412 0.000952164581910774
0.35673274008432 0.60823262378231 0.822545040278817 0.630619317413533 0.78581181207031 0.322092165444842 0.457874474127107 0.563694847737 0.426344916103269 0.828004865573104 0.855213290219523 0.87310252338246 0.768974503245698 0.340015911968425 0.879146709763824 0.973694335060684 0.523623131352491 0.411024573944264 0.161814925379082 0.000613642803974307
0.236380904802521 0.619447168011076 0.269863472074588 0.486126732196868 0.971729651307236 0.177263969836804 0.513660216831667 0.956754521731095 0.958330288942909 0.690804571905996 0.813270823367944 0.977039206951285 0.314036343505415 0.151861563424329 0.521646493421315 0.802248961053521 0.447282745894484 0.779459272970112 0.374733638383092 4.7163365239859e-06
0.0804843701653127 0.572461965077214 0.491219091146717 0.759500358005273 0.493397086652589 0.193418540642607 0.12610230401585 0.853887648074084 0.505552513067652 0.30075974701367 0.277214298468206 0.939965901777155 0.109194913250198 0.0704236950460101 0.727335487305852 0.999143520180503 0.41087306919205 0.595096203262656 0.00109320357205947 0.993566485525366
0.256535953128458 0.693111042879708 0.944110335393606 0.836086231292263 0.992319248694592 0.942273413408157 0.39001106129611 0.916920857798536 0.998152141757164 0.926612502550714 0.747290029495737 0.978336177694565 0.191999986434873 0.20614583358157 0.939739564752931 0.99900046020596 0.661387901948739 0.448712861547341 0.0350821531689221 0.999949663814835
0.0642934237373872 0.546701255317861 0.334883232176724 0.731934515751439 0.429104923117311 0.508175672506103 0.213181738163247 0.567569611014337 0.0898669929375062 0.457278459675281 0.537082970675129 0.845165921884361 0.4777519520373 0.126277783894506 0.911457202229955 0.999322633139549 0.521260517409157 0.588476672775937 0.0263390018963022 0.571909632078003
0.03317099220272 0.573221614947429 0.30453182832726 0.4612298632307 0.215519617218718 0.576427044191094 0.00831067346960876 0.0667453071949509 0.0403691110689228 0.0710307727198073 0.189384132534039 0.452492296561194 0.146956416397694 0.10502846636572 0.292985630069039 0.0147799463374314 0.276389260861282 0.274633277673568 0.293592153871708 4.64332442763357e-05
0.111185097381335 0.624256208260803 0.184943047448061 0.739170316751397 0.552919208341935 0.383814205591179 0.047366448891984 0.814121481664382 0.260668712500111 0.141651014410498 0.525853004250325 0.468998536833563 0.152069511768976 0.0976782338790981 0.342763453579156 0.962792098346978 0.482062169302954 0.322742845942392 0.0195472734621734 0.998477232860967
0.344428387776745 0.656115650611085 0.816475925439597 0.819385741844378 0.640942632194353 0.547927215603734 0.193990608682896 0.962555679890615 0.435665913379025 0.428703912399565 0.931827174106718 0.972564247215901 0.245565625130105 0.140697480965692 0.431361186866334 0.21587835611721 0.504272313853043 0.52070373938076 0.791921933968844 0.845659859071506
0.42006136001022 0.603553740258467 0.908415659539178 0.45542405515319 0.805287919203151 0.710484975096457 0.348185605743205 0.834950289558078 0.13199410381459 0.40185481008627 0.685943407198678 0.979653472419585 0.171761948327135 0.110816705859109 0.65064471762534 0.867017882548726 0.742802915480389 0.657891360162238 0.000632750185975617 0.610510357779197
0.0653291772378755 0.447172590467818 0.366305735469109 0.468842799274179 0.204356588762928 0.188160529135878 0.196842178496197 0.58870891424239 0.593853465991675 0.16240271566136 0.413932279176208 0.962197569703313 0.0523870080462422 0.0407417999676448 0.152846866812522 0.796361841145852 0.220559749713874 0.176535110435021 0.000551957635988378 5.40833638307519e-05
0.0831538691329415 0.471239191780936 0.357269225690932 0.470683652001387 0.0853330792988349 0.375634659250465 0.0717440986073289 0.10014640766629 0.597583024825071 0.0414633172599923 0.337897926208907 0.726337803816818 0.145201312566672 0.0802013577369842 0.360020435640494 0.914888212616319 0.326918923826307 0.27621824468746 0.647440453536018 0.476982909201105
0.149919956769938 0.648214850328482 0.694219938647756 0.780725832424348 0.30225604744803 0.595138944817925 0.740598784466757 0.863560435105869 0.988141231977928 0.18074495477898 0.733307409020691 0.832196479470607 0.237139741395346 0.17426109049221 0.531578441213987 0.950761558023169 0.362498791882954 0.550384064246787 0.00170417529827803 0.973829179149447
0.237188329646924 0.555391857859758 0.882398732372754 0.513172590335723 0.867384194804288 0.197275454744745 0.0674258927128629 0.565278611018279 0.902348363010228 0.868934663462478 0.546018308948154 0.995146680664402 0.346106577082434 0.17004446412256 0.91846185853739 0.967513405628732 0.375426294498599 0.895915641704171 0.951210207793777 1.2838363125057e-05
0.808161760343053 0.810310235051372 0.960763999957439 0.599616554168706 0.998977272073399 0.868822389305701 0.856245386916717 0.999651196019646 0.999904335307652 0.998784779280707 0.99877551040085 0.975270079452408 0.95974384919671 0.774828780944177 0.994730217154282 0.999952840807559 0.946476114044604 0.951368373123046 0.99897722849928 0.998074827287012
0.078706642868035 0.461671979289166 0.173348225244556 0.630738116966506 0.415801805560657 0.482114700819749 0.122175159960826 0.0738142808536314 0.198159489565662 0.0377076175047839 0.0216819579023077 0.0931451260812541 0.0466422028104217 0.0368819172602246 0.261829143160142 0.830080650792284 0.594101303678874 0.45624876874884 0.179334139075219 0.268869518188416
0.577095053046649 0.833502237954021 0.863340739508602 0.716683694156077 0.976516039867645 0.524990645807791 0.799055375808478 0.977341114085549 0.984221999322553 0.955248960650837 0.953248883540549 0.902906494621794 0.635741908192519 0.314502560723852 0.93330543482868 0.999979323808546 0.711060251021123 0.665236326570965 0.47810017487634 0.911774789688133
0.0732039501033219 0.587890577499626 0.410506876731467 0.516462878310121 0.146705312679822 0.107270785559683 0.0454910474849912 0.033634902158863 0.0155941838214229 0.188627223921945 0.423187894735712 0.967999483187272 0.224792933235385 0.0787008975787747 0.547642904070013 0.837033108762067 0.236402563366576 0.482473003871969 0.00297518855662976 0.000374323400997193
0.0291105760875103 0.479329039972714 0.533697202752943 0.537096461885658 0.271406481465797 0.374813666270792 0.0111467088331322 0.188581246466552 0.0638033781171892 0.0642385250865174 0.0163858926736225 0.360613705934915 0.0367781405125394 0.050893254021011 0.248342761844701 0.714394531119558 0.43649401218805 0.385530727052824 1.1283980193837e-06 1e-06
0.156538971576882 0.516959679530717 0.760722419732084 0.622474650849495 0.16375056607364 0.104731412684421 0.0184719161741276 0.14777464833309 0.565997208494091 0.0425062289023763 0.0205941324652213 0.941879373996885 0.0902792863630264 0.094600323746356 0.567569872441181 0.93978499282942 0.263690789146136 0.372764002957648 0.00486894324646753 6.1013885837657e-05
0.345553087468089 0.609153479867264 0.51621840239089 0.511032147505506 0.232337579980938 0.121622439629242 0.331227646691985 0.956747824597973 0.0185996375433751 0.655940182414526 0.911956212256085 0.824295705066008 0.233319668838651 0.079776605174022 0.480516410466958 0.969401941153565 0.46395953024487 0.496321131715834 0.197271934839031 0.999885277280595
0.418332869488742 0.744077508704033 0.528860648895298 0.84336788210815 0.942806629581844 0.282787468185818 0.411193593404858 0.92462759679461 0.916546121687077 0.956749687969381 0.875517541082445 0.836608682561152 0.702278994077379 0.276421687527791 0.826041466061142 0.950903389751984 0.504550664157066 0.608131684462511 0.702052618433015 0.257479599467826
0.170362892126318 0.605773880272061 0.252624056128164 0.805351029208915 0.420892310582284 0.632044187238829 0.0682519316830536 0.218928573738136 0.115082506282864 0.558345499695037 0.672295695109328 0.970996272329751 0.09415873149547 0.172125085436812 0.527052714345083 0.493490051423454 0.70977019073887 0.572008372811716 0.0046742607206899 0.0989179228224785
0.659027500931802 0.672387292294058 0.512280178803626 0.614445649757697 0.972618206078271 0.591995856076042 0.882251175703315 0.849839342182154 0.650588794424065 0.700415724372408 0.93563587489412 0.982391045186737 0.51377990155911 0.229540984941955 0.74294973126011 0.970653320735938 0.603539284280539 0.805442343046474 0.664346247491443 0.985038881905025
0.960929546508742 0.893301210662694 0.950945250592815 0.772377229617381 0.997393241820565 0.471334003944948 0.910924338408535 0.998810558420135 0.997902981306896 0.996830737355694 0.996950612173819 0.999904149350815 0.971508582787677 0.590163510661667 0.961828468208874 0.999996347389443 0.799039467686141 0.930678475280143 0.36450289887575 0.00578212860485326
0.342494964039729 0.709771599329764 0.814779130428656 0.663179211833589 0.548218502393526 0.656473608598606 0.056098310169904 0.96455901232231 0.982372467518733 0.672058051397359 0.800983114819123 0.998909010588573 0.422104028248395 0.427238282487885 0.836546606066104 0.97709859081795 0.763090914246668 0.768634510986058 0.992407252444824 0.99891010223711
0.500336901863398 0.754389305325086 0.583899872042157 0.737458470640637 0.972702446968691 0.708442397011903 0.341397469048931 0.837074106385193 0.897538469579902 0.678328122060898 0.874984339730019 0.996475149488273 0.278324293492642 0.344249418755463 0.937493359336151 0.999768026484082 0.73219627811579 0.473765234046741 0.999770146239367 0.910769368761338
0.765440220681317 0.637665317699974 0.942209904842595 0.382050438837466 0.881857561581237 0.88080604732042 0.730186313000218 0.90412996241727 0.906222521546916 0.965677607384335 0.949455059215014 0.980209799188237 0.791206758071526 0.355801620525293 0.891335725448726 0.999717820654148 0.596910674644012 0.831985766367771 0.0297091078988982 1.6696826811114e-05
0.112756850773202 0.612284138299603 0.664501723522223 0.499546566007774 0.579519100691609 0.275755461644966 0.0117324170219902 0.058462357789103 0.0190505652654895 0.0373344700797942 0.081756402167898 0.978145350420055 0.137203230555507 0.0967741308338018 0.789446102872525 0.0678418243936728 0.282378055515042 0.474958506435015 0.0292367951704431 0.617913399941472
0.0621854958853626 0.652006496932544 0.25074306484378 0.531107069906878 0.12809929761184 0.421906037382828 0.0373006710720159 0.188371768598048 0.474638767612264 0.0521439109635394 0.0123144871351657 0.636519762104785 0.0555424521088222 0.0791651213495702 0.328261386059096 0.752609129430649 0.206258428631003 0.225413580757924 0.00102906361435344 0.999990554733917
0.0696437673678405 0.574100473622581 0.177365912640927 0.559404345934583 0.455966814567706 0.46580930217851 0.102343018931608 0.190150734337601 0.0982458548620001 0.150373245541655 0.0440633459882098 0.354259084452834 0.0595070477517664 0.0287314943826175 0.793394475377407 0.929904092775201 0.175023857243351 0.449514647895584 0.0464211979399266 0.732786049626353
0.124060201822239 0.654615463306387 0.648308088598075 0.465343525547082 0.118167780667455 0.246507862853323 0.200225081090216 0.257086200846018 0.495620993374992 0.68314950200615 0.494361492360123 0.677501587956318 0.160160115713703 0.0784726367188692 0.746698564056364 0.984584952122432 0.656518934018831 0.606960909620997 0.884139896437685 0.991369911898097
0.130346357093776 0.579102974702253 0.26681928483376 0.591438946957541 0.480557098922649 0.208959201937193 0.0598580164096335 0.225000771527195 0.838755818349576 0.480067989886384 0.673416368309858 0.867888863758644 0.0679383158678053 0.087801034152675 0.393472216908268 0.409679294458223 0.56977078643178 0.770950220112244 0.656990081455843 3.47500566273752e-06
0.183442655066304 0.511329824897881 0.315946541809015 0.638952834743788 0.788915566742402 0.496146186627136 0.0865415366606316 0.350592924975952 0.168531814593133 0.145769804859202 0.167462658072723 0.766855659740692 0.203212946171857 0.0561325298774608 0.400818978713011 0.927405355175081 0.491744076209555 0.661813394248023 0.0150823366965863 0.40038445048243
0.0959010035881941 0.634029413934716 0.822442045374333 0.702006850038325 0.788019085340868 0.435481506721998 0.214616699049428 0.435945889649523 0.9904768099784 0.359553352072832 0.109635043374061 0.914006629702965 0.130195749917722 0.0823371438810948 0.804114048940301 0.208642311651664 0.360171780355463 0.553719565703169 0.627842955073355 0.147965166464215
0.0638280600148691 0.446429173363344 0.471653728813321 0.641845863464536 0.386266879290757 0.0944389667124968 0.0807971562193946 0.194473656197181 0.989379956777404 0.155477153049619 0.263771808215917 0.935885678297401 0.249171526175752 0.0531830971476851 0.513084931206381 0.0218483313990114 0.540399986097248 0.388962576259706 0.859193186426653 0.0473972673342127
0.366004576850502 0.52993314845926 0.186276944695123 0.712850855480762 0.930527163267964 0.808737528403452 0.0475438830465739 0.11219633962457 0.424793438434355 0.606971335821439 0.383054356446039 0.99956396323288 0.205962475526347 0.0935697108771242 0.591241053938927 0.0699239437899378 0.572005293090479 0.423503587337963 0.139746288426364 0.998131110511746
0.189930189120175 0.631435733853294 0.662025975189773 0.649642806983525 0.229754660584009 0.216926612527002 0.091255387851732 0.841466944892766 0.889363724759146 0.488356907142457 0.870086756106709 0.990339587560057 0.46390637055954 0.416082014528655 0.699294850450836 0.995730273750977 0.853617456588811 0.508951009925785 0.610284650947358 0.24317401476913
0.344201825483985 0.590098032050288 0.750617731640606 0.62540135081466 0.290957039159313 0.255193873454763 0.374284293456779 0.717318793501026 0.971856080964637 0.558655644686794 0.189526135916629 0.904508920262484 0.183477557151791 0.224800828971234 0.875731314502216 0.982275801606786 0.459220216553199 0.547279333045501 0.000207206353826287 0.635090139749882
0.590911784759822 0.711402602959319 0.257327576221657 0.938616652411791 0.910782761452222 0.831520719334248 0.296996261754391 0.77001713518794 0.639948422313473 0.908485947427895 0.960175746713659 0.992986778093537 0.699450570730396 0.313514770179424 0.771313917215974 0.988781953680029 0.751199759671998 0.557366860990512 0.00872261763898171 0.999926955622044
0.670953814091814 0.809615880837966 0.962636384436317 0.578710510504854 0.991008546306814 0.154484350588047 0.607073682014415 0.990567244387119 0.950073036137785 0.986566536777203 0.999023163941549 0.991544351127147 0.879341466653979 0.590894340774751 0.914765696016303 0.999818888655238 0.688806403629472 0.901977303468187 0.889481812671033 0.0600592966944953
0.442404022711747 0.572245710445515 0.578641485092075 0.656390501631811 0.804626377461573 0.269351963987752 0.113135868756272 0.79170243160618 0.722747746818253 0.415122741736222 0.300801254969629 0.957234789135697 0.2818788413697 0.100387502820332 0.808556736250526 0.994899116207649 0.320492467427574 0.617466787938484 0.0779350918984138 0.720467284347579
0.57528901026926 0.681712260232617 0.895817496104027 0.651553930588827 0.872552193644389 0.179556164407885 0.317729427186892 0.435810879638063 0.340680983800799 0.917414159312769 0.858771856903145 0.992211162946625 0.470995389153683 0.396658088916246 0.487883480577446 0.953224654641984 0.423058580357115 0.456489399604383 0.99774751597683 0.999836359282081
0.379066474844641 0.762382703991298 0.953692289814591 0.783935122946902 0.958924926008822 0.146955757325522 0.267093060071921 0.57417166950151 0.113745540554365 0.92408459268113 0.664960757483199 0.995150607884397 0.505851493191274 0.344379811952911 0.955339705600946 0.816783498524586 0.508458212049438 0.658011137384008 0.975621193530614 0.957549289959857
0.255876280761732 0.635846946816543 0.802844427753853 0.608028198916249 0.684158770273689 0.598588006131633 0.710507595887647 0.864450905829914 0.0384084220008599 0.563429088162315 0.910087993898822 0.936744055014875 0.37780694975852 0.220825106484607 0.556812091923119 0.950666346776444 0.706570451986308 0.893829004951416 0.67195812124036 0.944553859122722
0.167899333384848 0.432434442316419 0.100417528199702 0.574084002697909 0.352374949784788 0.453032672768523 0.0703242301075653 0.0381410549652444 0.351570541185478 0.180684711040528 0.21738964375223 0.985951029060085 0.205916142805504 0.100768375805808 0.845009597710747 0.345504423946871 0.630498556856792 0.635285887026222 0.0537963962386059 4.87847125496093e-05
0.652780694018362 0.689304637925483 0.900466249273255 0.388750523683675 0.789534727826541 0.259262345241243 0.117732473371397 0.393991463094843 0.986347755927859 0.856138219064393 0.890153613461289 0.99966920968691 0.638277757219304 0.326366518689352 0.797121952843713 0.996200087159378 0.561523087128392 0.807523243185665 0.408605003889199 0.0412486515648716
0.363552747964676 0.664643893695451 0.469783713268674 0.695844404011903 0.951115832024276 0.292273847680047 0.215793327844747 0.605630679123589 0.820999862434632 0.746557296012692 0.379362881886203 0.946121273153883 0.308255407869547 0.167640222273999 0.780048774570134 0.598805936269433 0.703200273542516 0.517387525699902 0.634274296110659 0.858634830509652
0.36332212852398 0.698684974489495 0.884271496703937 0.741429680215518 0.930521192823066 0.931371088865207 0.244581903349702 0.925899885629195 0.941251141053822 0.820711135640494 0.865364153692123 0.883834808496247 0.717397430791339 0.385575669812652 0.685048262697236 0.99715694832109 0.844744533043543 0.598615413980711 0.290353619564782 0.999549143183108
0.00719403744319947 0.282260787757271 0.136442157899598 0.734866490630323 0.0449233931921397 0.515161814230898 0.0400757758256629 0.0141601988206813 0.000149700737764934 0.00679793116097302 0.00228831178906918 0.068050127636328 0.0101618887365392 0.0305299871535951 0.203773167839284 0.0183005223470199 0.360985921235125 0.257511297364362 3.55197507158238e-05 7.18118878151744e-06
0.29651951132393 0.758262290062733 0.726880079634337 0.65662700791298 0.906492124621822 0.294921256668015 0.446107477231999 0.928394376656191 0.957974174208205 0.773754475609592 0.978260694881871 0.994220051806911 0.35436660103757 0.0965355444229822 0.840085844741774 0.98504444764782 0.733584440324249 0.488601556980146 0.17436504162808 1.01380429966001e-05
0.491186909234459 0.813737773643655 0.699793875391482 0.80477275346165 0.973250403772655 0.445712500527599 0.143758518112573 0.982684402000824 0.997911256542586 0.947880906519514 0.981203413482679 0.997313209803213 0.87930378771091 0.599099542112979 0.941038107476869 0.999315920194789 0.388831666555964 0.797234273199883 0.231780577434655 3.23747040682026e-06
0.0161535935542818 0.529446153905162 0.0777127485036566 0.241069626682786 0.0293168139341111 0.376216728433607 0.0175117622292003 0.00781953221820541 0.000852125048580979 0.00255885546078707 0.0103725160937127 0.716516930306397 0.0562784629017622 0.0287819445247958 0.231243505117474 0.00474440403830117 0.1568396939094 0.302293643749715 0.00205515201781918 0.0686717016948596
0.211062721618483 0.579274213899236 0.469301872878327 0.557250491119944 0.723363515147313 0.255673588524607 0.0591560325652009 0.773265520343254 0.35212481352277 0.395554162872191 0.0847811530119999 0.51276557435151 0.094671717216858 0.0382209345500988 0.835814135301879 0.941786553684118 0.305683665839669 0.772136625048456 0.204273596734987 0.0106906643254322
0.337508681002742 0.687647401357279 0.410691638637415 0.813760060865304 0.669014245056922 0.264814423133621 0.577520829856229 0.613700149765279 0.286970303259811 0.79087580719501 0.752785941396559 0.974602558484569 0.587824993204371 0.23065102391306 0.911104355228722 0.961226390190229 0.536862345373647 0.650975916595253 0.307444096767779 0.0257433715298191
0.187382119802679 0.604281040677697 0.530753015025781 0.709093237455548 0.219456583514067 0.414435618885197 0.0353261435481949 0.977947660602089 0.813550848003994 0.445633750129956 0.596277581324264 0.948055146030207 0.287711584242919 0.157106578649511 0.808629815719199 0.99011017976425 0.618255211738486 0.433329965443237 0.111635000860672 0.01158911469841
0.00933455200187215 0.306922736191616 0.108676075434766 0.451039015183241 0.0176641701129279 0.532168916091676 0.0144601272799805 0.00958796895382198 0.792954516437115 0.000839123644713701 0.0011505452113279 0.305282455342077 0.0151897605093096 0.012562980837546 0.235396623483699 0.0790145230344696 0.286276455669687 0.290724073405251 0.00119625708105604 0.593989228149635
0.379175767720939 0.679192086504721 0.66736649099775 0.818256289413763 0.844869964118142 0.321236948041883 0.371029129828253 0.663383796569275 0.964300173777971 0.672936152126469 0.586959714916716 0.961607319958385 0.556398803897213 0.532655119362937 0.541190718996015 0.998017851608479 0.872095336044836 0.551748083472051 0.14993272819137 0.298574753350797
0.17951090309154 0.682095683012783 0.641390193717095 0.546551639327923 0.985281027371496 0.272627709917936 0.0998993325067731 0.655193857235913 0.923861204551027 0.55803481515271 0.913373405271429 0.987210987445176 0.481860008989202 0.160769500480286 0.873320734824385 0.816194955952276 0.442492553054242 0.653428443631036 0.672668768269554 0.418424665461408
0.0624751437547863 0.487921912992134 0.514744565067647 0.720653567809323 0.767434145850474 0.254497143212521 0.0821623694590369 0.627585322733409 0.13076265343347 0.285391478122752 0.0883085789750129 0.825210962821771 0.359596834889149 0.106911817681816 0.455791164790783 0.221879100679485 0.534036710937057 0.123783679591658 0.00161120014197667 0.358075898020245
0.61679940684585 0.687548639504584 0.38038808378236 0.661762515643231 0.967462477558773 0.618840546275441 0.0892725868495869 0.990790701272771 0.760543902654848 0.912249197952832 0.875264243852472 0.809793922707792 0.666872974134081 0.215130984929856 0.726490251510484 0.999954942400034 0.555143260353345 0.727356345247646 0.546735634103459 0.995510657839678
0.139336681385461 0.536671926071112 0.108748760275259 0.768206344630722 0.820458041464088 0.437025315416374 0.485874201482131 0.111762392468748 0.842210174317668 0.353812635354847 0.359891527908883 0.98193900893139 0.232723476820007 0.170908726572764 0.730641075119033 0.995618526928602 0.284124356008804 0.483025850884871 0.0744059282303642 0.999999
0.542827548130162 0.733367532849351 0.87353739644029 0.565029859922621 0.987282845873469 0.740621521540794 0.550509025793262 0.99372194812285 0.983576907152968 0.974551681247923 0.992725426342705 0.932192414168674 0.858411590396691 0.503020123429494 0.958254774349759 0.999374592232636 0.718029177475602 0.727186096479349 0.996345786156853 0.635785785534768
0.544744289582924 0.678470737938703 0.653336593701796 0.754897241139607 0.976390051392917 0.886713114252826 0.169773292779012 0.733769657950338 0.927495432400218 0.824024366708024 0.925961668935244 0.991396025037292 0.534902106685296 0.310417358287994 0.784293280410765 0.920457106721082 0.70456143813535 0.699615156463832 0.00299626123255483 0.999993002109988
0.676194418154154 0.794567183753662 0.626089210140941 0.637724542470797 0.996194087114637 0.367743630601875 0.482045403376958 0.928379278986105 0.930103382726825 0.979938466572439 0.957644368563583 0.994725332243085 0.668672996347468 0.359011199311397 0.934469777608538 0.994420704199434 0.76201984894301 0.678591015374222 0.00217032123510701 0.764111421322142
0.264554767733795 0.644547012928369 0.707388621390607 0.658793292552565 0.480348300723046 0.35242424082312 0.0386830520701706 0.257236761187925 0.395488591014227 0.460400423971339 0.34754729193359 0.919839668420847 0.175924500473831 0.287231097580573 0.368123076377923 0.951409047180364 0.284329003072791 0.493063914962273 0.244431947934413 0.913357302705644
0.238587847127179 0.667790462769795 0.900203476639824 0.73930337382228 0.997287879224254 0.29030216165132 0.150377635762917 0.889259403072996 0.892171271538318 0.90782288743343 0.995527425791791 0.982836075500459 0.634563986105016 0.274479814120958 0.922152212246698 0.999644622419578 0.683636703677257 0.787591473004095 0.214173915972567 0.999997916049215
0.276049113657237 0.545940788224559 0.0995102296962228 0.638888418907431 0.021073964557893 0.635542239882391 0.0555354787730162 0.549143366171609 0.961284213791636 0.138662024017801 0.204204999203124 0.590689023718078 0.22495887945797 0.0968935147011473 0.607908293830328 0.616400626584661 0.643155644357412 0.49645069859518 0.246599785699743 0.00812825562945146
0.0565219367077629 0.483150429177082 0.113646195014967 0.22118866775103 0.209185150739898 0.165672671420599 0.0120091308336187 0.0227642491296216 0.023139954535131 0.0521432537797483 0.0919193975985289 0.64142163154517 0.0650682377642861 0.0653792317612052 0.156678228943725 0.0615250614393944 0.453329804236691 0.159560696156872 0.000433101390061296 0.0307184128805629
0.134809285334756 0.507505017454414 0.371931243078768 0.604175271394704 0.201405954821819 0.377825813695315 0.0300524274620955 0.53615832343396 0.0913217421968517 0.252089832005039 0.816592970780057 0.906987522940271 0.27417935895046 0.121462807489682 0.887229488265054 0.996488541765414 0.381213469336349 0.60932324202034 0.917551275696292 0.976326911690254
0.138810356370561 0.574331203362369 0.767088662269533 0.425242395958508 0.146491968780325 0.238940031964445 0.0686976745463047 0.157668980105585 0.967430543129469 0.150212491961895 0.20973130005473 0.957126137257522 0.182652460672102 0.0637922776262426 0.477369969529149 0.999676694159782 0.714495279818937 0.660179000265083 6.61317036855472e-05 8.2025675876458e-05
0.223299979748865 0.671423422423683 0.955983347001857 0.79942300969604 0.365039413168065 0.707315326459359 0.651673817857715 0.896039944635849 0.892519915257006 0.698457508040267 0.329238166370505 0.965636314859414 0.51456834317921 0.149119147950967 0.705106395684728 0.995834269493266 0.410142141163967 0.54095720421753 0.993011858164254 0.922289970520689
0.210649611453891 0.532773110102445 0.567586829365807 0.531040333474277 0.390428791114971 0.554501154606243 0.0269382024810984 0.350427052739939 0.0251873877949897 0.0764174121820319 0.124116715818881 0.758382422058985 0.193714871883293 0.0524778508722476 0.526365543754015 0.0206794390754485 0.49475321430172 0.514005518164331 0.000870730886395108 0.985118437987526
0.205091357530588 0.757983722061592 0.419017336782202 0.560039260771328 0.642033425825079 0.202522184231328 0.481541720896473 0.250606216983976 0.320686321815269 0.698794556351174 0.936305192185384 0.928667950151666 0.301665675657876 0.241612711739817 0.694949494219193 0.916760768765012 0.267995304624576 0.590718751485495 0.0109784764524542 0.207233838337991
0.576268221177613 0.643060320258053 0.913670422592531 0.772188303962656 0.943916192062135 0.184441285897821 0.935351059471697 0.817564410261529 0.99371188931078 0.78810412240059 0.88468530389932 0.986133766495727 0.230939258757508 0.123081425784486 0.771854629733093 0.997224850573115 0.79417506500384 0.557055637038706 0.0451570756468276 0.000178349659996846
0.609389459907548 0.618776597971441 0.855287709856047 0.863144803261549 0.768318801968842 0.0699496167572093 0.355902253540468 0.986124274784 0.736286971025189 0.695071824775003 0.923380563315877 0.996515337231367 0.769885628327723 0.564924728903529 0.945756518885304 0.997529140173245 0.721858960163607 0.41442627603785 0.99298316755514 0.999750420093624
0.763000878869158 0.788774844236334 0.895940761047159 0.86547667800703 0.954275915556889 0.680254937174461 0.0913601284278314 0.951931697278177 0.448999298571569 0.853152835669468 0.955169420501632 0.998162265612938 0.620550428731502 0.30370866500021 0.945338914591256 0.999167404755645 0.744857904445045 0.802026960396388 0.705638621211294 0.000448686869041824
0.113343017574883 0.663275773709284 0.379305398339698 0.574422166638353 0.842423612725812 0.579666500489323 0.221910427516182 0.396513080576312 0.371678599154012 0.552361045775671 0.134515122405249 0.514541413780797 0.320345148554018 0.0472126214265356 0.418741956330533 0.720024694508085 0.638928261244588 0.397590120971095 0.140111482848458 0.0159643290082856
0.321612756935176 0.584693491621042 0.722138684343368 0.787262235433352 0.621201212508687 0.651305231455532 0.0776382018852642 0.825010624875579 0.980359073765326 0.505810278393977 0.484616668959616 0.935948363252543 0.331510529751642 0.0855499020290639 0.538088996000623 0.397981908082144 0.591477659903492 0.817025682288063 0.447403962716078 4.18031197325893e-05
0.0437942830358827 0.4037629657245 0.424032784286178 0.407399556357284 0.427665760105624 0.31449518254398 0.00378625150079473 0.020286431923079 0.503756193461225 0.0318504294977957 0.00977139358698063 0.0995503726157396 0.0279768767782838 0.0355579171422381 0.514315795099846 0.958338357464145 0.457592753784423 0.246984236705771 0.00277487674748289 0.00633934606118704
0.124910230244193 0.571920701301311 0.185303059636648 0.674918736438157 0.0912659912659403 0.370257078487911 0.150928331649939 0.895851605355547 0.664908568986303 0.584821027592702 0.185760382709645 0.944108956411058 0.0586027420478864 0.0603974154667262 0.795506024029069 0.979569172060355 0.592474532107564 0.375796515871813 0.529001180260038 1e-06
0.313486447632786 0.747732185187576 0.810369821494527 0.815169449281609 0.895858965577652 0.711438024583961 0.585482482677888 0.851240428482244 0.948318001148897 0.549889621449341 0.624954872901533 0.987940957394433 0.828878496633423 0.364040039570377 0.934612068029668 0.999932628838075 0.530758563803694 0.654646612598124 0.375577180558568 0.000888717972228462
0.0649272116168704 0.582848015952699 0.10078655633324 0.584302909656353 0.365343215258617 0.242418834414021 0.0668666450371451 0.717239563415597 0.00297256967829026 0.141985331437837 0.0358804860280893 0.944673488394593 0.0718182824130678 0.140567525309303 0.442837181299614 0.207470729222992 0.24812172564745 0.405817127141029 0.210790223128635 0.0829978215255479
0.341120775605731 0.65744626090171 0.693552958589704 0.788383529905196 0.696742984524458 0.690962344114176 0.228219273584639 0.290812756755263 0.262165404701012 0.403222009509195 0.45125947786194 0.66772969078208 0.266007964467033 0.0785929481909953 0.835702436523283 0.696546169324171 0.393520549919854 0.524092877948633 0.0191277138870615 0.999559761914407
0.0530750514979714 0.505612898120641 0.225680470604273 0.394628904048073 0.792378809249223 0.28235175755208 0.0170127609638077 0.267866447542054 0.167269164121947 0.486754099137943 0.0571419457984263 0.992262684217108 0.119421425243328 0.0682905688650413 0.576503353988 0.875676815769093 0.241547455693723 0.629951407236035 0.0146914336250969 0.977905494334776
0.290065084246449 0.701841259848669 0.246237430548114 0.824647407239321 0.970746184656515 0.213247315365519 0.140805680748555 0.989451486522764 0.868005368165833 0.879359063698174 0.839750524136274 0.728711565978007 0.588588340726115 0.417727453443329 0.904411600439962 0.997366720485459 0.625471191426795 0.659635550447757 0.683392145101717 0.99984557290682
0.60766290066097 0.763936214198759 0.725752502519498 0.692538690085443 0.963742127329681 0.835164596976545 0.0915564467350219 0.958696933449102 0.932595333314717 0.670304327070478 0.977672818139323 0.995714574077236 0.819944187943257 0.555676584588401 0.903653382874208 0.961365941293592 0.475176455511279 0.849902334871901 0.885800568866007 0.187466797763915
0.39766570754807 0.766248845884949 0.495567450110084 0.578979954714843 0.986364982029732 0.194804117314253 0.0727543798193738 0.990529080442422 0.966390581526192 0.989900250417277 0.984448223042234 0.988939175362701 0.653514740056982 0.408750380835144 0.58713510146355 0.997426372520227 0.647322088126182 0.903545510057694 0.983598113031698 0.0767908079588137
0.375529757767601 0.680797510646473 0.495747054355763 0.663578257797684 0.174661135994363 0.67511424183875 0.77632125787871 0.883466895743297 0.0945345274858779 0.865552582742204 0.927629199797303 0.984830614070869 0.688602704121068 0.120100516091166 0.93729012171925 0.995779246831449 0.503404500962242 0.595714379566807 0.52337241265037 0.00154361700471257
0.240925691840724 0.741927529249806 0.883248111549804 0.42437429901322 0.957983325844316 0.425538350737649 0.0948606518163581 0.905133312627361 0.948694324260592 0.98195637541222 0.813363211070523 0.96234944066892 0.439628819659717 0.189274164160005 0.840520021979324 0.997157983559096 0.594247990214179 0.638521673243386 0.949887012882914 0.958937801026091
0.179813428554681 0.622322018285033 0.523513450411378 0.627480254882841 0.344508037793201 0.814264909398512 0.163695511879141 0.233002464566139 0.652459016888995 0.578077901580615 0.155797170697039 0.950377366459684 0.111944929396181 0.179995520819747 0.697630828083368 0.95557419467001 0.384749869021228 0.490688203400007 0.64239059856514 0.362193598575665
0.0445640982389321 0.449730972263206 0.348022243162511 0.497700863033672 0.199148022363243 0.354159447220962 0.153633452340675 0.0332060609355645 0.0812478763772754 0.177519365229639 0.100051196996742 0.299870363492934 0.0666211030901509 0.0414880804080607 0.145662383655748 0.0265330312807589 0.255027294667347 0.241899674052134 0.0125697959094208 0.294694590658613
0.843698007731837 0.707883989958168 0.836715596473297 0.857436211286214 0.96996538077221 0.0834084467780833 0.709672417575271 0.976702927707757 0.996028140549706 0.94657373443815 0.994508804086778 0.96746853252287 0.489516688379122 0.478361667050146 0.96563031604623 0.999986453616469 0.95963409139637 0.940028990175754 0.96178929485939 0.997583998813648
0.511767615006391 0.744165100847608 0.130298347823198 0.623780192907467 0.9599875775517 0.923432209144221 0.0678880654571989 0.809034102099803 0.945566694974493 0.57659670559511 0.951626618965427 0.529103961261319 0.615544272095625 0.367166639725717 0.970505853450451 0.790802979346927 0.406011091035942 0.704382124502232 0.935623879198455 0.999569291194255
0.451080911993529 0.704117801804171 0.789579234803914 0.686316437299923 0.990406773599033 0.677650017880797 0.228020219510892 0.901055661963056 0.999281029046658 0.842644602938545 0.889829814422725 0.998233730096191 0.291109971062329 0.239758475183709 0.88705628698291 0.999187334600546 0.471703421012641 0.839369125002344 0.860334377079759 0.297061291008744
0.121214273830189 0.480290778218213 0.164046135012255 0.493140657937669 0.434236807347402 0.0923780789307802 0.0235770268752554 0.510770999407319 0.331212935524341 0.337280777261929 0.34115212095979 0.818298777243858 0.267028397574581 0.155662148021136 0.512101009830672 0.817040969675667 0.365076821682801 0.697139890736108 0.191782725931912 0.0015266463614106
0.199551279257286 0.53528755768518 0.795466859513048 0.474448791641031 0.12116012324258 0.839704469812717 0.375032440555677 0.223872060296807 0.176265354680238 0.331492998359798 0.64599066209914 0.874277143323757 0.122772762615598 0.0800975400444634 0.388805453314011 0.804301628326281 0.763314073752007 0.442246667179124 0.000126552748489503 0.000242689827064642
0.0738343441750668 0.49138415239762 0.464063675675452 0.772275934512205 0.0737958925047829 0.190426865650961 0.0320265067700371 0.46711320942349 0.0243725802582328 0.446492605425135 0.382571745843514 0.929021115581094 0.21204871692731 0.111941713943288 0.6987659953611 0.970905997140528 0.357208641623581 0.656365514175827 0.0147596491608736 0.165721580389559
0.103896789570071 0.565636035633515 0.204237168233253 0.457289854809664 0.43259305443324 0.0412961124054672 0.208593208736528 0.201325755028166 0.848386120021709 0.281872558555445 0.661550643246375 0.763166086419628 0.0545470183304377 0.116424145077076 0.641234005916567 0.946343884512031 0.495514606611856 0.370441865337373 0.0200429948799628 0.999820922017047
0.260403323226358 0.495235120109751 0.294957667706454 0.68633855845099 0.323081970410486 0.62427676203223 0.275785782719124 0.554966648601391 0.334895277064215 0.336477916590218 0.4266237989181 0.639610930374706 0.221592150955818 0.220452222727023 0.678851391656383 0.914802215904837 0.511908298476495 0.683902197141437 1.26970203042358e-05 0.979667944016156
0.212095246302877 0.592833545203201 0.395238791000675 0.772435314184406 0.104860300220258 0.29470948226223 0.173065855061722 0.928796188739237 0.349395885149164 0.242157506995238 0.693287630612096 0.959003995784901 0.341120645537869 0.224066514599633 0.838129255237698 0.947385377447355 0.538233324190055 0.513448801959417 0.2735433186247 0.00264191324787247
0.0392981441922179 0.591154230398686 0.481245231174158 0.848299496831962 0.107026001396034 0.597337503689028 0.0960644348290326 0.0226328043963762 0.890582128378343 0.152285372668953 0.0283284147168454 0.97061740107825 0.11096041131281 0.151862229722394 0.420407882822536 0.989841904397602 0.511408748139022 0.686138124648405 0.00364221064044408 0.390664008005963
0.0526022328158015 0.439861081436867 0.240106006197104 0.494908042258931 0.275579411949844 0.306210411754134 0.136006180329586 0.193403443808221 0.303948154542205 0.0474282449877827 0.0108127645121483 0.895121127539887 0.0648616223313456 0.0474221800366927 0.304601512303751 0.405674822832642 0.260198455508118 0.43920704093498 0.994540576718807 0.940284437046693
0.0825891022260614 0.539003142061354 0.548606883196915 0.612282139663694 0.644404839160472 0.392374959865577 0.0634265135803993 0.411372527020574 0.248766916748661 0.0496172012633242 0.181155686286356 0.668590075181652 0.0688177320035932 0.0927225384157665 0.335865004245503 0.112863967446995 0.132383292789823 0.465879817362176 0.775832471773455 0.99992843807892
0.793581223023904 0.706066479835302 0.90794035543698 0.596912248732805 0.9863852744482 0.472716832649928 0.119390904344057 0.412710103248618 0.859726372263876 0.80218066359662 0.915587954188828 0.999321559435727 0.66591658873936 0.352552289266261 0.841522722724874 0.97753028594038 0.63069906915748 0.516775669886287 0.956162218755695 0.999350279531291
0.723791714695142 0.781605852667241 0.790703050681295 0.605205102046439 0.996763637233944 0.63053132743816 0.792147231827377 0.996055032348551 0.994247637368146 0.9890990582525 0.997538955355433 0.998254889011902 0.917729749682869 0.491766142672005 0.924893247448961 0.9982576970651 0.613159836465591 0.884823356541829 0.00292949104440317 0.999644714625735
0.021004090474964 0.568186032563175 0.0568396974198408 0.738424906259674 0.00610712211039654 0.320853818808792 0.0442700475146021 0.539830682878046 0.0447083415185917 0.0754520317337887 0.035440259161514 0.526848024813163 0.0152554887576541 0.0577415604966462 0.176266190841585 0.480222068937188 0.422138420984899 0.212101401548364 0.632312553030337 0.00325808305601036
0.321528745717083 0.684899767736549 0.837318191625587 0.837903828854581 0.855217514249051 0.364735892608301 0.34553292722194 0.880533807425514 0.0633121415975957 0.628985045915024 0.277269570365847 0.99491141799274 0.7250098236149 0.185343824566581 0.720266700544724 0.995319379053782 0.394284903749922 0.63190336019868 0.0301544009479928 0.70947259827453
0.32980590002211 0.648620731984878 0.276440620518373 0.668272861514566 0.776178252316423 0.503511057269649 0.0972194056297986 0.932755011400559 0.55696348069883 0.638729096370076 0.321285824354268 0.904116782928789 0.363019112558956 0.103368007931394 0.78682174782139 0.857230510243477 0.170563179678339 0.494756825510583 0.81879555726898 0.181987512078212
0.353222588385081 0.719802472045193 0.697990610349911 0.631070216822695 0.933646709925985 0.245815331083888 0.328076749320484 0.979029444649881 0.810152801318224 0.763565459537494 0.898007767800608 0.995691363810998 0.250681641572484 0.200521671824989 0.631172762925523 0.984872608311782 0.828426887279341 0.499283301391523 0.995995281540896 0.986851431765
0.873141913327635 0.794923000263589 0.895979212300973 0.812611470731832 0.972861510807912 0.912105255985319 0.616102155831386 0.998100151108291 0.997930323330838 0.994981293703357 0.991552236001141 0.997910072650131 0.811473815428523 0.536888611099947 0.844036749894285 0.999758309743558 0.618391415407118 0.927195679359249 0.371489151713248 0.999890834827586
0.109095822877643 0.69343446911128 0.730041607120834 0.674912266720131 0.269827103321483 0.677456363951314 0.181309278777021 0.315641858753558 0.66071318342201 0.211302423041046 0.240365768830127 0.861702677568169 0.216363622474512 0.0586400702448139 0.689174684964656 0.923187150703348 0.588771688482683 0.48850830316122 0.0166178412275834 0.98215951073272
0.286717079339882 0.615810949860518 0.867714380325161 0.648344823318091 0.62072132431682 0.6270373993395 0.172644957087176 0.739318600686056 0.519040413758906 0.877095799390733 0.836827934700594 0.95101474957477 0.222648469928024 0.191501821604197 0.916812334050451 0.298951749039209 0.629447790457885 0.368122841485981 0.00194293339839675 0.335680007268519
0.038673921829362 0.489923135099187 0.754803153454264 0.656276000299746 0.0527834337717865 0.770876242839553 0.0412525554275533 0.0717091290832626 0.966203045963936 0.0627970840189744 0.149629990199074 0.867166497247742 0.0687152922655249 0.0725736884522771 0.333728708481297 0.785866370781022 0.277988339273135 0.316111547503704 0.296691891960787 3.38601936486669e-06
0.32039973647653 0.675714978554286 0.814597536262234 0.718254502444296 0.435121889610188 0.633302431792785 0.58675120087188 0.404624523137351 0.95962180077437 0.943096865226967 0.881113317117796 0.970963049496771 0.384710991195313 0.295663301683884 0.802417296354849 0.998886224168073 0.59661993831187 0.573794015393401 0.970601235098754 0.50659122777056
0.400479329128938 0.565385537009291 0.939531006700896 0.488881425017402 0.752835142126316 0.4122238706811 0.191926852245223 0.685298346359589 0.967367114851122 0.331929505277388 0.708389203800265 0.955420379956502 0.542577241087079 0.272369853004821 0.704532395146077 0.956498600717886 0.729820672704813 0.791136621524651 0.914883553716696 0.00111124919671049
0.378593399540917 0.645091821394888 0.581470511323816 0.72904313509755 0.948965465242382 0.64053292929388 0.111851980743586 0.845218786452664 0.909428194806058 0.662278234254643 0.969574520681238 0.972825505614956 0.447633715846428 0.180568765930138 0.871765405885814 0.963421985080264 0.594820407000203 0.703830476220045 0.00424487486543389 0.00189609197436629
0.0950408128438941 0.537276547524487 0.149537358852982 0.763198983431254 0.124704142387473 0.463876001464648 0.0858707869143764 0.0766082047352685 0.747034642247651 0.0865524750937891 0.0886687477834796 0.769157734991667 0.107030038166638 0.0580444547315804 0.524612844938028 0.695396967468391 0.405055203001729 0.34620491354648 0.0116822729402061 0.841517074818923
0.0781392978666958 0.446127316828282 0.388281391070366 0.702715062613799 0.318694578962074 0.567588206934844 0.0284900512649237 0.560999790498077 0.890331488377788 0.0379400023048818 0.115100481868605 0.939420634155854 0.0946418701574486 0.100270237871764 0.719760510688789 0.723085000228048 0.341059146548769 0.297833861587464 0.000139855342616076 5.0293052218256e-06
0.341898345354324 0.66587817553751 0.80915498812573 0.743943890127182 0.361264276810783 0.0285455218192606 0.171789734938075 0.933767169962376 0.665315209801888 0.865014062049955 0.957485657634628 0.951394755951424 0.392172919809932 0.0902351772467169 0.756405340026498 0.964330697947565 0.775442943687071 0.861001102848293 0.793003827093076 0.999932475789534
0.453460041772104 0.740674336453207 0.802208825232744 0.659378444906737 0.881589650889111 0.325697543576534 0.16222052750395 0.808547846521274 0.892783286982009 0.87536590685224 0.702480657997592 0.997478448673425 0.538948876019813 0.149621902741051 0.91037130574331 0.991486902574072 0.858783343012832 0.607473992968428 0.0304444980917213 0.667242159179593
0.0422495072870028 0.452619557297852 0.794828975608719 0.671476304764635 0.1636996930016 0.370499537631681 0.0502918762693781 0.346865897618066 0.285060911002277 0.0835901493240689 0.117840063420168 0.40180879041077 0.0511733626618674 0.0503657360474709 0.161826086014484 0.63332135151773 0.315009622104263 0.349460128898587 0.151261795455165 0.826073396843469
0.81601062681902 0.715215885884894 0.865582553924812 0.853244523240011 0.970382094978751 0.872013990742954 0.631753063673963 0.977512300362427 0.952923478200006 0.924148460665564 0.989345040458873 0.999942947766654 0.8255212210686 0.510492409760547 0.846876786438816 0.936749831589302 0.784848478211999 0.909396173021484 0.0353633360217785 0.999955515154578
0.160514703397675 0.639001506059347 0.771074007228918 0.489363223664835 0.360822035232164 0.561171920527425 0.0860948945931813 0.534864868095857 0.27462631577196 0.34345589739518 0.781436040851158 0.7725393276957 0.146375030863392 0.145128966948462 0.423688558608129 0.910977252011883 0.23997073584009 0.433985537355789 0.0755463454181249 0.999771306997045
0.152536239453384 0.645545476170123 0.599535634267372 0.526770011539626 0.251239519234913 0.114434978770183 0.192536258483068 0.704536720523927 0.269115165915793 0.308504463195425 0.413757468002759 0.97391526350983 0.295634152528321 0.110943976037588 0.737295114887071 0.742388832039209 0.553214773771073 0.583424850302312 0.736592137069792 0.999649484134603
0.288264544849966 0.54594335891002 0.424460241073422 0.591544352599026 0.226637357840157 0.252550379397094 0.049938433284683 0.258019674875898 0.911195118797482 0.560951320389395 0.688785215324693 0.984372193817598 0.181835326495281 0.251530168739904 0.667657811476953 0.841321353697235 0.570146830188114 0.71204467949161 0.311015334272654 0.977023460394261
0.127426965640417 0.554042842117286 0.450558145613396 0.682901674900341 0.344613381585839 0.0584413488204066 0.205035955201245 0.166539698130114 0.47412804781837 0.319694751817714 0.286488062194092 0.398826998952802 0.0887779171729669 0.0979052725413415 0.254209854960376 0.986144547367806 0.337194459670434 0.335836391126009 5.0182191816688e-05 3.42073731579968e-05
0.130327168485192 0.563308010899015 0.826560505714025 0.74342905617608 0.0312547020893366 0.381400591027624 0.163525429330977 0.193997880474889 0.76711413827873 0.563934587330158 0.397417017616081 0.658385541612606 0.0959342191709669 0.140042338689472 0.675547745173484 0.985875417377891 0.656371153342963 0.373711118315732 0.0187324466948627 0.558453226151501
0.0854460738352833 0.571073632267588 0.65377386296409 0.403881726817349 0.361755975852053 0.13205467834213 0.0962030112799455 0.541880153910476 0.74854460395453 0.335402050901328 0.645609768742803 0.724191801801693 0.132210219732068 0.117203886177796 0.575381127041734 0.0911304044585121 0.117061163941582 0.199821540841004 0.24404423966307 0.750474916499384
0.411904685119912 0.64880025263531 0.712158278430337 0.568504759012419 0.850280457472052 0.45774813570225 0.0735920035091037 0.569293713496773 0.862575907600921 0.31593168925502 0.283168635933786 0.899254666263225 0.395864595709277 0.0585924593941292 0.830497737934267 0.983809537136445 0.625942328963676 0.824890666754976 0.000798835182387862 0.000178811033616856
0.0885739782174996 0.445589162786242 0.622056512858332 0.832349713183107 0.145885377658556 0.226426833223024 0.0246361133189786 0.0332621486645408 0.345217116805125 0.0256288220034013 0.0424054635331514 0.37028361095574 0.0817903594596726 0.0465016101098473 0.285974985160089 0.0493622594398475 0.430334124572625 0.485650782295884 0.00395113166400009 0.00176046331122311
0.215900587651975 0.651830199972097 0.758657309204737 0.460314074854653 0.807895917258258 0.405024078320707 0.419972547037436 0.93755083807591 0.997088410139231 0.938262469412827 0.711476830543133 0.996063456018342 0.669757372477885 0.208567409208582 0.913732123265039 0.999875463262623 0.374251234658369 0.765152435446185 0.206903178998121 0.997804406975428
0.263759881439192 0.733598186407249 0.627192411421965 0.52934416243939 0.658523549437357 0.413387246793497 0.645336543670346 0.951971503368772 0.901190078163926 0.945107833479718 0.991756940686794 0.989392927225042 0.358774818516573 0.27337331928401 0.92012804095679 0.939566348527321 0.495163300494662 0.72705815557313 0.998783111257846 0.0105660472404133
0.0197867532034355 0.424258599671501 0.112218770523118 0.383411936676698 0.0230260084993377 0.251142679768581 0.00513724242516902 0.0689184411997735 0.00868568350740314 0.029075242280633 0.0271580232866279 0.571778900249745 0.039928750787175 0.0252161422215695 0.502899611381543 0.0761732134688533 0.352779577061442 0.497563785012677 0.00595865908915842 1.3868102511413e-06
0.765101697733181 0.696848253416904 0.775044783223734 0.441643629427382 0.993205690985451 0.807496653786895 0.625263163972379 0.976963230363091 0.998451080782734 0.94498002130229 0.981835615521266 0.996043980460069 0.765064019831239 0.465866910864424 0.884912754778024 0.98622482817644 0.665890245059722 0.728818169699502 0.99860670395508 0.964025789903341
0.174659398010846 0.57290493002254 0.601239602332971 0.784396727946567 0.897690629832503 0.0559371470700431 0.0204003718121824 0.552079765795744 0.980549955484344 0.412579469897327 0.890713563517392 0.707240433068367 0.207020038613341 0.0867127645383083 0.514516739009187 0.996356109420681 0.710832568060249 0.426712275951174 0.00249004073893845 0.999733012487046
0.294873947101948 0.70368603924088 0.831753023851729 0.540594985283467 0.373139070741293 0.299032846483452 0.261052592129992 0.789350797514284 0.213632261419172 0.642670273381881 0.79764962948543 0.759588195771816 0.184323773056136 0.185428615137114 0.332781742391652 0.958160265186394 0.577002271471625 0.734007332268251 0.971366274809176 0.0864636420861881
0.108562032812 0.381788740436219 0.123178473089363 0.584074371746363 0.582484089253914 0.425195485310652 0.0619824609157885 0.0116156803852864 0.700081139163933 0.055868251703922 0.0994294722642749 0.916367923913118 0.0430434887236255 0.0210821880203268 0.494904980732585 0.780556792167422 0.261752102526753 0.250224836575917 0.704019644633644 0.849287868924434
0.0548631079745381 0.406348878913962 0.63365241173205 0.614844764150131 0.0325321724257988 0.228796963143811 0.00517458197358584 0.0894011435429593 0.57062741901867 0.0243375854508714 0.00734967700448791 0.937882086866883 0.0656311446538732 0.0229521813263029 0.449648237069126 0.750905753785115 0.391358567519104 0.447383552605337 0.0134417692384337 0.00452386225281679
0.341208340513631 0.688906832236709 0.811030571486251 0.7295553526591 0.908516969975874 0.502036215856503 0.501279853449588 0.800921366332399 0.992057282055008 0.868141489190557 0.142330031252827 0.958454200356049 0.462474210422932 0.266035527663273 0.803784895468419 0.954729000788952 0.71091960168535 0.537580035302398 0.119824956120165 0.16856998915007
0.0489584847622351 0.461868027420019 0.18244498343251 0.466112153666222 0.0536325106098759 0.651423084577724 0.0596449540727669 0.0384157095554829 0.0400218498660623 0.0779426357018888 0.042813586320913 0.561259262063527 0.0292559935147481 0.0554723892984509 0.688991707687987 0.261194255563931 0.180468353325614 0.233529175651889 0.103766896543758 0.99957865712118
0.102567314923273 0.492630754089545 0.226180401951349 0.294319711049404 0.629485243716071 0.375190435562397 0.0475629606938495 0.0212924147767654 0.0373489664677071 0.0591333378243917 0.128922099387406 0.650355784309722 0.104724057984222 0.0484478492014832 0.555497068974185 0.997223171452154 0.19360962211657 0.564739249682844 0.0812750797651584 3.55163449167564e-05
0.584390934908946 0.667072697338649 0.467883287907498 0.793107558488098 0.863444355757822 0.20747629103386 0.241135900110931 0.577683626176797 0.987431918126802 0.836462921085906 0.934756297282862 0.9886756468118 0.437898234204516 0.323586824878681 0.240602023290579 0.995730253629402 0.734182225717037 0.903311797395941 0.0326413228724091 0.00699949741497547
0.0474706444418062 0.45426768925108 0.240449835273205 0.389409718671389 0.41003369917885 0.314935886481166 0.0226384968603172 0.0690591420051297 0.227664983522763 0.0814165735265375 0.159053356091108 0.567363373272948 0.0661774450377983 0.0515054316878175 0.354725777515639 0.157792011878807 0.308207945834171 0.110451369715982 0.0357298308019465 0.995377861853652
0.0365962462788546 0.600077756472899 0.709870341591125 0.376820265153174 0.137600446659083 0.681564227006385 0.0146699487113177 0.0405751749916076 0.470264281105795 0.118929195078875 0.280914661085947 0.831147452840444 0.122584913505297 0.081367873415814 0.592515090418638 0.0237809684210727 0.256919524964837 0.332184243054956 0.000346155759819873 0.000235289733161337
0.512655355957833 0.73568764593461 0.317066003573074 0.684715591673322 0.939660189539939 0.675343378881467 0.684657033307705 0.943096584005577 0.705013533778307 0.968594465207655 0.991073244410195 0.999885931441891 0.799469557378803 0.455528690476043 0.949796687640907 0.999734343093985 0.792654871218919 0.425959609798141 0.959395669251422 0.999904837597941
0.0645145036032479 0.466480232045077 0.180223494095912 0.711068861605036 0.310687323513526 0.0782601659862843 0.0295833115752733 0.0395343383039939 0.884736516929721 0.0505888110076154 0.0541106598082614 0.945489727506002 0.115930635099635 0.0322367372259205 0.384724338827809 0.827871862437727 0.65204518511214 0.420003793361693 0.224569056296992 0.0430869565598063
0.0742701954290211 0.54637940450925 0.454711938662171 0.263331112695719 0.159038863372998 0.699964544032244 0.324842355798966 0.221029981540356 0.0711756424520911 0.17281613788566 0.360683859632953 0.968805070796273 0.0694783267178837 0.0890996134602914 0.454489710580279 0.960478766304484 0.531593399982619 0.38681587761486 6.05256903563885e-06 0.000457501524497615
0.255410398536535 0.58214513205049 0.321484422898319 0.764675855047403 0.541480667629104 0.215406351017463 0.237964461706414 0.438650991538311 0.0401161182788885 0.0620531810461399 0.258716319208853 0.750356261354443 0.0828745791848833 0.109548818579172 0.673278721883924 0.582014721880229 0.574519239503003 0.324508691700456 0.999836609465035 0.0030863708454595
0.0767888857347687 0.51046112223128 0.561480391266247 0.301649030475212 0.623058255885263 0.204946287799724 0.0622138607306954 0.0131301981689614 0.965433468183846 0.0962499087475742 0.00579629660168201 0.959709449693168 0.0488241680078509 0.0358415780729314 0.280489059202181 0.4908574016577 0.425785611041649 0.229022833527619 0.82007254456705 0.00155000585566196
0.183901925452 0.568628102565088 0.697171232216103 0.791210998676506 0.572578482060836 0.14650768360386 0.158387291733147 0.771690607835856 0.617851996870006 0.387182005574662 0.156982763414992 0.910941776924874 0.160214916299781 0.12220161191641 0.512558064053125 0.964083790952364 0.401727899472976 0.483618900473083 0.251858797004469 0.0360176128888312
0.00953240648346743 0.387192878724533 0.077084572575919 0.329246204634834 0.113119046242971 0.0785218862889849 0.0202631468728569 0.0224852329472759 0.338347385834531 0.00485012714704218 0.0054384165141214 0.820112478934242 0.0399357053971488 0.0197637133758422 0.0527234789891064 0.421113997196563 0.18230959239981 0.493707337698046 0.00644825219492929 1e-06
0.538484854678022 0.763263577167104 0.931221469845656 0.831417274653125 0.96532772146333 0.342470350686532 0.596574069336778 0.992622688530349 0.956508704873 0.874971372155598 0.931491405013365 0.999828532701345 0.782464698133152 0.44876931614417 0.657220175047121 0.970077505760425 0.533228961242958 0.709071449315707 0.816013181644888 0.999818608628277
0.137558452627595 0.715105145492507 0.191825589327897 0.543023647509255 0.0876389638007196 0.719870053588342 0.0692868973606834 0.169357055421915 0.400412104549515 0.354359016465052 0.702933512337178 0.977972728086375 0.0828932487295771 0.144854635110564 0.665974059156203 0.881574543621756 0.553055753814622 0.550410859035648 0.880969726108842 0.873973386173333
0.0277801996667785 0.39935935001789 0.128218435407415 0.453933373395562 0.0262941135710974 0.389968435763003 0.0215105186554065 0.00398466406207993 0.0552307651606905 0.0111413300912307 0.00116224308005383 0.134988381661475 0.0329614031072366 0.0308639213684938 0.195909717497521 0.0773349765427181 0.217262543995427 0.171513558118295 0.0244656306245227 0.00044482469866292
0.304892595494787 0.676621638027967 0.393143989648106 0.51903819614365 0.590517285729183 0.476518403860852 0.615542192500998 0.904117734019215 0.893263367626461 0.318723947013888 0.575218305948963 0.995422831917019 0.262500388956469 0.054343525020328 0.464489693278025 0.930741892356322 0.376260883500637 0.713328111407593 0.853760772963372 0.663551100022477
0.0653681623229363 0.512278061824396 0.355706937614062 0.402932350534371 0.229875609415461 0.0900544914662957 0.0282608981857753 0.0506428624538578 0.158505207807703 0.131658325156332 0.414028135195452 0.911163329430637 0.0355434817472962 0.0337658643139854 0.275686929110088 0.389957589276577 0.392331364913508 0.168660102224164 0.0131977158262913 0.721347955116989
0.448205803098295 0.708481862678961 0.540205428233455 0.742133149110818 0.856538571360763 0.843979516607988 0.23260458790488 0.775303807635191 0.537711998171322 0.815857357189438 0.286792306487195 0.996525144301465 0.317464044919136 0.127056925312916 0.857272191248177 0.996799073453344 0.537093788848919 0.517262815353553 0.000232479579680493 0.967604929184512
0.70795333087747 0.794283794999577 0.867631118913434 0.597310295552388 0.999645963507132 0.16909049758971 0.640135507862885 0.986483765075894 0.837895955436895 0.790049311170717 0.965358798593054 0.99951288632007 0.768883784989263 0.406806941923616 0.893053363562127 0.999819710227233 0.593147508205166 0.811510229018378 0.241580746424471 0.00672557572703993
0.255163753267913 0.653440504824855 0.912281254743362 0.737665684570569 0.715920030266464 0.361768590371511 0.403113401151526 0.950632009581348 0.261094548349691 0.717618139921647 0.479126078663426 0.953068571554984 0.269282496556948 0.243308282505724 0.75499920890085 0.897053552411851 0.3904480531367 0.472294442121735 0.794314610668308 0.0039825984527196
0.0850653358013205 0.563063029181811 0.443751221848698 0.737324161652799 0.0241674374118908 0.611041650331088 0.0441266557110415 0.0284519604016838 0.795844683885259 0.115974286126462 0.0897629495985105 0.929417165783605 0.0718279283341668 0.087395237544841 0.56064410157283 0.0665647147825553 0.200857105985988 0.332373648346757 0.992030079807463 0.00593741428984779
0.220576913925622 0.657797094565937 0.645590795846941 0.81924120922871 0.865688951781288 0.667911965625742 0.491619400525088 0.947160621559862 0.443104876374837 0.780207486330384 0.9211073943568 0.983505424732297 0.671545504428927 0.172100095675998 0.894908510838542 0.929263688596402 0.385485574677332 0.433618978916271 0.976865420276888 0.0262442276036012
0.547976168971005 0.757410249004079 0.778474805050521 0.686505387006127 0.992879086816547 0.497465254876943 0.262192175381434 0.860939440247944 0.987981345894623 0.950828210964487 0.674008763838185 0.999762052055003 0.535438255881844 0.370824831632763 0.911613233226298 0.999660768460128 0.684694591283219 0.749470098388928 0.118268665702431 0.00974739704454391
0.0907490091744726 0.587791376913732 0.246968705281896 0.761431896681976 0.134451045006729 0.446359300509249 0.114556577302699 0.240596369169693 0.943932969698853 0.692553645160701 0.221325116744417 0.804286980293372 0.266305647723449 0.094042832378106 0.582784493602024 0.987907722206779 0.748471760900047 0.429826715913918 0.000936525081182172 0.000240844922035602
0.0461211781955877 0.554290002127864 0.157442482523624 0.625047069337979 0.41336407724276 0.39395016516923 0.00894402855492134 0.0816858276513204 0.0234072975545528 0.334525311228141 0.105937826420841 0.774517512746567 0.248469318760024 0.0601097685135118 0.338051431807633 0.180977708008787 0.661295736109545 0.457247078142485 0.000138151498920522 4.28779713803231e-05
0.390406105919756 0.694304148982301 0.700015242137248 0.694927020243881 0.970044894320019 0.155909920315861 0.538867447858128 0.963353825800672 0.823263742952941 0.783804934317323 0.994501770924581 0.939907229055945 0.583286225358106 0.424961014630641 0.930511971772708 0.745311377748141 0.392776038600228 0.755380010888915 0.968851623389287 0.90589931220206
0.205773598000991 0.541542094154908 0.634436238932421 0.655193145856035 0.496154901961024 0.457914932513275 0.517424698704633 0.127200082445625 0.919469590750731 0.772827199513999 0.113328146459494 0.929400497335021 0.139709376309178 0.0611363567269975 0.728038154893534 0.948315961084588 0.390463294677923 0.769183107666044 1.95847197921201e-05 0.0108625636728872
0.350672654886264 0.655761492749427 0.384743593770901 0.460940455929557 0.859875480634725 0.550774020336604 0.52904639310165 0.309228460037054 0.740435864212538 0.417688259747702 0.876983658122468 0.950550235347324 0.322727127947218 0.262290035616738 0.777637295688415 0.990478890968671 0.568546503068725 0.718640236285392 0.39397654708712 0.894521164695673
0.188202096826518 0.602272470385617 0.229938629720454 0.593345253929273 0.533179500144177 0.480178644274098 0.0397077579316762 0.618813562558534 0.141238085863947 0.287543821345107 0.140644464696139 0.988325265637947 0.229148374733471 0.102136342625187 0.870800240765642 0.936326889309124 0.624769245662254 0.370500009906798 0.0313847644481053 0.0345955280163866
0.394835521956846 0.799337288835015 0.771772010928908 0.691270648373035 0.987054125977502 0.500145511775482 0.402250859612909 0.59897412032725 0.991895461038793 0.863645813098179 0.648098933491066 0.920896109069843 0.206653464818046 0.173555619698182 0.937301251715685 0.99918245651996 0.620281358636532 0.514332917660668 0.00574174673449883 0.387876934348353
0.0684632082566757 0.538590895206401 0.362532373482511 0.453828657314667 0.104169664064922 0.268037913636164 0.0066914718667452 0.280406867022879 0.0610877765503434 0.431227964399322 0.148072306854303 0.965575421978217 0.0935795120899099 0.121403269698172 0.220463070837409 0.933372640269451 0.308249830847612 0.585463500149675 0.00234140612024266 0.608938675314267
0.298213612449565 0.608807358853422 0.306809465832963 0.736464700930374 0.786962781198526 0.292480655768035 0.0414930324767931 0.76446797943839 0.141459637008319 0.639929350644099 0.829288431482647 0.993095383688511 0.203489188223083 0.234988323846463 0.30795714961601 0.932038638211367 0.307063226723949 0.500394860017485 0.898197899950415 0.0505753430411546
0.0532263673859121 0.490988125929429 0.345236771639634 0.566637739804184 0.497246418853234 0.332075060699301 0.0930584461485624 0.253801765752427 0.720940636815722 0.150296374565623 0.065304733401338 0.995631231096818 0.0959105202280233 0.0958824017842707 0.202362953441752 0.761809810848145 0.381234670676914 0.334163534185541 0.343307974378473 0.025538320990044
0.260794561818646 0.686034868385047 0.640112785215314 0.664921000329919 0.762842506861433 0.115794926086044 0.1642658849316 0.917118801863195 0.996420807229043 0.547524769152738 0.544000673827992 0.756428156323299 0.432312512066836 0.169499463334132 0.673908350630574 0.983355324893599 0.727181001241412 0.717280403610024 0.0379501224721221 0.893006893194245
0.565809840596353 0.710988680732961 0.938828720936615 0.732117479284279 0.980646235357923 0.45711218257785 0.85829598532309 0.435971875540511 0.901462018731376 0.949895074232316 0.905720063775544 0.953787910035948 0.702900258765065 0.36625173586809 0.669112157189798 0.986575557639284 0.431763833113728 0.877227816539279 0.0199041651015093 0.00938616271620383
0.448621243319256 0.777948610762912 0.898588060532614 0.76605892691959 0.992399804323513 0.438060391873177 0.136734755141967 0.840506456672328 0.992159407678507 0.907390345705532 0.753305053412972 0.996447231809061 0.485622613740839 0.277582503866728 0.846234472116644 0.992404245882598 0.849309580631312 0.302463362790974 0.407098242453871 0.99913693831498
0.21418727382464 0.618884894078109 0.640268567583459 0.604561226919699 0.926365235010715 0.495449864042671 0.127165019523886 0.18376448031947 0.391592752096091 0.251681284186421 0.210927251210533 0.927831961138507 0.223371219277354 0.120379784205162 0.53694538078955 0.276559502957093 0.17951294866365 0.516992694174452 1.15918777142263e-06 0.0237257216491275
0.362842547559357 0.579648703472046 0.278045056762654 0.682457176270532 0.991384267125222 0.268756519752715 0.412357088640044 0.574185614584345 0.908536836036239 0.738052022631374 0.885608552075723 0.93505164619349 0.330565696928397 0.229926077617717 0.887173089155117 0.947621875982624 0.841809876722383 0.618653519905516 0.197973174548382 0.608103295098804
0.826694967644176 0.626469632467824 0.793799617772828 0.663796160637483 0.976449324209928 0.43935061489366 0.682478010826578 0.848412591692045 0.963846338405446 0.899007971134671 0.984936239760586 0.987439314905556 0.80171520395989 0.447889185228663 0.50100775729201 0.99915345542312 0.492030305239778 0.64809529232326 0.19221973049762 0.99988638398833
0.0551194546905799 0.495438051785569 0.371172460336103 0.574793902989575 0.0157996730976636 0.480671981051111 0.00891768431300509 0.00426760217655478 0.583675584405448 0.0238839633597066 0.0852286263045001 0.0697101855431834 0.0406513821825795 0.0160750703570971 0.211382179105012 0.262399923519755 0.274021835459518 0.33362250216725 0.00057610130994564 0.299675705650592
0.0852487101982348 0.530399961884053 0.440915962729387 0.536541302310995 0.0435307200438636 0.163591573312506 0.00787438072578241 0.0425491728912106 0.915984052062028 0.0548774619209888 0.0374044101433436 0.679080164779839 0.071941315902019 0.0530946631278557 0.712777220916564 0.486909714699306 0.591489430134502 0.530420464572696 0.555119944503179 0.0160262411398847
0.243999355637565 0.755490756954135 0.832559766830031 0.534577746842661 0.549021289952959 0.370600368404964 0.145518206363896 0.197543982606364 0.754701352701326 0.869715180081773 0.900107627933923 0.903226380604092 0.398268145878283 0.321101280679631 0.804291925811105 0.990179128838853 0.633568945704483 0.672241292237911 0.000249301951573241 0.517401023207517
0.741516104530797 0.727237508691851 0.635117256472087 0.68826458919497 0.981386879522973 0.48354654847153 0.724010647255078 0.941943729849953 0.999787348117642 0.974997956822566 0.985964656792988 0.978359946203422 0.633677329357588 0.739851825466981 0.823679693653401 0.99531096976743 0.552204567668089 0.777783539470684 0.934362090663702 0.997369745272724
0.408339243604078 0.741742874779147 0.461643089655857 0.740803897091352 0.615934958039203 0.395873066210081 0.475351766795447 0.967525550352537 0.581605333699701 0.815155640484458 0.951710690769276 0.999233867988573 0.359658589669445 0.188153629868929 0.945023565195913 0.887008126416377 0.652975536840696 0.800165111560396 0.67200691028601 0.866948491502202
0.0499764484863136 0.570263895737411 0.737524550682238 0.3364490906693 0.893069967558075 0.153029959763648 0.0360379262708956 0.11809522961744 0.845755143594581 0.323343523124795 0.205985203205391 0.93246753723962 0.105804022172645 0.0688767761619013 0.761890190069649 0.85850997767092 0.418375341346673 0.449120226497778 0.507337122705591 0.298013442962252
0.040272588181204 0.481959931024698 0.811560342772431 0.609307547156763 0.343884391109082 0.66397089824658 0.00655941083093722 0.0214116719454094 0.186539020630078 0.0594520306894083 0.00185965665893172 0.941724891316938 0.0426616842127955 0.0508015710905115 0.109972683438557 0.0334605977074257 0.457266643224892 0.373949938273001 0.00184171999807034 0.00102495061943286
0.129487116942436 0.510287373503584 0.523128650079938 0.434753853739217 0.224445178629455 0.478641387682236 0.00804826904292455 0.293745825254674 0.686196025391254 0.0532919998351176 0.0578464626376457 0.987940778503116 0.0424141668734503 0.106474927317745 0.0558352547776001 0.10525379565032 0.653038543996064 0.280756445879318 0.00235268271718838 0.00122293297462472
0.0444147073538734 0.573058847960909 0.726362855002821 0.832283010852584 0.48551450256802 0.535199902366465 0.046819868593417 0.0769209188661891 0.495585776925535 0.0750751395902445 0.0262971766382483 0.276223790737397 0.166577646642277 0.178296523092202 0.374456588278121 0.915434269349975 0.751408483428726 0.295202147423983 0.997946954527639 0.00209753022662867
0.570703277862402 0.700351747673927 0.931534293704588 0.516045072962317 0.98939070673783 0.408523830110155 0.859766983641107 0.938915824643489 0.871788755828439 0.868581652897241 0.980774462176983 0.997851697755726 0.831916170458272 0.24055284352306 0.955874981802153 0.999511170031333 0.237977611375789 0.522453368807529 0.417543207532574 0.999978183932658
0.378176385021048 0.668446914897523 0.763774769356566 0.794361342609005 0.944842968064024 0.698013181122096 0.294765828664527 0.700746505444872 0.980819977004156 0.828157683704966 0.354506682487953 0.993539188490054 0.316368269853327 0.0932350607424642 0.796600047325153 0.999668265912901 0.508412614581254 0.770605773944673 0.868066630411676 0.70539990431858
0.0833809427031744 0.573849624150728 0.251057298465083 0.396905856923455 0.311491237824103 0.495137176220642 0.0947849832878649 0.735960390667517 0.209469453926058 0.220672747621465 0.168509864121404 0.976742064074912 0.113446812191323 0.0950984170553051 0.163634003246157 0.349017186010944 0.166450037408725 0.317710802949628 0.331670735630923 0.0193479049309845
0.0903663514947152 0.553843672167713 0.428010801635424 0.416788718220896 0.278192570575651 0.261088694137881 0.154212471033111 0.65456209575077 0.201261240912251 0.510667350726967 0.14854654487972 0.725567882911782 0.247935050903742 0.0822167842504973 0.561200425210807 0.679212763531092 0.329995909819093 0.55110435695769 4.55793063398064e-06 0.20272003727714
0.115509728951564 0.430244263775534 0.261725153401698 0.338112031869417 0.0523824225170399 0.477748980942948 0.019212814254506 0.0492075822550467 0.0508972310176973 0.0986462102496835 0.0213530639415694 0.994782266426962 0.0666964394522489 0.0571795207814077 0.150564477029838 0.992781068582173 0.509934513320363 0.345253963522767 0.000879919300324675 0.847054077747059
0.53722891692135 0.8383886717553 0.930042991828629 0.787300099577737 0.992964684118444 0.417848317949143 0.581570177243424 0.998561500153811 0.905935449117817 0.982950715355308 0.980225350904751 0.995790691491584 0.774532497942977 0.464672872979096 0.898790419243154 0.996918490884676 0.531032076412551 0.780185348346179 0.486503508249747 0.00533258141175551
0.649622928554636 0.768678765176768 0.906822201194259 0.931817332221003 0.975733570917535 0.760581158098327 0.658830765917068 0.901359624097984 0.976262691003316 0.684574325852697 0.917058858442364 0.912460004353924 0.581910127972636 0.408775000124112 0.858281424660947 0.9968366032926 0.361942267476315 0.786182135326218 0.983210959657038 7.34832706656092e-05
0.38541360149318 0.638770699880505 0.833734194437056 0.285799032135919 0.524139423461327 0.506284874209182 0.574047839094619 0.345752346830442 0.849396954036384 0.434650446573056 0.658017774674522 0.997823100013617 0.359219419564999 0.106021784856692 0.287506512929499 0.995663381128287 0.703084687336858 0.655530031164319 0.3232617678702 0.133552489097968
0.149390246863848 0.563766259224312 0.674955170093432 0.512995750672868 0.322245154315433 0.281433518304113 0.170897780079399 0.576279464264424 0.350770835980649 0.251891980183081 0.0703128670993854 0.966939658693288 0.0398907643438422 0.0733289892646645 0.844536552434426 0.932938095472418 0.636953500171625 0.464003187293308 0.808717181510001 0.999488894712869
0.267837118253516 0.708785915947051 0.777640077506973 0.670137445474211 0.234436930202489 0.236935267674973 0.162863499483167 0.981817550691834 0.771945789213398 0.823201857597002 0.683235180362201 0.87366270851572 0.482459524278438 0.215039971740176 0.956211562899011 0.939084625120984 0.701014652726007 0.780297591312487 0.0110624475614364 0.937839551406538
0.919925746860895 0.809086305212967 0.933464752591817 0.855286554081916 0.997099962999708 0.805959353555689 0.620356561255062 0.995669602521142 0.997631492755429 0.99474157172847 0.995762078206413 0.999466839109838 0.847836523656394 0.604724918409872 0.956769417710974 0.992379522400469 0.800602426533063 0.778284452846043 0.996005493641082 0.000370993074003324
0.155479837150291 0.716571109877239 0.707349965005209 0.596901570422918 0.431400155500234 0.631187300728975 0.862247564969328 0.843532048149058 0.422628880398994 0.76539955214967 0.694786699119642 0.951587355227051 0.431673608108263 0.32758897554878 0.81595268557288 0.978595344290004 0.600000946094687 0.67848905102887 0.703004420196492 0.087110177190039
0.133084463778913 0.629542945068318 0.295174567307467 0.53915470134598 0.76052015187641 0.675549837222133 0.171583804819209 0.376181929130278 0.406815173625714 0.0923628355475129 0.437020194704248 0.718696383544194 0.317367280701697 0.118134384287248 0.400853522063112 0.480025581606024 0.454875375142813 0.646210286237833 0.0239139210674345 8.92233398058757e-05
0.30443247885586 0.579318336176202 0.651921936214051 0.771670436996769 0.782292837252238 0.410046325077256 0.0690096308483148 0.369315222319239 0.971506367081665 0.410913635916702 0.504030801041535 0.985969427303461 0.344845616106258 0.185356148119402 0.703072491689856 0.998858459826003 0.814361342230564 0.817908300379245 0.0368892264868071 0.00617536584535991
0.942564059707703 0.883963833292348 0.973386127826966 0.779600440581722 0.99961244248533 0.499233829766352 0.91603906411734 0.997917888139201 0.998704770840379 0.997280420950634 0.999722057807761 0.998967846314438 0.979638017431616 0.897883682638748 0.993543964231831 0.999934339309081 0.747509025132477 0.925792641972017 0.995935944177047 0.955393501873974
0.207657703967314 0.74945024264064 0.433566278850265 0.36171913747589 0.663394278887153 0.394058169977772 0.0648967048019386 0.859709658092356 0.490965295636964 0.624756954544213 0.509742622804049 0.892072521692482 0.57234318863505 0.202614552678818 0.741298137622532 0.91669284573112 0.809667616712713 0.42718106482414 0.00496655669622053 0.999597244818005
0.241109754986962 0.786411237649682 0.721400360404126 0.731148736134795 0.953080242186426 0.48109685380159 0.502277048328017 0.899131900797597 0.782569816937291 0.722528697629324 0.935992966841293 0.999765465698888 0.693233283699959 0.326374131885718 0.959803968842745 0.999874465705198 0.683333749239545 0.888348661210404 0.444683261419536 0.996018646703479
0.535728681353447 0.623480879576365 0.917606498623016 0.437820354029012 0.829815447505221 0.677536420279801 0.150807049094859 0.629043325023349 0.774322209944653 0.490386517487848 0.972870759484253 0.934362281379582 0.742222544083175 0.246071591478578 0.824314325129832 0.973614945668099 0.675468956376848 0.52389608131294 0.846416343034625 0.999996411662642
0.774020566623711 0.742054968228516 0.687715070365384 0.651994242029304 0.993610534534066 0.707340257684684 0.543510069770813 0.992573443837307 0.0920150131669035 0.91671639985995 0.949723012257385 0.998253509450424 0.594851555270047 0.473115616363049 0.788951180894832 0.991761984782772 0.618291921492966 0.542550269627095 0.834465255541068 0.000660207874883084
0.170838520910646 0.545347508472794 0.471972455720414 0.72924968038176 0.0689228961437635 0.436968536476091 0.0128391272436647 0.351860489983469 0.352566311666961 0.166062815935192 0.0311463273359567 0.772208979089356 0.136508647402052 0.0432497151278033 0.29493360954079 0.0242353149775988 0.662056394994333 0.325970229713094 1.41108293100407e-06 0.261006690207787
0.425580918860335 0.562234169553242 0.510928755638504 0.585070146896757 0.457204677442687 0.724081210453737 0.0869209936354723 0.27561070002549 0.409460379739054 0.841904786833682 0.250020063684979 0.9090588308174 0.0938649377760524 0.135642416079085 0.555053905510657 0.999443887186254 0.678691486802853 0.652545875948522 0.499363253471747 0.0247075406573108
0.0256592585684321 0.524579315639973 0.112450774671572 0.633881726403914 0.0355452285885001 0.361415074692818 0.133223715229971 0.0614225921588498 0.576326585399456 0.0723097620798732 0.0926576880116553 0.836338968117683 0.106448967207056 0.0333385577271757 0.386672618444031 0.934121903683446 0.189491411785769 0.360314321536412 0.00303950060138815 0.00310670917748263
0.366366673247419 0.657311247414716 0.929820459961534 0.546790703221259 0.615052025948836 0.504465927129998 0.644297621896351 0.957936435366859 0.979980529545152 0.83762678079898 0.825823110333736 0.635014052019356 0.438218468391671 0.221845433650516 0.452860928684687 0.999870995069165 0.535996141170454 0.640555915635621 0.0638463972571013 0.000486968807614938
0.278061870883699 0.614677135520702 0.769793976029553 0.415479038769667 0.565277116284462 0.0276336490637418 0.412063831754707 0.221791978200783 0.94110462485397 0.639906254259715 0.572447162542991 0.967297730281575 0.351251894319943 0.107902902591538 0.866346761181789 0.994298893403086 0.669518761757162 0.575823532634615 0.968772838355475 0.00415680379984709
0.328267563788238 0.660216789941681 0.874728997477485 0.524011908009481 0.817998783812764 0.123077615710892 0.357008095150692 0.855128828983903 0.952848479652274 0.537796237982647 0.377680532393984 0.998948207079453 0.543495948690112 0.278958228653714 0.784232424143298 0.97788161975579 0.440523945846592 0.733535501440751 0.00163472586964543 0.0190211172306954
0.130976501060362 0.501981259785373 0.674041305985871 0.323521873099791 0.0586001589762824 0.483051337177723 0.334623977804277 0.662742782875532 0.0580359367853614 0.280771288965179 0.510706923892584 0.918358250517838 0.0335797124032938 0.0941137869864104 0.451441527968779 0.993045098542794 0.417218459610093 0.348767005849216 0.0105760196925769 0.686618252943428
0.293506000438672 0.599112133824381 0.508283286786516 0.632860534528256 0.532741148205389 0.173223880406672 0.17550539833136 0.414173666952298 0.0164146824874366 0.622889816518487 0.669973159802422 0.907911149284051 0.171619044803395 0.172243115054672 0.536868447915124 0.944938151637604 0.312886679627512 0.751241269189283 0.831018602086039 0.998374525445293
0.0409261061210066 0.532318778587022 0.32652304615401 0.437354099425084 0.0504577843007774 0.258373300082582 0.165198754329806 0.248510475027233 0.00761620512441064 0.0634739754922476 0.0279723299796038 0.835208127861523 0.238415981871327 0.0307437779117501 0.728483115004006 0.789149149799911 0.64906039487232 0.385311920431454 0.942543408840667 0.701347932773065
0.331124324525584 0.775150728300586 0.434504012213505 0.7309765531368 0.874779117056197 0.621036486406301 0.342322683212514 0.940936885905412 0.749600146963789 0.806254090405687 0.773084145855298 0.983778858134585 0.693319139102189 0.259888984947644 0.852355281372552 0.716240605138404 0.453033781035613 0.820043114996885 0.943405520631847 0.991957689441632
0.478324704700376 0.719510840894277 0.846066021148788 0.736647563553641 0.832297036672563 0.428385029266678 0.41269668563272 0.626640646020707 0.970061857303629 0.564457031835428 0.961614323548247 0.984221759607923 0.541914525616563 0.197515447161142 0.3948710130837 0.983778891716363 0.637395098153423 0.585968923312457 0.00737967848555517 0.000146563939567186
0.333304232904289 0.615359309756689 0.767063533424472 0.810381663428524 0.614475962762367 0.59456795410909 0.143162538669495 0.661611297463747 0.530069990384861 0.577024919406146 0.558550588226306 0.998592509488999 0.206950908286987 0.280922502937348 0.370871387278064 0.999258753093903 0.713500953029788 0.482415690584433 0.000150708349772251 0.999834855918565
0.179344155666832 0.699953522625675 0.599466874303634 0.68543117261834 0.924788038705257 0.715710865401168 0.0736415829007291 0.191002107636038 0.856986145220178 0.204427646992158 0.696202877519166 0.948790248263294 0.175380075273507 0.178093526410982 0.594113494738665 0.981546536789735 0.617064698149539 0.699163905455534 0.00508402228686489 0.953487493052292
0.0745437169722955 0.51314680733371 0.289172516251983 0.562798500635498 0.472344006205755 0.56642818225175 0.0569526675825365 0.0426897467733491 0.710922700342661 0.0641329863656106 0.0335593182957006 0.594283726059914 0.0685382993496036 0.113159167610699 0.235673062005153 0.261344524705913 0.530204820565074 0.33801272279527 0.006863471991055 0.87406014610634
0.0610744535984464 0.48629833712017 0.573644740233759 0.79862254942 0.793345463963808 0.121882736076857 0.301364847410303 0.00949180083645208 0.413978949497478 0.131222562737316 0.0732720638845896 0.878714643140963 0.0934144204713569 0.0778175441059865 0.473018467673127 0.319632939972905 0.441843450094485 0.684919880045354 0.655335111080604 0.00104332580579064
0.0158747167824142 0.42371439023054 0.37681948686598 0.532793345268896 0.0714892113337049 0.428727208323149 0.0104008235929317 0.0644391499621721 0.460995233333535 0.212516520775229 0.0784527973085731 0.596282653708753 0.0516256100078068 0.138002878615741 0.348540940446259 0.845291394227724 0.24411779364833 0.459894425424054 0.00677788026344565 0.386400976588272
0.243706183262908 0.651050155544868 0.0506496540883928 0.66359479128442 0.0777188995381509 0.557528136493236 0.0146641009754434 0.878182165144027 0.940343592243104 0.0144376672691241 0.149501302941653 0.294703970329146 0.157857829605012 0.0661237369397357 0.46809177853975 0.906249952717977 0.4290310840137 0.492683300308745 0.00611172179274892 0.0656437893229691
0.326217146314043 0.721451884195327 0.689006884981367 0.54566463930622 0.988643075551177 0.488166915600048 0.168840270181671 0.866688786979115 0.989211607787392 0.523618339339737 0.198887816691189 0.862466373434794 0.54006422048379 0.263355842164457 0.79342523550371 0.565142434961262 0.547386625185181 0.844640864983785 0.0146781010200444 0.000141315470126471
0.714491178051376 0.78071478563355 0.921442942289434 0.738414754348258 0.984836862225725 0.408280201075988 0.299063988981075 0.941886051062043 0.634942502881739 0.968742303399278 0.999454546471228 0.891699266771908 0.817969809954081 0.56301527854634 0.94992277504455 0.898334193425217 0.691877283996834 0.933655821218922 0.386080266836707 0.998725349218761
0.04970173170161 0.593441925946218 0.297576764393225 0.612959888277897 0.429707517270845 0.268803526092118 0.0702120005570213 0.0486091215757633 0.040289410839942 0.207720666687676 0.0446088546836079 0.947454357785551 0.148164577281996 0.0168456064137061 0.243766391155743 0.698559578578449 0.198577168478119 0.512601068978764 0.00229595845066973 0.929037775641891
0.047961473995607 0.372648231058091 0.123395761104508 0.49051679085399 0.0563792382976061 0.524613497360412 0.0218344394855543 0.0814518929698235 0.0539638150619724 0.0143390837078084 0.05215975801858 0.359499855039386 0.0502713799761434 0.0319877282194307 0.0685814991942911 0.0539034339762497 0.376199038829916 0.382983465987212 0.0125959919800343 0.00197170623441394
0.222173943634793 0.736354438920042 0.747547465309338 0.656332322918843 0.918094320985308 0.445240534858373 0.738166773263128 0.682315457825634 0.705600489059552 0.355087313766549 0.855832682810221 0.97881978599129 0.338988746507885 0.218917508123153 0.920657259769405 0.997801637394342 0.406308588342793 0.615525438766503 0.359081996167507 0.00252432044102104
0.510732399111414 0.781284158776698 0.888503702339072 0.563041110809697 0.732411804537069 0.287634390271322 0.492821897065342 0.784651708769481 0.892524714672926 0.81516167995087 0.944443956722875 0.997247690028793 0.394361909442951 0.433128607182237 0.948658277164065 0.978331530476688 0.532110731137949 0.579803646745115 0.187191674620355 0.99984561145878
0.0139229839795029 0.28292740046715 0.0939701603045024 0.694930908961883 0.0218931240366965 0.324078894836451 0.0339495098164858 0.00983122085555508 0.237403385608735 0.0430410614380395 0.00359181828441078 0.316722704035495 0.019311549630631 0.0290939717639077 0.176396820916263 0.123930512924037 0.476479169229709 0.277069099759205 0.149315465035325 1.33504855618406e-05
0.0241909109319624 0.518655886307139 0.199721998488028 0.570863248974214 0.0372714981536058 0.208908063130281 0.0069217080801688 0.20931085391028 0.0553978376165943 0.0440174916193742 0.0332014920540835 0.649146862644642 0.0924996458448344 0.0240870031668583 0.394436094146988 0.10051644320702 0.388855250447353 0.190812463369782 0.608544211296602 0.0124793428105517
0.12052212064509 0.63743965597088 0.426347955077438 0.384218555691174 0.960634077065381 0.32552067995287 0.0769062402797615 0.294477971822531 0.705804453589649 0.634314845153015 0.276760645356806 0.912414819080121 0.438463427104514 0.0971745027977647 0.716537577344995 0.999295430328943 0.219965630191704 0.495572482895082 0.0237939071721545 0.999997528225233
0.0794125609695988 0.654684834925802 0.533119995197167 0.556366054984812 0.116403059102744 0.309341212453565 0.130788700649532 0.63556916823729 0.935985392674382 0.664086037354649 0.336809326703225 0.987436940874574 0.156274343923615 0.0926604906833698 0.678013645603979 0.981569568426149 0.388131259642252 0.695098620217393 0.0199706680949038 9.63165809127902e-05
0.0578851350643864 0.418937787889501 0.277047559525903 0.465308184336828 0.105951894817223 0.166488176885503 0.0712962722267781 0.314812913412331 0.13585173690529 0.656845914995187 0.132724978090789 0.936174837313349 0.0826264512268119 0.0865598271669073 0.533475786391177 0.994618837474963 0.473245675760462 0.560367646252217 0.220686438353375 0.0171270932646381
0.497794919184995 0.753891628621144 0.943344186745475 0.678979765434902 0.973326349145387 0.31403923562916 0.591156811959966 0.650060105022802 0.945905657209167 0.960000549782062 0.953127657238912 0.995664805183695 0.743238763224127 0.232130707209972 0.90884047835509 0.99455372061684 0.61414920620169 0.556114412867107 0.365690875535947 0.997629066377072
0.404607559049539 0.687300457120946 0.677271577365965 0.704614824679649 0.795192679214169 0.603956277083046 0.801098309942981 0.973034979803138 0.916964490302516 0.642427723656287 0.603096171736549 0.999320823151128 0.363393721977261 0.171635064517794 0.324961160580874 0.632128227069725 0.774436267638928 0.585932425426952 0.218308997120371 0.861918086228723
0.300322862585954 0.63112543763507 0.48891044221154 0.798295103472668 0.95428489477958 0.340750718278954 0.133220170863587 0.953055980468061 0.951736968076668 0.558603963855527 0.898966674200592 0.983799823537218 0.323162549804023 0.212555205147522 0.736173753755867 0.945165124175834 0.688732168149013 0.418573902936272 0.0417978747384489 0.829195398354549
0.156368718626302 0.624268743929456 0.861431677060815 0.655160584049738 0.659644600313692 0.320467524270349 0.371500289549884 0.898078142984063 0.220395876235599 0.581671898819943 0.896693353212578 0.960089332558517 0.354804016671302 0.171064621269304 0.905164640759995 0.968458681668944 0.588516736683646 0.693769598881157 0.101860224327449 0.0118519867262729
0.280098598142559 0.688700504974504 0.900710448857258 0.659860070451443 0.951548476279042 0.147280466474408 0.0626782833944385 0.793252787501638 0.225201755938433 0.579573143749875 0.937570362035036 0.502416204369585 0.352674846970241 0.19633122728699 0.599784350081067 0.999688097944798 0.58652142485678 0.670769504519879 0.895542830215752 0.999846418587354
0.250692749635352 0.629280307442165 0.494596375910568 0.659874963827652 0.931992547342873 0.682314402248781 0.0524593573068478 0.970008389163738 0.164061754379954 0.456930315960071 0.788451456924339 0.995247357797153 0.287077088482949 0.191213073528814 0.868541763001205 0.82613554029494 0.614399230134018 0.613231568100986 0.0936185118374126 0.227919268172823
0.329948514017417 0.647697962125036 0.39641112912451 0.72085849512818 0.551726988559161 0.522112304128679 0.144450479995806 0.900161938836162 0.74326188698554 0.681240170186903 0.36506241470896 0.974382464315027 0.453527697236931 0.267906305493504 0.632261722420145 0.997808158937744 0.888789604064804 0.561291699572565 0.123888590452416 0.999979559040595
0.0925318490317132 0.466469328445465 0.324348580524307 0.736806538813147 0.0648030286363143 0.45116727157217 0.0701506381964429 0.151387983286703 0.0166480579949013 0.127856211941861 0.058952384383781 0.836327465311451 0.0378976711602606 0.0379522457475805 0.243774770154673 0.0780505237786318 0.379590884746293 0.221400266488298 0.000192247331538591 1e-06
0.164142131203414 0.667126436411756 0.509015554096591 0.503441131990782 0.583987640306852 0.747671580304571 0.392879851987808 0.960889257540249 0.861420278771177 0.784010393723668 0.768940074744303 0.94756797809031 0.540120435505707 0.103790939779026 0.608677315589187 0.85164461494268 0.600081219010545 0.527329786411336 0.0230616069891387 0.998525580561047
0.0425465606045436 0.465617539724372 0.0421238074959882 0.159641220224976 0.131121531605135 0.130603332151685 0.131609721575033 0.00963957401445619 0.0504196494775321 0.105042140403803 0.0136977847657872 0.285046628155949 0.0644996036287625 0.0384467739985793 0.41552523488662 0.69494533833963 0.161506862599833 0.432036392948483 0.0806941549714491 0.000254083697391471
0.0771851282926666 0.493871055023323 0.0105791020912404 0.491441630765378 0.235676172318432 0.368593158474811 0.0496353290294016 0.0711228721420213 0.842324925756344 0.136753986571111 0.376481111890369 0.968644934341809 0.0656160782580573 0.0281318700910276 0.210183811926818 0.00365814377545512 0.603954923844494 0.245966504754323 0.381369172581672 0.0313588542856661
0.0597916318849728 0.442566443774112 0.635683663539682 0.430385307430404 0.0766523414860277 0.101072261756301 0.549191440124262 0.641590396109086 0.158952177464101 0.198483795130579 0.125194749072933 0.231538988940974 0.212706530740054 0.0590980219906931 0.735849114273738 0.497293700550611 0.50115648164476 0.292056309671507 0.394356012479054 0.00877869739606516
0.0771448197383386 0.556627008022987 0.205705073871934 0.573606034449211 0.766073903998751 0.358946276744312 0.0339096756956424 0.189913991624918 0.378456794796383 0.161276207310573 0.025869273464664 0.835262554902715 0.0794214390450195 0.0203221728424976 0.283062054704347 0.107752280407574 0.440115221494814 0.435564629645319 0.00470146776881377 0.997214552921497
0.106429051648851 0.580011170734439 0.164928109680086 0.634034661209658 0.669260511539964 0.194744135732876 0.108559959095902 0.151241989429066 0.294481178938227 0.341049082689531 0.508835900826124 0.958582013183083 0.213655591366167 0.0317776079074913 0.24539763079855 0.760460958130546 0.309946199237727 0.33540329890218 0.0117685459856695 0.238329465863203
0.330710268205179 0.458245405603026 0.286693175799949 0.585138523839053 0.570086389951902 0.460789935822233 0.184832384183655 0.54533753311762 0.513494698894562 0.573831111903111 0.557926628728175 0.187275778942974 0.240957441229069 0.185653085167684 0.75135454922273 0.995172584124709 0.388224400203819 0.680099925314842 0.934246336038482 0.989662139362934
0.788875025549076 0.766629074819966 0.969835170555821 0.774691944081163 0.999811835918969 0.829559195121028 0.359677706449997 0.998425659224284 0.991707353638778 0.982191695849775 0.99177861741302 0.925318524407081 0.833947970909992 0.561356908922681 0.874726956407111 0.998586162746798 0.547709087359063 0.955721211886091 0.999961266528971 0.790795317084482
0.398168761642914 0.670179287936117 0.767019142105595 0.625572423951841 0.695425067030462 0.565565015584033 0.609117093238883 0.703237599680942 0.873828124706715 0.608935214900272 0.746082458103952 0.99436798805542 0.389362050948098 0.16326354696723 0.663424130307549 0.784996798100735 0.827052056072871 0.529734806159799 0.0293138118611575 0.972556818659311
0.595235028068145 0.631708213319012 0.601700836288216 0.590251872955695 0.973303619360025 0.785423448993895 0.682875843505786 0.797413172093165 0.992263059000289 0.98946633281775 0.995202856964517 0.997286910869612 0.699480150597514 0.381676411085434 0.858023172527854 0.994901253737255 0.734656833014166 0.522702626271196 0.968391824909914 0.0232485698998593
0.086618818559128 0.588289382821215 0.807956647062427 0.875451997007212 0.928756018169629 0.865669454950198 0.018804377191873 0.602552264585356 0.256704521394927 0.154907130722729 0.335226269713238 0.939948350587628 0.392827197826291 0.0840885593166959 0.695714278831465 0.14556492361383 0.632947732642175 0.555689252086194 0.0663007684155782 1.27788762784562e-06
0.286206969550337 0.684277830582745 0.819987754723542 0.587619042264733 0.400245590208435 0.252478547652075 0.199487617845397 0.929777171375952 0.686686621727121 0.542820636033171 0.5458501267632 0.998336904957002 0.428858835646551 0.319947314866376 0.883821091146536 0.985462264044135 0.59686273252558 0.416263241118134 0.689117397349477 0.620583903386298
0.0611278207171834 0.538166422877185 0.246049446675164 0.78060461539193 0.483635459582198 0.265137399941956 0.00776149684197303 0.287132229469525 0.949515462973842 0.0820011190649807 0.0089043123648823 0.8619916124704 0.0316591150313864 0.0237084276612831 0.271220689424469 0.900633953602647 0.255656461521042 0.313276858190905 0.570563668664973 0.00315530852998572
0.198576374270339 0.595650492944631 0.0707704003391502 0.465863262343219 0.175270741501712 0.700433671947751 0.0999465424316779 0.393111797683877 0.976025169935496 0.190387518644901 0.106935917044718 0.628702936299998 0.179228504763713 0.0565755099329344 0.551119613508881 0.991620069199964 0.480103868282893 0.239348094406288 0.910907102883892 2.53503486751765e-05
0.0675254561290522 0.603282316041508 0.627702023192404 0.275149946328438 0.689567152372542 0.582088793822142 0.0409139755931143 0.150777529685715 0.863173173212286 0.100504921793224 0.273684942496594 0.456295443882491 0.117393310836736 0.113841033784411 0.160303642871958 0.236056446386365 0.305735632582741 0.381016324470478 0.000277516161118119 0.346668915921192
0.469563521625907 0.767424664612555 0.469116542366798 0.645977638696708 0.987803244700491 0.352310826109483 0.290336821455108 0.484369510759107 0.956817637126377 0.423277235055653 0.896332784393581 0.999583457290266 0.580191583124912 0.373598466993802 0.640479433246741 0.999274479994932 0.434132204687405 0.781005701908764 0.0377061443262763 0.954855192755899
0.733510633136843 0.778603811420015 0.66052517811641 0.614308572805733 0.992113851478948 0.272623587364172 0.732853540147862 0.998968366722558 0.517402147267235 0.971918296885511 0.820179481138951 0.999778513606777 0.6677491994576 0.631167886949632 0.845430091041847 0.997585574136796 0.76337179772694 0.699074055212743 0.998181133355611 2.31295038726998e-05
0.406078461670307 0.708237402916899 0.618349554055691 0.529186129044152 0.88561120236424 0.308381852333855 0.641691042733356 0.0639180942218588 0.983030058454339 0.624252685478375 0.809284202258295 0.94531818635133 0.266532547435127 0.386037101456501 0.820910621899578 0.361013775425159 0.585797909312705 0.591753072708659 0.0106823819042987 0.251490316081003
0.176246388393973 0.473768256497114 0.278600861546512 0.577026309179519 0.505343626194879 0.431274150265175 0.0874705520558153 0.123503793305797 0.159262628827112 0.420744452289814 0.0983253756024474 0.983896880580293 0.193376496384983 0.0832642690398452 0.240750622836804 0.905652331271655 0.576926458850772 0.355652863687891 0.294141961308861 1e-06
0.269891604629758 0.602058268928274 0.249540940697579 0.639901240767884 0.363576412775076 0.298800014871462 0.0304136552744852 0.973318587538166 0.973658961324486 0.756917541352453 0.263315840043467 0.99873124527044 0.26503178576593 0.0907416011920034 0.736276989142875 0.456242995763985 0.228921783367192 0.739402238453225 0.000173375727109553 0.364167835626829
0.234465046004203 0.577516607008573 0.644286153136241 0.566701433524698 0.717651912520563 0.229845866333613 0.269131442328466 0.641054904803585 0.0721042254521735 0.644222950998433 0.21441124404927 0.799289579208719 0.138646373495487 0.0590521795972993 0.452427492339271 0.0543875108699108 0.405940648323521 0.336510693971184 0.917858734833941 0.99978741753759
0.107957104798741 0.564408515512937 0.291615708404746 0.718004455134484 0.23767813884173 0.546643641745835 0.0656295301011339 0.1460893518888 0.0835698931632441 0.234421402888444 0.594128204558717 0.977231760480863 0.200749724256802 0.0485283611292141 0.525724756333791 0.978603384711196 0.147028694478944 0.454445523700076 0.909806999599214 0.0303309357719782
0.331646320328395 0.586349049547238 0.724719050153301 0.545082200574388 0.355723059277368 0.372944258606107 0.0706388333251616 0.479737637852788 0.468997390781374 0.326532763556819 0.567937526051209 0.992990611816565 0.246666441818197 0.116012236179333 0.932726956669554 0.905572542240806 0.597504223056785 0.434232448246943 0.465938054690408 0.999999
0.264040590024559 0.530409115547673 0.455220342703982 0.814380098307254 0.88922351562996 0.432904956572275 0.0963443135929447 0.0907700477751004 0.0156587470349893 0.390870520953427 0.665634479837238 0.950692514579461 0.328268555474906 0.151439371970721 0.843678416264503 0.979719830182799 0.569121985019263 0.704725370690609 0.848354513752444 0.999848183057492
0.0718806528070853 0.635513591482681 0.369721075150161 0.529548458693925 0.868348419377619 0.245201290686124 0.149007279291061 0.177717344927948 0.400340609400774 0.27650986781359 0.410572362597191 0.997782297247379 0.303925914559112 0.162801143924455 0.497067524814233 0.993784839651302 0.245605477188377 0.722295408665337 0.0119589750773516 0.984717078805838
0.533723474369924 0.681511068271296 0.841665810697856 0.507433371531761 0.997702037830659 0.21889517238463 0.165653712143849 0.754540165498947 0.973955277633745 0.919052041374138 0.558401791119959 0.998100286286984 0.523808767191645 0.27890400418243 0.977252871648857 0.975617203069145 0.830541691005733 0.738036950081768 0.163594933270405 0.995711966030131
0.182373343224294 0.635104214250308 0.354629397917879 0.649407310131586 0.483826920090999 0.701640575767092 0.0387510939028755 0.955820377628615 0.655880921725267 0.435892932792191 0.709329584083159 0.997910713735411 0.236952705620665 0.158997290265841 0.382667055489927 0.908338445147306 0.641540171054293 0.476348201654898 0.94004143268596 0.259056149902157
0.550876538481643 0.772765113129476 0.510829625712001 0.594527172201221 0.890173296654351 0.559030230436057 0.670805101693957 0.693911061261251 0.985650659721779 0.745932581098752 0.628361241599482 0.998017412595729 0.463136154395868 0.143958580533046 0.801820871502078 0.942635301182489 0.585117078557969 0.717604622718488 0.0167101636491664 0.999406116227046
0.223686879514258 0.672113389401257 0.214124688482806 0.77447049808369 0.935239939450005 0.461902637441622 0.330594318935163 0.473778915578578 0.912915357011661 0.810386791553003 0.665117330029088 0.987690277833753 0.405550872217994 0.174491213045765 0.855469359225616 0.887784887534677 0.756441017382647 0.76225933593619 0.99670648683489 0.999582971617538
0.775400968421149 0.816805151320706 0.750586601700851 0.788349404093545 0.998857380977201 0.586018699029001 0.780569073469918 0.991230432267022 0.998210824002017 0.988841958251504 0.968496193106621 0.94646156446056 0.965189881715225 0.428681524844403 0.951656218224578 0.999954214918566 0.771435185540158 0.852008583714471 0.945222998633661 0.172822127673782
0.526970778481978 0.602494855373657 0.644315405288637 0.669314901320072 0.942371688285871 0.397704266261175 0.609007784036265 0.877651162123037 0.980005187846055 0.868825382000394 0.895974739965603 0.996968063358911 0.688217561412611 0.182826645167181 0.61764258459906 0.998386790475301 0.436083224099938 0.548187322326862 0.787855771020761 0.9655736493181
0.0287764639319724 0.470252018642904 0.170316099422433 0.67450620270057 0.112116228336396 0.0804240066797737 0.0666312544244483 0.233613259338117 0.00895034510701272 0.0691532015627117 0.0141373451338987 0.726649231765565 0.0264798156434384 0.0394394122198431 0.40773779990206 0.0329499115248121 0.232104262534891 0.302066758853067 0.0359582341761747 0.110106678677907
0.193223139343139 0.595099697127249 0.846124799054252 0.764476618631219 0.297267470245012 0.256479602124887 0.0168288292438688 0.371701785224637 0.906305427994588 0.198113945843395 0.673702046995823 0.842096014091377 0.155676094370492 0.063156877102676 0.338461502625971 0.961629738819745 0.308534489421494 0.741131091628403 0.12976084306566 0.998778701475783
0.246845309656884 0.55673418670947 0.706708547435501 0.725506090049804 0.426674747620192 0.302044177822909 0.0612196723133072 0.521174063225334 0.499730514906896 0.611270065757184 0.100344447961022 0.868725593809631 0.208165839639488 0.155478690459126 0.422288513197917 0.982633556008933 0.787365078643833 0.654148318531322 0.00164771190227526 0.991380340448927
0.180114502574805 0.651629699048432 0.546829657147448 0.493943939989508 0.552679747602166 0.429209519512738 0.0240875081563726 0.0821600778500764 0.883223536603485 0.318218677848407 0.749224703863766 0.789429321587373 0.105322577842102 0.144450477729489 0.877894625180987 0.974279057969967 0.549025221931777 0.448532933836351 0.339926222125804 0.996295444756729
0.0206011261145464 0.567972199950127 0.348826443297118 0.670292725381147 0.321819921493324 0.213044080193255 0.0343945815242717 0.0229996212548558 0.0538843932911062 0.0729644346893634 0.052525450152614 0.853948202896898 0.109571524204636 0.0626495395308564 0.48761336024518 0.0564153381543764 0.406624112509641 0.553541557884875 0.0670916008872166 0.0019551163974248
0.0434456937142569 0.432633001266198 0.316016431250454 0.630916447799388 0.0110023962314879 0.234040366690784 0.012266319784632 0.0300310633449598 0.727412298014281 0.0244485847250402 0.00130836685464402 0.186359756346241 0.106425091745143 0.0485842062948891 0.645711797792726 0.129570750226551 0.323924546306334 0.352796844419212 0.000458700764241368 1e-06
0.652060115587211 0.829867958240522 0.832713973163084 0.59783524821873 0.972206647689653 0.721619477574751 0.802286394242578 0.903920647861199 0.632693810863589 0.987833198237994 0.970416058930536 0.991373258244907 0.950042858697133 0.59962354110607 0.823307116615271 0.984389701986399 0.701215526684686 0.738877771501436 0.216980614578822 0.999998776868792
0.331334438620332 0.708845719219102 0.515145779549694 0.699096546811648 0.970175321013969 0.227160530566669 0.330760028787085 0.991331221756564 0.40697336795659 0.694602280798918 0.702779407325204 0.992986993653845 0.621583012513449 0.332549083766544 0.926726280659642 0.989401653553629 0.395099471546691 0.808828096948816 0.00028600012747723 0.621759036595122
0.103112290144085 0.627545220483434 0.394572481530829 0.787369735950363 0.0223060390128259 0.169921600732188 0.163706247006079 0.346599577090396 0.52617214269238 0.227910705031113 0.652350484073092 0.607494933747683 0.161094487100107 0.078201970603771 0.569098872839419 0.99866631252495 0.170574662804887 0.217685959670507 0.813368356711616 0.986612146615517
0.444848860612552 0.73287024531313 0.209316644499339 0.628031415989236 0.992855449736678 0.612979208708432 0.500791580877331 0.902007384508573 0.943392230781936 0.714216026861783 0.27113752829225 0.999669005618812 0.38586031577828 0.223494173850294 0.943369187230064 0.707264320686376 0.373533896865092 0.784106932263667 0.374211562545075 0.00564843451798194
0.123469357954476 0.560162319258006 0.572229863441165 0.583385178631185 0.376905808577461 0.29635138469933 0.0324678683331311 0.795297273037818 0.062669684054296 0.594353484298344 0.314975421036191 0.994142495976384 0.196387455668253 0.121572271873555 0.589508371815712 0.910593527373044 0.334427248347423 0.686905337955127 0.0687125728149849 4.5472338549742e-06
0.110027667077917 0.462361455891401 0.191999790276681 0.40581670119873 0.0674929578669409 0.305421369687361 0.201597216177998 0.0364787030469835 0.395166511032434 0.0297369182677733 0.226463733142172 0.596796915673941 0.060408040811149 0.036242196299657 0.148319014933 0.325028099943149 0.537481989025441 0.463291462859965 0.00191700424300224 7.96621065204447e-06
0.0337412583894181 0.607711977140735 0.470420006619931 0.729591815832334 0.250324775062346 0.304254672133878 0.0508325589422522 0.215485281850258 0.971721314219499 0.066532689613014 0.0340297040913312 0.586878818922934 0.100120861466988 0.0446709113580067 0.204036645408743 0.0768715217410082 0.165093670639871 0.420822744077058 0.249252517620383 0.000187537543173766
0.187560202644473 0.532100381882156 0.686659234861338 0.576575650453357 0.653471808465955 0.223720121627622 0.0166890772908296 0.110714223444565 0.0349619434021053 0.126992023939655 0.764097161784919 0.998097972572788 0.0633249413270028 0.0677568415163745 0.425664088273184 0.796121913956967 0.762246853680227 0.355059044093541 0.0181712301475455 0.00588542880105069
0.509279890471136 0.709800161197443 0.862948525311766 0.773691086653274 0.989610500122227 0.675924393381907 0.158856397716459 0.864615312431075 0.916975123739945 0.96881637533506 0.679770307402853 0.94101507384032 0.614613286312817 0.409261962996752 0.843712124903773 0.9917384165864 0.710049777063421 0.691851128435095 0.979241759894043 0.991445767057937
0.750630318120585 0.686269046769368 0.596559036006475 0.456077531876796 0.721128244286563 0.152498981586299 0.817071560296439 0.982709386024963 0.90245269981122 0.886325431909235 0.997145755679591 0.99874861357388 0.536629973263948 0.181328299694425 0.980069495181588 0.999901483138547 0.671433172596065 0.503935694886066 0.78532146524165 0.0430381526565734
0.087734685308342 0.505141225938809 0.673579497082678 0.543494349051401 0.0198309348234713 0.328939329550324 0.0458841362611464 0.278766064986478 0.143190178123019 0.0769035816023572 0.0262297280738704 0.969486072534039 0.135552218165527 0.1181816363618 0.366894945122063 0.697832746494886 0.494114506618948 0.274296354829829 0.0562436585696708 0.279708430515054
0.253669672907504 0.692774813156131 0.560984431783991 0.70977858596335 0.314475530776721 0.662961080096544 0.0888643533602491 0.778566224596927 0.0368949797137818 0.809942923261464 0.308834944611756 0.998093966606339 0.152610306267553 0.109397549685732 0.804321978235704 0.964766607995969 0.651034334392698 0.772070134924459 0.789045361943683 0.740405008234914
0.239628840203 0.654129920779034 0.932217087094357 0.667069359527923 0.655366789155068 0.64270637330843 0.12018798132673 0.832193395764708 0.952700730463665 0.802232535395996 0.471450828713622 0.93224059731517 0.605263390666281 0.222536622535562 0.85573272326139 0.960624207413387 0.462288030527046 0.723963094971251 0.698246410331644 0.999999
0.372050294299579 0.705098451279763 0.511664479809927 0.807707174426131 0.935988275178668 0.423283693224621 0.329333822198448 0.669547110788459 0.882938341697216 0.645636195230147 0.667895660454079 0.999791075095115 0.390403615694565 0.21032868564933 0.690226017037667 0.873847438591876 0.539085583874444 0.620595528987759 0.93156261692993 0.976200748584104
0.0534779634350332 0.56684491532998 0.870182537395416 0.756437315472095 0.54993941440849 0.222197065423896 0.10079419792683 0.403895295484094 0.130320261706321 0.306492334430441 0.320612817004832 0.999190383298108 0.133747883297161 0.10055851883898 0.602065179393739 0.960213157777283 0.212243773875312 0.639174034775314 1.00474135113363e-05 0.00691318128723434
0.0473174736027125 0.507383030876634 0.371462963894775 0.662415878389012 0.061315702723053 0.264241359543657 0.0119126911100939 0.0824283492159613 0.551737639552367 0.132018069533088 0.0231885815216344 0.489371913898205 0.055555752195626 0.035140919713829 0.246545975873488 0.00624217996597267 0.487400820664662 0.199491585072271 0.000191481214949252 0.00458592461542258
0.517425194965607 0.586109207996748 0.864168320267553 0.869000777047688 0.975165265592193 0.369120922626311 0.417324912628071 0.893051461677374 0.172816929231344 0.956933130134552 0.982322243901694 0.987273936801123 0.704763053471766 0.584072103809694 0.782011022456986 0.999604783189932 0.172205564306368 0.51427170600138 0.747050696727461 0.999929383831743
0.0260186804331018 0.430677633781191 0.190804794459994 0.550435268098632 0.266156159748033 0.175752884913315 0.040939786130753 0.0204943872793029 0.0019317641686846 0.0350547392378338 0.00614311435397365 0.331201378171053 0.0298705538596368 0.0281792163416472 0.32707061441278 0.047833199859639 0.335877357107027 0.322049496484261 0.00299443659611593 0.00131898877911658
0.543695538407053 0.682608343905194 0.53218699812153 0.784566212480094 0.79414377600205 0.805418663244846 0.0699944922600906 0.975550921724541 0.9919442008476 0.857082871990197 0.983301934028201 0.996019379394303 0.481383918944799 0.201128094720391 0.903674872485388 0.998785284119441 0.64808925930293 0.508566925045518 0.00768716317846909 0.122211452002736
0.212850390544661 0.646597815775564 0.871137443112023 0.581423506661615 0.613142199239423 0.181570814496733 0.340251753353723 0.935912165265057 0.734525097011592 0.485619188760477 0.612597908614585 0.967643426458101 0.375658258612937 0.0871474100456875 0.442026598059934 0.953945576922988 0.716085237455023 0.581304950879854 0.945892029817938 0.999112868404894
0.0336215163829151 0.454024766302257 0.286653696853785 0.726615942254937 0.239596624774298 0.303818338645436 0.201330266165064 0.148002366066375 0.247889768249135 0.121000081081428 0.0146449179693289 0.695612950417331 0.0914088717433207 0.0979554488224333 0.122483322775027 0.0226004775789445 0.394909492015634 0.344267657129222 0.688350141339236 0.007691291120351
0.344484353780508 0.723039166274431 0.780182042151138 0.755614418382565 0.992463310822012 0.70224354808408 0.518801033689552 0.987461992388694 0.935431501063488 0.831553199441877 0.978902944311383 0.910467782533725 0.389662087905408 0.216717072184064 0.734189271522946 0.991972407503507 0.540030178428695 0.597506386130286 0.496919432843995 0.983460861432192
0.234157839492116 0.635699118363433 0.416833201218521 0.495995161282293 0.977677078756491 0.274011699218158 0.408136008262938 0.669916543030542 0.79734781885256 0.770380185785446 0.923434847192322 0.981465255339887 0.607825647819229 0.137959840508945 0.468836203193664 0.946946767579946 0.690594637580777 0.498039099166736 0.900057039169718 0.801262464332627
0.0716556242965562 0.570780257661982 0.259415179911799 0.394193224598308 0.208813125201702 0.236392482730833 0.0238975557384398 0.0772622237049829 0.676666638189583 0.0188808020488202 0.0381142101610184 0.768829141439363 0.0708110745205139 0.0247922586881433 0.291598545082791 0.0778910203777148 0.542173863382068 0.487028315031322 0.087372628002229 0.0204857370901307
0.238587513280623 0.625809544966923 0.801188493608494 0.599790516368004 0.829430530096767 0.294595176202462 0.135986965825862 0.249728966384923 0.51003820511544 0.40736868776424 0.189759938035119 0.968058144144225 0.281832999571378 0.128778178132192 0.78435833300734 0.931304630652897 0.320755548005542 0.46002514246882 0.205666219418874 0.000533877953630884
0.158645581845423 0.665049332186949 0.931993015297459 0.574962548382984 0.870411946081329 0.654542498174364 0.399288561108213 0.615075269355588 0.276743681499266 0.645867510318719 0.393066116744569 0.924242318984826 0.141206020152907 0.169616566976665 0.851913874668246 0.982296100974147 0.573375667505596 0.47686897028644 0.513904100288673 0.672332301560866
0.421394294578879 0.718992125911884 0.606404002148713 0.680112975107964 0.45537277089792 0.351345749715619 0.100386136155884 0.248037659779131 0.698657924052345 0.925012035927613 0.990385386384467 0.26127003913965 0.486857982688701 0.156722156638677 0.658697759852684 0.970248215843527 0.687205056404226 0.73642026021254 0.990138414955187 0.995612046409643
0.29374314239271 0.808268820525687 0.707820705978954 0.700019329050219 0.791091187818408 0.607375034969962 0.748924861586169 0.936711719989847 0.760408768316442 0.654924293781678 0.716470512764861 0.98858641866942 0.429027317920182 0.291007241944658 0.807057319812944 0.999056232349505 0.622058319406862 0.804572909509255 0.0768576943694854 1e-06
0.197051587206482 0.685461357466279 0.680410532168557 0.659427212901149 0.776741099045149 0.794482638509983 0.112695554957453 0.885284681220325 0.330805268790287 0.689070413421069 0.797640546463659 0.944071900313149 0.595857837993015 0.272218177860175 0.844721510550797 0.982508220778066 0.390460509745116 0.617458142534857 0.0777584382063505 0.0967867709173788
0.144821940026866 0.582231568301566 0.700535034635885 0.615156397406542 0.369340008855833 0.643870865625789 0.384141103476247 0.298833627574939 0.981744143957269 0.212719030684975 0.80258802565752 0.746797485108567 0.254896616617153 0.2084602547739 0.486746769245002 0.450903770865673 0.495919840268958 0.506652584245417 0.223234629512738 0.975704847217331
0.318791402758226 0.695435068096242 0.267532916957705 0.589771932958449 0.952160489363881 0.255923032086654 0.454945487661528 0.406188050820292 0.935342821438653 0.620624203192528 0.557437114660517 0.999634800089801 0.396310611316149 0.336793077991823 0.868924222541627 0.857406511330438 0.770039201608031 0.671896534862483 0.993844483639747 0.029040894316626
0.221044134565748 0.664160063286252 0.736216448663156 0.640226666820671 0.932917877024671 0.199662935620341 0.0600638891345474 0.830658530120533 0.904536503814376 0.309532594459967 0.234731434898533 0.879924454023045 0.162003220806601 0.125713466465575 0.590259752742024 0.992829862494637 0.495088179606157 0.46411606588043 0.351610091356047 0.821223246932806
0.158623441427687 0.544036479175094 0.434601731372163 0.500624477360179 0.0733720390995593 0.225061611249759 0.0195191261280993 0.564996596109391 0.222214332952103 0.0839293645628605 0.00482141253134438 0.971414265801988 0.0524602841234865 0.0329074889237177 0.747505500853821 0.0222054564434823 0.347062667764839 0.342992421181554 0.0462726946642243 2.05941672754467e-05
0.328747248292114 0.60666249375458 0.439690669802736 0.487709873188802 0.585723399724759 0.549549063440497 0.320706512691654 0.815070341268515 0.878162612242924 0.315467698039482 0.203982250413822 0.971575595141029 0.174723320517054 0.272813867839381 0.279924149301134 0.991311421700623 0.57425087693506 0.493065859256788 0.0935514787983454 0.00343885073985507
0.21359963640018 0.62831351022946 0.606040506529975 0.569868023157042 0.928590375446601 0.623327306400544 0.164078725660452 0.269963080128943 0.236430014730612 0.14622135060935 0.236105942433767 0.840902377503375 0.155133468227172 0.0684130968869375 0.397635698696686 0.998489518386269 0.438824523714262 0.365695490482484 0.0661823492573386 0.0726855652943052
0.153106350606862 0.577424050319861 0.774042286163758 0.380951207043012 0.821534223724233 0.267379204879092 0.24679396789814 0.196324371864097 0.444244691573591 0.67322808649629 0.259328282605071 0.967541914998648 0.263830440929334 0.0711151409982248 0.972416848033405 0.774717867744391 0.417899849835603 0.524271974785743 0.990603309625369 0.0329908517739848
0.426392002822973 0.689186348132445 0.691073339003108 0.608134472111659 0.737633300929922 0.519868236440215 0.300119504575818 0.585819707656179 0.939204845833961 0.886145848766476 0.595666572154139 0.809474788623066 0.494772860703497 0.404441690513293 0.677344755606934 0.537667041312496 0.271681041404306 0.71910432467353 0.01056468001429 0.134186062593036
0.2661283764246 0.60795120049934 0.82900836854988 0.867867612988198 0.30017634116631 0.167784465143544 0.183598463987562 0.596511663491747 0.11641121214079 0.911341880783163 0.603095318870473 0.994633407524671 0.253769980407942 0.124447944096492 0.597572143367816 0.129068769246359 0.641204125477114 0.680667232511962 0.0654879524490461 0.99995131480467
0.208599455858607 0.500133915306733 0.0958024338379387 0.448639034401196 0.449999351262187 0.322683999879043 0.0640355445320297 0.0762963158266919 0.0272590704346867 0.696616154885363 0.083847424097973 0.269721293460614 0.115789442392511 0.0263325467545 0.223408712384736 0.195083616372181 0.266002682975349 0.257378874006812 0.00721678487701927 0.00291986976260032
0.0821828553345001 0.51234150794621 0.915785092384448 0.504120366587508 0.0681764386952428 0.442234670512482 0.136178467386009 0.811979009989478 0.458477198011419 0.10510170424584 0.426159773031276 0.806993951213478 0.254472988476636 0.152651860171538 0.555327600400143 0.974241117795618 0.495629883193671 0.708685109013846 0.0448395437094852 0.969834268634386
0.306150178872186 0.683721840023217 0.726446563350837 0.422116324266444 0.942155076991431 0.753662737951587 0.410635188792446 0.675959362004122 0.723221860142655 0.885115846432 0.837944839344103 0.99832871794335 0.216415882452506 0.137905581515816 0.737197686852945 0.999959099298136 0.593250196058349 0.608347541388564 0.104211058065091 0.998850574608913
0.293091552290353 0.719078841690123 0.885142801985129 0.59571539633822 0.957158045609316 0.51467522314474 0.252391746078995 0.997565889588511 0.838018946415184 0.941172571844792 0.538892382414459 0.971881438488924 0.706017025202979 0.254890945172908 0.722054202673942 0.999752308426208 0.535626082231551 0.678843345105255 0.99937986366686 0.938426167578143
0.233694116647801 0.671659148081697 0.93345960836442 0.576660363479583 0.838752735222507 0.199129964704395 0.142918089075972 0.889455312672395 0.987724564763504 0.707363933274738 0.718837944814901 0.333358170694871 0.381213605975294 0.208031518863923 0.563300010650566 0.997989587112529 0.359710881561625 0.611785488106335 0.237921166806388 0.999661976691718
0.444173914191877 0.705610733994624 0.925771910222576 0.80777690534233 0.938675997890424 0.68595736034409 0.71770257441478 0.938306941897775 0.465391014563468 0.780601273040175 0.960346803621954 0.988918370188071 0.693094862874583 0.169893334032985 0.770141846700212 0.991091961622164 0.663757381760595 0.668792091683291 0.35662907644241 0.999521640577162
0.133102791664613 0.625969551893915 0.746248005522982 0.682048065542776 0.681235297674444 0.193626388260717 0.19718114896516 0.373336463788106 0.746588910428811 0.116065837484587 0.224309018801656 0.89507573445375 0.163163804898181 0.0806551869459442 0.559420353162942 0.213083304254061 0.0679962686076281 0.701522923713039 0.975692212841944 0.999945495876054
0.0284645671323088 0.38026292070773 0.204044313632597 0.699748380024989 0.00435816530091999 0.274966900068702 0.00621645023819693 0.224239249551081 0.0380532208434266 0.00314157571565627 0.0901316847272332 0.984636336057965 0.0265639670966278 0.0358068713852482 0.288441100042915 0.816773080160494 0.477141507128741 0.359232004573264 0.8904150507883 1.08727452498087e-05
0.317765869235927 0.648396237477028 0.315791303299253 0.766576242517897 0.807500469808844 0.419984505602605 0.0480456965221448 0.851422781412021 0.580100411533941 0.911123038223512 0.454126535147579 0.721016987536484 0.444350258782618 0.311047664411978 0.770454474416996 0.978039030428817 0.619113935529758 0.553545612536136 0.776410424394089 0.550291603412851
0.0260605939554429 0.480703172334305 0.174633753625291 0.659933491318564 0.0122388680752051 0.433389797765561 0.00500138586485912 0.00184849088036743 0.164589641738772 0.0088107311613451 0.00366486336945553 0.484466341441567 0.0248237568613728 0.023216101696034 0.0829987359945573 0.70150005600101 0.198341614258694 0.193005850024066 1e-06 0.00285647201193041
0.202034944899061 0.652156250984635 0.92598686981595 0.816011416790796 0.668952367454231 0.328836675000146 0.0833014341358749 0.48600545997736 0.0271049922131302 0.502999053616692 0.108302748161138 0.995158530293147 0.16899814970102 0.144467689813146 0.61467160105576 0.503982316968511 0.30482167172005 0.616710846463451 0.0103397753387992 0.000358591334715182
0.929141816830194 0.807081482416783 0.948999487030261 0.801633530763227 0.978699129125909 0.331392749629757 0.643529452294563 0.994817482445219 0.447495755046643 0.984519549784715 0.99334200747431 0.999436400109096 0.759943936441504 0.387486069557651 0.989078960775876 0.996502213295375 0.854655203599 0.904601670411279 0.515097236675435 0.897641199436551
0.0404869205131477 0.373826132899607 0.10534901285034 0.579174055444527 0.298317605464538 0.171169266043771 0.172182475773479 0.0198076145370034 0.923054371514986 0.0407290522753751 0.0079415270058288 0.888057616979873 0.0354166149294694 0.0300197920531483 0.0632904173956534 0.0352797384713012 0.39746355406162 0.28282439883977 0.897230656014541 0.857607637455757
0.0302647956212222 0.568618703118908 0.42814921210372 0.414694172794529 0.0432710913484089 0.228435635153688 0.0420799551597467 0.361842958486316 0.0518955640566268 0.0580623103367201 0.0197403605808374 0.96385033243037 0.0614198078866464 0.110590214624414 0.678407762619077 0.149444458109554 0.228268582480353 0.127810251831747 0.0107825439992158 0.192972683393673
0.22077100192959 0.530295503568356 0.79575444814884 0.707941820732916 0.634762152233959 0.159589626956733 0.157345242397226 0.925999065617181 0.725439795260196 0.250891074458303 0.160306436563697 0.995993142620478 0.157043429135088 0.13605242838342 0.540313134463746 0.960086730505688 0.474263098287198 0.432371710635592 0.984839871349406 0.924354316618802
0.31519515763263 0.676497361289308 0.879638035741715 0.727703112155343 0.571305260486518 0.23063594805937 0.249255871515168 0.827616440628103 0.989164219417173 0.803593014877435 0.461455013862399 0.854780379533002 0.105940172828378 0.316399945272306 0.632174028395175 0.999198833299752 0.694284346085389 0.365733018151639 0.0667194928327062 0.975348163361821
0.135092310314391 0.478414870266429 0.674253897335816 0.673627224677058 0.585587215994177 0.508630061644242 0.179058609317726 0.379352976691776 0.200916129211765 0.274793756713818 0.0639960970279061 0.874796454442541 0.23502320624044 0.114499677760516 0.710505635382986 0.747570378946044 0.637498006159859 0.541332153631725 0.0505410334559344 0.151798239705856
0.278467206562459 0.661183758152467 0.481182145137949 0.55380594675251 0.212441315152908 0.194999683499703 0.503581874981358 0.695362667075453 0.993823660501038 0.502665399321171 0.501926423660067 0.787194862862501 0.512750179164782 0.231500836164424 0.717923799323049 0.997357270243038 0.575186613823093 0.516325112125082 0.0433503159543691 0.000585201524529829
0.302121779524022 0.693711970879205 0.519927618725723 0.597859844459958 0.461187117567564 0.666931623282951 0.0667228732624089 0.872552769819573 0.996288485646118 0.291577905631351 0.232302588208562 0.984083831948647 0.331216172154778 0.150146345021226 0.516589512616091 0.430801739377936 0.423324270710091 0.681847131164252 0.000275089283477222 0.002147900641591
0.0511011775430252 0.454500220587613 0.518916178826851 0.772485640122625 0.0232460183120458 0.540064373566472 0.0428243948464589 0.131315972280539 0.0968863465843869 0.126640994132297 0.0290629926852622 0.385876406704326 0.0425674856587244 0.0349838852439699 0.720188054903318 0.815390018558211 0.377764529766795 0.302321227922112 0.00174881679522987 0.783602383389894
0.0706332853974372 0.591731450057251 0.294355592252457 0.656424996879443 0.311391987436538 0.57415170081963 0.0633064981032871 0.735337830245944 0.893621440609027 0.288224216889293 0.0179000105999904 0.966135469719807 0.4118188124089 0.0488090989667625 0.381604148767719 0.11471190905384 0.516950432437075 0.689739114601633 0.412175703320216 0.897556159292524
0.18950386544289 0.53882122958957 0.677088869107608 0.686351412617313 0.318799137756617 0.361794259143812 0.00808235276587507 0.474950375382659 0.581352939549955 0.353192630620882 0.448771328268489 0.987121038851611 0.188424522597305 0.0580031710855205 0.584189913614708 0.953786557347451 0.582842935266315 0.780549337194631 0.00860044454563342 0.00470413342454661
0.0803774993767523 0.528509658521171 0.0704914217316692 0.447872775580968 0.371861896332554 0.20454021412889 0.056660037998963 0.308959921163297 0.634561000612415 0.222142391046187 0.0262039052447472 0.352523268122502 0.245995039857069 0.145320722782353 0.350696137352365 0.554465699165442 0.476592734730866 0.511924217076171 4.70264233455377e-05 0.000437117195108229
0.132318169117057 0.501732102172999 0.590105402166835 0.538832301942008 0.0109115293415872 0.560980400822707 0.012625939875004 0.064962088919346 0.00760869323102877 0.0801761937961877 0.0454448527825343 0.983750297106163 0.0454089085968961 0.024327954880015 0.227853173192781 0.258779514424302 0.362482974188808 0.252297430925427 0.770392455035637 7.22850671464679e-06
0.102842023028567 0.655768583333682 0.670544424748704 0.4627364449576 0.602011154513968 0.425093170241232 0.0364003240805921 0.336561812858681 0.46464948450632 0.359215700256697 0.359936188543043 0.951225675417507 0.34879008894333 0.114147694950755 0.646903133045538 0.946437428247921 0.642708431694544 0.405177000428154 0.266750517778393 0.0136321798541726
0.210917646623226 0.697827527252062 0.61735226652023 0.850823200961611 0.920045740822983 0.54281705246599 0.421946726105456 0.0356754151310439 0.0315485993126441 0.625376558597139 0.84143084194673 0.767526126263195 0.219270818085503 0.259496341152934 0.861796243718786 0.862200515311699 0.35551245256685 0.344683774001555 0.125495705571786 0.222506545849814
0.22419234100458 0.606521296194946 0.437537323209972 0.391523240428028 0.956870146609367 0.685192775998466 0.292340289395496 0.838152917551087 0.983972643186948 0.924389514239844 0.984926580232211 0.474349632456346 0.501864384033657 0.282037289183361 0.889269181930742 0.997045183191088 0.763631105692708 0.611457240537531 0.00521236881223878 0.000899050775945259
0.455582382401485 0.645147547000112 0.497655705137562 0.63200302110453 0.986023783379486 0.513133098072342 0.328932524348275 0.904881711013206 0.866010439012683 0.734348914222776 0.687400539389545 0.980602675831998 0.599303022278391 0.235222988502263 0.89870889088889 0.926776184291524 0.757133704568167 0.76484588569999 0.016011369891462 0.959965177712945
0.123450792602346 0.559601204323641 0.706188989265502 0.740266689692465 0.892939936378616 0.419583850517923 0.117870596897898 0.893955387949757 0.192517689047748 0.195750412443205 0.572618243328583 0.995898793745066 0.231590768369847 0.0775546744854895 0.626243542311159 0.907230812941712 0.625488146189549 0.575014246771123 0.0362783006865726 0.00324547652221601
0.491217252278477 0.634883284293409 0.513389395570373 0.575904713093798 0.986857160849777 0.513759289166559 0.77193108829492 0.941716979533014 0.878251839119381 0.803664617276248 0.496294721661341 0.898552644430609 0.529832523782365 0.18511953262212 0.672660270276642 0.999427139852971 0.667070962067305 0.747301278783365 0.940261270442565 0.988434345315555
0.08821407420767 0.545972172236907 0.187043656835797 0.546261190718675 0.351985628438131 0.310358368740799 0.113324572156484 0.731641201194602 0.746770726487968 0.286054731533419 0.225087779238137 0.963645635929519 0.14887797744621 0.133381309774308 0.327194562553007 0.985926346304908 0.420707761486191 0.655638882028216 0.0201906105120568 0.3753776351814
0.131822977157971 0.48547942781426 0.180273492161766 0.534034527353595 0.970393835143009 0.143948122728204 0.548916820097116 0.379935638051274 0.913049947371274 0.378640222942733 0.849323603122946 0.964978101344803 0.259051525954395 0.165382034637182 0.637957361736728 0.998773030224808 0.347136763653194 0.351336751803902 0.869622801832901 0.0695753075079335
0.301686126515515 0.597565091386902 0.950452021555812 0.585152532551936 0.373156716328882 0.422909785644714 0.419153141659684 0.808603143627586 0.984960357629265 0.464939904841939 0.718881269406579 0.9289741956199 0.298381628292861 0.258786165997476 0.381032819446344 0.661474430456257 0.393938060174526 0.647254350545456 0.999263324079894 0.994490704630342
0.481339944933539 0.567700822638863 0.490677921531053 0.61173971829955 0.903106902170055 0.544439741374803 0.342332001432966 0.954078187247803 0.99027110997805 0.939964031362134 0.691177016301194 0.991657922070004 0.549566591000366 0.230229411795319 0.953753860006553 0.986808281988694 0.43234764296559 0.58532826155426 0.999894266957166 0.991046158299181
0.149159849285305 0.733497280938237 0.499272977269085 0.681874937412917 0.844571350742682 0.723481046912668 0.126530487775582 0.815578422908788 0.751184300007626 0.706079757195268 0.267163045992062 0.996714115395204 0.616015308623597 0.205002842234829 0.877706666834246 0.960922672077234 0.545741420804836 0.473076148262798 0.307956363742498 0.225744232329489
0.507081085770987 0.668147720418572 0.845250724178518 0.692360018379893 0.718814371013375 0.481125553560423 0.112542595604339 0.838023712608973 0.605387967416708 0.450600476038022 0.833102888828088 0.999259634211291 0.51315989832027 0.375320088211494 0.956734324272659 0.916910806040099 0.586912961429737 0.794329483559758 0.983912468444072 0.949041374702771
0.614957711485532 0.789550757950649 0.772826294298275 0.699882690485287 0.612543035373414 0.255145334932209 0.343750891418878 0.419016024084965 0.745383660152761 0.687432382324815 0.593335875825813 0.983894078456219 0.50282533382906 0.320124235553132 0.825496773580517 0.999896415910048 0.672143892088514 0.66212625806503 0.274420726856167 0.926614195234826
0.139310362425428 0.572522228427093 0.40667288216033 0.410311748724549 0.0886105840719769 0.227109157425943 0.110064733304934 0.137985709578224 0.0162228377817254 0.349972033552731 0.0993720790464396 0.993481111711604 0.119775351091778 0.0459249377819113 0.331354939254498 0.414118130456912 0.166510770828728 0.412207594870803 0.811016976060922 0.953876178270856
0.0636176231160358 0.48319718859023 0.650607610687807 0.460626214163125 0.0240532323948466 0.51427983188772 0.315153060492209 0.27064153214621 0.765788419142395 0.176845029188013 0.0423447936403962 0.06166897839647 0.136197058195046 0.0752783911055639 0.315792466310602 0.998877026053468 0.247354502923611 0.601264583832051 0.0820652458549638 0.520808587916966
0.700440433260973 0.679925688964056 0.821459328623899 0.617811128350033 0.749451126322263 0.334323522638856 0.626266055395302 0.647646408992058 0.944458163547064 0.5884981842751 0.856004304207207 0.977218985426623 0.22285547545921 0.239442667524557 0.735117429255977 0.652062138653642 0.592173440869289 0.770531094389 0.265089597268804 0.99816182741008
0.16327960850768 0.645916846884472 0.670443455586154 0.544347253170602 0.457897008657249 0.257134173883305 0.395992924501824 0.803125118878866 0.668881293881763 0.419263836081808 0.930640238129981 0.996430163844754 0.200819979894261 0.0930593576146554 0.666658252441 0.986126186492546 0.553473725511697 0.792229381940932 0.0488723506847494 0.999813292556929
0.0393844261600197 0.500687778607037 0.206037574157593 0.610943458009898 0.208751051392032 0.218814534367106 0.0246526983894629 0.0862801482527411 0.729298158522926 0.0514027978900524 0.263009455692544 0.612812777124073 0.124466393285856 0.0498564149588593 0.177899737360708 0.252770772858538 0.344219490118371 0.22646793778318 0.00327214092094483 0.127020118724111
0.0147030212495246 0.464352076219224 0.550490124447574 0.732820902469426 0.0428041078252517 0.0778371558843421 0.293742012990877 0.0177850557145819 0.0166311246192734 0.0556760558541623 0.0056380625608391 0.825325136482462 0.0195414904115663 0.0578723878409025 0.0629566166892897 0.00936746799866722 0.20004311806927 0.477355111562965 7.00599102974916e-05 0.00434792390998245
0.235524008403451 0.684509237845457 0.88679462538786 0.746977767014176 0.939691026635785 0.208742745622007 0.83958725839614 0.658347555409338 0.452158604367338 0.640521544313476 0.520313014510615 0.999640098635288 0.310712066250397 0.394146194829556 0.551488464040429 0.985848599755796 0.392995103314433 0.59002776548979 0.244620368004756 0.999923474790598
0.335216337443775 0.636150119022635 0.548156071780068 0.78067962722764 0.737345198467605 0.310271434867286 0.104540267390976 0.726698071189997 0.956234802580631 0.777978297602846 0.964277917383834 0.928991854226 0.659205364350038 0.25509804000385 0.752940000243881 0.992715025356719 0.298329948716948 0.714989945848715 0.0773422221398176 0.650611794339491
0.387655757197086 0.694143125926526 0.597133772303249 0.64545681970291 0.960821842399955 0.275376090093986 0.332222057962636 0.931645644390535 0.88723434827552 0.674162329962887 0.754394028225394 0.921994312575268 0.444481622329605 0.217126345754631 0.877358626036681 0.606788834588544 0.514616407572057 0.739866313889962 0.0540712988965469 0.0398954476424809
0.175833573446743 0.7112147499249 0.526172825819208 0.596326476173975 0.681427751186684 0.597683326542651 0.591986981202281 0.685099059646566 0.913809772355004 0.395480054263681 0.955854560138228 0.982489854369465 0.412789058542161 0.268089855027732 0.738086507955681 0.638918433427255 0.794615421873926 0.617734929469958 0.967351183053957 0.809685181741408
0.0623947681577929 0.477903338239253 0.255966476713533 0.333242723472056 0.653905964977576 0.349696840168541 0.164106506712296 0.0503331607266382 0.186083337963455 0.364590086554273 0.319581893326508 0.928996766372817 0.133208979121163 0.0915488656678112 0.184168296722489 0.267146477602655 0.290247482123336 0.515382069354129 0.0104456114875638 0.18780345231139
0.203232796036062 0.485446376652494 0.869254834185567 0.324232435108971 0.502873250617783 0.45176103513035 0.111153965203403 0.386630708157715 0.183984281015661 0.260457509268 0.275341311538913 0.891929499411829 0.269321777456203 0.0751817244288058 0.352166270262625 0.484055423436965 0.520754602353086 0.430027454286174 0.00260663028802736 0.248825200096518
0.426487894753283 0.723226356761213 0.898128268097432 0.412616917964055 0.896143596645259 0.647872928482345 0.202542638335902 0.461998563730953 0.719333254816456 0.648084243092329 0.504394891286184 0.989099692629286 0.231066474741913 0.307184992181525 0.711406537735219 0.791166457007448 0.570361998436269 0.700085356498655 0.467964976955387 0.982489178151413
0.600404210226627 0.728332916392952 0.980606313798785 0.808028994949633 0.832260102944845 0.674275653713297 0.60219577698376 0.904106754169235 0.951730621605795 0.912949993892069 0.89611371157597 0.998790454893941 0.400620283041229 0.424724307007661 0.750748696917602 0.999664180451114 0.676762250884483 0.745527087953692 0.996827087630183 0.999947779271446
0.221191388961954 0.619600253953072 0.369958954592684 0.393581395123039 0.715481112717962 0.8687033407176 0.0930143305819296 0.685193131943645 0.461304916770826 0.341959532684756 0.508283422673957 0.968346511334945 0.25871750905267 0.116895534406516 0.505691201128191 0.44719941531696 0.356260551106741 0.798821911089703 0.905229418415545 0.991380037138038
0.505215468118777 0.680329305601169 0.403112514133331 0.622896385585702 0.959547073913767 0.54198048732668 0.158510060596549 0.795000784482365 0.801548649360417 0.454772665362901 0.554005342892986 0.978119549772426 0.322229115749188 0.205347137752357 0.709579198281347 0.967371865434778 0.537258111959697 0.63299064083847 0.0406149916910204 0.981552536398296
0.0216316841065135 0.366906444082032 0.0711472687358393 0.417646414277973 0.0452355578570815 0.203486793563935 0.00146173878596153 0.018964270753709 0.0524792941478356 0.0103767468953437 0.00263801677904284 0.727057734588895 0.0248924681894098 0.0252799428092742 0.25340639571274 0.0992830783474806 0.387142673795268 0.304756093271553 0.0107632119494902 0.000158274192723837
0.00997218831677872 0.442929267408042 0.0137270901321696 0.363136498056117 0.00399515488649211 0.120933905229629 0.00914838408853682 0.0012978013029178 0.139611329749042 0.0690088180727489 0.00723883697836633 0.41994640382023 0.0765128002513778 0.0301448731565605 0.16206694055685 0.284188176074425 0.467741973949259 0.414528793148968 0.00583393716319205 0.935932517475283
0.0867065114953843 0.578941015921299 0.241501387511344 0.320258576932361 0.537926590873309 0.203650959982337 0.0460719327815347 0.659421396300481 0.244343734793309 0.540810949638437 0.0291460875594908 0.924231439700987 0.117224125250837 0.077860520579378 0.409217619465333 0.957138147558577 0.397418232102283 0.636675245017513 0.159716565917687 0.0103544996747635
0.141892567639787 0.535345741431954 0.455308115793501 0.788185450851595 0.186833676127448 0.409590039470749 0.299997726070959 0.0721349676095182 0.940274568853554 0.585744277849479 0.325382681273731 0.961958206558583 0.312112746687596 0.131298345341075 0.662309946614708 0.760392826194064 0.355607854931071 0.466507319386775 0.692284294304852 0.153962396901646
0.164926855670158 0.446277643383943 0.489536612079189 0.639571271460149 0.890157004279457 0.120752460399501 0.366193355211559 0.891579033644542 0.986114171012083 0.340603566107829 0.352447008200192 0.98507254513141 0.310726838512345 0.245177285472951 0.290583988868538 0.710420300797325 0.285205830929156 0.722406885421175 0.946847566155047 0.999986941263635
0.197361189605239 0.750429149187704 0.534875675665164 0.48494102966697 0.332452283890399 0.144569277694088 0.32998372158993 0.865450972170773 0.60935619033179 0.759217277620542 0.590875398772841 0.841265124574908 0.178309286911424 0.12441387900321 0.890951010085466 0.986576294440581 0.68378574153385 0.756417075714764 0.646125978507821 0.00118877644542926
0.335283217005018 0.518660838831545 0.354063491673444 0.846396607709684 0.912175542726448 0.231058500431788 0.0690097137389742 0.196800913115769 0.583032501019754 0.143156684412561 0.224270438414386 0.584339924217434 0.0848582036642822 0.0849349607177608 0.327166799289484 0.909945798698406 0.226076724346082 0.494547833097929 0.000683135284598174 0.798646487487853
0.370870724500729 0.593888455623767 0.879216360496371 0.423064460694286 0.831454061157079 0.329206449547454 0.137275583542256 0.878884987762652 0.933441988449355 0.242939846131552 0.625065933482851 0.988180049663273 0.218791054888524 0.367503373736808 0.610137704052251 0.0344214354451588 0.488748286939995 0.379922725437913 0.612536318844334 2.27763251340256e-05
0.353386591227745 0.651912845336997 0.495954266284928 0.7841015891072 0.773717972394105 0.228585443350845 0.222844600097421 0.68814538736434 0.429902576687126 0.353496015382832 0.560658698926485 0.998789097302814 0.277329847255254 0.161637305852885 0.666362591444222 0.919224281782162 0.556501297484232 0.525552290975855 0.0548689716109586 0.999786273355608
0.377084055169381 0.525338890580334 0.140942955992245 0.672804547128715 0.586592717838102 0.309973512771762 0.141546383093473 0.540734206389043 0.985396569590691 0.178909968884476 0.163533349736681 0.967411358011619 0.252824362572362 0.158297063384551 0.298326308889247 0.9872358817822 0.407681914566503 0.700491571934435 0.287945886019437 0.00227287444949563
0.039119538960461 0.60864417510091 0.503218958452164 0.572285219612263 0.573684344810556 0.384404140490364 0.0937041303792407 0.0488490255208294 0.177567774132512 0.346966222348771 0.625472919136029 0.848028039924775 0.155464683385717 0.0718905657646154 0.22033863260593 0.958175554034473 0.349423977566202 0.722852637852911 0.090556369740495 0.992324874072961
0.406963142656962 0.709822077090835 0.809755016571111 0.8403935934606 0.968228474139234 0.325032526503749 0.29092605102574 0.553876733129668 0.78867947902763 0.770486672544079 0.960914240370511 0.999074823972429 0.559217829042317 0.292010917290162 0.734628430588876 0.994344746444213 0.505931640425743 0.833360652616771 0.861776887428403 0.993324013972446
0.699766988399386 0.816421092619904 0.87564269738184 0.734915333586257 0.991428538450515 0.427517908645782 0.933410772056913 0.966458455337776 0.996983612606484 0.977610244711655 0.995505540485625 0.99356559973958 0.598537127589397 0.592631898097232 0.927557557688479 0.999901778741947 0.785862973624301 0.824362243921484 0.506893188355283 0.9999849551463
0.0460403995725039 0.518984022258362 0.533948904979489 0.466008286006579 0.689873006110655 0.102708623916357 0.0271050842000868 0.0160718092431984 0.445437304000482 0.0440803841645317 0.0250176573065599 0.282077469902989 0.0497173549677642 0.0656303937671415 0.400017847581755 0.23463757499093 0.595467413911043 0.387820046156756 0.0919060219432998 1e-06
0.562749294040382 0.610274074177382 0.67025789749613 0.82900072091498 0.793232373314372 0.164883937113637 0.159604990650608 0.957452003724117 0.543770522506847 0.487933837432511 0.740707162871056 0.974804653103975 0.38185524446266 0.183282868571791 0.929703608012932 0.793515357626217 0.598856917972755 0.816927150054094 0.924415957241176 0.389636635254818
0.483394697767828 0.610803124239199 0.23279959180773 0.875740791776876 0.973059166102868 0.670367624539965 0.193848953862538 0.992992212140167 0.817104988544827 0.757394547469113 0.771539590320689 0.941284425914444 0.392647040954128 0.193486582109999 0.876059760108012 0.277850926386872 0.464386258897774 0.849583828835713 0.575221780726921 0.990302260115028
0.112924494352906 0.485439437098433 0.679079001542673 0.619341497724615 0.252365856902697 0.138246316608639 0.19811806993516 0.105591705248144 0.768057334221879 0.0616906821316229 0.0439309142249781 0.558452524054352 0.0978219251802935 0.0802657773053111 0.40959180079887 0.0649500523698507 0.548479668898173 0.482042007536458 0.459092689841662 0.989118115774339
0.203154436496393 0.678021561906092 0.711549349873603 0.656762273548934 0.904058058830781 0.660411067861482 0.271246681090879 0.528284395441137 0.920767853435036 0.460418555671806 0.881182777212863 0.999710612967841 0.268323235517884 0.166364275018111 0.884561889126767 0.988789340823656 0.537108474237851 0.566886239394882 0.000745233179268705 0.996928182845323
0.0572122162635309 0.496552463384593 0.406576480139098 0.376426672919854 0.589960544698792 0.628184114275404 0.161596103060922 0.111199075143334 0.545219894391263 0.0300239002931274 0.0690914871493238 0.787105131403232 0.165215367795571 0.0359757770336115 0.114484190354144 0.155107126809416 0.176897723070219 0.323925685380375 0.00167977810264668 0.999999
0.309094296359935 0.707335580805789 0.469324266850004 0.607102304699325 0.546960969682027 0.47341145996961 0.220880739119593 0.96308968453135 0.717615121270163 0.672902392304983 0.76534016393314 0.956071203415975 0.237176053346828 0.0819819056203848 0.840754109330627 0.9917394213321 0.334086463810853 0.461082928362251 0.00741902642339619 0.674883892454547
0.0333451072011147 0.462799790097936 0.626288756168712 0.384905177730493 0.0294355778478849 0.103692770073618 0.111933529664571 0.0294718264823235 0.674063745483085 0.0791417954317961 0.0214983629582457 0.334601889305645 0.0321027171314649 0.0378585117474033 0.204173820247445 0.0982007493853865 0.229792270515435 0.415313018688929 1.07287250294118e-05 0.738223271431472
0.237137332487884 0.533774147565684 0.443160617398151 0.557766352555203 0.849367668475657 0.171919861657118 0.18959578764147 0.19453893115498 0.0342166004307468 0.556205690297586 0.0976046990427724 0.0817574340294815 0.284244002338397 0.167308621723486 0.32297013013464 0.845357755504805 0.567839810111248 0.382125552005421 0.000477959946588809 0.556309333613472
0.446642043408886 0.720660171317654 0.86692549972685 0.761065965351576 0.984933138678694 0.486889478059853 0.608920591752917 0.934973114070938 0.941963019997581 0.994254912062289 0.994185353149398 0.996611560913887 0.606582367944407 0.488773680338428 0.955547627965209 0.99999172137366 0.713634837195575 0.843204962513377 0.122349574676418 0.999999
0.108788016781627 0.644461189795488 0.750413119891088 0.413169268372099 0.402443935651536 0.543817872326363 0.174460603663125 0.0908108317697943 0.308417480528645 0.297214422765293 0.55179674022269 0.677619909028743 0.133727548691094 0.0983211665362387 0.576970432963435 0.807170930363387 0.548354543100158 0.333422681373324 0.979088380581646 0.992573298245458
0.45852283797406 0.68908408065028 0.650903068303259 0.753947277900239 0.575979662701129 0.121709811201674 0.0502742167780119 0.713987128123327 0.0734466288399331 0.872650517375486 0.544943960981971 0.959923439643665 0.449135101698588 0.442281863881294 0.876037455379807 0.99972913187417 0.483467765178188 0.60988471720684 0.245782194786839 0.000982156310705618
0.222844187943843 0.621330763470227 0.342882416240523 0.399364310241779 0.5776781199574 0.396679957930905 0.214618766834875 0.907280198150025 0.387059138709477 0.323694497471018 0.102886453377019 0.992673536680373 0.0839162948153411 0.165765944765048 0.468390507266464 0.700268184108988 0.346380939720285 0.746150986231865 0.0132431401834098 0.0222420685337384
0.0224103360551897 0.419319176311114 0.204272344374443 0.362993561188864 0.153787181506999 0.277011536159863 0.0417969163148846 0.0181876369737934 0.129521673772199 0.100580272116135 0.0127367665170329 0.876375834131155 0.0381930236648532 0.0503911244033938 0.13431206007326 0.885982150239959 0.178741364334786 0.411746234234144 0.316784780324632 0.991672973882068
0.0741366429482525 0.439452119990826 0.482344567716418 0.688504861390524 0.0942903410871776 0.41619785209618 0.0179908560299234 0.00124206312811084 0.425467068699721 0.00848373741554773 0.0187502252785947 0.29060823194982 0.0295561585548498 0.0245197105294661 0.182560756993434 0.477729070796687 0.295747462907195 0.188781195417344 0.0315248682734318 0.54795454041815
0.249835738499032 0.616850655532536 0.388064721758069 0.621166204749283 0.350803466512052 0.702608558876979 0.0376973023803187 0.190305129836595 0.0567109626267865 0.202693689125943 0.315308863101771 0.667345823247618 0.413641878089364 0.100065515583311 0.649168075417314 0.740853494802952 0.4719928800994 0.482604726345441 0.143627068559725 0.000651004243763665
0.104626648730554 0.660394853669109 0.4994489285104 0.717980267155473 0.927732543477154 0.372498653680989 0.0565482836823707 0.150972991661842 0.692586736252793 0.314065912201206 0.255144289154874 0.905928702043178 0.150388556788048 0.0953740618836961 0.663178955136151 0.363718363850834 0.641457678215005 0.655921573765896 0.0158781257696808 0.977049697972663
0.162854586735269 0.569197178229841 0.590891484973749 0.670484211889084 0.457492474615333 0.201062317385806 0.0539580586114315 0.327393881221157 0.347367112459571 0.549286397021653 0.889583412784962 0.902507110563055 0.229370211012519 0.0786918088194827 0.530667257889634 0.655508865803693 0.434579208158139 0.400102815017231 0.0293093637628493 0.301732262571105
0.469788996749135 0.611043358565646 0.525833642590313 0.40777124023498 0.896831926047033 0.645959263001705 0.307783620529102 0.907702941530555 0.431401565093633 0.689948520472962 0.67571885650573 0.996742873857076 0.618863509595819 0.212996508528439 0.827792437535475 0.984140093631347 0.432146291606529 0.363734678910065 0.96739155405538 0.859985703591553
0.0264985034078018 0.341695952269751 0.103877991714371 0.716743862207501 0.00657440055124486 0.201301671894443 0.109748962189138 0.00904770702476341 0.134471834360442 0.082148150811267 0.00950464061118056 0.241476758923201 0.0261439976383795 0.0308410431320174 0.202181934320828 0.898125617967808 0.278501939684275 0.539555788168512 0.000292751835547922 0.99999646566661
0.32546670324739 0.621126067569315 0.690047030410629 0.62192291640899 0.991507169697089 0.33309591995683 0.0998465467649863 0.913630485391636 0.610279164789485 0.951125846691404 0.608928191169793 0.998452870182027 0.270279743749465 0.38552730725152 0.658955820958575 0.987808723888477 0.598114962918548 0.807882727722225 0.879598852774439 0.126303223807191
0.0718516277924467 0.53923907775053 0.299262665954072 0.72902086064353 0.0768493732907968 0.570631805827936 0.0715173320300572 0.100947585826822 0.679291809322518 0.113821978289163 0.0171300546303918 0.848066535624027 0.113334730302517 0.0515497259411199 0.572670677273152 0.0377504034966054 0.504946452653436 0.357056856325894 0.29011533808631 0.487879699834552
0.13381826479766 0.461888753696993 0.613888251399688 0.651915773062396 0.165766607023685 0.386286258687449 0.0436831053399853 0.125974754093624 0.874622403399398 0.146939376155204 0.152842454270323 0.359302971624942 0.179171062535813 0.106465248391076 0.263082750311493 0.859405523892384 0.38079626955084 0.325554166960598 0.0107184447519654 0.997220953222632
0.0746675356750307 0.497137757084054 0.101370626950695 0.712189090542817 0.177871503077822 0.123599777396446 0.00815538649223629 0.0325665976648017 0.0489794578885682 0.0122927151969561 0.0195362633143485 0.427364001933804 0.0989680622677976 0.0195122288322611 0.43400261063466 0.281778656203203 0.282366358699148 0.183112675094603 0.102122453167786 0.144580363502335
0.157377784920028 0.632370939901232 0.624396811002446 0.591032079114041 0.78174584000844 0.16580465137507 0.100693196787525 0.643489247101776 0.414110528533115 0.66674986875071 0.358525538514504 0.267055661415149 0.213974735415846 0.184328685817186 0.86227492287585 0.988428447108537 0.308417767154284 0.46390316619985 0.706701970118709 0.0792773827571845
0.283173569032509 0.652232129863482 0.787560053024186 0.533336614421102 0.771444194782751 0.230093784681732 0.0820725031780309 0.771849732685142 0.927263637523074 0.623207880370198 0.304583551864238 0.260626437319571 0.199416164726642 0.0561500445883332 0.703701838790565 0.999772590069823 0.467347928021867 0.442282256775011 0.619124844868611 0.757251717700224
0.0258136332575823 0.313996746504065 0.224386184050808 0.305152082719991 0.0446035232706748 0.161679756685166 0.00485069630248696 0.00589643657833292 0.00104519523675101 0.11577053399529 0.0244192950834001 0.904412259894472 0.039565716367091 0.0282793791571856 0.133382988506859 0.783588674618946 0.523173869422452 0.220297647493031 0.00530122598253783 0.0163748867749276
0.163034818373668 0.620385604183296 0.486785848771489 0.424084527680008 0.972265792411138 0.473335409314858 0.216808117071149 0.959237491762067 0.974357770938183 0.651681072401349 0.221436182118285 0.962934226781021 0.179071810815559 0.0762434845321047 0.527913964862635 0.998559883590403 0.420686263579596 0.428589470710413 0.000932673909348154 0.000381145741742384
0.174146627674094 0.615151772361257 0.53616551430613 0.301012805666554 0.808419527795049 0.425982255529898 0.24034100909635 0.381310535113798 0.854815589284055 0.110197746187774 0.293347350854113 0.948782773480307 0.196392456769128 0.0834556363147755 0.79689513184277 0.673987035664367 0.353645544155488 0.290693627564674 0.0264397390398386 0.250648093363669
0.0946473475643062 0.575779877528007 0.111898254430169 0.678209518789489 0.933901318406532 0.736858250392515 0.159196150704453 0.769727779659728 0.891067575590488 0.277377355196441 0.320485935902868 0.650541710953825 0.287847201899396 0.100981095486799 0.896230420172324 0.684042273961442 0.275689446201794 0.708570383613731 0.14438582344247 0.786624334932951
0.178128670939973 0.530258284723013 0.313214039859742 0.772223994163597 0.269863825785018 0.138990768868782 0.102532374226627 0.540268568850984 0.00314551349919012 0.15744838357328 0.268237195472489 0.450416114570285 0.192638035569589 0.0744754525285672 0.667078338812047 0.501235844595597 0.313906854863342 0.500110918841346 0.0163428579340186 2.55821271081974e-06
0.0223312445558379 0.460222024611589 0.732946911493964 0.454195915574005 0.127160014710674 0.101465065878925 0.00627543333781665 0.0420487599110884 0.00311492715897791 0.0484244794568156 0.0117865420202194 0.828322981631843 0.0243932317237138 0.0346861154213504 0.170199771996257 0.424458130632699 0.657424219660251 0.277092110148877 0.981240297682879 0.956021535789722
0.666905399346773 0.634144153915697 0.327424689393741 0.813648580994646 0.950825538217027 0.443056943064469 0.431688432877769 0.931141193612794 0.802928901195138 0.958417572071583 0.840865806400595 0.999620701314131 0.26631165744442 0.555856518301761 0.846839930014343 0.994649010315861 0.391020213064036 0.833895761053321 0.987920219754934 0.000507936056868191
0.521730490018583 0.699586713240265 0.30636864061508 0.470984374023901 0.524092532831005 0.678436939466432 0.419325307859425 0.556828449445081 0.780435130951905 0.652119231319485 0.62732450210334 0.997974654932899 0.241264270492741 0.382753988891445 0.976652381721246 0.980608145980765 0.447284308879431 0.651663243881015 0.0107414699283491 0.875293839366174
0.0380742657964886 0.463971660326105 0.149459613607973 0.607721795524996 0.0720606552320451 0.228546914855855 0.0138836234736873 0.105244039812028 0.0691782655636738 0.0172039252245371 0.0226384420987637 0.920050693388703 0.0691445054582131 0.0182281859541943 0.122431963241282 0.328192226455599 0.118266938001116 0.210094350663569 0.00427135225117069 6.37606941388324e-05
0.0274659355505339 0.413761522622586 0.251759201180625 0.55395354181531 0.158567719968025 0.221186876583301 0.0750792943010535 0.192358443717346 0.00853862390089756 0.0505552028891298 0.0388695643496267 0.0535429934531915 0.0571601288220976 0.0640036769694414 0.128413785215514 0.131122193938833 0.383844671109632 0.294421183200359 0.00209504007317966 0.0206353051373763
0.602391054465318 0.772878068540598 0.523289327315987 0.695413408039265 0.720612016566002 0.291404947506181 0.460200196200559 0.880165920194886 0.276224418617521 0.529629124322895 0.910675669129778 0.995688689897898 0.504624914904139 0.397013666209998 0.750839746426469 0.999407276679957 0.332325090780002 0.615631693802803 0.0169581571306384 0.999638946342314
0.0298243501205449 0.513857604629679 0.215026410663239 0.556262326932363 0.0217114500968047 0.0511932019688795 0.0197272069703551 0.114718292571024 0.593526544484468 0.0473940136182655 0.0534608256118612 0.772549022016002 0.0826292302337873 0.0677909246210549 0.541935807932382 0.885232120295626 0.119502805166838 0.519258282464514 0.00148564650823997 0.999785487671342
0.286073139072024 0.629082218546034 0.738333064373209 0.557513995577116 0.852526143972621 0.258888408085187 0.118839852671718 0.833409639859995 0.939570603878993 0.819210777607212 0.914997101366152 0.999901519954255 0.340982974197802 0.272054022267115 0.832833613637522 0.997552482638195 0.724386112801728 0.729163758013799 0.0909768156013735 0.999986361691796
0.0495125809165627 0.488774145347782 0.0499360537340541 0.406812185460417 0.518566486360054 0.198285869178901 0.0093304925592166 0.0986519386447893 0.605533583653784 0.0278281159230032 0.124394062273773 0.63473724595842 0.127118064624536 0.0284836617745988 0.311048802724482 0.0438981488404777 0.3705747569796 0.345431151988542 0.00233073622844289 0.932859684161891
0.381925300423348 0.620369965389945 0.891674499184989 0.693440683502754 0.913138135306801 0.557913350254857 0.601028183313987 0.47938067036116 0.87592771780098 0.707403258432135 0.819320839866482 0.999719495484962 0.612647719495164 0.292483768283828 0.584448026710016 0.953076307826523 0.752068991741424 0.634436892090722 0.118583327980981 0.995089347076474
0.166366874186967 0.698688517626144 0.565126087020709 0.600824584235162 0.921584837793528 0.403738909335932 0.173121219213601 0.839939740484135 0.642463416268302 0.821295389331586 0.179223137763538 0.980441179163849 0.108694828534259 0.249974009769721 0.567994228148319 0.999567713331609 0.325168086051743 0.429556829998892 0.9330098157711 0.998166304387943
0.170207076331705 0.500203966165682 0.534893374214531 0.735699991923594 0.167518784230309 0.107442808661907 0.0198784101357022 0.00860400115919342 0.112499061398275 0.119711486511395 0.154126229222282 0.924010595883273 0.060981899242742 0.0710913789085782 0.213956735411838 0.658063402763469 0.175200451460427 0.329565529372531 0.000283034542766472 0.000851566001259326
0.024060159119348 0.549330963136027 0.259835851009248 0.556293173573811 0.00648429116878558 0.304232171429331 0.0237402575840474 0.0727110538432253 0.143741007991998 0.0211263018385504 0.0121349903339481 0.468079722809411 0.0839476682337782 0.0482307769088993 0.543353696304491 0.200726747852318 0.377154542027033 0.412222613079379 0.00391160153992209 8.87326541777462e-05
0.269548905675462 0.522763291014937 0.36255413358079 0.566828081083491 0.199575679859117 0.548673563663053 0.0777184558509923 0.0220937885295372 0.133310590493016 0.488734075765459 0.0630055577151661 0.976466350188168 0.231013960460043 0.137313877643736 0.445706279063778 0.687098964485114 0.702416219453741 0.549649664201432 0.0766210518912721 0.0433048784925862
0.102597264122935 0.555119012116817 0.301370486347697 0.570562673116674 0.0971886227449532 0.124816855533177 0.0548525026651236 0.12048549480872 0.850005559805778 0.0800395426515289 0.675256756491285 0.9970140237981 0.087444322934057 0.115115639410646 0.343641597075417 0.914436845857113 0.449085883161124 0.417742219976062 0.000230897644690256 0.857150805857773
0.78886702319636 0.698954009593192 0.908138505021615 0.660736440965529 0.900978963744273 0.917254373089209 0.534535607207737 0.995102634131751 0.984977039558273 0.954000333017014 0.756838003278828 0.962035043856081 0.758047951035979 0.532369340699987 0.87021374307906 0.999153798228219 0.629943630023991 0.673088090748805 0.69802488961765 1e-06
0.296546788572218 0.738130508901361 0.494378660294773 0.748539703648117 0.957329748538571 0.685397196842608 0.262725084447666 0.956632782789654 0.996956650351119 0.239374802791198 0.822655529736806 0.987635914348843 0.364309231812637 0.15560457430618 0.851889250307427 0.46268518489825 0.487593902071767 0.502015525819982 0.128547145939278 0.998158985472145
0.357136801771947 0.527864667698209 0.84695927476274 0.801308823556776 0.057388702101765 0.239472184492252 0.368614485824078 0.910047947133048 0.977908246630436 0.459302275869631 0.718158290897712 0.965238392713879 0.35740302721239 0.181037600833239 0.949595100277157 0.992308792921213 0.542692351807928 0.752002536735047 0.209814998161551 0.99976814603414
0.0543528167384233 0.539520025326747 0.380963791858468 0.680570347482624 0.0837401653580045 0.315875609456574 0.0123269885430689 0.104513180559477 0.246548597143707 0.0940906267492492 0.341960756034776 0.897584688458368 0.11412035913897 0.0524133887172996 0.397392608848857 0.0617899011429173 0.456071872430585 0.495864801421216 0.0297868788337463 0.999984837926404
0.137668390169768 0.5622832560154 0.741420635815267 0.422387680046119 0.867511213711652 0.574147514124594 0.0434966980507493 0.0509410666963177 0.370758742741238 0.249445234730779 0.0471074421536906 0.329226138196986 0.137962771166796 0.100994375321499 0.476961945829633 0.362353120167904 0.334071000859185 0.608574326440605 8.25255895643461e-05 0.249518976886015
0.21465053142584 0.471498758025274 0.820375697087571 0.349920996968603 0.618703202277922 0.228301360281675 0.0205994558466424 0.327057215399242 0.508694562992117 0.325673855643286 0.122391520297151 0.821142576188323 0.230000989134677 0.0389169559459943 0.781299089678141 0.487663204707302 0.232837483132554 0.487569582821295 0.00831439826523953 0.980415476578481
0.298776031200582 0.608862694563886 0.602121637928961 0.815076224434955 0.391365425463257 0.655850139605995 0.199267786711737 0.798398569382085 0.993618196280508 0.333796645478939 0.677642974599163 0.998591381340144 0.320158391844463 0.168532236911749 0.876476484881667 0.879964985083204 0.452541181004469 0.681541833902394 0.243742032903689 0.997060421830925
0.28522302640745 0.671636900813164 0.829650741834428 0.474761199247212 0.637877001076174 0.6964613652155 0.343311044264478 0.802352995126489 0.827391500680776 0.641157077602981 0.313468155751521 0.335925539833277 0.313400564052837 0.0927281644585263 0.83424119069656 0.953141400225917 0.434605025787599 0.70508008078674 0.496205274534679 0.988843811306671
0.21802315985775 0.67938755589409 0.628340502392807 0.464296116224751 0.930242632809531 0.162722380332195 0.183677228098726 0.684457108340461 0.88459739133929 0.805553821687971 0.704076324147676 0.8347169073608 0.410733150200455 0.160152918926824 0.745257149675512 0.900201168255153 0.38569798908353 0.408513671972091 0.190328223192831 0.067061573524091
0.0919348238517347 0.571109016332603 0.362472451137328 0.452361619978376 0.387636385178755 0.524058486078305 0.220473594336374 0.291834852577968 0.273592846607568 0.0683588659268519 0.187995224943318 0.599091920121591 0.0897380438151827 0.144343979800924 0.39597690407828 0.690588527658117 0.326495698458612 0.731149071655155 0.000358592277993667 0.907620431878492
0.452676972280372 0.597223609209912 0.663995519525869 0.605365504250689 0.986346978552645 0.760263227604986 0.0919685058108172 0.886430813117546 0.933743359279399 0.890409664364132 0.937380440349024 0.951563863342377 0.685929403464393 0.200769193599723 0.920359658596938 0.862765278667998 0.779643346809939 0.882148606144976 0.402712385195442 0.999997011693965
0.247741728952958 0.623267155970698 0.472798713101633 0.721272934218009 0.787923614223786 0.569127304761443 0.0573886029836194 0.468523966655096 0.503258993361203 0.691404126283823 0.153454044208109 0.806801037772132 0.317878551132785 0.162796351335179 0.206798169856426 0.277433603763283 0.57191304231933 0.340559908355621 0.207829409699789 0.00438232393263926
0.213366553629018 0.602043112761574 0.0894519651728776 0.627800418035661 0.908516341509238 0.419024143985535 0.277278322864564 0.668277501989832 0.936194101245543 0.755425395869225 0.84307667144537 0.999560990644217 0.456683640987931 0.264824671017626 0.848988878982414 0.979326360093569 0.538508864748275 0.437669603568327 0.910782381282709 1.30887125393332e-05
0.100060323687202 0.552121065395319 0.229286562272609 0.482448073486971 0.248829421951345 0.547326662081069 0.0940853054188638 0.233750907409215 0.615163578726355 0.162124714991975 0.192356661774468 0.955496726231491 0.0794540553425097 0.0916364523229355 0.20745592589126 0.47734504938736 0.737915737725758 0.35153339899219 0.419534772805933 1.52070447958711e-05
0.448653479812735 0.694522759979106 0.773068492996516 0.707400297543243 0.869200193808986 0.389727323871226 0.0602161568265562 0.823008806001841 0.671340599416752 0.911147977756577 0.624055024984953 0.994190791602368 0.204081429204768 0.257650072653703 0.551660086077711 0.947943792122288 0.534190354869895 0.483639954007645 0.769965169751385 0.00265431508431888
0.171879842811161 0.665211723250671 0.563334214879884 0.634437937404802 0.862439525200472 0.722232753087476 0.302227805374877 0.62020540787059 0.641725762389284 0.451558427134441 0.701937771328781 0.449570574021846 0.259528333680917 0.223628957416161 0.872082335094565 0.992722675080519 0.692705071668346 0.702822414114872 0.998379008810712 0.618700003867045
0.233038355953843 0.652345561501725 0.228326701672338 0.460886689743329 0.733592878906086 0.326007753663497 0.242289689541645 0.750690819391203 0.626321675496959 0.481961112006316 0.908789450985943 0.820968253411046 0.562530392055531 0.245310084008315 0.841899519020259 0.879371654174121 0.803363840377813 0.693301384228357 0.00523439246860048 0.993413357487322
0.0868937068286131 0.418016395342301 0.249293413700556 0.372762131208616 0.0347272110434395 0.720571549148436 0.0169270638894274 0.236584549656877 0.362006459461417 0.469141246247759 0.0255409906811887 0.802682068206128 0.06263268189333 0.0665336616990817 0.536452249521981 0.700738091483037 0.219174895283524 0.412406825320467 0.0185263649798208 0.958104347459327
0.894356433693315 0.625305377910013 0.97090203506473 0.838941804828965 0.993686961885009 0.208448746174029 0.74677783145414 0.997392684837007 0.741144443950974 0.851604248117603 0.789477913423748 0.981682049798618 0.84272534158907 0.436288140814006 0.643744524527144 0.27868859013785 0.541859482045533 0.799396413043857 0.0098596881162444 0.829497924782178
0.0901243376983407 0.378222508055488 0.188270752838864 0.612455156948262 0.0171347292347474 0.132846932946463 0.139028443666888 0.0276889471188881 0.635304162387305 0.106394916077448 0.0237058357734682 0.466823889559429 0.0903491331951326 0.0666610566891171 0.364733770444089 0.0161324502947446 0.536637959705892 0.218069368546806 0.0186162352397832 0.134764853326579
0.410733356085067 0.592371308976109 0.90751400748804 0.467033556458758 0.200117529533287 0.572748720387092 0.541567623530607 0.924324263303534 0.452986301380706 0.825223295274373 0.893750486080882 0.99244471076146 0.624145041691389 0.328987193097571 0.892435235828713 0.992671679940681 0.633732871736387 0.40949627118873 0.00306603662406446 0.00760111255072061
0.207483113902703 0.558728055417061 0.20274423108125 0.477958821827319 0.142671864983829 0.558143563016236 0.0378352859149868 0.729570429732925 0.745291413969876 0.362519498051765 0.443361355779954 0.996726823876403 0.20586443141062 0.0532441300358176 0.667754516872622 0.58292735854654 0.519003916372642 0.527759969067373 0.39845137329988 0.0253134631780185
0.195248015425827 0.619861993997781 0.614381986718384 0.754701693753663 0.867302096203228 0.452391496331618 0.0855960549167175 0.670455665794257 0.175247457819634 0.415374794085971 0.371300877832942 0.651687395827968 0.405926817098904 0.145750219115881 0.659845138165767 0.945214269315433 0.525949029991796 0.807771889946108 0.0489106044070637 0.0272772647056961
0.641709312628571 0.703087823725694 0.759475962807355 0.720776173848303 0.468674331701233 0.652540895816798 0.538852543454874 0.9158546258338 0.778333892795465 0.972727188816938 0.891904364709883 0.997990481437326 0.660766105538393 0.333761400788908 0.920211240873517 0.997949127704672 0.556208624297032 0.748220705406389 0.849467288953752 0.999719743647003
0.120346627877363 0.557430302247662 0.116995392313961 0.499756929549384 0.22331764258527 0.443691714864632 0.092176760565551 0.168775788640894 0.0271873930248063 0.029264940717777 0.118966176455992 0.743781828417434 0.0973864065228614 0.0341283279821218 0.655974374096212 0.990148455224092 0.459542366184716 0.442803843712877 0.00134018320159975 0.000352914334068942
0.259980723156821 0.626987275335039 0.859836391005229 0.803106109276806 0.948718101509324 0.238126284367151 0.60642639165262 0.957367340960677 0.994132355433128 0.752613200820511 0.996417301019076 0.997883952867667 0.591051282804302 0.546323596085389 0.940870102278358 0.986199820230736 0.501343883212227 0.916399121271808 0.511773466094128 0.984353356538701
0.254543823803156 0.611739058749305 0.449561242896195 0.446795401872979 0.472601883360338 0.646335255901143 0.00648867423582543 0.0305298837451967 0.915973779408217 0.136830878076589 0.386127385379736 0.80548441233125 0.131728517051817 0.0731857629997517 0.913011563867687 0.986407963504 0.402768074936255 0.690260029048269 0.119532531622922 2.6038005700191e-06
0.526163673323717 0.728964781569981 0.427311492545183 0.674113555275583 0.53342884261471 0.643363317742422 0.523080932936001 0.965149476767686 0.994154516166137 0.791827426764382 0.917112162278404 0.953726505399089 0.318849482253477 0.259882155063412 0.956870059154457 0.409627864695805 0.640251311677511 0.564082347410131 0.899964594385435 0.947255760815441
0.0649884518245859 0.390960054899094 0.159253764481564 0.63172660055146 0.0956631193159134 0.213221752370059 0.011899652790281 0.011914994148943 0.267341119864845 0.105402873576481 0.0561383016506502 0.311363908079708 0.0687727077527014 0.0307909596481053 0.201318085371031 0.675538531390499 0.629543963248068 0.291073319238643 2.72335373187425e-05 0.9958397122539
0.0542707196368922 0.446277733391348 0.564146420079814 0.613998493946322 0.0509024604046058 0.319722860007036 0.0701261449693484 0.586496189040976 0.964801066343598 0.154261690873316 0.0463570009080361 0.439479995520154 0.0389157240652251 0.130034929355238 0.772586122492194 0.334841675107658 0.539612235061286 0.498795014968789 0.120845085108836 0.323379195323387
0.195289849324175 0.562303350207481 0.697956414650889 0.651791305428237 0.717171621948306 0.274328383962553 0.113554389017616 0.876197045210036 0.594269214080623 0.131505532425758 0.422329956040713 0.743911308080195 0.119077477134357 0.121398541049083 0.809060964290337 0.919535471276694 0.55228997538586 0.625395087217967 0.267402530678551 0.553726236944733
0.0589999660029609 0.529077471313544 0.566897016244152 0.710981988136983 0.753324894147529 0.191728298807005 0.0183250545968506 0.159232185497229 0.71071816001603 0.165826413339565 0.147963364971335 0.937895762222337 0.0543805327563057 0.081832660116403 0.852376302231589 0.730961447267066 0.525206501171985 0.225730394546442 0.00953127901704482 0.000101911896553761
0.697584778814962 0.706147987329274 0.903073026827365 0.841020921093446 0.996508894402211 0.664215409576309 0.830616536952358 0.991668146516001 0.989253680090873 0.966793641530883 0.936838956272243 0.999485636091765 0.640130638660298 0.288195541567606 0.948903101138584 0.993719753348018 0.457706993579534 0.801975849480579 0.943880450041582 0.999980059847682
0.14785268910699 0.591009984724593 0.721634602645979 0.537145596556575 0.375636266321982 0.683652459795958 0.0363256807285482 0.472720410001016 0.302423375981972 0.236810152373088 0.0621785160694366 0.954562199066263 0.150474579196511 0.0825227632468911 0.713868518348649 0.769254195528205 0.38748283153137 0.529306266798127 0.00326997916770958 0.999223583416829
0.0684673221297276 0.556841530525633 0.278806858922926 0.680787332739429 0.645304334325683 0.835015932617834 0.0691951209788054 0.0593647363200606 0.0626878337403898 0.162533773024519 0.0983635265021141 0.956598193440217 0.121661025196122 0.0556873433120906 0.248854511374921 0.752071517016544 0.483743481486057 0.0617800927372762 0.00180896539856325 0.956586323298762
0.0520221247314688 0.618107748393815 0.876662918019081 0.760994034260841 0.871487328030609 0.613341138534605 0.105710754118981 0.280007471500353 0.129494296697388 0.25404231763847 0.804666710991922 0.99453674955862 0.271505727861753 0.098317394858054 0.83078099177607 0.987286064678898 0.519686251895494 0.563456086283466 0.0011046438575171 0.999775493225272
0.296066277416316 0.705550893875944 0.0833445340182871 0.734461860495591 0.904147506693803 0.508795681089305 0.292154109136874 0.699267615756066 0.0324222887582921 0.284324460643801 0.897354644560095 0.995813119085073 0.448951979245519 0.157477677331487 0.755137956945274 0.954555786967701 0.710914034699182 0.867276958883809 0.812511001809402 0.999849644696599
0.697256015618868 0.670621218402494 0.802741491576445 0.865477682456897 0.890297953173937 0.783262203095818 0.19855439078245 0.923812486696855 0.957103518675766 0.766226742985086 0.987927842514322 0.998900116831172 0.491644383462958 0.429209366561092 0.82586589359512 0.999948546462411 0.570418801669455 0.856211029572598 0.999851354768303 0.999333137115617
0.406229318056853 0.649680281775143 0.81840647713207 0.38071727434968 0.737023455401971 0.532579309308187 0.254409739970381 0.745457946626945 0.1994492347299 0.607516303635121 0.744521384303752 0.979753532405667 0.633870018340195 0.284281845959841 0.536463328140494 0.371986395375567 0.531110417659344 0.653439398498517 0.654582887849603 0.993844464265681
0.0563066171575151 0.474108893897467 0.155819001870858 0.606409425168678 0.0242711966711311 0.498897100558417 0.00694007425294246 0.00989059395121451 0.446342286999981 0.05001799995305 0.0504438040366982 0.260215438535369 0.013642388751822 0.0267141349893619 0.235609812216206 0.122442987308072 0.330552753875781 0.338340057103212 3.5255559776167e-05 0.00542338178675067
0.305267232809654 0.586199401157486 0.575503230460263 0.466434814884118 0.600217562089421 0.462168649579523 0.384938421717789 0.578043934831158 0.161516205755795 0.334018140090696 0.82183984284722 0.58133120347899 0.162332111350657 0.130281029059835 0.552822495705871 0.56379272819549 0.653029615773918 0.549587530032655 0.00384062474112337 0.0349249687984496
0.0553356858828796 0.481334471203765 0.666101055311488 0.496872906339261 0.113677861715806 0.547865415805895 0.238592956273053 0.133037486773028 0.361076034804703 0.321990890387113 0.477622372342368 0.554968768372586 0.151906476275693 0.0484514593876882 0.205268859422272 0.996864322252097 0.501765729756562 0.351314189736234 0.0127515216478773 0.00325582241912777
0.0835705107758346 0.518129450079469 0.824585882188521 0.320344851721794 0.0521871478333818 0.366745558748043 0.016522408106473 0.129544043954244 0.0364553906955732 0.237369471309235 0.106819602233923 0.962287492912784 0.110629515053473 0.0659315699557474 0.571268083653152 0.688967584035089 0.555775041558864 0.524847556662939 0.216088227351983 0.00258023340908596
0.4592719086677 0.793751104008794 0.949354363169999 0.80589578193728 0.93604111486568 0.547582098495381 0.447404043148347 0.986679750990905 0.945111006823102 0.983773529143772 0.986865893505792 0.985778010789784 0.680677590237395 0.639875123392901 0.93252221788521 0.99988843504053 0.75422195021869 0.763059264941566 0.887896033568089 0.000460237845646276
0.128639915909482 0.584636466142578 0.623822911013361 0.655619759834729 0.739264870846033 0.542245512848608 0.0461350682664784 0.757574469208936 0.118801122938157 0.726389624605391 0.389396740096102 0.961014394904916 0.438324045595759 0.210034540729418 0.68257856902106 0.600085146976178 0.452525792879844 0.770941703426421 0.0239884951603845 0.0329688885652112
0.391931074400521 0.62782756770883 0.827940009534987 0.707270542825475 0.635725240891618 0.26384006793539 0.143703848761996 0.449967291289053 0.0875748642102754 0.275417911351138 0.474760484773745 0.589884726716853 0.182323160691753 0.0826104799576041 0.828539444665759 0.999080819594952 0.801237282372649 0.554910350868835 0.00531940638645397 0.00135457681522281
0.0867045442503463 0.465779754013037 0.0290431444947959 0.626986977032958 0.134603870170419 0.407732358128923 0.0175618667906206 0.0424838289354958 0.0584957972079771 0.00911279772210817 0.0163431015772847 0.946194073199937 0.0347915297896734 0.07706342122977 0.673854173495898 0.769550816682901 0.480844184983886 0.393465380596153 0.0404069981164245 0.882405771780623
0.0290047376860538 0.389095080034609 0.210607133218437 0.684612868827127 0.00262782686759788 0.305371403551217 0.00959322200869201 0.100545165251368 0.664492135142098 0.0248477408027134 0.106494130713839 0.236984330512983 0.021803302211024 0.0203582736669296 0.132822573984645 0.448874714152104 0.586275361379959 0.231561219555345 0.0091070525653814 0.272196413042985
0.13450077106946 0.455884337629798 0.171974836728625 0.566461470714916 0.481041828390183 0.280864943651946 0.0944855583907591 0.342119337691352 0.091903670923474 0.108718230736977 0.462990987198404 0.654852874065699 0.148951939846904 0.0676792993145465 0.739843005112378 0.797154704334655 0.536751313035474 0.560390681579306 0.00225553248956941 0.159176208320648
0.014096729768865 0.22602438018824 0.0459605380696234 0.441920140393897 0.0140278160984655 0.10509941047908 0.0184759774849344 0.0125749307098231 0.274849206083222 0.00202819017329001 0.00127883889365083 0.277173356685599 0.00497768272794561 0.00618933933151248 0.173568180812694 0.0994569832551045 0.329029372135525 0.452516562706149 0.109690764210305 0.74764773299596
0.195112080946642 0.568878451928983 0.675742175555684 0.7630222397063 0.896722105185133 0.110550059739803 0.438211349558778 0.647534615072454 0.101393270639539 0.660413889563598 0.861546438236525 0.876743842418662 0.236150394738747 0.16687064728087 0.705266472748524 0.976879704860124 0.648094832179203 0.740622328138936 0.0130092451845099 0.999999
0.370212270014767 0.763614716210763 0.693151212907142 0.685741389724962 0.840949047428544 0.557793690577234 0.446159312593983 0.645641139240297 0.736593075657504 0.547430160424337 0.731094386928779 0.9003110278909 0.440035312590472 0.284744791144167 0.689145255519768 0.924654943748187 0.433576080034348 0.774324288284596 0.988959463579946 0.00939012026308414
0.246170874836829 0.615369470553519 0.829301484060119 0.505519316447679 0.822407206878201 0.34686545322557 0.50263483536299 0.909599029423272 0.0195773533347396 0.535289112303404 0.851247865630253 0.946647370310407 0.549030397867299 0.192627031365163 0.695249677618976 0.856202698688875 0.565922245696837 0.566688329203283 0.857708925485083 0.994145415334829
0.0952342585606071 0.515393508500244 0.289598860627697 0.618410321887854 0.920027085989395 0.493450866562451 0.250873841356677 0.279433635368907 0.991458776613328 0.57938378461424 0.496109748035719 0.867049350538816 0.55467456625986 0.176477069637384 0.825345984545522 0.379056090200371 0.596080224556844 0.612885684871764 0.120278489105627 0.3769571838807
0.243042041862125 0.505347629566459 0.258515486240902 0.575796264328975 0.52340041125986 0.194243662612421 0.160579958481434 0.392104785800825 0.930123275041321 0.175264292765314 0.267438307875345 0.829423457458017 0.141765032526352 0.0828676379125458 0.285004957818938 0.750196777207983 0.288564882242432 0.596415039767537 0.565274937073563 0.000154716627261182
0.0924538288751729 0.493364338419363 0.472531129016537 0.595704266454072 0.0886493636978253 0.501222260622988 0.0347065377695523 0.164175614963569 0.569360869684922 0.271952714751677 0.126370120910114 0.998908830804518 0.187325329621475 0.046353311494973 0.333661761304503 0.947150900544487 0.309911746274352 0.347256342586121 0.131968457142555 0.0181180111052372
0.600545494673183 0.775995879848682 0.76427665759252 0.71883545647817 0.987495789753053 0.186164010948692 0.62461021396803 0.627325780668512 0.998084172565305 0.937618719470993 0.909808171334349 0.99880104825154 0.707102682220303 0.321668095445503 0.851904642420814 0.83444010252071 0.440554386271778 0.575910381330206 0.957247903776014 0.994133920628331
0.628507700085768 0.677103317463944 0.745346507657047 0.847164493991773 0.994624089500632 0.545430100544375 0.328472437257937 0.986025179128899 0.989237993899677 0.926165329546909 0.997289503089296 0.996439084807412 0.704569022829179 0.612228855020522 0.975203959609414 0.999839255378969 0.883525022418774 0.733430625583334 0.903506138762361 0.999901118280545
0.467624704848294 0.667849308069318 0.714341295442405 0.914772640124943 0.878546100254595 0.362893387491801 0.311926884677629 0.952626153788361 0.969882647121681 0.448435463066848 0.909033722217532 0.994226501839737 0.496339906096971 0.327665534845427 0.885661010737076 0.995316508357197 0.577040524276768 0.820068774429471 0.774754152457539 0.278147491573873
0.599942280432035 0.637495504662603 0.697999654964566 0.782962023419319 0.9485701267929 0.49843468863494 0.46807300096534 0.648734461299842 0.581944571405564 0.74876671022104 0.650466401941205 0.996912136213461 0.559420144197344 0.365281382381962 0.348084569325748 0.955124975646195 0.761592302533453 0.61892427140354 0.159733736047994 0.0270065006845697
0.113088537472135 0.539476799993608 0.196293202619319 0.805613132746776 0.878548469869538 0.439622766875995 0.0796078522921801 0.0710155621961715 0.350751424664096 0.262385983764929 0.0173651083470823 0.792178662340983 0.125555035171513 0.0658863097365896 0.562729135125673 0.882742324166732 0.397956649612028 0.571542635239139 0.0122730322590351 0.00745271741449001
0.0117928979504374 0.354378001228129 0.0146181485922718 0.45518934889865 0.00288532956156237 0.0551343652559441 0.00205882799654934 0.0176874484623023 0.00942942936467316 0.00580019115229848 0.0017724502842834 0.0990914114046138 0.00795496114721186 0.00699382104116379 0.472822337145419 0.000216604056029737 0.401036013710731 0.236384163023345 6.82221719895996e-05 2.26711325104713e-06
0.19942103530575 0.617501787219079 0.830839853671317 0.37308394899915 0.438367911722589 0.632213098624641 0.135154209325411 0.374088190219302 0.189580548388205 0.0704434554609916 0.0789732237265675 0.734859736358486 0.111563666016604 0.103508983787677 0.550179098920794 0.706182238522607 0.549274128611921 0.575484001386646 0.624565632169186 0.997468422909021
0.0470529220973734 0.47156919725035 0.470599650668775 0.395327104675274 0.00250056930785323 0.217169600916958 0.0447093637717344 0.187146042496027 0.429994468534157 0.0372452573922329 0.0188324475802786 0.170924693739765 0.0296476673273787 0.0316964822823396 0.203812555176429 0.333072568654032 0.386973373412038 0.362588027393252 0.000161548506078267 0.986791427957729
0.445106919290478 0.668795319548509 0.761603624119255 0.746342058345161 0.867890114962322 0.325226821537553 0.319649349662552 0.458416771148592 0.969417824005742 0.761043681752708 0.293359977985298 0.982875572513361 0.650288463668146 0.0874302019189321 0.810254705343835 0.93052751084064 0.731997094931357 0.764260678669159 0.211141890556025 0.215422878645036
0.318514673320902 0.751298489220951 0.442917026087166 0.746313663474578 0.316232760137568 0.0437025408483743 0.17682282786848 0.565722499668744 0.878041558359535 0.387958502093953 0.780277490874163 0.980466116096013 0.443477205447522 0.299750601253703 0.912013810945133 0.978467696393891 0.652788923986774 0.613864837733629 0.00143112484505525 0.243538019683266
0.921644139413099 0.790808535646226 0.943779618925607 0.685332784437522 0.990863352730196 0.579226740380408 0.943224430973769 0.996168939881027 0.9989051834012 0.994127975791066 0.998507626186107 0.814074820429696 0.720491871322397 0.643651822687604 0.981060460437616 0.959361444473138 0.186077055702773 0.796477713863731 0.990848591223077 0.999999
0.277031571479552 0.508595956299568 0.65637646442913 0.552850798403146 0.0412658685022629 0.504690446093281 0.290809791825133 0.231601373655237 0.467822557111409 0.226552100886748 0.67767171340281 0.563868823007542 0.105203593748329 0.0809057034412323 0.328996919292577 0.858210174155441 0.495805741318145 0.630750189630798 0.290165139220977 0.195238206158821
0.303318936386565 0.544918505013005 0.806147552878214 0.624507364276426 0.666925644574899 0.567690047689905 0.139534386206969 0.481159936035889 0.405654633154793 0.496001818360247 0.704973704317002 0.951853155936256 0.309309682526514 0.0944723471390191 0.52505383636987 0.603920438859547 0.723880296004354 0.74778660937245 0.276162946536603 0.999604737215727
0.00381258913201169 0.462132805983774 0.101025827089203 0.622992356860175 0.0189828338274131 0.1249535016544 0.00571272896790694 0.00212614234431723 0.00728324859765611 0.00378965698566923 0.00659360884882764 0.319982062428888 0.0248503899706081 0.00698257627471112 0.0952147851362303 0.175156938244788 0.129978912670555 0.216326834071941 3.6591709579205e-05 0.0107351066355035
0.196192951264496 0.709872503810521 0.807211750318845 0.502818042999747 0.912383101614459 0.166780816016203 0.345810594601802 0.973331761279583 0.402201216825534 0.643704782431496 0.951809187924274 0.984350863837883 0.252928693491327 0.298071261940398 0.413401004721344 0.999954393471488 0.60884877629389 0.714945358830134 0.00416323380880994 0.704244034890897
0.700296911377946 0.750563833053124 0.568393009319967 0.612573816384385 0.916884865315083 0.80794904507038 0.489604343123086 0.917136815480707 0.998275677843968 0.94036736979282 0.895022636326351 0.936049647385765 0.886445618964483 0.385495481410007 0.970755322096423 0.99816788120565 0.410946575696311 0.837938093802091 0.696285991678233 0.999724171835028
0.0386187366866999 0.568668932022737 0.611381243950075 0.84459834417362 0.207816818152311 0.58277534207308 0.129341217925726 0.135949016903079 0.324937383691304 0.374251424784267 0.0855750637235516 0.919184242130871 0.0769587504470985 0.0371186104694658 0.241266731521425 0.174986583817641 0.463958901009407 0.260078256221041 0.000112819960052316 0.0229482615662937
0.0619675657743486 0.563023622748982 0.23005942291601 0.451715888783452 0.150576900060447 0.347937953852882 0.179283448029314 0.017263774639998 0.171948636967125 0.0540200237134135 0.0260538940986138 0.891906238415372 0.0699760662072617 0.0543036764825752 0.357747524329365 0.563116958765656 0.715098355923834 0.552467181684086 0.00108532201877511 0.99952301297703
0.289894111250353 0.464690805184939 0.42311221732624 0.502985905448998 0.289541022351126 0.621282690830573 0.0703487024511392 0.652712167792233 0.961838389265071 0.416874665398625 0.442435774618251 0.785475961996318 0.23005129402285 0.0878070933390663 0.610852916381618 0.98011760010458 0.36940172603749 0.585213454726141 0.0117564890443933 0.000320557326910847
0.0493076888301355 0.515411640935285 0.65809040682545 0.449183399049102 0.492407267315382 0.737567392149445 0.0775460117235811 0.587210766126919 0.000307545340014107 0.0902785280295279 0.0493799810509011 0.142655210796468 0.0761690343403014 0.103545340036299 0.644436032387425 0.0163184157995538 0.740481490192408 0.448825483239518 0.451913749754866 0.981862084654242
0.326683788434488 0.775662286647484 0.925596400750566 0.830938663880304 0.884877774382193 0.47269176170812 0.367808827267578 0.430301580000264 0.968184461739681 0.62962130719233 0.924873987364741 0.992876356167211 0.229722984553279 0.269133778450609 0.933764271426376 0.990187611011595 0.489054425211539 0.66763913946408 0.0525544733372113 0.809040949752076
0.343883740347862 0.599512677390645 0.724316064439634 0.719216008941473 0.852656988946819 0.74558774911338 0.423640850308537 0.821424454881661 0.354082082265801 0.612901128792379 0.202648106160835 0.568504197805442 0.41398604568036 0.278181131023099 0.936501506648957 0.918134956788801 0.503645070801171 0.841130569809464 0.973310667997024 0.000265652894196702
0.78879407247853 0.763947278755572 0.826107758749812 0.678526971395007 0.960892958626797 0.769851467468721 0.415268234871692 0.994888612401265 0.98304443734539 0.979765458588548 0.997167143581398 0.995072479827832 0.848722983297959 0.732068525466727 0.958389197254925 0.999117449716888 0.931196067990673 0.874197141073542 0.983579481471356 0.0771067167925025
0.34285916645353 0.684119850846716 0.911991932463742 0.797837380389339 0.954300540943848 0.340745316048929 0.236391708183787 0.924813704378768 0.991175023600709 0.53295437900071 0.951369747904239 0.977656911793344 0.259745769808892 0.399421202386924 0.945044582411811 0.999319846647601 0.533417425531818 0.667529682477024 0.893834662820432 0.743782653139889
0.299151539445747 0.657729056052203 0.545281700684684 0.562303694362072 0.443201489582557 0.343960584415742 0.439849153659538 0.951752804551875 0.98589881999426 0.816543716255621 0.963066671415502 0.99833992032721 0.585580442780401 0.201103975713552 0.736749720983165 0.842074681913238 0.478656495917773 0.693009811554114 0.686128521640084 0.779658242671857
0.421454501201761 0.797892141228949 0.83240993833064 0.475173418976614 0.910611948723529 0.402871347834682 0.417352629387786 0.959485959344511 0.158525199464839 0.641524463792876 0.973808274997264 0.92118459226117 0.671566827838677 0.432927118598013 0.95499246672716 0.999419400438494 0.670504746343826 0.822358338011662 0.748550989423026 0.874934282986721
0.120055936298036 0.591369817674489 0.61878741483908 0.720899775738484 0.0233636655786913 0.338977441753959 0.125364716603696 0.600513409100309 0.234919841465268 0.169138477408491 0.153908971424569 0.609094210813534 0.152386376899109 0.139978404002446 0.838402139313956 0.99529511116711 0.333787620144345 0.325504704825131 0.0482264337944745 0.0903363909657569
0.290091815751258 0.647173791049316 0.716362360563857 0.694454796231553 0.926684923177462 0.642736955776864 0.230688421885985 0.717033310027508 0.960866899706882 0.798957180883921 0.897766582763386 0.996725875072705 0.379144669590115 0.286464995662469 0.854745715284811 0.251835795788808 0.814691716542165 0.691238075522496 0.992750170785008 0.00198877159666762
0.542598904604546 0.705446116527858 0.977870709902345 0.831357836611874 0.994120559464576 0.243057471663485 0.506764020172708 0.604308415915075 0.998498499779304 0.824211585102908 0.95992399670624 0.997983325040624 0.653953633061554 0.384675967504693 0.882911683141636 0.999772580062693 0.569528667930773 0.819039928709071 0.0104642790208129 0.150630352095603
0.132891975311102 0.552714370029644 0.781725354313546 0.432751748599425 0.259315440141165 0.789487302954883 0.142363167195235 0.750849798370616 0.540031077963818 0.286535728553765 0.531355351253469 0.994018643176375 0.457907696814315 0.0975334990691266 0.872525334774426 0.930428514795961 0.759433409547567 0.692155784265618 0.353088162578496 0.58624825645992
0.125584255414479 0.538373458484429 0.257623668546531 0.521546738615483 0.287611814202156 0.273669008579362 0.0259384901669998 0.582381776186558 0.820470753331934 0.0959238544076193 0.373190244196793 0.904497479121164 0.15259889618675 0.115169375758699 0.518067933328932 0.668210596534257 0.304919992102392 0.527521238218973 0.996468230073868 0.986854874766989
0.0344581483144278 0.527659813838485 0.042095471940046 0.653803698173637 0.161480284043445 0.0716057460261595 0.0262458627892258 0.016241914347705 0.972361022979303 0.0121523436027437 0.0154162207032551 0.988944531390744 0.133391938107102 0.0409028401967299 0.818691142965421 0.974398966194171 0.595036136877662 0.194185129585257 0.228851198107803 0.427802438930392
0.748476727829014 0.763634689083354 0.725655759416707 0.790691545226675 0.998305752145431 0.613793225594757 0.186164500272303 0.994095125137251 0.994961360114503 0.952978085392213 0.949514670665589 0.998960216629007 0.592951547494575 0.471178079625796 0.852743020682105 0.992070492833042 0.694086542627811 0.673178043319658 0.999639904627172 0.995480397261453
0.314272466794263 0.683781349068265 0.750773829502611 0.764680326306279 0.400611128955355 0.38266333470616 0.288289831632752 0.887071913026513 0.943599381208303 0.663766895367354 0.685100169172431 0.939066001151033 0.601295289539145 0.196046278487428 0.7073001603703 0.996139255309008 0.711828834566881 0.6758300054988 0.985653329296716 0.768099813736886
0.0830320688070687 0.570690308342249 0.487006476588726 0.678423877521623 0.737857052423744 0.947448593247619 0.213882843743718 0.956940897917778 0.930040729072965 0.627519391507433 0.309334797033065 0.97109019936507 0.203382075962693 0.125721774624327 0.9040573230401 0.201439104644339 0.306615948003443 0.491978863565473 0.00266064132367875 0.997012383354369
0.512087048143161 0.686031811284054 0.59885677780996 0.647127579269687 0.819725371059201 0.654032181631679 0.541513653827662 0.864918412622092 0.281912570433516 0.796601997223426 0.730888659663778 0.997443709336318 0.290067682942069 0.244807810567864 0.525903790559871 0.999843165248456 0.701760585902402 0.836687350150361 0.632266209780085 0.0164034904259586
0.105965012752768 0.549182218266021 0.33406287381346 0.733466149966911 0.90059441696987 0.0648517066997246 0.0435471591394025 0.201054752720102 0.227183778065588 0.173109328548699 0.546909910931441 0.294579361996982 0.0696606435585898 0.0951414204925325 0.569729474326714 0.504809496157807 0.378780461875679 0.253351190216438 0.000658838408546571 0.236861584167505
0.480395251333389 0.633825486147135 0.597873755023171 0.606546572975027 0.991522316261217 0.323456600572357 0.411076603528593 0.964177563981766 0.997170018246571 0.924393105535067 0.726833609423451 0.890972283690222 0.72874819808857 0.511781560856884 0.936968356796402 0.964370390379771 0.626211221177542 0.47503036222825 0.967123152281887 0.986279117890975
0.423850976700503 0.649123023809283 0.93869678460003 0.770334320612002 0.652530926766361 0.634374812077577 0.280394981077324 0.918891809272028 0.934221611498138 0.728275299773073 0.966053795625562 0.992157465557654 0.364584934795142 0.149351807480697 0.43239576790195 0.21529896147911 0.494925351994349 0.768717949209691 0.110095017886424 0.213910310937206
0.0321060391729432 0.495329102464131 0.860236683678153 0.61367955394603 0.266253631410287 0.824260351994613 0.0212890259507795 0.186238655534754 0.122279758886155 0.0976777325223825 0.0563011599248103 0.924842505345426 0.0694319906824706 0.050759792395026 0.447739457565702 0.518573395278961 0.448058069557152 0.339483431462298 0.0238246256489949 0.0227257513345311
0.232244800599858 0.698614010596692 0.308337245424812 0.58929016346768 0.860346138792236 0.334155532621226 0.0245409339983676 0.12209251716942 0.995214995283492 0.309174803155418 0.680699119541709 0.916782992859447 0.308536868733897 0.165284283549625 0.699937346641383 0.637975049456151 0.693863720287028 0.578740113985753 0.00364716218565633 0.999996574216768
0.206743453122437 0.578666377217496 0.349335960373663 0.710008498269014 0.495088544772646 0.329059051906506 0.0619577520589542 0.38355448145793 0.260293897489304 0.495209274977572 0.360563721049279 0.901982519720395 0.316024733666014 0.225693817827749 0.850764488827669 0.964612673358414 0.516446293071193 0.595920357292429 0.527668979106474 0.163197806170536
0.791674659934936 0.730789977139939 0.972032782002271 0.73239610610977 0.99209971433709 0.781166197396387 0.914531748435314 0.98843254967074 0.992578144659057 0.92338052213319 0.996264362089596 0.991884039858867 0.950715038127036 0.660573543153347 0.936307752394183 0.999900902764063 0.904421141498445 0.889608726297846 0.246436405753288 0.999986747603656
0.12687526023437 0.62220924224503 0.450207784313933 0.465657836310652 0.560989500857693 0.631293732046778 0.0574620588060659 0.232177047106964 0.584595977297252 0.723242366471546 0.410730109043667 0.999706723676248 0.167489889651263 0.111353372192159 0.651509176190131 0.978941701428403 0.528929959326676 0.30430041613301 0.452308704537054 0.222196053672752
0.294079046948309 0.623939462082379 0.470751819381278 0.46352179647758 0.982479767945369 0.746972112418354 0.185198367503274 0.994946939913851 0.890554263427546 0.932168398107904 0.485150874679755 0.966249963613385 0.472787551562989 0.138172590272131 0.882107930217097 0.651709661243143 0.234011618797514 0.554024774827146 0.859726455028962 0.281030853592207
0.0327573197016767 0.518133324181312 0.181657299206857 0.205883624768817 0.0300560150701231 0.0985074587559528 0.0267412096743087 0.159741073787073 0.550342708250123 0.00271940052835117 0.0269255722643501 0.856444802422996 0.0889663036106597 0.0240387297858597 0.581118158419621 0.196150170705331 0.332252455198073 0.146832537653958 0.000889332057530212 0.0256387799130837
0.043240778202899 0.559933372064767 0.172182230278428 0.575381722106756 0.377850850821253 0.55195749244062 0.00557945832968043 0.394142663045807 0.722699473455248 0.279479548588971 0.0479707456595484 0.919649110421666 0.0933062248305822 0.0420398118031329 0.473908004120641 0.229218956895202 0.53201576429911 0.558969066926479 0.00311660330698688 0.00054704845788459
0.0674401788840549 0.454792671104091 0.308170834313564 0.519097580728515 0.191496739007894 0.0895246532233521 0.138587508819299 0.0561084631154345 0.259668726337598 0.0932963288653055 0.093488616229572 0.0924908729156727 0.189836141874812 0.0591935991895412 0.541284641160224 0.428315391428992 0.264540724941965 0.514366124970418 8.50765126682608e-05 0.000138214475763003
0.0757429013753105 0.489455625054131 0.276429140058902 0.459486883899874 0.0269938594520011 0.221933792598123 0.063603622774357 0.0261822885606619 0.08054382268401 0.0734915955109321 0.151863034983766 0.301731228148223 0.180076035875885 0.0864323981090304 0.734305403992891 0.919742295443516 0.316540217098107 0.299389698524166 0.0373637730253233 0.986871879720662
0.242824698760735 0.468440555341179 0.497428752329335 0.534027647816277 0.689779938653571 0.38860516552472 0.199595359756077 0.657132145773971 0.429529242540792 0.215147666319105 0.960973326984606 0.435232470387251 0.332542398504499 0.225886006230985 0.636337965830535 0.610716112231475 0.616592218514709 0.538147004192654 0.451889186258679 0.863501768626781
0.0292026699479337 0.425022629426835 0.154805651387938 0.726555064258088 0.00725995284852315 0.0593404517459611 0.0226719688471959 0.0100265621815824 0.0471047692355653 0.0216243837336376 0.007739913012017 0.514926269595434 0.0250950511097429 0.0726051220348077 0.166251001686822 0.958556052125093 0.141237203069209 0.27093224624389 0.001605713289876 0.993906956821011
0.769926332994113 0.806022646770868 0.46313864562451 0.57309724871084 0.987463869091384 0.615638797779576 0.861927072027982 0.968900265510941 0.782278067638743 0.992553867906945 0.976039762079158 0.999738202482951 0.693334417600462 0.402762137998774 0.961375674443722 0.999810490917478 0.840389711124111 0.76603426662707 0.343795113389079 0.998586633744456
0.722358802750887 0.720477777432822 0.898373696370003 0.701258847676689 0.971435109790166 0.749725602724314 0.663795844615836 0.974909451265776 0.271943716522966 0.974786851510294 0.999234546173955 0.999850754446675 0.911634901302024 0.318667026029636 0.857853368365412 0.999909881782046 0.735389605645482 0.88285403120799 0.817525135904893 0.00227302304885474
0.0213847637424035 0.408736443524078 0.488022249475515 0.30333224099078 0.0565752901067371 0.586783472430038 0.102059978036441 0.00694644428341583 0.00317314207059534 0.0280394961754369 0.0253610058297727 0.785266687371181 0.0123235820628299 0.0151836711349567 0.314476060263643 0.0129887088344747 0.279402152300617 0.182958638833394 0.000742499179155461 0.000241783353591974
0.464324371759585 0.691886258558906 0.710809925976671 0.775829839494401 0.953542779553224 0.499715370316824 0.114415886250468 0.7890632386187 0.971119052113571 0.937349875162588 0.654043775537002 0.991171067809689 0.331586692268011 0.252408471068181 0.313453032263892 0.980285957689072 0.547743991865819 0.828835680271557 0.121650593654995 0.999978058853363
0.0242651350308278 0.508593701455024 0.210615388897304 0.588934647050051 0.136871418362527 0.27560804597416 0.0330332930239592 0.105870042844435 0.720322886249824 0.0192410243767982 0.00595423469730176 0.630637711869676 0.107459560054425 0.037543330020048 0.422254814631628 0.250872933954717 0.227335811899405 0.232727112268313 5.98467059486615e-05 0.557535298733907
0.100483928226391 0.415567292122237 0.0538034877424942 0.354096340718071 0.333534962417 0.483457102725875 0.058055237565176 0.0490862767388419 0.764844008248901 0.0141999161158055 0.0410970331181916 0.633290476682232 0.0522324723226595 0.116427765853673 0.422515700331322 0.187213067626618 0.392413099331146 0.349443953678316 0.0650934543583897 0.924860773529363
0.0682487999077825 0.29051956715704 0.363923880080668 0.699833473399392 0.325047319500835 0.021936603300716 0.0196925012013798 0.0517444423827378 0.237160108622217 0.0226135358376303 0.0114486328288486 0.415998268935317 0.069013570114932 0.058668276593017 0.426603953559231 0.452159639836077 0.445023577755602 0.439822776821134 0.00214833253216226 4.29159658820159e-05
0.518035687412226 0.650538468572893 0.924654451116145 0.864038013040928 0.995704339065969 0.301094125203158 0.515228337143004 0.927377706775151 0.877514370764235 0.937561062783886 0.945253586829359 0.999792149740381 0.659960341349795 0.574421908935501 0.895649401696088 0.995143373969633 0.857847262663056 0.897599596896827 0.984819393722326 3.02586066795011e-05
0.148820351660905 0.615664871970488 0.612858665298262 0.6832037979517 0.71139263454766 0.400651045941276 0.100283823615622 0.292193504766762 0.77126425166885 0.436890449716156 0.631056281771903 0.773876320955242 0.0875025377345919 0.0904955780333515 0.238113850130589 0.985895092663681 0.673595841661673 0.557809413453962 0.00187794306211715 0.999813069938422
0.477060465604026 0.773597989621826 0.927318942902505 0.736517173126741 0.747568976732288 0.828941396983416 0.290265897477626 0.707018041369012 0.981868820603488 0.869865852162801 0.958669205820473 0.99688591784678 0.61400006076729 0.489273550285633 0.750997816007793 0.997370289621826 0.658302021305955 0.841410839346385 0.993820469266829 0.983745714127629
0.0541975836536147 0.411834103775946 0.0593042310064162 0.398724620868709 0.015649654766501 0.0503027595253261 0.0168226545312372 0.106801731419216 0.0466440692926993 0.0341796730307962 0.0211940984590747 0.960450604875973 0.090147782004066 0.0311305993746918 0.155345042701514 0.193193342575193 0.498686819263729 0.137845229307098 5.44008976571482e-05 0.000562002397925443
0.0884265682975411 0.48077832273568 0.67718309287143 0.781105725973504 0.343987435774021 0.134671818509333 0.104064420137577 0.349116257316304 0.819690080836895 0.500884284092829 0.0158358612269615 0.97310768858688 0.0882826074710909 0.0215460301529932 0.595870098815472 0.822283021432089 0.537697825949383 0.467786891594056 0.206532805746837 0.883510772584916
0.824161699744622 0.719118701426137 0.942402967319301 0.824431825252292 0.324458763290302 0.134735830019563 0.212786398280234 0.981997950152855 0.956470705242298 0.517355451663182 0.986852504190317 0.999075701881804 0.813107670796925 0.363092684767181 0.915532803102506 0.992240833102473 0.432118375320957 0.867888988752815 0.946955173679046 0.00827720205557957
0.0722289730609364 0.557020578399216 0.72142472734628 0.371706214816694 0.603887005057203 0.248424463291429 0.0802985279528505 0.513602966209673 0.813556785977058 0.869470747027853 0.417809911834288 0.983090759325998 0.208770826238593 0.106175818768577 0.609676807382693 0.990528697076529 0.724605545135917 0.462648252792721 0.317954032110396 1.83677178615813e-06
0.0534430932347264 0.591988277490584 0.350666039423533 0.660959794952929 0.159119563883212 0.292433451675716 0.0194620378113535 0.407551321448106 0.0237017874124239 0.51713435083671 0.227020295383718 0.837731025385416 0.310910131367669 0.184330722024752 0.519255114329273 0.932382431653971 0.456750777389537 0.367918926156924 0.0206956113175547 0.00348348538302865
0.276547078124094 0.666423552636598 0.324163157924552 0.552221302702621 0.197880179501965 0.121602657314774 0.241597934276944 0.981258826811573 0.934620670266548 0.543614084250646 0.289552324770572 0.88207653665924 0.369002937772357 0.255977052169684 0.48302966520202 0.999306708397624 0.315203632944914 0.764168118554336 0.167249993168866 0.999999
0.110887396846545 0.509526821376381 0.38706179641911 0.593599391407771 0.475246746288454 0.485530429139619 0.292593404691849 0.0744435800635154 0.891067649763245 0.100463294506992 0.122971882098968 0.732170488667496 0.090972675135043 0.121997492620183 0.44541974808459 0.053567029978281 0.220600335851733 0.234297751636581 0.619827481290145 0.129260138802099
0.0528545187826266 0.4674731471506 0.0362412142274872 0.209464863281434 0.0739253938640801 0.27395075417993 0.0481404293865338 0.0802126246536817 0.386741112659139 0.00956883894280393 0.01510211880165 0.0782335204796222 0.0356391906344967 0.0320943824818892 0.401414395395246 0.936501712001986 0.340382338118392 0.125073147210939 0.042101694435865 4.71134296267835e-06
0.368906613177459 0.581760221507927 0.868261759942355 0.420631454703905 0.919405298640842 0.0966540552392685 0.683270254186138 0.984682703793766 0.9649902987297 0.747754348374761 0.542193434548515 0.92924724772987 0.299640960498491 0.210454944248539 0.933544155508589 0.993169162386866 0.296802390988521 0.348025742088649 0.000719645587755288 0.999542335582595
0.0954715810877283 0.330242236705819 0.400615163313128 0.437082108071532 0.0284876201834458 0.164286381089015 0.00265952804084089 0.351095866614119 0.0104291029009623 0.0871022713229993 0.0232486431146686 0.240213096267433 0.0317374162794512 0.0589136607464226 0.29915163682465 0.0601633548483211 0.327535179485562 0.371047112408889 0.000116285424413236 0.0692176833290831
0.216928963637665 0.604605762558193 0.526634156596552 0.435579392441914 0.892372633613866 0.583004861972956 0.0339515171363586 0.506496873642016 0.684254938443629 0.550478149517298 0.157257059256909 0.843050140069449 0.138660879966217 0.120141433374881 0.471075916183663 0.587541306019489 0.242611291369129 0.354164388408419 0.00416856216824306 0.643976676927815
0.345080265846165 0.665106564953787 0.670965796221936 0.699735974743827 0.902246172339851 0.849164330329145 0.445227554131036 0.708084931858366 0.445460421914823 0.376844850973227 0.809113118305502 0.973184456621891 0.209219876740216 0.158927860265418 0.68391368433449 0.940165043908349 0.67456660018532 0.734233370621289 0.830157109941979 0.0543238391485506
0.0468647664162172 0.471157971456815 0.602863917089251 0.794157590690578 0.101758386404461 0.231421495528975 0.0172903049131927 0.0656094709024633 0.0411106807197954 0.0733116547621055 0.0431129911413218 0.237854731088862 0.0211763386503167 0.0459208541003787 0.640496210088861 0.0108488019442554 0.1029432158426 0.545971864874276 0.000513475909616982 0.541658243503081
0.138193102552369 0.53078497874474 0.367938588976443 0.443189602878275 0.797472092296901 0.257536310551712 0.0934089659030642 0.632520336722167 0.298670258261915 0.340960275919024 0.301020798121486 0.937715713336113 0.05822696316189 0.118450335578962 0.67683478847328 0.752352101346514 0.653455282820334 0.500018358431071 0.0167462422603289 0.3430508956564
0.0307113182785377 0.573828405093417 0.305302209504178 0.364154902346491 0.001086303936846 0.432993350362005 0.0177156144147473 0.0101916475225882 0.00757137877659729 0.0289063828939126 0.00074441379635517 0.842528135515817 0.0261974006554384 0.0253304857974512 0.0624747085941982 0.545181123622801 0.471891795373449 0.293393982386625 0.000177671972810652 0.176508875827905
0.136645130108512 0.667586191422873 0.567481704976021 0.605270118205635 0.939931596133984 0.284650848717353 0.147034169034706 0.275672309857146 0.469595655650696 0.423927346933338 0.537680180296098 0.998675465778001 0.413813823937828 0.1178852399947 0.659753665949502 0.996466505796216 0.517588517841889 0.498353858431576 0.025285692314448 0.992784852411819
0.342258047067883 0.604135092789405 0.72653495023069 0.594689552913204 0.935206366472657 0.662881549902407 0.0887984694342086 0.954573615529673 0.840745527034127 0.532237309832802 0.331592027410838 0.97271575393773 0.292647469380459 0.127151710147432 0.724047994086415 0.998270954492947 0.594683256542165 0.628552116866087 0.887225684415564 0.0347380205350206
0.515850555166223 0.778591120017603 0.964723628196216 0.868951894634861 0.856626115151135 0.890002346766675 0.166257035321937 0.602305496116894 0.856240504248345 0.777361985610635 0.927281257454745 0.999446591022946 0.402070753670191 0.320628212301992 0.72058793356267 0.998075724487013 0.741367649837087 0.80521762180175 0.0434739768310986 0.99995699111236
0.398176687660167 0.771420852164771 0.347993389136019 0.478519041810291 0.871652209169932 0.68041505151951 0.363356112578238 0.39274551242099 0.623455674897813 0.830398197044421 0.525795368093685 0.996245973797595 0.544171117254788 0.107685794451113 0.918871555351919 0.980955745522927 0.535002292287189 0.455798947327057 0.214248564054385 0.813136968610683
0.495178857490569 0.728829456725509 0.869232445649446 0.848617640835392 0.924007698450757 0.0921750820824617 0.145351613326133 0.780503491120006 0.986365360518164 0.922751895296378 0.953114819351562 0.989577555760673 0.547441983921022 0.362966288449659 0.978522434729964 0.869422630499381 0.577357446105483 0.621721914757681 0.940821086513497 0.492324891164807
0.151912792105419 0.574989201329354 0.583365516776603 0.886385784460881 0.0848304188847363 0.315102012009829 0.364687829718004 0.537073675862584 0.447608836360111 0.335421571733618 0.462374275632579 0.980417939453948 0.143171009746486 0.115476895286112 0.50206250314144 0.775830138475055 0.32920618620495 0.528549430117099 0.195027903193615 0.984846955010629
0.611872043021448 0.740670191312005 0.769317856193426 0.633898120863713 0.977796948486242 0.64680484464668 0.16590868560222 0.980989351516027 0.894641761371205 0.970576972676902 0.979351909636008 0.969180278397508 0.845710928330696 0.455019875692525 0.67585996729079 0.998232999223264 0.760600890384677 0.635422249097026 0.957868834794193 0.664433834814439
0.17084535205917 0.630594504023465 0.60290210835035 0.450777949458674 0.240200058748042 0.332370558605735 0.248483905304866 0.706361382346225 0.93481832095655 0.405299586511808 0.397823944892381 0.331592888997616 0.161356750495912 0.175599132522734 0.72295113296382 0.990116523457316 0.428476171265017 0.431929929735655 0.618467039983309 0.00148758896646374
0.416330188358255 0.649086580135738 0.531919752858329 0.828796596259764 0.996067145349777 0.525646445585418 0.19518394911798 0.817931486823415 0.44182106946161 0.93059585359903 0.927178082045969 0.998453405638626 0.302046184979019 0.194048031144727 0.724956509060048 0.998039249667274 0.610250091529174 0.765170075506962 0.751267233154599 0.000274067871992402
0.0240642899662224 0.539566495169626 0.0800247122081754 0.277552490145001 0.0164190975426657 0.594609138058944 0.0921795230271817 0.200643717765159 0.0929374734723795 0.0153577927329672 0.00627346767346715 0.11448261150026 0.0660220677438045 0.026178444900946 0.203369253921177 0.00480078289702309 0.520070868049626 0.311510279408217 0.0192481292000788 0.118068136016328
0.0884213944157067 0.645407716237188 0.601050607002441 0.627567150578539 0.789133558806689 0.252927785128683 0.318221662322604 0.248344743680851 0.742415404337845 0.395910816549691 0.473925501946313 0.997027023342892 0.296869194073059 0.133840070836656 0.532796208313701 0.910002178830026 0.439465897670181 0.377819587733167 0.962952724662824 0.00436942115416416
0.562613947364415 0.649306686399503 0.790574020428953 0.791278143566811 0.931033470213395 0.583803600673752 0.7987533573352 0.872882537481605 0.54521028978622 0.184770418288981 0.965019156327135 0.979494922475697 0.292418504375187 0.173350822961507 0.839812058900411 0.839875303523638 0.648256635752246 0.629263878761497 0.122392708122077 0.999992405704571
0.137944338608819 0.551127095820737 0.374534967551981 0.429228963958358 0.0454264300890386 0.330702980281163 0.0220058416772555 0.156439896564732 0.935635889913138 0.3046156523558 0.813842904204457 0.989563495448516 0.172054136916436 0.0518484123297504 0.517720553483568 0.453279405092295 0.555042093482856 0.569551941686726 0.00496036969216019 0.226793426002185
0.678100773459752 0.744811620305532 0.854236201672503 0.710094817172756 0.971660094330685 0.618377966055108 0.472934243394095 0.973437833693359 0.930374272276167 0.969016960458427 0.990676533201854 0.980978132861216 0.612825684971276 0.310908492061824 0.921589325184465 0.998732351871537 0.571242504193822 0.480176439251311 0.297104156442075 0.828649797868977
0.197023704386795 0.671861193062532 0.797944469732427 0.581797834886738 0.60802046784294 0.204363502552591 0.0962044612071062 0.137336278382886 0.9868380459408 0.481792436756707 0.360865934337535 0.972368050799428 0.150373391594507 0.140417765801647 0.959711199995612 0.516987423663824 0.402556612425897 0.609180007419952 0.0140027844389121 0.0315580800543647
0.465574122179489 0.693527220030011 0.34732763410856 0.617233872309271 0.993639836884555 0.382608231320248 0.443091914399147 0.862055514573021 0.448408456289746 0.751257629385861 0.824881865161681 0.997320326742584 0.309896558683523 0.151756141001619 0.717144807473614 0.99459514099218 0.449562377214615 0.841937742379932 0.0912395087227616 0.581256929648846
0.104675687301053 0.51969297871528 0.417778243877143 0.393354353932659 0.622723372863033 0.151330894518814 0.0291736217845209 0.576690259643737 0.64453244863422 0.112143551289028 0.0795771973915697 0.852853655987198 0.0522878890163489 0.0599929720322449 0.493225060318442 0.926798858085189 0.423650496504284 0.401572542226315 0.00113105707369328 0.992346421158035
0.452373580394186 0.846327382955994 0.951474666622485 0.809140996152982 0.954135578810742 0.597669009559694 0.267533433100749 0.950927705920747 0.770183223925481 0.883763659336217 0.842002386730399 0.904767220381191 0.724370684093011 0.508113738113594 0.978338239483203 0.952233436377005 0.575707314697139 0.656404768684595 0.691798558695363 0.412974083934796
0.116126943336612 0.472714285546661 0.766294127481929 0.666628127379866 0.0618814396136905 0.158102370779445 0.0811092315607412 0.0515632649429868 0.209304488094086 0.0896202681025323 0.0217442872506491 0.431817568774682 0.0813236977941156 0.016221041712296 0.411859766918929 0.600746868561072 0.321684827576594 0.683546959632611 0.00212367979805525 0.969116833542767
0.0661364367274807 0.472833693800111 0.0999298998009296 0.524581301415658 0.556731291933328 0.214833421467115 0.0331162615445289 0.357584660379193 0.0164810765614434 0.169288238137062 0.0423701909165871 0.985087275055537 0.0612404069147948 0.0727216747990253 0.203923017120961 0.980023678353867 0.240161722257928 0.373657205886977 0.00742378056956201 0.00143178116234056
0.926973532713686 0.850241461952407 0.978367202946721 0.691915327903904 0.999449676550597 0.915797712112838 0.871498869198497 0.999017910715317 0.997440628418043 0.989258368606927 0.998302464628875 0.999846882920242 0.965086287326177 0.718984009213056 0.998274398641304 0.99897369851991 0.775890302383953 0.908202505063092 0.999970700219904 0.999838678742411
0.512208064954166 0.621025239813697 0.928190286466902 0.422037268081108 0.736673011705208 0.415382028896601 0.309215799671292 0.968577268338074 0.997905563293393 0.957459380306252 0.583340251135404 0.674671883924073 0.660513612574807 0.183605755003534 0.945486075217782 0.983863378783505 0.499571339627385 0.566795766611774 0.0203545421471004 0.999176040477915
0.707740098978058 0.786039295984838 0.812395744634146 0.691442158312293 0.948838419831855 0.627444218065888 0.712389196415466 0.83559169436693 0.997731697771092 0.976331848664336 0.965765422484922 0.821183111340161 0.797746966353262 0.287704912628471 0.931818020280468 0.999058809575902 0.812909688408704 0.906771253346012 0.715481082442701 0.989348092632451
0.517511280896238 0.624784383250575 0.767482415767082 0.867397259278091 0.377617874425514 0.381875198252973 0.511585630233396 0.876118525400055 0.848973278816097 0.461924080225043 0.675353503798443 0.961482204019442 0.409881566884772 0.188819393926878 0.838853429116475 0.964332146507223 0.420005628422693 0.622368523443753 0.218471237840039 0.971019155989948
0.0424002695009514 0.424480000997556 0.296491112229403 0.599503563604786 0.220020885462578 0.200619775198981 0.00585432494080232 0.0169115385391731 0.920077376860423 0.00848600358035705 0.0440357560912004 0.436500535476205 0.0205587486823383 0.0315542643452301 0.343866139348566 0.292923533241374 0.326563103663496 0.228978955435109 0.160095671087426 0.566479641225979
0.384809659117033 0.630247053889824 0.961858492514308 0.584023764010557 0.884567961967166 0.540333410866176 0.405480159454841 0.907397406226479 0.999666737544005 0.982354182628423 0.819864496921074 0.998576746380603 0.431840896550591 0.300508583684358 0.780695729073503 0.997456584036685 0.418835015736505 0.660276726435062 0.0285212649259246 0.999946879216592
0.183930405092589 0.495027898400642 0.711660287649632 0.855068209203922 0.142662113430616 0.524724375185273 0.0798869284016724 0.853056326074185 0.393821614780956 0.666948359109186 0.67837272008202 0.741387560418601 0.212094132904448 0.105362373285018 0.709814876073213 0.999234616655074 0.563967230224647 0.479514013033313 0.997228353961226 0.00126318223808172
0.211289097052388 0.501555939321821 0.813711323155611 0.618196214027233 0.679467418545225 0.538897053412352 0.284503726500596 0.470194770297128 0.0605845701476976 0.399186956156064 0.137483113747747 0.918314137303923 0.236543896312845 0.177593448681859 0.800235419580179 0.920726169351368 0.281083497459644 0.503728856846297 0.0997363819626329 0.000822795530012818
0.266420442132496 0.609567420879794 0.363437829646431 0.496531210914616 0.771380092963188 0.684358288299272 0.302171555491541 0.430233132544432 0.838236699753055 0.401352277422408 0.119012538793055 0.945209055840644 0.200285750362197 0.111383243380549 0.738620172683614 0.99483877917562 0.350423419066686 0.610115401589984 0.166380782542999 0.949426996463341
0.532946733190086 0.660591747427026 0.84424235057242 0.838259662349374 0.994163950698326 0.100113092594625 0.852896735657859 0.882314830298925 0.996350120783127 0.897168710157906 0.920608438742824 0.732261318266414 0.623893939580726 0.262377039699046 0.825943131058554 0.516777418849999 0.811364074703169 0.599607899316633 0.962043510836482 0.0765722025730762
0.187333218602357 0.626962719197758 0.460641375035607 0.711575377355142 0.227191471631792 0.499977037931131 0.0248574630477195 0.0898844217529831 0.564369042633842 0.197713821117255 0.4806915703073 0.936279636013139 0.174535272679813 0.0671293492699837 0.424141721142298 0.550266046529195 0.46249202491553 0.241258999498437 0.00193605850458458 0.000400097890635502
0.0492580054880718 0.375009077563144 0.277758540564979 0.493950281355099 0.29254722780011 0.613986127630375 0.00693128490777338 0.00872997926994332 0.751345585816076 0.0208064487970278 0.0253193497259073 0.030948962116125 0.0313579848733289 0.021391406440898 0.384298910380692 0.396154606557436 0.306745009281935 0.437359134013762 0.000426093398617998 7.65969565688886e-05
0.0392076713964828 0.593670122827106 0.321227445716865 0.462053443426307 0.210789349324265 0.664761779659395 0.114774859832344 0.00792722639320815 0.135488455320197 0.0634274149869629 0.020285059358952 0.143783061413355 0.0647808132948157 0.0374352600127401 0.722086999664319 0.0158721692092198 0.49274967763363 0.567886735544471 0.00428122476985926 0.139316517574892
0.222780915301805 0.654428176908445 0.858935303847397 0.65034820827666 0.720031027632316 0.552745764143554 0.326238643571935 0.704408818750406 0.328523989014144 0.230948534224213 0.361302055841466 0.932954017132867 0.164686315984972 0.164264394127459 0.893773885438136 0.797526713673823 0.434687908316976 0.486415901244558 0.00545522051186071 0.209972135880472
0.134058207020246 0.661058753054995 0.747852823524554 0.587367118298266 0.481936654553942 0.0460155817364728 0.142810263571166 0.26909895504792 0.781668729458096 0.345540163474078 0.157502938569704 0.563167596218553 0.110254041806393 0.114342284792921 0.418472431430493 0.99043106742032 0.503823471986787 0.658480403286566 0.754217040292973 0.889723375914751
0.218941590030482 0.622641692919404 0.412549943660468 0.674423375007302 0.683545433412084 0.204849035640983 0.0836396273807144 0.0683199287085508 0.331636777647697 0.162240399302884 0.171475918944347 0.965072702449156 0.152600243129769 0.137766398248704 0.500906625633131 0.743574211124841 0.571397032050021 0.599211809023905 0.00179352761515009 0.709571676744962
0.300738225134 0.52868678777063 0.627531103182818 0.529503000525683 0.728962465403306 0.230934110580774 0.0417278264385096 0.969515433068424 0.045674576228281 0.0927793577057284 0.492101784741962 0.273161374783281 0.16736902686106 0.171656197485878 0.16109191390033 0.813666637207718 0.46647021616698 0.524102133187504 9.42509180107768e-05 0.0137081128080982
0.122625963364772 0.555927182944564 0.381775924745574 0.614896066729825 0.251216132424782 0.673025766627409 0.0571270917921968 0.189988035243183 0.858072373298133 0.221480855356595 0.223313305061867 0.403753610001475 0.122945299855186 0.0753820000837429 0.406588600574942 0.937735692009177 0.363093081592938 0.194797771907511 0.229519859943842 0.920430416364945
0.177619083340753 0.572009549157801 0.283673150494437 0.480460914327105 0.0810397908718164 0.186794313914534 0.0759518110768658 0.696942387641476 0.985285522071711 0.0884162663683088 0.151062880498641 0.0869691516881621 0.218284558579456 0.0623927700206837 0.762994426006657 0.273921723752629 0.467154779537017 0.377287232465242 0.0216739305041967 0.0568023160876598
0.0883303987042312 0.579489689800886 0.635257890928899 0.600907572641941 0.403881432908016 0.651994324457052 0.0997287457406398 0.606631173778329 0.736354216381817 0.366635889345999 0.00537304999629292 0.309529208252178 0.258909251323729 0.338057973719749 0.458474920996726 0.511243873559466 0.860854818760807 0.594026489227623 0.316190068884742 0.995122237826638
0.197935093886228 0.668715379925298 0.885169620691126 0.744099479744473 0.91651950996275 0.69886626360718 0.0839225494154122 0.845796936859547 0.433142566120558 0.634938079708857 0.254526817892122 0.999714196026366 0.304292052349532 0.165081850739931 0.766991605617866 0.923565573405554 0.694442751563728 0.618159588591099 0.0147312200501884 0.00465007493493993
0.212835524010325 0.491768029178081 0.120336879518358 0.454394546319288 0.761682974940185 0.815032105047357 0.218510022781378 0.720991177341721 0.534542453625615 0.047918819534644 0.144342256445079 0.665543782548288 0.172082775697052 0.0897318177066332 0.258761237670843 0.832914366594225 0.27962151757972 0.4755728417686 0.0137724975656081 0.941130254791083
0.199839363113595 0.623293568058444 0.695419097982935 0.540833010051008 0.641734223996923 0.523341937468584 0.0337073488913733 0.754575162369098 0.51007808515075 0.535120600399233 0.280221841497958 0.96099027180556 0.163381839878644 0.095465921554782 0.720346086090105 0.990806937189542 0.474997882373751 0.66249327531865 0.311066927161994 0.999994868851526
0.0896702805940206 0.603355569077399 0.290152591192288 0.653057190681511 0.45225652824026 0.522230757136909 0.241319281451608 0.110420373155449 0.495472629364977 0.476445386061392 0.243478508523928 0.343144966107289 0.1296891968318 0.11697274732353 0.736496789338928 0.290515830990972 0.402844899533183 0.287171965474479 0.990019590967807 0.0146966456627745
0.0918628757949141 0.50860728340456 0.854107580637021 0.655964150387395 0.46559122944967 0.253635919171746 0.117573263890841 0.379513052482801 0.668555216186059 0.170211263257385 0.0765436425663889 0.934457881793779 0.271846631496238 0.105804542293076 0.34809817849817 0.702513649967848 0.788495094464748 0.29033491599953 0.0312743153019344 0.999209760991105
0.32887057250712 0.506396709872598 0.953743716044178 0.40118338417097 0.238893131996866 0.635857929640728 0.151599560774428 0.971937882577412 0.152059731667199 0.784028814613812 0.844739815542742 0.992829512873366 0.296639540245047 0.114174889611548 0.801119099555375 0.999581784869477 0.730718806865438 0.68899032142173 0.310221041944809 0.999994707702081
0.071134107930874 0.351908394217875 0.683632756509823 0.533259687862084 0.0163787090020509 0.182675515315994 0.03400372445841 0.205144363279722 0.827790622305124 0.153254225994211 0.0998419350209817 0.731858914048984 0.0421123901999534 0.0270343357812981 0.357730846862146 0.927711406369166 0.210663400926735 0.424179291037178 0.000766492256993147 0.000538325674764605
0.11533039283009 0.463215797839591 0.336871335703543 0.637762854377506 0.270526948788701 0.523963187742295 0.163935037436476 0.0315360974270219 0.37269596159407 0.0964513944450797 0.295093399552574 0.223765644752236 0.130718617041811 0.0445721688732428 0.154628587456908 0.725655926651302 0.242122624316021 0.348031231327913 0.281164951876023 0.98030756517967
0.0823104644407377 0.451924513632048 0.315589311344333 0.515967607310231 0.606012237916868 0.173328569465098 0.139853221589025 0.429967615748875 0.277897121187635 0.18069337470061 0.137198278889162 0.93521953428789 0.146177296489322 0.142709370438355 0.814830519557323 0.447425649506472 0.353575838562417 0.379766025136386 0.0114343079492296 0.987099208360964
0.0901577329797454 0.56509706980948 0.820901837319524 0.68625933026229 0.274928091309866 0.1285537504538 0.033825484284097 0.912769493416512 0.663969132438337 0.453182881140269 0.144454809869413 0.986638373741624 0.172255879259594 0.112062181991321 0.744267414426562 0.999349685741667 0.638458760027396 0.701384598555387 6.69500087591624e-05 0.00604476620910486
0.148501116807846 0.634853254607754 0.86484066501349 0.68756902213005 0.837759519570268 0.481419985485171 0.0484647999844033 0.599787117363088 0.600090911396833 0.161160717856589 0.0811928375777055 0.980005126966715 0.196307644532926 0.085645619880516 0.627011011620623 0.930603645621809 0.289658063303 0.608848235904819 0.0257115080030823 0.00358934328788279
0.284848198819346 0.603292590841517 0.410955977192338 0.675802489461906 0.95471027026235 0.551005350190759 0.235095213929719 0.926210102026269 0.596229644356271 0.734573899033534 0.839106030477861 0.995595930163537 0.480010485435016 0.130084367933872 0.925079339074648 0.999280428142643 0.675155104366032 0.639074937330436 0.00442887794497742 2.20487114161066e-05
0.517883041631604 0.630341439644447 0.846606809516095 0.589415609759625 0.837848641384042 0.591625415314825 0.186848116456193 0.554357151606384 0.615229325266761 0.908492462071827 0.988648655101147 0.984749591019647 0.734777897276903 0.273191600939058 0.774886032084185 0.999253120263451 0.321939166138477 0.742971307425204 0.485919463059511 0.274495505519355
0.293939173972203 0.638337724207183 0.297668195397138 0.529014006797922 0.0476672640698436 0.16938178757097 0.0853894076059394 0.481854491840059 0.338870358913327 0.153441841870295 0.040971227874219 0.928754878872225 0.0639523819464246 0.0680539869234367 0.935694705196062 0.992209414262664 0.565334401300712 0.553366018763059 0.94441687673572 0.999908991189762
0.0898768461377873 0.541520998378267 0.104723934748783 0.612709229677355 0.583013761023764 0.711394341139493 0.0341506343289548 0.370592512100811 0.0121265880973412 0.18823477413802 0.0599395328168549 0.537386118842627 0.135242713009 0.056406626394237 0.71096581119973 0.639134819288725 0.508082553331888 0.281974808468041 0.759622617448182 0.710543362171694
0.125299755275237 0.555658238175693 0.681853314007653 0.643540251729903 0.524717410729605 0.208243969447364 0.154339667206252 0.229305274469744 0.232997589947346 0.0670491550395727 0.0701768078347813 0.996411458806038 0.107393050533172 0.0340765242242578 0.533574006202253 0.970969107704503 0.416571864734023 0.463232424279939 0.0975991056172599 0.0111715300307201
0.0881938113948108 0.573119522509596 0.865989007162959 0.578998953603584 0.298178180997058 0.107971913142423 0.151611316451234 0.353560586933875 0.665455308075557 0.212068222521484 0.348486748882235 0.95435654342949 0.102112148234767 0.14335978210683 0.291963246122881 0.86659341451671 0.223867049083286 0.484422258607963 0.00391597767282863 0.989575157972453
0.227359412684519 0.641170897987747 0.822426094822397 0.74796630837849 0.853498169280038 0.287480319981542 0.178867049950102 0.444830218455633 0.968618805324979 0.410144781538289 0.826432822417236 0.999021587552233 0.28781700986532 0.166996053190037 0.961618128929198 0.93776838114974 0.264872781022905 0.401942558519645 0.992784463804627 0.79381170751782
0.191144559974996 0.676790441950474 0.92833270448313 0.848159196396679 0.960227780267792 0.574041095544179 0.0905018126071011 0.0494867417246666 0.982468502117091 0.68618773609578 0.595486762097916 0.638353071954811 0.677528066486182 0.505377357768283 0.93078991362912 0.990516926965175 0.389234668557148 0.341122798145667 0.0952233486329936 7.38651029006788e-05
0.345218867010981 0.651426742943764 0.658270949687921 0.677381003586401 0.969179706790227 0.576784278942165 0.479242608231735 0.539162771760589 0.985108198374245 0.598181267865455 0.836290128906334 0.924254019547739 0.387509144811391 0.188303082561822 0.953686679915367 0.979618725171729 0.197158346592012 0.811870315503772 0.955382724003769 0.0774657896400782
0.159787391750049 0.495223272490121 0.351309375823545 0.397740117357859 0.0452526383383088 0.307146603069542 0.0186837323229025 0.125960556434516 0.118102290737446 0.0539210163446586 0.0100316623882646 0.396262626492153 0.0638252113170081 0.0344408600253152 0.40805014691366 0.0336204083346869 0.483928805853214 0.480531810144886 0.00144583361444466 0.317840753748582
0.0323463427946599 0.554133789716727 0.767508998322145 0.500948493930223 0.0114516322451249 0.065524092427704 0.0115908161211528 0.0364803035922633 0.647395469113317 0.0648747265917132 0.065579547899964 0.0690643370021075 0.0853581384615106 0.0594504901401721 0.314134930947904 0.677277299094706 0.287927688028771 0.517108479232843 0.00434313707890982 0.0642180408095299
0.487858525186913 0.726678465119745 0.424472213658057 0.490606921315468 0.969270689331614 0.791088490785345 0.0587962411787494 0.984274725607045 0.983456483184984 0.880455506973965 0.950861466643088 0.993477908410487 0.76327131851468 0.253461610879865 0.981616505199893 0.982755464708891 0.635040243191361 0.808763315268897 0.613839886543407 0.383378030338634
0.185673283711686 0.558429075796011 0.722818072547202 0.754834523692199 0.360850382337551 0.590969308790076 0.147319460586018 0.200554510421124 0.0412249365960351 0.261374291691334 0.17668506240609 0.938006217531384 0.309700100275386 0.122297118027065 0.759448915413444 0.996632992677195 0.598837300655455 0.631990578217142 0.420203210113173 0.00633061927718081
0.118440785040371 0.644099621023968 0.882918323252439 0.397756979788074 0.279095650676361 0.254219860348137 0.0621141217959728 0.538231486844907 0.376092616826133 0.441005240253582 0.42534149719032 0.991656694039587 0.156709167239466 0.156303710964205 0.257707078752835 0.856889844097849 0.370847503459464 0.388988434309847 0.898064795659515 0.994550344191674
0.193548984790924 0.594821340877066 0.817365319101946 0.68135120104619 0.292540964107123 0.444837839713387 0.0963401712408856 0.38256574557634 0.0961133023466694 0.219484692593234 0.178851515578047 0.453710939243218 0.179342607755944 0.0680262817705184 0.435332474525865 0.979929890107591 0.328734003994686 0.454576661912222 0.00507671403269967 0.121888323355189
0.0563046155231481 0.50222280392049 0.442380498773755 0.594834422268782 0.0941353360226748 0.113231852175895 0.00727246636004036 0.00851632294727668 0.672505377983201 0.08494772410361 0.092173869582958 0.153502802529086 0.0736324542808328 0.0440424079762131 0.597342507998078 0.624991539696775 0.211867144265452 0.25363164012806 0.00194198109180256 1.03118726785466e-05
0.766296656896533 0.759617373608579 0.925191887208993 0.918524986372304 0.996483848565843 0.478546464507333 0.54658629401187 0.985952489171823 0.975562764541798 0.936147760928701 0.970141047792033 0.999828841686984 0.576489165812902 0.343044087847103 0.771525017913682 0.99999465088525 0.510380504022874 0.852400500206319 0.00240270625143647 0.751195929604727
0.126418745846032 0.517669672372301 0.187967417077765 0.81985094513653 0.216652596663864 0.107827373697517 0.0541750429241587 0.195687253083704 0.494260413126473 0.106419612987825 0.0895939534981133 0.994568574946682 0.0641878348412308 0.0377305283078018 0.129305319031628 0.814132375283328 0.600088329702616 0.555810637173295 0.0299946266336049 0.0116532612408291
0.871398425791474 0.810521740453183 0.907560303423493 0.751138060736998 0.993341843885308 0.658844799152263 0.699356983731788 0.997944074939432 0.999358210106752 0.998376552835306 0.992309705450031 0.999958371527091 0.858897077908772 0.560124158476588 0.972985488368286 0.998549035295215 0.674435714282001 0.843512442047788 0.998542046058524 0.999877403604299
0.0963059672273903 0.514251840911242 0.165805667772253 0.418476831114235 0.102717263105138 0.600309039723446 0.0559340622218387 0.578531745935423 0.985485370254649 0.0612085179708133 0.0392007566102673 0.494483941777542 0.141077647214984 0.0573133071397417 0.330544013487547 0.455149008082007 0.129300093085921 0.409843182091324 0.00746282223655127 0.00428198558236483
0.350201413653065 0.701151259496635 0.773788907218249 0.747417691483203 0.913288877484253 0.170987065317969 0.154180881760487 0.946827104283379 0.973534419583971 0.689420192698966 0.893546134764126 0.978392632903992 0.568649923475025 0.227673274934889 0.717805900184992 0.976625736892292 0.560950913788624 0.669046813856544 0.0839090815187546 0.999990552206028
0.395235740821415 0.68488347550829 0.414081129355496 0.769689804878788 0.843501299179057 0.616046444146321 0.370141967175158 0.724083768501585 0.603673232471401 0.75586317702204 0.269079385712609 0.986074202205451 0.771884820716174 0.254248146870079 0.909021521990687 0.963691800608905 0.78233796652882 0.727362143565844 0.111386281113388 0.0329672915182186
0.590032446292759 0.586148456667615 0.812864687702575 0.654323021797743 0.988255354154604 0.523276119364644 0.572981580735182 0.768702922505062 0.576587539681334 0.827659824396566 0.821254336053018 0.990491351205318 0.4466872207516 0.146255329914359 0.931971340724006 0.997875165662097 0.383507147287627 0.745956259121173 0.881436060122719 0.00427556844131262
0.164305863532606 0.593810993099484 0.146118644597495 0.624712231280595 0.0311241879906182 0.220868871345516 0.292463320844959 0.641728529885532 0.0772886189633061 0.144742637475864 0.374216494875722 0.60547966870914 0.223029458235729 0.0938433370573592 0.700520431200392 0.920000588404864 0.589790904149436 0.200022098869015 0.0253326147581118 0.0188002441105683
0.170967583761985 0.583489433511308 0.755730072487006 0.775037690196122 0.814341946415829 0.243274270216165 0.551320284362139 0.775646498767521 0.88713394953022 0.674522332176192 0.71205734518177 0.932559175632821 0.175379238733992 0.123558410283932 0.854054138222838 0.985130554366425 0.438034687618432 0.541078567738612 0.0463522539679459 0.990642267523287
0.0384785859124837 0.37061172102866 0.0806909315055346 0.430264428654043 0.0931545666514927 0.241691836052022 0.0221292076768217 0.00679539520740481 0.000969111766281731 0.0196196302936802 0.00891563899367135 0.976667274852999 0.0312253909974837 0.0086531882669048 0.310441429907482 0.0786079718963124 0.289246727267745 0.379570508170364 0.00358744170075991 0.000318222726467806
0.256918352144246 0.517852904113829 0.286623976215233 0.672253308979982 0.594885053711802 0.371488546770836 0.0739696939046713 0.695013040262517 0.0642206888349315 0.321651846424251 0.230501276589927 0.435198001374721 0.186796645277058 0.157040067179375 0.442764277753655 0.811209010366557 0.638118375195749 0.557530314785561 6.60047347473354e-05 0.997558149843435
0.181964468998086 0.682391809250632 0.442944366553992 0.55920052595766 0.996989715560025 0.675816490197381 0.607908834949076 0.970635756960645 0.910539321533979 0.935788701535292 0.748015344882984 0.987897405288128 0.408962704440109 0.222545348084319 0.872989817290661 0.908034179044832 0.660007751112196 0.511778818185748 0.912561525272002 0.826030630669243
0.0225181504530293 0.420376496720137 0.0442187677117548 0.427124275289778 0.0315104749099017 0.446370227478175 0.00534413111408971 0.0110097971805824 0.614293742585526 0.0157320794368271 0.00351729337996668 0.986934955226215 0.016540580273797 0.0264717199424019 0.374769323086787 0.951558036241618 0.452675902439553 0.343468958561069 0.000529066406665005 0.0158450809050157
0.878192322260649 0.822816645928287 0.98296870618747 0.55007573777305 0.99952643823526 0.857790314050567 0.885575829891329 0.996693445362314 0.746665553120251 0.998174291930098 0.999799756313604 0.999925584112128 0.93546418637869 0.630578930573111 0.980614804917895 0.999999 0.383181300893974 0.818473678741063 0.999996427353605 0.991003061630114
0.266119676115128 0.63823210890179 0.69185898698362 0.3176881162785 0.800606977794506 0.839067416663827 0.242636503973438 0.985542902059535 0.876259183702802 0.562371741089486 0.164153681406305 0.99562030037763 0.649036945371733 0.20689964555449 0.545544647147045 0.975541973633072 0.336038691196223 0.637508026944461 0.0026133088022237 0.826889169109849
0.376356357409207 0.71268570481205 0.74076439816811 0.649028310957723 0.943979684958415 0.214636724880522 0.545143729762992 0.954684463261586 0.927539214434864 0.796557369885688 0.654386641926964 0.997652080371453 0.759826662578726 0.300955674391205 0.770815138673338 0.996294193755648 0.447203645741076 0.493695526615309 0.264939496159658 0.999998153221952
0.217903111782452 0.596791040221841 0.835069659651755 0.721559732312658 0.568526485398223 0.850408506796827 0.1226964396239 0.464833742307456 0.925975846795233 0.430368131002952 0.342231108259179 0.991779365618409 0.127731309418448 0.0815468064295675 0.387875531221032 0.0672949293922988 0.330561302959279 0.466807568731243 0.968681787847231 0.999833852530488
0.42046356521917 0.560183039879917 0.263888132640199 0.680051236341091 0.7310002430373 0.19921893881071 0.305641358079102 0.279754628709074 0.771686690143047 0.488921913946922 0.144733951988058 0.974016589484425 0.152324713354018 0.0836619591852764 0.811333009373932 0.693401330299575 0.490204188094804 0.416656119261456 0.961340775469833 0.0133719840976759
0.444995744135878 0.755746979194608 0.981673899532772 0.510669234197488 0.910175871012214 0.237334347251979 0.674759495235096 0.983882161096501 0.997097108878432 0.982399144032041 0.95904047952197 0.954616591457948 0.595340803018608 0.63789797474129 0.968752872695649 0.926100291518469 0.657121281045114 0.702921249963393 0.25229054723469 0.0690773164622188
0.0274941889544186 0.548888949168733 0.209728318119294 0.524784157317398 0.202614787900905 0.442502364268842 0.111488963012488 0.0917229333481165 0.129317870125439 0.134241077123943 0.124536467459004 0.997450202609996 0.0804171246599081 0.0491467039570212 0.596677433507182 0.0614143438125838 0.571637739681778 0.465834243627194 0.653847700820915 0.00995493420281581
0.112526004131787 0.574997975304222 0.159957395947971 0.331646794265886 0.0768991625111336 0.365328792672155 0.560231112560475 0.313085820084609 0.148400912488226 0.132272460010308 0.321979007502108 0.923947840579968 0.113308844737205 0.0725277535795269 0.611412862657536 0.0212086906731315 0.698200609331251 0.54318945321571 0.0243264485411583 0.140578576300593
0.031483575620183 0.383870997411718 0.0294190342309816 0.473168742811804 0.00651818356118087 0.192334983620536 0.00630454260129297 0.235980917674808 0.0197056184296412 0.0420407280330974 0.0323403621186882 0.454574284419893 0.0625864584008221 0.0218844178552039 0.299995127049027 0.00231165066664356 0.596764341478391 0.126465030016601 0.00224525255068144 0.980383682076404
0.0793359258093419 0.463990355269595 0.841832619278996 0.696188512017221 0.271703177845568 0.280245092921772 0.0945099016000218 0.0677979270636541 0.821999010506391 0.0858860457480836 0.351757887983614 0.818602303445976 0.150007525282037 0.0573653370355611 0.401088652364388 0.15673609645987 0.576410187530146 0.329664280137559 0.00244134553399748 0.996309562181611
0.340213249111931 0.570237691990409 0.319487524927392 0.788241767153327 0.469757524944839 0.408162830170288 0.407971351123586 0.440834638277507 0.399221643491651 0.449438730438319 0.371206087865271 0.605038042174361 0.275744909085791 0.114480118243222 0.627662171662393 0.998461537613631 0.415691000498364 0.707505999975547 0.0180146033450269 0.0205613356695106
0.0422793214331213 0.376622746656117 0.461172506653243 0.56879202948462 0.0180135220493235 0.492849225269125 0.0794222637406127 0.0223490073548941 0.000754754127911913 0.0282305190470437 0.136644749295425 0.137889030234462 0.14973613928758 0.0231846862661008 0.358361743855472 0.0873690004040002 0.563950823682651 0.349085784612279 0.00322815664815208 0.000364851102897767
0.220683867995847 0.544223511748387 0.295107889450965 0.623436916860691 0.183714259608199 0.446688463142236 0.0586430278573024 0.461525310131481 0.985992417868419 0.0674908593509379 0.678066332002815 0.757652107975784 0.146084080974974 0.0764394434472215 0.369645146237243 0.996497588049903 0.245441456544516 0.645502944427302 0.180391827533998 0.00698027744540866
0.440614119853399 0.686977241123935 0.430728445104783 0.750827277487538 0.905600043482751 0.289850998065934 0.635738539863167 0.660250132811217 0.986756741267584 0.948032552822864 0.711146823678519 0.8189471326703 0.401225375882885 0.353775541104195 0.861121182735179 0.978581084098109 0.490865245649962 0.516073740306639 0.934648433767736 0.002851123896981
0.360600986523216 0.636180607440244 0.749060651996653 0.449049286396618 0.906676783225351 0.232666989971616 0.168167812050703 0.6429472661352 0.142263468544835 0.656052669706736 0.307745449893158 0.502499964315668 0.381449981307197 0.144721723447196 0.137103359320407 0.945270757479407 0.584070673111428 0.423167370246448 0.84505321066593 0.0985222639961044
0.0692388341575249 0.422729905309822 0.37605892606927 0.391970429841408 0.491202161201462 0.153389742150526 0.0372666063309433 0.799763421831825 0.964263150429162 0.360662726459777 0.0214788654082514 0.521234878014236 0.224409780268869 0.05087131916281 0.318265236114477 0.152434462501013 0.241688527622521 0.632935263475591 0.973872986331566 0.00221105696017987
0.322498115336647 0.570699042577247 0.355032832256873 0.827227312426892 0.88178825519261 0.614957253629135 0.398776981061306 0.2074698595354 0.160481699489166 0.183284757290799 0.32778563198111 0.983314239709946 0.155642190982101 0.0672348862975662 0.665582668171125 0.268343217714087 0.281171888746881 0.491878803521116 0.0144591985196102 0.980767317098529
0.167875345925936 0.649964097206965 0.507759773048057 0.753606755689479 0.721723154912124 0.626509137457686 0.0504897038684137 0.427910793627777 0.943747766625055 0.868594741766006 0.548569086626963 0.722848478190873 0.31538415040733 0.15595749304571 0.4499750953319 0.878792536106416 0.550078724047987 0.569547943727497 0.0458018492001758 0.000449947930208938
0.0908875113746595 0.473469853367057 0.133179919826024 0.598168451666416 0.809240643179263 0.120030741224313 0.0346272466434927 0.486627227096153 0.093655494352449 0.158034970821259 0.118663061521259 0.702044233850596 0.0733065337797565 0.0760846772653519 0.432889165524837 0.653321219244876 0.314794668476199 0.264449895774746 0.40183343893462 0.928944760626231
0.255909149377123 0.682779235451014 0.325310261820028 0.554031216167428 0.759694219815976 0.607177762107984 0.435707349716414 0.680246291888302 0.970883464295981 0.385481601540023 0.985452648094115 0.915111775102797 0.156974763203306 0.143695482918461 0.684592070251025 0.991438233657781 0.424238300842201 0.730462976443963 0.00242480915837964 0.999999
0.663249893080117 0.808530686047417 0.863331248876703 0.714763226675261 0.996105847603098 0.678214443527541 0.603385164028628 0.968761897900782 0.871707342416185 0.982908117823276 0.974094711002699 0.999217751992295 0.632405660473472 0.491860808784842 0.975700579418513 0.647883780797319 0.815366016811946 0.862376300617647 0.000410347233971099 0.139904162539921
0.308007187368724 0.65805912183291 0.665969725500382 0.582403292195399 0.914982064577235 0.477360557725133 0.0875048774476921 0.601955232038733 0.172651751310273 0.686925995796038 0.689821382469945 0.909202190543302 0.625915790403055 0.193939521671523 0.939299612371921 0.923381870695401 0.496001922377088 0.668756841320168 0.00312047248000046 0.00941677408878001
0.227818259378685 0.567332823099465 0.322536676506626 0.333471817152559 0.210510534037458 0.268488476677701 0.305865287887297 0.215845608965409 0.207516731567817 0.140564442676234 0.0612857086115868 0.977840776834431 0.0676232756412784 0.0310753433271501 0.410582600826589 0.851529799603992 0.325716674415091 0.491085891462293 0.00236920527096971 4.63223127198186e-06
0.0946648673779844 0.605112170672296 0.416706564569426 0.717415454017042 0.128626210525301 0.281208238495067 0.0649793620780965 0.156146017598813 0.829530469105498 0.434411499499906 0.488006400940384 0.250734271098171 0.262257469204424 0.155141117785632 0.16162149532654 0.402214754739647 0.622466634935983 0.510075597693203 0.985274512029376 1.49715165820018e-05
0.133372320765326 0.588386755441929 0.735631752481522 0.406645934590151 0.453418231348243 0.210858883214858 0.016566180488649 0.363591553837318 0.715573176772241 0.426171669318285 0.312338228095175 0.971253914144957 0.177848204879658 0.106993652777709 0.782721062002119 0.876438624546839 0.48984180885477 0.215839682963374 0.00446966774379142 0.99967188175117
0.209340097268741 0.586440524020539 0.666463749472254 0.521394590036648 0.481603472553179 0.283325208201499 0.0812071189757307 0.358258900367826 0.818694183522841 0.104461131793377 0.180497880003055 0.620087715035252 0.126854029857879 0.101548102094558 0.666334178668127 0.718258760693464 0.363295142596766 0.369253040306922 0.284982394701202 0.9520799407878
0.2793354604944 0.520957197468362 0.406121890686529 0.546473788468167 0.761355564363886 0.671445419357193 0.231925913274357 0.957806134189574 0.974104028840216 0.685403224641071 0.786129662876337 0.798012672480286 0.396929341066941 0.257571473172334 0.917153646354149 0.973824034875623 0.5642975214292 0.636617616831594 0.642792757237778 0.634260901426474
0.744073381890244 0.724304470542399 0.409828611212609 0.774398824358579 0.982654848727603 0.367855161630555 0.882845895756546 0.834965213019349 0.661016126700625 0.721381026417728 0.967942999559536 0.999031303270902 0.291587220433743 0.216878933798732 0.76976263426071 0.989793564223635 0.494180873249561 0.839421900269346 0.0338859300845957 0.998307795661536
0.0890539076363435 0.466458332552982 0.457750313792131 0.429412040911403 0.698753744133407 0.224116736761361 0.134969784855882 0.116117601049006 0.624034302678917 0.264168571638481 0.0450804223989712 0.922361059734596 0.224172717771821 0.0872761182818217 0.808724988981534 0.586069809218525 0.263374317182277 0.165907390698141 0.170295433093517 5.90728212952819e-05
0.125652490464102 0.401584624795437 0.104104360959315 0.455982998813296 0.348345406231971 0.151784836523592 0.275958864921933 0.665239707780038 0.235047123677329 0.209230093620642 0.022601807116432 0.875194101159134 0.0378396907202957 0.0474126484819821 0.544189916231382 0.876104812260154 0.182859186098933 0.179444815711901 0.241123737537946 0.00961121274828479
0.264615824579363 0.673990237937235 0.623769286093482 0.483004913200561 0.740530724006927 0.300640812911372 0.240751759420361 0.932446526790808 0.532195461498257 0.74617741882753 0.47137755076819 0.850519201524725 0.163639009099457 0.306372475042387 0.581752176302864 0.839933153566004 0.363661072629577 0.476933264961929 0.527482290634203 0.0213579769846121
0.0405811661776765 0.425760489541191 0.0756296088530856 0.72393042635406 0.0636290738869768 0.0921230807809432 0.0301118250319753 0.59007126152224 0.906022798398927 0.0642911878446727 0.0151394314944482 0.16947976426959 0.0884698992751526 0.0533876928144166 0.366376785297979 0.324200778078027 0.440871709459859 0.328654721192238 0.0183240687214581 0.00242664874610266
0.688238100250336 0.696699628972514 0.58185499237399 0.701007033238526 0.969819789380986 0.18407764347693 0.631733833966491 0.99561993627728 0.495179392881183 0.956457765165598 0.912968435930047 0.997671571175883 0.566300740590739 0.456145571016623 0.894254224561063 0.945301580621907 0.680128114970118 0.710351631827194 0.190648336548967 0.996681824128479
0.137768240873541 0.511247743810872 0.0551274277228435 0.494057267902564 0.0661786526289863 0.411062656242734 0.0211778496261372 0.0716102567039707 0.676161575395357 0.0485918867949445 0.0819576306262762 0.715701269970948 0.0498798956540363 0.071439745035337 0.453983388186603 0.738587423353251 0.19777079807522 0.178845816981989 0.0350062313123637 0.560442261933848
0.377926907746512 0.728087350654524 0.624921527100541 0.696631184429166 0.301056988323797 0.260095498222012 0.652101626565323 0.7166193484234 0.792923805543721 0.880087471985032 0.24305157109104 0.893564164383407 0.307326221708406 0.13999009321704 0.70576308663306 0.996908959963551 0.371384203700474 0.74452688620199 0.909591457402869 0.0364783343410837
0.339316890013615 0.585815315761536 0.570527066512494 0.546952180798319 0.416926882090796 0.369044445002787 0.283159843228541 0.836638615016767 0.498846295737024 0.421959582019632 0.298094860261111 0.997897642840374 0.178981094406292 0.1593811062332 0.455494673760316 0.0371309895557247 0.405386559588376 0.764878987358284 0.981981305248266 0.997373054936424
0.0926587786194149 0.392006890781624 0.465871676222635 0.714355028567554 0.0701890386310528 0.378064716238127 0.125812024011755 0.525021060253146 0.967275004578458 0.631316526671019 0.198084056884386 0.462972072566978 0.170778992987378 0.102142787446193 0.681176723509408 0.984053982599382 0.299791805759392 0.632436404497512 0.742856474567314 0.988930382425711
0.0746611354164837 0.542648314778835 0.743440931691819 0.412229407787943 0.850813945443775 0.11418375119658 0.0117505304336728 0.507869297492926 0.0825703001059263 0.129382852231274 0.275105472342022 0.980912698495207 0.126972895719484 0.0789221812852347 0.28392121058365 0.988984776559964 0.459555182516348 0.210482134365489 0.905548653709995 0.00013983417544652
0.187174613246421 0.6886250314559 0.455553728583193 0.510207482931037 0.542813901149599 0.340067916374668 0.0547008611108197 0.400610017704782 0.966482564880948 0.648335278599925 0.672448998186887 0.992268006129688 0.390220617190251 0.249384519396754 0.378195321582728 0.752162217429164 0.305793713241773 0.510965346854578 0.689051096471886 0.990621848563848
0.534585221952783 0.787455308002722 0.646516127737572 0.601590904096464 0.944531336710438 0.188806687179043 0.520223433873853 0.924112934723771 0.845250029178903 0.790225662430036 0.441458097054188 0.993449279469034 0.624015705100658 0.265468573204016 0.728081321196734 0.999505000922328 0.623411352795729 0.826329872578442 0.0304913516083364 0.995374518615903
0.224042445154661 0.515240422338718 0.258464227366505 0.430496807891439 0.909608228891086 0.176893303402982 0.194315689584703 0.529988740468079 0.989889331482211 0.434338401200218 0.940109819726859 0.991042914778057 0.523294103604212 0.195137180431757 0.385904537496183 0.995651497711226 0.659344723544371 0.66921661317607 0.325291139590318 0.143621110272473
0.133986702111654 0.674950126128494 0.566501609486459 0.377815730097003 0.377313625151732 0.430081873584416 0.0268339968704942 0.17006072397161 0.276017451027392 0.0918527684394479 0.170771126376943 0.83671301080861 0.0350424599216641 0.0437940125770032 0.367767416120456 0.0503430375704222 0.437772771105306 0.310848289609402 1.83615695992139e-05 0.00102492255718195
0.0784071301912235 0.593620349789131 0.727993560744755 0.654954068402603 0.556198186681775 0.473059156570504 0.320020937093282 0.244261702389106 0.825301050795533 0.25909081943439 0.728425834164975 0.743168198096025 0.144022663066008 0.0805584181212561 0.508181392288539 0.498819867511745 0.448489695697817 0.698082855908335 0.0183903870210605 0.215592394791566
0.758826830261362 0.729965858970235 0.936845635059493 0.742032469311147 0.995305480096155 0.884111089506885 0.686422328500206 0.715973454449503 0.976870729687166 0.985347508738867 0.997288923587638 0.999468036867794 0.515443342654098 0.69233482306149 0.971488574545247 0.999900724155465 0.800287011736078 0.726841292745575 0.0413929047777724 0.999992931910481
0.166481342466778 0.542013775640989 0.411683152869058 0.806414117928103 0.704378523889113 0.103604923270055 0.00935178289392386 0.111676400735972 0.435633070202246 0.44751724582912 0.206768398047452 0.995114986983791 0.0727222248719158 0.0342884735223852 0.252821238806976 0.994819708999605 0.467338850933108 0.639564874566924 0.11466568763164 0.012615094089185
0.0732595873942003 0.586434568921222 0.913324431522763 0.530425851508743 0.766367481383071 0.233332360260625 0.00674956221914558 0.414888907194734 0.0556437562687715 0.115832060630117 0.023982215286357 0.983539901554918 0.110638784433374 0.0815355212872666 0.687854896396364 0.51248076970724 0.245123910516172 0.332618959474537 0.0272503308215837 0.0300582336840044
0.26213036781679 0.574891644649773 0.617409029344931 0.457324099833585 0.860752595573249 0.451836589677139 0.156628304244205 0.0655808246852921 0.803732181763924 0.516954590817686 0.341789872526666 0.996566383721726 0.380361869812716 0.180374942889078 0.473118333378303 0.969299775817885 0.224962967122406 0.538405814884228 0.610182639698077 0.000129465545991161
0.0142264826218602 0.361141010519998 0.0372889961250994 0.406527699198966 0.0571608235494515 0.260210569287887 0.0105733174020426 0.0333953085874725 0.0125909071375362 0.00540596186212655 0.0184772335123523 0.0972752708467428 0.0232445517900627 0.015550587592229 0.288733299762706 0.0277748770728871 0.127928468486326 0.179730995225398 0.000979883302254229 0.00489584534274909
0.154190665451968 0.639496264026156 0.460332594615817 0.709698601345766 0.271335105515469 0.321741499954383 0.0550261109517769 0.581600550827455 0.205143263365271 0.217655761473662 0.529630825519631 0.183877533800061 0.093183485508491 0.114661742431377 0.606038704456816 0.968541791806823 0.47102093063573 0.727734003273763 0.989584293833687 5.01300565052668e-06
0.2050619118486 0.504852150824981 0.889890990351707 0.655170643135449 0.727088093590298 0.202613582210772 0.382763005993278 0.369133175997746 0.221024844988275 0.507574662159332 0.0804132602665223 0.998389462031849 0.270120257552364 0.263668598903608 0.908635754570078 0.81001441844774 0.394748816182991 0.716112903339145 0.940798979153022 0.153497993574955
0.372772558123257 0.703404783651992 0.857528581632149 0.471538201776695 0.938310889707598 0.366129755164895 0.695314760481202 0.604341910904453 0.615433809273675 0.905820317664899 0.843609252197597 0.762263277678594 0.490291287497263 0.188968477693382 0.634648519296603 0.999208434413444 0.758509660801053 0.723352035963311 0.00139782720634213 0.00564137227309106
0.273997819546861 0.55373769927042 0.232363197282888 0.584181397748454 0.349833551703202 0.155045871125165 0.309393509609422 0.230402733831699 0.985090793771058 0.494150404529738 0.667679602102342 0.984429269701314 0.366386696027681 0.195944078671876 0.589205522123321 0.934269449943145 0.795383666033778 0.658761171597178 0.997208387386362 0.00118867244757485
0.0488337971104168 0.437568970490986 0.583644992054372 0.597074041300234 0.0749253441715547 0.352188487541363 0.0168168351760316 0.0553480213416927 0.0200837866414507 0.0159524299152312 0.0076634284876438 0.698922790772845 0.0575952124384675 0.020168465151427 0.315086518866005 0.0525792538821816 0.44015489029245 0.173149098385547 0.0101259120882043 0.00115699691828204
0.30601006240169 0.687640830975543 0.727215259115942 0.776596135127414 0.79103297929893 0.760877478006213 0.0704053094782813 0.0338522129720021 0.934795258989595 0.611957091522818 0.86173619012056 0.997261787350203 0.429068818380364 0.176486713359734 0.798635698823219 0.989407460947637 0.427934382117819 0.415477689526575 0.892229896081975 0.437509358772724
0.080131577238832 0.45536266072273 0.559222298890454 0.618012199060854 0.428619544458899 0.573766141843836 0.0823654674747955 0.356909490457797 0.115853134074559 0.100074514725442 0.151010519875795 0.692739155326688 0.108197554067239 0.0577719644091444 0.541686853357539 0.995988379116362 0.590371105432447 0.622387682720952 0.0123071309120397 0.992881441191717
0.478757084294183 0.636116015870909 0.777853818373785 0.461993218439275 0.847286659015796 0.8687937807514 0.118912605606702 0.8254730780369 0.891115394888782 0.606628705583648 0.961479185671345 0.951995765734197 0.376230528338314 0.346132659149085 0.950120732200862 0.974425749997652 0.742297059620108 0.744861479367675 0.985542903243882 0.997119045734435
0.55422771316963 0.807769104272488 0.841560131381128 0.703934751441116 0.987314368803157 0.301489872682275 0.879206892923368 0.996683569464224 0.897917657486382 0.966264482921576 0.939277525824187 0.99439517629703 0.851432884382991 0.543426160898917 0.994936921715692 0.999728636879101 0.619304460726865 0.728275749814346 0.241281132702534 0.996114096949221
0.245988433394663 0.72487234710936 0.91076008948128 0.783454770044941 0.766332894367205 0.426518037195419 0.11091605883809 0.965810484669579 0.689682822198812 0.789952949775386 0.844700827232537 0.987637685045421 0.483699532773605 0.433260187712156 0.809209586146976 0.999789490733146 0.566204949210154 0.766276780972159 0.00138311590138659 0.000539876846757346
0.167276150663888 0.533691362071257 0.231019356434028 0.343736752951488 0.892159622749383 0.708861265549242 0.0574916690034595 0.099015482901156 0.0560329629692916 0.283207040496361 0.933483345977246 0.858519096783477 0.259467945536753 0.0740732739204112 0.204465454388765 0.832525744495316 0.329299195722954 0.623915265595515 0.00197131031655568 0.845766437923607
0.158406418767739 0.554788702767493 0.514480570423788 0.638489823159264 0.477765585983255 0.595691893808316 0.075009235695897 0.521246342585011 0.143521268627798 0.444467258268128 0.105510691432213 0.137375320642689 0.204068608159026 0.102002004035991 0.541497854780707 0.98942388411091 0.462775251610575 0.266872090921071 0.0548638330758415 0.319601646086857
0.0276911979585361 0.35862632659336 0.130472778422704 0.390126666114523 0.00891773289143915 0.077863785848888 0.00205914874025802 0.01451299337902 0.00499602167178168 0.01747281690839 0.0245467789354165 0.123260726325102 0.0255970277452522 0.0252535740566986 0.220806735438665 0.137191546101372 0.353068209119295 0.26058491426756 0.210881834100412 0.99853950133062
0.0774902054129359 0.461882805730268 0.179065917760449 0.611257171772705 0.307615189048262 0.652045701154488 0.0372082002005162 0.0649461113443186 0.868867428662372 0.132404363761948 0.173703079326817 0.967549435227791 0.101290703512242 0.0402833421007227 0.423653363182736 0.832802126292041 0.324538386807817 0.251989777273038 0.00437371350817004 0.00311200766268978
0.0923656163007524 0.469043559080802 0.583806061774561 0.555460389718663 0.188707444009541 0.373827150449095 0.0429261114184324 0.0677657673214967 0.0371024377123571 0.053818910506025 0.0348921643158232 0.48593791019347 0.0753161497567575 0.085225657070772 0.439462684956623 0.797979328190118 0.491293257797195 0.466703160374394 0.00224348041557997 0.999067710406519
0.00996449390340959 0.367284674350867 0.12914532221936 0.689061482663332 0.00496751663173964 0.177523340802007 0.0118394292960695 0.0177874919899616 0.132862965081003 0.00274987327193623 0.00324194301301198 0.703237226541583 0.0172518605391877 0.00631684828607067 0.205258964874911 0.0120106522324938 0.577437435313716 0.167182351831266 0.160964726703904 0.033607844442292
0.0740878541734268 0.593201700497241 0.0951489659555747 0.313443570922981 0.506773415905801 0.730590360830323 0.123396196128634 0.556834508376073 0.39054646389268 0.179264060004517 0.124625603435419 0.980024971342301 0.26460319916713 0.0625968323229587 0.880503465227011 0.870143129816324 0.243544874816161 0.56465306359074 0.864870830245936 0.751210772523047
0.172773483391741 0.604539555364864 0.495790716331466 0.564860739275611 0.641963773589871 0.25337999926328 0.243984583680012 0.405170289436731 0.412907334597954 0.281953191654703 0.698646351146838 0.988703614688506 0.180489600832011 0.260748113724915 0.778690180991471 0.0727574483116672 0.698029912829027 0.657954114985348 0.283517734448586 0.998272052581914
0.379794131684959 0.6683180954104 0.751530972084964 0.834666076689531 0.941275965445825 0.534707167419869 0.585913758171455 0.997527050834711 0.434149691448727 0.824492968686683 0.797437277103016 0.996987958598651 0.700791191917643 0.534790072326956 0.927395573867693 0.542806176692794 0.583176626464196 0.443978004185779 0.0417067390250062 0.874514648239985
0.0109722202063256 0.379197507218546 0.0387049456485412 0.324360789044877 0.000785243444945321 0.277596612483669 0.00210707923345355 0.000369592875409308 0.102655719453066 0.00788054268972608 0.000588919623693942 0.158911204215118 0.00595206713607274 0.00951758470297573 0.0228183462010021 0.00340274554159864 0.318266499137855 0.0726786883245756 2.94277187379175e-06 0.0340906638808886
0.564754134756868 0.767341888230823 0.68600457178305 0.625708599643862 0.980187043403742 0.589734822514759 0.623558598405248 0.968687332432401 0.689768497362681 0.960418551838853 0.92555120611921 0.979278934356175 0.610892637150465 0.470956487626349 0.751343131934765 0.994960148961931 0.660521830203962 0.414799437561331 0.970342478201884 2.91898378532779e-06
0.180820070112849 0.523892729762113 0.44236575275202 0.749485312441193 0.569648807116607 0.494518539796007 0.092460888282114 0.742637837761431 0.0749285557136526 0.311365206210955 0.184805541715517 0.873854509681913 0.344965443158067 0.150145950482566 0.8141746091068 0.848592856414059 0.551009689215253 0.519836103463504 0.835022855847065 0.0820921992847774
0.244948468800954 0.553766914926859 0.71971659968317 0.587969699673785 0.660107357085473 0.225328736318308 0.123634692470802 0.602816579902484 0.977663018441456 0.807460158221768 0.685055581260509 0.955538406999532 0.183601589898587 0.214185633714283 0.832332536986228 0.937481553462807 0.585784746201136 0.377935031587841 0.00190665420855294 0.00233047070279487
0.488795166259798 0.561491683548715 0.504595004633529 0.51165311630625 0.818897716682553 0.237008068799486 0.44522235052902 0.775278007843699 0.99643803106914 0.337778654589757 0.513989695531615 0.990819694362862 0.237153723865272 0.166493738897552 0.794961435162632 0.614825189708516 0.590374860778571 0.511160830164162 0.443335209728619 0.0095727418382871
0.643193616240486 0.654731595093872 0.48898311087334 0.765073422645669 0.531404692131268 0.815936406951751 0.433340467911568 0.66589288184783 0.203270145959787 0.847270013048757 0.55593677390445 0.993400521397219 0.589106679691882 0.0981930638028794 0.738340037602708 0.976112447432121 0.516662042765647 0.592632194270343 0.0238131752331634 0.000887071664485275
0.0628606814835929 0.384743922319206 0.0590769609253807 0.514727411013157 0.193109652744464 0.298757938217015 0.0804914287518381 0.00567297164204572 0.802132825634191 0.0243379242116184 0.005766607063324 0.206051864486063 0.0473916166380539 0.0554369613136171 0.189464994829778 0.0164648388742164 0.23339778701636 0.489721045120453 0.00038713367363968 0.000147523702782924
0.363405666618534 0.786904262307093 0.971235334354068 0.544342828642386 0.971836158355284 0.361248101572898 0.709241938346478 0.992173026671421 0.856568386594397 0.960822005029041 0.976710163883064 0.960624103133244 0.545007372588318 0.330710441006936 0.962634474935322 0.61971927682884 0.79195940560715 0.587150064859191 0.868679328716988 0.995533914916492
0.0791858624725517 0.578415567357607 0.0311597089674117 0.497205865952289 0.0752168771847892 0.750458812199856 0.0741988448074147 0.390401240832036 0.865589925682763 0.220177966657722 0.0848408429176338 0.715150249253896 0.0861421514740627 0.0455883646906356 0.571898755828587 0.674074343793991 0.471744505110303 0.503180533385558 0.601576015233064 0.0200592466891249
0.0157000835323431 0.323307875047878 0.0445596030472449 0.43136073898579 0.079143999943947 0.265820366771324 0.0506594417292425 0.0295610325499289 0.00675577546920249 0.00782945787753696 0.00183189724143967 0.122311897922472 0.0245651919987497 0.0164910434646633 0.251505733840738 0.695099451271633 0.401259173500687 0.181929215303325 0.000948097222616576 0.989231175715648
0.0220011791263944 0.445543144728039 0.058116333869333 0.401596405246685 0.034308426752244 0.211766521285501 0.077853781311608 0.00755827744821871 0.0105982490245704 0.0120623505415775 0.038054391645088 0.0746884978837887 0.217574943427707 0.00963070877667988 0.220054044694979 0.155374775419758 0.299193884811849 0.164217816531286 0.854333500135503 3.11404356389893e-05
0.0586255930366254 0.434265307723614 0.108983489883451 0.728083105585117 0.0280768892947557 0.0944949738457621 0.0510718964023411 0.0107771583266694 0.578117216092322 0.0333162693471133 0.0545139046360609 0.497267770010336 0.0501798237098259 0.0190250764850529 0.657960680880658 0.178843596873784 0.536649084127405 0.507164616454526 1.15791005728414e-05 3.74535321417611e-05
0.251503185611141 0.578264504652127 0.851519686282478 0.78331300658053 0.801873299883734 0.189630066212072 0.34925174020585 0.621847600844387 0.804502916343922 0.689902074531304 0.900178055908114 0.985053624840906 0.224794251660878 0.207095825279516 0.920289715508618 0.999853646807046 0.556729482528105 0.744952689961523 0.0112310518940765 0.995697198962187
0.0619481389741398 0.444967554414793 0.45347878635888 0.506792569139421 0.609667901715417 0.778791075597175 0.268205437452352 0.0164841854764833 0.10745138683303 0.0914160314668848 0.0598365283000464 0.809431054584133 0.0814290681348432 0.0348561742601426 0.446344718100803 0.438820874655567 0.315600971206499 0.202014801730841 0.12077621990535 0.000543944072448698
0.120744890179907 0.66394047176449 0.807459601805082 0.729296783155386 0.607390820229999 0.164844631911873 0.128048900586377 0.0145717929662571 0.5251085117841 0.09650316915433 0.731874105425941 0.930860736730831 0.166988926389094 0.0911984126227027 0.759083352024675 0.996859239176904 0.413388546996075 0.452863270754615 0.00521276090377848 0.000865520993452793
0.112631683741794 0.480484769455362 0.540682599087607 0.445602936142555 0.150187252798142 0.0868893807722671 0.123907135632865 0.0611266561986993 0.93067084990223 0.149632677147395 0.0715565108122368 0.949443043942865 0.0341235229670159 0.0319555818638143 0.22918108502489 0.550040923726944 0.180175336507691 0.533202402467168 0.00167662574169259 0.000273000173732265
0.326297561084027 0.688474949885447 0.246730732348095 0.687110994850125 0.543773062479684 0.315120819003228 0.0860113775657412 0.0995387498311244 0.624939033715913 0.737634717449377 0.835229094846083 0.940577852643388 0.328994833072877 0.125468160169745 0.661105683342508 0.999864934803621 0.316908393441884 0.686590676616318 0.856436701261884 0.166530456981586
0.731432057715294 0.624834667168939 0.818572293579212 0.688443537647158 0.971131573266926 0.311067706011843 0.669786800469761 0.98437404945072 0.712654511742688 0.908396208290549 0.917763268533628 0.997102521297935 0.468306561799021 0.322646768548012 0.857355006560704 0.99395672135066 0.352009915651601 0.731678169211111 0.985881133012904 0.852847892909857
0.101173120212777 0.583269385645646 0.30369664391822 0.732327997517448 0.806309513575098 0.235898954880973 0.0668872414000605 0.52934202719337 0.273480970265667 0.376944669372486 0.521916010574498 0.991776618854632 0.184787608472477 0.151081347364203 0.501170995011773 0.859784095638768 0.228576862819833 0.587721528045266 0.189920940688139 0.997263258592989
0.504368625470637 0.674080891747588 0.837940356515393 0.534453243513891 0.445215640938328 0.330305948202954 0.376024540094684 0.75862446205958 0.453804707219269 0.715597454324466 0.87971112223525 0.995109268405302 0.408768815829198 0.243428297087261 0.856517041216868 0.926776587410524 0.704859189908016 0.501766650974078 0.000692990503984852 0.000251296834882693
0.138657434287356 0.638358308822671 0.375225634901622 0.636983689530779 0.755741713478154 0.353500565953103 0.119913679429586 0.357114509997756 0.765848945898565 0.540043601704279 0.174533098529662 0.985955820654684 0.264588883935995 0.0748664169746258 0.799119238966789 0.997375056691252 0.522852291185999 0.355395059485265 0.998396287511812 0.22164442608788
0.661593219269536 0.840748701860641 0.924113855574934 0.855869312839614 0.937698739831717 0.888200530363528 0.270882772086649 0.992064158638477 0.453900628914746 0.929535419313099 0.964730537894646 0.971611480746426 0.754432606377521 0.404615416121142 0.863075552295872 0.999818625124389 0.446677560168288 0.814799674054942 0.953875941169225 0.995831481288867
0.307960329425518 0.595879378497262 0.578644750278028 0.882248848499268 0.94087846447554 0.313950001328448 0.777680152007285 0.554559084025047 0.962137316507564 0.582398966835832 0.795344054485219 0.98255136753526 0.749713863464041 0.450575667972684 0.753402037903917 0.993794163237161 0.661693283011209 0.754414138168119 0.0019412140567771 0.0859334241286456
0.28586924635332 0.62395713228348 0.856643140333884 0.73393838384037 0.878093822244589 0.193854586564983 0.360572764777014 0.452301397940516 0.762335351157867 0.687210930820893 0.917243051123097 0.931385485337983 0.558077809819888 0.244515664331154 0.936945273204942 0.99799973091114 0.823592057962246 0.851408345831403 0.988820848698352 0.999926354487776
0.180238524414519 0.70886083137307 0.642035208660898 0.723067354947944 0.9107997240181 0.263095094721696 0.0311764450571225 0.563258140762186 0.978187254518607 0.514748578515282 0.411424458978795 0.951581986562578 0.0770782055002715 0.149550408679039 0.623036925527159 0.92476522495808 0.474095927853639 0.742486721156399 0.00231849426949012 0.123899059961489
0.078991292307239 0.600971654688698 0.786719896467761 0.518541223755149 0.532664551964911 0.356088907272916 0.247901252109129 0.0945069342195734 0.467986760018448 0.520909040868891 0.425074082807855 0.981596131948289 0.103290867099614 0.126494466506358 0.841932374557739 0.285510120406856 0.503995085410186 0.679018203506937 0.0368119420878575 1.38436939503088e-05
0.721607154912478 0.77938537852212 0.962372104334541 0.499249876312547 0.998424069538234 0.858931618334483 0.910560400003131 0.995238497412146 0.999003199366871 0.993321061990658 0.999351034105406 0.99981388988196 0.895030819836243 0.649812186590935 0.976930078970109 0.99993597601996 0.820829428316335 0.900255843000677 0.486500156582314 0.913992911609363
0.0362940396459185 0.51410656988762 0.309486850499296 0.359655789438539 0.0367178478837225 0.0722179076618415 0.051701145032068 0.0852369199968543 0.554612899376814 0.0215646642719749 0.00745263081393673 0.966108307736605 0.0462494108593357 0.0343008237898507 0.247840321682831 0.18483844798761 0.237218275820596 0.33435843993706 0.00231815946337287 4.14662274743951e-05
0.0966337042462998 0.621662857344431 0.689698965998191 0.330032519006997 0.43092765944002 0.495273734065888 0.0354410666003125 0.00947168705676516 0.190670916473961 0.293949586688127 0.631605161338963 0.064193054961028 0.0958378730965792 0.0714636267146534 0.877227464612661 0.522434342290497 0.373728670186388 0.50129016754619 0.812312304171364 0.994550538498675
0.363743464802818 0.645062256132343 0.855877384307144 0.624675497832263 0.553190379328656 0.778198333460779 0.0682687901415404 0.36259603166061 0.199629969032354 0.530935888879199 0.359446730683334 0.987883070190905 0.171073437711185 0.360834089904734 0.551070963759203 0.988142449807872 0.554084090129993 0.713335863310543 0.851541572642734 0.00129856904921552
0.120278164792755 0.801893417811104 0.462118657754785 0.644234122234609 0.987409255981887 0.374501071999553 0.444346746565544 0.751211773867666 0.811919104859443 0.767768830832023 0.921389875041875 0.986170359735909 0.511859105383073 0.264128149562066 0.830672684568404 0.650976653289261 0.532050925736738 0.687489339580301 0.949928707471349 0.999264885702685
0.0428402577212607 0.516411071059675 0.117805262102783 0.573801114590993 0.177628209753372 0.413222026968507 0.0768376785255831 0.0234178907848912 0.435819447812218 0.0414507935566655 0.00201772928013408 0.0910236130652658 0.0542271908564339 0.0555644937195733 0.193196146021509 0.383535716369108 0.466356748275796 0.412834098357012 0.027029048526674 0.0018557049427396
0.0997710958804469 0.495618522866097 0.0983661628816967 0.426136334380689 0.0171691530398118 0.0915387238110915 0.011344577789532 0.841052907778219 0.13487448123253 0.0552899107046272 0.155118117753466 0.0330620916105843 0.0887956768462411 0.103226014528307 0.492702348443131 0.198814811893957 0.747941116209842 0.524312561839182 0.731860206604715 0.00290993501883355
0.289271945043994 0.608793994792075 0.418975863178139 0.722184974138637 0.348226330875265 0.78583287640419 0.128590486042643 0.945615113251894 0.131866898371472 0.576845321198969 0.648708226564355 0.915371932902323 0.473589128920411 0.132456621982651 0.812676533709155 0.60317901081693 0.461737053433139 0.519955481147529 0.0102060551019636 0.115972134365512
0.144098590825958 0.539884630415671 0.430530366172328 0.557661024117874 0.167449079441051 0.0891731744751701 0.127054848153446 0.289161005397357 0.337520756797905 0.277814697323371 0.5923321127501 0.952776585785764 0.268541766707542 0.0947756976228067 0.856866120069895 0.952395212434288 0.337914718850698 0.47890818512259 0.181212235827291 0.00548697654005771
0.124162562605198 0.658652063732423 0.705046021405397 0.489945029923875 0.383075237285884 0.363706994015661 0.0574714730370881 0.521144412276196 0.519320642203856 0.364459136988814 0.180158152218628 0.913449681659523 0.127935670176598 0.0990430082615733 0.306437943090737 0.821734780283373 0.335351782787067 0.383266248751866 0.343195202967255 0.029756463063942
0.361723831909146 0.749395154909779 0.621754994594322 0.88472126632218 0.905992790049309 0.604554001371143 0.360236833780824 0.973280282771578 0.857172863246136 0.39512980178087 0.749751252320109 0.997976047273565 0.32287281938403 0.228552745230143 0.725347215507329 0.451647890987202 0.816097951858725 0.663516911340138 0.416387306439601 0.0374287708993566
0.0670322695732646 0.40550910326344 0.167950443320353 0.475985975218147 0.084685264509194 0.394296210190891 0.0692229437624643 0.13804614664707 0.00103421884796513 0.0256851144299619 0.0440296899540286 0.859431017449262 0.0544277196785434 0.0896028796397371 0.161980488004753 0.907645388647729 0.350096378656339 0.625548120660462 7.90711869373523e-06 0.224649695004382
0.0553186417206295 0.559028591168705 0.748179627154724 0.728331925189161 0.84798192261991 0.604917186319752 0.443481624272482 0.615886931794314 0.00163165335194086 0.437743363965886 0.0972446875076109 0.666484411177025 0.154130087916385 0.142212076360901 0.658603059818101 0.999877665718499 0.489375541085518 0.388185348513566 0.988500985809473 0.00063369437931786
0.0118376188300512 0.457398830879841 0.22061541694132 0.329380251349839 0.0304306834560519 0.516756496315165 0.00855797312628751 0.0072180374760487 0.00742525093372434 0.0161813388237221 0.02131057411854 0.161527887073957 0.0256163594023614 0.0194715020893596 0.227276367979394 0.241756469512372 0.235241085257336 0.236198628775454 0.00575610790091247 0.00470013043960532
0.1236428538926 0.521644279011618 0.574158220796497 0.534505207957382 0.736363262149801 0.808762160425162 0.0391889518613233 0.490461227251019 0.00858036443269952 0.0551437222554626 0.22444288665327 0.725591315025808 0.0280105349544609 0.135069549813254 0.601266103025018 0.138365816336879 0.362135412818578 0.38979200389658 0.00546418227545088 1e-06
0.651954017438266 0.789562794377676 0.938832541711287 0.854157817244708 0.988589425400087 0.708468546763594 0.865447277712124 0.826801281022618 0.948889804566178 0.968210002154565 0.975926883687868 0.990741364868583 0.721495135852358 0.438375256445014 0.909237565585502 0.998392427898725 0.761323334671849 0.739403608882631 0.988811289379136 0.950960817078713
0.932687482416727 0.850359637890202 0.961160349236798 0.834989255796103 0.995812114266913 0.57434738495072 0.75978579804833 0.998547787809801 0.964008653056459 0.996437316056567 0.999835408134844 0.99914024898427 0.948897184007926 0.899080139749717 0.995195625631386 0.999664803763922 0.796125718858525 0.840513303715441 0.89028744554268 0.925355502451853
0.0540742455192394 0.521501513300035 0.288003039428857 0.447386943432002 0.0616967260722429 0.347267259120964 0.178592329253959 0.202283104392264 0.951807971747906 0.0520655629520257 0.0650748097188811 0.799818307974408 0.0744997107627356 0.0447263238873475 0.169577798668611 0.0154894529050176 0.610076298607947 0.472654666491637 0.283716281715121 0.0697817644520945
0.0824874578163946 0.55478857414589 0.188538998974826 0.559729601700793 0.692160707265172 0.381580756949033 0.0914696474119444 0.0958083847275843 0.584035046000085 0.0805661925031599 0.0185600749094676 0.275025949227265 0.108623793806153 0.100291658749607 0.275612429799817 0.406834451188865 0.64354746935888 0.4415619566241 0.354394029597665 0.000520719639920867
0.687643487469677 0.702574805361801 0.955870519941388 0.624983053396466 0.900287205271178 0.427389667319477 0.477586335756004 0.978500154243121 0.9316751093117 0.843174959901139 0.934839010800457 0.999014938904045 0.673508692967096 0.281940481890322 0.82829022095631 0.999757328570555 0.43252591147912 0.771314973666474 0.0134034100466764 0.999248073687345
0.0519761952201857 0.401041308234816 0.230346613006557 0.311156165543614 0.011350886780412 0.375903374853123 0.0198621461242679 0.0447859169397103 0.918670785816005 0.0152514907989422 0.0191117861670684 0.666817076348009 0.0243810287533673 0.0424121294599802 0.56455444192021 0.0730295215580423 0.404502840827031 0.581691605879744 0.207460489018821 2.56927578318964e-06
0.207373104385695 0.67230021296749 0.619812242883377 0.327752298147502 0.960917579827666 0.675595476202274 0.0800451986564993 0.310519358210809 0.348904508479104 0.14350631202767 0.582896191256524 0.995178459317743 0.350851057175731 0.292726448659966 0.959446647000517 0.999731338655245 0.579703608899576 0.816474143053686 0.192421901312594 0.000420515060919496
0.471391452121423 0.746056169279039 0.436181834967157 0.796766305619264 0.86070344022474 0.562146937284908 0.0343289744966918 0.951897377377145 0.812316803118418 0.849727121508688 0.899647793947069 0.476462914709185 0.587108787031724 0.257996580962399 0.34028046055722 0.995408747284676 0.485478456230293 0.457276226546383 0.0233544740902284 0.401813419952082
0.122748877446364 0.4669042425856 0.799005412630161 0.713255593592018 0.50933577448726 0.377322239735196 0.0436624748315341 0.430982225598763 0.191100742143967 0.324694764654911 0.0687127644722871 0.997819420981942 0.161740670972652 0.122326194684719 0.748839724175301 0.672488121076761 0.458682790824105 0.6643830750518 0.979636445970273 0.0136228003847084
0.443948770546585 0.687969060837533 0.646317172081449 0.784015750293715 0.631392765146583 0.215908193493088 0.193807737385829 0.912873835187604 0.946023813614319 0.44141334107945 0.781971607626081 0.983941789615863 0.342607986337664 0.222569236146895 0.888684228604313 0.910700103790303 0.571808119906637 0.524410011705955 0.0329673656460414 0.958281552295126
0.146956218738257 0.707745332985654 0.359050370334469 0.36085731920392 0.799528170579605 0.388866015198253 0.383098958660184 0.901900132254891 0.160528478658812 0.650928106736407 0.622589940988087 0.969886915508821 0.579329991703372 0.396560289872363 0.906839962395638 0.981168884658754 0.537986917965768 0.532516348511868 0.996621660755925 0.99091749454163
0.108583990617046 0.537900076201036 0.321136210152559 0.587020351139507 0.734703412815344 0.0854074762984644 0.0361202339084706 0.21500151299543 0.339138656139332 0.136118590644034 0.0338957580512054 0.118221200473629 0.126861085419783 0.117911435761568 0.696214004459194 0.954699974734466 0.186731316252022 0.584489959575953 0.0934355136903118 0.97694363829402
0.293086324349501 0.58428712528508 0.748203312620386 0.475107488931874 0.693724229985574 0.875419394494108 0.12205178620421 0.314097567910016 0.122195084565039 0.341572898667112 0.475167965179681 0.68678860278633 0.308382973498983 0.106870833205268 0.565912685908881 0.999475448675063 0.664264979213488 0.753444198235885 0.995984233970002 0.196673067489929
0.421605846776205 0.801891269082338 0.208337815873367 0.849011914936618 0.995873425829607 0.521963940588947 0.614166450367395 0.978269482547253 0.676748241627323 0.978541724497319 0.96190590835005 0.999336786653468 0.795176027904089 0.464740745860989 0.975149488647029 0.999980497015288 0.563277573990151 0.89746118187707 0.833692283529141 0.988447146007455
0.0802254065580057 0.616506020350731 0.220416412798368 0.698429693157298 0.174230548635803 0.163514432626949 0.0226234669865836 0.0399248708541386 0.0032627837463555 0.152621747745175 0.0931564602492342 0.679328942832516 0.0604157588805959 0.0420524354947867 0.681156698665957 0.0675372403305199 0.198688827253324 0.458210405165171 0.000475491042294095 0.976831406593167
0.100083534362937 0.620367806558848 0.17824331531839 0.739736252694725 0.672453386840099 0.265552483291493 0.190782525453969 0.512862820545769 0.793963333423971 0.225566820749527 0.85560089237527 0.365548720647081 0.0599278492955448 0.111133080019455 0.637905457411323 0.669496052999494 0.393521096000843 0.315743990990048 0.00153471222351528 7.42654431959261e-05
