0.518633846435911 0.727392608500739 0.906939292093121 0.584835870523017 0.804199130611754 0.496926577590823 0.212342328932321 0.386018782087888 0.985384063828581 0.627654883529653 0.734393162223786 0.999760621114837 0.529605675353416 0.353257803317547 0.830195547847724 0.871994112584432 0.512561813614762 0.750859847797028 0.798134711727286 0.00222019352844891
0.1685217913926 0.604261917241424 0.327502285391467 0.662205582873275 0.324521735943109 0.303273349182128 0.0345895848275472 0.372907638040353 0.602794811019529 0.193044408989608 0.0634746156324922 0.989211969962952 0.115594873888079 0.0780773367709564 0.607565174855168 0.287975732794419 0.275728819703413 0.407996559287823 0.109132829138729 2.18450072535062e-05
0.0245922707009007 0.381674996435547 0.0732899114579369 0.654458550316841 0.0355954334657333 0.0455150544606411 0.0399812449698316 0.03196076171056 0.015678765292614 0.0132324569959065 0.00996894733814904 0.332009401759503 0.032756827058794 0.0154695116285673 0.18590125547685 0.99138721408468 0.226850594225304 0.338564122535198 4.45219163487832e-05 0.331158412651307
0.608514026883189 0.654504158469707 0.487480337747579 0.792471954815663 0.970467067461063 0.422742642930765 0.141145380070359 0.59827522263181 0.99797313950393 0.934686683971385 0.794280125372356 0.992646447754277 0.656679364752332 0.313848095561068 0.953274549802623 0.998053451563532 0.822367559426392 0.603257988520655 0.823148023473434 0.936664102469036
0.0918422541236357 0.559489921058635 0.643643914549701 0.509996791409808 0.341253246317105 0.573774100095445 0.0168403906833311 0.896413891736893 0.190570322077594 0.803462976347207 0.960159539656008 0.808115920500809 0.725020906612166 0.183668268463474 0.947034664738305 0.881594464728808 0.588013326640917 0.618323135543611 0.939558604613789 0.00562620615655613
0.0398128162959254 0.372455819379037 0.183860261402926 0.532753004562739 0.0454400480194742 0.0995474122612487 0.0273409611184815 0.0291067197561009 0.0629982681369936 0.0108253024516836 0.0735150700749254 0.333993005878211 0.131788591510572 0.0298455206539233 0.234891158950594 0.883023186872021 0.399658264921613 0.215027446019805 0.000753718129062947 0.903160996373745
0.144350338471836 0.586626376128811 0.496376385648637 0.759828048969102 0.545504427367024 0.672222889984646 0.13387884115784 0.894582453725271 0.39305186747562 0.467796999753634 0.837651099597789 0.987363542508827 0.302099520415305 0.231605271211298 0.661049086826714 0.99685528339164 0.521413723331162 0.6081270021154 0.988689622052779 0.0376488848101666
0.729784857552247 0.848830871341814 0.524527655428302 0.495850779782016 0.743563357599166 0.616685311818976 0.436154484420473 0.987317434466424 0.450322401483558 0.984568773804238 0.908588648696106 0.730743844394971 0.668571410261577 0.314270885012646 0.873479472207649 0.999925933184698 0.700015930387041 0.71300956607552 0.277725041808088 3.84004767255106e-06
0.122613478019845 0.587608032043133 0.550732515529061 0.455733674737893 0.0621706063409773 0.937288786163687 0.0382101589551692 0.116806992757161 0.758929455345501 0.140572531956135 0.144605009792579 0.962350372786724 0.0588723595953997 0.0828790105622362 0.615030875972198 0.967870270496919 0.323745623399105 0.505930812996338 0.0974565262743133 0.00200837014491042
0.117330532982492 0.575222519168015 0.669951342060661 0.738087927221194 0.943504007007573 0.341193051899247 0.0142146283105367 0.0610351520478794 0.974928053159668 0.15735763948587 0.0731246777592745 0.992712220986523 0.322141305771246 0.116597364491249 0.670307451535901 0.932059474947999 0.56382073509591 0.658184457971664 0.707227802375319 0.000289029456888842
0.127088093887558 0.525071150710081 0.129541257697363 0.188981728112345 0.670377635053478 0.57761641367126 0.134230268423581 0.0402346684340316 0.102977442671893 0.115854320519518 0.717400557463855 0.939147773389756 0.445456603507286 0.0703097519856146 0.802137126782439 0.978881917979018 0.33779042726047 0.682254917814487 0.313685226946679 0.994159551051162
0.0548135663952482 0.458623025038288 0.147471722402032 0.49484184537944 0.261343203830519 0.10719876165034 0.0401272305640762 0.31460646499986 0.812763903875538 0.188172630261158 0.00506029709498384 0.62293342285814 0.0975647813771244 0.0439392639446619 0.227727681366872 0.975145466078017 0.414175041812044 0.604878974630961 0.000428107544527868 0.930310902925668
0.0734559560008694 0.526502916850475 0.679819213988498 0.548623211702065 0.248663393454677 0.298725422716447 0.0514293843604355 0.639440100336196 0.917465632309033 0.0506027324515434 0.199842544273291 0.774443489714504 0.0535122035944713 0.107066546128948 0.415703140192037 0.186016992372288 0.391463855100161 0.323811125925434 0.000226564055033919 1.04832439542083e-05
0.051084897259505 0.586733090651528 0.56990533774798 0.409277562705112 0.0463049020991771 0.143674700482503 0.0142543995130632 0.114865267417513 0.18802342660126 0.301765630060111 0.0999494280587782 0.71229149452788 0.116145354650105 0.0813557286562479 0.485489795418508 0.896397204760215 0.469789093078595 0.48906220530763 0.0890002240808621 0.604736467263326
0.0716587497929441 0.439808307515893 0.657521286629079 0.577950718418663 0.899936390657125 0.871558034382819 0.0301226914433132 0.0125956988996932 0.099872655703559 0.160066376460066 0.29005490232171 0.97902768164411 0.119379880676593 0.0868519929904693 0.346083044063678 0.959947324583127 0.421098221483719 0.758030697667129 0.120763729640601 0.577666697198625
0.454441011140512 0.726984097648692 0.866045765691004 0.803926100541671 0.996277661676109 0.756761174676358 0.15168288097828 0.975892274925501 0.327532486212174 0.872004565384915 0.811604244792701 0.997217287201984 0.672632970808078 0.230481183436644 0.701681954101295 0.984525287513132 0.711567659514842 0.708265575354974 0.57825583298894 0.999995947083532
0.222458333006553 0.496847037503107 0.423530283778988 0.642754161873985 0.616072831403799 0.437609054436832 0.0242424174820504 0.0165684801614092 0.775597869263504 0.0784580352121103 0.0967249289661738 0.98165536082494 0.107513912854768 0.0560494187384538 0.789593298079693 0.270828847882947 0.653216285296538 0.471673430650527 0.00489232274109579 0.500622191141842
0.444097369051693 0.669485786209445 0.693920302675342 0.885385718853741 0.986024408668861 0.49524495027391 0.534487041854514 0.898534335416227 0.858849923617898 0.905540992691437 0.893880778068001 0.998763488037133 0.35895279182284 0.320461179357177 0.920554277172317 0.999878902526307 0.564005872203705 0.63763438558741 0.771881901111922 0.994804507361258
0.379279042900654 0.651833020903146 0.538875275351795 0.589520886739876 0.91584911107624 0.582083455269909 0.423212940292958 0.890452215085186 0.893485751395498 0.643258983733491 0.579246547463024 0.978935941161571 0.509071811963003 0.224286550612398 0.82146143709522 0.97962776287511 0.739298374359415 0.740955847586137 0.872582100844952 0.116693076331682
0.178419022786322 0.622095004668524 0.195385688225485 0.859653350998671 0.282379434791667 0.288034583037196 0.0945289713047453 0.935430066224841 0.480115494393851 0.236057991356452 0.771454743773249 0.965656300442262 0.201037279720096 0.18219785827266 0.771633032809168 0.949991124042371 0.321799256160284 0.64067153712374 0.448353687840806 0.955024528209537
0.441803093416387 0.710361900224275 0.399822835947939 0.696600336781238 0.93657503464927 0.620247588606224 0.488694829337981 0.694300297137561 0.993936969353193 0.722719382840704 0.746256234634494 0.999291356058496 0.729942415731676 0.352853528927613 0.938678341646042 0.999293578680372 0.654636889105094 0.627496007379314 0.366579924114161 0.997124450302464
0.0952380271881043 0.54972666757877 0.20942095300328 0.614576574254519 0.146976765653862 0.159274898557386 0.036041225444721 0.203130464231694 0.723567384746537 0.102904399680811 0.0604453003882793 0.991009410018434 0.0894743458963711 0.0362418153623445 0.76907168946994 0.660957195572184 0.615414563503008 0.599335424973896 0.130098960087054 0.00505464952943614
0.0790664624370866 0.510606305610929 0.637254080928618 0.64611789512443 0.0479862352190634 0.509392983129419 0.0335156645575167 0.0746389573227276 0.0892414079324788 0.0537930397825336 0.00839454493375537 0.606040634151211 0.0629591097734418 0.0527570800857203 0.190956178577957 0.93907126733174 0.262419464096562 0.390217500221501 0.00185425812505706 0.803604905772306
0.232207277960299 0.72756587781696 0.413836627022788 0.736983447610064 0.921491269106709 0.256044026965506 0.307916479143937 0.473219097783175 0.879199341936793 0.848613819236006 0.414720775188488 0.99252114280801 0.367064491546095 0.152510092134774 0.605860738987283 0.986791124725723 0.347322073187455 0.566367714273817 0.768557025361034 0.999902121687154
0.208407282072817 0.677991268518239 0.767750205480021 0.740145499603853 0.934473735345795 0.749630511187704 0.503215315731543 0.932620410462715 0.302297899050676 0.815972251574566 0.87069737743824 0.911988761438682 0.487873750783255 0.403749535123489 0.858169229064335 0.996617995830568 0.825212835273946 0.481578425036439 0.424219465176975 0.39522741585164
0.200902564087878 0.417731590323268 0.603181667686326 0.731567873785419 0.176583029017262 0.307882305661076 0.217568633887495 0.123555439491094 0.047814458729948 0.123292689702409 0.0755155082356795 0.969472589950515 0.0940141617621817 0.0604982822892885 0.526483736088843 0.991343917770786 0.387638801027512 0.691533069252793 0.0644682443177217 0.997307982790108
0.867187734068592 0.795754993578148 0.96290998809777 0.885470302873742 0.999715995768899 0.266859591259656 0.856178317060317 0.999841780034683 0.951633563202015 0.99772550586092 0.996120491500631 0.998306805975097 0.780669901368131 0.686290279430019 0.968415686614113 0.994454156288803 0.883380851412205 0.963705467447019 0.99522335279328 0.999982627727636
0.0819652316137573 0.522165829687679 0.135128513137898 0.607706447049639 0.605480188359767 0.251942588996608 0.118187210353904 0.273223087578867 0.488235211738905 0.173637970342422 0.0230083001435233 0.987578207865343 0.178373158863874 0.0471482208210893 0.633764929224513 0.70568557470895 0.43181543321009 0.336817689909122 0.0589183162971566 0.998399450562862
0.691227829854528 0.77807753504203 0.924319852281429 0.665313224955205 0.993993385878133 0.603603933967553 0.744363182646878 0.976858998376797 0.926221074480116 0.984110363786206 0.983548733071412 0.997348765762585 0.59074018308623 0.554748064062963 0.952168864239923 0.999954755379218 0.480528775511899 0.849645141208702 0.0191988489701472 0.98083962489734
0.136601833367169 0.578392821734673 0.371628697803907 0.383296642186308 0.0242401504508243 0.572087405324606 0.0465563622351055 0.649154188232948 0.104027737282851 0.110111906110435 0.339474120987813 0.442460367749777 0.150678194272623 0.0673757443966765 0.275621919163703 0.109313082072077 0.578135621975603 0.539585276958107 0.56244022113665 0.940372427963965
0.034621901272842 0.344022769561115 0.335662735058648 0.585686339466956 0.00207910361017807 0.19200889628937 0.00504011445052482 0.0113962023115764 0.0353391821524493 0.0349850256903589 0.00401552768147435 0.608811428590723 0.0924423926869512 0.00962099308036042 0.142153511600852 0.038072963544056 0.182427733825957 0.254617690538007 0.95700107268158 0.000679845713277838
0.00881803205396889 0.215575073917011 0.0173389150056253 0.453598061610306 0.00153347191871536 0.482746616218215 0.0234721549715873 0.0139799150619833 0.0955721743678038 0.00157399441537617 0.00120975471537951 0.495458193695694 0.00277328555342114 0.0146163349549898 0.0429954992775981 0.631158803884492 0.178359418979337 0.174981486733154 0.0126895651775115 0.000387283864402194
0.322909117769413 0.701012908284805 0.777713645078616 0.75928595016162 0.976663394675172 0.243393283134716 0.785797616030089 0.847832600312091 0.440176643101055 0.748970226367465 0.633046500101382 0.851656357616964 0.383251183480344 0.216670454372782 0.685412988962532 0.986631618025998 0.6738229139745 0.56870622433978 0.26450639997234 0.950722371419322
0.0431234604401106 0.47155845885756 0.398546493644843 0.80412111119332 0.0308577028898004 0.134569945507479 0.196964079220108 0.080697353138496 0.0144382347566793 0.0227232087692037 0.0359759991194766 0.931603250793491 0.0918495219878044 0.051004672971576 0.132800089537466 0.0201528073532048 0.373802278337679 0.317525594562386 7.54477541525387e-05 0.996323755127453
0.0337726466420377 0.321623248472137 0.158923763086867 0.393849191064175 0.0709316242136774 0.222990788992558 0.0251185288512768 0.0196490951433572 0.476832967646338 0.0112224738658104 0.0126885571154709 0.817950055456304 0.0321329469522065 0.0196002468985715 0.138377564608552 0.00312554374091783 0.188913052982904 0.266015064372061 0.000921607498743661 0.730602087266414
0.117397921637796 0.594581296697262 0.585905417506706 0.55687229840768 0.841845779609203 0.536112266761548 0.0786166203250522 0.146158083046946 0.765989388159002 0.20610506019023 0.947004976564814 0.65848790409872 0.142503494698308 0.0897573755701885 0.957218204807346 0.969984035580954 0.386698659646306 0.52324121995943 0.420614250027102 1.29926972726127e-05
0.335172681542183 0.563161524827932 0.780393489202017 0.882685401572784 0.690112629204076 0.192187374777476 0.0342232434886527 0.767182198010891 0.320897406418479 0.374069849237105 0.401535257056834 0.994483122130693 0.356354668468976 0.215210655633832 0.785726160464905 0.984511882317414 0.506963146331708 0.656371088071784 0.00115014184233296 0.966644938995657
0.315135852302729 0.67675377113364 0.899361088851283 0.758622311666331 0.985997214376483 0.266868223735047 0.494974365108496 0.979772919249544 0.880726686675459 0.779544082359079 0.944691656584898 0.998003017140743 0.586304069701571 0.283525064322571 0.843702490116296 0.999052522775991 0.434938838890081 0.478265829349528 0.999828533172395 0.999999
0.0567173344439458 0.423904889563589 0.453526699325847 0.504402638670064 0.0114603145588462 0.162321084346823 0.167216570741593 0.172950366529543 0.0794041939019114 0.0219562419583493 0.0146973439149039 0.715723941418673 0.0553501940958868 0.0293303953549618 0.260861221966509 0.103986430255899 0.398002356038336 0.610501238435829 4.52234848198997e-06 0.00106332456836861
0.187268423163819 0.496373963204863 0.397716488415543 0.614274187890295 0.187867991163852 0.391774180064351 0.0786493970311758 0.495503374010153 0.0637467118779223 0.396029154124181 0.191022599905203 0.980273366213977 0.249608128401273 0.0913909750266048 0.505436187914407 0.894574185240065 0.450944549409039 0.582163951724154 0.00487693364366506 0.00466399423012361
0.580328892413007 0.766905962760147 0.737085257710016 0.798471977590093 0.980364620811783 0.90659965268068 0.728650141135941 0.995870123460952 0.972501598409514 0.931023431402115 0.718154562952512 0.972324746876274 0.799567981552855 0.398584761183413 0.849653710478057 0.999928349826693 0.815637496417544 0.617200081913539 0.999626054540195 0.996401001685474
0.0378554265210078 0.471265272427293 0.21203502798436 0.509562320332195 0.0216395510630437 0.495279508607 0.0263615102772378 0.0991796670648496 0.0361195640173395 0.0293340944951793 0.0345560788650714 0.0163727259663746 0.0569087172184933 0.0497607166012972 0.265838071442284 0.536529827246948 0.442006777126951 0.420156280033009 0.000262788949170794 2.94384560341218e-06
0.304907503242642 0.676336443638888 0.308064902001558 0.546507849185722 0.936792514599223 0.0421526970772764 0.161107976739419 0.86780216803046 0.758233428900562 0.627956970922103 0.598823360885292 0.990173654863703 0.548292483308296 0.176498071327516 0.921658292691076 0.996204515508911 0.586041023466497 0.592528081399828 0.0304378420048706 0.976011101093553
0.18765054957525 0.644370043733886 0.462587365227643 0.555947032205781 0.55485813936663 0.866500583697884 0.133016551213525 0.227354579759715 0.176650136688943 0.581039263854736 0.27000340853696 0.939505473947728 0.258610031860923 0.0995228091708089 0.515256129571883 0.796431968058766 0.528512739974799 0.562807011419603 0.0022324769929643 0.972066522559172
0.212635606400604 0.701712544883745 0.778431167303601 0.49008897895554 0.378969667602197 0.682394839157201 0.209541753662984 0.483809458896429 0.86814947039352 0.04547778726226 0.0921836531982421 0.98982036879462 0.0785900958194427 0.116852491009911 0.469189767992287 0.987098130229687 0.451346387537835 0.273793810352356 0.00486035213684339 0.00947086867739425
0.557372371367539 0.670822813279955 0.805883392713619 0.653360658662788 0.998774999148667 0.514761288749653 0.555089682800517 0.986657090402909 0.843192476118928 0.908797767399829 0.860012877298459 0.957057261783613 0.707258011366538 0.41148276294246 0.768774206775806 0.998927710853072 0.841477617418185 0.789989470573495 0.512263450671957 0.999952512221179
0.372010816410551 0.490834322752075 0.195847813406638 0.437815040329048 0.976423470790273 0.52067489678135 0.228299779292327 0.625101070854289 0.625937528407717 0.63502386496833 0.681450310444143 0.995667879055037 0.22697697207079 0.13801017986986 0.479584498498939 0.996682813839072 0.500027011553316 0.755596967071408 0.99937060590105 0.188920903956381
0.045182782292761 0.352266393946901 0.144778290014453 0.500182102607392 0.155119604935387 0.186130437723839 0.0210609321645347 0.0164949358356903 0.00113282549582574 0.00834138085331264 0.00094145342201073 0.523134365105818 0.0110017334601114 0.0229854116556125 0.262817057601421 0.00497865108575357 0.367541403999161 0.227372334716261 0.0111151371977804 0.0106254539587048
0.220659097446277 0.593715152380171 0.369040597612921 0.619496750809639 0.687322872730084 0.198571250622167 0.0596622918146389 0.740523598982041 0.319818224232406 0.206706311279992 0.0620218331157493 0.999746725158868 0.24792070475815 0.147334466011565 0.726502406628031 0.338166502864893 0.42077880839686 0.53610830592883 0.00190971477234973 0.990716701424218
0.125211141726361 0.660941813079196 0.617801172425525 0.357739389344547 0.94180858543035 0.31705988109517 0.456297869553865 0.970303498252955 0.172149565814443 0.778253040744637 0.322577171629873 0.439755331042658 0.519452188687095 0.304245499724011 0.658909232540483 0.999770631396537 0.669268074124071 0.791814657164433 0.000713188610587447 0.931801347037394
0.143809127690272 0.635392355606027 0.517419533327376 0.686479870907516 0.290492442763895 0.425133416158668 0.230250038496804 0.361010896594612 0.836924449832797 0.368901739453345 0.72163027396205 0.960551773442818 0.206150043947654 0.0953324186708564 0.743140341408231 0.985138826015577 0.795653419550788 0.749077350269955 0.146711081857305 0.00343620682466158
0.23517037581343 0.589147307271981 0.155125810088039 0.69350731407415 0.185029567981571 0.338969830359526 0.20196509378225 0.78553262127199 0.934490491954855 0.388644034009592 0.58337678715412 0.998741722985665 0.333715881749323 0.237414598917887 0.38854513751466 0.893119276905836 0.473407227725086 0.563477721747408 0.999115328218278 0.996657695084122
0.060285693776479 0.443037479076993 0.305473653952833 0.468497312916478 0.0288261714140177 0.492181344380798 0.0105427900193748 0.0786505792448227 0.570860793307247 0.0261205680656963 0.0671039096612223 0.992530094968953 0.0593780440424499 0.0542340080365273 0.357372843481648 0.583918710083092 0.261576478730255 0.53253255150461 0.059372098111137 0.729445953024589
0.0857902563523864 0.580417814522689 0.119879625405139 0.59504978699033 0.117423420121714 0.192893649407159 0.0128630184854413 0.11764476241267 0.0825743903738518 0.320194779367137 0.38125185413893 0.995034978737015 0.183388628960912 0.0450398567683833 0.221688112382239 0.674245116550065 0.325781209132868 0.389123304253108 0.00445329109716408 0.911885144553152
0.0239674286554705 0.359434684849913 0.285702328930943 0.586191450145236 0.0105583573442154 0.185919014102409 0.00314173987495628 0.0070877358259007 0.0109923095747981 0.00438777626694045 0.000287979406854402 0.424498492480722 0.0272879773857693 0.0109751294196769 0.217275508821013 0.000156272841912803 0.0658465644223304 0.252358165772367 1.11089385014209e-05 8.55380218723073e-06
0.347539054815603 0.614147678960351 0.906844472456553 0.785831694454469 0.839499913094534 0.364278262360898 0.131206673858467 0.964563330096086 0.643692682753882 0.814842739077479 0.299843656364197 0.987873718454671 0.408961240169905 0.0871918616101379 0.739622295736483 0.998975369698541 0.593329880505321 0.704726330522494 0.0609903811845063 0.998253730151676
0.197480110351215 0.780756022954521 0.632597909747025 0.477626299559765 0.852931721392297 0.723529982564198 0.0997332224728977 0.206165995439463 0.901844314851418 0.631781859248267 0.857670967970723 0.963271170501138 0.340200290278111 0.209475951676612 0.8997095325847 0.724738231056942 0.523123551837005 0.558807834202775 0.748892659467447 0.0370179598312613
0.0612855896992798 0.320160109863661 0.0692253077360859 0.702300428782448 0.0690963451413008 0.159051711454548 0.0495499787035986 0.0162956735386283 0.0463690120821997 0.0565703928967146 0.206807798935412 0.841087967259422 0.0278805225401452 0.0300186717966139 0.293286357115777 0.983280347700553 0.559784039443504 0.3545549163242 3.08807418827635e-05 0.262334527885097
0.0911908774233118 0.455249108296088 0.449969303567992 0.694073795794287 0.422626924955626 0.282562412799925 0.0577200669263667 0.00692732930728836 0.296028465771976 0.112039653198853 0.0376303566940702 0.958421321419969 0.143634858852695 0.0352660719167076 0.670719834899776 0.362759467388783 0.275626829733138 0.315987754615881 0.00273988734776263 1e-06
0.490934630943599 0.700363442880172 0.810004798417986 0.596294628187319 0.963666817256907 0.425541233704248 0.8448861754729 0.975158474175201 0.963248053481003 0.965675589172483 0.918683682907455 0.99976687677167 0.751630882646022 0.331329709015612 0.857272636625392 0.990491269519749 0.444929109022982 0.757484005722193 0.999031635741893 0.411818258784228
0.0697152177410859 0.410008943838648 0.317511349828554 0.757299128653553 0.374543066986516 0.276730472830692 0.109606687538403 0.0975910166882269 0.183498632523188 0.0496220564357601 0.417716589519045 0.970028404692484 0.125115892702648 0.0531257564276097 0.526684677794223 0.762819060540858 0.254358190272946 0.279253280835785 0.0143466063612125 0.900271323012573
0.113664079444039 0.615820911137262 0.261340933077319 0.714450747427134 0.331700029605537 0.243169014608389 0.101272408117798 0.0243883505445862 0.472745429985013 0.121391120402243 0.0198233392398352 0.907908282101606 0.235316830921762 0.0422327274074318 0.253649292740937 0.944292118033497 0.266555432354141 0.468772955494378 0.515145111494005 0.998627816792565
0.329578529429014 0.642872364674836 0.0890977378483288 0.64940729557935 0.729389058350162 0.209460660228872 0.0526915273115077 0.28695777617898 0.876950802892178 0.51920740227212 0.481452895944057 0.66052197992605 0.175387451586384 0.0542262560783522 0.610455592698855 0.841710382851944 0.54145416492941 0.417999530266299 0.0488346890227515 0.992497651326387
0.0758349393984087 0.56850809611606 0.248056811323228 0.369610779326145 0.61526350208909 0.461270398528252 0.339611331826158 0.628224665108629 0.142537279498889 0.187984953423358 0.256202659013232 0.473298173723558 0.0889898395423939 0.0746618600500445 0.409091512679059 0.969539388120116 0.478907666389324 0.448133753689717 0.020112424335294 0.999987329116504
0.124053484159355 0.367053400298067 0.114624808043666 0.528187086606026 0.485963324864992 0.367612824544653 0.0908402583900801 0.0523380529444759 0.149157740281781 0.304251137781288 0.0343633562228631 0.984987823367063 0.0602713713757297 0.0908637355742619 0.470047993798673 0.741739422476868 0.335133461002968 0.454558220393632 0.653749736922377 1e-06
0.115565124366741 0.554014877356221 0.197511324382334 0.477664308020015 0.0596912509948857 0.598629967898888 0.039781458694536 0.290474493966879 0.260127008793543 0.295735459886175 0.686141587514439 0.849630049662834 0.115798270078014 0.0856780617440071 0.177607744226707 0.244298836946318 0.470512664574304 0.496235355013617 0.0296851647409708 0.00312174796037399
0.0581344817754746 0.469439393241841 0.789643814795115 0.41948909839196 0.946197353288838 0.212531426858624 0.212942964676355 0.190274350725731 0.915205569618726 0.402248131854431 0.532453267335545 0.862540336401024 0.0581427653371897 0.135403837200164 0.596473794020717 0.24478265474036 0.3144704109663 0.58354616346847 0.0285469429016027 3.24639901498379e-05
0.544753501658707 0.84821149659097 0.780564898255576 0.771741048965475 0.996522867586326 0.627863945818647 0.467170206716114 0.972727860463771 0.321229293932183 0.829449323124354 0.855474845985015 0.999503523904723 0.458013584998422 0.241764985436333 0.964672239887133 0.999987922590521 0.624382071649792 0.731109027519654 0.789122619531223 0.983650323299493
0.0107242046377743 0.48955495774182 0.108885032411069 0.640395365176631 0.0783295987336662 0.122700614290241 0.0112847574029175 0.00939562631968736 0.0354842063067114 0.0355930094111764 0.00548473788938288 0.984026952850405 0.0365101678386961 0.0307652573291989 0.383078824800706 0.00826773208503596 0.698737663159359 0.321804396863254 0.00597937846794394 1.35997978198388e-05
0.156408533648664 0.516993027040006 0.724841062882521 0.664391602832606 0.166747566001663 0.23079272114892 0.0583307496991096 0.220886594764916 0.732274289741715 0.292406854712901 0.30327169988507 0.997474919936701 0.40596417927573 0.184463364677031 0.680985806810008 0.887764331094886 0.525859863740783 0.275679356271799 0.00405479936003011 3.84893770142901e-06
0.0377299945886969 0.492253323905502 0.123987750501379 0.808697537174512 0.771381033875925 0.341979163515847 0.0103913368809294 0.249029840052677 0.898812805560346 0.231989925923385 0.219547701712236 0.986736474744204 0.148579822648146 0.0682997064133211 0.198334103474629 0.54203077215191 0.400103839091199 0.776793711778573 3.42796594756844e-05 0.62454353668231
0.130959173248906 0.55090603259932 0.197671699908488 0.805423253732917 0.404601606177456 0.0835167880096188 0.366647857686796 0.252642322825073 0.0560477959441685 0.385857164585288 0.472230151854107 0.985429898919567 0.157669652128257 0.0592773748300267 0.829208904482166 0.422053830325569 0.422434436432974 0.362980554258571 0.0741435562473802 1e-06
0.0914132775140816 0.549712489291527 0.313840169562799 0.80307891654428 0.527861498235759 0.283879847641214 0.042771564775602 0.0300631775278249 0.388712904691539 0.446605916678203 0.0623369851226893 0.574759312237828 0.140510926903133 0.085411207797643 0.832286672636384 0.292482685158202 0.210558159652342 0.616974138259527 0.0103344207312701 0.998985227841077
0.0524561733681235 0.548146469543629 0.279900825652395 0.436519399861175 0.528524838873491 0.347717846904613 0.0860477840172009 0.146528664742388 0.0783947799158432 0.27984441619284 0.155543470559967 0.616333599330935 0.16960264119809 0.0401819429633048 0.416136769819283 0.786103408487329 0.187753624679361 0.243101454677568 0.122748040759633 0.00676074282251239
0.278086530647746 0.556531469536953 0.586304712963888 0.432508539750308 0.9861138868804 0.55497928223157 0.290857342926241 0.164406643941022 0.984119272172932 0.692713154965813 0.416832858336785 0.975430262823195 0.24027178409186 0.200671135526833 0.599308792273424 0.802015967682029 0.600657454718527 0.636841435376462 0.00252537513979412 0.0019505478789106
0.397279530438171 0.716771677370161 0.91942308121432 0.797072205767844 0.915850765885752 0.586618886726281 0.640170071914704 0.924791745982798 0.987039660539734 0.830977502132891 0.921025548898447 0.996035511624509 0.377501756484072 0.181493091754545 0.835152759844751 0.99215540154387 0.60250639962226 0.594027196266671 0.995329911615531 0.0131385378676051
0.021152603194498 0.370958275509351 0.145451493000917 0.291592103676356 0.0136536366923791 0.203455293989647 0.0211889132740877 0.0426849844276763 0.405492620382278 0.103037559858264 0.0830131875511452 0.547803341048978 0.0298599773266216 0.0154228109220598 0.328950091398933 0.018811382236894 0.178954907184114 0.632962870705477 0.00301110565213377 0.00152657638125202
0.0371754642752301 0.455111235342494 0.28125332505004 0.475095929490624 0.118314928662238 0.410711717091783 0.0989705432034355 0.00487627076555407 0.848985548935297 0.0693957881817124 0.0389052491197016 0.887516804676478 0.0138261305204282 0.0331616289851714 0.883627619161057 0.97526544643576 0.480163633354198 0.618505971337523 0.0256970018778914 0.333100361287573
0.264955432809481 0.532751014893459 0.559274752532042 0.463772067596852 0.631608789163879 0.203504487950078 0.0684188052080282 0.796135600163876 0.355129851608742 0.728419565830567 0.471886587623281 0.83050839240415 0.471540145755091 0.270915747403189 0.783260403668883 0.360743880697375 0.535056872109481 0.80350200176365 0.00617108828198967 0.999297639310977
0.0382019765756356 0.337992753502591 0.078808799486014 0.686164111886067 0.0270803416709909 0.328738850253221 0.0130307194229013 0.142428178862751 0.0344587869772624 0.0295650991620182 0.00869655448390767 0.974963554600647 0.0601528793737164 0.0231347975898741 0.188195887175819 0.0146120728449958 0.406383008624998 0.622677405877861 0.000247719150290437 0.989961797169267
0.0901186135336429 0.629931783908149 0.454300889413347 0.451669138540192 0.734210534630437 0.521726138930194 0.026130934450083 0.364626929622565 0.90768131747996 0.364942900574283 0.0674770236478402 0.897328121539112 0.176587587990563 0.0631167191864572 0.646858263667833 0.945780354974803 0.544228331776355 0.463823209935702 0.934072003525775 0.000221127595165902
0.0923981916760079 0.494297276116366 0.20933799802761 0.755570993680506 0.0497599628375105 0.377781355919588 0.0357366234741301 0.24861124058289 0.331764545750151 0.0697013451117611 0.243561250720548 0.258495779836502 0.0842267509886454 0.183497618545679 0.150384191846936 0.991930776757147 0.4053557046049 0.366028750838241 0.724089621279836 0.00711897665454083
0.0993222338596302 0.531873963804955 0.263147624895986 0.619350915866043 0.64287913543306 0.332949666193551 0.107656875159883 0.0776566676917423 0.907392438726578 0.0989091069183222 0.211210581468403 0.95911812072996 0.153246201612676 0.135358636659666 0.52683052399877 0.193366928158062 0.336717496712965 0.160627744927511 0.959141897465659 0.259195715213748
0.415658437889821 0.605824910937037 0.629005168924292 0.440727523811416 0.256264711736507 0.10935224128165 0.319149472420601 0.677922687094408 0.0623288569123023 0.669385303048593 0.564097682225095 0.501392938174439 0.304119038623021 0.0818166490132919 0.837361468555784 0.997073456323726 0.587042334279086 0.767256675230882 0.818695751901588 0.91191158918993
0.136065635883536 0.487254008124542 0.471482528542422 0.57148754858268 0.418339309937892 0.187772158249628 0.0390297012913694 0.113169737383113 0.0184623542959124 0.1076167908437 0.0112878469680093 0.875218910629962 0.0506788557659561 0.0761059376966782 0.381050116726203 0.176556312202854 0.261093408829992 0.30919915679479 0.00175548690275895 0.147078619945125
0.109487480349443 0.516437295109046 0.379855327289809 0.684542802448038 0.602491287663949 0.224492799338842 0.153194057584555 0.0406796913307701 0.0820493864098532 0.104672239345826 0.0298602679054275 0.979089945320675 0.07433881969831 0.0281694567124132 0.397185287779544 0.697193708165618 0.493283316186822 0.205900702531396 0.994486903921644 1e-06
0.528049333840176 0.73438389489719 0.425274320281583 0.706004815422762 0.943086802289473 0.716207945388665 0.284597948293314 0.810956148445479 0.218816298011375 0.907010490977521 0.656977530553992 0.998946746153646 0.279035090134271 0.169658883349923 0.926470795066656 0.999141538549237 0.77948278342564 0.696377520679107 0.0528584369332121 0.499338544900005
0.620972445448852 0.683955144664334 0.777338294333427 0.764656858661483 0.981726872489402 0.5450356003327 0.533123059160928 0.987747964679605 0.987307165123851 0.919119023866026 0.90521213780932 0.992739456453264 0.486215951966255 0.289075751708576 0.968486006289874 0.950931582865236 0.416974843760115 0.704952457982246 0.937337213257144 0.996072227411211
0.0874992500838978 0.539891235737722 0.432214935536138 0.686813939952021 0.195601909357406 0.479675526909276 0.342151627659336 0.306318592033492 0.619530369945535 0.028363786378863 0.197476588381449 0.842111239300707 0.102716139877655 0.0519367560091862 0.549805075358781 0.0715624958323751 0.563663213542494 0.273912181931494 1.35008047159326e-05 0.0165308010727495
0.128010439736493 0.502512962484295 0.40688182147825 0.851357037106089 0.602426490481723 0.708153965895361 0.220077586695413 0.476653810089679 0.369569963429794 0.0802051844190705 0.228333268752002 0.881100496994089 0.349144089736104 0.0864315660495059 0.705173592539107 0.993076039346143 0.448052836221921 0.5421784237813 0.989374241225008 8.11417436775793e-05
0.347300365385658 0.685823801871028 0.508431040906404 0.743159656617298 0.604761616468596 0.328252497084462 0.114931862681073 0.226426256354611 0.67822398132267 0.425756155989095 0.219705403098006 0.744416975092882 0.434625237478375 0.333921424940248 0.723378591712692 0.641382917834442 0.484078378889113 0.544586663023583 0.899735935137435 0.990504932018328
0.878253985407952 0.857515079062013 0.950361352925515 0.729066724418751 0.998516967796698 0.33499508039917 0.450976778027863 0.995950926145812 0.994386249829417 0.967217965385794 0.99611077354864 0.982539421873277 0.865891380225426 0.756751679404975 0.88609631417576 0.999698253429555 0.876446809824273 0.829056532950949 0.266033410793648 0.999999
0.403853517460015 0.562301977929633 0.771591800034735 0.86213198820645 0.89617697431564 0.216162292472539 0.213221802089831 0.28661305781678 0.335333271841727 0.270089013396031 0.850019131330695 0.99971162982983 0.497321962214174 0.105911162826993 0.897414116003794 0.985094506771657 0.837539361472893 0.404997966175372 0.907133684023441 0.982764387348399
0.501693323516083 0.590400921330848 0.851184176316958 0.598696102308726 0.740831935667956 0.294863164991377 0.150521280069301 0.960255008496709 0.882006710727625 0.569331024843951 0.559143859424966 0.995860567083095 0.386326342284714 0.0591496201240832 0.872141535940466 0.956318673735982 0.344254721618514 0.65767285162272 0.999240416502778 0.971781648771278
0.114541516178723 0.529613984623948 0.545551644366079 0.558208563733149 0.0471700568257731 0.303073347581057 0.167806407527917 0.352833634444162 0.12480318646122 0.112526789410971 0.380989271113458 0.867245816328529 0.0843451479914811 0.0693473316533567 0.448943888535768 0.99074917296017 0.424977278607412 0.210208957672627 0.173260812098825 0.262679250362919
0.222761343247566 0.682026412412833 0.372243842892801 0.565885761435023 0.920148794169348 0.344575944984326 0.514571637203347 0.947062681538838 0.770248208755905 0.930582688246705 0.950145220907093 0.998459184346199 0.302176910168515 0.361510333597096 0.838382835738283 0.995305757438283 0.438531395252098 0.622375004124292 0.114530096772863 0.949511115617977
0.0518616681243774 0.433602086444841 0.679392924373179 0.342224803358418 0.216347141644292 0.451880628784002 0.0242604490936451 0.0838891344370549 0.00651146555397171 0.0333599568454153 0.0460624926306638 0.963366399262208 0.124761243439934 0.035777587368722 0.676880199255339 0.395118686801308 0.413728158436378 0.311042324046804 0.0787176402709365 0.000919533479992075
0.0891715155873671 0.625813657436035 0.561708910159543 0.53690102537376 0.539156689318627 0.0929558072122887 0.0673170518939123 0.168637325702044 0.914498551997863 0.061496136313106 0.260630145258871 0.962921944441167 0.111546529291798 0.101948831010076 0.367143933372452 0.996510973067856 0.653031562470195 0.426375847310175 0.0202750163451967 2.23444355778538e-05
0.0340414017622538 0.355233755152156 0.252344745828142 0.573146916717755 0.0307371509629792 0.429829994961765 0.00503579202909054 0.00203475339630476 0.355048641225195 0.0133910973301323 0.00523790025649386 0.204585608505555 0.0177652586718757 0.0225296909304599 0.13222616561954 0.700302851177854 0.118400769822879 0.193889368754697 0.00141935777162842 0.013165948248515
0.104985458139095 0.400261836380053 0.347336153290078 0.770848881173326 0.420530662219411 0.49511744934898 0.0464371417406314 0.0532716583416523 0.0402751355607579 0.0304342444326885 0.0100279291190024 0.970145700630762 0.026659479343291 0.0162982298689471 0.76476433831818 0.00588755196579679 0.391273087275083 0.0982111108882132 0.0258071781989613 0.235586155557459
0.680514837309958 0.792442992571102 0.938903613770874 0.792249304964399 0.987698756131288 0.196255004424255 0.605598067188272 0.803716959752314 0.998199029407003 0.964390628517929 0.868710475645132 0.997281598987145 0.901363764745909 0.599292889271704 0.827279283040565 0.999888647988759 0.757162173476833 0.797356493096036 0.99989208508102 0.815389178898197
0.0695304435019592 0.406829401872225 0.149061200863635 0.524523826278425 0.0163687584093881 0.268410412592138 0.144449617413888 0.219709181609936 0.629393159300365 0.125028737217235 0.0546148950630618 0.0482342043954077 0.0485835900510227 0.0344040586035854 0.226272458289892 0.00144718771815362 0.476842334196796 0.355553272032014 0.47391490907003 4.73934718233804e-05
0.487553497289097 0.810458293561964 0.882725441032241 0.775445228319 0.968907460889746 0.691844602626904 0.567087725913492 0.987707702363003 0.992982409223146 0.912537679196406 0.995407109634777 0.991242710298244 0.487155182145095 0.367902649741996 0.835951828394157 0.933992265705542 0.685187182349364 0.806894034223792 0.0771940368475348 0.782767464685556
0.188664359353748 0.61448050481043 0.295757661960404 0.740604810619892 0.395618438252284 0.45229286715004 0.374439237683483 0.0159531336220072 0.346601328888262 0.554132642759426 0.636345291997459 0.976701430302421 0.228848933358736 0.147494810912351 0.564499603189106 0.992547810499418 0.455325824442372 0.678028797089739 0.999738349650494 0.997239115552745
0.0612220272614384 0.439339889629018 0.155460769594467 0.673819635893018 0.155924068989103 0.0208754610351436 0.00969473784036317 0.147553259446277 0.0835721397044298 0.151780300267938 0.0122116658008691 0.965769027081261 0.0969369927769022 0.035152574144088 0.336616551867369 0.993350118173942 0.430157090873477 0.27191407027863 0.000551709168078904 0.0202760675792441
0.0363575321369075 0.441816860679546 0.062451107852798 0.651897943739209 0.0641927955129738 0.0880243100317228 0.0166699566634663 0.0325563204981974 0.0249274792458962 0.00836140869620548 0.0117007660514778 0.107233583182695 0.018039624171925 0.0111247809860505 0.632844201070393 0.0807524363792442 0.0934747332944032 0.58064362957946 0.0726565600507953 8.05080537988247e-05
0.249429502728779 0.640431775179908 0.339331266264242 0.620768478662299 0.689543475777442 0.278154868560556 0.208686670832308 0.309587031793554 0.982449471955969 0.549023171660743 0.314134108065244 0.107252860419153 0.225095065803056 0.100759781379994 0.645200704374016 0.999369899830199 0.746163733349396 0.830171118197837 0.0752424119325394 0.999599394079359
0.15078944794729 0.57784727533253 0.519705762715513 0.827407786925557 0.952418263953383 0.710093813308381 0.339123356006542 0.793639979621591 0.700289911137843 0.804170422367067 0.779374209913431 0.994245993519585 0.427012507256075 0.402356827529064 0.612779922255314 0.957245034710135 0.570797154504953 0.45987055147891 0.948568181452349 0.999981147086976
0.371007069523895 0.785120810400775 0.244078037808109 0.714619478129059 0.322739688126041 0.358195559095063 0.272503010734335 0.587803815354212 0.450268510585554 0.649955113186315 0.902236690505453 0.940069076833159 0.268170924340806 0.253051824403592 0.639099757084666 0.990592252894511 0.565891341499146 0.266435470448308 0.0405235322452414 3.77121180090818e-06
0.330465138902764 0.722920975363017 0.547136769140885 0.720838428525904 0.903142773566205 0.833363485408134 0.535236236552254 0.54531895995299 0.355984794713304 0.342465267951572 0.525533031298075 0.971788922843612 0.312692352178134 0.148558703020612 0.605296406724507 0.694845377860562 0.634140702072265 0.665625163358241 0.575148966109398 0.580290262537368
0.12497353886191 0.633275679029895 0.186645943302727 0.639050735258453 0.130441270625315 0.535588954151948 0.0444000550744818 0.325588265362244 0.0743360813681693 0.185863417797554 0.183937389156721 0.943693273496582 0.187110464047859 0.19759188687245 0.119399259843643 0.889644691692472 0.601495788363542 0.340807444677899 0.000526903054157436 0.00661905808283957
0.0904740900136089 0.611493130421905 0.28883109521136 0.802553439270138 0.188266386440195 0.736592632894176 0.0746193032788255 0.158588851054667 0.680315518976066 0.605843741908778 0.187861434060284 0.78359837947143 0.124738810749412 0.170847626205061 0.772169475881116 0.907401917089254 0.546660480092163 0.546558604079405 0.866952376573671 0.218098564586932
0.0711598073697099 0.499000932436024 0.257542664371899 0.819460134594255 0.323474067333243 0.432575035787719 0.0550406167685863 0.562165097689238 0.720520502465408 0.0514299883996618 0.023171805818621 0.936930438955917 0.0683892669993802 0.0709126364952387 0.261241649716283 0.443663176744452 0.178213005828601 0.435504657073913 0.305277303600934 0.716475583516586
0.123603101121418 0.57909647657657 0.30473165327716 0.447992130666814 0.693102206322779 0.104478926446787 0.102685221632493 0.438024626687582 0.142486062265715 0.0670440336914084 0.534145139592829 0.999101371131889 0.131409962164957 0.0723718671844947 0.720185102490553 0.969854859673009 0.635464852194034 0.465594894922969 0.864051714912232 0.000452679494239461
0.0772506446275788 0.628206092603569 0.359760042011786 0.541461506567768 0.0234109700733434 0.504910800837868 0.113395552116684 0.518431059625461 0.321238591201272 0.507653026480538 0.116156909261199 0.9422413323327 0.121509170798091 0.104912182423883 0.765312103704211 0.964700952080088 0.423976330350539 0.344994940468634 0.503453787742941 0.985267338697543
0.0525593824069004 0.594384340121931 0.360958820724115 0.651382530984067 0.536197484959223 0.697141731307119 0.00856062116345331 0.269871824111192 0.141048629337601 0.0658115893520509 0.261096218001149 0.562646055051925 0.210531639298432 0.0947032612586236 0.639210892449394 0.083222076787646 0.657545727028126 0.468092233533538 0.0259146758929757 0.825426647915752
0.637373552519038 0.727995877748451 0.376116138551017 0.515741764601991 0.952089446721794 0.424339115657852 0.668090762457819 0.570042570002759 0.963820042576318 0.891185120283602 0.978480708644234 0.998099582957486 0.301180571991419 0.2921804889099 0.955207257308055 0.734794878192075 0.529545847639102 0.8780286349285 0.0277514166423109 0.0351136342000314
0.450418365371283 0.784805107096279 0.835931216120262 0.71536270124816 0.827089727398135 0.611114193785085 0.604366934874099 0.918245003239725 0.993354495860401 0.983674081537959 0.874336815351857 0.996663633144758 0.905335807231355 0.30820067925637 0.631482275245522 0.999929060796341 0.83481593485818 0.819271045748978 0.117488370368179 0.999743813931105
0.132117160274939 0.488973382265267 0.223984796719261 0.467467886317678 0.0520823838224424 0.136343255874369 0.0490398188127808 0.232758885278202 0.00343113748852693 0.140131111733796 0.0347715416076624 0.262538140511097 0.0801633943962137 0.106452739320766 0.359324868949802 0.968315067152191 0.252241270410885 0.469740406837285 0.0119795258325748 0.0100083627901045
0.247222077263544 0.575540440289557 0.326024613489305 0.787410790420649 0.650653730309241 0.389287883865733 0.0216751455341398 0.272543367635934 0.518398726615929 0.115232036294346 0.196516011419963 0.91093982884798 0.0905635883528525 0.164579317807394 0.33340189428916 0.0679938802064276 0.63306933313286 0.691411478064727 0.000747450989325211 0.953357972842548
0.660458871566317 0.703073495350647 0.981628870824652 0.45577386726237 0.660228635495406 0.403769866559906 0.336958882898698 0.996734140411699 0.839769888588589 0.958958769769695 0.986771290903433 0.999243651244601 0.679887090749746 0.375409713016043 0.263759769978346 0.995808410182406 0.676417830455466 0.812908479765973 0.991677178471357 0.00469483637262706
0.163331203138013 0.561859710013212 0.403465825905402 0.639462565161119 0.825186684125645 0.332413797949935 0.128293132615869 0.376275174679882 0.588422971790432 0.201079808465563 0.410889834711346 0.972475795541586 0.136334778284465 0.187185688045685 0.323929440072035 0.999415459109868 0.4544487934005 0.387341264245265 0.970990079799871 0.999434152191798
0.327152487700954 0.611562534462622 0.782975808511816 0.740194378111566 0.658685266894165 0.808600883578753 0.109190166332884 0.320589325699299 0.155325123485961 0.479718303943333 0.249296200224834 0.999153012581763 0.190185940805876 0.1273255182112 0.799806190476529 0.910657781773687 0.28214104016456 0.394526811057524 0.119463136744487 3.63456255803811e-06
0.0999998004300068 0.428815006629517 0.472120432044684 0.572446122906658 0.269443536465126 0.290802259983032 0.0237217142060729 0.0410859463067742 0.0289869547644478 0.0303176349028148 0.155304341787049 0.95041262499227 0.0338061928178085 0.0930037134245418 0.519377138169011 0.77517471243226 0.28918221250138 0.431514969204927 0.000505857991880361 0.0171985137849828
0.110711077411647 0.528482939124801 0.884078292650179 0.618955729004736 0.860627241999067 0.69510748605158 0.224456028244677 0.244782461944581 0.337788847605568 0.703028935488435 0.601068401430027 0.869961611580861 0.482099847189824 0.125297281853571 0.894543984598114 0.97883432418488 0.365441333046152 0.595866198090919 0.276487971283207 0.277624543711977
0.0559330754015645 0.650960177618635 0.232128798527438 0.80563561753578 0.803019689798041 0.43827212571548 0.142767208391236 0.0683031662017218 0.489437504419707 0.0997448674206173 0.0598296420041958 0.962542103053115 0.104126569748412 0.065534196732639 0.310400613624815 0.874774614364175 0.648809844807223 0.424666974200383 0.704673791204871 0.998614010349377
0.661643227561683 0.728027814290195 0.789346136722041 0.788367603970816 0.947341226280043 0.339798232204355 0.253820329054773 0.889016027098826 0.71169179518168 0.846476560023379 0.556913491696613 0.999573029806814 0.56575288377448 0.260765808289542 0.884800880800562 0.942732258755957 0.702769839053143 0.712989252692841 0.999685811611754 0.995512834569707
0.0558278254045663 0.595311840813339 0.23366822270978 0.334123633910745 0.247794454137284 0.590193785686908 0.0882519715471649 0.134968111296436 0.31283002109696 0.0177048334554904 0.0164843049007584 0.684907519046804 0.155972276179539 0.0856603709807301 0.41782451889464 0.576848496544611 0.343792947798768 0.274885579237697 0.00181172601344453 0.760854099424139
0.118018218839301 0.505503927353035 0.0374068596206484 0.610257126834328 0.670300903091291 0.12484364059597 0.0140223690369589 0.0336966253131868 0.0494675294038101 0.112941409354621 0.296407991584776 0.886700262072922 0.0521454704815856 0.0337334710297648 0.483447950249437 0.243875567064696 0.303746534386068 0.344812354011416 0.357023437545071 0.25239030070601
0.387007408957739 0.730212820461815 0.914994925663214 0.513509136511322 0.995954846183774 0.567868226300679 0.265343517337503 0.947752426534845 0.297645164711633 0.978635684339526 0.919014118895232 0.997971009493196 0.820300234055409 0.493366907771091 0.921820192938194 0.999835533815283 0.786356401698894 0.872691920972342 0.953912258083353 0.958849439636092
0.141679449139374 0.621218221984951 0.634569473645061 0.601258976091451 0.260582220323952 0.214304819110681 0.191871407297748 0.309424605362214 0.299316525162683 0.3804253275665 0.0754857214645056 0.697952458783556 0.315754356108538 0.180529839091518 0.793262408353397 0.997928690522564 0.405697303463641 0.455372829179228 0.0148348658804406 0.00121336202597582
0.0142220698416744 0.354092067515458 0.0550402221636615 0.358126729574548 0.000527436307491992 0.298483305802841 0.0299831960763087 0.00603188723970869 0.0175275291738215 0.00387386579995016 0.0023247723259302 0.0613607510595379 0.00885742132998092 0.0128377993543788 0.0980148305394155 0.0194165687919389 0.163701546330551 0.12202614671468 0.000263433601659155 0.154399080272417
0.618747047726604 0.731361800806774 0.864397781193485 0.688167958965835 0.918120772707378 0.224035246766867 0.444904371901801 0.942380236767912 0.60405504140096 0.980930405891308 0.949786704456302 0.998451109273693 0.820199726704271 0.318763900582617 0.891393961761425 0.574705655284895 0.809253218917356 0.706638195314714 0.993775451734145 0.994761263209872
0.873841193687753 0.745415334534385 0.940748793919318 0.849987476220077 0.999320110660384 0.590222322092715 0.450743919858057 0.994501268621841 0.996460825552453 0.992287180908772 0.995110526028891 0.999254571893843 0.952057337501713 0.788198247062141 0.979320726712753 0.999918531380215 0.278280651799287 0.936610516747771 0.99901093735868 0.800732868136146
0.104300712184511 0.474988750787428 0.339947361626701 0.622900901317665 0.505355649714487 0.388286987578296 0.598693726010044 0.335667391794513 0.952888810275445 0.317156090908912 0.442425673796961 0.684529732094908 0.295111292951604 0.0496246989153036 0.702628059330369 0.303505411615322 0.343761393297499 0.404629255368174 0.022113077217345 0.894865834987642
0.24408516381011 0.64688204323272 0.934492379130867 0.78096332244961 0.828708667080147 0.688532847726622 0.223138850771864 0.953594525973927 0.98598441362467 0.508896489677727 0.733223854804899 0.96669251934411 0.394492907819875 0.168073050960482 0.820211524879807 0.830025254512978 0.646128068006368 0.814449035668042 0.175060678665802 0.899458376287418
0.662137563015096 0.686222882126376 0.885708836282276 0.574103570950082 0.806489486591963 0.795677949891065 0.525887683764703 0.722285979697798 0.919668840959518 0.944335949834244 0.894328730182114 0.988119194019653 0.688422728912933 0.384479742271438 0.972563639751053 0.999607608659031 0.448665442239566 0.7453308961618 0.99884749398994 0.151099094508967
0.0685599951548087 0.415485073690174 0.189875651966592 0.624000281890191 0.0278257396109457 0.1409961373152 0.00931704930745027 0.00896982434928093 0.385628227057538 0.0420262252980296 0.0183781859949232 0.240211964682348 0.0468248451671186 0.0295557803875506 0.319528016644334 0.0265509592337816 0.352581374400816 0.212505836014558 0.000324112786908994 0.444277524977276
0.0977125835576899 0.4288295258192 0.523551020534665 0.33982548081589 0.405051926115719 0.213338388934807 0.0445610210171776 0.144336428080518 0.90721168850443 0.0441169375990645 0.119491895736776 0.908092473060916 0.0969174998178235 0.0342858632679349 0.853955016548006 0.970082952633637 0.382009933816833 0.277020080908862 0.0104391508647999 0.623119942041382
0.630864544349983 0.724489898770956 0.86350118814788 0.819127970583139 0.978744452982877 0.844719513504364 0.246854771525336 0.908255805062767 0.993114159577447 0.890873656761577 0.889881361075781 0.990374119629136 0.509787260645172 0.413279491532294 0.971649758485558 0.97846429773156 0.916885109851324 0.781984268627507 0.552282500799569 0.903801205907749
0.316613728379683 0.541564466264305 0.74988625143954 0.805262801743235 0.725148901650183 0.612916010629765 0.19576600755795 0.94860043670782 0.956983805520658 0.978716600009683 0.90418474277351 0.948206416461095 0.563994922840874 0.308375401402708 0.892881722455495 0.999770826399278 0.408863912728593 0.917198752773691 0.703771427497522 0.999940494966291
0.173360980843418 0.505165528874486 0.18029572955641 0.587651189871681 0.819784753435542 0.182249176466717 0.161602709754779 0.0525021621447736 0.0804219189532049 0.39038163890741 0.344725749757294 0.891248514161024 0.0424388472795234 0.0781133424080433 0.298620691927363 0.829093943674671 0.255885069523953 0.627191711712367 0.000981431375596401 0.0780339342256112
0.171036154574152 0.574978866088541 0.822600144716634 0.451674229320368 0.655669401913474 0.264711903356159 0.0421483625426501 0.192919836739859 0.302448433692683 0.550730744727237 0.0735000595332124 0.905358084140909 0.119465463043244 0.0642221127772698 0.464802388127906 0.493046848745894 0.418325808798769 0.599831650562581 3.81923127648347e-06 0.793629697631093
0.395484380437227 0.609647986962187 0.69652801068975 0.670542729993194 0.937594412886594 0.208523137133445 0.1372012270719 0.358281600423385 0.990115852241295 0.624323063409269 0.896742509520805 0.995265557266598 0.588549067857775 0.201562103594451 0.573409796211274 0.852113240762567 0.533129343705158 0.504626143973923 0.464143578747878 0.987937509119425
0.0472128547548255 0.394420190358339 0.0974910996123776 0.331091711761171 0.299315948723393 0.140881641282242 0.0741781049064629 0.19576125661794 0.0392273449589063 0.0201443270703565 0.0123447123716543 0.816477360414903 0.0570196552947654 0.0247573159296727 0.41014251522799 0.0392249296084212 0.358321423375547 0.254996435359996 1e-06 0.005091240653431
0.642582568887351 0.786749173080573 0.818106019589215 0.429577280366449 0.986622586422362 0.857371442039877 0.180453797581741 0.976536230452917 0.985398858072492 0.986055590071019 0.993973665483099 0.997715777624521 0.953593501226934 0.403070902838554 0.978778893277928 0.999998895495412 0.622512457882534 0.858900489125899 0.97053207132822 0.00255414824369375
0.768522906629949 0.776269539523801 0.961600382094765 0.695740433801048 0.999399231829213 0.612650309639787 0.796119288021337 0.973219718723009 0.944598169865007 0.944967696888772 0.979538316121484 0.986755064475796 0.773054569176393 0.431322476579642 0.967135405716434 0.999542450292786 0.744622361400281 0.789467189644687 0.998833705925273 0.609912041112913
0.290737958272705 0.668486436495661 0.650572400874824 0.704637878547938 0.250370943780471 0.249687269312025 0.0807152584203082 0.27090751881499 0.944156834337398 0.711522372250556 0.502269727475053 0.662906029733637 0.347649609966955 0.189494643783846 0.73713079993693 0.886429866132599 0.544518518406515 0.769236462499765 0.267340136193885 0.230141164250572
0.264456239878666 0.572010052435202 0.222703936525251 0.623416006644675 0.469376814285081 0.296644497794182 0.0714735652879654 0.648993761213695 0.632134856036589 0.237187750151763 0.260894263350609 0.854712890533245 0.0899459145502184 0.102576214272959 0.776854609361717 0.0185753364117473 0.394222672988177 0.453673447785745 0.000934194917559231 0.999791862054362
0.216708749881721 0.672786230527153 0.737672913057111 0.800863889779333 0.545869167289874 0.538324309758776 0.0613164432153623 0.829196165555938 0.920551113915199 0.431295199884359 0.19336619583803 0.842327309189732 0.161594682332978 0.0583251333467196 0.17131425916733 0.28109539337065 0.485528317515706 0.489860653559747 0.03856882171579 0.000761155189623081
0.404332975410275 0.612737137470451 0.829170199632379 0.468860277905852 0.94659338842661 0.185727466426246 0.0981800171006229 0.949382567651602 0.965773394009097 0.496115863632201 0.708057362493048 0.942614334597865 0.354623445618498 0.397246535822146 0.311492222056163 0.993720874659175 0.874326275920946 0.575681541502666 0.702176832725989 0.994083871382123
0.121292368614321 0.606097136091462 0.277639364334236 0.732331422464394 0.788629609585265 0.290164398177364 0.114473844405025 0.301813289039742 0.647410044544766 0.451875242673242 0.384547387663002 0.520430329056392 0.319521446542457 0.16120744797311 0.747781167106747 0.696009348226705 0.273963542838405 0.406814089117123 0.0239743363018373 0.218649827679651
0.23105661215047 0.579351095188132 0.655840399216832 0.449486105210911 0.276396727361009 0.242176197427862 0.364590801722037 0.676964789069704 0.866388682641884 0.46942378349486 0.882061202998525 0.970838174813731 0.447566748138877 0.217027476225364 0.812997629140217 0.99949602987 0.459620943598442 0.607887266424481 0.997398704480808 0.97444778778426
0.493426562354297 0.671413298657743 0.709520350067196 0.618150198622413 0.984412872626331 0.280884271328208 0.582451989447107 0.682969078918546 0.986993646968421 0.917762310940207 0.903549339845257 0.985700536160122 0.440441498815925 0.318355276905484 0.788175704746178 0.999371574775392 0.618382742067269 0.473140570931046 0.34486329886829 0.402129898322368
0.408713854464371 0.621451060737403 0.865274282942559 0.767185597435848 0.979799000012641 0.711199801024575 0.658869606440849 0.554637426797301 0.148774588250196 0.732749432007177 0.982215222498898 0.999419066001911 0.76282869319282 0.160672220841311 0.901531505520171 0.997385684604188 0.518632141449582 0.653369766899508 0.991764708547034 0.999672688489865
0.185679682544412 0.710756382813406 0.836774456649397 0.535081752260339 0.684204112127372 0.675310474009133 0.130548299461646 0.932669775117461 0.181718224287635 0.325419493200559 0.847319162474733 0.977767508506716 0.231454942946228 0.140801694668193 0.930566151871517 0.962117385292229 0.276343488564749 0.393243457317001 0.00269751604639188 0.34903105464341
0.0863125724028573 0.499423927162018 0.292463256450046 0.694413628408112 0.313439395265931 0.187753834718079 0.0313308552074589 0.176188649197368 0.931192291730175 0.13513757514007 0.114304441234762 0.956208980572814 0.259329935477125 0.0469989065371663 0.586983973132586 0.8716388582995 0.494072227681949 0.350150235767819 0.352664631260731 0.109336469804443
0.372436267899745 0.515199599116934 0.169335304490939 0.855325631279372 0.933894176718099 0.491754327190511 0.152858778251801 0.920290863342179 0.958376118439126 0.886763862138953 0.983531896187468 0.952340588644632 0.46260616028892 0.245500359092926 0.382045517580629 0.997136646984682 0.38975222831115 0.862931607227548 0.973867479179153 0.00039501240388545
0.301831457434327 0.453904283123849 0.315151285313939 0.466182132630535 0.290507193916253 0.227585156029255 0.130330056283435 0.227281593615951 0.157937672486146 0.0891442315813256 0.245902420173226 0.706856735584176 0.057140451449053 0.0556003225929709 0.176021750864059 0.943125603089802 0.463832072248428 0.394064210101381 0.0218063972424517 0.631922214265373
0.185334536140213 0.495520651221228 0.123060290531097 0.677352209229402 0.024033339345963 0.574556521304531 0.0347424212015666 0.434008073240964 0.498922303931386 0.0878303444760801 0.188910091109216 0.651003144494345 0.0712270348797831 0.0287072295516624 0.591058279779878 0.721686720764861 0.391263312226529 0.0883017916308467 0.00263012556251567 0.207484764681345
0.120303204344913 0.675896651861784 0.485264281043527 0.684138744532985 0.58643276932518 0.198089084969681 0.181488424776662 0.48015767767785 0.418263418355652 0.274919599609856 0.57183580825906 0.273394368641105 0.289254297132842 0.160543555613717 0.560751522546527 0.99486362110886 0.505478342892184 0.701745442566873 0.444086357772266 0.0104445346142279
0.31094830047056 0.652601734073518 0.755343351312304 0.80554596643353 0.494368975027447 0.432678513934015 0.0327165767264165 0.489346840805455 0.730766053617262 0.722062088319105 0.729722890351495 0.978558142007873 0.492938749287645 0.201063444219166 0.8385970500924 0.982419797619449 0.563886311707993 0.706480384819878 0.925101631908304 0.970504646911632
0.252534038577279 0.682488750237944 0.26285254650581 0.776750183618462 0.680644805729964 0.522145740420287 0.159218125844143 0.605725690045759 0.78167438040164 0.821388268034589 0.74305089285337 0.965613258011127 0.717651671620213 0.209951947275187 0.841217487002365 0.987890146264953 0.50887619950744 0.702515799662862 0.00278128212213885 0.999999
0.336432733123927 0.7848367745857 0.825744495254599 0.815231745081473 0.952202828023347 0.0982929394641258 0.20436193999821 0.965070331613232 0.473953487495276 0.916921074587052 0.977810596742973 0.902432063431677 0.561621480478375 0.525227699384707 0.807428860130453 0.944651464582329 0.334091589095485 0.392874448850921 0.944529888245467 0.997594757285213
0.682540765360292 0.62749966052901 0.607705445483312 0.665164247193075 0.652848456955979 0.744085659436205 0.36541053568675 0.84904239616321 0.423000693007627 0.606302193081357 0.462188463438412 0.997491312328957 0.331658226645282 0.197685647579932 0.841355746951284 0.973307286862446 0.782973896868269 0.613311350048415 0.99951501785892 0.999999
0.109937143929367 0.485764535262221 0.664465221049665 0.839719935853511 0.778177071020692 0.141274438545876 0.0518005098968732 0.708075589921074 0.00668678174759344 0.256058662982088 0.349559624292609 0.214856665832009 0.166254626103068 0.0689457672160691 0.77213961440974 0.64170221680459 0.50025104445871 0.444018460803724 0.000186644667472202 0.836312972705526
0.148771242965364 0.773112538163023 0.392420183423119 0.431147300632507 0.464715476804937 0.481524637772394 0.109145485349972 0.575947878124241 0.273130147396059 0.439085669387474 0.0798356726428899 0.837682072911766 0.218448750145425 0.117805033385632 0.63235913017584 0.993141833352976 0.598496715856134 0.493899300566038 0.628739371569385 0.0055417610796785
0.332268797120678 0.693070471203204 0.0505175947739829 0.821170788200833 0.869457227491903 0.332219425922984 0.059733911395014 0.920967047419109 0.170779268857658 0.316793542927364 0.486544300776258 0.965758324923689 0.362960809939829 0.0835918960632253 0.316162846367547 0.997986489679989 0.481940856769124 0.400863729473505 0.98941240477436 0.34560405576699
0.0830401852967649 0.603528102651367 0.29422574738613 0.467344051352068 0.714524400237235 0.72951314284993 0.054039545933881 0.136023489473923 0.928004326920359 0.167237120062546 0.478115249867171 0.980950120931386 0.186405808465721 0.125540593149786 0.707704271606131 0.992068687508623 0.309359796940741 0.505116755479417 0.000849958329514325 0.222629829591867
0.051739907002936 0.498888695631692 0.19663313473109 0.54828412874296 0.208259888267737 0.586260058938695 0.0107573822122062 0.00553687110075846 0.0177041629415813 0.0389992939310892 0.00758379536183987 0.137629629492157 0.0459867949845909 0.0319836710906976 0.620401041934945 0.142958552681054 0.580966355164088 0.136818807211536 0.6895718109732 0.997903897784532
0.18564137658801 0.566723502566296 0.666931570809088 0.656468070096725 0.795168726776008 0.443557592181948 0.213955324435112 0.250854544195638 0.637630246482473 0.247699895470387 0.527092776473183 0.869704893755855 0.208123457036235 0.0896506960765965 0.683836574593697 0.983369732244652 0.393541571649534 0.388611942120511 0.930764847624097 0.0131415733255267
0.650566579877127 0.761479902716741 0.919406140384563 0.732612812904577 0.9079682411398 0.626359031171753 0.373851409941175 0.960754289947761 0.838649808026615 0.932210252172651 0.894775160680271 0.982281498360959 0.812418440697296 0.362813404221761 0.905759580233827 0.998946457959021 0.470690780115573 0.859744085782927 0.999135527604022 0.999827936993219
0.113513521840306 0.425901057285283 0.246433162077414 0.768222923911826 0.52247731971176 0.152097086249846 0.0282491267781174 0.637576503075575 0.250148176597646 0.142248299035002 0.15502563285011 0.022084810496498 0.0524612460230995 0.0615952537006891 0.43577357202055 0.402505558243196 0.191264488445006 0.448769471712786 5.87834914481535e-05 0.000961153179672158
0.0830420313983239 0.460047931832981 0.738971297503868 0.784112929122099 0.50407528372451 0.522417204956966 0.0877970572059929 0.192725106725146 0.541392251303667 0.498457360171269 0.262597338025853 0.870854715466361 0.250249203090169 0.0597406014597605 0.769901196147942 0.918450811710026 0.461853680340324 0.448241244242931 0.413006707290052 0.999998693048618
0.186494677291246 0.682226158977043 0.773040313748036 0.641756568373073 0.751569502330928 0.323881967139868 0.255519702221647 0.913773692433098 0.97755012028311 0.821874337744924 0.881339522880705 0.296954308143409 0.632435856019667 0.203891232351217 0.824519255682284 0.97711056216713 0.608499716351446 0.719902084912041 0.163022607791754 0.997091167062766
0.11177510396413 0.487297425014089 0.601365081069359 0.460998979434169 0.0483090011930277 0.786896180218593 0.312752094998538 0.0158168269704353 0.518159218610972 0.1566328287721 0.585612924979315 0.436074133852346 0.223671144007803 0.137137715547835 0.883885403008864 0.998945969321983 0.379825126890991 0.656172004918051 0.14272587235687 0.0326648981889003
0.796468753918621 0.758183844309669 0.66457268520193 0.631092608162153 0.857677912419556 0.566455263745384 0.828087669992243 0.997116257803635 0.985416150021252 0.954683091967803 0.744663400363577 0.994969103929027 0.813480175876207 0.575384889468545 0.835235244995084 0.70898742834639 0.621796105524414 0.780707095112244 0.315055302305889 0.894069663191166
0.100131469434097 0.576071920533933 0.405107963319952 0.278169658586176 0.0288776816675731 0.389478572124038 0.0339823111087822 0.358417403510782 0.374953489127243 0.375341860496707 0.532943372436458 0.615488756055131 0.102964935649142 0.0703981596465572 0.203741559584085 0.75676841195732 0.577622950115657 0.342388057350307 0.222806647022147 0.000110975095018975
0.0199760260397802 0.415784927737333 0.438576919441297 0.568625087946787 0.342679376015335 0.592923965753766 0.0194206706973125 0.00411146108334891 0.00839938300860049 0.0132864356878414 0.01433971748265 0.640234161930877 0.0712684340181468 0.0203273020360459 0.570211627731953 0.163302077628447 0.525144864927394 0.133529916331779 0.922672527153609 0.00124384812809241
0.226024032456264 0.630488796438481 0.154428929591434 0.653198186102676 0.942052795042451 0.0733624499622684 0.425276201602651 0.68637287610026 0.540459378531989 0.471822979925226 0.177115631637894 0.882480448245452 0.190200074652911 0.107033079313575 0.752619425819595 0.726426096450586 0.148276513181313 0.742408719193929 0.879359538697728 0.885460409874474
0.254929903074531 0.707067218905338 0.345878468840954 0.844649162377716 0.915080664847244 0.476089094773159 0.403918642677977 0.259995399190694 0.916902607069194 0.799888294652496 0.779311881795403 0.974491210742335 0.27996354755331 0.144341799470877 0.202550551436613 0.962410479379095 0.335799649817773 0.769521144187374 0.160257641416256 0.000183433615979923
0.349712539271219 0.678848741752749 0.848492180445642 0.610632799787882 0.716821677750673 0.841549021379098 0.192714078691004 0.948154891585976 0.671458352167193 0.681141423863578 0.824819811222832 0.905144110632953 0.527273197055688 0.233792774185588 0.823343331421379 0.994926002939319 0.477284424545952 0.503731560573353 0.911547329885749 5.73491452363587e-06
0.0865780028981636 0.602677680218151 0.422557423222856 0.431410150430768 0.197835328504282 0.454511815363572 0.0737924970505131 0.327809904668458 0.106240591791287 0.255871134293483 0.167411045700374 0.947663687854325 0.163664855490459 0.165281247688121 0.112787891972065 0.862532592932243 0.636968904484984 0.485507472536244 0.0365934317343163 0.88095211951989
0.0620571702966597 0.62421990503316 0.645951840170525 0.602936128335208 0.488848726307272 0.496774959780824 0.0188934087446603 0.156886899292608 0.629368304967075 0.201543135139498 0.136319670040263 0.967293767254584 0.0732956275025387 0.140824406751961 0.755680305065378 0.981080495834528 0.347332786655766 0.622888274088017 0.0139536334262618 1.01151488992823e-05
0.0655326462467365 0.514489420972001 0.253227100432687 0.478746103751855 0.144940741621275 0.54767637197931 0.00706175129565728 0.0199388021808611 0.0462922660666506 0.0987300993805171 0.0476366281751433 0.421421725320544 0.0721002832694368 0.0344880525681855 0.374720360616149 0.110034555499934 0.412834758331811 0.427444288977857 0.00234377640957067 0.000139479640021266
0.451287455705945 0.701080165460589 0.919979062767743 0.796336234640417 0.979776244839655 0.771738292409501 0.162815046215436 0.891949679424395 0.863984654890607 0.891765001627772 0.967598341469226 0.986703035281464 0.259551562536185 0.409372860950379 0.910918653505315 0.998751697701892 0.590177386705862 0.540680803998248 0.891980770067648 0.998756452606617
0.255020973155372 0.605685999511552 0.655667825651774 0.493328576419751 0.638539548952764 0.457679769021057 0.169809949983101 0.262197067031937 0.880203994132459 0.24886443534131 0.241638187743344 0.96411952760505 0.286527192382871 0.216946966809898 0.679707437365638 0.985069529340947 0.869934777165821 0.670615229380881 0.143011796599401 0.000919770437274996
0.0672305406589795 0.557061632931491 0.496231048123946 0.76509559636348 0.0364446484040774 0.184674151659024 0.0116323118102172 0.0336107729164155 0.76373614113012 0.0429009689060198 0.0482467994809241 0.968700038724261 0.158916976290272 0.053244391127352 0.453616201587346 0.833867663706006 0.414501646280803 0.357170683872734 0.00324629049321901 0.00155402265352422
0.115457536764181 0.602551441172758 0.493260887729056 0.616953900935208 0.315236997005188 0.0640292126897163 0.308402706025618 0.0701457259668872 0.0138802249869737 0.373428332070624 0.299993919312822 0.979738209042372 0.197757986143049 0.132438547233229 0.440353623140901 0.0685007274163091 0.609266648363271 0.33297192041588 0.996020626463166 0.950440008657217
0.418008426431067 0.768701923892869 0.691773096698524 0.788350740817756 0.858803968887101 0.242293701182566 0.0432767463049866 0.824264091812647 0.988598160829233 0.681453805455576 0.963334586091608 0.970183041882199 0.482952316952385 0.202030072744943 0.669127957806245 0.999105796090274 0.615860595983438 0.781035869409605 0.950743023461358 0.99918273756669
0.279463710281344 0.622583241633556 0.743924476995924 0.78644949209009 0.830615335450084 0.31948901805911 0.112358551647445 0.954115697254473 0.218886591971004 0.472946969988435 0.693842373358141 0.987574987374634 0.0876474009066377 0.233353080846604 0.842336865327405 0.972563851273351 0.285398869984473 0.452363929506895 8.30888517416893e-05 0.999981246966415
0.105173259478509 0.584686718366221 0.160647184962538 0.706873506385344 0.670358472574678 0.507787935341966 0.263786763307976 0.750854758913477 0.386408289590014 0.286144001754512 0.098109142922209 0.404674363854938 0.130863805544048 0.0654233954199827 0.726755160720017 0.992618398056634 0.70946976031802 0.260368490279977 0.0100465230476689 0.000603527068580858
0.0240355050665082 0.473456512334049 0.350520685406643 0.717251839640876 0.111574097660584 0.538245336473739 0.0185553538094472 0.184068024873014 0.0576649791257609 0.0856048922347735 0.0282933486231412 0.525219840887824 0.0229372863491499 0.0384804257888263 0.392907009506209 0.967157337169612 0.460892528170631 0.415292173558832 0.000334020704592881 0.000145093667755695
0.0323097892162494 0.455312502261563 0.612728539156966 0.512037585607571 0.0674860299675736 0.259536680921268 0.0208209990333025 0.0709564241718187 0.103396931516962 0.00995853431348001 0.00184798879135791 0.287792153613857 0.0738071827859344 0.0283803632823064 0.0459960357823074 0.0681579083768566 0.223832436037973 0.225676881489008 0.0247989879725541 0.0216115820210934
0.254036201238308 0.596407520280031 0.817243110047185 0.512694266636176 0.972925566592141 0.880315188177198 0.500340350118404 0.309610945510321 0.332295048150126 0.755458178511758 0.237667273756598 0.868419190958973 0.442902359890618 0.223219071068319 0.901603245273886 0.999347488942116 0.718580736839163 0.607213805022743 0.00101435734474011 9.66801462093102e-06
0.517167688119469 0.741017176474376 0.588056554226873 0.763175650522589 0.987415003190453 0.895255751686642 0.62426826746281 0.907986818033715 0.624282395921724 0.962505895220819 0.920129887768938 0.981659901247123 0.284006338260469 0.409521598311833 0.811261825389261 0.711977072570731 0.4866880300807 0.843135014337573 0.965926091581136 0.0496146620682498
0.137532333716571 0.555337789216768 0.271894637660365 0.728501933355062 0.219433700159885 0.632326983269678 0.228056230155262 0.636545216728829 0.874109796146219 0.835794669366586 0.615838468638358 0.554586299832206 0.239917403454543 0.198286181384752 0.766449712640024 0.997192879340381 0.796443759942742 0.45730242918477 0.245934333361943 0.999996256128448
0.558162169382734 0.627796137257908 0.710771627102325 0.630673252726891 0.923712503075549 0.804099205842329 0.700180203703583 0.957889301929317 0.946359240030211 0.777937378884238 0.912403487150402 0.99604455356781 0.138797988809479 0.244547837199635 0.914793788948465 0.822682215301334 0.3288871052626 0.763920408335195 4.80548934655959e-05 0.0001390337338492
0.181931896820517 0.5909056120391 0.878288311678337 0.767075851367094 0.643160972575598 0.573059125961481 0.318286965276305 0.587801071723548 0.894236041837674 0.82025640669521 0.950266523207571 0.978476690584294 0.513646478872763 0.308859387551138 0.953471470622926 0.950101128446803 0.742100943127617 0.73824811681199 0.997750299989942 0.000186082096264938
0.0879833761708182 0.581035849274109 0.734402042153193 0.770701034521656 0.344769410977222 0.254012390814754 0.0776567584890162 0.143362784550317 0.0618220525755621 0.17048622828269 0.81687523579757 0.653124326194744 0.254181470944674 0.0962659315848249 0.651855331104618 0.856611301177598 0.370551051269323 0.582090118377657 0.00237230266897258 0.957802388948729
0.268098979988212 0.566373539478159 0.429946063104398 0.757816821675223 0.677232864418751 0.634546772844949 0.0955756404884453 0.296168187784356 0.143053195714347 0.621472913318019 0.329123254618939 0.956125556066204 0.408932012567514 0.228201436431358 0.834077219946249 0.985629493558944 0.387289357496749 0.226580663843009 0.572286289085995 0.999983958981752
0.0612092918335487 0.411751605722832 0.0899105249919238 0.366285938445552 0.00213535949860761 0.0631970678124458 0.0800092580960067 0.882870270140244 0.678765280645581 0.0201925302060949 0.0244651085776692 0.812919147941678 0.0306065979348583 0.0259669676963372 0.236457090440251 0.0660819880596556 0.299313134823865 0.170131690921693 2.69819333249019e-05 0.999936004748204
0.0477192603271817 0.505283501692071 0.169959612303476 0.577395962804278 0.308448644112779 0.3093868465159 0.0895772649662763 0.132027324306712 0.365091917818099 0.134057807730575 0.0254568129077475 0.937477163091135 0.0325618356546164 0.0228984648073133 0.48053740555414 0.818540956443873 0.427909217310748 0.523982805992113 0.938521242629216 0.999760419850387
0.358954242578749 0.446342935966459 0.917903546678832 0.440029908335548 0.808427887279672 0.312418981607119 0.174677918576337 0.788120773909219 0.0117920041628133 0.467773497713897 0.709562507604594 0.98376239039035 0.306076606404064 0.263366961620455 0.874851793181584 0.98254938025673 0.540229813957587 0.671076274188702 0.905810344927079 4.97176512331899e-05
0.801820053218782 0.807104353738354 0.941034242773813 0.824872853233826 0.858584379775742 0.420474654398788 0.258146609936877 0.99100949347348 0.981202562636894 0.795563555467606 0.993474254540591 0.999550017806118 0.716875839732439 0.456602089229529 0.934052188719321 0.998293736697413 0.62118172042682 0.924062249198005 0.960803393925498 0.999988770059265
0.278641587785343 0.583769967475121 0.645264968165062 0.754111371571037 0.800275598250056 0.593775263983217 0.383567676487657 0.986063993620338 0.983935408121138 0.943696950008253 0.943089265992419 0.780769614410747 0.533488114175737 0.27452054578504 0.862928878763037 0.957028855727505 0.500123190258565 0.573649381154166 0.00133499888286348 0.736219105170553
0.28843351570038 0.628762620814948 0.775000310427854 0.577859560808198 0.908059403955861 0.666288243975444 0.188054401131405 0.0689439657085034 0.997844277374658 0.552941881764828 0.513886824786672 0.994828432336426 0.275146088090693 0.155235088198941 0.718111447985601 0.894357304865327 0.356664384880417 0.603987261236185 0.0162279070980492 0.00300419744105126
0.142010958165419 0.524198496063223 0.950290283804659 0.785085188569127 0.117266272064697 0.292964158371233 0.138752815049177 0.583075891940063 0.0422198422247412 0.204232459585938 0.210192576454742 0.751877474091622 0.134968827122184 0.125417562887103 0.278946829411406 0.993650499465088 0.567194084262731 0.471247909565097 0.0186640348295561 0.991969400802695
0.19851250764753 0.612207451122946 0.180276843704811 0.431408361664433 0.866815111943853 0.689733033502966 0.0951995591369061 0.963511894209476 0.70553835599485 0.213997873938409 0.387361040682712 0.991647698758947 0.189497732268849 0.211020354534808 0.805436085180567 0.577168798385698 0.487954188683185 0.557902499007304 0.938994341598658 0.999585133001556
0.0905593706496645 0.693836668955499 0.501235590486003 0.634055030606028 0.149125725199376 0.134921394656839 0.393681720908212 0.157126195481779 0.185611284354845 0.172762512888553 0.598616780047553 0.959993437675985 0.0740752012102651 0.0721563603356269 0.332492615745953 0.612029750463072 0.332903419452829 0.594126606803463 0.0118594346057024 0.948730159977533
0.050533843403878 0.469055431735643 0.276688789436009 0.875190225917261 0.0194402313335542 0.30691405652523 0.0312737321702036 0.0703680954621657 0.106802097796398 0.0212161384038273 0.192773205966842 0.939888531713083 0.0986709345264987 0.0781797061810538 0.374353888413823 0.837976110516444 0.408535439483844 0.405638054614782 0.00819844112729451 0.000267442202958814
0.0326230377030201 0.412260546721245 0.0990092307481089 0.545981610556109 0.125054502150375 0.4289793342757 0.0454745482449842 0.0370405746081162 0.322949825936075 0.0169859887113563 0.0128293422692255 0.335060803996235 0.0422537753263519 0.0403451072103227 0.474260486608955 0.0324547026891926 0.166279198450721 0.229370169749824 0.0491727898526325 0.00136243412939635
0.228451139816042 0.538544353858589 0.744478672561275 0.518208388958182 0.83437379619612 0.253765798963811 0.0962545346400824 0.188900597162409 0.0745226696481789 0.0924756660951031 0.263420025978597 0.947900312956418 0.362181644109201 0.0712317144544724 0.855709842684878 0.0488405650144317 0.454288603844054 0.428664295278698 0.0386400610168462 0.895628184100165
0.425430699459174 0.677567227118128 0.75036014210277 0.606973873524885 0.957358480837294 0.702774127513457 0.470527150772454 0.803043892083778 0.908386666886733 0.85015902166919 0.969287229661527 0.992523959041871 0.83564359989008 0.341536236568324 0.911184662587281 0.996575251490184 0.843464409280368 0.826363508400311 0.666401463017025 0.99067386449891
0.356440457276571 0.652021392712818 0.436812038118653 0.51087608025379 0.903652881704703 0.353322349844761 0.127571200490907 0.951077174476643 0.394691180972312 0.764150297443702 0.51308561471067 0.817494267419111 0.240222628355318 0.135659250022611 0.884938005316314 0.9988907698344 0.543371992153232 0.741612913660601 5.00201917538599e-05 0.975727302244912
0.0779687532760675 0.535841609976728 0.403379531100074 0.576656314682137 0.412177650130821 0.398932419117813 0.0469388913170297 0.295698764992158 0.913404601959149 0.0589455870909649 0.0740968980747243 0.993672516559612 0.0894214773126356 0.0577174759651934 0.406168253885408 0.184915194387713 0.489350207367974 0.434320050815362 0.0653404949677457 0.210568699154178
0.365238955791356 0.718113643750296 0.948713844931608 0.578394786996542 0.869707467983097 0.3619677880336 0.162679925027197 0.973592162510679 0.988620130159073 0.680591621933338 0.956947036420244 0.991841931120521 0.626939873630482 0.261303669095248 0.907702536846361 0.998711395010804 0.717653399901555 0.375368463789076 0.0070534391396602 0.707451805585152
0.140793513358811 0.564141015953565 0.642136417013163 0.815230248573458 0.0430501384543687 0.453342964389333 0.0490058811452629 0.102903690364801 0.123532863266411 0.173345563304497 0.228370282081766 0.934599222735149 0.0992942552929041 0.0914646049882431 0.610639398127752 0.887465612840277 0.627567446740315 0.372612186658281 4.29678999031761e-05 0.00480393685557649
0.103821221603254 0.486559676435213 0.540676285934156 0.451508285533738 0.0337979103208397 0.405824787779469 0.0106675348633278 0.0742332747437124 0.7479487877041 0.198198996008199 0.0546805125230723 0.328417975450625 0.135177831414824 0.0461891453552243 0.440329174900786 0.274396612514605 0.183081166681021 0.333158320994027 0.00639024754461387 0.122993386898009
0.00470117761434222 0.268967008801556 0.0399488012535261 0.511628326919047 0.0643253241436327 0.0973745526164129 0.00696411800012224 0.000392146423936404 0.00643498770927972 0.00342384218252797 0.000242186064750067 0.0951697384464586 0.0102548842976837 0.015980089774081 0.132271371290221 0.532021672859159 0.174494282092925 0.361828131989884 0.00254297499704942 0.00445795595743955
0.179514430038809 0.622355072151601 0.666735482863119 0.461357796102259 0.82359713234641 0.513951989068019 0.166232132016392 0.852521659550193 0.302280720843059 0.50227710261158 0.749627377421108 0.990420918037457 0.293334142994604 0.073218733444952 0.851563219667006 0.851184095621786 0.701811153351372 0.659232648706641 0.851435421596543 1e-06
0.115209506947117 0.575987772310612 0.224102758173109 0.683903336782466 0.302491120403026 0.210208538540042 0.203018981417559 0.464662764091411 0.0660962269934307 0.287366570625355 0.0879809316084967 0.586444885752743 0.065919464667585 0.0866426699573843 0.658312742471979 0.915239341343015 0.450500226262457 0.563779785889276 0.00217992915169909 0.00521701634222585
0.114569163099816 0.611945696639518 0.580265020779195 0.666770342723919 0.0403675108366176 0.219644137007512 0.0573929395608057 0.0973261285187307 0.00680268754002506 0.202685382956606 0.131460586623416 0.959784652601418 0.0952996890677923 0.0352056750555541 0.759322650866253 0.625132995030419 0.372504293989242 0.354421797272176 0.0146666777979105 0.0135381570141101
0.117316213573244 0.469753463447062 0.181157542225471 0.57295064581717 0.927991517413349 0.511070688073865 0.0626078249460672 0.104063399412222 0.187645555936277 0.316908601463874 0.0897971918680422 0.162375081623921 0.129162745785045 0.047824352726942 0.436371551574828 0.854067955518802 0.41534978710508 0.528226620846881 0.535514105482652 0.140411525697969
0.793400269358299 0.654509572603649 0.969261243133541 0.539994202111831 0.990294966762358 0.84375694400806 0.512969434505726 0.874820670149299 0.904211589736077 0.918489121839743 0.956514799604216 0.995941488642677 0.730395603331325 0.563320968345277 0.949552345979106 0.800776889417726 0.6708351695521 0.866611178994072 0.742591395471698 0.415800257236284
0.417808144139639 0.588646499447478 0.699341873790425 0.773869526818751 0.980135816412134 0.751652008015863 0.494369219514041 0.947186477214475 0.853826616336755 0.857067592816109 0.846471921279324 0.997658045807796 0.476009312590476 0.433555727635063 0.948022548535774 0.973202484875523 0.344852933841601 0.602108558428024 0.00985022670916978 0.000373894618527956
0.190898421017302 0.602941942057819 0.638600765995674 0.769177782510922 0.665540955322377 0.225254304744021 0.420201172957977 0.527222220968215 0.0837970731200352 0.161949394663428 0.655953939961846 0.839868065951177 0.401187363772342 0.169657103343289 0.887922561851875 0.847734653299201 0.656090294590991 0.484089436144329 0.00289950640518479 0.981899487532933
0.408722131879066 0.688603023901391 0.512223800776238 0.743796350433559 0.921949480966927 0.905924522095691 0.412022154861319 0.388628598435001 0.0320104690726565 0.791279768625763 0.807139452656438 0.971657982131886 0.397499666186475 0.127247281575263 0.580611575140198 0.952433732377899 0.395569419229048 0.446391725588795 0.916784386192532 0.999822384573505
0.103087281319366 0.619267808338364 0.19208902664154 0.667710196615556 0.522626405507568 0.716619630906613 0.133887200727575 0.063041745467567 0.91539506589736 0.0829392631850402 0.233570041269761 0.81325986927389 0.103338011084599 0.146332810118259 0.509341168614138 0.564073449873268 0.524968646372836 0.586140454740177 0.675972422023307 0.18179717966513
0.316482042587878 0.702554427448673 0.70222177600997 0.252845747839298 0.910391243841221 0.226779225285209 0.0914435674327539 0.498923767632415 0.838953253212635 0.239150317050045 0.837897276322021 0.892812800933566 0.286815325985879 0.253409711575715 0.941885075663786 0.797084645194053 0.445457122329915 0.795850268438848 0.371305699537983 0.0063652138613384
0.0233546207060401 0.421145826717493 0.157197031776914 0.679735834343061 0.0791300968933614 0.277746059826614 0.0132013993001564 0.181075745677102 0.00840156646755203 0.124470268437945 0.0361318300899927 0.436830426311852 0.0742719111676737 0.0318670928816305 0.20752964684633 0.890100752413233 0.164803940032522 0.628475711697308 0.0337200899550943 0.999798305256445
0.320630839257238 0.644702143222631 0.223507982253375 0.666484383919844 0.98685641618314 0.217709791537792 0.245240496352045 0.766673535167143 0.994139726867831 0.827905891957841 0.703634705313331 0.969527074076043 0.183239914087561 0.186923824999506 0.714933777756112 0.98074610832079 0.72067723658346 0.5695788577444 0.114783205236024 6.50626049932551e-06
0.237632940424719 0.531818992201337 0.614680025571218 0.665593957696846 0.44580034664006 0.314658768322572 0.210129395102621 0.750665063283953 0.250956434060623 0.250991669788203 0.102105256865999 0.815032830287109 0.118487145421624 0.11165706795403 0.760443457348647 0.807081150304164 0.608417950390343 0.687166982732108 0.00193015890027794 0.00140511416103527
0.739912322948957 0.721924379888786 0.764428835946561 0.863334367677104 0.934048396636249 0.733631486804264 0.329378689135581 0.964417281034611 0.972332657454281 0.819874287795953 0.920550584637142 0.99406106206702 0.750730736515166 0.313276932455258 0.581399827265603 0.971144888026671 0.849396067906281 0.743276862804998 0.97039265322931 0.999972455777733
0.0365156113153463 0.416773130618277 0.084912947349854 0.468572126308802 0.00370224336801996 0.600978188049681 0.00105737612050449 0.140287269055068 0.0412538527399948 0.0230197534699709 0.00678503222473113 0.153067862497429 0.0632316930494967 0.0349068395804166 0.247416371033658 0.405195476945555 0.155442926184887 0.385643761890532 0.0192704837129489 0.00100511557514429
0.5768965059906 0.752422277296239 0.890657261095778 0.646938582377959 0.919123050516674 0.347225556652753 0.545919136963774 0.914465845380672 0.394029701799761 0.862747803820723 0.275850458505109 0.988747246330828 0.597077795757798 0.303634748562789 0.664736160373117 0.766437160087818 0.394609686466089 0.682571148166061 0.940725324437663 0.999997163507716
0.377678032672452 0.639392822710947 0.381746463211527 0.613083303954018 0.952455518055017 0.155746862020413 0.398445615468454 0.753813152402139 0.99556564433414 0.323566187664095 0.870390180578382 0.99403971518516 0.215151105892832 0.195122387469512 0.736751770455469 0.963390198059391 0.285618271809732 0.664825339292664 0.342892031364611 0.0255687498869623
0.170594427472558 0.469420212655237 0.74937229226288 0.701549953355727 0.314308119997253 0.831498326534534 0.0623987569186998 0.429892344280436 0.865625547840833 0.454576067291332 0.105085312423976 0.991634284910135 0.133946021333372 0.119713377843076 0.665005781319575 0.0252437762408854 0.58659710436369 0.523795121220864 0.016533076194748 0.896270647483711
0.291745280550155 0.757820804747721 0.947664839438648 0.655357792695331 0.721328954054263 0.355576838520314 0.527994569661015 0.829780616465461 0.851734672889742 0.809132067015597 0.796900423844663 0.517048807021126 0.390552933979241 0.281644877015685 0.77597554616898 0.922537858098821 0.43207695174614 0.765888956928601 0.0102906665911311 0.994813611686875
0.244080454586678 0.568127490950834 0.642065625874644 0.739506434019924 0.0115892026208361 0.842019567251754 0.482677452586896 0.254480709083587 0.553279853954256 0.585276936745823 0.0906989325564232 0.970883277763183 0.177106956640126 0.16618222115198 0.49371588381839 0.994267500232751 0.525657419515669 0.607012739326291 0.84472324284804 0.790329826615145
0.0248513970935247 0.530656790481603 0.267684261670899 0.574411606768458 0.10815893201129 0.269238817995736 0.116377990797708 0.0777158238589049 0.100268503757246 0.0596490369491895 0.0560056763751819 0.95083935961582 0.105457323743742 0.064228983730514 0.658801353938099 0.979430215080873 0.152937093752202 0.410759883086086 0.0357288327784162 0.996598528149653
0.24161983572001 0.635618656356385 0.0730819228351016 0.473750041622104 0.0133754417170042 0.159625726022016 0.177623560088819 0.23609714091378 0.839099302639876 0.634041252039486 0.872075904892159 0.955187723311476 0.373710215655856 0.14432670980971 0.613478253723722 0.866598710053347 0.581095662001848 0.565200265750153 0.0651525958699096 0.970625169405874
0.226372828595394 0.651527443356789 0.54490033217678 0.751131768074141 0.594886239625063 0.508899533095258 0.0658105162521616 0.476047948748678 0.197683792855314 0.411530224831634 0.37918701913482 0.905361293495986 0.162038105875372 0.104356049264218 0.67538401503142 0.999010170493935 0.744796863438481 0.62922488497046 0.367449232228397 0.999998604051631
0.284319078920035 0.605245828393517 0.883781198291322 0.678549656297507 0.670303569815498 0.0704195831726877 0.335794739506498 0.942403381044928 0.696927320969132 0.409331118177657 0.453610095304272 0.897250741012222 0.131854220365164 0.218173044970837 0.83165304962185 0.640720608246673 0.421721054948026 0.579990736741317 0.256153547516761 0.0488840800033077
0.0472979426179815 0.420251242303973 0.36907962097712 0.723175601232766 0.106155156735221 0.654333243377396 0.0211858787951435 0.0488340422114012 0.0464189524543296 0.029355765746543 0.283145233092004 0.933902597793029 0.102108684118396 0.0332319597610001 0.229285029640594 0.998514612389414 0.391882318220562 0.234409538465702 0.512460025172296 0.996703278176321
0.0447513763290065 0.453799677886544 0.437702356095492 0.747377775064693 0.188148548337389 0.0799136165116802 0.029053792376266 0.133290679605828 0.391341168510405 0.107392828223937 0.0101853216812402 0.641087584722287 0.113015180159363 0.0997987540699131 0.205261723784949 0.174469895244847 0.317378336099211 0.348325796516842 0.00613360810823662 0.000719822330594974
0.141009871940455 0.601653000741369 0.258260366199799 0.663274236970286 0.671863745745163 0.423011009110942 0.143025285283152 0.92916202475339 0.0985646686325706 0.305426152110423 0.66688524404771 0.656724183426705 0.277142977960008 0.109820513815068 0.43971367915825 0.0272909923303446 0.332540772690547 0.619053360449804 0.0944591763962012 1.43639852104707e-06
0.284715690170646 0.627401599956158 0.850694765886137 0.44693174281561 0.460785513884495 0.502937872861247 0.174172114332285 0.62473180261164 0.922634653626298 0.689347306783236 0.847938882620598 0.996033028871666 0.723962639190166 0.200409605592232 0.940158873123635 0.979677544700086 0.716340507373577 0.528896287893882 0.011089932114408 1e-06
0.908987752472789 0.903246711684308 0.971527483058627 0.690679387546709 0.998667855973463 0.511096207034654 0.850922269290344 0.997932872312051 0.999877381303152 0.998422047975569 0.997747152018477 0.997877883084469 0.943843208908661 0.808289230043409 0.987577517177312 0.999998971632897 0.555462523144766 0.955588678706061 0.678587510306522 0.989130164368149
0.0451533424912792 0.421659432165557 0.584236080693227 0.532557064591582 0.0458903934430305 0.340510405758826 0.00600825061077708 0.0726642894079894 0.922338916810765 0.0506231116762394 0.00869961337862232 0.257613792783112 0.0785659039645601 0.0617072737432718 0.34998234052958 0.144527285227268 0.373550323083384 0.221544861745636 0.000402923780631874 0.000148319080184484
0.628305722096924 0.769111689261122 0.850925287474205 0.816400070391683 0.974353721541108 0.644741008785536 0.597178240647914 0.999746942821477 0.948508347528652 0.916756747881181 0.814446102849094 0.993652202940714 0.77925890357186 0.498119098966407 0.966634384104303 0.999653874536361 0.679658634379812 0.803896935542946 0.000839892445986418 0.999999
0.103876298806945 0.587008923010926 0.130927787083089 0.509658803265617 0.325607275015387 0.567133865506368 0.324019690942759 0.221741560164622 0.651024118999851 0.193527137770509 0.434669392020503 0.793618960875195 0.0424261431083387 0.112312396732504 0.763600368731253 0.360247737398758 0.193818587646241 0.527786809164885 0.000540984388119204 4.90215303712471e-05
0.025218775982074 0.520938864797457 0.128912478916935 0.653858212457873 0.123493306163104 0.47309253797673 0.0226463828655275 0.0844438438551063 0.0519240676650161 0.0140956221960268 0.0158480781963845 0.865577190837195 0.0384765848963837 0.0268255306945595 0.181242295505008 0.636400079706189 0.21859627443925 0.236419904830316 0.00491444388965584 0.0613227792728688
0.062343338347539 0.439073289119788 0.333425165394299 0.472501609900718 0.516710925046797 0.708969987499073 0.0935314428744855 0.0209281230240446 0.0985905967133922 0.0509068085912698 0.194474143274098 0.979940117286613 0.0579175650663125 0.152539830101148 0.461201212902094 0.758217001941495 0.304837489968289 0.664018427495151 0.00172389459369845 0.00680201569454878
0.284714618872234 0.572767325734201 0.441093790496955 0.588379799040936 0.891772613467694 0.279751892563144 0.215798430485202 0.894546406596885 0.254598787847019 0.479760861676987 0.286853452096799 0.840759401728136 0.2827248061913 0.124234938070818 0.902174888218622 0.644451939917488 0.330921650109338 0.349431499763321 0.271368439732809 0.997388319095224
0.306696352069474 0.707277184328275 0.924302252939128 0.666388583211314 0.957217593615561 0.193027157775818 0.499982599925523 0.555466107876406 0.445011338308229 0.90296951505991 0.75442946331744 0.935400288560256 0.251963143068931 0.349012669963875 0.944746090685399 0.873731449308138 0.657121165880439 0.909094662307146 0.511457714323484 0.997793428777055
0.177953119446753 0.646412703539939 0.900426797863811 0.661314185051755 0.928416153798099 0.540748090880877 0.167813562899755 0.452366236807911 0.994757319114746 0.243419844401564 0.985804362055921 0.94686418885271 0.174131805960381 0.0899739208742746 0.655923989491898 0.238174825800012 0.252043929531699 0.540155606721544 0.241523424848944 0.997316382851475
0.386854588515984 0.728029942970695 0.619692491611429 0.678937206292317 0.964075937234737 0.474792548788318 0.154185140193928 0.481229444883851 0.421785953098553 0.701868136514935 0.906085800301977 0.998603721028574 0.656504876097601 0.204578331423137 0.898364171066655 0.987554842014749 0.487383965604412 0.810862460205545 0.752373635122117 0.00204069601608591
0.917313590278664 0.874754030680923 0.848653149200238 0.834677760888382 0.999075247742472 0.798710253830247 0.942154316216654 0.999727912719267 0.983426046217839 0.999024619370343 0.998795086314065 0.984742790878394 0.977222991480678 0.682948188784158 0.9642928246688 0.999994962371049 0.742781605581674 0.904717051608352 0.999981658526354 0.998452620721531
0.205070231078025 0.698218244849456 0.387075071414141 0.717512421125088 0.785674717376712 0.256667353034708 0.144679735008488 0.746945718014508 0.76885834069328 0.666745200587723 0.665368416116406 0.964992937625828 0.10640550716595 0.310572025787377 0.824858991160617 0.963263674726521 0.548473307977955 0.746586019484384 0.919364523288607 0.994217383128326
0.511783522444346 0.651095251945227 0.581357812045919 0.715417504357958 0.984625791184263 0.398491471647612 0.355548458144162 0.752904492422022 0.928889299816738 0.945891845368761 0.993619938196431 0.997946813817134 0.369467122526376 0.244537225039602 0.507722636974365 0.999616371489297 0.528071483122566 0.739764055218477 0.907069849896065 0.993396106444664
0.75798097134951 0.716539813643957 0.955463977652244 0.522475375581869 0.99657649653283 0.459688752284754 0.111867992458869 0.968799191981908 0.877271419239796 0.952579113565587 0.993008670683697 0.992513027821885 0.610705541318248 0.292129955787747 0.862254533306624 0.962873787481678 0.678753676550765 0.709623066668061 0.882739878494694 0.999999
0.0547508953419742 0.465351532877086 0.169953523139206 0.601183684582849 0.71199386538705 0.477608639484386 0.108672879773143 0.320496803535005 0.441178386318155 0.224783817133463 0.173191527870318 0.844008306801082 0.11827886312284 0.0570675910023439 0.507803687061695 0.435724948298247 0.477803556286162 0.26314164942896 0.0711161794629561 0.113636196852833
0.115223742636641 0.586221116233262 0.0713228526300133 0.668359377921703 0.216538532824828 0.371186223524116 0.150147844349737 0.339268069513674 0.530972183341047 0.135981594083372 0.134193618320178 0.738597783515342 0.0594511331796515 0.0331460341461242 0.634092452933121 0.613193568228205 0.171285385430299 0.415522155744372 0.584167829294267 0.144010408409999
0.202621643568266 0.512910031970129 0.52775931714192 0.56896575020809 0.251917421420032 0.425669085536229 0.0310046577938006 0.45817405228697 0.362145823018564 0.524429768007598 0.126844164519853 0.596137196718649 0.0892368922685968 0.0769663118138067 0.627380200482486 0.92421013889715 0.170851997877276 0.479862632648111 0.0231316070010628 0.000310479781803625
0.148775677711646 0.581126185797465 0.648078976285113 0.747890585100931 0.778994944557333 0.357006493004694 0.279431302435114 0.364557695473988 0.583508677839941 0.192706952111988 0.316571388955783 0.920965161634191 0.241586127300763 0.112778052804694 0.592277745424076 0.760554632578624 0.128984565678683 0.669556452362166 0.615461809920034 0.98790209323505
0.119600619937026 0.612250349155541 0.493639371870303 0.775059003206126 0.641357240185952 0.62285953591364 0.125924851734196 0.664390722501513 0.960959082452539 0.583713890533156 0.117204744926109 0.789546391232828 0.293292119229069 0.161414381176701 0.893954186025921 0.276260172912248 0.258087248933815 0.493415821772161 0.000673783135325729 8.45242691652453e-05
0.218437118168439 0.59859330304258 0.56689222356629 0.61728566274056 0.373107172978028 0.27348024391634 0.225392634174329 0.662184868494274 0.449586650419779 0.129018964332184 0.230570836499285 0.883864542425479 0.0742341390481542 0.0782857925877137 0.835416810631331 0.962944316640372 0.611861960201093 0.480004741161391 0.000460825824451133 0.0329357014309746
0.14760864596048 0.622677818239777 0.401101827839658 0.590009891967735 0.664180829330384 0.418361266882207 0.0893678085133781 0.900255614252873 0.798332776292528 0.467071480088267 0.246789278623754 0.797213451091809 0.24034271335099 0.0970373533155932 0.643102762899009 0.890559658844193 0.339348368478325 0.440452713172867 0.105951556803344 0.364016272715398
0.0731325551309957 0.622146579818896 0.466251870548493 0.475633164588571 0.131987132738164 0.0618324535076243 0.109704912752074 0.415216741673908 0.0696374011313302 0.119169634241381 0.506748225646396 0.86789601735097 0.102153992118643 0.130044458535845 0.33644697651179 0.923134374927749 0.516054685725472 0.292088980148877 0.02369148802233 0.967992986267712
0.172545946016628 0.664927877847638 0.35324837157672 0.832427727634882 0.0309898475981875 0.334484013073184 0.251947606100507 0.0594681284784138 0.289909005471549 0.324251839204754 0.642250280935711 0.997627032103196 0.125397300969348 0.047415544470888 0.825179629349769 0.428304332274609 0.389482192084149 0.438946266846081 0.0394705296040445 0.0929880113021501
0.362190958518923 0.5570359138882 0.637695866308573 0.488676642134679 0.775866786408706 0.943021631179699 0.612295649985615 0.844710172002962 0.484132430201658 0.35908502765146 0.948857897156761 0.989538616528811 0.264591572665751 0.151990635850705 0.818388043499233 0.93975863882496 0.687976123302811 0.696595655044153 0.0085184073014809 0.000888060243193485
0.338845824894639 0.608955837309506 0.888898325908631 0.52950746550368 0.928676834271235 0.196053241651117 0.164338232888089 0.574904428524608 0.124682656272298 0.710478851312539 0.338844490665743 0.989826800398517 0.330102443127276 0.134176470839001 0.684959494423537 0.992454459014706 0.584416452668224 0.514120997762725 0.185412993932453 0.655682849621282
0.61015721354005 0.697127300707262 0.826413732186087 0.722026908374112 0.729209266605657 0.686078951463131 0.188979818915864 0.760999782306139 0.976531607058361 0.819285693599629 0.956955096199559 0.972012774743568 0.688265049712257 0.325787237495436 0.958704370694969 0.998716595418797 0.566476621284767 0.659751439784204 0.230685291717538 0.998932017458764
0.638018981143244 0.788271079126142 0.739929042935784 0.820904463750902 0.975104719281563 0.749327905585037 0.323705689973894 0.99401030733976 0.979435379910505 0.973269475125998 0.968922046356439 0.999917939815488 0.819685151303037 0.672423820218997 0.958517930145799 0.996981646832903 0.85067524529447 0.724903355766142 0.385763062346516 0.997371150274748
0.133222350927033 0.629746932362217 0.476580824687975 0.628925913763687 0.925555679984657 0.261045599307126 0.0774238527103208 0.61368965708551 0.924046410249417 0.419160335326927 0.501339107272177 0.710749541910293 0.228255861952046 0.096411795901599 0.51317740006625 0.915872952152986 0.408618631245681 0.552950645855589 0.439425585032138 0.977199291944421
0.512775678672837 0.680892166589917 0.906736011447288 0.681386542463456 0.984857929027384 0.938438180756458 0.601219024090023 0.950771435035044 0.994128391634095 0.918615300420931 0.961230869911278 0.999488935148878 0.637209602476579 0.180834953328126 0.946102895442828 0.999859361180439 0.77937722773276 0.817131574410067 0.989543274456227 0.999530048675698
0.398781238257059 0.666336766337351 0.914826232583394 0.46207354005119 0.99669653394533 0.315832595972932 0.526866300503911 0.332705154809797 0.44153748988512 0.906053328922506 0.785986462183243 0.978335954164202 0.596985295213473 0.377217136508134 0.882924371445778 0.994034556902964 0.490638962508 0.621037747566731 0.326584183543314 0.710631595754605
0.116080799448074 0.636891370413288 0.547156796496259 0.506013435864777 0.740655952341415 0.427744332301556 0.158078834398125 0.320195715186826 0.858573334677032 0.742051561702984 0.119674095703803 0.980399386529384 0.350171110557903 0.106804978599057 0.720932419374195 0.81206980946958 0.134637797594928 0.396009327350345 0.0424820099780615 0.0112514126107962
0.0913653865485007 0.538119147536232 0.390299636394584 0.455993474477021 0.422670475420162 0.160918426602645 0.450404444519413 0.349780588519927 0.870730594850799 0.121277487758998 0.0405279330723509 0.925799037594002 0.152812592764693 0.0610270857906942 0.569073894963227 0.922508787396347 0.296867295929402 0.41106704978532 0.0109434635192036 0.000796833457936843
0.393920627198801 0.64445732250531 0.777049866202463 0.797370406024573 0.988136103003813 0.364486133684801 0.307219717837904 0.962573823877929 0.704011748753969 0.805102248061685 0.920168095650926 0.993963743705811 0.415128593449021 0.317011566923417 0.844124630137582 0.920483968358232 0.642583147685585 0.703902391603583 0.980933417460927 0.809222018791442
0.130227069559381 0.717480648600611 0.540249292186981 0.7681402233269 0.918589772294608 0.15168366176946 0.15986859004964 0.808718548223977 0.969207687805307 0.475709948578691 0.234713527845798 0.99009120928452 0.325840867416445 0.0733801987726707 0.796666765264005 0.988479672233164 0.591950146102034 0.395664242686656 0.0202599592617091 0.00112047092258725
0.49004530126175 0.612618288790707 0.839636374002835 0.838804575660024 0.936662011510047 0.0686656055468148 0.230577292503873 0.532272704978615 0.999337675065719 0.496451639648907 0.414810679995563 0.986151469197779 0.508940037520051 0.32986444406831 0.733686132847136 0.997269739464373 0.592557696719711 0.587538087185873 0.173392163265202 0.999995088079064
0.0134452389742475 0.324275123422166 0.108705277849027 0.309118102924103 0.00343265920311869 0.102674107136304 0.00273063078437078 0.00783534793708681 0.0767378912245937 0.0151362490348743 0.0109362881733851 0.146467567720661 0.0323065727182491 0.0152549071466227 0.257259987167376 0.180116646481547 0.295211484446535 0.219021236633592 0.0207663796595349 0.0132995399715902
0.388512112933268 0.781809704273122 0.625762657990248 0.662808540969977 0.84019289501472 0.194627686784695 0.361617557992151 0.839430636100811 0.932130180028457 0.962015662817408 0.901990484393078 0.994614671706438 0.730526341183766 0.235532392693259 0.65973507359335 0.998971386727863 0.611811286468293 0.745052035376205 0.961774274876695 0.989398291418522
0.645125575280852 0.743135103149526 0.574471632713971 0.444851577341014 0.987405059633498 0.51388270104109 0.453200717424378 0.999766831907586 0.247891517906536 0.930406578490162 0.984907485850985 0.999878707898652 0.87433675265125 0.603454756279286 0.858626395712777 0.999861480320536 0.744749608885311 0.697276396708441 0.00653454811708184 0.988253923698736
0.019226419345258 0.386022672495145 0.0409685827013131 0.603177070887916 0.0284061520822499 0.109314206026938 0.0101226335038453 0.00580667890139583 0.00115468200982185 0.0104064227921797 0.00596149409274745 0.0455406418159331 0.0252828043336064 0.0213763115390656 0.101611085477397 0.00320526150781618 0.35616267636473 0.27789423497568 0.00043251684135853 0.00725602551031282
0.166401026680997 0.644641273694292 0.167863130899989 0.370476724865246 0.198178826426833 0.670661743560557 0.0790521636044371 0.257069965158863 0.833510253244905 0.0654521498719686 0.542020869214087 0.733039111484293 0.238326450717505 0.216726474868635 0.781896083414535 0.604018149916028 0.450665639759473 0.511038367336286 0.190838734342113 6.456214980853e-06
0.292852045630106 0.735966979220322 0.740095302689481 0.628202977166986 0.845577897842434 0.577560079946373 0.182016080869525 0.636727241987893 0.857047460226428 0.633430849702032 0.766516425809543 0.964662550720086 0.524715549362854 0.47705245599575 0.944179148938451 0.938892155328623 0.466421420874288 0.774961503146743 0.907055019870824 0.00136047839830846
0.267132280819318 0.588771133170754 0.780689471953428 0.697014692033269 0.964798310481216 0.563078428556219 0.178594790138822 0.499378373455325 0.0552397534233103 0.850638236997533 0.525548829766552 0.970944086286776 0.309491190625072 0.230271978019075 0.87025490758861 0.833804400248933 0.667960124737251 0.73577158701671 0.0384555082369022 0.61560212674308
0.0126129997403197 0.357104005671306 0.204215010330239 0.42736382477673 0.0278132809203512 0.237449837147234 0.0439068378621328 0.0670922475451259 0.0168764987056486 0.0075855021055991 0.0199519558018006 0.70646068065154 0.0213371251411674 0.0249976109790612 0.176656170197501 0.0477606199643926 0.423380106158747 0.203832666138141 0.00151775485983624 0.000224947030267481
0.346823714442345 0.718849455246959 0.791446985973675 0.642926763032023 0.963361471207596 0.836463808935048 0.654977362954668 0.874642215279965 0.994633281774827 0.929049834682777 0.781248179627863 0.994293294433896 0.640263902243835 0.143671620331833 0.840672041474489 0.9829969309926 0.465076637715639 0.806862338487211 0.933464309717366 0.999994272302958
0.28586176369423 0.624029393114734 0.937238751751927 0.842649864604478 0.935912203499302 0.88039906848243 0.554385624137656 0.346450804919321 0.362148998100339 0.640603385902101 0.880370745421827 0.979925135831143 0.414483521031572 0.278443842038064 0.827126906887775 0.998485974504677 0.661050588108759 0.75349793096318 0.0744778987072832 0.000443394151846997
0.0828787421428047 0.570444325551936 0.566777647272372 0.799479778025994 0.109124496928211 0.382435499628394 0.291143691982967 0.487177502116301 0.894217008493956 0.216619549326626 0.0976588307187999 0.941934847538481 0.184264551779527 0.117155487871933 0.212676838024281 0.983004961534123 0.32391656223237 0.44528913961121 0.0458186266487022 0.47472692356054
0.437904081458735 0.682335339131415 0.886708595306349 0.68955668632155 0.965116616992317 0.549730351988019 0.327918012607443 0.94068260041629 0.950373715131621 0.897697284046286 0.851903702245122 0.995484943338023 0.710189420581598 0.4652090407437 0.759526878991536 0.997018388844667 0.419791114910061 0.655405037684477 0.0126773437977063 0.0743874728300347
0.230208606383942 0.587420141319839 0.577775369216661 0.702385364748414 0.360829934078851 0.566912847511538 0.275070092047498 0.51321025955456 0.372879921493361 0.0800670571579141 0.435151268813632 0.75133389742484 0.0771393329275556 0.0545190370681085 0.440606493006865 0.131552410191496 0.427119452892723 0.7980103290115 0.980011948648584 0.849860723938126
0.820158176840422 0.787630371413336 0.690667276271597 0.800116765028198 0.933088641079217 0.16857558717011 0.594353876342832 0.991755627002093 0.158196913302327 0.958664514321191 0.980900534900311 0.999189787394516 0.780013838188235 0.479547775817441 0.897107507331011 0.99955085251867 0.78229750550557 0.912989570564893 0.845885266221122 0.00115158111591606
0.348593783164679 0.692650451529052 0.587141523675058 0.693938072862235 0.789440953015622 0.47193124133364 0.558795264012968 0.763683624032315 0.928562298158466 0.862030006030599 0.929385946690369 0.990703268372342 0.464151190285888 0.311931225569205 0.885349703448474 0.942803843095008 0.772002134148999 0.627473191111466 0.317020027478159 0.999997504801737
0.654490718632969 0.664802902469894 0.737670343190254 0.770211090282143 0.971917105577874 0.62505087540784 0.440155432007744 0.869631586854119 0.0193592294098611 0.874544943139357 0.987364694120265 0.992463940351728 0.6738213663633 0.363884427048196 0.974600355106417 0.997217516366891 0.835963854885169 0.853745938404271 0.997606833493933 0.99998377932579
0.284706771499455 0.551954398129167 0.618058290096667 0.595293894763959 0.962843950160168 0.623253635283797 0.217856570074867 0.857364903245076 0.494796396622266 0.727054478056797 0.554646382824486 0.957759413574021 0.518997379520769 0.159455091677229 0.936356760901601 0.995744946452677 0.574035257112567 0.613479830850683 0.987743189957923 0.000121086671606502
0.339877654972513 0.624895557359143 0.838867822408368 0.771177391256473 0.985299651205615 0.216267617014948 0.274654262388009 0.960007020622933 0.700672408661619 0.984202487908896 0.92274228191764 0.998980185600135 0.694369321405652 0.244826961709269 0.881116577794979 0.98600970757166 0.661101629186919 0.83386454878305 0.491901585597933 0.999967391115153
0.181088586219176 0.608746901580346 0.662803458253646 0.621976100661625 0.883297036075281 0.213152054704902 0.173783129578838 0.789287457667011 0.506723461779459 0.207886954807876 0.374378654452645 0.46086847280259 0.109369075154868 0.0867580367733243 0.842942146542184 0.944806079519561 0.29771746686998 0.534256725641656 0.00150249554532239 0.999839947165225
0.120949472696746 0.410939814308646 0.0975332874566228 0.264270030534012 0.052282946898371 0.0841971245604312 0.108174779369093 0.0249237685829122 0.431693069807212 0.0495894188341408 0.0119513983255891 0.676785804641551 0.0544137508276476 0.0486677872052494 0.632746949179857 0.223158623081555 0.352246988633448 0.279643186497127 9.46762147228563e-06 0.717960530727612
0.193609441545008 0.583011674400284 0.0533481039174071 0.397133372862373 0.755236121425618 0.15386593460091 0.375149195969184 0.361881504974895 0.967549964393339 0.242365060034302 0.176668519572677 0.721142223459188 0.107788690597058 0.16392354419174 0.708500742493978 0.259876101354236 0.34075368957609 0.795870165205233 0.622933017201369 0.98615067428202
0.101538807022279 0.526964220185769 0.242475617486406 0.427298985199862 0.236336546511345 0.347028663073656 0.13323201593696 0.282634210918358 0.701954594306865 0.136126651623342 0.385008908230757 0.97525120581425 0.0988841897664402 0.0718585036831402 0.770028234780837 0.974934966111463 0.302760595952653 0.189781321755057 0.983535936544695 0.997883521064126
0.396898075531453 0.580505852872069 0.913460294032941 0.752020566897468 0.845448274047621 0.575803878260112 0.264284210014576 0.441463898885522 0.748681916327601 0.893044214358311 0.959876028101755 0.966131578845606 0.279725449287849 0.345359743050806 0.467309624922084 0.999180276937699 0.550909079319523 0.676652966459304 0.000278705950992451 0.999049080670292
0.111756515620199 0.56537899404187 0.382745969812785 0.474035587733551 0.0433686178684669 0.742336382445334 0.0692199845284261 0.382410217618428 0.205605303751881 0.26727720030674 0.46727616658346 0.321621749734709 0.232489982967622 0.127099077998795 0.117257879112238 0.838895049168297 0.373072134813915 0.710747706289964 0.924645687954099 0.113537651777067
0.193123129783796 0.713053830171119 0.209015062580461 0.699310506764026 0.431780599066515 0.587779529388341 0.213493386747651 0.990887325324311 0.808663007180521 0.235296593211481 0.872594211494803 0.995912200332091 0.191843404443048 0.161861861520382 0.775826294290075 0.989150837779234 0.7380493611611 0.902959953114797 0.996718670787373 0.999630356641666
0.398760540553081 0.72363250204665 0.919234426043545 0.499913024433429 0.994595600358189 0.385009048881058 0.705695968777042 0.298875643926267 0.993298271358644 0.752315690869588 0.964615358006235 0.997012076362394 0.576741508859384 0.252023807837385 0.909320125148562 0.945817555923162 0.420395576919818 0.599396597820922 0.0837577072961332 0.232846001587298
0.574488966373012 0.728468296184763 0.442348774772393 0.684463713532425 0.997378482846536 0.221500034550085 0.706663149563533 0.9714533553616 0.229716932389968 0.979978837820815 0.891316750192908 0.997589742325704 0.745829216736626 0.586760155256482 0.856909809554143 0.999873171435765 0.621035948893524 0.624410488732599 0.989390386416565 0.00654416557932349
0.44878224619686 0.801516871180574 0.961068424641936 0.673325013824664 0.972983352970855 0.609324110125173 0.150197743165821 0.954649242427406 0.969176388373801 0.931446747846851 0.993084257695944 0.991930277756756 0.396973821544768 0.269882775391382 0.926941654421527 0.983756984442257 0.850149835438987 0.701913967871512 0.116519733681246 0.44778365026314
0.136557913622726 0.447255182737026 0.752836588897381 0.289127165168581 0.824732435690307 0.209799991969302 0.125670151073886 0.240958223203139 0.884610898935513 0.199134990973187 0.340718270560229 0.887124940803198 0.0748455695315081 0.0644554224270127 0.41569407255601 0.849830961270635 0.636718342853201 0.396472395280896 0.972264523295236 0.855265945648933
0.409357495040359 0.614577882884168 0.797579878991417 0.809876447579783 0.723722385786015 0.070832341334867 0.101127281877122 0.944127628484167 0.743969027474806 0.255835681767816 0.445272034435263 0.828370271946571 0.401025276882707 0.203873176854518 0.661187135328871 0.99964713308251 0.323683222490169 0.709018842265376 0.00781618260982513 0.996292144847561
0.0336511281347852 0.492036505320291 0.216706468428435 0.443639853660296 0.123084319554803 0.083478477594459 0.0611576647906842 0.0224284555038245 0.0230835757076322 0.130475854830901 0.0105485188585544 0.0522213829061465 0.0272123445246275 0.0387849380676097 0.625463266223893 0.971980199559577 0.521667104251463 0.397522474701619 0.356347089077989 1e-06
0.160988278446341 0.652399948508987 0.277608623826465 0.412683215923749 0.174390755536562 0.468782878467953 0.138077406053131 0.281069600513744 0.308587948777417 0.323409754595765 0.307420617909225 0.984380278126683 0.17280227400611 0.0952347924853205 0.431648996902484 0.998510809016761 0.320359365513386 0.374903425267755 0.012366344055655 0.000511606592877388
0.49069882180068 0.574401575461385 0.640551886795702 0.844435574962406 0.986398108807519 0.368256423842162 0.672632397775421 0.919140441530468 0.900288059358457 0.855196067952177 0.93819579791794 0.494708601331622 0.609634278201357 0.416709282381608 0.706099718769785 0.999180910133635 0.268485154358096 0.748637539466902 0.000473878554134197 0.983203019135706
0.140047572038927 0.634799836784635 0.173439290845503 0.695945443114425 0.274150980530203 0.136732565367485 0.0168584168181762 0.110016450346481 0.738358203865445 0.0137442216237053 0.0246114525069912 0.983322027220261 0.0475996299079021 0.062926172302903 0.54392198932116 0.916577009909117 0.298666205969371 0.470346364267158 0.000203307140884179 0.181718875289362
0.1060904979621 0.528734093573785 0.361440053611928 0.817916130975886 0.82944949612338 0.520971246032671 0.734298416738749 0.739570271458495 0.821705639178546 0.482177556960532 0.278511170831229 0.987913188605709 0.184828345604981 0.172340183838149 0.684512930976535 0.792456360499922 0.531778376760652 0.494094582689748 0.175149817667898 0.980449730268968
0.0464157695632747 0.469920883163271 0.328992926861647 0.704400130708875 0.225872061574265 0.490591540309936 0.384166992640195 0.30004828917563 0.0424580496929376 0.430633844287786 0.142269483545872 0.794042712575801 0.0703941505217605 0.0431960491316774 0.377769126384274 0.746369977231845 0.566519200209866 0.719337644581198 0.00149709762844935 0.156967978567619
0.522723056116244 0.764745590320385 0.213354548153048 0.789170334664076 0.951594834121785 0.8761656027311 0.465272737994755 0.840658246491576 0.991857520258224 0.946455619916496 0.953303433799149 0.994506567349472 0.77497696882123 0.195658386308156 0.937537532768252 0.999966393358956 0.663519670533696 0.594156277196154 0.12798877311163 0.998389361966842
0.482580331624117 0.820337984115138 0.863740909929394 0.655244486513469 0.910429088947327 0.557175398786766 0.588331223259321 0.991554712685174 0.990282923873081 0.910221514299257 0.972458755111642 0.893860034293052 0.713615275421286 0.636062451182741 0.936812754070883 0.955583067641916 0.545980927768677 0.89570856403623 0.967517670151519 0.806177029666546
0.641173443548702 0.785051785563919 0.836762568217348 0.869688657600116 0.911287555702166 0.633238572565575 0.120716018410495 0.98763177749724 0.897457646847237 0.877640927600603 0.978906696567373 0.998499125155609 0.662795121277296 0.468293366158666 0.773515763984618 0.999583035305857 0.775071209893979 0.677262424686537 0.988708988428448 0.84720329572123
0.259758353996274 0.641122527069389 0.777786604627917 0.486297114544709 0.916534977974026 0.806490097355877 0.481269407255012 0.806413210639436 0.459470473421601 0.84972472683006 0.333423800962202 0.991491066471714 0.544681314644717 0.158373477434721 0.871808250879665 0.999390326738544 0.647633140759131 0.618248309942632 0.166484882698901 0.993691393484072
0.234008041478378 0.686130314071469 0.305597045069489 0.725233446189889 0.868639947992656 0.259385672535987 0.124479568191107 0.859942812480074 0.981044772389106 0.964235879609821 0.648841129886116 0.989590173810837 0.494566436681444 0.101131099059955 0.657890082271302 0.999972852380104 0.644778990108479 0.743176842889723 0.0928651240958138 0.994425893868822
0.123887658281684 0.487893188757311 0.372648638823012 0.787547492320684 0.280331785716774 0.349518881964498 0.0525438089714375 0.0942552040339414 0.769411196290503 0.502760331741984 0.153301238279161 0.931782430421058 0.3084463679461 0.147196447353794 0.65133934934277 0.927084193161521 0.447910000167079 0.560643665969333 0.0165695497344417 0.0206268071601929
0.0530361007609165 0.385002603633587 0.0902980134456681 0.630527605236249 0.0466804073763228 0.062456754270264 0.0428326947493767 0.170348705297048 0.212024932821664 0.0724872256965008 0.0292744200648328 0.660817505778849 0.111854534315189 0.0683779094695902 0.353653318957682 0.986933250098235 0.284713743071107 0.300967782120505 0.038176122091738 0.989479572354539
0.691982688577484 0.77573404226295 0.781864104545986 0.62475252718063 0.99497101061181 0.802649504026515 0.624746335436096 0.987509432031894 0.377945146074842 0.927771781440024 0.991424915799187 0.949222853895755 0.822033625028211 0.544422982049883 0.949263323047313 0.992859931678363 0.675208147613807 0.728761044321275 0.952011835863767 0.928612421901849
0.539491221429426 0.683717350905037 0.56131004378102 0.65799549760727 0.971428477503637 0.390036871591485 0.693588809484738 0.578936854496443 0.928649712324485 0.852740201250168 0.275170265568285 0.995407018084331 0.520738300374637 0.230764536889377 0.945394721079917 0.994994557590888 0.671412368686833 0.75100405895876 0.611176060015355 0.999957141060486
0.343784653129978 0.731527135250267 0.99183501963033 0.475144243361204 0.992229529553218 0.836796827505287 0.165580395782944 0.971752662085439 0.621924526211363 0.94062174566015 0.983107461681541 0.99951996336087 0.536991641577372 0.200972510593471 0.899432968517242 0.996386873648536 0.634554127813264 0.766514610831997 0.689966031466484 0.99960825795076
0.153076036508688 0.535012243747448 0.829859397769264 0.712211251247183 0.954553324795314 0.278549567415355 0.025508342514029 0.047942125550882 0.383156695191602 0.16826587113684 0.598571541971397 0.482796535229405 0.292804389073456 0.143377669390113 0.588434984602483 0.988838894850064 0.40217022877212 0.221175471618004 0.340693274390769 0.000464890132757467
0.250760041094942 0.565589801602642 0.382289954460319 0.547397215423199 0.459881300354034 0.183964652483291 0.0788239135028181 0.175519380277997 0.970529214922733 0.104796393387528 0.256792594806631 0.938209157122784 0.214470594627062 0.110731879405864 0.867952453891831 0.27909789515937 0.528463378252206 0.6437427781033 0.0149380849709068 0.119375662595223
0.221189444826616 0.524190817246576 0.478774838813707 0.822615272780343 0.474398525142218 0.170386119705986 0.229535494056973 0.244850343000343 0.914070669527783 0.491478899859512 0.632724228060593 0.778605987184743 0.137855053537203 0.24044942563369 0.709476109189501 0.971070429166192 0.670036463531351 0.60843161293227 0.127372437727658 0.666163221357227
0.113609384423312 0.614694061706104 0.192899486177197 0.579743276390651 0.226935875894582 0.326085221747983 0.176022735516042 0.0784422466217562 0.0166592201477061 0.111882639669453 0.0236336806792444 0.918789824256065 0.184593289313715 0.0841682548372391 0.558267985469085 0.844981291422614 0.543538520412482 0.568037914195917 6.04668466137279e-05 1.73129904088376e-05
0.312123548006871 0.726867601145324 0.469924801054329 0.640708930041415 0.663991596787922 0.471442090704955 0.14499216183874 0.386491781768022 0.574149054765891 0.433379599143735 0.755605996467235 0.742022860876153 0.176643367828289 0.108446909391766 0.904156102144587 0.692600731335876 0.336338437819541 0.306035754512782 0.0132042436349556 5.40204877920635e-06
0.116729637441723 0.631775563819591 0.40773079370265 0.710984851675654 0.419035964988095 0.608254581038364 0.155620442972859 0.45354366522379 0.0706357835283399 0.478104848929969 0.478405621678251 0.959032750027577 0.150266781997708 0.196453262136346 0.417485772812989 0.14897996833538 0.606691826047465 0.702011169074622 0.97414622700799 0.694810786903728
0.157265437439088 0.55559834369748 0.264757734657941 0.754086160981671 0.264396735611057 0.586217219670504 0.312198995767784 0.175718273194621 0.443903092122407 0.0507364235599514 0.155625066344548 0.847461467153591 0.164317389346522 0.101339803048375 0.554752553164095 0.911639227360063 0.690224310472312 0.32134927738228 0.00162735072552219 0.0719465515825765
0.0309192529997342 0.443438366050347 0.0211756197500727 0.831426109364461 0.073088861108505 0.0871460121425995 0.0120931957289973 0.329079375587061 0.000239072625517799 0.0629008786299619 0.102514900639498 0.732247436358987 0.0898934418030102 0.0479594180187085 0.562800665366771 0.863577186356816 0.227011164640056 0.352983453124354 0.000562239070425968 1e-06
0.176607078740671 0.514271805079443 0.333901759437573 0.777336726933354 0.208018002391493 0.569137925539747 0.0291032824258756 0.0438068932342477 0.424120244818064 0.128375545998818 0.162005629056999 0.204352899825731 0.151323458385968 0.0987616370366081 0.82130988297798 0.995403089062595 0.49070498713041 0.556625411419378 0.000374388970182533 0.00333811640147061
0.715605604313077 0.739249952334672 0.878067254468551 0.589732115606573 0.847643354976135 0.273028429790515 0.299299605371915 0.912418155489242 0.964285949623531 0.813289885879167 0.911029303918067 0.960657313730323 0.477075055157495 0.399841654843603 0.822226488124901 0.97052826599688 0.582574530620725 0.782713398466962 0.991784808916994 0.99972722926899
0.745592507111138 0.785409619749724 0.943677183840075 0.795521057769327 0.99997007825102 0.792687266730064 0.778381620434832 0.990882678743483 0.960135585493225 0.97536603973492 0.995495893234816 0.994546449134187 0.74131517500197 0.428093722002462 0.981943109485013 0.999976000881384 0.543603197125724 0.831198943583067 0.730045934698375 0.00616083835328472
0.0263598909367905 0.371991025390031 0.159497377755472 0.196861604697506 0.0566544055653488 0.366760709193236 0.126623656642882 0.0167710481711926 0.125970434472594 0.0710990712676907 0.0106626218897146 0.219062978875695 0.0292289802538771 0.0196054968239672 0.209874405658549 0.0170025372323212 0.304879616621097 0.471773307447627 0.0038394138515348 1.77622450177146e-05
0.38427249513358 0.636026481093767 0.676089252856842 0.683752224153191 0.962468480873255 0.162264167885356 0.0889799054928313 0.874271152116238 0.951075327243414 0.785912896887321 0.843928556434454 0.995870354729838 0.151216170002677 0.187155918543687 0.517676102703226 0.980506317912194 0.780934495426521 0.677201426201466 0.802505785586437 0.0292014347985217
0.280110517060761 0.696303989543952 0.7715284582323 0.804240168972308 0.871602956878621 0.603815373667108 0.179635401569362 0.880928681731753 0.172377682089905 0.656702270745895 0.546565471759377 0.996037271787799 0.198922603978212 0.306223726404542 0.661144230794248 0.979856160132417 0.343620301517301 0.382183618176774 0.106677904638951 0.99990105320834
0.60096430551093 0.630248558488731 0.639940657327223 0.418577130098695 0.966862968206607 0.802012849476739 0.362526270189071 0.143232918034794 0.593236284785022 0.816290679896824 0.931808561009984 0.996261439289401 0.466650056462374 0.244510425059612 0.942945341245674 0.999051236869065 0.751749425847656 0.801855909687479 0.993229440979979 0.403487817313942
0.664828636514895 0.769155922691873 0.794920940751613 0.826049683351334 0.989513773759037 0.797213602009131 0.512985380882057 0.989562813951781 0.997864766537641 0.965349326834256 0.995905476948935 0.998301513137436 0.947156976199081 0.581215296312344 0.943960008268376 0.999773436519519 0.861205773627932 0.706369862875823 0.078647938662825 0.054161791991498
0.170476453820479 0.628078543507594 0.570457360349688 0.55260505070298 0.206122800095279 0.40027334661368 0.230179009474812 0.743464127592421 0.882649165635825 0.338113933581993 0.416285195328293 0.989454004360832 0.140262585570292 0.204952559026107 0.453718701058151 0.855661970075483 0.883224531107374 0.640227089302441 0.0162868683135968 0.998428150811794
0.32179031559987 0.691169238507729 0.337230695542937 0.56640512005622 0.957418913054569 0.496149268497209 0.591859303767753 0.833357066547872 0.79108943798321 0.271460965244183 0.596442900388766 0.974731697699138 0.42345698337361 0.204099263311244 0.471102185305517 0.902782458916088 0.661786935691157 0.525162058604269 0.720980311052368 0.0089870150424032
0.0259846808538736 0.518890145182935 0.262603247169576 0.566980437784801 0.459110479408367 0.261697883394239 0.0164944270943241 0.387089126026945 0.615434834913714 0.121802082815958 0.0538772191303521 0.287929427353873 0.147315636349244 0.0859840068891734 0.327864244713658 0.671876245062848 0.551445689395204 0.299591724204948 0.0314903958864769 0.989715224932458
0.213391338062057 0.714790354057427 0.504828043856197 0.712042685153246 0.786051255275146 0.541623131829892 0.165739593576015 0.832315420126226 0.465799125160161 0.563023546625627 0.943374252385056 0.915842450697017 0.603742656560547 0.259651313087345 0.660830575308545 0.928715525173722 0.630761319847996 0.656367932459534 0.42259140268648 0.99995899162557
0.286998015051239 0.697842775497177 0.427811734593104 0.654422794721825 0.821231987834761 0.355551362009906 0.507484887640481 0.388083423377803 0.0504585728345462 0.427108217541663 0.681896630260704 0.927685777528538 0.347955438607262 0.223741628229876 0.74989671591948 0.991118696211343 0.375417803883033 0.639970377514551 0.0105470779526625 0.000370526361185871
0.649564563073625 0.597403657760675 0.634484634164049 0.698486132942305 0.883151504699718 0.396001272708466 0.0957975770580212 0.989130232891957 0.950386346793294 0.716173978336807 0.689971614207145 0.952804904288607 0.483915696005085 0.231267349406458 0.788893419733465 0.989656588008671 0.475650137896414 0.570648315864269 0.102065440082201 0.705826239462448
0.071284318172033 0.565073651913737 0.0719537512156911 0.786697442868092 0.415739895249455 0.391535705427326 0.0110704877008264 0.0655576368692467 0.0222604846685444 0.146678213211615 0.0712602549721919 0.710123641525937 0.150213831266716 0.059554062291799 0.36844703843432 0.851176461422054 0.537159262551902 0.399954605532854 0.0113170041951164 0.0198932325181789
0.107647906137828 0.479613569020197 0.268126070569177 0.606018939292634 0.191413157156253 0.719134717248127 0.0426803409085848 0.217076818038356 0.445466506357899 0.344150085471183 0.0233525746046917 0.98227894499255 0.0745293107879009 0.0695890276067333 0.635450561859378 0.824145619121579 0.295498167400338 0.554343050918085 0.00123911169320753 0.997480594077437
0.208245077130543 0.611959152605433 0.884045286250064 0.737416785081624 0.24812778443635 0.402559832026231 0.341743312891296 0.705222503460101 0.661638904132489 0.753713189284099 0.963960451862633 0.999561436399106 0.436209365055955 0.257900950613632 0.768801170161009 0.992378359584333 0.36189050045581 0.721135805781242 0.00606783089320962 1e-06
0.266298660828976 0.602385261137142 0.673394681513009 0.331775080833439 0.927184626557189 0.422831089119211 0.420777201797327 0.946797432526989 0.488778133651692 0.879270842758212 0.886083735398901 0.749360454156044 0.49444883333556 0.415663142054306 0.91526581845188 0.994466265009819 0.760717159519346 0.807849148533548 0.372958859332833 0.0348693754460741
0.0430279969924431 0.605302720998374 0.354620485664795 0.756560504120658 0.101955819409474 0.193027668741535 0.0407529448070464 0.191989317061574 0.224880520769548 0.0332043727732748 0.00584280424869304 0.97822956810604 0.0317803829402376 0.036072898704167 0.385996241267328 0.667895507682144 0.370391034391006 0.272872013284817 0.00457398031116253 0.0325946773060836
0.840333691884347 0.829578475339309 0.927615096504079 0.880703399778703 0.938879509457397 0.281442471911693 0.551593685754088 0.999362429393092 0.999808372238463 0.98892682583079 0.996063279289711 0.999723315898099 0.925748992293285 0.428348984447602 0.880061488162046 0.999994784181987 0.565293443741869 0.741473707713477 0.999637077196591 9.86773497671241e-05
0.345770705278831 0.482804402503332 0.319964584592462 0.551465049113547 0.365158081728886 0.399473055774982 0.295466325911851 0.796772593346109 0.672331415300334 0.0453630347978266 0.575591648851041 0.98566557796429 0.350021785904117 0.0993423517734197 0.665066632534654 0.679672853632656 0.693086547876241 0.642060051558218 0.00117933190443459 0.38005826686261
0.132301030527143 0.537849416855483 0.755628835775256 0.781650117679598 0.761541601673738 0.732147081240929 0.180667451271559 0.130039777226971 0.586700964854276 0.129623072157524 0.563762229460852 0.918310254782719 0.174728663264649 0.0940863493309731 0.861548236745204 0.898970027824835 0.524157512806688 0.438896677755903 0.0393275685995664 0.67411177677447
0.0764495304033397 0.73236605584952 0.126062252779559 0.39687588295235 0.727135540772804 0.552816543296276 0.349640040684867 0.524042912979116 0.554234021855707 0.72299381260286 0.096922223862257 0.44486283076944 0.187402422876888 0.157733529891833 0.643048388670763 0.943052443572398 0.239283389027434 0.696610476504634 0.882955362774459 0.277510065623849
0.0686570936148355 0.575377082507932 0.589157968535963 0.753548941220344 0.527428431062968 0.365746208764812 0.469226467455555 0.392645788934399 0.797881835627101 0.125701555041981 0.401015739015944 0.591271000254093 0.211015229470145 0.0744071483977755 0.303066987701113 0.929487056877192 0.774980831454018 0.58397405975826 0.00545950421673491 0.999961580570456
0.158908086815605 0.584466858610829 0.298199855538289 0.458010827393786 0.54486770505362 0.311596414869099 0.0221326602522986 0.134494723485727 0.043142070381218 0.0253776258009468 0.952623264194345 0.520668320675959 0.186201900172638 0.0625969613185252 0.372984762910123 0.859456971336972 0.351417799709423 0.391596487756689 0.116088150409527 0.624822003999204
0.16272431843951 0.618247780671004 0.31084963210398 0.430565863405897 0.423871752851549 0.399655971541112 0.0574697981797049 0.257452253887348 0.20184367288168 0.597726668629862 0.0229690827955807 0.617833691323752 0.113637912183186 0.212283457069953 0.663506054216186 0.67800172790164 0.658117755422944 0.368524110185927 0.0715944498012896 0.000100512896564616
0.316289900399115 0.647515529268169 0.821569570761188 0.452092450449802 0.887328008804524 0.498234788754962 0.437486783865706 0.529556267868801 0.134239925141222 0.542850663563057 0.771911459203565 0.945281526306005 0.436353435136131 0.370695644597881 0.749053531086622 0.963330631205852 0.36783417604799 0.719936664752547 0.0347942616110551 0.0590010499374052
0.0366727610564333 0.525629468938259 0.410822404137892 0.397420786822646 0.083985043263519 0.410959499437543 0.015170775999739 0.183703253076406 0.0282728495170579 0.0507370959960463 0.00905982578221707 0.478032938446546 0.0600442464866196 0.0298738533490769 0.432507547792977 0.850287687299294 0.57913922134409 0.153159741323552 0.887458348367392 0.997559545691902
0.488001432929995 0.739513795691228 0.699634139998437 0.644526147888947 0.661397526697937 0.537955121756208 0.493383171574476 0.933879218782149 0.429755083982855 0.674794413386969 0.990275477197976 0.841825468043052 0.58149291954941 0.24310285529927 0.92330115276397 0.365160072447497 0.284696959140281 0.738003420763785 0.152418745174283 0.999993432167244
0.254773142476101 0.733800868652626 0.594778921978889 0.658264560058719 0.925675412435651 0.873877182741734 0.151358279270592 0.949933360694496 0.830506663596851 0.752825367183734 0.904311435145367 0.998833718871553 0.751016054589766 0.264553602995705 0.878726050992884 0.991212740378979 0.43642335569548 0.703451356481651 0.200603138603802 0.000723606688501464
0.0345467170182829 0.311681452170656 0.144514209504334 0.414033719085669 0.0407390966381677 0.316108841124007 0.131718526866956 0.0259325258148437 0.0137298800769317 0.0102205445162289 0.0265978701339171 0.726306800442265 0.024896040461698 0.024861564463913 0.176408192452465 0.669991970689234 0.316642374355704 0.184903188417404 0.000607409757272735 0.000299858140186442
0.734638350752229 0.730878260613461 0.884961190580627 0.909583454079915 0.808959473406945 0.2734398828041 0.557872792071477 0.989092792947846 0.955931247374612 0.957444972129812 0.986241686946163 0.997872608108967 0.823318947122496 0.540779283719161 0.921879426090216 0.960190947331447 0.812496437039278 0.872751907111736 0.535399659378991 0.998296672174593
0.313347588371631 0.673493319518096 0.485489114684049 0.581736643480318 0.553889548776554 0.751561544094691 0.258782996204253 0.186452276907352 0.61091773297786 0.396265980419192 0.198612520036513 0.895437539193896 0.171897618938361 0.264706715250447 0.470761950109356 0.989936806611116 0.561642529914705 0.317431881605058 2.68855505181707e-05 0.996123261370526
0.302364280017711 0.653945244463226 0.914757337931391 0.837766163329797 0.398955558319731 0.748696650735109 0.679319902153565 0.307699197086728 0.569244974025131 0.854922085644102 0.703374165319035 0.978633281349894 0.405676009891044 0.265190866848839 0.882747096539221 0.999555216579277 0.509032091854644 0.609637225915138 0.672356061203596 0.172647924855606
0.0710006023991014 0.534423086493349 0.135613614372921 0.413916644623138 0.5582804762872 0.118784337648614 0.114607734914774 0.241343563998028 0.221555107127196 0.0779699794082592 0.0614302067338512 0.445985708333464 0.101743958873195 0.0500054534199009 0.531508132054393 0.807974187346739 0.295431992006516 0.349253238768849 0.952639155175014 0.70474325693086
0.0275980966411821 0.537295026179428 0.0689241259762885 0.647912960300823 0.253007187862651 0.147229368779393 0.00630359973306664 0.299628388089264 0.069405802510037 0.0493619083590796 0.0258094623432767 0.12984721341949 0.0554709250230574 0.0434384203785826 0.388521316466168 0.151275584238875 0.714400207720449 0.294277527700003 0.966324621434166 0.999819808715301
0.390745757339383 0.669164648168421 0.424970202879332 0.697941037568804 0.39142430639699 0.343380302798537 0.165098189615476 0.723049310904385 0.824199607694148 0.885353405037205 0.883818089669336 0.96280042035997 0.679881296401546 0.292645005578817 0.725308030232811 0.855425906153485 0.627677132345697 0.626651022476957 0.648041166325774 0.79173787731958
0.123771011450207 0.335453120849249 0.577362879700859 0.501740946130265 0.0548091703480325 0.0622236581768327 0.0555563017649799 0.0646801060259456 0.0352331981824218 0.0187346859416849 0.0605271298768864 0.462531488729973 0.0906217428483071 0.0240961807303199 0.250991949864542 0.0170990703329764 0.560277860067969 0.369407870794004 0.785198991887912 1e-06
0.0165171578716877 0.469633938727384 0.0413410214823186 0.813902568291545 0.570104424366063 0.476451881022821 0.0356258188502096 0.790353065441148 0.902023492344712 0.126958907174932 0.00547685109883169 0.90735523126884 0.0645773901899462 0.139074038700952 0.403442818235555 0.787835119609773 0.375788477303734 0.505070856026303 0.283498419261855 0.0221288313316021
0.477422596559801 0.663756310541949 0.840498030494467 0.414769482442404 0.897279535986943 0.74789845915508 0.258558435786089 0.74999499067388 0.231898412525731 0.565172266624183 0.88318674604869 0.960037783279256 0.375708412032192 0.148449224023014 0.496776299814814 0.835568276996401 0.860231716694085 0.601770506074702 0.68681444976692 0.9982536966805
0.0370325342555134 0.457194798303446 0.168066802579356 0.563040877871679 0.0368715433392348 0.15780449705164 0.0731246227999119 0.0797558322468349 0.81798256916139 0.0683080220970904 0.0327280080489735 0.921147207503935 0.0462561294287715 0.0375344713756321 0.509355014532432 0.150317540425042 0.433610192058579 0.540769159278989 0.347404769741871 0.993825571405237
0.0743700919061002 0.572794551611293 0.0996697700025489 0.546679481350521 0.0362340292345682 0.183393042291228 0.0141180429574681 0.24881532160347 0.16722694247438 0.295137396745419 0.36349075927082 0.416457230159719 0.135490244248605 0.0643428247012302 0.137260069687887 0.967622385487625 0.373091334093938 0.408394443008454 0.323010956551117 0.458205755885724
0.888240718531933 0.761659237733776 0.866795193772612 0.933502859536085 0.998800382592692 0.613653844910566 0.797707578709533 0.945466328778007 0.902823064467973 0.978052567141983 0.972503930044858 0.999349770495396 0.745204170546486 0.465416325198732 0.980279712918942 0.999979081902383 0.797655694881966 0.879437728333877 0.488311035272237 0.010625521411791
0.024959795771208 0.457028304932953 0.31554150864357 0.694791318148948 0.0933164970892304 0.241716295331795 0.00291387796220011 0.0426762053201946 0.0529442530201359 0.0455284560478741 0.0224871613592902 0.198106243562938 0.124581817232867 0.0451189317511415 0.484820215323812 0.206235027189214 0.594394533728193 0.375237917550349 0.000721493614987924 0.313448431512692
0.095047607249392 0.631719411179707 0.334678406530686 0.729191337338687 0.450411678332812 0.678507401236412 0.330778394100221 0.288619617718638 0.0974893694545401 0.199960881919508 0.0239191189437709 0.299797446236991 0.180562733434821 0.0622681194662756 0.66566720799047 0.991822407119169 0.50885521099604 0.509211286482222 0.0683552401347548 2.61552058596282e-06
0.0907755673365643 0.472680743595595 0.258146835236 0.620284583435275 0.0143568464077062 0.266205459018055 0.0119457317604104 0.0620510300235945 0.567052373054853 0.208892709416331 0.145923219018993 0.502695773206173 0.16648068623287 0.0478168078876133 0.561519887866012 0.998187440780944 0.604429122122145 0.490308620512974 0.00835368997470992 0.205580966454566
0.0553706819658744 0.486880632673027 0.313472041806136 0.49000446697795 0.158549824110419 0.459022571907191 0.062926531277962 0.0998246125371994 0.243667202345508 0.109563997011787 0.214458370758368 0.705628424554216 0.113725491111324 0.0396629039616087 0.605080383243185 0.724403108305271 0.30093963771557 0.224800991383143 0.143570318386563 0.958732887192545
0.174074061728745 0.617553237765042 0.426977688827554 0.653098627450651 0.247519681910741 0.100293193159891 0.319584365529033 0.581591483036975 0.651684051174637 0.231605224736173 0.333203815207175 0.945533899290501 0.483340480350339 0.172509462415384 0.790133240438461 0.98937699300358 0.37931946297935 0.504071159393629 0.0638519580212338 0.887564883560988
0.0246152260972105 0.409832858063431 0.194681664023277 0.393102416722181 0.13660741262718 0.57896195638111 0.0322091391100314 0.188904098921114 0.0336293575557704 0.0332877750757456 0.0142598608629328 0.38856731349674 0.0354192408188186 0.00917137567516351 0.324670050091465 0.0192177792716186 0.273020184530434 0.322675784451411 0.00149895638660931 0.000295648294475416
0.522112979963687 0.715101337003042 0.505957899464202 0.658973513073648 0.985630229378657 0.0840695536328246 0.0982638160190116 0.920017362226997 0.920577945563363 0.917578105392262 0.887904770375677 0.986598731628495 0.485402698459931 0.253870380285858 0.895129867119808 0.59278398302862 0.603728106541651 0.792704655225438 0.00896511364918281 0.0980425703732758
0.125655025732022 0.525992613357647 0.472346186480059 0.484312655332962 0.457564528197311 0.171639418838137 0.0737611003293742 0.328040560714411 0.655641707222328 0.293173997188799 0.259211110476936 0.894722466288412 0.134543986388471 0.0862551004841595 0.234080551869992 0.779758336152309 0.51516553916598 0.388707019110998 0.0148929352750475 0.947153365207908
0.0178518825800239 0.37376803895956 0.0346519954811256 0.242554094505468 0.0574858438767932 0.169644955717602 0.00228748282777924 0.00179592736061012 0.0160743479308488 0.00519195822392462 0.00186090713922123 0.113020102150512 0.0263673144843998 0.019580686824959 0.0926440500888012 0.0431432578469832 0.206912646714305 0.140676588998786 0.224505703815623 2.1241013833475e-05
0.244133814914068 0.633369303999632 0.583602474065979 0.605910877882875 0.602279419526239 0.447294619957514 0.612230039306476 0.623563579344959 0.854125757753275 0.683876909855926 0.698259667434254 0.984001731527524 0.284710191141712 0.189850059472804 0.696215471558267 0.999835025449176 0.0940259395807111 0.52603979871074 0.00509876321056633 7.66539641915144e-05
0.0260659812431721 0.542471126636924 0.268673797346528 0.598513106219861 0.186867184752501 0.186791552435991 0.004956698479037 0.36531076798306 0.567226072902381 0.106157561708868 0.0195538138455702 0.773937640618459 0.0948992290856529 0.0249733429237922 0.485065235458811 0.137156857215537 0.703741986807994 0.479738077662253 0.00799656215875475 0.999987501605794
0.18772939983391 0.607508007297948 0.410405157395132 0.875803010816499 0.574354739645711 0.452806035175335 0.0919719324224223 0.953619489237543 0.989091305184892 0.798796093502023 0.815459951516663 0.308703319076723 0.419606416550425 0.440654688170462 0.928124490034663 0.756621729120644 0.652749052697038 0.842175014420607 0.494533260219201 0.963992662192428
0.455107292356653 0.775115694686314 0.788139792993757 0.750946802509808 0.990120570291544 0.677469295407738 0.284193826774263 0.969101056264536 0.969434670724267 0.781157848850451 0.977305316198712 0.996283975469081 0.529075446127677 0.248015108933009 0.92230615745968 0.998248430069019 0.814074633670538 0.683402480014627 0.980686316820735 0.999555751517569
0.194061551720569 0.680914627899443 0.680408744652086 0.434134335736654 0.571004857269335 0.555962731829635 0.0651055342036316 0.893781854103316 0.634656755331314 0.519379281916472 0.883726877724671 0.990215817783552 0.220504206745949 0.120606500149742 0.563884064227975 0.707052697405054 0.254572738648807 0.478301126143523 0.327429185495263 0.999681233942961
0.072283009946429 0.518771009623387 0.532978725625233 0.235090039373015 0.281454886439732 0.513151282098998 0.228506502921946 0.0470142262374048 0.0433819520678246 0.0859136755673124 0.106936890633632 0.638518025031448 0.1013320669366 0.0486612718068998 0.211952223016891 0.921489280815566 0.435502604535324 0.198281992259679 0.178016021611099 4.28816161170443e-05
0.548205605449755 0.685006321384574 0.767580067148819 0.610771014132604 0.939171955957237 0.452458990663874 0.419882331179694 0.679126261043187 0.895389492545208 0.569284564764143 0.919747871241427 0.998964659803685 0.555792906633395 0.255584287216852 0.82182337938139 0.993426863577411 0.537187517724922 0.835744024622859 0.981233849199401 5.23446204141814e-05
0.545790482508618 0.657250639477055 0.655035005473422 0.546996147602873 0.978188339442779 0.593497727047552 0.884763616433932 0.97279257234526 0.899078994810672 0.984825004444909 0.892707213468566 0.963483197941055 0.75791686053997 0.704745566336023 0.892754966231092 0.927543437885693 0.719251658250584 0.848370672134307 0.0322563494850209 0.999994621739731
0.0569747585524784 0.457850264206211 0.938868429822796 0.547350447948362 0.0275324704111795 0.814135361040944 0.0394872461297337 0.110771687226077 0.583764808173843 0.0801379385611456 0.0507233534783608 0.937155687258023 0.097694247417308 0.0753423582548273 0.692381822679274 0.952981000722494 0.624358343031201 0.368089425171982 0.00723317823715588 0.00475257725194914
0.165706387463874 0.542574972343824 0.313204534479994 0.63808962179416 0.244468998025262 0.403857452358436 0.0565815232626337 0.560175276954504 0.295498115287832 0.221106262815709 0.0987884269663086 0.885321613078047 0.166637619917479 0.0670436977236476 0.809815682583559 0.931422365216551 0.716760637697092 0.469113168932704 0.354464192450892 0.996002774510347
0.260134630093812 0.736563268574767 0.883797579686379 0.723230444309995 0.872469613446177 0.587357386820791 0.15418807355325 0.602429784106001 0.192410882666213 0.903722382729215 0.972740425231172 0.895881036607277 0.465809591477352 0.329968649660517 0.837983312773934 0.999748120703722 0.719613285015819 0.597767834249542 0.00194612013492932 0.000257613971365547
0.26191730880239 0.569722335183961 0.614391499247113 0.859601462190737 0.903455478009846 0.169676160261714 0.0832693868938009 0.500411694594305 0.156704810593271 0.182804989053912 0.42778886345526 0.976060371238601 0.245835598763358 0.0860235449016995 0.384956364449131 0.872076912957145 0.353921266096077 0.767852096424514 0.00020099256582413 0.0263197988915513
0.202929186850819 0.579762136695557 0.72972931941749 0.773231153848951 0.87350848497456 0.459552461075355 0.139529482576897 0.49068168386853 0.466993000808757 0.142472438133916 0.852537090677019 0.555318704109024 0.451832007454814 0.138582815678213 0.781250721212186 0.988192939403831 0.500033137211165 0.502779558359275 0.616863539942205 0.825855346369632
0.133615258514337 0.669284649262317 0.649278205052974 0.710682313767934 0.894175473045687 0.470475427729725 0.201938922765629 0.932824197253655 0.015056111576439 0.267659242751772 0.9850277720602 0.959641216112213 0.487050142732989 0.123667218785333 0.850410528755133 0.401937385605178 0.393938946437936 0.538510272551127 0.00606304213133734 0.177794166312356
0.254498774277786 0.669193287405961 0.402521337325975 0.865365241704144 0.936679147740334 0.500935510130107 0.239076398230537 0.613131621438195 0.727731422695879 0.558781491460904 0.814098792506433 0.999306845990724 0.418502708684955 0.25829542678445 0.904355256767738 0.999003503843927 0.465823688723647 0.638833376545083 0.016514034576966 0.984255437909715
0.0867124721975907 0.346913102326329 0.378076851969769 0.479637078655924 0.488582667686948 0.415623682594535 0.0519147313522513 0.0707231187785867 0.54710074291376 0.171115829488721 0.0339000230786148 0.82393943063992 0.086180548799979 0.057980448871256 0.460107798512579 0.368623166719682 0.479245972669605 0.596986187555418 0.93152364864407 0.247003291552645
0.305178175202051 0.53623167126786 0.908372648689421 0.738521913636566 0.784224798009448 0.221835686787512 0.0662992972220786 0.81506127720257 0.977124500512461 0.527369942253597 0.89211166783482 0.96381755505154 0.395206547342525 0.122698848358677 0.722544209511341 0.99380398954752 0.513901560427193 0.634685034406112 0.0149647507817517 0.999888301806255
0.116226005612369 0.573765818565615 0.557111207387097 0.317529793150199 0.284533797051102 0.395761879110655 0.0676126860620815 0.0850617801429918 0.810614096711374 0.022082738327844 0.266696970850995 0.563714864088868 0.0703870819600461 0.0394555973747349 0.817304570242464 0.965815256992042 0.351556393451264 0.489886496814334 0.123288891607651 0.254883454154356
0.244496132651977 0.75680476079923 0.57611704809871 0.617299494129822 0.575191013986023 0.645589399654738 0.302258368522109 0.752302878673817 0.998670929583383 0.656123682629922 0.561772428984122 0.969634691973427 0.454575306003046 0.20386405908383 0.51485470330303 0.976568015549038 0.253702403989861 0.819096065043504 0.748729587472262 0.251086160438268
0.324221319179486 0.811489596159266 0.343725195835536 0.758563829239184 0.948051365494836 0.144484633273472 0.253245336644886 0.963157070144146 0.952305117609219 0.947747674541408 0.865617049193017 0.998821391211962 0.600722014086331 0.511331169640506 0.852216826530051 0.998449450061982 0.502801036030165 0.809193677042418 0.660194614065833 0.0319193606128912
0.659447001121527 0.683388242458492 0.643236442273664 0.635600922077941 0.959804902194883 0.588208128347803 0.62357169406924 0.583748697571125 0.974954905760549 0.744326291142372 0.779593727142533 0.985900153165937 0.638586064030156 0.380756363151679 0.924367855994058 0.999772704742319 0.756553220427707 0.675011343539913 0.81312688948129 0.989234228312722
0.177171206739854 0.666353723685941 0.923329816991334 0.52589424196863 0.32738354889404 0.453912648091076 0.10389685005196 0.779798769549904 0.022065495074975 0.550944230503168 0.528510985072002 0.993319437259321 0.205166037639097 0.167356125668824 0.438219805616638 0.989526207630814 0.253704702383721 0.590068822988501 0.913693239737448 1e-06
0.252853534725294 0.662021775326547 0.866745357861413 0.673212675447408 0.731662402249568 0.162079881285475 0.389253694114286 0.896138071807816 0.70159319931737 0.906480003485211 0.622597263132728 0.99198646939203 0.264394019436435 0.371724876321155 0.836474192591191 0.996697851041888 0.271496589933912 0.771865557445487 0.0204524125543708 0.977057170745563
0.423257327559551 0.700691739872748 0.859099783570802 0.701341003077895 0.906175263321962 0.601544037012565 0.502113721451877 0.980983838975449 0.994398552268466 0.964318526468081 0.84841219692324 0.992959333552354 0.618915862439654 0.280571923553733 0.765385087910506 0.971842655908794 0.689006397398852 0.709101757545326 0.9999886679652 0.998742569971733
0.0585053621594735 0.386204757299964 0.113291514947854 0.385868012210162 0.0749908507102523 0.794236693728429 0.00550590739592177 0.00578277672159854 0.124417336431861 0.00347949473489506 0.0279738722255597 0.161100177546759 0.0147449285315251 0.0344271440928621 0.237344149109621 0.249580782716343 0.294968403743718 0.345422780735455 0.000111401645674382 0.66470438541644
0.0521712755215587 0.476766270434378 0.124485681179735 0.540625645899343 0.385981701591934 0.31503495337038 0.0258824502836039 0.160349964418432 0.499230363199669 0.102150024831741 0.386524266737029 0.37353669700658 0.0960908891045554 0.0818911377099013 0.44790746311442 0.973626660759607 0.531188841090097 0.485827127525733 0.000188803810608812 0.00273882577524356
0.350036216829522 0.717693142124433 0.456819534911354 0.656901763503106 0.662241864395429 0.246312356976255 0.170352412666091 0.256287671517483 0.152670353488075 0.668241164197467 0.89307295289456 0.998111620131234 0.158951048647723 0.0629521849974399 0.865504801777261 0.694850314603769 0.61865887569786 0.622132644626336 0.91384409952472 0.998953038593238
0.802023394389798 0.780602267479003 0.920579421643984 0.50256857229328 0.995059926207406 0.72054570731227 0.202049573383867 0.993918099296367 0.986837582219641 0.923807079924989 0.959021829700321 0.998105559541595 0.650501442637041 0.493258489092392 0.887254599015715 0.999084954791184 0.674515371767778 0.797408885949396 0.992635449882204 0.790259598643373
0.376369327065896 0.721746754385928 0.664361349467026 0.420301673462168 0.775870755624592 0.467621170024606 0.196639956334814 0.886666710565308 0.707137990727742 0.334404816544001 0.934387615746114 0.980467448169896 0.412733386769626 0.0899146215218658 0.796265391653693 0.992746457865493 0.474195365213678 0.668918903796471 0.105252275320208 0.0464884896049456
0.0684889590666522 0.561349061618429 0.723482374282128 0.312143755485508 0.90380928947153 0.144454721859393 0.0355572519910793 0.646749000643879 0.611681965568634 0.130464579942932 0.444728954459658 0.979241375243322 0.183697008764692 0.0822017963539846 0.466984891952137 0.467879662147526 0.671003683175593 0.328111836841052 0.973746286693992 0.518349255039535
0.0307228153546868 0.419191011296581 0.62199444306595 0.192591609337468 0.00939992480474459 0.493261483601911 0.103532579188066 0.00237164458913095 0.511782225154773 0.0347546008505413 0.0366362550159041 0.227046497865636 0.0658115584448427 0.0361568300499487 0.512862581774351 0.0800387145217828 0.399735048999276 0.157881795768679 0.016481026852037 0.00751399344897557
0.0353918090808032 0.531346289694366 0.541450096499545 0.444291667842936 0.424885233741001 0.258496989890366 0.0217973887067704 0.00366834997547955 0.304600144785763 0.0720110030381394 0.0138875709915846 0.818513899684621 0.051460535665106 0.0778478862345692 0.172261389097619 0.978287762435251 0.538327048674307 0.208377426042 0.0137324177107093 2.69921582671039e-06
0.127021683075951 0.501340078975087 0.282087153835444 0.478542361137138 0.877535632453515 0.337656810065864 0.0760621500395045 0.454208846877565 0.980284247266827 0.0728862671944723 0.326416888572606 0.8421884105379 0.201863776536988 0.0708664132856959 0.63288414417106 0.720575401378333 0.552614511364287 0.576529657899835 0.996410205578482 0.99992223025794
0.497468429036727 0.713729618741838 0.987984270475548 0.60397695652347 0.91953112289312 0.529641863916531 0.255941797986251 0.882406077688407 0.83407929425532 0.961419918887177 0.93879519953722 0.99808407152568 0.598940049412735 0.360341897824556 0.893112030849131 0.971749339292684 0.700984605114428 0.849888202512427 0.999268362513826 0.99999211448185
0.528060073505935 0.677649915439495 0.959696420266208 0.694342405778157 0.496590618133017 0.588395381392198 0.626660419221344 0.969799580059549 0.978192838266456 0.352950007758712 0.461199546855115 0.947674582189671 0.68961560742754 0.298479563472756 0.927572207171736 0.881949441585912 0.441036372740128 0.797777154885232 0.88951475645618 0.87155738978311
0.234923468781079 0.532397253252491 0.722505213648437 0.615418370736241 0.536557840688043 0.216969007520823 0.210126503598277 0.698777153100138 0.630319345514695 0.202297581228172 0.134644530317426 0.84678702974008 0.27004451745057 0.0395949023343468 0.509162118753393 0.977478856141768 0.535478628947493 0.550603315578397 0.00138122062395118 0.0688522681014603
0.165760362752881 0.55739092278619 0.764955911565783 0.327798482964969 0.702571111520525 0.29674835231734 0.0277945411576328 0.458409710135297 0.825719235125912 0.253002807768419 0.503180902311625 0.981952815922301 0.136760967400117 0.082584539947282 0.749511079890727 0.925042753166335 0.644523547018006 0.458425221891125 0.00336582305460684 0.99812383034697
0.0348162126267811 0.46369908808992 0.139053618336838 0.555043130961535 0.150650551822253 0.49836089578375 0.0318841464146053 0.167853528784625 0.21594017555214 0.0717309643408843 0.0327414578720178 0.0120339532996865 0.0966806267330877 0.0269385073485737 0.283178847833415 0.423357533412857 0.228281478229543 0.627720634707935 0.837999633906778 0.00191190757247757
0.629777903878496 0.75854419439692 0.860943072958319 0.752907333595326 0.999026081566439 0.667179839912656 0.407526241703629 0.990666461007609 0.985029227776024 0.963171817448383 0.989082292395849 0.999985772954475 0.829284051777286 0.262206326546293 0.940922856491549 0.99095606221237 0.698283448482698 0.771872370708005 0.0366850119808322 0.999999
0.71777645492256 0.721180649087838 0.840123918278432 0.770225825400911 0.967332881673073 0.794475988139742 0.702351526730678 0.83851419015596 0.766523906318666 0.942286833950177 0.400876481824038 0.985452528350291 0.735675419534332 0.189129305620915 0.962134966463095 0.994028080126117 0.565654348648828 0.841531147055451 0.156855655942596 0.629024726222189
0.26523172460848 0.658553621191375 0.708634314659208 0.465668621918494 0.92518869116755 0.165243172702049 0.25399366196663 0.490835958888191 0.98168603188122 0.700649719568358 0.882208289573653 0.854514233416682 0.276857890346977 0.249189624080394 0.536782228630149 0.993024070682146 0.70213770850334 0.72764778565593 0.252038313542229 0.96870574961684
0.112502016953181 0.587635775904675 0.19597197086691 0.761472455573105 0.258076474923776 0.318065999373311 0.0681956357613935 0.48280799310242 0.478942087093182 0.654934707312504 0.347052012691377 0.808129553785307 0.0979316444936312 0.123925503504747 0.559520404109623 0.999540550451355 0.643348213910409 0.414369052060753 0.00226633297064553 1e-06
0.214811761546822 0.735026578285956 0.621882847020086 0.784241005927962 0.920912423422414 0.647839064705547 0.261488177553246 0.589372235060937 0.99660282380114 0.823221823231369 0.581804919632502 0.903746055858089 0.201395798484824 0.276179779364084 0.888306179057724 0.963461965486619 0.488556728522846 0.623293893607348 0.671438326687829 0.998102215422683
0.645490108343921 0.798208218562915 0.790666987950759 0.765014764355806 0.996856736032248 0.896171704755069 0.729476689021941 0.999477337856045 0.996528309035598 0.960438823433072 0.996561112519197 0.989465524894814 0.870552858183237 0.657214199310836 0.957736877818662 0.999981693943968 0.576806392847396 0.880107886493991 0.436165809538489 0.87848513146957
0.143295462625034 0.63282321684713 0.828244694444423 0.672444739095769 0.957779403529696 0.900290382555489 0.220287698945656 0.318408116874304 0.655106868876853 0.473979949650855 0.906233582073895 0.9969322855549 0.321319088993245 0.321393389485079 0.786860468580413 0.998845347697823 0.637665133816462 0.750904040271172 0.000198172689222031 0.0164826235207856
0.19369037367849 0.509454882795227 0.132798163241107 0.675622080280734 0.573403962533503 0.471121504709538 0.0284299832065395 0.921929925619185 0.23502245642698 0.242508940997181 0.169433828707141 0.548142099140106 0.183927558739085 0.123686826621805 0.605545777990878 0.818675616777685 0.616011802958775 0.309217755311843 0.00254997862168196 0.00196980679386589
0.280882730709253 0.536721158449547 0.886831187729381 0.699738807940616 0.930262267328865 0.558144931429546 0.234045543436567 0.89215406664812 0.492187829240339 0.41502789694788 0.575990888098266 0.995151672221718 0.441177556197473 0.26528126794602 0.580302596898186 0.995206904557896 0.386515530352471 0.318540348708512 0.843258848246218 0.999872430376259
0.96997910091692 0.824045895891501 0.954931667956165 0.896268496964372 0.999660977538829 0.828694301402578 0.978203551007131 0.999884874775318 0.999713734791472 0.998716188693384 0.999797533006009 0.999960268895548 0.964823707297268 0.827851108970169 0.979017645829212 0.999991571126957 0.871923358122202 0.939328086941186 0.999452545326918 0.999050034473721
0.23792015155521 0.626267682164165 0.629748157636779 0.802099499798736 0.690981633342642 0.703956844213657 0.292681663518274 0.861892715278878 0.938836461634013 0.886964796961111 0.799825731170829 0.937491487745522 0.590329198759341 0.237688540817825 0.859682877603414 0.993276471479095 0.231954264101763 0.590970620302915 0.259132643940404 0.988499732905648
0.39811886267918 0.676811481546146 0.931510448990037 0.555232397511145 0.882279415791464 0.146787395543456 0.848901046483173 0.978246725670981 0.892719453838487 0.624344020972038 0.892262076718121 0.997657761581046 0.697750379268198 0.325681948916335 0.926962899872085 0.997999710121438 0.761730078977377 0.74728489713448 0.24161785914472 0.972571426171054
0.509112972069484 0.732229853304351 0.978199491496873 0.738415347198932 0.568636864793873 0.285048396987868 0.794852970414498 0.967288091502255 0.999712463791741 0.795240506283193 0.778883732461112 0.997828324073821 0.812198909981801 0.323014823727532 0.931469046893523 0.949464883669262 0.721136281280083 0.494757832832544 0.000475233909886616 0.347348065367657
0.527040119910969 0.648835585794546 0.911345641767522 0.709052790813808 0.608969851824503 0.57219593754708 0.74040161895106 0.972935961075173 0.24739574689339 0.952182024278203 0.925764025594753 0.999113722860452 0.538436438121956 0.354440149103614 0.937112570469951 0.999304302456099 0.20293691179152 0.562833337195544 0.995346880850599 0.969198202086466
0.0557083403593388 0.618927591010626 0.405896187671606 0.627181524484062 0.196974111018028 0.223037234436029 0.12145682802733 0.235177945504818 0.155065170908944 0.212721711566132 0.00683322460950719 0.441822630901363 0.169166789871317 0.0377456219699902 0.219641789113646 0.443255626369909 0.325472477878992 0.372553137215386 0.936263370642246 0.990604822888558
0.228466140689232 0.586915078416345 0.816483552191398 0.413580632339745 0.406107368952743 0.187890772901267 0.0736050862372766 0.329450155472426 0.673667628209244 0.418199326719033 0.494301443280792 0.334591389735866 0.259709107565105 0.180042124178647 0.546383198550765 0.976239427906863 0.352538100038336 0.23696009224244 0.0328550182554562 0.0248223446799695
0.0158266715258149 0.423579006841174 0.520662864219526 0.503971923645701 0.109231584568104 0.118047328301753 0.081971425559026 0.109170902164428 0.477111835432198 0.0599615562209135 0.0028049841872299 0.931694132494395 0.0444114216709373 0.0326968040243791 0.04282986116001 0.802576982411969 0.272287346877327 0.340004487751077 0.289069917356329 0.0277752005892711
0.241940449474707 0.674668843547971 0.863674250115069 0.485303430335133 0.771357909806392 0.648293653788782 0.196241152504674 0.337914623532072 0.996101417875676 0.906475214695527 0.841172658542571 0.998681321825313 0.501772589396051 0.198152208410299 0.915581927847431 0.993599493039471 0.876590599414983 0.451834329644524 0.999403547223487 0.244623096669452
0.311862875481473 0.735892156958441 0.769556045246292 0.606692488080529 0.645308947936694 0.178431424454597 0.160431688407275 0.267382875008875 0.0903401710705483 0.410625463817297 0.255794424657 0.855828947557454 0.179680813108879 0.272004491001546 0.841797801275639 0.967033680820346 0.803626840585867 0.472140351040144 0.340027989825853 0.000138767053611832
0.149872613375416 0.645825715109647 0.821017160629912 0.830700603841228 0.510668397033507 0.53095391719412 0.863205996862577 0.200451805047234 0.985384743247909 0.472714984446204 0.355158833934502 0.978987691874672 0.398544763957726 0.364162657031236 0.250263143371348 0.998813641212755 0.666354244256019 0.528322963572612 0.999381849294791 0.0288774118191676
0.208490035312639 0.669139368015134 0.169034084269951 0.487044187655645 0.0295892834163421 0.101508471407913 0.0124946886743761 0.587843124739902 0.742314675709393 0.142138497087164 0.579092345208982 0.926577056576705 0.152041593266969 0.09177422093759 0.431818688302063 0.958117618620945 0.748414444946312 0.272242464235531 0.000243007315909845 0.0587510952718558
0.274170648329297 0.635790785118093 0.825192579418498 0.687280100528727 0.440016176668464 0.536576842238301 0.264912209519898 0.389720324153618 0.925828411115121 0.55131354923469 0.0487631029612641 0.955204777015943 0.107485009630662 0.202204160688741 0.946980741976261 0.279686790523359 0.598196439050282 0.676952996413408 0.000543081106736978 1e-06
0.0579146271073166 0.538083219774649 0.206145644393397 0.744111427878438 0.0866617637764739 0.164471018322299 0.0985827988855963 0.505000945357541 0.650867139205353 0.0509882778558651 0.0553654591163981 0.286821871826567 0.0970680940436582 0.0838583513986271 0.617616754816559 0.761579868956172 0.508427963888051 0.49743553563199 0.200791397249113 0.0143623648096127
0.427144372005245 0.666116555207778 0.922049564419915 0.709648944752567 0.390389733595954 0.666107836045201 0.201367288904974 0.660605959335645 0.975847258733084 0.860177746582139 0.930050740540483 0.818217103511098 0.593305227265401 0.288592019537013 0.866261774636525 0.998846124999138 0.584228960016454 0.565631508839787 0.330745284650787 0.396269911526783
0.404431601590144 0.631494344304388 0.670199116943378 0.557096547245538 0.816814915205627 0.330370065225999 0.307596648573131 0.397873635325631 0.674175913678759 0.6111289763518 0.561925589342265 0.995524919358659 0.356033659078227 0.292563642136684 0.873379853851476 0.960498499669419 0.758115436920419 0.220714901574368 0.107417430337218 0.000439509098737099
0.42079222322634 0.719625582991185 0.581402489080854 0.554956832308786 0.967964689955004 0.543379077940517 0.172494804741447 0.731735835710532 0.874133007280422 0.575745049464169 0.356406118923997 0.995684555253798 0.235996938268076 0.219559525662016 0.764363027952258 0.845068821539867 0.182952508565551 0.61919785577931 0.015284147175479 0.999999
0.174006939004493 0.543941024872168 0.428063146750793 0.776047333058977 0.501591819770195 0.761913582674183 0.199546204367213 0.593253892829184 0.990147363082 0.428147683730627 0.951892601853132 0.9838579366416 0.274592967831948 0.181084772485604 0.627184973403973 0.892058272867554 0.476499919810765 0.619776749776585 0.249219390901874 0.747219524408725
0.0608204733089758 0.596514779804185 0.269871712665594 0.697067728091556 0.399108977205622 0.464499266676681 0.0243787752064281 0.0949908973856556 0.110013505187274 0.0794805512346199 0.105605321186887 0.774683122282491 0.114790787136359 0.0509200990857574 0.395699804585189 0.94134455830711 0.518212911566805 0.456916093057292 0.00329158966141413 0.951066286223943
0.0745097242784209 0.616292376974168 0.313040329268833 0.530409385934791 0.538545919119664 0.475204436983767 0.0969943767958766 0.311164856497742 0.589840839438749 0.199896828052253 0.425355593348324 0.999107769362912 0.116085032046512 0.065704257247018 0.438011847352475 0.0346058257107496 0.569123200677674 0.510799592002698 0.000801611390982225 0.0134645961300146
0.0603104454709175 0.462656032487834 0.309689760695786 0.80259177760092 0.455645328626629 0.374211488069585 0.222555611948776 0.36292670976169 0.405918621467532 0.0491349734544702 0.0182135720420333 0.626871051277431 0.0216151470125582 0.0357110675287083 0.194220173152996 0.0457053794146233 0.418326815090974 0.246533284200597 0.000279580621005817 0.109630195175171
0.0831444024141396 0.498990700934001 0.266957473506362 0.810137616747846 0.362010449804702 0.325506760034785 0.0848305855307193 0.318245170988722 0.00472358420908262 0.344533023826561 0.369957459432988 0.998946310683531 0.116486722178404 0.0872284993932413 0.697415469057948 0.931220366066663 0.358098792344234 0.325956451304126 0.0268981691271784 0.942907664665988
0.356901184001394 0.687686926465411 0.602262103074117 0.725744375864393 0.836439487721109 0.833372132076925 0.492404283245098 0.65505442593977 0.987905402719215 0.614263605621171 0.837626609079972 0.998092421681818 0.352058495667411 0.189823273027998 0.76646814845852 0.861243610252528 0.788208617569849 0.433885816534437 0.00103374409905551 0.92223970798061
0.526663644480538 0.766774422820335 0.944732183634893 0.782745315270937 0.993747718740902 0.565701952909372 0.720333762033778 0.997062442236272 0.985112277749873 0.989133968516766 0.975532330749728 0.996923500448019 0.840014599096791 0.494641461924033 0.987426744333203 0.999374616414898 0.750339813872333 0.816412430864083 0.988738852682122 0.999987616624818
0.0257964091677143 0.549526914938897 0.209033404660279 0.424735738874974 0.49036890919495 0.439557839293695 0.174581135297434 0.0612838885499883 0.00234966998691468 0.110791994501392 0.0375490677868187 0.618589719582016 0.0639787725685766 0.0345403725369455 0.671464746709484 0.911912497720641 0.426088142431329 0.355692105167062 0.0195807277048869 0.999675802442664
0.0319793168892875 0.390567458831732 0.477292234694865 0.773711282201952 0.120268745173024 0.383138681571506 0.00530313320874604 0.775011459457242 0.274201601995743 0.0128877567495165 0.0206735437525198 0.369116716211267 0.0747862355057385 0.0415633931842906 0.485499697115367 0.0130751450614007 0.331401193429682 0.357146962290648 0.00138264274739716 2.9240240645619e-05
0.48024648684157 0.743494408461223 0.404501841643093 0.775584841661959 0.720794117403581 0.496631394037075 0.203689857570499 0.417213962719827 0.386051602773267 0.762483832200556 0.510495454643367 0.932546055119234 0.382058300349664 0.30188367679508 0.919454973196586 0.964022002634577 0.654157667753889 0.735028236221174 0.155768023443351 0.991558066050552
0.52083664489908 0.629651364139684 0.835970417860118 0.797379873606995 0.806522866535526 0.631440208414936 0.614055335046128 0.943996575715863 0.842528698449676 0.834310383736115 0.951147638528713 0.561449372204872 0.685691984665453 0.461766909685971 0.947337375175118 0.95234569352819 0.634788793768261 0.94050365970653 0.200017329013184 0.99961109425502
0.0418225103120617 0.362944036059532 0.160132088254529 0.649860607845322 0.00794198717286648 0.298125635823449 0.0218600564578707 0.00075159904565851 0.00396470835554463 0.0117400254015712 0.0155376179961452 0.706767743575826 0.02764413137445 0.0150534345266983 0.404064466749945 0.243067596129285 0.547602390431367 0.217989941353855 0.000577883179592453 0.178848292921767
0.023257221639129 0.37726046939351 0.410071090072776 0.378806605459996 0.147469775168357 0.366735050614877 0.0320333387454324 0.0437849939154516 0.0962798946611778 0.0596932800383793 0.116610468530456 0.567004383100209 0.0237171175888512 0.024286657093915 0.167465048682077 0.568016710555198 0.362304533055648 0.280530265728319 0.381619805172311 1.74178803602907e-05
0.113499153008241 0.601186067233677 0.743406859585683 0.681837392184271 0.203182875147844 0.245513850546502 0.127810219034393 0.528766014881393 0.0500516709954923 0.484887892712931 0.213146749092013 0.991449927136377 0.406038362981989 0.0955752610249985 0.509377141946847 0.0504977116260616 0.669117370889993 0.539022759861471 0.989868999217991 0.770302196150974
0.159383547886944 0.564665946913919 0.328903970750057 0.591445568510506 0.333147826424656 0.575527127490616 0.0331089846095983 0.237989485019691 0.900805220206902 0.414879260504574 0.0255333090987758 0.961154036644969 0.215677630408219 0.0992651669967574 0.959601700513926 0.774070718210902 0.48844025774241 0.354396215308624 0.93769514599423 0.172609377411155
0.12129096204473 0.554747744419356 0.244328523402013 0.674539293142546 0.822542520247018 0.549512725592916 0.0644838867348673 0.222355712592347 0.48884567227822 0.454302255993891 0.580832586340413 0.903583353975999 0.214352595242844 0.103073420260263 0.547264318639672 0.568636122131217 0.399677035918004 0.691931613373323 0.948662446721108 0.32549456548992
0.582616170131586 0.776044757746956 0.881855082341547 0.803799731788392 0.936260698358263 0.672080160433806 0.325067140189242 0.871280959441243 0.85006908662199 0.950903080133472 0.992482415944533 0.989967293649546 0.718515246707441 0.323499194323617 0.693414820565981 0.917866616433295 0.555607115833067 0.665322197335102 0.00124661182681652 0.980361342792407
0.212091655260958 0.458571030141174 0.461122082369552 0.554847599615819 0.62204922468971 0.276281268977273 0.529210686375716 0.653027449626408 0.235947122416214 0.775374021059465 0.599091791169229 0.995115489581898 0.293028027217655 0.138577059407987 0.782873505463358 0.999858674341558 0.442543971838204 0.545043426647636 0.994926692795955 0.999595647500342
0.183381494210467 0.631350391916141 0.872689557996419 0.750195459242829 0.927493233941326 0.655663626516516 0.146728231951315 0.988469940136291 0.991812261360953 0.479228759401431 0.760376360934291 0.999868138267549 0.185117819907635 0.162265756486687 0.416469472347891 0.951542912600765 0.405761118894784 0.827153107118531 0.967532018158976 0.999997745212419
0.249210804361117 0.660710538325466 0.838856390636906 0.618234716642046 0.965462664495527 0.86843363540329 0.253006710412323 0.0795796892779275 0.11253710571032 0.73109810725826 0.902980889401092 0.983716665530367 0.225305727000416 0.155466457675504 0.708706680323262 0.103643702843261 0.581743395396519 0.638394562408258 0.0926922223375996 0.199329025406896
0.376262141741814 0.694608977714373 0.306198725862635 0.810596197867653 0.866618033390728 0.452388575156724 0.286966531839049 0.804230396630311 0.89429820600093 0.546797850172434 0.86587426924546 0.998094271478489 0.314626845404832 0.137763684334247 0.825201093921339 0.968449903110214 0.744942686240017 0.447307421830369 0.907907662691682 0.999974548599772
0.457266810678133 0.538281773673769 0.263409053788293 0.689820206800186 0.710343351426539 0.547349177107014 0.0734310394253475 0.549500336027745 0.82109726270822 0.815931899440924 0.761581481935339 0.993695063714614 0.555827863774956 0.240484252323567 0.601734742469455 0.990375503752833 0.635240825588935 0.779410326259574 0.288683422872308 0.989074400208047
0.41416570804021 0.601454185148433 0.67218032831926 0.814233466421267 0.958835805466878 0.238742930492308 0.4110314012393 0.0992539956389558 0.361946249663814 0.845249539280656 0.583490112511871 0.964477484622728 0.375188299035932 0.114348769408229 0.789636637753128 0.904437529044978 0.726735883232609 0.733600800423238 0.881313335675427 0.999618346224562
0.062928655980524 0.459554050768985 0.178882646694282 0.471756601615635 0.135523486987441 0.183928704552445 0.11426515180648 0.0886208303369957 0.870336510659363 0.0795896281280986 0.267899540397521 0.537448935019538 0.145604483356846 0.0444332705497635 0.43365480949862 0.986990628814256 0.48395159466632 0.267432087518854 0.089439911055414 0.997917525790852
0.537203241976512 0.715510297193743 0.420264053859588 0.794816113685832 0.901385798667656 0.310381737796865 0.122464735587313 0.800100468467016 0.983166255347777 0.798878128219255 0.791041320921453 0.991800605491145 0.216702445595506 0.138025271631304 0.474006441784914 0.987866717048365 0.6594491402644 0.72041163574821 0.99088614204446 0.999999
0.0207502097589181 0.516998437483196 0.152407295949517 0.352504514631456 0.243543107349135 0.178961411033485 0.259853429532512 0.205310672308217 0.0644285462455468 0.0370168318290245 0.0288441504783558 0.882890349855526 0.0507184150088581 0.01900519091048 0.0713819963824467 0.0791203341198207 0.309520041360908 0.297291343012933 0.108972522888403 0.00543621234791956
0.0404736168447631 0.341421417997291 0.134449505386107 0.487411593196515 0.0193966546487469 0.525310124287577 0.0186489385457994 0.502153673714728 0.237071473260332 0.0820873110772298 0.151814529142735 0.0185140355380828 0.102208412033808 0.0353100471216971 0.566428708783254 0.994324924471591 0.373399920281148 0.510113945759702 0.28340719258664 0.365055166937675
0.148627187141293 0.493515244642743 0.267606634532694 0.469232534991263 0.236535090718083 0.37171037749007 0.0888875121403961 0.725494138564847 0.705740966827174 0.194211239525818 0.412491126407874 0.139605089929168 0.05430680096377 0.15341391294102 0.759337185016509 0.947494383414164 0.326611857590365 0.334528325847603 0.161109933242937 0.999977002633088
0.0412579135291225 0.46814596445941 0.27064052556234 0.670505599441424 0.386319912756885 0.653145161663957 0.0185839535484834 0.767063139563616 0.786266667440323 0.0864691402481347 0.0500170653523704 0.870183453610862 0.167405695278845 0.0580631130345093 0.63141315230276 0.108546443953737 0.464431307550069 0.36935837728679 0.231156315359554 0.00149638119229149
0.0561932598525237 0.509455034544499 0.633355779592888 0.670278658694689 0.221954546892035 0.255465250841906 0.0135298581374879 0.0549833106355499 0.00625082379878105 0.540960597164373 0.536915031176998 0.727396520327789 0.107250951986423 0.102893336190324 0.462174212008917 0.184546393771422 0.506877712931505 0.241004185060276 0.64875992722548 0.819055154167533
0.342217886793145 0.651833916158318 0.571133416028014 0.738890155316375 0.122890502409768 0.27482936748414 0.350974563803246 0.811039030876394 0.455633422836247 0.470396192892959 0.535011205020863 0.590602787490596 0.174480485713173 0.185221434464731 0.781380567101557 0.98164080492722 0.291959870161847 0.57409837425591 0.170691847229329 0.437380159387752
0.626470742540408 0.786674034385976 0.802320053756839 0.638016067795358 0.99904830477367 0.801009388569523 0.286207237499509 0.98299966550908 0.99273481856893 0.980263477301699 0.986506152935354 0.987433309833153 0.641289631610861 0.561125800196304 0.835450008111699 0.997896171654807 0.66033094015525 0.895173442377822 0.166489809829738 0.999981253750213
0.237502402439839 0.612879810573978 0.793830814409279 0.610576758761846 0.80904619229863 0.512998604925611 0.221510543729735 0.902377211650757 0.319844813618112 0.846565856776586 0.335418908658714 0.997827660787445 0.240539504885086 0.158459907364731 0.682012022819872 0.96773230573885 0.505012179476216 0.604407245415194 0.00815947026485623 0.880223068798737
0.688371083916703 0.74815893703622 0.469387049397819 0.595607160713522 0.990145221668147 0.213045822648576 0.678842251609449 0.851982348789311 0.96724674543313 0.953198664662469 0.985362573415605 0.999171855748598 0.738253025796121 0.463424593492082 0.75638322869445 0.997692089135007 0.53549537004987 0.81069694958133 0.141087641475848 0.999189837929099
0.219528335692391 0.530781029965797 0.340795713124258 0.735102717192406 0.728893316550676 0.193965569855618 0.125193227826017 0.48040218005544 0.366883801540409 0.0998637811285031 0.271774824229882 0.442941928782592 0.144958890913214 0.0588530832343223 0.690090529604821 0.532891848738024 0.407809265249561 0.518886459780785 0.352543264156405 0.999890486076184
0.276549111928304 0.630642259026558 0.672639271656479 0.767059273301465 0.658786994269238 0.602059320528442 0.142531460894189 0.847220028541911 0.464071459402979 0.402880013599265 0.501644028185095 0.991867648182294 0.597891456112184 0.19268178680276 0.952838204287101 0.347499596752455 0.539076399529681 0.611921253533801 0.0490731801678577 0.951283823749952
0.05613884895882 0.488368004734629 0.409859238458658 0.502965698629016 0.01900251928127 0.292311110398488 0.0105414422717599 0.0973999382304834 0.00869146214894647 0.0506423717202693 0.152605931860123 0.397147343087783 0.0551458949645596 0.0203971466079593 0.0791892089665837 0.983505739276373 0.430690238385033 0.179762902151277 0.00634655406128374 1e-06
0.0894068753320912 0.548246365295283 0.205014846140808 0.609965413566753 0.0459991704455846 0.242398917210696 0.086192135726545 0.173324593163091 0.474119986426059 0.66436711012016 0.626862886164972 0.983768088616657 0.155219410443802 0.125359819938652 0.806819448154258 0.992161346242672 0.589177463032943 0.385468769675532 0.437009021602595 0.502974972480882
0.0816330878541092 0.534101120437951 0.51719955825959 0.69070496601026 0.878501284010362 0.25274191256293 0.0687893206994819 0.287973752204726 0.0497484136202872 0.200850632530689 0.162747428673289 0.981599074607729 0.114445164417465 0.131909275860996 0.232361189349889 0.654568272227791 0.480963258263139 0.58112954335539 0.000148154840700576 2.44684327003932e-06
0.459215494108063 0.69579753830587 0.74287011691357 0.773264769092783 0.67630920207867 0.629070634822372 0.586119774827063 0.934094008775864 0.998421814444366 0.838279514633665 0.959971477953596 0.997256914987191 0.583470195594871 0.402383575156717 0.792485524749376 0.955895765186939 0.748403439244743 0.851047751259955 0.852219878336815 0.0948682395928412
0.758960227175878 0.81640513220024 0.583336128012314 0.600352002362387 0.99825569480669 0.433291112874588 0.843993488116311 0.990774494937375 0.985458152569423 0.974085606224447 0.871107127264564 0.999844714738971 0.811382691014676 0.605249554353075 0.950956355690627 0.99957384188005 0.551846565752635 0.869090318564577 0.980816921367634 0.999994022661459
0.450619570308612 0.565958186571571 0.167366796174206 0.604283006823027 0.623452365838955 0.432122510545618 0.369017825218518 0.427222050908149 0.504246349793568 0.507737723727581 0.698249922428632 0.780662682865616 0.426626832734628 0.203455551170775 0.656100208422127 0.980376416509129 0.710566377696705 0.549966126426658 0.00600212270823379 0.992517949966741
0.126700159023017 0.630239337721657 0.734542542892144 0.580214083440281 0.531759814540866 0.497719149246915 0.0587146291788756 0.137390584187009 0.243544297698999 0.130585214953742 0.333312133741576 0.953554642637017 0.0653713841145571 0.151106986946035 0.5786091762941 0.950753276631081 0.300271817074985 0.36860369713427 0.928695968485699 0.954463789304095
0.136021666614967 0.546727034066389 0.627059547150322 0.850817578473749 0.437816263671973 0.246314028676339 0.0859678675067036 0.741808816670618 0.27968260621251 0.356848244181171 0.165792342778197 0.911371612163671 0.3004749211221 0.166595803566099 0.4553279003879 0.96756846328361 0.435304286117183 0.546870235801844 0.00181909279940996 0.000120003299393054
0.0824601389284127 0.516318188168361 0.621902545680616 0.414138842695203 0.323342331328674 0.494096469539389 0.228550364173444 0.318110821302696 0.32578036852913 0.1891039223986 0.420882781837579 0.798679425972855 0.156596201919629 0.0672551359010009 0.341146825099449 0.356436893246683 0.501706562541865 0.402123906785531 0.0871588678272777 1e-06
0.0363221702018522 0.64261391777892 0.187508932426265 0.363874271938725 0.960935982650238 0.0890005331395552 0.238505719074603 0.196846102834598 0.00318901570202048 0.337721790445574 0.0809310609075531 0.954796557862204 0.121245439030818 0.16311736641181 0.640925868261886 0.100908591936839 0.474379377444541 0.331563030424948 0.00139900934445223 0.000646930793472085
0.108848753393627 0.580974791549188 0.840270154924235 0.74613909287461 0.786641800639198 0.162192688447609 0.0600845653372253 0.678509658364526 0.360186436976601 0.475299038426561 0.456938459366279 0.992365912154392 0.215071445986331 0.0965651070337218 0.510712397331552 0.904131794675545 0.590711755739908 0.574666529293018 0.00421570988840477 0.786414609293387
0.126908192576886 0.569708297043164 0.747872423148324 0.467625179505475 0.854095501279714 0.447568898174953 0.11633905088258 0.299149883215726 0.353195181438237 0.529210961920352 0.573381728303004 0.98081012528475 0.297023788546494 0.221089185857993 0.779527187534741 0.754557245061782 0.463464223013484 0.541386260761005 0.0200184459122434 0.0242205574850495
0.229409023272869 0.640925943929318 0.691091819017512 0.62576540516324 0.759072535930567 0.5530675928503 0.236076460067251 0.0746191598538349 0.875280108411503 0.448956480505078 0.430318669140945 0.912213769042802 0.23109320715159 0.168297254338291 0.749815147496019 0.989169002737826 0.443984074182818 0.487124877055041 0.203170444789927 1.2227086646642e-06
0.235793587401915 0.693234023300194 0.944414758516618 0.750299220315683 0.86837475909158 0.572812341551436 0.311572695758935 0.812118174627097 0.852421515628885 0.877525175282375 0.992401124665624 0.918982490413559 0.357954050616452 0.168578459730586 0.616423985786695 0.996330145253103 0.5644841604284 0.554878698879036 0.505430522883557 0.999569643303024
0.155795696316282 0.729156447246057 0.152318657302096 0.668774072421757 0.235208739856877 0.703762750218675 0.0620867783392471 0.435106193353253 0.667079735967878 0.197169451170158 0.34474095968455 0.946430941895087 0.271585251709659 0.18950273782189 0.896074918861639 0.991638382929129 0.262012498060205 0.311593063218901 0.0756891950050421 0.9538119159988
0.332241599908303 0.575900343060363 0.84926616065006 0.470984576471194 0.648055764290532 0.641914521874242 0.679309171070327 0.701522810711494 0.993105104700024 0.81090409792692 0.895203499902698 0.918004690148728 0.711546642231465 0.285764875492626 0.786115750932713 0.999726592255367 0.745359394140745 0.715275873879608 0.843597181783004 0.999999
0.340205337255885 0.704196432970734 0.232039337111145 0.677413880794303 0.954274549238933 0.815259404721329 0.255079436953038 0.839916583100231 0.943677812951576 0.746263979541141 0.741487364623753 0.996288741182697 0.690167699171814 0.145955838932437 0.882116164759273 0.994785759402414 0.527992204585733 0.571096585474458 0.196583520579077 0.00011243155636953
0.701294390979487 0.832543739657908 0.991266798678745 0.878727572382596 0.994413315553157 0.814604373867795 0.528523668358535 0.998794199797979 0.997922460420075 0.935061808216376 0.971402250966492 0.977512770698339 0.870153291441642 0.694402281012872 0.953222216310117 0.999844414951902 0.839526897033495 0.91253728518507 0.999020924155483 0.0610091243137415
0.219721136368996 0.644951954900237 0.927094682107823 0.541439970152498 0.933741274519828 0.886635812278121 0.279626473776086 0.82231312524435 0.991472763975344 0.816062665425425 0.844897119916 0.994158686187839 0.536467822256098 0.241883647796301 0.689877685870489 0.998521189746604 0.691968186159137 0.610212835662444 0.157045155092062 0.995513884526635
0.0331234773583148 0.462771925359166 0.158934564092101 0.675657246393875 0.34170978231126 0.143796673090686 0.104388184553826 0.244886178237812 0.404024125783368 0.0996354656745811 0.03218635653916 0.0371827714653475 0.0614838378451799 0.0630810579738554 0.381275041071675 0.680539666531013 0.380780026475817 0.231356733792794 0.481516891421678 1e-06
0.130743671251484 0.49952356100127 0.0712743983092586 0.726030694880738 0.0298285781708686 0.228249592272445 0.146509228747602 0.148101444623913 0.969658813660449 0.192323754910589 0.125116517169858 0.964152257771134 0.200963333414391 0.190567661427353 0.226603252022766 0.923660254359899 0.313588985796267 0.289317735134744 0.0147824050685985 0.000387758336040856
0.147259811098546 0.667624310418263 0.397088871310533 0.666045488208858 0.946051252977371 0.460676867303217 0.161158708583957 0.480350474309186 0.0391153186924448 0.240544975865017 0.561173006859001 0.997778438517998 0.20943981414315 0.183522970151029 0.862485277396911 0.880464936725261 0.639708680228052 0.712444333711045 0.0273696302192313 0.00100071680423656
0.21094664798763 0.688668967195642 0.695555557763226 0.717562695170443 0.231413960727119 0.427333621427164 0.212157426324025 0.097322222451165 0.526751521415264 0.268706105404139 0.586490478229045 0.981258449536848 0.246884299712088 0.0807315322158027 0.562422760204075 0.986451800546898 0.438275942168046 0.776327515669447 0.985802935847253 0.584936912638295
0.0407428450891301 0.449529183213859 0.282486720087166 0.196692235627007 0.0878629388369204 0.135355781948183 0.124336715988252 0.153621194477996 0.227080027219547 0.110121617344522 0.298873607112376 0.152708491139789 0.0900772258129574 0.0355349128918887 0.913710864146621 0.969699663976592 0.378252744425618 0.259262371202537 0.00103947534490143 0.0198127982291662
0.0412122537306925 0.414764034722337 0.0214500692267091 0.436912942212148 0.298091515451861 0.550240428729894 0.0374416197905938 0.455189409307774 0.0403182740364225 0.0256698505229942 0.017306102847547 0.986898148322494 0.0392214017343631 0.0341678122904857 0.232776466268933 0.248590541729481 0.239123291841544 0.317625665482411 0.000101739713883532 0.995819692614787
0.734384477937518 0.864302277286637 0.776595894334733 0.833404510454637 0.992352125706703 0.395190048949917 0.374553211833996 0.976530514631385 0.969191074415216 0.967243890582281 0.964241699432513 0.992788705211522 0.926550852038653 0.409812806752746 0.942584673786809 0.999165118243223 0.712886083244632 0.791707412910912 0.998496102356053 0.999994348629565
0.456984315275264 0.703980225078217 0.612414438542657 0.733297218174456 0.919776557698503 0.545080235370359 0.252025594989824 0.990628519390823 0.785523251372023 0.926690057887573 0.897946133951094 0.931467685705224 0.55158545006062 0.278366191332646 0.933669980331865 0.980023151865084 0.774003766788739 0.731654802211855 0.137355395996318 0.992408416132297
0.0616026916362808 0.595576079249646 0.613276114701784 0.67527285627206 0.742888390284181 0.694573503651241 0.213121739133349 0.387954064909709 0.736825861238583 0.463272325539061 0.132815388513946 0.654107482232716 0.178383347267093 0.122959074144167 0.267331896093093 0.466136135418668 0.550172660099951 0.527939522786027 0.00308445458401066 0.0956264065024046
0.356528746857802 0.642262538886784 0.787626044205441 0.681468707790086 0.974052059428265 0.19534184963153 0.236478888824041 0.977820377089532 0.571288206767864 0.851108988950015 0.482610285193319 0.961367324794189 0.420082755569085 0.121741966926751 0.786719224573888 0.997882757545575 0.829804546521741 0.659510539065516 0.967672396073014 0.999965342057183
0.128672368646277 0.617843862751049 0.49894762921598 0.621903397395123 0.44362514893982 0.121307877638806 0.0787660420536244 0.641542760894212 0.777738477451694 0.124597783144312 0.0342929927807141 0.369653730731788 0.121151611267869 0.0957101044288042 0.257755479078127 0.770242967769894 0.540210742843854 0.608865216748402 0.00682113220818273 0.957083232017324
0.044688571899848 0.38254467829334 0.0982457799913847 0.553469476366694 0.476634032622751 0.288402180118883 0.0326921883547548 0.0423661000586775 0.996598361821169 0.181742278621527 0.155457289197086 0.876354274837996 0.148104660243534 0.0475788367104878 0.780242734912544 0.397103945767898 0.783710368925653 0.24285109752786 0.0799051296424089 0.0180820823146179
0.0396687129662814 0.478573348024531 0.0845325367421808 0.494560812578835 0.37269531591573 0.214670050428267 0.0629923527549164 0.0725565827286101 0.00443756757316974 0.10309600828689 0.0277874290727395 0.0645304773922991 0.0754553379134687 0.0405050087933906 0.316122623827854 0.632965629961467 0.295052850935262 0.418856423295671 0.000184482351219729 0.97639549422152
0.171033507155977 0.534953228388974 0.210399156000635 0.257596202243539 0.462309393520988 0.579071624366811 0.0773213652402793 0.920479770871835 0.785974926120461 0.275241069875621 0.131761594938321 0.936092438638391 0.068074410586168 0.181270215862423 0.593620092907646 0.971428068844493 0.478461227373852 0.37332104466805 0.0130779141455476 0.0389191645059923
0.537952477192563 0.683258109300763 0.555760823135862 0.861426020389484 0.987028037993918 0.417411177254066 0.470218924553441 0.957425493981142 0.101428584914071 0.955954941509924 0.974360334606392 0.999359660151252 0.699943764840996 0.48667584121937 0.944873472831282 0.999840231038618 0.823677107451087 0.749888343317262 0.999524304833897 0.897581587996237
0.43123300080923 0.707375544247395 0.745104009263625 0.453132714573125 0.879070449115653 0.918488349019343 0.608930189785954 0.863882456024947 0.98840824690782 0.844959485224736 0.908281357346817 0.992084969057395 0.544688893050988 0.287859194171946 0.956015714952979 0.992755091970511 0.217519011666194 0.624403955477458 0.186447604984292 0.749464270710082
0.0393863528552579 0.495755236555313 0.397424868242312 0.721342675083967 0.0704736977526281 0.775441029712889 0.00632600131818859 0.336073040942984 0.928783406403299 0.0401346491477408 0.300686932067437 0.908910834354292 0.145634188838557 0.126457294370895 0.259489915182889 0.172844678386507 0.29328608713424 0.332735929530884 0.00924867619230889 0.00109450567576917
0.436676515880952 0.607668608838756 0.587006939093194 0.681755246030022 0.550816144494998 0.383957150333335 0.199693940666208 0.587461523401331 0.695350180463657 0.82911132476696 0.908380206970019 0.763082541727713 0.414118885403029 0.150273413509122 0.768971050788792 0.620272204026511 0.315438603035938 0.6286962360399 0.404037996855035 0.9995640180605
0.0911525683541539 0.644070456117885 0.260861915102578 0.692372831371928 0.631793782027901 0.278464223409762 0.0679315876123521 0.149379020983212 0.794557190344339 0.70181783944949 0.353316834306729 0.851440192404547 0.321743348381046 0.240347653795464 0.382069008818388 0.473946722271216 0.445470406955874 0.729648463059 0.529286500598234 0.000269504239277221
0.131062152135984 0.654881254878289 0.574363021658193 0.581147794693925 0.949419613202603 0.657693244588027 0.511418809424953 0.923532607537846 0.98652869405547 0.944756680338952 0.416982511586497 0.973110080557247 0.370476445400694 0.126824704400077 0.278864121388081 0.999562778183519 0.44979713364156 0.504681773264291 0.000168315905922577 0.736280551828516
0.175470644064123 0.560260323500042 0.659297576349509 0.474202143305715 0.677591344703852 0.239906729627702 0.0544088937459645 0.0758836190668911 0.937497767611046 0.173624980549342 0.182848958755487 0.736479235938779 0.123346484419378 0.0773389553682119 0.730617146924435 0.98982419473776 0.492214756994141 0.694315960440018 0.0462053429616369 0.994483625453112
0.0402246471645071 0.393893894764655 0.26182245435542 0.549297435596613 0.0141640507319739 0.249140082779613 0.0497331844559701 0.0270329076972313 0.00329400680438349 0.0370384269711299 0.0195147597683837 0.166287966877739 0.0553931346252131 0.0510264468999032 0.368475543345742 0.938215053256724 0.417237677325666 0.446575632789592 0.0749085251778424 0.0338607056312267
0.506048621998704 0.753137375326254 0.905797286600636 0.794138993711831 0.949856065027841 0.701808082494527 0.483961364929354 0.997406143440339 0.999906973624515 0.86585989966492 0.253561457231605 0.718832313737696 0.542489945679643 0.372456841893533 0.864166489576227 0.944071108182497 0.704270476651199 0.645506414407626 0.123349500032309 0.99979391574076
0.0147968198500973 0.393454612160771 0.309274552413473 0.364462417226971 0.0227229231001795 0.308152461169754 0.0530731530283901 0.164048329771129 0.615712798735303 0.01316144814757 0.0125017702460317 0.439374205585326 0.0121595684818374 0.0309623525632244 0.392043366298393 0.69556660928833 0.112784149271763 0.313721612869755 0.0337264423390531 0.0535267759518664
0.498966145651632 0.704847605980754 0.903705223034757 0.721939801116634 0.912542680048515 0.8442358320572 0.256477975286101 0.981594485408942 0.883651495132756 0.714598360454026 0.97260303899881 0.95639774040298 0.585953673388529 0.248309550917354 0.672014184347958 0.985682672827474 0.244685093827563 0.734868242826883 0.155823721219443 0.989661909948375
0.351036331683632 0.723352569444212 0.862466282283606 0.385059186165442 0.918320937701396 0.278576239973956 0.281355107530981 0.974829257388065 0.856334199804791 0.211184652867925 0.364387343589357 0.971619906614177 0.268791148624858 0.15962429012471 0.241719410442991 0.478440786412448 0.573138132027741 0.767364775857345 0.00144233337351375 0.986927365963052
0.043134061502335 0.508097802418456 0.413147988029563 0.449175414129004 0.861679357784401 0.796254113138037 0.0121583273234671 0.00516881917099526 0.907373579611387 0.0388425880590287 0.0134177582246782 0.960356541628564 0.0891761471418251 0.0398214632364323 0.124497158093064 0.34714329281795 0.325585366923929 0.358198729772071 0.754532008067295 0.846793368487674
0.421689521495926 0.775983298692449 0.883937407389595 0.680614796204642 0.910857291913331 0.895696576866987 0.109057168801923 0.784765243377486 0.806308491377484 0.800014332890773 0.667388189233832 0.995169445817449 0.494353860238904 0.249033157504856 0.437919778478315 0.974111716413917 0.452962021114152 0.612125543717834 0.884439944299071 0.000382503105990766
0.331494312935531 0.681069666518618 0.478364834444916 0.631865936902027 0.97053918049985 0.345876928852269 0.10372157490246 0.368871675949863 0.785269229046504 0.657300655153848 0.682399135326697 0.993338284734721 0.411327103456265 0.127703713132699 0.836797642273328 0.959922185844858 0.705638338031396 0.465859972786816 0.0188505892986516 0.999872503011233
0.029032944829896 0.473903532018952 0.209738331079276 0.782715440432831 0.0133047100312152 0.144511523083577 0.0167757188856951 0.0198807871548492 0.615565937241104 0.0152131711691537 0.0486489753207195 0.969300498699018 0.0965451624218078 0.0533490145277598 0.35426597518224 0.0709805851053577 0.40364072104503 0.408744663921885 0.0445142779833564 0.000975052568143467
0.104366237099307 0.642121422219314 0.323352688507912 0.794251301292063 0.78053379881876 0.369674005212611 0.123431431938637 0.561954367004868 0.196352381364876 0.474901027272768 0.56564533244566 0.50979607599354 0.36789376218635 0.100769047403551 0.136441849056492 0.981745845302302 0.44450518838727 0.805657999308856 0.0415695220842524 0.0132012894116401
0.280239250474733 0.648114106715144 0.634842213277245 0.591681764957168 0.914839873477892 0.0696969658564614 0.385357753277533 0.229683409528658 0.526517738908201 0.559436049495498 0.432398614456694 0.944539861374944 0.238782841671091 0.240853547551149 0.879549605854162 0.99845628181123 0.747100118274248 0.754903819468721 0.983067424439526 0.973090100756631
0.481758060510661 0.78203319921029 0.236859971352766 0.639539945004793 0.932960812566802 0.743620968920299 0.222554307933236 0.384395869349703 0.993444307132666 0.513272714022929 0.93246801917217 0.987183924080544 0.610164054049219 0.324425184826171 0.900659567090916 0.970524818781051 0.69693704417269 0.640728586448431 0.988232146644371 0.22052776793835
0.399392087621239 0.701181031290344 0.936854195917624 0.700281132324229 0.943788672335545 0.532826807036084 0.0903772733420697 0.760595707897497 0.852798264186222 0.749809422141716 0.806945696993523 0.938393035587294 0.245411709677921 0.257105154724039 0.8716282513075 0.993569956995125 0.560079505342753 0.722803637447464 0.00724183629993197 0.217071224431586
0.277259297665351 0.755440774718246 0.373845420734387 0.814162251455261 0.246357291482229 0.22197486919692 0.533127833920948 0.352971588850733 0.903225418881217 0.909214511080799 0.469146136847833 0.941421984197167 0.56558922937877 0.302732062494922 0.900039332685602 0.844703579811416 0.343789110758986 0.562026699901522 0.0158058184496348 5.88959171540901e-06
0.0926738931761503 0.571802848234246 0.631351703685818 0.840337413398138 0.306818406360804 0.761295806338882 0.0610720049316676 0.657575546339617 0.96393188260029 0.57620093928318 0.692029076923151 0.967405471727371 0.322259368686598 0.114832146482239 0.815891490021986 0.080292431066465 0.533384342832788 0.620718791781658 0.16261423963484 0.000802989821560739
0.424078076077257 0.654815948844504 0.460345278298726 0.645500407511574 0.821238159392396 0.557601707855276 0.255853498705782 0.651824524000248 0.796668657854867 0.721347134003443 0.783131204487894 0.920297863694403 0.545331419497318 0.21659324133329 0.876963863075415 0.961224340880083 0.616131515373228 0.594804447349758 0.00883735415487626 0.999133973264315
0.238692753377008 0.67219953256089 0.310632410316796 0.531679485447272 0.611413892260149 0.775576385465034 0.151025620167067 0.429941094524798 0.202906632890974 0.368025885368145 0.464205306816824 0.967803179236147 0.394189020045386 0.0925209883788917 0.698058266960424 0.867951081421862 0.610574676192888 0.474340006163351 0.231789293186561 0.873884147855551
0.11598192473408 0.510494476917635 0.854474505813649 0.623602360453269 0.00724278884501639 0.100568889184434 0.0411347692519171 0.152900047057004 0.510388205183753 0.226913316241724 0.238864073413499 0.985085827404599 0.0654397662007021 0.0592139737861129 0.543303327515328 0.0574962433764664 0.43666485146611 0.193823963064726 0.00684947812490512 0.973412523064783
0.187899034471238 0.593225251908798 0.542459358355258 0.592992560725943 0.956892378174622 0.498423562966649 0.0123182330020134 0.895130841878411 0.123488316162751 0.399484585671423 0.383155569845861 0.991123385986481 0.273948677810685 0.169930580530954 0.658204356914995 0.976230176729726 0.315428192217828 0.85890518058076 0.164516008645069 0.678492987346181
0.207975773925335 0.491722598117797 0.420632902472335 0.631480508695515 0.354240850091712 0.605180530911734 0.366009160465651 0.129112681441523 0.154127432114828 0.212982937379523 0.10216759906573 0.971330736041748 0.388241993792505 0.115734737955422 0.591665946253284 0.344519617891268 0.816410471122997 0.614174284624608 0.309425758930734 0.0142261468103495
0.160760128483456 0.420013424495161 0.0771156909707546 0.836929050782158 0.526334443708287 0.312639714769315 0.321818208154691 0.494182700328136 0.655460780559183 0.555058029792886 0.282660915065122 0.312499955665557 0.465644622556725 0.101058096443871 0.886995702798959 0.998412227519966 0.467824162684611 0.278513106568729 0.710471633238371 0.00206003167486488
0.314694532006815 0.659089161471204 0.834522050783688 0.67566216396273 0.806618707817041 0.340056085565651 0.106115124891571 0.960383128863741 0.890101880410504 0.840045432697445 0.941082517967612 0.802581739873078 0.525465384878051 0.139871223278147 0.773919904835887 0.99471342655643 0.529454805966793 0.661459850241174 0.997026795306911 0.017271363502067
0.0958443056847205 0.61637372305748 0.777653203354445 0.562435685570406 0.657187928780308 0.580361537710382 0.012543549997199 0.657700045819895 0.0585439944113904 0.462796420501988 0.251938134097701 0.918332367454089 0.489781057071619 0.141596919869348 0.847749655941401 0.999663322300533 0.413895883476168 0.609518939090662 0.146228056388352 0.00280615509508487
0.156071180327692 0.517569460573288 0.230316901580142 0.629418382839174 0.291798200975128 0.684668086996302 0.111709473192687 0.106134098750199 0.268031010130777 0.136969994926014 0.112058070552243 0.974604897930442 0.0818402196397434 0.0800242488279473 0.712479962042376 0.925316191882989 0.491532042406314 0.714963682844398 0.306083175030418 0.926698815808463
0.205735782286438 0.552483758114894 0.774362154766339 0.462652140167543 0.793753486996439 0.279005233781677 0.157408008970666 0.566431535444922 0.0384649653625718 0.272187487103731 0.388023824234011 0.916083830063199 0.180728306387133 0.0578620554331585 0.673334970706691 0.995703199107339 0.561655981996246 0.533885283916319 0.00590086836407256 0.884993777829214
0.425096767483841 0.727956124909325 0.746383301636704 0.67015833171503 0.962185970827081 0.21050164416875 0.499814015409682 0.643435869820445 0.90862961219246 0.89399433245216 0.200590999226442 0.417484067420496 0.308810546988417 0.29658987580882 0.535525783327119 0.998327782793009 0.287507490162051 0.592914551551223 0.897567755578531 0.991398383781607
0.492475426802308 0.7011131688113 0.685176635492328 0.681622663840115 0.952603000075893 0.396119188704471 0.869304430007304 0.94500195940136 0.942982191126028 0.898166342447843 0.896151472293194 0.951594895473605 0.259476480471822 0.272565538847557 0.80506737285443 0.859253533806962 0.669213751612688 0.841517764290945 0.887448548820476 0.991148981709126
0.250104877982704 0.646533453212656 0.421220751128142 0.830240789672661 0.959587456152162 0.35557764009838 0.341292361294017 0.954778217018525 0.943171902488247 0.243077368884925 0.759756419764421 0.158822024576673 0.337152022970935 0.0953264739933587 0.525260626304741 0.979494524719325 0.368915155467594 0.797370671773894 0.980692049360607 0.0816082904628358
0.60093771867256 0.720196710399789 0.728975977075005 0.824575605692484 0.972458128711054 0.75938435438649 0.827092064143512 0.982305913158612 0.880701012316928 0.937521523611975 0.822117675077271 0.990160364897514 0.523894816034077 0.486722457451556 0.890031216513789 0.999900200269253 0.558535935592038 0.70005396336137 0.0940423713128143 0.997044246415287
0.167545956415886 0.514500451072806 0.573998408954193 0.59998821459018 0.375612441464646 0.481302847885879 0.0883884611723127 0.708351883765053 0.0835805612381333 0.56011603271258 0.442523398393205 0.976381679435261 0.120313420100385 0.0569376896755791 0.59817321641971 0.981333350019491 0.350340055905171 0.327228512008801 6.0094013953866e-05 0.217279434620166
0.0286213165959875 0.441567091861986 0.265049591241397 0.450372473513315 0.0782782628470727 0.199922808485743 0.0331901944715224 0.0289314137367754 0.0317465935443084 0.0116166359831067 0.0351208581839754 0.769007490315077 0.0519707922137723 0.00705379950889147 0.215983575689348 0.335120474014603 0.53486875958713 0.437992179597217 0.00172089544502106 0.0507719230433719
0.212930855644756 0.665472002330221 0.633039658357143 0.825035429674338 0.61558167676696 0.772836422682748 0.418671830349023 0.71453272452289 0.880272098618491 0.363066378778776 0.606233045355592 0.975986997836156 0.50857741746458 0.378902490353605 0.779070441762306 0.999832613912615 0.805243521323906 0.624279013490174 0.47846619113046 0.999037188014636
0.0207268229996291 0.406336815531471 0.108027322276275 0.753944998860922 0.0371509903818305 0.109757736413325 0.0148373368094877 0.00232918928824367 0.015597942976257 0.0228071328955745 0.0822496737889068 0.927850434021716 0.0103418005134347 0.0241705977232619 0.0861989748765746 0.93316442267793 0.286649081376643 0.330440144255053 0.125137277995468 0.000175188651233641
0.167401723925644 0.473057516847525 0.750176686892463 0.467170911375954 0.831981961438295 0.329181600157405 0.158901319989785 0.301708452168709 0.113130365158908 0.766492453074024 0.526097974622573 0.968454623948425 0.19909143406808 0.140797607295615 0.77260015522302 0.979791698178734 0.833863724964915 0.746878935504408 0.000672035789886074 0.993103358387637
0.738284027235376 0.828577485973742 0.803929672317082 0.807522780542355 0.935135705559194 0.709876496164017 0.785727578549629 0.976534846160337 0.994673424429293 0.962454895514117 0.989857165713411 0.999871651324425 0.811689202464926 0.516827153240172 0.964438862892996 0.999984793970774 0.81939573773514 0.505694298650054 0.521944098396387 0.203240961732226
0.0267496106086483 0.415552183983317 0.12828407947995 0.536157170600402 0.157605017728101 0.328404645618673 0.0438458961936898 0.0508512807485139 0.0516659551911288 0.0561251154213316 0.0401773217645892 0.605383860588821 0.0301918107077125 0.0302653300647166 0.498379966274133 0.035382136507565 0.166607654683854 0.223870712831536 0.0136236401499839 0.94534572290099
0.0721769733986133 0.601056009042767 0.513104388348587 0.389412234732945 0.095182361792484 0.135638092159801 0.0561735621329458 0.0260013675282917 0.344508605051516 0.0716826751749189 0.0206310506101836 0.662110126041243 0.0564337252142696 0.0526099193577784 0.765170455234034 0.372800195404647 0.431901629862258 0.697096728493038 0.207901872737717 1.10114286866422e-05
0.307949948105117 0.621946152868881 0.508904441161365 0.655538240337918 0.24033230900819 0.681508241799317 0.456486725922512 0.594418377818131 0.354459380619101 0.232897839813823 0.789699837190732 0.971451687633594 0.237825342741404 0.126317972056899 0.742473814503935 0.384473245661933 0.604680510335883 0.39732849326549 0.99785121180005 4.22727207417937e-05
0.256829021932273 0.671617019533065 0.728289572413065 0.801737366554376 0.913618268071455 0.800107160131737 0.163914002198569 0.940659770043394 0.901872569239272 0.575774553624671 0.303046951133323 0.984955923145244 0.266880886390855 0.139314878438143 0.786485023675227 0.99590459264213 0.46196232301201 0.421299415155754 0.32171490810748 0.337238030435141
0.145309707094387 0.548218081989043 0.208881102126488 0.840967247727871 0.764423643755914 0.491896854802856 0.219249910807815 0.271048261483902 0.328857821605806 0.212545615920111 0.487741550871621 0.587938966648663 0.09512474897948 0.171731339898411 0.671926694774549 0.602851839449732 0.400060895520844 0.441022007102551 0.000168400631116128 4.73517067330276e-05
0.476430458776518 0.701014615062546 0.857308237483502 0.837676703961915 0.397963815905823 0.377307351546495 0.425847825254032 0.544982914109546 0.556490644953422 0.40478886503386 0.819912492165186 0.983135652807576 0.121515033322186 0.160487656580704 0.916050715338711 0.497641790700022 0.420156244366556 0.484444875836272 0.00144240959465022 1.10269066308962e-06
0.110020638706313 0.689538626975553 0.400077939396295 0.443172866272613 0.808219318747967 0.593188406487623 0.163032265407584 0.183263777921447 0.0473436654175118 0.316141198050536 0.704108222288607 0.894119346210576 0.257597276151684 0.163867039972452 0.516933610925422 0.950103270856546 0.554437181753905 0.647396788317905 0.451702889863257 0.000459825792036179
0.0431794438190382 0.553051136944866 0.320256349414401 0.462007640960307 0.0628370984094785 0.217666626010656 0.03826555939626 0.237504388411711 0.0259420130134347 0.202852902734823 0.162048121555328 0.244088029535712 0.0708208611745403 0.031047968956011 0.445317297416379 0.784244608217945 0.265239740009774 0.307922110702725 0.0110701621071486 0.986358290661642
0.13781856819127 0.525409702706585 0.221107633505342 0.812743226475038 0.594510301687912 0.382641555484143 0.0660865245426278 0.352255620451719 0.869187001631814 0.422487447361531 0.804059122235751 0.989286466832533 0.183394511790218 0.0588829275264868 0.325788855503477 0.796076639423687 0.284694130274649 0.629270354510377 0.00394615470010375 0.000299232131832743
0.368470971730217 0.614851880649682 0.654556834765454 0.218779375238164 0.845453000651154 0.273811586154638 0.0481971682367466 0.231667593655743 0.854570764715237 0.562791154778192 0.392423787206483 0.87598585982476 0.179084596980743 0.105440393705972 0.406167533851 0.967066658138721 0.508640111720121 0.696516076723373 0.186023636472659 0.536397911088309
0.117196206126401 0.607761714682452 0.200874057908475 0.466122117906419 0.254722134642437 0.562782216525314 0.013240089489634 0.100349859014425 0.984963317407035 0.288018360461739 0.188030900629356 0.971574881081035 0.151826248322861 0.0485771047563919 0.523939671795089 0.000316618488718083 0.533594141806748 0.545373346376643 0.000176347508922743 0.00085520889680208
0.0443879416011572 0.5021854015342 0.263879927848061 0.719088441465231 0.0641659789971413 0.615376528449281 0.0823097894018537 0.015009529645213 0.0704060773516443 0.0220270297186816 0.00327270052238995 0.843834515452704 0.0664718401356504 0.084143137561958 0.286334164921622 0.217456790023717 0.491367710638868 0.419415313754418 0.0482464138308603 0.966533514516813
0.449383544922457 0.623930360932617 0.608713776922753 0.565666909798028 0.689373664367896 0.27797801961769 0.500441814915436 0.528759629938264 0.925716696990875 0.364080632816384 0.587819227943381 0.923132173999037 0.440613230745019 0.0595729450244962 0.946398438901567 0.464823196244263 0.348124806369775 0.495836631425807 0.0426861920911572 0.0116048065971816
0.184053793151506 0.646155427652883 0.353901067070109 0.668857589429292 0.741323003642838 0.565464811973116 0.148429367377747 0.18680990303608 0.743443053439476 0.442181092541841 0.963404685839508 0.999493932877565 0.163746028694141 0.186769897631764 0.751216598835752 0.802867174503596 0.750054598871923 0.831961951832475 0.924846682614216 1e-06
0.497585219700584 0.758010354404826 0.53521947524549 0.799130056616195 0.817260106588713 0.69760511657522 0.109795275318905 0.93886839664252 0.268669221939153 0.695425081448993 0.889534261790029 0.964393432784469 0.554929089469012 0.376761734029078 0.90043961831949 0.99490332485846 0.885315760237036 0.75153293913751 0.0357287300634123 0.917958332596688
0.396128221015162 0.676342823095446 0.706460770685226 0.716420481558246 0.763452228772612 0.423857796800725 0.0092516375582022 0.392734896567776 0.304923392939212 0.622657310070216 0.83677270589121 0.99674546358242 0.46271043263358 0.157575034571596 0.568936339653319 0.995335719033831 0.415021219352079 0.596583662942679 0.612629810059046 0.946713924367572
0.221840799408884 0.684582618291476 0.300702917995419 0.723968618286187 0.434850720417421 0.461433037373961 0.354461053524119 0.690648148132738 0.652808309591246 0.228715472847583 0.087829521673879 0.99289732563227 0.412297583078147 0.14039178889224 0.918340577887617 0.958335839577243 0.544637195429704 0.688574236066101 0.00442381144902153 0.211294737758792
0.473258913925074 0.749482727323026 0.849990935006321 0.511163456723206 0.970449818491959 0.816577876207969 0.680586854084278 0.370000830520838 0.160698644540055 0.927567252100803 0.755719451635871 0.995355965440825 0.79271313615858 0.209636545208218 0.754440577562715 0.895391893309431 0.531521201683537 0.461183464692385 0.480474661439926 0.99903408007025
0.206741332511693 0.501592483267765 0.639359899601336 0.360349762441299 0.40007144053529 0.642079443884364 0.151799286461256 0.779318260108116 0.645004047947046 0.30947122196696 0.217186475809243 0.965671163058968 0.115652669763639 0.112218231302433 0.658950314105893 0.584884582965744 0.487980164596522 0.471000079141419 0.0176021690680855 0.0202109326839425
0.179765700699051 0.597382614308688 0.362777409648962 0.749097069883374 0.638148235515501 0.118832182040236 0.243332081242897 0.105309969487536 0.8305736574091 0.14090737770584 0.321868128213775 0.995694584246597 0.168165932993629 0.147938479030991 0.528324335165917 0.996756337766238 0.480468106744124 0.469139308167436 3.49066632844155e-05 0.193131492021128
0.144544240808602 0.610127260407447 0.594528591698466 0.785810682661151 0.948257602432066 0.709930924703444 0.0781512233153495 0.97391693745398 0.559052707759045 0.589877772275081 0.92339213241322 0.997923098494903 0.327450399860231 0.277744475509033 0.677006235764403 0.987940889157247 0.365829177297123 0.422396761080211 0.864666550169317 0.444307436806075
0.509078579262374 0.650006991433893 0.897761070201016 0.664859065150284 0.986636859235951 0.0706080793076653 0.255080841525985 0.809878695259533 0.833180387658877 0.748841995446882 0.632403578432012 0.974696725970811 0.352635490245356 0.275278800598489 0.904165027453686 0.993074911149975 0.563671661893418 0.724924170728089 0.0311398390631168 0.999988993660627
0.443947473476682 0.728409149064755 0.32178111772204 0.82952758594442 0.959972655679824 0.400190341875042 0.0512178276500793 0.913250476955753 0.403822982209096 0.692285351164359 0.29020126597214 0.966873638406338 0.770484794498885 0.099072606540235 0.876632607706026 0.99001244473502 0.632052786359411 0.807200041240235 0.413547392057348 0.998759896893524
0.475563141700724 0.691842258825582 0.86665100795859 0.860842258035181 0.985293497603175 0.31021072077138 0.601041142782916 0.793393971166353 0.916523951597033 0.585392089008597 0.927409348030042 0.98383232249372 0.476472177309959 0.329571503303362 0.73665470323194 0.999590297384184 0.680808874645192 0.664507894875017 0.210121074481291 0.0198882577662116
0.398250723784506 0.687030545155539 0.894544059067004 0.698833689315155 0.985635236041891 0.38378150845543 0.272971240775308 0.942021157400279 0.969632422454768 0.712495637679714 0.685150766283628 0.962043592303042 0.718490980070689 0.396231843317393 0.955361153991116 0.396954860771398 0.526246266309161 0.721341280955315 0.113561228434406 0.999874241899149
0.0989565493234503 0.610579995449157 0.179103646834613 0.591459764176847 0.427277680587481 0.667275703132402 0.116647112780335 0.131823714561091 0.149969719307098 0.236586846632315 0.253113843090563 0.978464036610145 0.185098035789548 0.0985443031288361 0.28505159207961 0.673160113599149 0.466371816981018 0.69253633253176 0.997813666355355 2.38920110791144e-05
0.0784160739263776 0.559180106502271 0.484056447120755 0.676122332601821 0.180204121015476 0.398679983343045 0.0666188583351488 0.730590184252195 0.112241490564397 0.122347145119981 0.25544111036737 0.419491280566128 0.02519077241082 0.067443918077187 0.694182425546705 0.405061276820048 0.325069346874771 0.248350696068832 0.00698957136952134 0.751173155208136
0.322968769598404 0.690923929421742 0.71033626640803 0.656347760344195 0.846680983892858 0.467899302608496 0.430655517444538 0.96404576710385 0.951619753783126 0.74100397419797 0.849195545558452 0.932429864155046 0.428146317507025 0.3049714636464 0.577430264575569 0.988462794957509 0.631861777673502 0.58574918537542 0.996514939838779 0.979119280199761
0.133137319040341 0.647289638655972 0.684006724407361 0.595557148440948 0.894440990765965 0.538926755093189 0.103722232246379 0.6791319698447 0.923465529877484 0.500465704626058 0.584664657392714 0.928449371980879 0.205788092351137 0.216630215430923 0.684431799211525 0.980311806673192 0.472850110811768 0.680392209203473 0.00207115394397027 0.994822992505041
0.0370548373479021 0.446002345027205 0.156180404518806 0.339568628608497 0.0445785624397387 0.569203195304046 0.0219719696878828 0.135985265714257 0.681248346511151 0.0530503258002908 0.0953270033227191 0.925755097212131 0.0378860916523773 0.0288451815797756 0.319743655002071 0.217852728291137 0.543409493381016 0.342579480769225 0.0041862165022191 0.00118433633861554
0.0254578381708535 0.405663656912048 0.151428888991212 0.521345709465308 0.012219118419923 0.631070601480129 0.0476776174143408 0.662979986059599 0.0088338294153242 0.0168083195223889 0.0128287880481628 0.233202923518547 0.0230950761609746 0.0262199610181094 0.155852459487689 0.801049955613431 0.291639865431967 0.21211575901766 0.0103306701927415 0.00718765232150702
0.551022010986296 0.763614895387249 0.324794407330241 0.870435544065535 0.739291665102193 0.645474944522176 0.0849592117512094 0.770504102813423 0.949857752751855 0.709594238089743 0.866896392684012 0.985386273525716 0.415511237551627 0.257843657136142 0.818728661710499 0.98772519538226 0.566921991553363 0.73653430829942 0.0188330201820563 0.000312854231493988
0.209630773152542 0.58026720299413 0.528074523225213 0.66144535576385 0.727119841274831 0.475495867456585 0.384741828032261 0.962608615590747 0.989688772854304 0.553972886621151 0.501337668831379 0.999578092170772 0.518418779998302 0.319875338098446 0.643358306440937 0.939012447320549 0.61858721809581 0.770645437816761 0.186242710233827 0.0484203296866581
0.191253339103603 0.628133486317617 0.91022051962754 0.838203988146315 0.982813874981118 0.429428623713117 0.0680878712923255 0.839449740281298 0.580155538430309 0.751691375872165 0.394466569298359 0.994038532319048 0.56295700210032 0.242676436287467 0.638642368952442 0.997230388055704 0.821190971674838 0.759104389932076 0.000335602300942926 0.962429200334631
0.2501360448254 0.693989711507838 0.35197410459147 0.540956778407047 0.834383560460932 0.767638593190999 0.284621344739518 0.71147641642606 0.277547952481305 0.838703274469922 0.935689537698571 0.952283505991869 0.469090522980463 0.278832228723146 0.432814656387119 0.978419997635229 0.400830023786254 0.426974822864175 0.587176617568482 0.999988511885769
0.134142867317834 0.50923243376338 0.144499382317796 0.675806851667585 0.252069339421118 0.55325475186635 0.0179540421585859 0.587345665570418 0.968368052464564 0.274065940241384 0.0882489573249199 0.788499237142231 0.0435907507415809 0.0966615042663646 0.65799969116867 0.391645570264411 0.160533279764335 0.291171377091898 0.0332744204212827 0.937512589017875
0.222223237637192 0.603996899117369 0.416069902675415 0.769792264494327 0.804549139305224 0.315840826814899 0.0748865425508745 0.104109225574308 0.952142070861682 0.158764065044521 0.673494869485847 0.349367681779211 0.273695993723969 0.0472491346252316 0.310806528411795 0.772320146095029 0.531818752409858 0.422667366705328 0.420971368757982 0.0713170643278064
0.419625376195554 0.666297304816005 0.820280761129498 0.781567292505472 0.650524700121163 0.568156088205596 0.254809489998433 0.629866698668873 0.998797423160996 0.570719642392885 0.724122913474983 0.984490555619155 0.519272092030109 0.191945037166102 0.868277826681531 0.821952580268921 0.489107064800255 0.663894388174201 0.307623615863766 0.00623623652349339
0.432720371681813 0.68434814970592 0.634793963836335 0.855305042073888 0.874939747829293 0.826301611481132 0.694445442551788 0.916683133688329 0.868760688337158 0.970789172516508 0.889605013314454 0.998282168224381 0.849272218919283 0.331002473096787 0.780719395763912 0.996373846569959 0.726842736849642 0.786792512791414 0.223685337680249 0.98519767206853
0.398398195785803 0.659427783152524 0.320408627192625 0.611233123249358 0.790686774570974 0.400983089883901 0.111588279353404 0.196362903119914 0.983350396814794 0.570430476695176 0.476309611560463 0.476585578299139 0.166890657067358 0.152562264123943 0.672502927495694 0.695788828359867 0.538293285135721 0.462753229503708 0.759570153342306 0.999363502746522
0.374423249483875 0.63955678295194 0.376173381408437 0.624449787829668 0.920854656187559 0.223715695719619 0.25175117687009 0.812005118054251 0.786124651297221 0.729979298968259 0.602753390404803 0.996721594484406 0.268196851756895 0.28115053521095 0.89320843006264 0.999134885128476 0.622232177690009 0.321161136338536 0.589009000747421 0.985787976287239
0.0118871151023439 0.296133970643287 0.037773938778054 0.173007461261684 0.00613131886671425 0.401427081643567 0.0422877346843361 0.0610705015770762 0.0884352752886327 0.00763577413920461 0.00848207992306395 0.657517028352347 0.0259646246202199 0.00566529636269134 0.106123976488303 0.220360350611745 0.38105443053474 0.189426989269145 0.0159943187614333 0.0582576111163594
0.0476258487989299 0.369787926956897 0.0701865632223503 0.402243763123723 0.187412006168386 0.0872787588448254 0.0264063098829844 0.0625330259091576 0.0320989584488847 0.00486940544128492 0.0160118569293886 0.282175631883744 0.020055178346623 0.0249842621045013 0.0925349870132314 0.756391273378175 0.2064013777288 0.307363904738582 0.00531738988762435 6.24809198765742e-05
0.0731732948959065 0.579258640636182 0.263923314516731 0.423335818906952 0.133636559784641 0.325086689308273 0.0387039199546853 0.017380023279024 0.402993621158736 0.112046725818938 0.100550958195654 0.989640409545696 0.0725345537404301 0.0996073215606482 0.387454464969255 0.826931427298388 0.28335292304925 0.53062886552784 0.997258508501007 0.265563455384569
0.276743840192477 0.623394571842636 0.690251117068327 0.522153046440226 0.55512765759544 0.175475212065267 0.116524270216546 0.879864502041893 0.569356244577053 0.469146119937006 0.612241574700543 0.949514260123867 0.244754730105289 0.129789992702063 0.653429609119726 0.720961389056663 0.780708138752376 0.505999221272631 0.650347760106782 0.999894544417075
0.229813884794727 0.736010019561124 0.361489120800259 0.472291338733366 0.415611788483069 0.356851438345197 0.181777199808647 0.595528749724004 0.602434747743732 0.4614775602813 0.221838179353875 0.526684517107937 0.270543259736297 0.106132434724125 0.518220522987373 0.923130536346618 0.492415974586451 0.727699357153854 0.0572916277736549 0.088525194994989
0.381938446266639 0.63051402684662 0.810914605341596 0.627774715722119 0.490295896200816 0.424607011944859 0.244896259937975 0.325159940668818 0.970244416162815 0.623332572757337 0.577962606450938 0.740209095038789 0.163528357277852 0.312695484005144 0.60790747721051 0.985534530454764 0.691582036748767 0.69408895381742 0.0313531876678732 0.99890729547715
0.0689513618096526 0.602546734054119 0.181479194757425 0.764334258277527 0.832944545394764 0.370698677437333 0.0554213411056977 0.140562898192487 0.513743633210153 0.203898138137277 0.0969265994172693 0.97259333755037 0.132075723916042 0.0789598872030924 0.379713251537806 0.988934850586086 0.313922820683301 0.551382674021087 0.0392634113141218 0.000163490377416221
0.180697994010304 0.639868266031125 0.551078998690685 0.600551772982898 0.6954552587276 0.430389187424129 0.589624858335066 0.898551963334643 0.998435340134674 0.298386473471566 0.444941186582369 0.985513170469484 0.218717836898257 0.162242213170343 0.885392212821037 0.999735267392316 0.381241273287384 0.690110077556737 0.237527983972128 0.0701145229607582
0.27817779378842 0.543106666475663 0.647797568796547 0.738520458931829 0.903123530600238 0.493455662195869 0.0854836137398376 0.248092951176275 0.592821688287702 0.597357824809137 0.44685299803672 0.635717738092268 0.240772241551198 0.14267968047396 0.878656845520264 0.999133348967263 0.505042206020185 0.538770576278248 0.00147735788739595 0.0200835138730022
0.107372713261207 0.701994218899322 0.634390580824163 0.587438181987752 0.14977152639431 0.375953906049001 0.425474320305874 0.553990179671157 0.351060678204472 0.304591198932466 0.317902632299647 0.979038471441361 0.159881490081918 0.145395163549201 0.362793904083361 0.722245709155097 0.348252627958439 0.439594447892303 0.00520383668701822 0.0153048438034235
0.195436346751694 0.493479699053561 0.909656953305167 0.298767521989089 0.112886740818483 0.400447147143031 0.102496521380339 0.293942340203727 0.967215706455301 0.151008281128517 0.327089629521446 0.846248948680383 0.177499178194664 0.0765348678799937 0.35809480432042 0.637419020610088 0.56901042704946 0.48574903980168 0.306043769086617 0.0150966157439111
0.579363793724183 0.759193258496598 0.975238911425536 0.631468527974029 0.804149970779118 0.542107852976283 0.344081720571306 0.830163892265499 0.88936627693786 0.868160713868148 0.956236851476484 0.977278827750871 0.564067085506696 0.412683492351328 0.865355465632738 0.984382362941074 0.21262935946159 0.530906499558071 0.989822092993854 0.981757451853913
0.807892986740202 0.785394759696175 0.720143552609187 0.783590177081716 0.993637116405193 0.485508489003979 0.521539080446336 0.849343329281404 0.946600860624788 0.96820559747594 0.927186560117759 0.99998823592249 0.812313788634758 0.545204656786181 0.939466337901843 0.999765773260879 0.662201932972609 0.904311927988899 0.689111876786523 0.998992891555915
0.0794641967707016 0.495297782549852 0.0648162798181144 0.782723328972807 0.0125072913405357 0.490038313662087 0.00843550429036167 0.0814376632643777 0.140823282017668 0.0253441831753395 0.0194097223866256 0.768852255391382 0.0120115648120133 0.0398584259164913 0.355661087735517 0.0584344177872766 0.273222577293828 0.444735123194484 7.21379817066993e-06 0.990147396049157
0.425692286343504 0.718964029923118 0.657203395712379 0.696283320191299 0.831141837436382 0.620631140011851 0.169469447743415 0.966225137274989 0.987064655800063 0.882020841877021 0.800103558949575 0.959701684460126 0.372934399011794 0.187877419340693 0.58195256897686 0.999533520693131 0.566537093191539 0.70146827520724 0.000555711884364282 0.945474215776092
0.350661013816879 0.708207359342217 0.928867779324058 0.580377013142601 0.482470864059534 0.297566158171681 0.382244515851439 0.957473420360966 0.345957858821018 0.85857346920319 0.839958266928548 0.999125269911734 0.666696969762614 0.383816130449311 0.680936495903529 0.999539250981592 0.399777328102825 0.798087801964124 0.133595760901571 0.0175525135274029
0.0754210548479742 0.573298128112925 0.446156878205556 0.318609131620104 0.1334027809578 0.381751579119056 0.022193276313393 0.106207250684931 0.287941046242585 0.113582188939449 0.0354073949053263 0.863250402318169 0.0790008458255072 0.0747281037007327 0.598535568121322 0.991430266021413 0.296723003417796 0.327339044761121 0.0157810575951559 0.204725958406628
0.33467534224948 0.58660052436492 0.750019980772924 0.733957921417476 0.983894123712197 0.729985944957984 0.594956048054569 0.656666200265083 0.542750208166534 0.667936646291837 0.504171145818409 0.880809176485418 0.495106280883727 0.129049536793537 0.864193560604131 0.996058663086809 0.759666529349571 0.714257626602006 0.00318346381196417 0.00149411104632542
0.0643472779330383 0.413041318654332 0.1099808471736 0.284180541754089 0.0248055770166038 0.35683931396179 0.00652062663311128 0.095783871352335 0.219603126670162 0.117984014556811 0.121848331983541 0.791083877445037 0.178558150475832 0.0440646872086341 0.24241301818489 0.983668305103658 0.434326361169094 0.448432435231331 0.596307598180157 0.177247187354899
0.395959073835763 0.644953832727314 0.922267443020671 0.462036773185503 0.980893892905586 0.661703557829575 0.410723986459148 0.905952234589531 0.618739882517986 0.481156769209094 0.82970865026591 0.970561603898569 0.218238662916176 0.231795712375179 0.652257949967817 0.968692848016438 0.482775490067861 0.563507707712699 0.0111938406673797 0.999920359541288
0.040986012163537 0.491492808222696 0.427295886679365 0.58610916690171 0.426643508397209 0.288533637967735 0.00648818672159625 0.0389362907686329 0.0180040231170161 0.0150917728711543 0.00205012393697943 0.961326330023478 0.0891613612409751 0.0296241582169817 0.458494174698177 0.995722888051753 0.345091131660618 0.441317213593929 0.0441677956446018 0.000684560791620366
0.169873715540038 0.530128191611219 0.388619651923665 0.75124831811851 0.938261063861686 0.367765662313924 0.0479179781719598 0.49466421703776 0.746976658318601 0.0412012214595563 0.101013721487554 0.999767786799802 0.284790583943853 0.0644072525165066 0.775711234392802 0.0608004816243697 0.627987297958575 0.729758019087933 0.985907905088216 0.969855958441327
0.652395686811621 0.77278811635606 0.383143165000822 0.91747571812552 0.986780824489135 0.850245098268751 0.327083668473355 0.996188754305118 0.814302635502977 0.939825371417975 0.943500715651111 0.998907170459861 0.830990798219171 0.458755926578915 0.881601839496239 0.996754015069304 0.630696274192836 0.890915234974511 0.81442648444277 0.0155950078446888
0.0683418911657811 0.600557157451126 0.323690030185725 0.677527613527065 0.200534362077907 0.273123762007239 0.0958601019719001 0.156648284927309 0.963180721178613 0.173286466824081 0.295404746105614 0.976509640597186 0.187487421176495 0.0620661097077885 0.735498406500133 0.999597677774494 0.469919982795386 0.597761065954376 0.0137235473632691 0.997525903620104
0.287747741208443 0.557972922292781 0.861637494044435 0.789485521648627 0.852639929579709 0.159803871544055 0.117565923878252 0.884659732340485 0.755636961508039 0.593293304489569 0.8426126652494 0.986154542015677 0.324469709531462 0.259397079577355 0.852693126317045 0.994940669890856 0.245846138898568 0.738997795072744 0.0167754901289341 0.999999
0.195769238724377 0.549832078343151 0.387502787244333 0.738426548420304 0.823703918871665 0.15289073137208 0.326839980252748 0.142030037113688 0.366958888777345 0.35167518446012 0.283464625477315 0.213109490426619 0.0897695750892798 0.210162784797666 0.88150559411475 0.416477828591474 0.503488376973659 0.33624245348019 0.00677731604092036 0.986757676145115
0.0769256592647249 0.435031898703865 0.380637048085599 0.239103280292988 0.418293598914838 0.232145766223196 0.0527473786791931 0.155634753213409 0.013331078748955 0.0275296100239127 0.190260110568599 0.899174786591748 0.0763352441630883 0.0193268888791238 0.373066715773527 0.889714981771396 0.358780280281256 0.476089335752103 0.0950000267483116 0.675412861447807
0.0574170292041965 0.34081630508849 0.131731390555571 0.446605015585437 0.0161723212066909 0.239488660546528 0.00739904068281566 0.286160574538853 0.123738182599558 0.0566788129307882 0.0547660685054292 0.257277427486983 0.0392383990273882 0.0523613883066192 0.383465020721832 0.933607661745715 0.438854838758939 0.514734971174642 0.00507852893979248 0.00704261522619857
0.120676614324899 0.634361892351024 0.563692088151364 0.474249468319583 0.373255856070154 0.0703649956101826 0.00451017449411955 0.709040144288854 0.90573121147163 0.095735491346189 0.19116505483858 0.105878242102911 0.099008886121683 0.133441704063134 0.339690543806857 0.290728221590392 0.40646663115125 0.78115688210939 0.618790823306418 0.0151903729233527
0.106458135495825 0.576995004204956 0.287221106453191 0.307301098564141 0.196291687893899 0.357240507882062 0.0824288737318171 0.159974746140956 0.564319057018362 0.143723531101767 0.098148292948774 0.183711940621981 0.197402918683019 0.0510299518386497 0.511912809364594 0.988724355061632 0.856382473100451 0.52379490557577 0.00801946177748775 0.00421376206301011
0.133913022382278 0.495744866833252 0.53442824649079 0.642669413797719 0.676775217579328 0.198135538476932 0.154632167081098 0.616247329067208 0.434989659608146 0.271333523662566 0.0592410501182374 0.968848657686546 0.153756907509407 0.0603633353685718 0.41410216781896 0.99213274751285 0.3533653981686 0.465771717880239 0.000215930698946005 0.934110026900675
0.384924328954267 0.636342253844909 0.765425828468767 0.693248978178836 0.632916544124924 0.313070020181977 0.222758699988291 0.611797978181719 0.717287996000276 0.860220979594733 0.91560001468579 0.997474590810195 0.681473703591189 0.325080966834843 0.860546631835773 0.999764985554627 0.588789689402946 0.856737399394979 0.617353267122207 0.999912564289141
0.0825352609477586 0.39904385641236 0.0572034390442424 0.509878753723422 0.24281486491775 0.621994970223666 0.0122325065525721 0.0633233002241182 0.147396026765866 0.0580461595299266 0.0187351919602549 0.864951061902257 0.0151591033393298 0.0408547174281079 0.153739731028862 0.0922950983348274 0.364496719151984 0.335560188250821 0.00965981232632838 0.768398602530593
0.216132363300825 0.684061839320365 0.843199934690088 0.750755168150007 0.357662146774924 0.586017201812061 0.652233359878302 0.775930509301505 0.765996033537338 0.512456668362431 0.285111742998743 0.999321973598194 0.453170302867624 0.357403440404108 0.824749729853415 0.994812481661214 0.69965739324198 0.667537083016174 0.263624164988371 0.930538621864204
0.060941086654092 0.575511122994796 0.687902260026861 0.438883848217595 0.269047624304869 0.563637499002907 0.0415329626605256 0.274072461580231 0.154941043414805 0.183207550629388 0.112299956348686 0.778525936807228 0.126388148048616 0.0643636586584468 0.164758480964629 0.318174878485169 0.355377582505848 0.290799859268719 0.00174862879139719 0.999999
0.0919443453310035 0.57263267775312 0.573390658474387 0.678058738186328 0.456405348354151 0.515404138452329 0.146977535545975 0.682804108615558 0.351538109556509 0.348812417570738 0.0293197138430705 0.869786069662043 0.175430228877657 0.0628708831173486 0.792404083739396 0.902784751014976 0.467269946690746 0.504986704879057 0.000970063826403748 0.987116379210074
0.0908088844141028 0.350075773123224 0.608140158404221 0.340634176229728 0.0835577237456862 0.482766271511716 0.0242292065276119 0.0146393970179299 0.889937939215415 0.0178430250620782 0.00370157224328771 0.408587865073253 0.0319483224970822 0.0579202892423206 0.272601879230526 0.887335039671194 0.353123141794717 0.19767882027536 0.0032275320572697 0.00222034054387359
0.229706994877063 0.619438008553603 0.850719919630873 0.598385283319519 0.860913527964366 0.566409439819173 0.117095513920525 0.74018960936292 0.807559151940426 0.50552241992792 0.631328060875202 0.863136888976172 0.218652736575973 0.243236738636281 0.649758222240337 0.997840285022669 0.587755318427229 0.480179543473546 0.00066555070995831 0.999150958986114
0.338234838445179 0.685814388372553 0.525827861526397 0.574164721564117 0.253213260452883 0.116799105058846 0.0562548052255799 0.388859332770452 0.811255877492108 0.592142190990067 0.240566400722222 0.989043318882696 0.478351871833179 0.0936786124652945 0.501900340232831 0.942593043604663 0.664896887355239 0.84308229897192 0.887551663222002 0.433145074479063
0.0173282121167772 0.428914426077817 0.232336311818801 0.506321094965239 0.0301105591780934 0.0692706384345082 0.0539738989453606 0.0121356795026243 0.989318683125418 0.0128231483140329 0.0303100908011358 0.0999578618995195 0.0100824220673948 0.0192253937386892 0.25256190577058 0.553563707899482 0.205589849853157 0.502314390491972 9.95526367243628e-05 0.97959541338676
0.268685403285076 0.495210634169746 0.638513374393576 0.27520702331231 0.550878098843931 0.360618415532264 0.0770920610796562 0.249863546873365 0.0426880087711413 0.40607042590891 0.111439129080246 0.999126763685447 0.246912936263179 0.119217317459897 0.410965869324253 0.78607388902285 0.359236054490744 0.442125084007338 0.256153333056801 0.000127038384451457
0.396146794375257 0.615036461493679 0.316237350312034 0.429262868189775 0.0810405909852138 0.388969579743974 0.204470761670066 0.139946391558539 0.0161763741714864 0.134777513218398 0.0512456261388997 0.955756996273584 0.491124689524234 0.0814138577532989 0.389597989833165 0.825330693138715 0.700037240420848 0.434920289843336 0.996896251006104 0.998466953684009
0.360855877835733 0.579744331105704 0.882316265665361 0.474517824144035 0.666092977948149 0.175205188037155 0.14334967032823 0.683325062901215 0.666468856193571 0.593210146374997 0.440884451359321 0.824257144912468 0.240608175352124 0.161659333061274 0.893056652128335 0.807607907128318 0.726210279795169 0.797354358092263 0.827350029714313 0.11748651399198
0.164901265664866 0.564224218421348 0.273885959702176 0.51804296927115 0.171890098807035 0.796461908953257 0.032612694347624 0.0841590137399131 0.0710355722246827 0.112494622810954 0.259485334552275 0.977317842927686 0.169917031682972 0.0622366075381912 0.507337744050292 0.608180213948593 0.47481116576146 0.261661770647678 0.00254504685973503 0.000319457828787341
0.0344498027739687 0.471347174338178 0.317269733724561 0.283008438735276 0.0192516559140399 0.647769504580077 0.0255555243949373 0.0246008325660915 0.0101832467028378 0.0665751257331046 0.0126210928691661 0.442303898174739 0.0485977332606684 0.0289736372984926 0.666225055791134 0.757368738426449 0.340121173603829 0.47326663137566 2.14210696728846e-05 0.0232224621553379
0.366277081294752 0.708475998240529 0.908213033878234 0.803572956002848 0.632778770527214 0.156970684640064 0.319569331888977 0.967449802005588 0.941329055203468 0.923092635072817 0.887002604744061 0.99817434324838 0.492947004529345 0.273258420545314 0.814256211600226 0.368223416925518 0.482527160536205 0.792543521534416 0.355893342273817 0.902660979577385
0.419505530927225 0.781109401229875 0.74344341966488 0.673005069631453 0.874759881409165 0.774383830463192 0.467039506707118 0.385947069315454 0.991521547617452 0.941146340268527 0.778025133360412 0.689371057396581 0.433292175457168 0.230447156130472 0.785924243356991 0.998936185256584 0.521832227131389 0.523031967440676 0.0242885791794156 0.627430696013809
0.0341577853448028 0.452527439478637 0.12669221808264 0.682291265741375 0.0163609930249215 0.682846965094914 0.0873031937931689 0.03632712021666 0.0235247092723586 0.0274950728743989 0.0190828131447812 0.978647622028505 0.016260147511904 0.0325799193832707 0.394480202660935 0.0241119517358295 0.276693024334713 0.333354509193558 1e-06 1e-06
0.0522102378443247 0.545996234927639 0.427568017642422 0.441884642453526 0.556129791080116 0.789995185843233 0.148050293221643 0.0386966989053252 0.123498881292979 0.111675703219661 0.222767995635465 0.171854851282271 0.0619952580738241 0.0304543838595339 0.124267223557569 0.0567349271258634 0.453410546817879 0.264334316305682 0.00407635851738251 1e-06
0.354742865821502 0.690669066401484 0.53852292062075 0.632348764580104 0.94813048842527 0.240050423386768 0.443142566692638 0.867250343551544 0.409260908775001 0.70165684357268 0.697762618480657 0.468060046922143 0.38957315915337 0.109228469647259 0.880288859414032 0.999321460734369 0.714433469802441 0.863930532472387 0.904878612482539 0.999791228111118
0.0357129920569231 0.381708385135216 0.0345069351902501 0.435553384668082 0.310970186750517 0.433114968306109 0.0416631283213915 0.0390364504614461 0.660494530938869 0.0254475471275057 0.100358038799842 0.95992482368515 0.129352452344154 0.0216957857451633 0.534369231748189 0.593463984740767 0.280594244604748 0.18800405020866 0.00146936061296888 1e-06
0.476110949440146 0.670163735263671 0.732509180182727 0.616320672672035 0.651966127076895 0.442037951098488 0.647656711631918 0.978929639803765 0.84544271469557 0.934689639017569 0.838474975752493 0.935861784113231 0.514921750080967 0.137872877903289 0.921058155276811 0.999364902338566 0.379056991246709 0.715162058553698 0.100388109511685 0.00262719095209495
0.154021932761595 0.42406124770745 0.0487957500423972 0.611311254711168 0.140714176400682 0.861739457169782 0.0636252283592311 0.011397854879464 0.0719492904782537 0.0473186526765831 0.095232069916093 0.546863771190936 0.0403291727363822 0.0442421654860951 0.134664969268116 0.0967492307874296 0.337409351196149 0.736930816348142 0.088135809281889 0.094484118101594
0.311535499018252 0.623992481282208 0.850722181018767 0.772511595900831 0.61139803395493 0.829227108366804 0.234189572574686 0.879343574418009 0.973298737423048 0.77996304906115 0.614964969236499 0.743466136636155 0.577504969259188 0.202505940339237 0.70966672303444 0.999991119584784 0.589327212735621 0.427092828207035 0.744981166532309 0.878904803304714
0.149870997860446 0.555740546322317 0.431756509280152 0.723885229665583 0.906854384500647 0.810653556533665 0.145029909690258 0.835589923523099 0.996548674252298 0.399533191515385 0.534300706205055 0.957478103999002 0.2002846252277 0.223678178241523 0.598673479926691 0.0734183061913455 0.3873373627525 0.356432493400962 0.00411600477688838 0.885745833721958
0.0580316634051352 0.425055646821507 0.499138090240079 0.625423841161616 0.551989640751427 0.210278583149881 0.0777894386696796 0.371594144943076 0.447271956148225 0.0906021459302195 0.0771843213553962 0.937293221634092 0.157253959382174 0.0310210594858925 0.155988790607423 0.889231524229539 0.355032303846828 0.476641935807016 0.0109630835065435 8.01500767010134e-06
0.0464404408254333 0.500522714565315 0.0412165975078329 0.32875623018817 0.334075586231509 0.263382134572669 0.0087468919175943 0.0543521956511598 0.906287368877148 0.0127994134646501 0.0158160520322096 0.055922237791748 0.0641952772046489 0.0428592442033409 0.165227577710879 0.372481672812194 0.570013766806783 0.245051512797742 0.366946164206458 0.498798042558993
0.176333696158746 0.589218015820278 0.239410933726818 0.823282102513713 0.916157611089946 0.445897793383626 0.102252643819202 0.852781651388371 0.168677552054177 0.21882300174427 0.389770355246351 0.976278949071999 0.337696847070628 0.154173202991515 0.392316327306007 0.950942169570733 0.253908260574382 0.756802136548306 0.177813057506239 0.0133143785582681
0.204490678392725 0.651173502825444 0.435301432168878 0.279061166742311 0.154738836229137 0.721565185513614 0.0263620325940242 0.651311207265088 0.51677620584548 0.0751734847442729 0.2362725229847 0.841351535864533 0.174015525069828 0.13772347186598 0.737396683772606 0.947362583783155 0.19569394124848 0.410525844383417 5.22783118012426e-05 0.9991890220552
0.712285024291782 0.677321359776253 0.954219685585458 0.921865911329614 0.796474835480431 0.503927819835586 0.338514048525684 0.926005914375665 0.971394067767271 0.921560761218868 0.959388183489622 0.958976994103634 0.635458353452736 0.561372707736461 0.847327544231434 0.999034790054691 0.58573727116606 0.728708053463579 0.252433953339457 0.999999
0.284785618468256 0.719443048295511 0.819119093937749 0.649430077625252 0.970687319185645 0.505849331392532 0.155250548301191 0.965437305304748 0.859778966866553 0.486167994542854 0.540636736383338 0.985606764594667 0.311104093228718 0.184971280120959 0.910515575926848 0.997144454900337 0.392615117980618 0.632253613665421 0.450337628967489 0.999999
0.145114034347556 0.704048808873196 0.564969001280249 0.66367533539542 0.347970123201066 0.433077787154828 0.0557954654769994 0.896212900937345 0.997626270546844 0.691349260600976 0.944191626343766 0.641972416664127 0.238189737766489 0.211813357070179 0.779182113080313 0.991780094402868 0.558197582327278 0.365477142612028 0.960073636680671 0.98047838602584
0.0675335633513837 0.640030931716292 0.122730357753574 0.854026645417119 0.218527649478724 0.261920191067006 0.091619883920049 0.091993516141801 0.00876433939031401 0.369188468762016 0.0551631506772894 0.134291570137782 0.116173662550074 0.0501710988988241 0.543780106956659 0.880123628394267 0.352987982176396 0.363554236069815 0.179527796024057 0.000447256031594466
0.0732330815292229 0.598436766942344 0.240040995543415 0.724675576764458 0.208109664036496 0.141342697336803 0.0473249252984378 0.491741363742047 0.654951652091739 0.0638851051930076 0.026467635580215 0.870454912033634 0.0459587939742319 0.106292064800622 0.136228448990075 0.648203103868569 0.721718372038728 0.375505066224228 0.00194519482007454 1e-06
0.150322411224343 0.507104333677363 0.623389167125482 0.240777583943337 0.0633250616094213 0.506326277872401 0.211538279292962 0.384713876284359 0.779925832491178 0.192116235206952 0.202822519359757 0.773220752997543 0.126391742621385 0.100858740486365 0.154551503045223 0.95237005373066 0.200693384163672 0.323123491977906 0.900872920223256 6.86636708001684e-05
0.26432659536025 0.51962691196057 0.732641385197818 0.668075206164862 0.61405252350455 0.311251657550258 0.350406337428168 0.25632463113588 0.919926671113309 0.341364617022933 0.381057328159771 0.990882915405376 0.0911815377331053 0.107960502312926 0.727752734475523 0.641906013081385 0.428394243468963 0.517662362882024 0.0256259037035425 0.00833368288319916
0.141160612856171 0.557045636687215 0.625219861396026 0.610949528578635 0.153715017700477 0.528217338896024 0.177319870675803 0.154936277493726 0.928300725931757 0.688625033739977 0.531070136233489 0.998035652334887 0.640547193861595 0.0676232804937799 0.81302768002075 0.874485057450253 0.576261616925072 0.848011610020246 0.0297464745854449 0.358942655445192
0.518834283726859 0.63010930508328 0.714749888323231 0.61858841315838 0.510185941528494 0.703212755439348 0.187332533905229 0.607559216106578 0.365163614885644 0.641823321715591 0.440820134914825 0.995258007020213 0.230263492329518 0.0899821971716003 0.411473232093825 0.925714873118249 0.352603089443338 0.51059791376488 0.00166366231503038 0.0152401330942106
0.224640634761866 0.499484994434643 0.203634208103253 0.741562996053472 0.11476072370404 0.150761487935844 0.122297954305467 0.225278307783982 0.820633518413111 0.165359248691894 0.370922198625887 0.516910257515288 0.217144732133298 0.0835787246759137 0.607341894391121 0.595055910399961 0.344265334036627 0.562027282442147 0.31964623318148 0.000372025342449589
0.201801268655102 0.713702892453603 0.766797967406311 0.804107515336728 0.832367850519527 0.21300213819865 0.607194552936711 0.813588068934513 0.991864257405188 0.778860920342215 0.765483712705231 0.999168407865491 0.643913630376286 0.109067418094456 0.828114998307207 0.999081559764212 0.61875396622331 0.799879726269816 0.174141830390406 0.00100291184535979
0.246468473406374 0.544432910535185 0.401619048721798 0.786266827035768 0.769098850359448 0.234535160293538 0.11117638283368 0.48336611689694 0.109133883385101 0.630366132487634 0.758334118301754 0.907195880044465 0.31637206066275 0.194257005081245 0.651760552309831 0.999282865455266 0.702214215666438 0.472529624156215 0.995644119508058 1e-06
0.360282472171539 0.59221031947784 0.799631027214531 0.449915476981988 0.800925023749809 0.524443837002285 0.0955760706457521 0.987415818817128 0.743783160734934 0.65654089283036 0.762921017741169 0.909647369756648 0.263743751719148 0.237141396820803 0.789946089156941 0.311550273793957 0.721611199710973 0.557393003148398 0.159149334087143 0.991427394743749
0.179926937852905 0.48741387751584 0.0670614373137114 0.720502084784973 0.0189909476842771 0.652609421132851 0.151082052358258 0.068486720688206 0.343060318658103 0.369028631090784 0.323143557285355 0.382565778420385 0.154466314704547 0.0726142079841653 0.476260456000645 0.793843527383082 0.17466148091782 0.361085590944926 0.590668114586427 0.0682824404191548
0.362947502154829 0.644488920842106 0.896249981061787 0.417567317668027 0.953737423397263 0.790884219210465 0.149859434630898 0.977200961045824 0.878668135943011 0.938562237464207 0.574799067327959 0.928404425889764 0.614571648117733 0.19287750448162 0.725240179596586 0.705325354309913 0.413504049338106 0.788331243445015 0.465647969990267 0.999963729414981
0.137381451137179 0.71427950134888 0.41490809439122 0.761970687679246 0.837439945036075 0.433625700574786 0.210148949411559 0.427823964784661 0.0639535199751057 0.197569940675801 0.562996978270478 0.953683985654677 0.393755479468338 0.173112653641101 0.632723255269549 0.186143643581522 0.519043791859136 0.568661618709386 0.0237351091056884 0.999981351817589
0.631930063174073 0.717094817627741 0.871865237858784 0.494702321779107 0.947068358652324 0.385200344934629 0.479567575683722 0.897766773352996 0.973867036103885 0.662252751244609 0.85638622650419 0.99892936077371 0.586845137188521 0.137644291339917 0.87770525699261 0.880507263078862 0.622791208235161 0.63491585380495 0.0134793890357322 0.00629804552781257
0.0437279748326404 0.519791698337873 0.103317688023056 0.474698721476451 0.147496968067581 0.469532000217948 0.190090776556202 0.165779477904801 0.180400689758842 0.133152591176897 0.0475318739254544 0.970462500249038 0.0876705418227402 0.11038542764223 0.185483719819685 0.982419831382309 0.34277780949058 0.497818602891651 0.00305602739052293 0.203644254765984
0.505240800023662 0.829435631199196 0.637677601955543 0.657617867309786 0.987235347969791 0.1950840246868 0.73546044292016 0.982319007301837 0.69248153919882 0.946170700449637 0.974911792477263 0.994656727014893 0.576148157439104 0.223934701473807 0.914033014021386 0.993060234482283 0.545164879011663 0.606882872858116 0.903027806691259 0.238985404594512
0.0792970582591205 0.5328857095862 0.335782357503909 0.679539047459319 0.0053737035457084 0.201791397836707 0.0324166807972743 0.246126815880019 0.556925553093102 0.352244189949605 0.109436670880767 0.260223914815948 0.0269051608678941 0.0258402650231346 0.100410622561841 0.00036376254090185 0.622712861206154 0.426460768093456 0.000523525690631252 0.999972949059273
0.46100408402976 0.74171248087089 0.779962927771872 0.668868650726344 0.968773096411949 0.230091803098078 0.641090419810934 0.987971121752907 0.0201941096297957 0.726004158328361 0.863782253568845 0.998242791206073 0.414032256183801 0.238572184270141 0.932340648802433 0.999398573896721 0.331549400512062 0.681055395020645 0.141611256137846 0.160333414244319
0.174631129581275 0.668491907367784 0.778894932987617 0.382185600929329 0.0873561763171388 0.368845453872884 0.0295037851339768 0.223259716588471 0.571633284842103 0.246127531210114 0.241275035315229 0.981408382353944 0.280645438059564 0.121566375208081 0.334766076038008 0.9757631140905 0.350314741016691 0.355593132285747 0.000298097713835269 0.999111948660962
0.102366545120381 0.703536543478038 0.694696079841966 0.63339567107034 0.812051037362274 0.690295447419423 0.150072829509572 0.760478660087538 0.117295772812645 0.648198553838515 0.591415648656527 0.997074140177658 0.327996867341021 0.146077237464123 0.851202414572266 0.966325449886422 0.278756771364917 0.421375578244664 0.992197391955639 0.999988251021116
0.327134355675035 0.711278599177419 0.742048147430421 0.53491293066336 0.957432522146805 0.452733423006928 0.424131551708259 0.969762593872055 0.948650123425114 0.804066179461172 0.987510941340334 0.999154285207515 0.642467137075196 0.341712864168884 0.783427652315167 0.940089368717406 0.732641573434515 0.840182321703448 0.0419344818720113 0.999814129674433
0.0428720094475811 0.502110031992209 0.676001105551606 0.60317071375685 0.23558355024678 0.68704588027307 0.0342694470805844 0.218833249986403 0.49092974356289 0.106415032049669 0.137941710942571 0.992566850242354 0.0982735289443296 0.0276668343405645 0.156863039568069 0.372768503213956 0.420266890720537 0.536916607407908 0.948738498053293 0.0157880807823315
0.354633030614236 0.717115563430253 0.605299663732051 0.813102933948548 0.976162769601469 0.904903720638088 0.185119012035779 0.949464378469962 0.924376386037717 0.701564825759308 0.991861464076794 0.942846577502566 0.651834076533049 0.245392938627001 0.503308726908438 0.99041399996047 0.726997241236511 0.724972466158219 0.976800098803464 0.0733008322614574
0.302935775647134 0.534759380867916 0.721571556629125 0.603069728225172 0.104121161478163 0.686996409160979 0.0545556957898437 0.141827385449115 0.679564123657239 0.188502854834686 0.740704158076886 0.8282193762253 0.227397367794688 0.0772946652154104 0.887386859660579 0.997650384340091 0.445308379880954 0.751332565419922 0.014455827106057 0.995582246742953
0.47073488550344 0.745361690351376 0.855856484028615 0.460222513343568 0.719689675820107 0.320241327341349 0.0685409894264088 0.845519491391051 0.917188394222735 0.895086823955277 0.932043486133197 0.629779592289781 0.516343237610401 0.259197882683971 0.985379057736646 0.651725104401341 0.837209476772161 0.762618708262591 0.880201855916862 0.223305025729775
0.0771258512045493 0.52863885890011 0.252385797696088 0.847709954057182 0.209731668015087 0.443749195169568 0.0864172080813174 0.022367668797751 0.0916892839553266 0.00648740682147832 0.00996981788819612 0.0753536618359707 0.0756745838185752 0.0330641782654998 0.231712479001439 0.948746576646913 0.422442910484488 0.25179581107705 0.0230559607910987 0.296535766085068
0.184752828771605 0.496912711258561 0.128688452231261 0.742453065478499 0.0526509783630321 0.151894000927736 0.122248464457987 0.0519891679716479 0.0885230543639875 0.126604043288915 0.198205868802122 0.125182359047932 0.0557418890131423 0.06076426986645 0.37623016706304 0.175938189841628 0.73412415273911 0.379157132923557 0.00966536726225909 0.526837197159594
0.135146916798896 0.638335814584815 0.598030846204184 0.560633485325477 0.909494350836014 0.437403105082332 0.0328650849352657 0.554574225702738 0.548565285405086 0.429550405761844 0.555810290259393 0.810602000708882 0.177992830546325 0.16162670680666 0.716009768862493 0.720588969579966 0.479356850963189 0.684546862829652 0.0394934525288929 0.0131443964218708
0.0486159060828452 0.593269806582042 0.12302183314349 0.455428684779642 0.320513101427639 0.691246615102164 0.0833594593140652 0.0627162889244819 0.00667170874761701 0.0402094829437633 0.0633223978984635 0.651695868168442 0.20647790412618 0.0636650362752402 0.662802910172881 0.864815104646977 0.312262131919412 0.427783786331115 0.000351654229184942 0.0269421399381315
0.731194654116715 0.801281312072035 0.861782557200081 0.862092903521808 0.984869828473042 0.414505419240498 0.49541237833481 0.981604251661591 0.917554745557987 0.945633541802987 0.958443968868468 0.995162349679752 0.583096835349581 0.505504456268876 0.966477880124385 0.999618046598226 0.610053747375228 0.921518154177808 0.951805229211466 0.999778588333096
0.198614596508966 0.469296347474959 0.442792365156874 0.438678396833383 0.212328125907961 0.447036023701887 0.142361470270028 0.583135156922916 0.543350165014591 0.235492829880851 0.428536556969903 0.680349495202362 0.0914592185254835 0.0476688482362223 0.580772674204106 0.994870321178432 0.576137894963582 0.601566249208884 0.996476044208531 0.124685872370182
0.0954302311155952 0.603166259088501 0.232970209272041 0.67188905275117 0.596814149379104 0.348940903581187 0.0299203774952917 0.00546975877423019 0.866955668533213 0.250409308050677 0.0195493286746069 0.864124873903798 0.186169752179257 0.0659130499934394 0.461780460106542 0.831537128642608 0.387217529295852 0.677077068314743 0.0347410566210271 0.0323300684633097
0.220515963236026 0.624364864527478 0.571938056993673 0.58221860049413 0.406351763424651 0.42233593839082 0.0923839565357619 0.979486428097866 0.221896246693525 0.474730920399992 0.567066521919038 0.981797861351826 0.304853438927398 0.0837414170666034 0.631695472502638 0.496903075163288 0.472791297211371 0.54485121121633 0.125016196639745 0.381591245423528
0.306891517371284 0.669925098386715 0.561938021139343 0.682528360107622 0.924646619464302 0.440503063077517 0.301340177481722 0.905353502703108 0.99561219010761 0.778808171706868 0.87757237405953 0.913775348716977 0.304771092483549 0.312931382994323 0.806267016376694 0.634077993777988 0.691882355762357 0.541988961258913 0.00403400832140355 0.99783525935276
0.466173764117854 0.716254134920824 0.945705671192934 0.811651285649439 0.998067542325378 0.618708126836992 0.190059999224706 0.83824830231322 0.900636600883459 0.941146078053899 0.97070745404065 0.999187774729643 0.577991208052934 0.515207799608109 0.871948967346921 0.998431886708966 0.711953807690999 0.718396479152325 0.809224279390447 0.035520447392354
0.355316942353265 0.723791406224375 0.789583038062875 0.770241651907841 0.98229352361192 0.475745367282161 0.420091416211673 0.949104826684027 0.934268606968295 0.577309560322819 0.895554031623613 0.993801060950985 0.77501023929476 0.0873461514613001 0.685056486331152 0.985420706164733 0.349896430276903 0.64617691550935 0.88374616285009 0.993560041606623
0.0353066081077489 0.53613737900289 0.102995661297182 0.347811337809466 0.370334082257801 0.206849300183657 0.0266746584738725 0.0231724869869817 0.729061240667334 0.0279785994508122 0.00331736483982107 0.17478548435252 0.0281106746440358 0.0303730134540777 0.130530128717087 0.219760365951545 0.115223278824001 0.26092592544635 0.00594060577987928 0.442883445274078
0.311465320478216 0.623117739632274 0.498778392202785 0.717259748340968 0.881708909773192 0.447818694849833 0.21649792198824 0.305751158734841 0.136572177934983 0.343936782542015 0.885154494737142 0.993352931562755 0.5462756354644 0.118335705668 0.552174669521545 0.986481587456509 0.665731152606403 0.425228953159246 0.885654413280019 0.438236672200438
0.0563774138095462 0.624466382860288 0.130847186740524 0.253787307612529 0.0535027089732172 0.262271302812431 0.06631340453205 0.244130444601057 0.0447201100231341 0.263948691547646 0.397290199319759 0.880900879971656 0.063784677064155 0.054558232445712 0.693840853590823 0.995083992167951 0.281293021700464 0.351758333188865 0.000917734678726303 0.999962300153299
0.100703969862433 0.56354379322238 0.492424151093751 0.524130248387872 0.575576690184099 0.299522101068327 0.00817948596609583 0.540082574225169 0.883021684518253 0.25541351762074 0.390298704573506 0.910260633250314 0.0670727900844792 0.0520120209950657 0.411006051737196 0.517139064494814 0.36043901895769 0.473715047793564 0.0965137733699189 0.84858337584639
0.711674314222852 0.684121020974695 0.888742024051794 0.825878382714857 0.993296535245046 0.354860426080468 0.703477377456517 0.988519838419991 0.80243696129331 0.968061064344858 0.912461182533549 0.983530983192638 0.740377843168072 0.31926035900257 0.88555695684467 0.998556092454772 0.457388681130897 0.755988690988887 0.18439407302567 0.999999
0.0931774926929596 0.667615309678883 0.219467198984149 0.474759644543037 0.737329668888201 0.501697155731666 0.0708485801331604 0.320659303383312 0.146802026647561 0.199746359883209 0.613275198684805 0.546229972642717 0.147540116318918 0.152148131823227 0.694745864885666 0.949027227536458 0.640188518741968 0.303715567735266 0.993216881470543 0.00222519946110601
0.0983378552086231 0.66807627598409 0.623073531808029 0.408244498067172 0.841133134281193 0.132842870632692 0.37095083037475 0.547221507632403 0.53821611818926 0.0797708307715164 0.858491475711326 0.961466956435012 0.432611661535835 0.10812939357452 0.773538447075038 0.835142984720833 0.621871279046149 0.416117161255171 0.952911039534971 0.285382778451381
0.0348444505978665 0.56398000492978 0.0297256012834149 0.27999904813507 0.0203233657369263 0.523316445684053 0.0272803615593129 0.00870473773979889 0.680511160174533 0.125054190236857 0.115427103805425 0.954885358616022 0.013454202920236 0.0402580351732195 0.748169496514146 0.503146057111463 0.288894326895093 0.560198235697836 0.456430283312989 0.130993086944642
0.0253617299281985 0.425380068462566 0.304185991483273 0.594373878412739 0.0313526928141607 0.59458043410501 0.0529562342227196 0.0480653137971668 0.0676591850875644 0.0662947222906288 0.0338874823343114 0.678906573302845 0.0195246041032069 0.0391498564853993 0.210198073655022 0.471978905853351 0.318501092189019 0.247587646699641 0.00477232259556382 0.988939743800693
0.0771524038876964 0.559333326444039 0.567823031363821 0.650544308636329 0.364176392195447 0.295267003308581 0.0374066639001595 0.106631479125721 0.381590673378064 0.0798425605757422 0.147176554010047 0.8762902831693 0.0928605187250293 0.0488500906009608 0.458480836851387 0.0705210779484528 0.0900358630650652 0.603833082866463 0.282255565754141 0.999598284365282
0.00379400149597987 0.416939581960115 0.0374236069632708 0.586168786520388 0.00225874277465584 0.412049796287938 0.0138618555378546 0.0034180013116146 0.0578902525919196 0.00281378239066338 0.00316012863047443 0.213925363558525 0.00791207847211693 0.0207463181518236 0.125763043998458 0.0333087344572963 0.41785469529619 0.221377969296228 2.84912060255795e-06 0.0077411643705052
0.190139155700926 0.541846432178346 0.81305071132247 0.679199616788755 0.459675998297891 0.168882392213012 0.123006855563269 0.602765816231084 0.965464920271883 0.27131186728626 0.910429698156585 0.960297464504473 0.272117805255152 0.138311667621561 0.469972996768233 0.387979810840591 0.413011243804578 0.697141407675616 0.142043890021524 0.99999417001088
0.150225899755348 0.732865055112152 0.885493204386214 0.462827105704018 0.91509272687505 0.31365437492584 0.194055592059905 0.581761387373955 0.984766842077827 0.664136146328903 0.886973931020877 0.660646091767272 0.504837499218421 0.190031633486383 0.955489279745038 0.893184814516384 0.459178533677853 0.534237403967015 0.0116986974463255 0.0224196399729434
0.208233889784592 0.662558331578628 0.820406730133489 0.444482369225374 0.924695150788276 0.259517731813961 0.369876039539796 0.902106657083531 0.965133230998831 0.720396282659158 0.413682338659666 0.994264935623119 0.427790725436856 0.191990327842983 0.955914606135059 0.997256350738631 0.403050342062484 0.503369255318405 0.992084850069713 0.000657374819691553
0.125277036808525 0.601514120254074 0.255977691074449 0.682377838838605 0.391666179849122 0.373130276986645 0.0290210321920682 0.620085207886387 0.562955865996905 0.226787570697443 0.198246420800041 0.999166347963375 0.229926182726161 0.260983979043929 0.765662427362826 0.974918690127534 0.488481679327006 0.754002950943842 0.0614653158295727 0.49412178829947
0.151212821689834 0.53255113276335 0.320992961025296 0.635398934363941 0.287384188133241 0.484031690599587 0.171889037189587 0.676592669679703 0.989834427634913 0.389501127369413 0.785791203451328 0.887460068159016 0.0928864351613069 0.135196619589636 0.404756279747499 0.955156933047618 0.289028613779769 0.289778402330529 0.000807248467215809 0.974025662367324
0.0644942586429035 0.483571576876843 0.486108119515533 0.47377729030739 0.506242412873691 0.518113143959082 0.0827751426901835 0.462085400291947 0.0726264241944313 0.0442494787331341 0.101669144663127 0.679464180356128 0.154607778418001 0.0528366155948656 0.617841723259706 0.580439487273715 0.151222367691239 0.608954649032619 0.00323082097650647 0.000362151888289904
0.234895950150814 0.765010138872704 0.612432555066053 0.842886028701955 0.96103799974264 0.451976393934801 0.50989895827154 0.965565984488571 0.687110604555846 0.889090994955603 0.996558547537028 0.971946133293594 0.498539504072557 0.190426917654783 0.798032055085748 0.999839379988416 0.815925280586731 0.539475326045544 0.912100713886096 0.210361641168273
0.68424393557348 0.855729833782321 0.62697083951271 0.677312750727939 0.996939921826517 0.183827878589773 0.620348492536605 0.994432131172007 0.941751605972632 0.99231963245486 0.996754003048014 0.99813864986276 0.741489819097629 0.376340913874365 0.961044323807835 0.998114080033258 0.768763060924399 0.594238240247004 0.996355169352431 0.9979039353577
0.578040165546851 0.71596877401958 0.287967143774947 0.816768637205896 0.986690722263773 0.279081455351144 0.420930339988868 0.555265166623774 0.709824107582218 0.852994616935016 0.862977465954463 0.99977525205764 0.437482169760884 0.433328439009341 0.489012159872312 0.867561717035153 0.491691977809763 0.794306265895695 0.0241955630677056 0.0120481760270113
0.288854400034066 0.705831574319485 0.945990068527407 0.690204961060482 0.936690418566417 0.580468581297125 0.750086586608642 0.778989114107462 0.614947650479736 0.85518382425031 0.212954230521431 0.984655341456898 0.367346127719352 0.247419681388255 0.91676740550565 0.999622638067343 0.729218147135176 0.619765168952233 0.98231788186776 0.996412413322277
0.0628776823556776 0.59624738134397 0.549738990658557 0.371896487561535 0.0888254313932291 0.665375633915157 0.0574698982016255 0.432328750174668 0.0490897539531711 0.0511815208045417 0.137097523196381 0.699972750909896 0.0402887347658974 0.0412021585271498 0.279492443539113 0.983347383221546 0.594495851421284 0.642034744910064 0.00158883365766005 0.219905476150725
0.00709982932104914 0.346555337555641 0.057020412572191 0.454548203348571 0.0265344126606822 0.177876724704328 0.00897128051374236 0.00390642135759467 0.0253547098610637 0.00351019987416732 0.00269772392455967 0.00379404823561656 0.0101700232381617 0.0132285400561944 0.0885724097117999 0.147156168475603 0.247476718869775 0.149030289039765 0.106328982574805 0.00746288206083526
0.0775912772023846 0.618601374722324 0.366342540036573 0.762435987454868 0.619433139656368 0.40887881974603 0.0921612197338112 0.0181167631018403 0.242109308341719 0.068318733744894 0.0849570386834489 0.653120774090843 0.280241905755965 0.0648803223284733 0.358303779207759 0.799444475483317 0.338887611717943 0.52120206528937 2.38501610515587e-05 0.00189563147808642
0.0832773915712329 0.451148895528274 0.166761429288847 0.526655668786261 0.272147979976679 0.776047421898019 0.0165807492490235 0.0198799519842437 0.101859080011927 0.00668763102236056 0.0397169031778174 0.72818850367581 0.0603052162224488 0.0307481662434646 0.236567455808426 0.351805123468079 0.26487885010335 0.314647565212828 0.0197545130323848 0.976807677903895
0.637945172423845 0.655468479903613 0.801646112140298 0.529983788538409 0.635262784395836 0.143965728044136 0.473534711406519 0.939768566192503 0.519397969289928 0.895426508900738 0.906958867851899 0.98344821733864 0.326251586142531 0.293154968754384 0.509472925057951 0.765207954469918 0.544215619356486 0.811104168269884 0.000582386913872027 0.00546658845358819
0.252383860161379 0.787591803378809 0.21356464032065 0.545262931882069 0.895074680142452 0.292039352527643 0.835089924502692 0.927187237634948 0.984543823809323 0.869592888282635 0.968787531943822 0.999600997133682 0.531163297079403 0.231698293251216 0.873351010611691 0.99796174792514 0.747295056911919 0.227285718188635 0.00405028988648242 0.00393480242510662
0.78335722077594 0.857787980018739 0.895790279879102 0.908464456896911 0.998176947612888 0.670966262037449 0.909439678200007 0.997902417469508 0.978142053783393 0.983470593506188 0.990083382118548 0.979053996886902 0.712403064213912 0.774915713762185 0.876448746508438 0.99951839235152 0.717883068931032 0.913492132625995 0.912988301476753 0.999050754601992
0.112150205086401 0.596857753346445 0.250674654317434 0.742735248654595 0.0879091175110876 0.349612531949988 0.336919569910526 0.21765144190694 0.0376590610191676 0.295964688433828 0.21492759029865 0.99126536874024 0.0754845581331277 0.085643856203037 0.444306425172265 0.806984023096316 0.748476703372352 0.4905188877205 0.144333531117295 1e-06
0.313438921725153 0.627315103627041 0.814931977722222 0.694348618464818 0.493159109189272 0.722171735394192 0.376740304711577 0.679155791565917 0.986373385502268 0.249927863706816 0.416553267278499 0.852126401222741 0.35896651470526 0.0653812891632994 0.348897698865411 0.881183947353817 0.369028629089948 0.694037910722986 0.023697381148852 0.0104967028607072
0.0132597493310089 0.402857637614136 0.0998329454547411 0.717165857268408 0.00243377929207386 0.261713486816308 0.00792174611558799 0.0137434181222872 0.0439463622022862 0.00364286770649569 0.0119476011369533 0.670738882827728 0.0297253966466993 0.0191142695297053 0.428735956708641 0.303406962207936 0.238477698702269 0.20551280470488 0.00283849957639413 0.605329855114079
0.509287488249141 0.623691841929812 0.766648294721203 0.742584456888513 0.935179770289647 0.245990861319487 0.33730356035115 0.9025830092527 0.972623203075557 0.767957089036869 0.859581866253814 0.992451381332907 0.553251110318772 0.220401071826543 0.824479063929875 0.940816820490176 0.562439976128116 0.818895141771482 0.4139524987864 0.952880847563251
0.587787055251678 0.762685055948261 0.903256959998567 0.58599668569439 0.996316757185324 0.535125144369788 0.158772737061988 0.973537954390805 0.5301311608368 0.969076114297839 0.943477193183241 0.976328183902399 0.494894175221869 0.244916448047504 0.676175906223146 0.989368260471637 0.611679473136053 0.800525950735343 0.8751103170681 0.999985350929629
0.141014628653683 0.553420169178749 0.450141539493047 0.635058276927066 0.0903877762197496 0.522616817468826 0.476488224758931 0.124828885670481 0.376877265668115 0.112176554633107 0.440226951209058 0.629925776080031 0.115891741715476 0.0659959454147281 0.560943516750071 0.451337050348226 0.353821503089609 0.419842003287462 3.188736526814e-06 0.00212879939640551
0.0332020219785026 0.505911532124855 0.539066573996773 0.463300961489815 0.148843909883778 0.686152502788681 0.0124308687832436 0.0199951332882242 0.0196570198068803 0.0859658141586527 0.00681374990844909 0.968807079547689 0.112645744342439 0.0693152863285691 0.480202033332829 0.686060118201497 0.338439613445636 0.413219170299538 0.000137300941566102 0.999902624435275
0.151579278189419 0.565892004719009 0.699576469055213 0.640459393201014 0.255154991261777 0.614586420022434 0.427093159566204 0.743014383318993 0.287316642570686 0.37734171831734 0.529334011929589 0.992853593190035 0.198472190379804 0.0791857358685552 0.527373876180143 0.479508299057917 0.754802621127303 0.618617820481565 0.0281508861406075 0.999878122897837
0.0831952443910395 0.540537153287171 0.0950478078488914 0.564324722059346 0.245228610835159 0.324832835673629 0.0924365197464662 0.503478258459188 0.178592819948051 0.0837726850345866 0.531250458310791 0.1326482423881 0.135310765885632 0.0479868279358417 0.745932169939119 0.903681235510736 0.310665525490881 0.476370821261868 0.346688647419224 0.00500100533984974
0.49145502844946 0.759752640802011 0.950429827886158 0.827728277184091 0.957985474114449 0.505373463251093 0.584996414573466 0.962775459646407 0.99465691150577 0.861202729392822 0.985476177724889 0.988463401471433 0.602163980090769 0.61676259255918 0.791101566235666 0.998370280039411 0.735252361474551 0.761339637082066 0.671097458935135 0.0597562123151332
0.452681849214784 0.711245131807583 0.944693964302424 0.699132029977733 0.837929763244827 0.29099278725322 0.0835340319307073 0.846950324654427 0.673570918377258 0.724132810360313 0.683702308073851 0.994411200605445 0.307619349383963 0.242633678930387 0.810214816897502 0.982441054660625 0.419288855153984 0.602116498566121 0.0367590093776363 0.99989402435263
0.683383053265783 0.831319484912719 0.903931992281872 0.803247725964772 0.97461982828642 0.42063362959659 0.709064843655881 0.973506171074602 0.99543817461337 0.995778759898814 0.983554146765642 0.990090877843473 0.924387740257287 0.49784976332715 0.986794891842419 0.968414533383098 0.801190520882192 0.68478355694246 0.892900002010458 0.999999
0.402312917754046 0.686796723573155 0.608436091297028 0.80309038428954 0.435150583503247 0.388177163558255 0.485156086499022 0.98337484473733 0.944479679782178 0.911550724139088 0.919002109283778 0.998959866564555 0.691826070243522 0.323954689526392 0.777439950032065 0.995852191908565 0.663957083599209 0.652075984269408 0.964139664599146 0.528868290432586
0.449848135740998 0.640002206130059 0.634196433632443 0.460851048912789 0.900506883033928 0.169992705498246 0.306712413294043 0.97056750634126 0.660927943694176 0.535426157505696 0.698160780285536 0.996321318249319 0.413599209887156 0.318901351294189 0.942377135450217 0.998345076849929 0.765753394876885 0.770728681468901 0.976069646656923 0.999739772486467
0.491738621263869 0.750215479241738 0.817042085117986 0.584094690045268 0.966535047664492 0.849177988686143 0.399188634510895 0.713757201302151 0.833731861229031 0.886009853985256 0.987892498834523 0.912954642501965 0.638419480160131 0.356137929397368 0.819889747715549 0.999980138539079 0.873969007357595 0.588114300657537 0.637653272884144 0.992114786756257
0.108092653469618 0.526485459400184 0.186150494131295 0.617317858310249 0.420754142890718 0.531015637960252 0.0544761728194495 0.229186541051104 0.0832095674524685 0.0969161712288981 0.218086275207923 0.990523414055118 0.110783441054473 0.0471928542334069 0.692229742680421 0.922111272833185 0.144915312925565 0.443986230797387 0.00141556090851234 0.00154396232413912
0.193307131435077 0.672450020593965 0.549426050069437 0.71050284211356 0.923730514551594 0.352353697152405 0.175144428915227 0.866815169386356 0.151629444648284 0.952408019589529 0.844999815254502 0.732355056967511 0.3702590340176 0.19086614063542 0.669800317707295 0.701785374688678 0.618186955046391 0.784248378033623 0.000380394864595027 0.896155010736457
0.527825180475843 0.639677306136067 0.569628447480874 0.749838391175645 0.581404882943801 0.708914758066923 0.290074954712709 0.76827160651586 0.501651796659925 0.978347260332858 0.906741733770208 0.995557754609571 0.780171119518524 0.403914664142677 0.62732280836194 0.997830061214079 0.411771761492951 0.791571518575556 0.99945100698169 0.998392837025752
0.274220903620233 0.570859412291871 0.353858644910491 0.601692083550346 0.699204846770059 0.210211954613864 0.140963476716418 0.778709254555132 0.1154204145613 0.317525447345251 0.362622331823808 0.982310377177667 0.119693993092228 0.165072488225762 0.440157673694914 0.98735698206698 0.572682586398569 0.455367942654423 0.729837378203868 0.0446750263510511
0.149224099302089 0.572084939463626 0.315198861286489 0.709508847194761 0.340486002346151 0.212828352657413 0.00859294414737273 0.320750977761948 0.643113356826013 0.185453838845373 0.331540231058183 0.976655460850024 0.0565451429548616 0.0801252411348811 0.62022175562545 0.994646159531537 0.659284419821871 0.43672941037941 0.0242608934243561 1.43237186447763e-06
0.0155291561186298 0.470187710351375 0.0642420441778025 0.517311344580428 0.736068478509505 0.0963733839998568 0.0318531387890055 0.00871537158752075 0.0631733548775963 0.0227591071271606 0.0474727732294261 0.348132849643147 0.0431090038762912 0.0212491468176589 0.723770694882675 0.836198316627234 0.632389041285652 0.23320748225878 0.00232814054074302 0.997671355779929
0.689358250491872 0.76629255060658 0.930493968324861 0.409836863846851 0.881395150466532 0.71147563445218 0.36297290213299 0.989494779868731 0.418607286600127 0.826300010141565 0.989587797388402 0.997875410580451 0.572293777397284 0.176061688431203 0.781370252443649 0.999760969827434 0.771462261575057 0.758839229228018 0.476428172137354 0.000183302797900368
0.292030471252842 0.620916050863371 0.697096983476959 0.869843423829052 0.717152857407539 0.265370924781951 0.470527320115991 0.984901917327395 0.781306129174075 0.839896159749681 0.789198785867289 0.984131773789283 0.565822384778628 0.142061484471397 0.861187911862173 0.738141118388683 0.722838672441555 0.738256712235601 0.0342714610699447 0.999887518919152
0.185875054100472 0.52370683469574 0.120449989623157 0.575589382919266 0.247116336100981 0.296494348100825 0.0653560904086813 0.478014037109933 0.498596459288356 0.337206224325604 0.16826785057583 0.724657575871422 0.168884480417525 0.192459790226666 0.647190151634487 0.998276855086168 0.542730438100157 0.373867574618075 0.00700009225430695 0.880096174743537
0.381192971603168 0.693525055395489 0.517096113636583 0.729939333393904 0.990348170440534 0.355087221332247 0.261029379746001 0.945774536187921 0.996601483145035 0.881979713466182 0.924563548410366 0.99269926049891 0.679194524098933 0.321499276242485 0.783023124541663 0.999830173153114 0.724163943920961 0.807339818113951 0.0577747461103008 0.000545168765206671
0.0539737807802535 0.374643340571963 0.425513650593651 0.763081825827952 0.660621448687136 0.441803136312254 0.074153583390177 0.203730784640631 0.594526275582405 0.286497190474729 0.272798371116503 0.681634932399398 0.123029792650452 0.0893022449275931 0.734516467976254 0.202024924371274 0.20935578696223 0.482977077616836 0.978277288967951 0.999992024813508
0.563296767115719 0.725842431270099 0.533196969424898 0.842272872346129 0.971242620644121 0.072933586200136 0.424243737493731 0.947819740919318 0.99804418832376 0.989353723957193 0.929879298491347 0.995808045661909 0.622283834202467 0.210531684757365 0.966885523260116 0.999465606782356 0.69637345712936 0.571270126977463 0.992512332921629 0.999594526227188
0.376174249866362 0.620908116794847 0.853049062671285 0.475998888929502 0.908673020315211 0.506350500584445 0.0652649280151906 0.837825352625392 0.820684567071728 0.850556524486074 0.709670655676374 0.986599740708674 0.557633720677227 0.26389715858894 0.791025211482818 0.993581584763601 0.342336143555701 0.646918102948284 0.00100484703793398 0.111624128055471
0.0905904743289254 0.483829997062646 0.361853968387761 0.483090839885314 0.11595698078428 0.216709363543565 0.0432776608542442 0.457751283723929 0.464761048075872 0.10773187875287 0.172569217178222 0.95497858041959 0.0549483174291803 0.0865375244559152 0.0956290182504039 0.0505257675977154 0.297945878114745 0.225058911967392 0.00013211130177991 0.000900919152400265
0.170071059370011 0.674165219348206 0.0838341259723601 0.568379269609262 0.20326819112415 0.389475441360847 0.149351899052671 0.943021534883538 0.0294216668030002 0.322015306408848 0.531918504184669 0.933145200678322 0.15307196186168 0.234867846869856 0.46891157887501 0.991270019386764 0.322339068741113 0.632754784344093 0.00190452263000128 0.000217165715394886
0.192877602574254 0.525792203930787 0.911756487946203 0.604728831700625 0.956960491941032 0.131399724844083 0.0878581968120083 0.338848549275706 0.585617208705004 0.586891273923374 0.61815625768001 0.959897163012411 0.174732843700682 0.0864715981855455 0.591255355901224 0.902494098533695 0.455498958540086 0.481424858945606 0.378138303281498 0.993943977530161
0.8531366923496 0.692237985812603 0.970196209312457 0.594010767092754 0.995144783914603 0.67160048694043 0.623996669150738 0.998542572352119 0.995147121532336 0.994714040386722 0.980735878065174 0.997683203267195 0.807306483174715 0.493733161948108 0.948178871926032 0.99970914254653 0.707942197719014 0.964236884045787 0.0331952254697054 0.999999
0.167879925656981 0.592211513758558 0.161816979437489 0.561003107780655 0.686982087759563 0.781116223257936 0.0320039087009752 0.326752233190763 0.808846218898161 0.47459570040332 0.494806180444408 0.74077002102459 0.314304166088253 0.180700774061537 0.856298976398134 0.890407435725267 0.451221713063553 0.491622157357272 0.00519707091384542 6.66745994764401e-05
0.315702105294455 0.706297547449398 0.76992642962867 0.583125953861946 0.718337864672022 0.681369279866741 0.352442465150123 0.958808988946169 0.588992141279887 0.757477935941167 0.823187920621093 0.971692530136608 0.716006395926682 0.214261156665778 0.913317433082443 0.986517265795538 0.544266006441735 0.729556096234113 0.00186907365792911 0.00618627065301942
0.0476439259603925 0.439594238325748 0.077320341972338 0.688549111663812 0.290993033822972 0.197656275656075 0.00676020006391047 0.0154177502666099 0.108230363703112 0.0304820338804459 0.030861842307406 0.542531450994908 0.027183085299652 0.0254800095514011 0.44191889896893 0.457037976110274 0.250384934058992 0.312108645933259 0.0295006665386325 0.863446572224436
0.043257847869989 0.431546614802707 0.108070932236683 0.604778580373488 0.251672285474078 0.503676621809726 0.101215682380957 0.0202761071743571 0.200331369321454 0.085031454171595 0.172021274152111 0.687285474645232 0.0765256342725107 0.0392575756516678 0.261350332748438 0.931269491375701 0.31515488859858 0.41243570097286 3.46062301319664e-05 0.0675754722445022
0.0885531888830361 0.650034826778736 0.292529657462054 0.628261716074496 0.08138912935852 0.15766194513698 0.247599741658492 0.276616620950996 0.862073823600525 0.111978317786823 0.565432113645368 0.202248327197739 0.103273037308027 0.0342272671790139 0.178199947821371 0.880437928497314 0.330652054069548 0.593101373050208 0.00242408034184344 1e-06
0.068705152656283 0.466046331640086 0.627669702762031 0.489188760127899 0.238763706140432 0.54228590786717 0.179226414826962 0.131897891219179 0.301517794569722 0.36983012447504 0.0448944411252721 0.474332796292723 0.132197092359493 0.0571938537894753 0.320924372374492 0.367067166146894 0.322335815315026 0.350758027112904 0.645751803409946 0.0607229273084661
0.16390171427284 0.634112629468215 0.36219404208487 0.567979993482409 0.365352437165754 0.167932448337122 0.0142618399752181 0.904226797353673 0.822925112302419 0.142947831431624 0.287259335177856 0.963187099457727 0.128547321337544 0.122464475013318 0.786686392890519 0.734070905783743 0.690719307455322 0.607559352662335 0.581103049723793 0.976426649521087
0.0405083890035198 0.262462225881818 0.143545338846168 0.528230753914157 0.0300275807678491 0.238301335546978 0.0675514824522008 0.001700772004976 0.214276054088543 0.00882551511139816 0.00997240725900929 0.75057915305722 0.0612474649811037 0.0502319178492291 0.0608950444199643 0.849288325607405 0.421505088512794 0.362607931195237 0.00460677870685143 0.773766380270616
0.787171606217396 0.820887963692407 0.93345097388824 0.769906345816785 0.989228656535828 0.734160993615422 0.739399874390684 0.958480066258945 0.99954609671809 0.994024212942229 0.993808891444427 0.999767165514461 0.812941472328896 0.566937785214058 0.969051815156376 0.99987599983627 0.764764783705246 0.869787734513414 0.999354324794015 0.999483139403983
0.66467170502824 0.764478880025278 0.902219126008514 0.692063170268754 0.988531364372518 0.440245169895647 0.63289666056129 0.994494488680303 0.921343289642689 0.797044168721252 0.99412816356582 0.995721026769161 0.838117453486545 0.544229143735818 0.886592510487335 0.999803871073396 0.812334316965292 0.750885818837301 0.998490230542412 0.882849465328902
0.00998457744537861 0.448967523969237 0.271494674867639 0.53252470934052 0.00660739630928537 0.142848086727032 0.00166612040671067 0.013572027128093 0.0582875684734068 0.00651869202525355 0.00925845558652912 0.432939617623192 0.00817585014637014 0.0122809360542056 0.0160976441936066 0.0235227740712553 0.141652340770375 0.217511615154897 0.000708515279645892 0.0317694042041593
0.393130699217094 0.64436345861769 0.633291867780502 0.781408647845486 0.928944518832893 0.60270625618104 0.487547446279712 0.992537015497528 0.837673947493325 0.906044347363416 0.722352160608095 0.997584803154481 0.714322954909513 0.457566435942951 0.890445569004671 0.987119222404848 0.230055269861891 0.673153408723733 0.906973626482607 0.989640244865257
0.0568072832229502 0.513909547732286 0.164432233263184 0.484147472956021 0.0171221919329686 0.57170514379987 0.0120376859757455 0.0773352351696667 0.270655618792183 0.0310304515687978 0.0410182402656499 0.0950288948676871 0.0323445388786985 0.0293996921392052 0.612529314573696 0.725691933873399 0.301771824802871 0.539426621087379 1e-06 0.999999
0.0846411160509102 0.478534034351074 0.0737530451013494 0.375441611522162 0.0274140038017357 0.668783548548767 0.00835526234967433 0.0558523875114221 0.00787792919131599 0.0245932552097319 0.043372498452305 0.0699999275507224 0.112204217514375 0.0290739072906513 0.490609412414741 0.635163114291197 0.418210790518039 0.164962901159925 0.00383683402546632 0.0156834981484031
0.0405692474075644 0.347899991401538 0.782814641169603 0.643756186379786 0.109094304786149 0.105305090459546 0.0132677663758509 0.00450579116150761 0.0694965747777686 0.0687075628747557 0.00883422114637919 0.754040746224551 0.0324225483968442 0.0158152741186732 0.221765699228676 0.849817212054198 0.296400066792439 0.337724025251712 0.00270983376677438 1e-06
0.703732483457593 0.774702874471694 0.955920936354173 0.636294656126719 0.966464755218285 0.825929993324383 0.695130470423728 0.988922519482708 0.422543569324303 0.948385976490088 0.952962712714156 0.996829832584938 0.763448007577092 0.437867616926535 0.937952374754633 0.999612649390721 0.721696253120536 0.798770944125173 0.735271283046318 0.950317676479361
0.268472137049193 0.684965675964068 0.182452382949029 0.563098543748682 0.464337374472935 0.244975804482421 0.0738318527543335 0.53516098723049 0.138117023741766 0.540128998139091 0.560872538189182 0.983517568765013 0.414379842350355 0.135263241385257 0.754407756652794 0.645173496288306 0.541653460057117 0.821955504919049 0.0817861503616403 0.0485904863263018
0.544813459589083 0.687720183024342 0.712559397083853 0.749978714944679 0.935651670297119 0.677640496329641 0.522216199815409 0.969165249149314 0.998816520102234 0.966677036725198 0.790031549085133 0.934280894589183 0.498418056922694 0.373375946958521 0.942120775497139 0.501899605946991 0.856889632740453 0.827817784804242 0.464705108464688 0.999780382015222
0.029467208090041 0.504977699998792 0.304337019797546 0.473559516204614 0.18743952136351 0.297082082171942 0.00960504141865464 0.202846711672492 0.030351515249163 0.0709661077067615 0.00376166412304693 0.201840135920046 0.016620350416838 0.0267880465387782 0.431555421222682 0.0286745636300259 0.531054511698015 0.399676177548645 0.00121377710430978 0.00419684288390237
0.144488547246559 0.616225794574384 0.115455437126094 0.524274869813077 0.165736972050187 0.569101252274314 0.0712195129864903 0.112885176563613 0.889267174633453 0.07089308907989 0.119764835036898 0.834917100544796 0.114267958754011 0.168902564430114 0.339351333377255 0.924829314581163 0.357210304492134 0.65502154882977 0.576216712982605 0.00354546202622514
0.472808859035889 0.697870499496257 0.918681752635303 0.661234959391122 0.927548682616431 0.630790800396973 0.352109934249091 0.923843588439757 0.936476230273403 0.950683562512357 0.563556986911449 0.999047143333197 0.572633286522425 0.633928657625955 0.402118738199003 0.987302528726338 0.501855539040722 0.651415487505489 0.891298943948568 0.999987684888255
0.139719388204926 0.584579926267242 0.878739211775691 0.256549468874348 0.968429740204755 0.800022017971014 0.715129654084227 0.0222422657010264 0.304688888825294 0.167907535810602 0.275642151506729 0.85872824030538 0.113173189931707 0.0672561631364021 0.326775747847747 0.547284993050748 0.732863241194119 0.651549686683286 0.000197963089894284 0.00298567547200076
0.107559935345018 0.540449646109035 0.521931286761689 0.570651480112346 0.188491647115514 0.598062815211813 0.178086154146147 0.760086737111502 0.813472038526853 0.350145671609798 0.119733498463242 0.452940859896597 0.116299151362278 0.151816737465017 0.529423911234798 0.81627082834455 0.544849829959083 0.418097901921134 0.0137219713330396 0.0107886353607394
0.130356204390004 0.556581509815122 0.91167470373312 0.477934343764928 0.829434410426395 0.304670898281718 0.846164353453852 0.484581101709791 0.943128515672769 0.75044045199818 0.16211600525734 0.999077579103775 0.389601980594025 0.219434819306644 0.875488499708556 0.996788422588153 0.220646682597943 0.714990802381116 0.816532668827001 0.991747007063589
0.0497254142406181 0.552006937098525 0.415171688004637 0.516406693011707 0.462825419337914 0.320452642342589 0.0163632805671503 0.0263359054550215 0.00838625618226122 0.0256168770779328 0.0983683610826238 0.998263266356376 0.0593157556124674 0.0800799569946908 0.789563453850112 0.932706724193878 0.466279341665645 0.439176610372589 0.000314680988089522 0.108143893937455
0.00968714959362424 0.503082880236784 0.718284158032484 0.537645495071995 0.0570123732472393 0.304162108333015 0.0136608288650699 0.00109775175597313 0.0258119003010072 0.0589874374236198 0.00340633452065402 0.0783248445837986 0.0264968018432076 0.024718869739079 0.127942655328561 0.0052215198264566 0.433503911086795 0.469864432100153 3.34372189429042e-05 0.985036750002998
0.188883569168883 0.713963872386231 0.592370082856545 0.61670440020302 0.864557503754478 0.782511423617806 0.263733352532442 0.871793636348026 0.998386230588997 0.389711232618508 0.995464270543053 0.824697693951373 0.417595729203219 0.212292503064342 0.914705173737131 0.846194435686192 0.737716277057261 0.681064868052984 0.0716933843824361 0.0139476041645315
0.097442028010496 0.468593412993416 0.29416788033235 0.52743334342345 0.297309144671792 0.33493044486758 0.0185431615581857 0.0054118058321702 0.432283004366963 0.0169317081315983 0.010666746015424 0.769395443187738 0.060817017711592 0.0289158845473715 0.298868060964524 0.0680507164270036 0.229671892739045 0.283988914283983 0.0164257524238313 0.79064793185801
0.125162384006083 0.521958114318994 0.571819832047861 0.730095399902269 0.152459509841948 0.318952613378829 0.0304378151590017 0.84182327678456 0.892990881250093 0.596221979304631 0.347451946251011 0.953711469972985 0.0866224611149458 0.130323775937851 0.399670377466568 0.959592603065806 0.649597501720948 0.602980701081281 0.379769333565433 0.000250256860368053
0.170803671559848 0.559828577860732 0.444046610464852 0.810185338460405 0.784780748248661 0.0445590152977728 0.123072127922312 0.265196201622319 0.951269214441551 0.559612669513345 0.573918607445402 0.995291273285868 0.217333990070711 0.12557181826969 0.83253631101323 0.996260997316125 0.195822462148331 0.592072422548026 0.720015913676124 0.999812858420844
0.0509740559892615 0.491474113902563 0.359598662054408 0.793694257312502 0.0409155361692675 0.390502394717723 0.0082954490963049 0.00686785056992717 0.0769422619340081 0.0108162220199598 0.0369097175176509 0.20829096811529 0.0481899578434979 0.0765084143668947 0.439961728593789 0.992606423026093 0.454598045870615 0.571214649998179 0.00274025256787954 0.00144495431162931
0.208677261489479 0.622081486962924 0.399259841888862 0.67198885497043 0.0720291522038286 0.216585228047428 0.100334055301577 0.560736740759733 0.475568950894869 0.26922550402683 0.631698634795157 0.964912935189135 0.149345702335925 0.0901700634264195 0.40682136095341 0.989431094586795 0.311284334825993 0.365753190772304 0.985558857543022 0.1915268574726
0.0339598499985319 0.419270495645778 0.151151204867008 0.576294658390594 0.286665790800544 0.118535114199222 0.0526184842262612 0.0186002540703265 0.114533644792497 0.0391514883268335 0.0628571561191345 0.0309323592968711 0.0185264245610376 0.0386664786139786 0.182646179823724 0.0457962608377732 0.316807055347445 0.300825837431331 0.205551076145486 0.0153182423614726
0.158765554534545 0.723491740369188 0.0949813686319029 0.46757907561267 0.882115679233055 0.163670791865031 0.0109953064413944 0.404019527782795 0.439341932474852 0.205936509458646 0.662679650934922 0.816125436495777 0.111383597306672 0.139131658546862 0.912225704836064 0.952355062373777 0.830458760493157 0.68359483983144 0.924840152774409 0.0229666043678401
0.304910364571128 0.609883863758977 0.820693722687121 0.573389912232445 0.730828785141505 0.754894308068587 0.146570490940385 0.928088794277236 0.712594314779824 0.279501606128587 0.548423274470299 0.910541535382903 0.362240323988207 0.155655663302279 0.968223691139393 0.866116413281305 0.562095451666619 0.56059380851578 0.00311341323508523 0.0133851563537664
0.325777562772191 0.809332722502475 0.757590157384159 0.85418256717541 0.99853891785945 0.75021052324352 0.480153341860981 0.996425492734039 0.981022147167823 0.833911896096936 0.856593058032366 0.999236475882614 0.625033911151184 0.419576855019918 0.663139141322378 0.979826867495739 0.567265340158098 0.780355872112463 0.997276967069062 0.939853009029899
0.343156719683019 0.650905488946001 0.668953853671538 0.674122192445676 0.830830783364102 0.825781602133202 0.102925694322099 0.299780002421129 0.849785966698318 0.761046885742384 0.878659565309062 0.978040993389952 0.210818643173045 0.369099425987653 0.908142231138796 0.961058344804415 0.292704632201227 0.557081917471427 0.0150752742499461 0.99157912309859
0.601347626894251 0.717842075894981 0.920386286285094 0.794712027938306 0.87069393275943 0.699787802572774 0.180928777590602 0.935648809651254 0.76867700995116 0.844840591055069 0.909290088122861 0.993077140634077 0.415173575802319 0.365712209526213 0.695749491657333 0.478811739498925 0.684484165532295 0.757945342034798 0.000349773732130357 0.999992570220812
0.0938092852297892 0.545834684622796 0.449942505043744 0.525181889241242 0.222361082696976 0.435210731718805 0.102135759211956 0.123684404494996 0.336737590976105 0.185798615009425 0.658960102339182 0.991316372217069 0.190127058197786 0.068354504119713 0.211718175905374 0.041581528092375 0.666846430467343 0.466300243612739 0.100834317758241 0.995042380776082
0.419778916163666 0.809853886524328 0.594464773814974 0.762845993800116 0.944820801733425 0.571939644836543 0.65704783127456 0.926153317464572 0.967130315373048 0.978993582246157 0.986942641513963 0.997584443407333 0.596529125288689 0.445789428413639 0.92533896003399 0.999523692157511 0.72322917270064 0.765268417976264 0.0314880784069844 0.513933084314243
0.125306855884128 0.551535335447732 0.478677536559133 0.689851537166786 0.745381534296762 0.164593537303928 0.0388140512383674 0.559838282627146 0.432774481542915 0.472595464707017 0.721741315806493 0.985170623601597 0.450719026892805 0.214446386481015 0.709163457498695 0.986594487333109 0.365237812100452 0.493379041253677 0.522042071551963 0.00550075799930689
0.584971467016573 0.7424474157844 0.354830060283298 0.81153162958688 0.988160703626804 0.373777741087039 0.185755631170754 0.834154731538039 0.977133809870246 0.797897904667762 0.948437519712795 0.990659951170554 0.599292588936791 0.280858405163625 0.954800637209461 0.998799664196948 0.762117087145372 0.853494689018465 0.663637594239945 1.46904019308321e-06
0.0182003094764043 0.363183908456595 0.0486071012281023 0.416430281654507 0.0219482361542528 0.0597219301219674 0.00712951736909702 0.0101596393523817 0.00388452687795456 0.023777491669763 0.0204978722942651 0.0119643235316649 0.0355203018178878 0.0223385043988896 0.240646109042852 0.627947135554488 0.105161534249644 0.21506537873658 0.0111928780955923 0.000346942975202033
0.132665292017929 0.646713260630694 0.784464646447804 0.533118173788395 0.393698136268547 0.690375412001615 0.304840534153202 0.563335827920019 0.209848541283589 0.48732824085496 0.3904475610051 0.820786449746845 0.140195060391738 0.0405028324813436 0.667222180839775 0.783225638460982 0.531903357522117 0.357862127091077 0.092880907641618 0.713894401100829
0.244016954566787 0.660334310494212 0.732393081398194 0.618199344949418 0.956205256634645 0.699525884812446 0.190250212681617 0.422037382333832 0.963027244637393 0.688677486767823 0.831295265920384 0.787464276419155 0.341911310987901 0.364155259331801 0.723177743802629 0.944162559020234 0.352880224287213 0.698676932279529 0.515284223020542 0.301234247916489
0.137441057506795 0.623399404428302 0.341766448387341 0.671473786468591 0.271405186109024 0.479123653987912 0.10628903746415 0.214458401775854 0.63286576628483 0.289005346315183 0.764412243080851 0.822534762746108 0.0902311584154965 0.038982565726155 0.38320791128763 0.806289274045663 0.229515133710525 0.325001759089915 0.180742870525283 0.000821648638194237
0.50386309462558 0.665124440673746 0.404026986895353 0.629603627575212 0.58670176435255 0.309394427336294 0.351628551047695 0.979699533919077 0.893075339204424 0.781452978838817 0.927228381010008 0.999790174856428 0.339931334964161 0.267818822478092 0.762114779075666 0.948726784187293 0.549020345037624 0.830915333615296 0.0018403922919811 0.971618767982711
0.256462072641267 0.659997367264483 0.551280944010051 0.545097264782143 0.200417516301656 0.204886896054114 0.0623328486782729 0.948345000621697 0.249036850525458 0.873371804782043 0.517941842506231 0.58819909917954 0.293387992287462 0.170407887026041 0.505171547363495 0.483646197011476 0.485266440894498 0.564369388907874 0.298952890023911 0.985935560276628
0.233297568783519 0.616077785681281 0.431760412470018 0.683911229193593 0.870675960077003 0.449647758996902 0.537276588308278 0.587935396072093 0.996411038497426 0.819750032793902 0.626665645381215 0.932397447031382 0.292677245692016 0.174700224320539 0.817564798392516 0.967123808097177 0.546905808380834 0.800434229129719 0.018859382669898 0.999658743363449
0.0835154774280145 0.51972973441813 0.583171982322392 0.445418194688557 0.501596821383341 0.441088323404787 0.259920228055016 0.12101273535446 0.0682357045216446 0.153202724893532 0.0438279103851208 0.815775821824604 0.112465546184707 0.0510861673085303 0.529980205266584 0.12784529873321 0.492904648873995 0.350197051170894 7.20474538324188e-05 0.0358152379105657
0.686797051112188 0.698266190212832 0.936035247138842 0.762489331912872 0.880277017214067 0.246624166211065 0.222629023936139 0.995219294781502 0.848898649556383 0.964990557196025 0.920824546862252 0.999736335903684 0.752760698219482 0.328964769041885 0.901199157559015 0.924654862308937 0.854340066292147 0.921294384023676 0.00763019307192385 0.999997509625218
0.0658783529643815 0.596513011405713 0.115324046481624 0.710114609316815 0.483908154052162 0.399775414650755 0.0123601560070949 0.140926020088849 0.0182096480634237 0.212688583250007 0.0234508664131367 0.0397463733481826 0.0406194801553411 0.0249131654535987 0.367069114632792 0.736097735979702 0.599447848679434 0.161234119554322 0.000382800513606237 0.99883357243359
0.179754285628395 0.3784992175406 0.506271267753147 0.835256882991958 0.722630581952766 0.398482320560538 0.0313312470376658 0.15729985805896 0.0695969764334031 0.192648004647408 0.0318504326743691 0.890736645025797 0.322899775736203 0.0512863637286439 0.530123912750408 0.261642163378986 0.279875313584219 0.224408548373126 0.635809131537789 0.997202202786817
0.831298271982558 0.837531383575357 0.997739841241846 0.929908467835971 0.992537334180221 0.354498135246428 0.88141177224228 0.995518928539928 0.982806997761205 0.993822989896063 0.997045807080456 0.999768800497997 0.9801622077608 0.75197526781753 0.989761509694635 0.999998129368225 0.789803005813961 0.937796890565564 0.997119610206146 0.0765775272120794
0.331593279808367 0.577009205444865 0.480649560287905 0.599958997977448 0.992280342706791 0.834115209186638 0.112121151533239 0.929188448255389 0.806868425258146 0.956183666887386 0.866774004752423 0.999083003888746 0.683764171194211 0.310347784616774 0.88193476081311 0.99466336236164 0.378284721674151 0.884152880745468 0.854066213569284 4.35580191736338e-05
0.460342252425666 0.738935307560593 0.822939329359287 0.861809436250825 0.968610403632953 0.199136857421519 0.184614701493686 0.993534136646859 0.283227615962962 0.945345214949828 0.995460573926212 0.907198074726906 0.797424437712316 0.149901774137787 0.788975418078161 0.997678998406629 0.725605182625571 0.860944707964482 0.835565588001753 0.998944767224154
0.172993230378148 0.708039369098157 0.869137866363484 0.572048466352342 0.903268765641178 0.552089856481626 0.0306539101554821 0.409802441226436 0.993109631316837 0.512639622187801 0.246171565491155 0.98742224865352 0.370008398279425 0.309894476429171 0.912866945083366 0.391142711683658 0.370446811241248 0.741889688359337 0.0759602163576666 0.682641924665313
0.0558523332604307 0.475542042782343 0.16045409381263 0.401828848797394 0.0163413377075976 0.581534675348306 0.0172377837534885 0.00755706359581923 0.255273457983433 0.0506395735675742 0.0116316169529368 0.419400333759457 0.00973333233539854 0.0371013279018264 0.29005036941806 0.154192902183017 0.677048177879921 0.234682492124619 0.00951327310649011 2.62356642576761e-06
0.276983609496025 0.802529861336041 0.806039235759235 0.635176276190469 0.976587032173288 0.365497741818448 0.28715735865814 0.960446529825431 0.977674249925694 0.919988582707313 0.871578203308585 0.999744477669035 0.678999857051452 0.310693534692808 0.897567508297577 0.982257780050759 0.692321085431871 0.794788756865711 0.00446126344350188 0.999999
0.0994584503364637 0.604396822019774 0.544447664033609 0.589345475872593 0.989808641416742 0.136697225142059 0.164949140787763 0.944616276447079 0.586413981935418 0.899320844702585 0.663536394311281 0.250185146434525 0.156311494183326 0.266116265239329 0.413794488057048 0.995831728418806 0.461563525788448 0.516772418127031 0.00666467778686472 0.999965600178159
0.26502175527206 0.61769954388411 0.785745565460252 0.503673253951497 0.87482083865902 0.246960349523372 0.111215933853042 0.591589029761547 0.106669346862475 0.672518414434811 0.393796152789603 0.992896292067784 0.281489976529029 0.118026684784504 0.631960560993437 0.90503167401578 0.374235242284617 0.584658607316425 0.00872110087297918 1.79307802037205e-05
0.40007651662282 0.60748066812659 0.598478249593177 0.61235917429913 0.171826618825488 0.0765407541516651 0.0811034282121876 0.679091583613495 0.774301912819841 0.68178464748727 0.363665382578185 0.928195927904733 0.191661666650267 0.133420652114123 0.920587846300521 0.999936437131342 0.556472467301515 0.503767132309177 0.996992488803221 0.940881828105436
0.492217708028769 0.757715573460677 0.949063834885447 0.863121896583992 0.780405475096217 0.374094245787282 0.638366921017331 0.939971631073016 0.997162643870961 0.91597406257595 0.773662505395625 0.982167428140843 0.506655466223995 0.394539162033737 0.890496273410333 0.999949809900803 0.75184359377221 0.772440977049663 0.425854572068171 0.766989200561049
0.18518905427332 0.484853243701599 0.345240317250529 0.764833460571925 0.114372401062874 0.125441492760808 0.164103524193178 0.0972508155820047 0.808469788256334 0.709515450514146 0.0955555428764585 0.977589728092957 0.0601262498708654 0.0885292854715695 0.748530779211519 0.424817424683495 0.513240314496012 0.402734610800798 0.0391775524748343 0.0564506704779452
0.0287853135551885 0.462094013207072 0.144588784513722 0.393763191224551 0.0178562171805062 0.299144622497802 0.124362213911811 0.0522899774573588 0.00149354931876517 0.0211878147269478 0.0175540419244185 0.444012075666413 0.0317607992210729 0.0433625349125368 0.0392221128486079 0.649389255031626 0.388791516231475 0.448068754985564 0.0299471035160329 0.00171582582445464
0.0716238684343652 0.452566746287301 0.741917630196186 0.477785787621298 0.185434244915271 0.217219695295077 0.00706965666238885 0.108216794214172 0.0656842429051964 0.075802729124128 0.0662627489386767 0.666980936099012 0.0255490376542243 0.0277481757480479 0.39401554044873 0.985040514076106 0.202473248821277 0.393312363155341 2.71618107162489e-05 0.000252137641796344
0.30420959917101 0.649552141915181 0.266947910685113 0.642379863239309 0.5466866523879 0.666919283350605 0.171447291413029 0.256706323555584 0.030253426871398 0.0381996789109402 0.464314518725411 0.94139634741881 0.162153760441762 0.0824403399285484 0.820185981113689 0.894719528773712 0.467066792340584 0.463795825762757 0.02254525387277 0.989866963056822
0.27325829820612 0.634817730114355 0.404729745792406 0.666925858070221 0.909579201733523 0.609061406622012 0.33605637037235 0.714615140676749 0.153371144271904 0.498008903777651 0.212268549154624 0.949291105242581 0.337097736898453 0.181584023091713 0.24551906774326 0.977909201196553 0.743452938224406 0.436134793003472 0.0278980397292048 0.975040724733278
0.193811664812461 0.492710299143492 0.721160225429035 0.686047583063709 0.583128230245592 0.185143113139966 0.00858106800917732 0.590925597797471 0.898622654140479 0.448933573498229 0.334662110456817 0.466609001878114 0.120198841906623 0.118017871030349 0.613579672532512 0.972522095394533 0.443606776978011 0.419957253772476 0.166641110805765 0.752580859989641
0.233596745004153 0.634377246160712 0.637583990820873 0.558543179776535 0.479573998976522 0.464639258677356 0.101990386838165 0.630875223045984 0.977807281359209 0.310951184199431 0.127501520347367 0.887888222256347 0.217572749860155 0.0911992121160893 0.560777616446577 0.621726354319498 0.387435128430246 0.67328941359394 0.181668792849021 0.999992315570155
0.059740552182368 0.52906125770297 0.815200955680275 0.824768016048616 0.217615187220002 0.193080059835943 0.103371078764603 0.41857189694969 0.570268447089731 0.428462001536352 0.0547252980189781 0.883539411606409 0.0383996851028087 0.140527355058519 0.617039780569196 0.0145237805564665 0.587463160524138 0.248173969853784 0.267929427032543 0.0272185426376461
0.207028253874364 0.479543679933464 0.153366707249867 0.639729378034032 0.327283110532107 0.452321918941391 0.0360496013022864 0.0375953579733087 0.50696145271766 0.128225759899789 0.122197421603762 0.982718631223402 0.113300708237929 0.0513747099679729 0.523367831137672 0.973099937931245 0.412881550680761 0.416195966733558 0.092911810898351 0.998686961297274
0.122987071533937 0.604977964391334 0.356387429779773 0.695247817628232 0.954010021465447 0.557236849827327 0.203848006884402 0.0410450220913262 0.470715087167505 0.783261662611631 0.742777844174726 0.923550584754661 0.32808340768975 0.100727901299695 0.456920580416493 0.990157685443022 0.447208523568108 0.586293253623684 0.00185878450653037 0.991595910872168
0.203119670778378 0.650894747806168 0.653897965965764 0.804011481549676 0.901401612339138 0.693490621585081 0.0390877463962791 0.175242755243348 0.306026292021856 0.385110867394186 0.941365587397978 0.991431496008132 0.412617466934212 0.146174463900692 0.877154858094111 0.599923268859972 0.585011642236295 0.632834513798828 0.0194738202865709 0.0508817310609709
0.0376710937716186 0.473469418325166 0.777132418209385 0.609690981284192 0.0208192085790205 0.522894977716627 0.0300018079491941 0.399560035523122 0.952708534829912 0.117927992151622 0.304692981873905 0.407499510331836 0.0623435833788141 0.0266058662570671 0.322242103818113 0.800168040775821 0.511884187455141 0.458874179436011 0.000319042064615652 0.000166159820258028
0.148255356346309 0.610336281878174 0.283249586867974 0.495365022887964 0.858810643827911 0.857088525454422 0.231345429588052 0.153524738433805 0.201716989654998 0.343207504137748 0.836047127854349 0.981196721742559 0.0743879510757496 0.211040799338425 0.414936092509016 0.502701264182279 0.538038754427243 0.669602693388284 0.00672957359266906 0.999986438559157
0.12372968689669 0.515270325114857 0.475730765819786 0.715615529215229 0.237530208576541 0.420567741200769 0.0709413587756266 0.833175381910142 0.623997072793011 0.297070304033561 0.207645414036085 0.887759518164406 0.13613677267859 0.112816121987757 0.536395481542768 0.984108689735113 0.339816583028806 0.513802144885423 0.00119765689880821 0.00205585686863526
0.0382358608052008 0.563827887292491 0.209703341276979 0.686013937600644 0.866459092914079 0.230677364096938 0.167529017043128 0.0873382282029086 0.954304696379049 0.0772204528414027 0.0616900548961308 0.939162257006086 0.197838492191902 0.0719634043530881 0.51101977810813 0.935176710057543 0.370625562727814 0.357950524088027 0.248412531379869 0.00484726483057768
0.245989312630968 0.720194465663966 0.955225560037375 0.577689519428022 0.935140016095931 0.300313177484838 0.0858146583643151 0.958967703060772 0.854332352211735 0.452093954347279 0.962763787621813 0.873658281474328 0.422166921393383 0.139116095168611 0.662922698629384 0.99415396306086 0.380067476252885 0.759075866817201 0.932908970751894 0.0136839675815753
0.0306508029712465 0.495982511305442 0.252446153390063 0.608362895372551 0.258915097701381 0.322084501848674 0.0660829595298365 0.0154262547115483 0.184844297377169 0.106465571840088 0.0100304004416565 0.283120854644908 0.0249402370861886 0.0274560849261528 0.134842584012773 0.702401541539727 0.41286313311445 0.658276043058801 0.0211109318581362 0.000395455843002944
0.0798258338351318 0.495071205941761 0.626337739524097 0.371328826050015 0.119981740236518 0.13367407943128 0.00396390589164224 0.12737370256902 0.191761735872109 0.190272703565592 0.0226696741702915 0.803293771919317 0.0401796248225732 0.0222686239464626 0.0915466227379426 0.00948424789707946 0.346920638959587 0.490007278797821 0.0525144782720458 4.20109359055448e-05
0.0365564438025922 0.481296896643387 0.530390671822738 0.803128553763776 0.0794999696819179 0.174953399690908 0.0106870248623131 0.171071659925009 0.00858762258880527 0.168658765643525 0.124668016531606 0.420591925694593 0.235561186393424 0.0485459073784818 0.266311676461186 0.0958646048941398 0.476852646770566 0.260720747129409 0.00134446014336806 0.139422038313126
0.0949122844092424 0.646457146076819 0.558658739185912 0.621474519066265 0.133006568423457 0.206905435480161 0.0590748374176583 0.886668214058383 0.433727494886275 0.298219224586824 0.13896213329708 0.460398727626078 0.0618201642394233 0.0464483312867014 0.662714854178677 0.502306682122752 0.495643590295679 0.317915044140903 0.219077233607951 0.00932993086802308
0.244132780422137 0.625253163276199 0.55949149462594 0.537512213215752 0.814984655598121 0.149421360284204 0.133560670565388 0.0735802308319251 0.222581680255968 0.0694126414874201 0.240067208956668 0.933216743730941 0.155833099075591 0.125402196498481 0.563405313346614 0.854247911451282 0.470393076857397 0.500611064452142 0.0596201130639481 0.954627302182237
0.394377655676297 0.731860370362376 0.568775689699097 0.793956857354583 0.636363315932968 0.167061880593285 0.276476347166849 0.881724020334942 0.0699871895245821 0.8407093160716 0.537869518053104 0.992621193406633 0.480003043658929 0.307477516065057 0.475380898994806 0.977672212203371 0.248134227618886 0.338555031064563 0.974109970222708 0.00583729731268245
0.463008455275447 0.770306951372696 0.77777891391589 0.77977461367478 0.957950227951369 0.366021430625553 0.469951617953588 0.967499274741719 0.664040492896699 0.930920325313494 0.762679465659681 0.991028496695291 0.511296222277915 0.289443704693446 0.882850680150853 0.999910494842476 0.507019342489583 0.71945833188185 0.0375324854507989 0.923574311744644
0.155938620587469 0.564472366782872 0.302677461684514 0.338509278819372 0.211727335585845 0.851270605569628 0.0171716944508983 0.0193388131858727 0.783370046894115 0.384856230346383 0.506289752936578 0.895873808976899 0.208646181627074 0.0337842242778984 0.138458996956434 0.0172860396741523 0.288051183183187 0.429255206318826 0.0598489250971538 0.000978010414222348
0.110357838723565 0.527173250663424 0.167026796661264 0.574378941229149 0.267738709786519 0.139287869675237 0.0710715674473035 0.327463164847932 0.740049709014583 0.0348414305600005 0.141096844648957 0.925091345794977 0.106711050640893 0.0955416409683291 0.561526573793512 0.96577241861783 0.370120318928016 0.420842396882665 0.251159799443258 0.000860415171062618
0.0670504729816879 0.462833179258113 0.731468391267051 0.708470337787222 0.45005747020481 0.253951552967055 0.276977030744716 0.29826631448551 0.0439865214369587 0.1459776709696 0.0265330472274823 0.990762804241502 0.0875722351737417 0.071662178851388 0.679026200573119 0.939846281700213 0.487039555136431 0.364298918898244 8.72076292091799e-05 0.0237059967812029
0.164264755746418 0.586431236410486 0.183720933427492 0.333402259127532 0.43449639858362 0.218153378963038 0.0226426646712127 0.0610878430344938 0.0127188735385716 0.0446699727798709 0.526225443376229 0.953374918724806 0.308643971562451 0.0884117162236255 0.851721562461818 0.953294484128476 0.297052323225956 0.604809272267601 0.102817490796957 0.961017647947404
0.278071584515969 0.736153911457494 0.552095833521921 0.833161304436946 0.899824312488284 0.727619064710424 0.331055590793136 0.699332775571416 0.169320796036929 0.864905498418609 0.708456567488359 0.867323525886821 0.251335392233439 0.155876115036384 0.72915400971052 0.868294921078613 0.341149999674501 0.858696390425732 0.991962823357022 0.0407849393030984
0.186329302594117 0.490409024341613 0.809065319098182 0.807379643964915 0.790114992663047 0.509632963492434 0.198867891331246 0.762494845045062 0.529414794948282 0.696748470648356 0.700338130543854 0.954549309914511 0.571673407821926 0.140335090176911 0.9028877533475 0.979391614450484 0.264093492388408 0.548831539278277 0.313240689034919 0.0199566057508201
0.379709375500863 0.720859015476487 0.743563420399634 0.652231819289744 0.985727694444748 0.453242872925309 0.212404719128519 0.998107146850046 0.839203040018007 0.875681082209104 0.931689623605444 0.783233427937055 0.491506943728401 0.262834307705605 0.823411327932017 0.997334194807857 0.545770810340074 0.633325898848111 0.99804263533397 0.999908894267317
0.0769580078857469 0.490238416974544 0.403335221020232 0.291371349947504 0.053093243563304 0.229406936116908 0.0907620547759552 0.0148655575595305 0.210475560705737 0.185243649818835 0.00520042610150372 0.34857319836378 0.112300473856507 0.0508841416308869 0.190174244619719 0.00947657594941453 0.481986157015155 0.379930895616945 0.1772490991974 0.97438737556654
0.0635717538684437 0.44268221328193 0.137125414209353 0.668723514876256 0.0160851287330009 0.296101848379627 0.033260577982807 0.0547984095610883 0.000410607971938972 0.0553182652236645 0.374380854199345 0.759165400143506 0.0613391311799033 0.0493575459813795 0.300230584361636 0.215133411702871 0.427332213774108 0.301916546181736 0.012793992756556 0.0184895394971208
0.781031919393472 0.653022708705131 0.816860601060398 0.675678908640011 0.807143292998234 0.255902984252724 0.216879132517928 0.954171952098679 0.460880184965532 0.91119742190501 0.980045328636347 0.999801111033918 0.720998304238613 0.195302574279845 0.862533747479743 0.999501631156972 0.668564605802757 0.743310660655889 0.348298387679129 0.0275686166390372
0.106492432216215 0.411058110892547 0.161052855052504 0.684677490929358 0.373048164681877 0.385161255541159 0.297562883715311 0.128952620765781 0.87153682317514 0.338193192686312 0.571814707383061 0.482350024694727 0.0946945519362922 0.138998642159345 0.925645023891847 0.159457851993176 0.631979265266669 0.56611000585158 0.0943682826752128 0.993783685332641
0.403954586278932 0.587731317714568 0.580943352201305 0.609712305329015 0.468217724033743 0.51214752148908 0.144376241116818 0.426656684424494 0.234580632209192 0.232760732230177 0.175452661754057 0.980563824968316 0.116951085504058 0.18258106666049 0.30929306942974 0.844513383704965 0.698150143865802 0.500062293836597 0.335808317450427 0.996479894678244
0.191602323829179 0.527527433681933 0.310060342786283 0.633178182787465 0.73800424484181 0.779677966470223 0.215442084261671 0.532674305243118 0.0788462318173274 0.157689895039484 0.0623501610966814 0.64619732603139 0.108241409874664 0.0727038640901239 0.520954427556867 0.995841238120567 0.419768564990069 0.405787495505675 0.00349358018699092 0.127956842882545
0.0527865428143884 0.570355911351073 0.637378541087994 0.415678376349248 0.0632363450459116 0.207602028710592 0.179449566821355 0.0118306018949686 0.0424241610456949 0.0133773852272074 0.0973434324620433 0.881383855672892 0.0238943453292571 0.0289010229377515 0.305460924401479 0.639586733837057 0.359396399698552 0.40760033354479 0.0219953686749823 0.000143990616001267
0.377681601498562 0.778543156933828 0.983880668473279 0.641810702345832 0.993662541505979 0.228078806033006 0.72003990512739 0.990645545414562 0.981854012300244 0.878903295264325 0.958854328496966 0.995460821193515 0.459293462780421 0.420580087119415 0.872585729150411 0.999742548287962 0.478810754386514 0.846514347637376 0.680739252886425 0.113094454360656
0.110824981825643 0.549502635763548 0.580740280096997 0.654695460919527 0.101349154389664 0.237400206970048 0.0455293135070329 0.435065937933984 0.0116346317881587 0.0343675465388013 0.0774446428843648 0.739416619531354 0.113149639456596 0.0785931156088149 0.408030203780858 0.860071383758894 0.521019298723098 0.368509035238156 0.149805257168149 1.2076251835124e-05
0.767291703345262 0.822367137491728 0.984175264069168 0.788451586531061 0.987775613700409 0.287295631852835 0.702407360214394 0.995918943008541 0.997875560965301 0.998139191457403 0.999469228932141 0.999837865664671 0.930172886121183 0.707441202498885 0.882790903261912 0.999983505316031 0.811572222175325 0.790826690233488 0.982524428905936 0.999894155015295
0.0726191025139396 0.484797804351024 0.499465548036623 0.310845241948683 0.473459324254861 0.764865388184095 0.130178476984885 0.364670716109367 0.400027054372166 0.351659548854451 0.0227759781033519 0.535963114291308 0.155856361877551 0.0288431098187397 0.59379632546552 0.113581787334252 0.225871278874517 0.269486386510824 0.043632942170343 0.986642688014006
0.453564451572892 0.635018674685939 0.336695953523639 0.837924492167526 0.979598251251155 0.254209281089166 0.319858690125871 0.742428579009203 0.54351129939228 0.874806661377199 0.926969107480315 0.827907946694889 0.572679330221297 0.189062689337853 0.566408599728136 0.966360421886013 0.53332096571673 0.687766040641833 0.774517696365592 0.000178816850388367
0.492704259403402 0.711483574707963 0.718693761717766 0.549045113548857 0.939294748724723 0.468179325474839 0.293999348483065 0.895953177823509 0.987477307767374 0.750881868188797 0.685816667424673 0.994382785455503 0.409652858571807 0.249460402265599 0.711372551066533 0.994177664315126 0.753733333193888 0.587597019980532 0.079600728365093 0.999999
0.390070258496195 0.761573537040937 0.330152969875168 0.643298978260012 0.974414888844964 0.304295785155982 0.304743265041684 0.854490558482655 0.982185930300395 0.760111399653218 0.709564337851071 0.758474929721635 0.430215241944268 0.235562946991269 0.73447365390509 0.992199189749371 0.194591672747073 0.397912437501494 0.693295201339559 0.155745981954529
0.128776022831049 0.48741035826166 0.222296104968805 0.637822896832075 0.496154771619178 0.273298585492261 0.156261890236082 0.356902114240661 0.815566869777077 0.107924410498028 0.194825009500291 0.856094692555297 0.237447819790964 0.0602905778378498 0.30974271150221 0.964360945131162 0.550795152754597 0.52077904476364 0.847459823917734 0.0500938135314176
0.0832835600600701 0.629652997756392 0.249635986142263 0.281407456173046 0.702662991510221 0.714844107189505 0.0696897552580486 0.561478860550851 0.787681801380767 0.660657007759543 0.322746444420579 0.856667889559189 0.252213775255276 0.120129995894299 0.515321826773254 0.989649275543395 0.453035781380812 0.574012502993978 0.10362313235999 0.000466965009726776
0.0276840159281785 0.501521970579705 0.0296862951911418 0.29158832675153 0.0143730394195235 0.105327578220834 0.0162037445780485 0.0375857483960065 0.0600280664382371 0.0122935086783288 0.0139208470738733 0.174422947573696 0.0222091616458542 0.0395474108828793 0.0700797156769562 0.177549351571169 0.324537074373936 0.262175296748393 0.00323376037954153 0.024464805918638
0.132075745456087 0.416256064881334 0.361617719075334 0.350739577885622 0.0403521981250081 0.786787156023268 0.0536716557640359 0.77291708873252 0.48202240646273 0.360544391601971 0.0054766824302485 0.996032122521085 0.154817045403576 0.161040875644553 0.575175181969892 0.990087021119167 0.286789626539867 0.233971414664615 0.0661967819052597 0.997714168363352
0.552534410661999 0.632407620471381 0.755500983520081 0.717365572842797 0.98419651282546 0.143212001596485 0.0984942429819535 0.758169915316198 0.0648449714122854 0.778907392101279 0.852882506960949 0.968343586382753 0.517026888374788 0.230133284896148 0.89161090409169 0.981944045603514 0.353491630078468 0.726789350996392 0.833963513211721 0.997718461377316
0.036609629933355 0.362447612686317 0.711326458941583 0.417770140503676 0.0910370701119288 0.495233519671997 0.00706611089660807 0.302338449636121 0.0327482807712924 0.10027770629749 0.0703295339027164 0.141697716749862 0.0153197399155637 0.0504802593121644 0.303363699979423 0.95629715351667 0.465839879106501 0.416041803155237 0.00192293748399241 1e-06
0.776338761235597 0.858697454768988 0.985228761398979 0.843144202137059 0.992654489723656 0.662801443324209 0.576379418697494 0.997214698339074 0.997447481291484 0.998498545874685 0.997461012998019 0.999509403951244 0.956473742257045 0.577973444254816 0.961565148756567 0.999378406493779 0.805435812395057 0.929116921916551 0.999803179010903 0.953081233101812
0.448036172093049 0.805447882237857 0.82261786594893 0.874709079093325 0.658136073414674 0.656844769962746 0.209690863009703 0.976727501573666 0.203211302904534 0.502830338955995 0.903568771649586 0.666705540570344 0.263662253897504 0.387247845744018 0.735234728348443 0.965446976126586 0.421365113804953 0.809640396437751 0.984960157656933 0.02001164844471
0.24292759589152 0.721384708539335 0.611564264478361 0.741361772552954 0.95016415227173 0.498727509691225 0.76186530471736 0.833173609954415 0.756439522772248 0.937457387700801 0.914759711192928 0.989859622444209 0.709635419869243 0.211434067668466 0.518734855025669 0.99191309483852 0.878482179919233 0.803437813607611 0.846692714311382 0.654713523411283
0.321328166753521 0.640425212512997 0.749885478524387 0.606822349109111 0.973581028317847 0.141021102262454 0.357263950722889 0.905970874995502 0.235155347876186 0.314428517683408 0.587121879627286 0.954298516275663 0.200658347352002 0.071093040272636 0.833332129762226 0.889746636675536 0.688961476938307 0.212718321070475 0.21631310026936 0.388205587368376
0.1000346703356 0.546334448455173 0.828223632196574 0.356993610600876 0.595401707009212 0.200940951376199 0.0438997226709991 0.446962030846539 0.816141276352135 0.549012292357697 0.50867288618191 0.95910953940281 0.410013222214774 0.0630506914087578 0.463003055898753 0.199816540216275 0.281475004259141 0.760274754697694 0.884261398567535 0.0223475030972624
0.589926007988829 0.75035098471898 0.751179776392793 0.641641912410708 0.913163576730065 0.845738105306367 0.549222201148649 0.993133981748277 0.994807796009487 0.813178809884841 0.929801085086526 0.977212070173226 0.750068802678343 0.393287548567522 0.962568923585667 0.965919885496192 0.782864011862169 0.756038257936284 0.00595313727681607 0.999999
0.0754077071766137 0.545021194296045 0.55062559795978 0.415301169044985 0.687719549534464 0.438381160308539 0.0293998544970238 0.203545353905285 0.606134183514199 0.165438049926153 0.0328218899183861 0.746979522974106 0.107205877952757 0.111127839973826 0.725509214858541 0.490430727204928 0.731590627216869 0.289319641838172 0.0975155779245479 2.77301922791887e-05
0.10678925366653 0.471778260177526 0.356489248243931 0.34265254016862 0.0826772286829726 0.234213187565357 0.0842377289890717 0.048873916027495 0.0326711858126246 0.0258569502418173 0.141531624836296 0.914054974613721 0.224650972993424 0.108156700670028 0.800080269426696 0.279835826725708 0.311688634683946 0.35827670493499 0.0297294167602312 0.702616455111766
0.0375149504053193 0.42818473512755 0.349740176800975 0.429888746472953 0.013382954163705 0.119918052306251 0.0317204440297479 0.0497684108749372 0.015308576176959 0.0459389204453211 0.00630608974163492 0.443439117773426 0.0152407328848464 0.0267961561793015 0.112527899583367 0.980097346340199 0.166226445318039 0.150775163017227 0.00116171859288493 0.00026232979717288
0.151224337731672 0.531927717156526 0.102874108216409 0.41405536440839 0.483076963962961 0.794126065687001 0.0872388421609015 0.207263399875784 0.245977385757778 0.0488029058708549 0.00210487732562356 0.967233534818613 0.0558066132727998 0.0342412636270154 0.24531972688084 0.0388570072780454 0.412042603408434 0.350855373143321 0.00257956873624405 0.00917476451912577
0.152827517656339 0.655972718436568 0.797566473336628 0.488752836530576 0.438722290628793 0.752846942286905 0.2290467772781 0.243850233400288 0.606587164600613 0.415351208623926 0.355586514526229 0.988205390408744 0.316452796980521 0.252825690121287 0.660566642209121 0.641498467429102 0.384379059568138 0.407261478568082 0.831315307026391 0.586331692640484
0.0292685498344493 0.427116829808602 0.111192558409516 0.624646170401925 0.414456816892002 0.524607577062013 0.0120633925227153 0.439782962867975 0.284806473124078 0.0372890327185798 0.0583134049743706 0.884680249962816 0.0274954914072706 0.0176394753440923 0.189906920496968 0.97579616472298 0.257047658971047 0.385499475330469 0.00637218614716473 0.00136669425402072
0.0890965508457587 0.55084384777601 0.609047674213249 0.532561610985096 0.194234183054644 0.122083328399465 0.0259004810204379 0.0214445888774403 0.635811319252942 0.0848569763082418 0.115109375564457 0.984821340770596 0.102608352319324 0.0649545024131939 0.2322522808866 0.655649670739624 0.778923080175746 0.592491754226799 0.991656071214204 0.99443361362952
0.303980575185765 0.676431639624675 0.55038518321873 0.566074396793045 0.995240648435867 0.24787854683269 0.52734770627544 0.973944934575359 0.38091085850281 0.885923321817888 0.607465621801668 0.998956604759504 0.705623712599766 0.288370605918011 0.691607309341651 0.972729742962394 0.599159592868703 0.750221126800392 0.892371296005435 0.999950647495426
0.0996336211173505 0.687444624489017 0.415189891571721 0.747500398566925 0.608317934944434 0.0598823740328359 0.143413280878375 0.0954447506202567 0.613844730050478 0.199347268105729 0.309061458228936 0.843437426620069 0.302717156483881 0.191475759494098 0.668040206128778 0.616909177767572 0.69452514402296 0.55145070644619 0.0328387830776299 6.83600653414444e-06
0.0258800223322303 0.543175646104152 0.725829923006608 0.229844741984204 0.479030382584829 0.216873865605119 0.022579470413447 0.0194180843119584 0.547844119637896 0.219759560991369 0.0804857654629217 0.931379000920471 0.065303288191608 0.0975622663577058 0.40034829074142 0.565633243267088 0.676083322309262 0.198761399743463 0.659895755533384 6.12389608477453e-05
0.112012147899678 0.558218656634888 0.147522741803163 0.503509202759702 0.198856255907102 0.291753218186543 0.295060528667949 0.0672822196833377 0.305397828698588 0.437411718124321 0.0614079793241573 0.949392253591722 0.126986028809063 0.190974717135919 0.829170031498847 0.20869621819322 0.786144063253134 0.327641243131882 0.116463602291221 0.995479209550092
0.324230017453287 0.601559249887641 0.688736913430265 0.586712155082382 0.602970236762859 0.0703078656103646 0.196641650830746 0.868520699555492 0.962124161787912 0.302344635672586 0.533271202657254 0.922140671333254 0.172376853477992 0.213170504293333 0.432661472674866 0.522198631573396 0.411409727819099 0.604517118242397 0.0130305562090303 0.0323742639814402
0.109939372578887 0.39403382300801 0.278382544628472 0.923838401052733 0.955802568003236 0.412392631607976 0.0666350001643428 0.221025528093333 0.913246072659355 0.220427644832299 0.171155608764709 0.443395215082739 0.141974809550649 0.0670305370166683 0.614772920313872 0.546788692112667 0.530909516525567 0.292836851564734 0.0765969612066309 0.0309764488946322
0.280723365124782 0.589625097838676 0.872422159213051 0.633501543005873 0.9348781503736 0.613487844469123 0.0778885930676556 0.889258583297161 0.536958758615918 0.625418235907891 0.187567962798586 0.330719658545125 0.457922232257894 0.232603833406952 0.422385104931531 0.51068941742451 0.113753023657272 0.692867661922843 0.849274345769277 0.999995119222509
0.923480578259504 0.767094929773048 0.890722511384591 0.639515016798318 0.954197498247439 0.696924315968739 0.643260823941616 0.997929999898088 0.999731917693608 0.992198027289412 0.986823501122402 0.99380715073635 0.910623275909314 0.342777550937246 0.980001759219185 0.834344131783993 0.774551816724495 0.720928950626077 0.0654647303978036 0.998309772348047
0.312749203429998 0.702313083277776 0.83015568296247 0.649335111251098 0.286367773508493 0.2243191051239 0.723496951699471 0.555142700686515 0.930243355048556 0.861676400752948 0.624316504767728 0.984488362062082 0.163148120693302 0.126013854744572 0.798232989561665 0.996572689630702 0.650245541287995 0.468488368276323 0.323533985320172 0.999995054622709
0.158754972956123 0.620849390217815 0.144447694485387 0.646271513454794 0.034606958619776 0.804761831915582 0.0986464551628304 0.274613641496782 0.623578473462672 0.26638131990832 0.136397311100533 0.846743646235883 0.171751381026325 0.0575207261231636 0.56568759870159 0.513889563327813 0.572192862798996 0.646430021086961 0.000157587009726385 0.278551879189597
0.132117360365849 0.495363510837452 0.390157101571079 0.681433210719809 0.603661280222636 0.70264081362954 0.565943337550882 0.352143998327829 0.962257278161882 0.0858710348317907 0.491138651213643 0.974265138302563 0.175408064399728 0.134329312103458 0.811247599883783 0.999211352890752 0.338359322208221 0.590453270338623 0.00661804379246714 0.644744312366689
0.0682693879211964 0.443764693243855 0.424957211823034 0.649085042120167 0.0670086917254431 0.410777898098177 0.223575709218372 0.168588535876144 0.000847849374932761 0.254993050278562 0.175314873233453 0.763842490849919 0.199532793839491 0.0721450691799289 0.736986440605243 0.909792357675452 0.676142199813212 0.340576632752325 0.00870707971415039 0.865637399667981
0.0823768921088583 0.519202899941977 0.206467840716174 0.497303538516189 0.763755871701161 0.356312269632053 0.0406795220249549 0.106141599353525 0.0425782782832595 0.170588814755019 0.288929599433715 0.18402955164169 0.0339406365179646 0.0601691872653093 0.59228935432928 0.60713541448324 0.584774974909584 0.297687593546148 0.085055954164 0.14373219137909
0.376866550405616 0.712709676985484 0.630690081575364 0.659900685135504 0.935122474559028 0.707546557034539 0.352993671700509 0.91573380281636 0.960703022237499 0.70006617736834 0.968681082137285 0.991209161816388 0.470974365292767 0.244249644882613 0.85164051774793 0.967336916853135 0.36877637900609 0.720098439975822 0.929499639280913 0.99999829149923
0.318282566646594 0.667447437900316 0.800915645458814 0.629653972207337 0.963761609617774 0.678219160139644 0.609656010432393 0.974602198312221 0.989690957236382 0.77781699091671 0.0399350921445981 0.995772867677518 0.506433998807595 0.222980238947064 0.916356564975633 0.977601322911042 0.509915374460828 0.557465081253234 0.736699315737428 2.9851744380332e-06
0.0847068655736948 0.449678481748911 0.214661355515765 0.671687303571618 0.129801396832958 0.211504826363018 0.0556406206265423 0.0416145560816501 0.0891502340638077 0.125097423300239 0.638649373235281 0.275755725257808 0.102568893269351 0.0871779734079006 0.701399588631965 0.655146167070195 0.475192960323046 0.423167015508935 0.000612719934395642 0.471058949830498
0.0479407054569701 0.486706835981282 0.302553541979082 0.515794371717842 0.403900250396221 0.679444918303682 0.27739680956161 0.163180148316613 0.764737036057983 0.246172433665304 0.116412009357681 0.966981152617008 0.0821689735499254 0.0625477019598991 0.609692058375867 0.750011477132359 0.480290996518245 0.376051094326111 0.0667455715323175 0.337275702993776
0.221384405401921 0.505860934768997 0.368442855972075 0.693818544567428 0.492242786884701 0.365189218841706 0.0426205319375057 0.411948916992039 0.8822469629637 0.190194503557706 0.599950334392203 0.989023733301977 0.103267375058494 0.245406924541168 0.447233406153123 0.779201934443603 0.761331140284386 0.454678819363211 0.286418789336521 0.00155305710849964
0.0181942594399499 0.516631506148494 0.202161791922129 0.501998123586019 0.0312448488418131 0.520173362570744 0.0177006296416286 0.155530090194992 0.342966180456011 0.0384267725305607 0.00507744486397095 0.192648448399807 0.0713292114660068 0.0633597118310857 0.237844447005513 0.00684181795495133 0.376858307607 0.238328455512793 0.00146036194501975 0.0266944009647932
0.655554134728913 0.749110029965268 0.899612669758038 0.560879627908805 0.972264143719302 0.450943561077997 0.225837226174101 0.943041915550783 0.932510767720474 0.952511626417863 0.98931688983199 0.999496528776164 0.646158981766596 0.382236115756225 0.950596297945356 0.999716743209203 0.514356658846977 0.877080826151872 0.00359368073435923 0.997438640783387
0.0683134769205732 0.429763523084513 0.265153431702438 0.460452787779663 0.22133974865945 0.262819951598049 0.0839640266961618 0.0543654539435877 0.967834864161103 0.0825502459165151 0.00895833316740017 0.861482743519834 0.113842758306396 0.0247099889549641 0.339007417787764 0.480867968736873 0.76560123793883 0.223718854338768 0.918801458321762 0.879773039512223
0.33854671620459 0.654522504501976 0.799460766851769 0.707846423646991 0.850430650082658 0.815197054543299 0.437273149407984 0.764486601654217 0.336952821945572 0.815270127634877 0.334466092647884 0.98710301490207 0.22581361351823 0.124497846153035 0.880218288975432 0.904644561576506 0.500571068607902 0.667675300253624 0.967628420736604 0.962434136999053
0.220825994429757 0.503502895648475 0.240776653546008 0.67158705809507 0.98392824567574 0.420853312295527 0.0478276826869808 0.736092610234698 0.657808193480243 0.340520503566424 0.693987634955254 0.989610738198767 0.202475273233884 0.039536186192046 0.641102915391248 0.996611033926112 0.407555841179398 0.572583533348446 1.52781392987404e-05 0.12385141181149
0.113155210502248 0.536884452019618 0.69749434425124 0.602518168463481 0.228978597265173 0.622861760097027 0.015016089172425 0.276418860314957 0.189705518297521 0.0748335095703613 0.187516080366782 0.785752878111597 0.235279051197488 0.160092959607831 0.252125313798233 0.511999436687106 0.434042698496462 0.422127704580848 0.424293167034543 0.827115765274304
0.153316451963471 0.637798960501664 0.544075871678641 0.618468444460115 0.157131863257916 0.153635450181199 0.0693540001619672 0.159275676576834 0.676977259867345 0.376285233125921 0.397989873066339 0.994521181020594 0.255033547298971 0.0599664445493621 0.550247519095163 0.502738291646482 0.49292600443025 0.57457061186016 0.00302068807180702 0.170946572467916
0.372735752027864 0.695651192993818 0.671054136672102 0.718506395441876 0.814654465847053 0.635963070285925 0.162977007131904 0.82443628150902 0.841295589527278 0.778532163726475 0.73429237897387 0.995918242917063 0.198696673127574 0.289271482990115 0.881559500960547 0.993333256504676 0.837717137700237 0.674904351209299 4.44491499657478e-05 0.169027144353442
0.508324986052202 0.747961682968248 0.891675248892261 0.777608351104591 0.969781400540106 0.808275777019339 0.252499292777458 0.859041206210793 0.710994981207318 0.628880361048747 0.664743148270981 0.999418735219921 0.683911010439684 0.356049498634805 0.973271867710064 0.952724718039931 0.641684827386426 0.791386750769635 0.125660202687575 0.622953038295063
0.550848673868735 0.657433297576001 0.406977299146737 0.722390473830928 0.599402524379462 0.390136137421237 0.0781431652610915 0.608206330714163 0.974846565198304 0.709603440276193 0.489739630908324 0.995111612882274 0.559783707824791 0.285879006640318 0.823299994739566 0.974236566080946 0.472765893744366 0.205923429188409 0.242359919927224 0.999481495113549
0.0909744468274529 0.5710784372573 0.277240712068473 0.531712738071597 0.260211707583798 0.0938780255561362 0.0252488882336577 0.00566451528292316 0.0943327703948202 0.106191873832471 0.0410542905189693 0.900775140065465 0.105678472126925 0.118277533561666 0.830900275780027 0.395314306988996 0.456258091494598 0.287465625433179 0.0143605967934177 0.832914304113404
0.177099215430688 0.611503055455141 0.281234975173705 0.457915750555051 0.088445109650522 0.144661282012347 0.0403927255082543 0.384439865692641 0.346742654665209 0.324358603977649 0.363056113689449 0.763595103826486 0.218874916782386 0.105030350937053 0.694014438868201 0.777824499642435 0.51354836118635 0.716685886235038 0.00456199292954707 0.504317556639823
0.702518546782369 0.798766103943701 0.890806578235225 0.765856362815296 0.995341372817096 0.369669720524338 0.545350670235462 0.956928914418186 0.983046853747417 0.970142140941229 0.976300399447038 0.999322306979148 0.935743000462699 0.649322435802296 0.86800993806972 0.989475352371696 0.77944837948628 0.737953029709641 0.983250084879637 0.999999
0.0673685836309825 0.619627009271952 0.405586982298342 0.698058624275557 0.487466922208557 0.217036463251274 0.0438788242752987 0.361753855960921 0.832414680169856 0.108024556086873 0.174711505082769 0.852526499547205 0.126594609863799 0.193384152836214 0.38501495204957 0.946867364054751 0.33424409898058 0.539335801149764 0.272645785013654 0.180353800952727
0.131814724714802 0.511200317302822 0.0865875396756723 0.682195588789924 0.504304707881405 0.0403895827063372 0.206513896297697 0.48632760515236 0.258961402513635 0.131499646095302 0.0323292910176911 0.66361932062957 0.087497214582503 0.0690386976327011 0.315275674510679 0.0098684425488495 0.499776459532597 0.205159703722379 0.0501225461608045 0.999937496040295
0.476985347501688 0.592146914877948 0.651945031426391 0.752296514968794 0.604181331058801 0.17230870069156 0.472683863068959 0.641937728168135 0.681594971428456 0.504712234116582 0.223475974665693 0.962827301769883 0.556570612130325 0.175518743987532 0.625922268913663 0.996189340867158 0.608502890173387 0.447735198471279 0.0426107863217375 2.16625341408572e-06
0.0258936587352953 0.417555535768996 0.0813692622319698 0.546802383369455 0.0186497286087558 0.111089384300821 0.00897089436625701 0.0588003583614624 0.00579739743864789 0.0126552725007884 0.00143131763296368 0.47018745036491 0.0133301887017255 0.0138047007062643 0.434622865626642 0.0348296200368424 0.298092682790868 0.28290380326621 0.000570148565625786 4.82185560449939e-05
0.11139966218897 0.547835876947064 0.379338173009669 0.456100717877048 0.380054445375196 0.742840334595497 0.0314355801334778 0.352484465380723 0.65084357663863 0.205990526536224 0.256659299633163 0.886865337534274 0.124969547467358 0.0753412453132076 0.462098178202099 0.89231679133671 0.343568741362465 0.476957479130731 0.127463308326033 0.000295347547320342
0.145526668482827 0.494619148190505 0.572861027297295 0.581289593092517 0.78230042433714 0.566726308495153 0.0741976697207961 0.32454249244869 0.593659353756593 0.540479049359786 0.237571067062462 0.933256703674373 0.437066748232461 0.229496802111208 0.912775220107899 0.599360616000849 0.557994432531266 0.58628962442254 0.00285326750391089 0.007836565205419
0.590480531500042 0.618802643171724 0.660440619209294 0.700629135101163 0.533035213063552 0.822155859971442 0.252140351495257 0.945786755242791 0.995317094010285 0.645004315800141 0.524195175678404 0.998043922549457 0.559077956193913 0.406368090560321 0.851751071774904 0.997745287836246 0.638320057540916 0.599769089815315 0.113452830691683 0.936749904131081
0.14286595989928 0.702372501167589 0.729111098909713 0.464816437825894 0.331632930473435 0.0631626715230064 0.0152647331732363 0.354318239495501 0.365132959520626 0.238599805814192 0.271449829885935 0.574536116709901 0.325796949819692 0.205051799381601 0.830973958467044 0.99626882401884 0.516316672149211 0.768604982480259 2.13724629238943e-05 0.287282622865281
0.0108985266396504 0.475801741858992 0.443879626428461 0.64369780946253 0.0514637992654775 0.168548857800182 0.00282915905649813 0.1007493841267 0.0133590238821517 0.0509537286515586 0.0141519595881394 0.467310242016707 0.0594989654372223 0.00904824125391632 0.455860046115038 0.00162199301955617 0.160781351400523 0.155025337839826 6.97033933606678e-05 0.0219776378601537
0.236681414181618 0.684769972255006 0.343791993163979 0.762123339666973 0.92150655950644 0.767142458037072 0.343955866678006 0.910800050240439 0.712759176687057 0.85016398438086 0.526866446733314 0.993913972080795 0.399126625579007 0.131666341683531 0.729280100867515 0.158768796639052 0.56050631106346 0.460381231976483 0.00540847076152417 0.000143299083485924
0.0807993917282859 0.638616602928966 0.133983227709493 0.409568396791689 0.31368518609292 0.166723319081068 0.111545173895834 0.0726559936439988 0.0687630010270656 0.0314296999918132 0.092623667089504 0.961942200853885 0.0428929813753901 0.0427509110258961 0.115690973336251 0.0281916050161372 0.397241306125602 0.490001343250251 0.0157229267743102 0.832660363682149
0.48748714410316 0.64550486184988 0.872596659287489 0.80650183609261 0.984948135826535 0.573203123799707 0.471197864114119 0.852220467744934 0.95587354975028 0.892721417468258 0.785470310832233 0.996212426503302 0.23353787474709 0.23143662656477 0.557346281588415 0.999677999087855 0.538818017331268 0.656671920235156 0.411676164975504 0.999971858998188
0.687582525321409 0.808908316780768 0.960338162273383 0.862501913129819 0.991211803415007 0.958183045261403 0.286915915235388 0.993326811282927 0.84825161836056 0.996388216921997 0.984248120771832 0.997258729171696 0.727942242394347 0.47279471407245 0.936788836194842 0.998669395961371 0.739052282425331 0.911344673251983 0.998872406235162 0.0004001227583279
0.38133723606677 0.701119735721496 0.828063242705182 0.584681579078601 0.685463853236316 0.182144432783858 0.224290906989763 0.938139382281552 0.729728143992063 0.801862673739776 0.478192333119025 0.992700453610113 0.663782999234693 0.247240718006283 0.767236258880687 0.872783410905234 0.508857118941519 0.509432738300902 0.0335884061600228 0.0301384592128719
0.0747774426822355 0.560469230331549 0.590512972966803 0.234900341065623 0.514014197716085 0.415697124678273 0.0649957900886388 0.298749198605022 0.0548790367349944 0.180646137775988 0.350775407041112 0.791867859834622 0.167751997075063 0.128133787918929 0.247647821206921 0.988399988039077 0.759141738293327 0.483633778939965 0.263297170495725 0.0353709725573273
0.234934779511209 0.564130413297384 0.113817711737476 0.504548161796249 0.954299268269996 0.516173323477417 0.0761661479753961 0.285044671721543 0.419839258172162 0.147329271285743 0.413301031855906 0.80981478635282 0.240692151998999 0.100920491069793 0.397010137673989 0.699072710069904 0.562093338065945 0.472292710123653 0.0188485231810504 0.171656743204285
0.019127099893967 0.43453284647985 0.397998431566999 0.464272157348659 0.0223239878903939 0.0665430633572645 0.0126049810704788 0.0745391864705116 0.000910049829400346 0.0200800852417072 0.00330306964474824 0.551171161529886 0.0251710931577471 0.0299048399424139 0.319371839124551 0.0325431887817548 0.447265868030063 0.303170299921434 7.57962452364221e-05 1.90132890502465e-05
0.120741639766756 0.361087722564191 0.314968568890119 0.583792874478715 0.0438032833905525 0.223357575606059 0.0638849632348075 0.168064551476386 0.16952001821439 0.0237096367064975 0.0652469215604538 0.840873733521625 0.0505510148991166 0.0385379430135851 0.300763130797994 0.991588256053846 0.293865996093147 0.54905176058232 0.000606196736345175 0.997514610952719
0.0767022666881883 0.546928440573476 0.583673176058324 0.743412333445601 0.096595815610171 0.0812625982986466 0.0307355291830982 0.0530592555068365 0.128659100076383 0.128449743818944 0.0536369306735263 0.687823543501734 0.138536453226916 0.0457517647773233 0.398987345656387 0.995962141000325 0.407095064389438 0.63297789457355 0.659239154401547 0.00723665067221036
0.0417668106127131 0.328154241564486 0.0487547251461323 0.475151133626023 0.112159489219837 0.135142337936555 0.000925672186264726 0.00607700810028743 0.00467283640741186 0.00366777685075978 0.00127358233773839 0.769810083645672 0.00989305637245503 0.00919397976989712 0.482394654438476 0.013245747809676 0.518480501047811 0.190589035466223 0.00502230773614767 0.162262674864743
0.143973900837497 0.56112405023023 0.506099379738197 0.557372829892013 0.654574953579847 0.191137959893438 0.109445972393582 0.26521511336492 0.584082349593759 0.612429402504302 0.247971906782014 0.976627488919785 0.323780743426157 0.133751758925573 0.528079983711356 0.994398321964687 0.561550818431746 0.267161888202223 0.460295524044173 0.000940267274087271
0.165426168634677 0.631014912793879 0.526972085082205 0.72490966266054 0.173157667392573 0.351622394592744 0.289352308868037 0.675208330576813 0.741419355444663 0.746877498391113 0.617831515597726 0.984797305429869 0.245608340285665 0.314443368914975 0.875586823863292 0.995635995192898 0.761541313749107 0.641457264747387 0.987781942736318 0.000817657604632042
0.595207881010017 0.737780979680065 0.917679592254557 0.751932834104333 0.789941649231442 0.595294929392677 0.540019259181243 0.954528575199833 0.376772946147291 0.900559543589419 0.827809513390504 0.991659981213284 0.394492968944058 0.18099718599727 0.899182010599193 0.998739772460444 0.564228731495259 0.728138460338178 0.684515905504341 0.10585678085854
0.00913262516467129 0.406280793576865 0.10232992990099 0.534070723419437 0.0046822527464631 0.143250513702071 0.00468203576644728 0.0086477468582928 0.0782729316201221 0.00311875537362298 0.00426198663836432 0.0639950537413284 0.00665137897943307 0.00708706001505635 0.504152159985055 0.900696691677125 0.184332636391758 0.0999680630010536 3.0348427350421e-05 0.993610672464086
0.530364295437994 0.632642463253166 0.461535739479197 0.861828458108332 0.961884208055291 0.713619806287839 0.372834375552157 0.955605600677025 0.389664829080769 0.771442759440955 0.969139202700445 0.994970379845712 0.612894315929786 0.352625637729181 0.963750017141768 0.99817527397348 0.428363880647817 0.442894803718792 0.113030904894768 5.62234102935344e-05
0.100327252478565 0.698729755267283 0.521967677870119 0.525668202155033 0.599167773717461 0.484525667669097 0.50031485263718 0.500188466672496 0.967407601957361 0.710783972089502 0.693365067293107 0.92751572575357 0.284882107563366 0.189900798534758 0.669887100367265 0.337377000562824 0.561964189998668 0.533111534103116 0.0169262211222673 3.66009894289921e-05
0.216028737806434 0.578826243351817 0.545262861079328 0.288319474138146 0.823163711632019 0.143062350954388 0.443063473709641 0.698551495291077 0.00185242348076806 0.784208164261818 0.524762035287381 0.768244241214929 0.273288608663865 0.110103949870103 0.191408107137224 0.978418328800455 0.489706017741773 0.44563262709852 0.929254011581784 0.00260381759970203
0.10994124517639 0.635989745669105 0.893633430467581 0.497234489186536 0.664186236625945 0.577557368322638 0.18861755041099 0.478238295860822 0.656029733477936 0.529565824853225 0.16361833650096 0.910443018630412 0.283863026683162 0.118835262265568 0.718228469619385 0.968092217599141 0.561821921539343 0.398229933191818 0.000591205367365921 0.806536496162889
0.382425099723152 0.76683762590535 0.742364079688593 0.856095094636532 0.855171850185505 0.174795976911546 0.0440490697042867 0.768194008553974 0.770544705734897 0.869000011665882 0.780431448393216 0.919132928658585 0.530239839959485 0.352781924185663 0.790669497874846 0.999679201962582 0.530821469641321 0.762538611155093 0.797345594645282 0.996491751578093
0.0443651715163472 0.542380312435797 0.206110145151821 0.508745380963472 0.186196458866195 0.120361696453332 0.0159786815134874 0.531694442710039 0.287887928876922 0.0248460302686584 0.0131431000364772 0.896030140243084 0.0225504373005246 0.0387250529274356 0.312943669293788 0.64427802297342 0.109568789842461 0.49545462313925 0.000856705330642623 0.790252490135191
0.844978075615913 0.684345456330656 0.853695382905568 0.749089809755681 0.979090083091341 0.357594839787332 0.0265286109186164 0.981473292716116 0.584383024541189 0.968498185034872 0.987840977329916 0.996711537886671 0.692305863453034 0.359211405850439 0.943392980146841 0.987053821680904 0.69295264755963 0.668111276557188 0.999838485808212 0.999999
0.0530546571325466 0.540604893875922 0.712400699187238 0.505965661481522 0.438203599643528 0.357123869613055 0.0285332528838083 0.500421354939526 0.526547002542642 0.221470646308004 0.162340771601012 0.793212041878698 0.0447412840669616 0.0650678722873515 0.651176100475255 0.872983911677771 0.226630400449971 0.425709756607834 0.0866456938427942 0.443089748635448
0.0207059815350766 0.460512371513765 0.195537630627968 0.604924468943973 0.00150592075691879 0.289315685235954 0.0139822067027262 0.0055850751809913 0.00237070093770568 0.0556217527711006 0.00692109232872368 0.181589693170134 0.0337889700555758 0.0138343585266451 0.274824473781306 0.956962916228384 0.50018358147216 0.164943163762694 0.0567331684215184 0.242587489653976
0.0516966007891942 0.385635170925189 0.0101019718151217 0.632494732175158 0.141421008650665 0.49386286660116 0.0489188025155262 0.0171459467556395 0.0200713132264508 0.022777839699368 0.0197918067684016 0.21865991445991 0.0176366488880113 0.0351029011281862 0.150294133444586 0.612599160363259 0.370144096449381 0.234374837090969 0.00126197398592646 0.70297285728637
0.0203770050353924 0.45899540564319 0.375802803750362 0.413001549554235 0.0661423241119711 0.107852836114418 0.080592253199518 0.0135172557939888 0.0186523393778073 0.0561685353583288 0.183768401612288 0.658534579279646 0.0619578636032167 0.0213384584941392 0.399880321860844 0.899757877089611 0.467833628618138 0.116880671654109 0.00850327443976295 8.33165157752185e-06
0.426599838461533 0.80603344656941 0.619495338139915 0.458347688436949 0.656867980060275 0.646895403334284 0.269023321726929 0.687546755081497 0.982348842092246 0.909548397122202 0.695056060087185 0.99211379905077 0.265838365144445 0.140773832022835 0.642648895493223 0.976692628561875 0.308407363457987 0.595871237108603 0.741301357337856 0.0734376137246192
0.056643591492221 0.569271572187211 0.656659304115678 0.274404137144818 0.0201165946775169 0.447260915116484 0.014288638807307 0.195643487311719 0.0299245055710217 0.157704120101211 0.0599790362198505 0.0559391216007705 0.0575024969788764 0.0553477208882685 0.376498448706313 0.121680773073634 0.429432164068631 0.467339553148622 0.00496833994981269 1e-06
0.0731202957231335 0.589256776588558 0.446632084144264 0.626202416575388 0.524838960193088 0.520439737086694 0.258677692342259 0.6325132554773 0.0771718744568385 0.752235939551874 0.171533259436216 0.971512215431031 0.261306957625062 0.0716710849470502 0.822103140881333 0.999772497237581 0.19780820051479 0.83763124702551 0.140553246969 0.99560865154036
0.0555614584664896 0.476578843215261 0.39699009729894 0.416584991728691 0.20870144665761 0.59912303273125 0.0600748472248013 0.368764470192568 0.0248135372080163 0.0538144885481907 0.0573097023002513 0.960968618080082 0.0605904420419713 0.0796228821263489 0.533659923026419 0.69554854517928 0.468599935200383 0.342962647081193 0.0813104410261768 0.000714865888004674
0.249583527953826 0.558079190079948 0.624601769758803 0.583016070993333 0.745549002381423 0.25442407977938 0.142766331015167 0.558766996142675 0.936566171814383 0.68706467398083 0.653853157207722 0.939110781782502 0.515977450226861 0.207401768406631 0.740581923350915 0.984534543542799 0.500648167652944 0.706347952787059 0.100921133857153 0.976021149621514
0.440206302915431 0.704908640377597 0.903967905955384 0.686178071695465 0.915448927628715 0.513038609788848 0.0706959869057032 0.932327731456611 0.843640830094889 0.95772031978854 0.894992940095645 0.99081417305401 0.690478338219974 0.475549893504565 0.96927776555735 0.990360980235945 0.552655529099091 0.679021387092936 0.481127197117586 0.999801274237134
0.157956428053134 0.452001671189735 0.299914507875561 0.589930135748777 0.579332051553484 0.585416765118193 0.249639000661723 0.0889365334353585 0.421948026031755 0.534314685115012 0.331449675424271 0.991811647397205 0.188864048848153 0.107858105471273 0.798043649295581 0.829417428319192 0.391677856841333 0.382869157541043 3.70743197912078e-06 0.0111641574977934
0.324687478274814 0.592460973468088 0.345231967953929 0.629204008295733 0.747529031591487 0.355572905145914 0.12634154491819 0.887981737042537 0.986525040565345 0.552673476674688 0.286192037590132 0.822223770742922 0.301053722122347 0.151089416693674 0.924639058559397 0.987558668649484 0.515721638786697 0.511851302490155 0.128463073699036 0.996959306634544
0.169154929663884 0.653560206781353 0.710933732043734 0.66702964238458 0.562180833737111 0.104502194754706 0.154566198047443 0.032989112926449 0.459774680673476 0.313345487233461 0.745098331413958 0.885945225265581 0.503398303621637 0.0767848780636716 0.627397387438296 0.935248075985655 0.500963667793665 0.515574845577284 0.990421294995086 0.154156196357538
0.683119851945977 0.76311221671045 0.94787721072559 0.678859349332545 0.999684360676974 0.566431163746029 0.438306745352565 0.999852676348132 0.997943002808414 0.984166481831088 0.953420547777808 0.999706001539002 0.686133566586526 0.634265654949918 0.795694749380808 0.999986700848794 0.688197289725472 0.788169858420325 0.99969361397168 0.465031188599582
0.375050412519402 0.693023417420505 0.840369008555833 0.699947835762393 0.759028801985551 0.829295528530763 0.87958427157394 0.790316869143701 0.291670307075405 0.650210346728878 0.717722694232547 0.989473706880663 0.198352181193943 0.220072319127541 0.866828474595277 0.930586537661789 0.584637256984091 0.512968431079311 0.214242016224633 0.999908738125011
0.607563984836693 0.703434194441078 0.659155254908667 0.69525411791306 0.940063866191633 0.802238902251709 0.895938373265638 0.786481949916634 0.64125460239415 0.905865363840514 0.915344551778123 0.988478222255946 0.428261362430432 0.217438851005293 0.827628128098943 0.981847308243233 0.757006838567899 0.787543080354459 0.233028428425774 0.938315269213975
0.127188015429582 0.561579610473667 0.512533862853462 0.680203428710132 0.817555892451477 0.274689741927544 0.0651944996210673 0.287185588519926 0.462938590618154 0.280915335489443 0.265272667835449 0.966391824316788 0.252127422509655 0.133729712080979 0.750503942297826 0.990005160968625 0.230210448575687 0.467650448084551 0.971974129721354 0.436920926937695
0.171971407546187 0.509745319692805 0.198954374117111 0.655346633815261 0.0864077473838462 0.208944240756386 0.187073094675171 0.682830498453906 0.0773268104765211 0.566907367847688 0.667294530467767 0.954335895212194 0.34374785806661 0.188780753609377 0.673516735985761 0.459444551254499 0.548372669003916 0.439835863751756 0.0199348518513878 0.563351002903655
0.921983689467636 0.846282438862489 0.915028271136516 0.774975548163892 0.996665440087585 0.328964817004238 0.338031714640162 0.998757429457707 0.995569950703866 0.990430098565555 0.9985167382777 0.999774985890827 0.735419239881971 0.719065218626435 0.967087332522145 0.99999294107206 0.872058263863691 0.926848011593468 0.878829049064638 0.448268835102776
0.0700806622797864 0.389820239448738 0.2519682613631 0.54382487746467 0.221204657117552 0.0926613309523677 0.0759793716012832 0.0860088821925761 0.624918698952986 0.106558175324127 0.0365133552565996 0.734864178194004 0.06758173629126 0.0540159244106138 0.153179250070256 0.37514036509961 0.252143633780817 0.220796666511225 0.323658460964928 0.000670507832807598
0.129365320758354 0.406662377074366 0.81441072887625 0.781343914778593 0.478648557090277 0.238281342747805 0.0815057471332797 0.4373231560001 0.241343994202235 0.20865676970619 0.193382311565356 0.973577988466269 0.243307275205357 0.109624306450682 0.603918108820878 0.163803854227858 0.0965131739438773 0.32125935871572 0.0607880687376351 0.159847980232897
0.343750846992937 0.650514304969941 0.495202849647185 0.689598978438848 0.854607606305928 0.559334150095463 0.210754635053606 0.98472703004407 0.871705258682893 0.439207608373121 0.770914153593452 0.991870517778975 0.290013426241214 0.104068618251649 0.935062822380825 0.987832341657892 0.486592884643529 0.54945137376927 0.0633302524778911 0.707952019050547
0.539181377010767 0.68707129786898 0.740965553066839 0.868725467593395 0.714251836815322 0.814088584190103 0.425142776241431 0.783176378320438 0.968806708449915 0.867812893165754 0.474163716109664 0.918222420873438 0.273558643414382 0.15321235549237 0.811942051765585 0.820965761646831 0.500883943628693 0.810860531908108 0.671450056106938 0.999607881157899
0.0689891986695038 0.50775353049934 0.648155836165762 0.426334811610522 0.318334612736557 0.792529725888867 0.0261038274810415 0.0798532732997337 0.0133868612368262 0.103013782932001 0.00703644328921421 0.524767155222563 0.0230653138999201 0.0248749144672814 0.41543796353386 0.194389458462369 0.398338940539853 0.333400965919959 1.20991165043227e-06 0.992969774841873
0.130527404271812 0.474811923366279 0.705767171661438 0.370089559862285 0.188303522582844 0.108284254626042 0.0627314974618259 0.070553866331402 0.10345179167129 0.075576564303902 0.12125166886323 0.247458539711553 0.0923844969957955 0.0614174468981343 0.410561448341178 0.921896516238849 0.598703760416594 0.245727351950817 0.00724335488118071 0.991006036259987
0.652654798987633 0.623927524035404 0.867367411383478 0.752400628091677 0.912612885568706 0.403191044306992 0.430311123032495 0.594455659690421 0.733192709632712 0.674424876086728 0.587734212247738 0.967463254640769 0.628493168415012 0.379916763811503 0.704944408316915 0.987670594372074 0.489730746244138 0.66159928158706 0.980700636377763 0.998408842551327
0.157498517320548 0.677629172272625 0.181312160126446 0.636059851771824 0.822776063883573 0.58112151969806 0.627013471700579 0.844262330342784 0.928961644552376 0.330683983279543 0.709453444244193 0.974787409569636 0.288303757284108 0.111854349888268 0.792492139929376 0.983757010508912 0.523207982584564 0.54977499720936 0.929372141669063 0.999760419160803
0.331963666404237 0.606596474726079 0.505761069410845 0.684819701781931 0.587602707365818 0.787002010216336 0.626471654135015 0.367520057312491 0.0628641863926818 0.299847421235737 0.109944487663908 0.797812919767591 0.0364454199344446 0.19643840810389 0.60199356852806 0.407044171770077 0.561545565451126 0.486068173018108 0.454254871562573 0.00158587484182185
0.378642718387159 0.664440985637487 0.426823001862811 0.547218902569095 0.973957193808149 0.424744219122579 0.622760120796071 0.816596678795952 0.818949173738123 0.822340328610568 0.638450032673721 0.968876260831414 0.796587054244103 0.175774544572721 0.855675458477303 0.781413913849614 0.499538349359539 0.833048167101782 0.513854286954805 1e-06
0.0701829922906768 0.356676017861437 0.209467276346561 0.662026349520969 0.0751023817442792 0.291459799422965 0.0140877623333904 0.0295873724699605 0.310961537638047 0.0948818768031173 0.0219640093155417 0.641589598037717 0.0642532612016733 0.0390904280737738 0.112664107921644 0.269846158973265 0.619417239612729 0.489081554925544 0.000759082814547144 0.00750069572347207
0.188186037369443 0.59497045629345 0.683592486041411 0.60844825765278 0.869519171626648 0.474326737048276 0.217521085922728 0.862766199963715 0.794591831645935 0.31915557627066 0.0378931802266466 0.976032047307155 0.126792297207195 0.148282958015952 0.532443426682198 0.399114208758729 0.584503146222921 0.64365827995714 0.0124095062724337 0.00374271068486681
0.0389636301931247 0.366903548321818 0.112841535684376 0.617752352815888 0.0119637770172094 0.136725739457152 0.0752704200634359 0.00983381699982585 0.154126094178305 0.0125765435837716 0.0118471700976577 0.714791727980075 0.0312008118860516 0.0124815322982942 0.143973785274498 0.320806657654454 0.23138096642402 0.251582615535107 2.80153194248987e-05 0.175777086996328
0.0641075078102848 0.482416502364968 0.748305650749336 0.743389817195412 0.20983247783473 0.751904047964793 0.0447609342465233 0.259169605414925 0.643889712110411 0.095712837927857 0.0357793526288875 0.73775812683084 0.0716497629562301 0.0351448598384206 0.448686919727713 0.59645296074703 0.753839323317696 0.690419914596534 0.0140873171262969 0.767375378625773
0.577830241486646 0.725816123979606 0.872762842261246 0.580926593338394 0.989356140178027 0.72352379845955 0.715613241030115 0.999186211115192 0.944346588903662 0.990861876751896 0.994406153281939 0.999992368229562 0.854753561813445 0.274411376772857 0.913611888778552 0.999958170260235 0.718056586331695 0.800996269267895 0.999828333199794 0.708481880603732
0.867518407769804 0.825752601834187 0.80722531383096 0.902464809587085 0.999935613741431 0.414209368699015 0.413145735892077 0.99905248821993 0.998322986007366 0.999354200345446 0.993829010037674 0.999833717516509 0.938043873987341 0.829254403392393 0.994904391178092 0.999841906149018 0.426415437570259 0.929412299597057 0.522460307060962 0.998476100951906
0.11288219506566 0.453376101471944 0.445092953167714 0.335056807214145 0.127887306954311 0.51948922056736 0.00130987559521763 0.294959618834782 0.352094345850333 0.0541128081807014 0.0524507734459493 0.381796327562601 0.0428525351754831 0.0199615607844298 0.315565549217084 0.872161280732588 0.350904982887093 0.412718302819116 0.614910357338943 0.265632952097606
0.0308285627381644 0.605545976247861 0.782081450419925 0.372321527884473 0.492030273083166 0.341345859995438 0.0105345061272284 0.139892708203176 0.113982981050587 0.105318228140312 0.142276793582277 0.746962951042952 0.0202577114757618 0.0689046296414847 0.39454933532733 0.125618368751406 0.341717725668194 0.355776853472799 0.000364900082656343 0.153777042396413
0.448309356337259 0.692453578047762 0.84148755561373 0.501651186099263 0.665029820796886 0.306654951881085 0.222403891182184 0.94594215420296 0.985325100371518 0.664852946238517 0.985435460128397 0.991073310321529 0.507613625757948 0.33228162898307 0.746770783148043 0.988640791565457 0.716887115559328 0.467894712075415 0.707961883060472 0.91994804589053
0.0484277072259232 0.468204323775853 0.0636460130944671 0.78969370106719 0.0109968807850479 0.492366104208884 0.0345466905239573 0.0305068107301926 0.211323690848591 0.0685308085950137 0.0796606647146711 0.992307360808325 0.0469614663077489 0.0419380270890796 0.141411602617613 0.18009661868655 0.303274380668536 0.152076182861601 0.000120034574330729 9.57378024477661e-05
0.201800049434868 0.656955381230053 0.735057142809628 0.70291254087025 0.414913575235625 0.725224161486871 0.0377248806800062 0.117731241717623 0.449323164386088 0.556000987921942 0.61159410799288 0.997973677436972 0.172981020900357 0.358275807731474 0.644671563621063 0.934220523148055 0.395375584438633 0.3133184839187 0.810332449904664 0.984039645959053
0.466825880093506 0.623116219423328 0.489354456236308 0.626676236538908 0.597508991723176 0.508771796003506 0.21501513302978 0.57371842246791 0.976524027715928 0.415001407112538 0.462625926042161 0.981286982855456 0.311541016226586 0.101240310551016 0.886298319107814 0.896054678345834 0.663251893347418 0.71409640605923 0.487896446900823 0.727248966651204
0.10194823238974 0.54790045044999 0.281686097945275 0.771306002464581 0.488963103904914 0.246142195198242 0.234783449768381 0.391822474605024 0.167781074794962 0.173298000440129 0.270149886936826 0.80341745487651 0.274097176924259 0.142284228359153 0.773844510793829 0.951897061837855 0.446791865488435 0.601612499146946 0.344026411502947 0.805278899994451
0.288055535969878 0.624662249116209 0.742745683457881 0.636646000213446 0.939607223367539 0.471715873205839 0.0583112299422365 0.987791500791113 0.838642652360177 0.600136054595437 0.976082678032824 0.998349213336932 0.437227013265252 0.253819038524263 0.925715529118997 0.952710898926067 0.633564710633127 0.633440213274224 0.998784386585117 0.998756080053892
0.69398973827496 0.595704761956936 0.384853258496917 0.702702561038506 0.421061087566348 0.326833327446582 0.353727905626631 0.35394310294528 0.808002695855366 0.782021599918711 0.923014437544651 0.987846550853737 0.325166147191357 0.376688265365688 0.307085544622759 0.986895208685662 0.392744993368728 0.751743590426952 0.541081211380919 0.189787534716607
0.0927205127809272 0.530580130319331 0.339628093155787 0.387551915934455 0.537326244094444 0.507385424105919 0.0529721087872893 0.260225974154316 0.934807243783928 0.110729158761328 0.0311730596318124 0.166154910026536 0.154202767600398 0.0557237983335187 0.427632024321874 0.789328570964516 0.277341645784099 0.468830490471278 0.0648033311130732 0.00684122979189797
0.254816133795821 0.516624536591922 0.463853374000401 0.612237595864913 0.975691301260876 0.328218439592047 0.146423263488889 0.0229856373606777 0.712987568625 0.527829086290805 0.0606828433579541 0.853431646711447 0.168546587460193 0.0633538872226824 0.453515274125789 0.967010121278321 0.769031205261133 0.61241915572194 0.045496926355389 0.943882129741343
0.763270477123927 0.798711827942101 0.236060981308832 0.73084440921506 0.709734565873458 0.633678151468399 0.306899682313581 0.9878795571893 0.979253862393884 0.967617246203771 0.987717346009589 0.99950284957551 0.673084983883992 0.422833106066875 0.894246886028222 0.996251311423832 0.705725065456166 0.802807142015996 0.0810564649190178 0.998909836670632
0.0875548520252414 0.476886697191572 0.696955630485786 0.561277422474724 0.0623706146798478 0.614855070796294 0.259588737088997 0.0410246429692379 0.0102578500189153 0.280424084678918 0.0919291879962533 0.978660193192273 0.202556938067457 0.0988502170698529 0.158798742493728 0.400091868028909 0.437522080595197 0.397433188651421 0.973335480080871 0.991404635109018
0.108062025388523 0.484908623766448 0.576776246670909 0.597005963789229 0.446217447739832 0.222308316424756 0.182299744586515 0.0395959086597024 0.669365528940358 0.0493168099484862 0.20026170428753 0.769565179331024 0.138361565450855 0.0863535818824 0.534731602341627 0.983550470717408 0.674319120155702 0.559872777258546 0.000106931598481991 0.937902834366868
